
*** Running vivado
    with args -log BD_ChaosCoreTop_0_0.vds -m64 -product Vivado -mode batch -messageDb vivado.pb -notrace -source BD_ChaosCoreTop_0_0.tcl


****** Vivado v2024.2 (64-bit)
  **** SW Build 5239630 on Fri Nov 08 22:34:34 MST 2024
  **** IP Build 5239520 on Sun Nov 10 16:12:51 MST 2024
  **** SharedData Build 5239561 on Fri Nov 08 14:39:27 MST 2024
  **** Start of session at: Thu Mar 20 11:46:34 2025
    ** Copyright 1986-2022 Xilinx, Inc. All Rights Reserved.
    ** Copyright 2022-2024 Advanced Micro Devices, Inc. All Rights Reserved.

source BD_ChaosCoreTop_0_0.tcl -notrace
WARNING: [Common 17-1361] You have specified a new message control rule that is equivalent to an existing rule with attributes ' -id {[BD 41-1271]}  -suppress '. The existing rule will be replaced.
WARNING: [Common 17-1361] You have specified a new message control rule that is equivalent to an existing rule with attributes ' -id {[BD 41-1306]}  -suppress '. The existing rule will be replaced.
WARNING: [Common 17-1361] You have specified a new message control rule that is equivalent to an existing rule with attributes ' -id {[BD 41-1271]}  -suppress '. The existing rule will be replaced.
WARNING: [Common 17-1361] You have specified a new message control rule that is equivalent to an existing rule with attributes ' -id {[BD 41-1306]}  -suppress '. The existing rule will be replaced.
WARNING: [Common 17-1361] You have specified a new message control rule that is equivalent to an existing rule with attributes ' -id {[BD 41-1271]}  -suppress '. The existing rule will be replaced.
WARNING: [Common 17-1361] You have specified a new message control rule that is equivalent to an existing rule with attributes ' -id {[BD 41-1306]}  -suppress '. The existing rule will be replaced.
WARNING: [Common 17-1361] You have specified a new message control rule that is equivalent to an existing rule with attributes ' -id {[BD 41-1271]}  -suppress '. The existing rule will be replaced.
WARNING: [Common 17-1361] You have specified a new message control rule that is equivalent to an existing rule with attributes ' -id {[BD 41-1306]}  -suppress '. The existing rule will be replaced.
INFO: [IP_Flow 19-234] Refreshing IP repositories
INFO: [IP_Flow 19-1704] No user IP repositories specified
INFO: [IP_Flow 19-2313] Loaded Vivado IP repository '/tools/Xilinx/Vivado/2024.2/data/ip'.
Command: synth_design -top BD_ChaosCoreTop_0_0 -part xczu3eg-sbva484-1-i -incremental_mode off -mode out_of_context
Starting synth_design
Attempting to get a license for feature 'Synthesis' and/or device 'xczu3eg'
INFO: [Common 17-349] Got license for feature 'Synthesis' and/or device 'xczu3eg'
INFO: [Device 21-403] Loading part xczu3eg-sbva484-1-i
INFO: [Synth 8-7079] Multithreading enabled for synth_design using a maximum of 7 processes.
INFO: [Synth 8-7078] Launching helper process for spawning children vivado processes
INFO: [Synth 8-7075] Helper process launched with PID 17345
---------------------------------------------------------------------------------
Starting RTL Elaboration : Time (s): cpu = 00:00:03 ; elapsed = 00:00:03 . Memory (MB): peak = 2370.758 ; gain = 116.625 ; free physical = 3707 ; free virtual = 25064
---------------------------------------------------------------------------------
INFO: [Synth 8-6157] synthesizing module 'BD_ChaosCoreTop_0_0' [/mnt/Storage/SCHOOL/Capstone/bringup/ChaosCore-FPGA/ChaosCoreFPGAConfig/ChaosCore/ChaosCore.gen/sources_1/bd/BD/ip/BD_ChaosCoreTop_0_0/synth/BD_ChaosCoreTop_0_0.v:53]
INFO: [Synth 8-6157] synthesizing module 'ChaosCoreTop' [/mnt/Storage/SCHOOL/Capstone/bringup/ChaosCore-FPGA/ChaosCoreFPGAConfig/ChaosCore/ChaosCore.srcs/sources_1/new/ChaosCoreTop.v:2]
INFO: [Synth 8-6157] synthesizing module 'ChipTop' [/mnt/Storage/SCHOOL/Capstone/ChaosCore-chipyard/sims/verilator/generated-src/chipyard.harness.TestHarness.ChaosCoreFPGAConfig/gen-collateral/ChipTop.sv:2]
INFO: [Synth 8-6157] synthesizing module 'DigitalTop' [/mnt/Storage/SCHOOL/Capstone/ChaosCore-chipyard/sims/verilator/generated-src/chipyard.harness.TestHarness.ChaosCoreFPGAConfig/gen-collateral/DigitalTop.sv:46]
INFO: [Synth 8-6157] synthesizing module 'IntXbar_i1_o1' [/mnt/Storage/SCHOOL/Capstone/ChaosCore-chipyard/sims/verilator/generated-src/chipyard.harness.TestHarness.ChaosCoreFPGAConfig/gen-collateral/IntXbar_i1_o1.sv:2]
INFO: [Synth 8-6155] done synthesizing module 'IntXbar_i1_o1' (0#1) [/mnt/Storage/SCHOOL/Capstone/ChaosCore-chipyard/sims/verilator/generated-src/chipyard.harness.TestHarness.ChaosCoreFPGAConfig/gen-collateral/IntXbar_i1_o1.sv:2]
INFO: [Synth 8-6157] synthesizing module 'SystemBus' [/mnt/Storage/SCHOOL/Capstone/ChaosCore-chipyard/sims/verilator/generated-src/chipyard.harness.TestHarness.ChaosCoreFPGAConfig/gen-collateral/SystemBus.sv:2]
INFO: [Synth 8-6157] synthesizing module 'FixedClockBroadcast_5' [/mnt/Storage/SCHOOL/Capstone/ChaosCore-chipyard/sims/verilator/generated-src/chipyard.harness.TestHarness.ChaosCoreFPGAConfig/gen-collateral/FixedClockBroadcast_5.sv:2]
INFO: [Synth 8-6155] done synthesizing module 'FixedClockBroadcast_5' (0#1) [/mnt/Storage/SCHOOL/Capstone/ChaosCore-chipyard/sims/verilator/generated-src/chipyard.harness.TestHarness.ChaosCoreFPGAConfig/gen-collateral/FixedClockBroadcast_5.sv:2]
INFO: [Synth 8-6157] synthesizing module 'TLXbar_sbus_i2_o3_a31d64s5k3z4c' [/mnt/Storage/SCHOOL/Capstone/ChaosCore-chipyard/sims/verilator/generated-src/chipyard.harness.TestHarness.ChaosCoreFPGAConfig/gen-collateral/TLXbar_sbus_i2_o3_a31d64s5k3z4c.sv:64]
WARNING: [Synth 8-4446] all outputs are unconnected for this instance and logic may be removed [/mnt/Storage/SCHOOL/Capstone/ChaosCore-chipyard/sims/verilator/generated-src/chipyard.harness.TestHarness.ChaosCoreFPGAConfig/gen-collateral/TLXbar_sbus_i2_o3_a31d64s5k3z4c.sv:538]
INFO: [Synth 8-6157] synthesizing module 'TLMonitor' [/mnt/Storage/SCHOOL/Capstone/ChaosCore-chipyard/sims/verilator/generated-src/chipyard.harness.TestHarness.ChaosCoreFPGAConfig/gen-collateral/TLMonitor.sv:64]
INFO: [Synth 8-6157] synthesizing module 'plusarg_reader' [/mnt/Storage/SCHOOL/Capstone/ChaosCore-chipyard/sims/verilator/generated-src/chipyard.harness.TestHarness.ChaosCoreFPGAConfig/gen-collateral/plusarg_reader.v:7]
	Parameter FORMAT bound to: tilelink_timeout=%d - type: string 
	Parameter WIDTH bound to: 32 - type: integer 
	Parameter DEFAULT bound to: 32'b00000000000000000000000000000000 
INFO: [Synth 8-6155] done synthesizing module 'plusarg_reader' (0#1) [/mnt/Storage/SCHOOL/Capstone/ChaosCore-chipyard/sims/verilator/generated-src/chipyard.harness.TestHarness.ChaosCoreFPGAConfig/gen-collateral/plusarg_reader.v:7]
INFO: [Synth 8-6155] done synthesizing module 'TLMonitor' (0#1) [/mnt/Storage/SCHOOL/Capstone/ChaosCore-chipyard/sims/verilator/generated-src/chipyard.harness.TestHarness.ChaosCoreFPGAConfig/gen-collateral/TLMonitor.sv:64]
WARNING: [Synth 8-4446] all outputs are unconnected for this instance and logic may be removed [/mnt/Storage/SCHOOL/Capstone/ChaosCore-chipyard/sims/verilator/generated-src/chipyard.harness.TestHarness.ChaosCoreFPGAConfig/gen-collateral/TLXbar_sbus_i2_o3_a31d64s5k3z4c.sv:560]
INFO: [Synth 8-6157] synthesizing module 'TLMonitor_1' [/mnt/Storage/SCHOOL/Capstone/ChaosCore-chipyard/sims/verilator/generated-src/chipyard.harness.TestHarness.ChaosCoreFPGAConfig/gen-collateral/TLMonitor_1.sv:64]
INFO: [Synth 8-6155] done synthesizing module 'TLMonitor_1' (0#1) [/mnt/Storage/SCHOOL/Capstone/ChaosCore-chipyard/sims/verilator/generated-src/chipyard.harness.TestHarness.ChaosCoreFPGAConfig/gen-collateral/TLMonitor_1.sv:64]
INFO: [Synth 8-6155] done synthesizing module 'TLXbar_sbus_i2_o3_a31d64s5k3z4c' (0#1) [/mnt/Storage/SCHOOL/Capstone/ChaosCore-chipyard/sims/verilator/generated-src/chipyard.harness.TestHarness.ChaosCoreFPGAConfig/gen-collateral/TLXbar_sbus_i2_o3_a31d64s5k3z4c.sv:64]
INFO: [Synth 8-6157] synthesizing module 'TLInterconnectCoupler_sbus_to_port_named_mmio_port_axi4' [/mnt/Storage/SCHOOL/Capstone/ChaosCore-chipyard/sims/verilator/generated-src/chipyard.harness.TestHarness.ChaosCoreFPGAConfig/gen-collateral/TLInterconnectCoupler_sbus_to_port_named_mmio_port_axi4.sv:2]
INFO: [Synth 8-6157] synthesizing module 'AXI4Buffer' [/mnt/Storage/SCHOOL/Capstone/ChaosCore-chipyard/sims/verilator/generated-src/chipyard.harness.TestHarness.ChaosCoreFPGAConfig/gen-collateral/AXI4Buffer.sv:2]
INFO: [Synth 8-6157] synthesizing module 'Queue2_AXI4BundleAW' [/mnt/Storage/SCHOOL/Capstone/ChaosCore-chipyard/sims/verilator/generated-src/chipyard.harness.TestHarness.ChaosCoreFPGAConfig/gen-collateral/Queue2_AXI4BundleAW.sv:59]
INFO: [Synth 8-6157] synthesizing module 'ram_2x60' [/mnt/Storage/SCHOOL/Capstone/ChaosCore-chipyard/sims/verilator/generated-src/chipyard.harness.TestHarness.ChaosCoreFPGAConfig/gen-collateral/ram_2x60.sv:3]
INFO: [Synth 8-6155] done synthesizing module 'ram_2x60' (0#1) [/mnt/Storage/SCHOOL/Capstone/ChaosCore-chipyard/sims/verilator/generated-src/chipyard.harness.TestHarness.ChaosCoreFPGAConfig/gen-collateral/ram_2x60.sv:3]
INFO: [Synth 8-6155] done synthesizing module 'Queue2_AXI4BundleAW' (0#1) [/mnt/Storage/SCHOOL/Capstone/ChaosCore-chipyard/sims/verilator/generated-src/chipyard.harness.TestHarness.ChaosCoreFPGAConfig/gen-collateral/Queue2_AXI4BundleAW.sv:59]
INFO: [Synth 8-6157] synthesizing module 'Queue2_AXI4BundleW' [/mnt/Storage/SCHOOL/Capstone/ChaosCore-chipyard/sims/verilator/generated-src/chipyard.harness.TestHarness.ChaosCoreFPGAConfig/gen-collateral/Queue2_AXI4BundleW.sv:59]
INFO: [Synth 8-6157] synthesizing module 'ram_2x73' [/mnt/Storage/SCHOOL/Capstone/ChaosCore-chipyard/sims/verilator/generated-src/chipyard.harness.TestHarness.ChaosCoreFPGAConfig/gen-collateral/ram_2x73.sv:3]
INFO: [Synth 8-6155] done synthesizing module 'ram_2x73' (0#1) [/mnt/Storage/SCHOOL/Capstone/ChaosCore-chipyard/sims/verilator/generated-src/chipyard.harness.TestHarness.ChaosCoreFPGAConfig/gen-collateral/ram_2x73.sv:3]
INFO: [Synth 8-6155] done synthesizing module 'Queue2_AXI4BundleW' (0#1) [/mnt/Storage/SCHOOL/Capstone/ChaosCore-chipyard/sims/verilator/generated-src/chipyard.harness.TestHarness.ChaosCoreFPGAConfig/gen-collateral/Queue2_AXI4BundleW.sv:59]
INFO: [Synth 8-6157] synthesizing module 'Queue2_AXI4BundleB' [/mnt/Storage/SCHOOL/Capstone/ChaosCore-chipyard/sims/verilator/generated-src/chipyard.harness.TestHarness.ChaosCoreFPGAConfig/gen-collateral/Queue2_AXI4BundleB.sv:59]
INFO: [Synth 8-6157] synthesizing module 'ram_2x6' [/mnt/Storage/SCHOOL/Capstone/ChaosCore-chipyard/sims/verilator/generated-src/chipyard.harness.TestHarness.ChaosCoreFPGAConfig/gen-collateral/ram_2x6.sv:3]
INFO: [Synth 8-6155] done synthesizing module 'ram_2x6' (0#1) [/mnt/Storage/SCHOOL/Capstone/ChaosCore-chipyard/sims/verilator/generated-src/chipyard.harness.TestHarness.ChaosCoreFPGAConfig/gen-collateral/ram_2x6.sv:3]
INFO: [Synth 8-6155] done synthesizing module 'Queue2_AXI4BundleB' (0#1) [/mnt/Storage/SCHOOL/Capstone/ChaosCore-chipyard/sims/verilator/generated-src/chipyard.harness.TestHarness.ChaosCoreFPGAConfig/gen-collateral/Queue2_AXI4BundleB.sv:59]
INFO: [Synth 8-6157] synthesizing module 'Queue2_AXI4BundleAR' [/mnt/Storage/SCHOOL/Capstone/ChaosCore-chipyard/sims/verilator/generated-src/chipyard.harness.TestHarness.ChaosCoreFPGAConfig/gen-collateral/Queue2_AXI4BundleAR.sv:59]
INFO: [Synth 8-6155] done synthesizing module 'Queue2_AXI4BundleAR' (0#1) [/mnt/Storage/SCHOOL/Capstone/ChaosCore-chipyard/sims/verilator/generated-src/chipyard.harness.TestHarness.ChaosCoreFPGAConfig/gen-collateral/Queue2_AXI4BundleAR.sv:59]
INFO: [Synth 8-6157] synthesizing module 'Queue2_AXI4BundleR' [/mnt/Storage/SCHOOL/Capstone/ChaosCore-chipyard/sims/verilator/generated-src/chipyard.harness.TestHarness.ChaosCoreFPGAConfig/gen-collateral/Queue2_AXI4BundleR.sv:59]
INFO: [Synth 8-6157] synthesizing module 'ram_2x71' [/mnt/Storage/SCHOOL/Capstone/ChaosCore-chipyard/sims/verilator/generated-src/chipyard.harness.TestHarness.ChaosCoreFPGAConfig/gen-collateral/ram_2x71.sv:3]
INFO: [Synth 8-6155] done synthesizing module 'ram_2x71' (0#1) [/mnt/Storage/SCHOOL/Capstone/ChaosCore-chipyard/sims/verilator/generated-src/chipyard.harness.TestHarness.ChaosCoreFPGAConfig/gen-collateral/ram_2x71.sv:3]
INFO: [Synth 8-6155] done synthesizing module 'Queue2_AXI4BundleR' (0#1) [/mnt/Storage/SCHOOL/Capstone/ChaosCore-chipyard/sims/verilator/generated-src/chipyard.harness.TestHarness.ChaosCoreFPGAConfig/gen-collateral/Queue2_AXI4BundleR.sv:59]
INFO: [Synth 8-6155] done synthesizing module 'AXI4Buffer' (0#1) [/mnt/Storage/SCHOOL/Capstone/ChaosCore-chipyard/sims/verilator/generated-src/chipyard.harness.TestHarness.ChaosCoreFPGAConfig/gen-collateral/AXI4Buffer.sv:2]
INFO: [Synth 8-6157] synthesizing module 'AXI4UserYanker' [/mnt/Storage/SCHOOL/Capstone/ChaosCore-chipyard/sims/verilator/generated-src/chipyard.harness.TestHarness.ChaosCoreFPGAConfig/gen-collateral/AXI4UserYanker.sv:20]
INFO: [Synth 8-6157] synthesizing module 'Queue2_BundleMap' [/mnt/Storage/SCHOOL/Capstone/ChaosCore-chipyard/sims/verilator/generated-src/chipyard.harness.TestHarness.ChaosCoreFPGAConfig/gen-collateral/Queue2_BundleMap.sv:59]
INFO: [Synth 8-6157] synthesizing module 'ram_2x10' [/mnt/Storage/SCHOOL/Capstone/ChaosCore-chipyard/sims/verilator/generated-src/chipyard.harness.TestHarness.ChaosCoreFPGAConfig/gen-collateral/ram_2x10.sv:3]
INFO: [Synth 8-6155] done synthesizing module 'ram_2x10' (0#1) [/mnt/Storage/SCHOOL/Capstone/ChaosCore-chipyard/sims/verilator/generated-src/chipyard.harness.TestHarness.ChaosCoreFPGAConfig/gen-collateral/ram_2x10.sv:3]
INFO: [Synth 8-6155] done synthesizing module 'Queue2_BundleMap' (0#1) [/mnt/Storage/SCHOOL/Capstone/ChaosCore-chipyard/sims/verilator/generated-src/chipyard.harness.TestHarness.ChaosCoreFPGAConfig/gen-collateral/Queue2_BundleMap.sv:59]
INFO: [Synth 8-6157] synthesizing module 'Queue1_BundleMap' [/mnt/Storage/SCHOOL/Capstone/ChaosCore-chipyard/sims/verilator/generated-src/chipyard.harness.TestHarness.ChaosCoreFPGAConfig/gen-collateral/Queue1_BundleMap.sv:46]
INFO: [Synth 8-6155] done synthesizing module 'Queue1_BundleMap' (0#1) [/mnt/Storage/SCHOOL/Capstone/ChaosCore-chipyard/sims/verilator/generated-src/chipyard.harness.TestHarness.ChaosCoreFPGAConfig/gen-collateral/Queue1_BundleMap.sv:46]
INFO: [Synth 8-6155] done synthesizing module 'AXI4UserYanker' (0#1) [/mnt/Storage/SCHOOL/Capstone/ChaosCore-chipyard/sims/verilator/generated-src/chipyard.harness.TestHarness.ChaosCoreFPGAConfig/gen-collateral/AXI4UserYanker.sv:20]
INFO: [Synth 8-6157] synthesizing module 'AXI4Deinterleaver' [/mnt/Storage/SCHOOL/Capstone/ChaosCore-chipyard/sims/verilator/generated-src/chipyard.harness.TestHarness.ChaosCoreFPGAConfig/gen-collateral/AXI4Deinterleaver.sv:64]
INFO: [Synth 8-6157] synthesizing module 'Queue8_AXI4BundleR' [/mnt/Storage/SCHOOL/Capstone/ChaosCore-chipyard/sims/verilator/generated-src/chipyard.harness.TestHarness.ChaosCoreFPGAConfig/gen-collateral/Queue8_AXI4BundleR.sv:59]
INFO: [Synth 8-6157] synthesizing module 'ram_8x81' [/mnt/Storage/SCHOOL/Capstone/ChaosCore-chipyard/sims/verilator/generated-src/chipyard.harness.TestHarness.ChaosCoreFPGAConfig/gen-collateral/ram_8x81.sv:3]
INFO: [Synth 8-6155] done synthesizing module 'ram_8x81' (0#1) [/mnt/Storage/SCHOOL/Capstone/ChaosCore-chipyard/sims/verilator/generated-src/chipyard.harness.TestHarness.ChaosCoreFPGAConfig/gen-collateral/ram_8x81.sv:3]
INFO: [Synth 8-6155] done synthesizing module 'Queue8_AXI4BundleR' (0#1) [/mnt/Storage/SCHOOL/Capstone/ChaosCore-chipyard/sims/verilator/generated-src/chipyard.harness.TestHarness.ChaosCoreFPGAConfig/gen-collateral/Queue8_AXI4BundleR.sv:59]
INFO: [Synth 8-6155] done synthesizing module 'AXI4Deinterleaver' (0#1) [/mnt/Storage/SCHOOL/Capstone/ChaosCore-chipyard/sims/verilator/generated-src/chipyard.harness.TestHarness.ChaosCoreFPGAConfig/gen-collateral/AXI4Deinterleaver.sv:64]
INFO: [Synth 8-6157] synthesizing module 'AXI4IdIndexer' [/mnt/Storage/SCHOOL/Capstone/ChaosCore-chipyard/sims/verilator/generated-src/chipyard.harness.TestHarness.ChaosCoreFPGAConfig/gen-collateral/AXI4IdIndexer.sv:2]
INFO: [Synth 8-6155] done synthesizing module 'AXI4IdIndexer' (0#1) [/mnt/Storage/SCHOOL/Capstone/ChaosCore-chipyard/sims/verilator/generated-src/chipyard.harness.TestHarness.ChaosCoreFPGAConfig/gen-collateral/AXI4IdIndexer.sv:2]
INFO: [Synth 8-6157] synthesizing module 'TLToAXI4' [/mnt/Storage/SCHOOL/Capstone/ChaosCore-chipyard/sims/verilator/generated-src/chipyard.harness.TestHarness.ChaosCoreFPGAConfig/gen-collateral/TLToAXI4.sv:64]
WARNING: [Synth 8-4446] all outputs are unconnected for this instance and logic may be removed [/mnt/Storage/SCHOOL/Capstone/ChaosCore-chipyard/sims/verilator/generated-src/chipyard.harness.TestHarness.ChaosCoreFPGAConfig/gen-collateral/TLToAXI4.sv:631]
INFO: [Synth 8-6157] synthesizing module 'TLMonitor_2' [/mnt/Storage/SCHOOL/Capstone/ChaosCore-chipyard/sims/verilator/generated-src/chipyard.harness.TestHarness.ChaosCoreFPGAConfig/gen-collateral/TLMonitor_2.sv:64]
INFO: [Synth 8-6155] done synthesizing module 'TLMonitor_2' (0#1) [/mnt/Storage/SCHOOL/Capstone/ChaosCore-chipyard/sims/verilator/generated-src/chipyard.harness.TestHarness.ChaosCoreFPGAConfig/gen-collateral/TLMonitor_2.sv:64]
INFO: [Synth 8-6157] synthesizing module 'Queue1_AXI4BundleW' [/mnt/Storage/SCHOOL/Capstone/ChaosCore-chipyard/sims/verilator/generated-src/chipyard.harness.TestHarness.ChaosCoreFPGAConfig/gen-collateral/Queue1_AXI4BundleW.sv:46]
INFO: [Synth 8-6155] done synthesizing module 'Queue1_AXI4BundleW' (0#1) [/mnt/Storage/SCHOOL/Capstone/ChaosCore-chipyard/sims/verilator/generated-src/chipyard.harness.TestHarness.ChaosCoreFPGAConfig/gen-collateral/Queue1_AXI4BundleW.sv:46]
INFO: [Synth 8-6157] synthesizing module 'Queue1_AXI4BundleARW' [/mnt/Storage/SCHOOL/Capstone/ChaosCore-chipyard/sims/verilator/generated-src/chipyard.harness.TestHarness.ChaosCoreFPGAConfig/gen-collateral/Queue1_AXI4BundleARW.sv:46]
INFO: [Synth 8-6155] done synthesizing module 'Queue1_AXI4BundleARW' (0#1) [/mnt/Storage/SCHOOL/Capstone/ChaosCore-chipyard/sims/verilator/generated-src/chipyard.harness.TestHarness.ChaosCoreFPGAConfig/gen-collateral/Queue1_AXI4BundleARW.sv:46]
INFO: [Synth 8-6155] done synthesizing module 'TLToAXI4' (0#1) [/mnt/Storage/SCHOOL/Capstone/ChaosCore-chipyard/sims/verilator/generated-src/chipyard.harness.TestHarness.ChaosCoreFPGAConfig/gen-collateral/TLToAXI4.sv:64]
INFO: [Synth 8-6155] done synthesizing module 'TLInterconnectCoupler_sbus_to_port_named_mmio_port_axi4' (0#1) [/mnt/Storage/SCHOOL/Capstone/ChaosCore-chipyard/sims/verilator/generated-src/chipyard.harness.TestHarness.ChaosCoreFPGAConfig/gen-collateral/TLInterconnectCoupler_sbus_to_port_named_mmio_port_axi4.sv:2]
INFO: [Synth 8-6155] done synthesizing module 'SystemBus' (0#1) [/mnt/Storage/SCHOOL/Capstone/ChaosCore-chipyard/sims/verilator/generated-src/chipyard.harness.TestHarness.ChaosCoreFPGAConfig/gen-collateral/SystemBus.sv:2]
INFO: [Synth 8-6157] synthesizing module 'PeripheryBus_pbus' [/mnt/Storage/SCHOOL/Capstone/ChaosCore-chipyard/sims/verilator/generated-src/chipyard.harness.TestHarness.ChaosCoreFPGAConfig/gen-collateral/PeripheryBus_pbus.sv:46]
INFO: [Synth 8-6157] synthesizing module 'FixedClockBroadcast_2' [/mnt/Storage/SCHOOL/Capstone/ChaosCore-chipyard/sims/verilator/generated-src/chipyard.harness.TestHarness.ChaosCoreFPGAConfig/gen-collateral/FixedClockBroadcast_2.sv:2]
INFO: [Synth 8-6155] done synthesizing module 'FixedClockBroadcast_2' (0#1) [/mnt/Storage/SCHOOL/Capstone/ChaosCore-chipyard/sims/verilator/generated-src/chipyard.harness.TestHarness.ChaosCoreFPGAConfig/gen-collateral/FixedClockBroadcast_2.sv:2]
INFO: [Synth 8-6157] synthesizing module 'TLXbar_pbus_out_i1_o2_a29d64s6k1z3u' [/mnt/Storage/SCHOOL/Capstone/ChaosCore-chipyard/sims/verilator/generated-src/chipyard.harness.TestHarness.ChaosCoreFPGAConfig/gen-collateral/TLXbar_pbus_out_i1_o2_a29d64s6k1z3u.sv:64]
WARNING: [Synth 8-4446] all outputs are unconnected for this instance and logic may be removed [/mnt/Storage/SCHOOL/Capstone/ChaosCore-chipyard/sims/verilator/generated-src/chipyard.harness.TestHarness.ChaosCoreFPGAConfig/gen-collateral/TLXbar_pbus_out_i1_o2_a29d64s6k1z3u.sv:193]
INFO: [Synth 8-6157] synthesizing module 'TLMonitor_3' [/mnt/Storage/SCHOOL/Capstone/ChaosCore-chipyard/sims/verilator/generated-src/chipyard.harness.TestHarness.ChaosCoreFPGAConfig/gen-collateral/TLMonitor_3.sv:64]
INFO: [Synth 8-6155] done synthesizing module 'TLMonitor_3' (0#1) [/mnt/Storage/SCHOOL/Capstone/ChaosCore-chipyard/sims/verilator/generated-src/chipyard.harness.TestHarness.ChaosCoreFPGAConfig/gen-collateral/TLMonitor_3.sv:64]
INFO: [Synth 8-6155] done synthesizing module 'TLXbar_pbus_out_i1_o2_a29d64s6k1z3u' (0#1) [/mnt/Storage/SCHOOL/Capstone/ChaosCore-chipyard/sims/verilator/generated-src/chipyard.harness.TestHarness.ChaosCoreFPGAConfig/gen-collateral/TLXbar_pbus_out_i1_o2_a29d64s6k1z3u.sv:64]
INFO: [Synth 8-6157] synthesizing module 'TLBuffer_a29d64s6k1z3u' [/mnt/Storage/SCHOOL/Capstone/ChaosCore-chipyard/sims/verilator/generated-src/chipyard.harness.TestHarness.ChaosCoreFPGAConfig/gen-collateral/TLBuffer_a29d64s6k1z3u.sv:2]
WARNING: [Synth 8-4446] all outputs are unconnected for this instance and logic may be removed [/mnt/Storage/SCHOOL/Capstone/ChaosCore-chipyard/sims/verilator/generated-src/chipyard.harness.TestHarness.ChaosCoreFPGAConfig/gen-collateral/TLBuffer_a29d64s6k1z3u.sv:52]
INFO: [Synth 8-6157] synthesizing module 'TLMonitor_4' [/mnt/Storage/SCHOOL/Capstone/ChaosCore-chipyard/sims/verilator/generated-src/chipyard.harness.TestHarness.ChaosCoreFPGAConfig/gen-collateral/TLMonitor_4.sv:64]
INFO: [Synth 8-6155] done synthesizing module 'TLMonitor_4' (0#1) [/mnt/Storage/SCHOOL/Capstone/ChaosCore-chipyard/sims/verilator/generated-src/chipyard.harness.TestHarness.ChaosCoreFPGAConfig/gen-collateral/TLMonitor_4.sv:64]
INFO: [Synth 8-6157] synthesizing module 'Queue2_TLBundleA_a29d64s6k1z3u' [/mnt/Storage/SCHOOL/Capstone/ChaosCore-chipyard/sims/verilator/generated-src/chipyard.harness.TestHarness.ChaosCoreFPGAConfig/gen-collateral/Queue2_TLBundleA_a29d64s6k1z3u.sv:59]
INFO: [Synth 8-6157] synthesizing module 'ram_2x117' [/mnt/Storage/SCHOOL/Capstone/ChaosCore-chipyard/sims/verilator/generated-src/chipyard.harness.TestHarness.ChaosCoreFPGAConfig/gen-collateral/ram_2x117.sv:3]
INFO: [Synth 8-6155] done synthesizing module 'ram_2x117' (0#1) [/mnt/Storage/SCHOOL/Capstone/ChaosCore-chipyard/sims/verilator/generated-src/chipyard.harness.TestHarness.ChaosCoreFPGAConfig/gen-collateral/ram_2x117.sv:3]
INFO: [Synth 8-6155] done synthesizing module 'Queue2_TLBundleA_a29d64s6k1z3u' (0#1) [/mnt/Storage/SCHOOL/Capstone/ChaosCore-chipyard/sims/verilator/generated-src/chipyard.harness.TestHarness.ChaosCoreFPGAConfig/gen-collateral/Queue2_TLBundleA_a29d64s6k1z3u.sv:59]
INFO: [Synth 8-6157] synthesizing module 'Queue2_TLBundleD_a29d64s6k1z3u' [/mnt/Storage/SCHOOL/Capstone/ChaosCore-chipyard/sims/verilator/generated-src/chipyard.harness.TestHarness.ChaosCoreFPGAConfig/gen-collateral/Queue2_TLBundleD_a29d64s6k1z3u.sv:59]
INFO: [Synth 8-6157] synthesizing module 'ram_2x81' [/mnt/Storage/SCHOOL/Capstone/ChaosCore-chipyard/sims/verilator/generated-src/chipyard.harness.TestHarness.ChaosCoreFPGAConfig/gen-collateral/ram_2x81.sv:3]
INFO: [Synth 8-6155] done synthesizing module 'ram_2x81' (0#1) [/mnt/Storage/SCHOOL/Capstone/ChaosCore-chipyard/sims/verilator/generated-src/chipyard.harness.TestHarness.ChaosCoreFPGAConfig/gen-collateral/ram_2x81.sv:3]
INFO: [Synth 8-6155] done synthesizing module 'Queue2_TLBundleD_a29d64s6k1z3u' (0#1) [/mnt/Storage/SCHOOL/Capstone/ChaosCore-chipyard/sims/verilator/generated-src/chipyard.harness.TestHarness.ChaosCoreFPGAConfig/gen-collateral/Queue2_TLBundleD_a29d64s6k1z3u.sv:59]
INFO: [Synth 8-6155] done synthesizing module 'TLBuffer_a29d64s6k1z3u' (0#1) [/mnt/Storage/SCHOOL/Capstone/ChaosCore-chipyard/sims/verilator/generated-src/chipyard.harness.TestHarness.ChaosCoreFPGAConfig/gen-collateral/TLBuffer_a29d64s6k1z3u.sv:2]
INFO: [Synth 8-6157] synthesizing module 'TLAtomicAutomata_pbus' [/mnt/Storage/SCHOOL/Capstone/ChaosCore-chipyard/sims/verilator/generated-src/chipyard.harness.TestHarness.ChaosCoreFPGAConfig/gen-collateral/TLAtomicAutomata_pbus.sv:64]
WARNING: [Synth 8-4446] all outputs are unconnected for this instance and logic may be removed [/mnt/Storage/SCHOOL/Capstone/ChaosCore-chipyard/sims/verilator/generated-src/chipyard.harness.TestHarness.ChaosCoreFPGAConfig/gen-collateral/TLAtomicAutomata_pbus.sv:338]
INFO: [Synth 8-6157] synthesizing module 'TLMonitor_5' [/mnt/Storage/SCHOOL/Capstone/ChaosCore-chipyard/sims/verilator/generated-src/chipyard.harness.TestHarness.ChaosCoreFPGAConfig/gen-collateral/TLMonitor_5.sv:64]
INFO: [Synth 8-6155] done synthesizing module 'TLMonitor_5' (0#1) [/mnt/Storage/SCHOOL/Capstone/ChaosCore-chipyard/sims/verilator/generated-src/chipyard.harness.TestHarness.ChaosCoreFPGAConfig/gen-collateral/TLMonitor_5.sv:64]
INFO: [Synth 8-6155] done synthesizing module 'TLAtomicAutomata_pbus' (0#1) [/mnt/Storage/SCHOOL/Capstone/ChaosCore-chipyard/sims/verilator/generated-src/chipyard.harness.TestHarness.ChaosCoreFPGAConfig/gen-collateral/TLAtomicAutomata_pbus.sv:64]
INFO: [Synth 8-6157] synthesizing module 'TLBuffer_a29d64s6k1z3u_1' [/mnt/Storage/SCHOOL/Capstone/ChaosCore-chipyard/sims/verilator/generated-src/chipyard.harness.TestHarness.ChaosCoreFPGAConfig/gen-collateral/TLBuffer_a29d64s6k1z3u_1.sv:2]
WARNING: [Synth 8-4446] all outputs are unconnected for this instance and logic may be removed [/mnt/Storage/SCHOOL/Capstone/ChaosCore-chipyard/sims/verilator/generated-src/chipyard.harness.TestHarness.ChaosCoreFPGAConfig/gen-collateral/TLBuffer_a29d64s6k1z3u_1.sv:56]
INFO: [Synth 8-6157] synthesizing module 'TLMonitor_6' [/mnt/Storage/SCHOOL/Capstone/ChaosCore-chipyard/sims/verilator/generated-src/chipyard.harness.TestHarness.ChaosCoreFPGAConfig/gen-collateral/TLMonitor_6.sv:64]
INFO: [Synth 8-6155] done synthesizing module 'TLMonitor_6' (0#1) [/mnt/Storage/SCHOOL/Capstone/ChaosCore-chipyard/sims/verilator/generated-src/chipyard.harness.TestHarness.ChaosCoreFPGAConfig/gen-collateral/TLMonitor_6.sv:64]
INFO: [Synth 8-6155] done synthesizing module 'TLBuffer_a29d64s6k1z3u_1' (0#1) [/mnt/Storage/SCHOOL/Capstone/ChaosCore-chipyard/sims/verilator/generated-src/chipyard.harness.TestHarness.ChaosCoreFPGAConfig/gen-collateral/TLBuffer_a29d64s6k1z3u_1.sv:2]
INFO: [Synth 8-6157] synthesizing module 'TLInterconnectCoupler_pbus_to_bootaddressreg' [/mnt/Storage/SCHOOL/Capstone/ChaosCore-chipyard/sims/verilator/generated-src/chipyard.harness.TestHarness.ChaosCoreFPGAConfig/gen-collateral/TLInterconnectCoupler_pbus_to_bootaddressreg.sv:2]
INFO: [Synth 8-6157] synthesizing module 'TLFragmenter_BootAddrReg' [/mnt/Storage/SCHOOL/Capstone/ChaosCore-chipyard/sims/verilator/generated-src/chipyard.harness.TestHarness.ChaosCoreFPGAConfig/gen-collateral/TLFragmenter_BootAddrReg.sv:64]
WARNING: [Synth 8-4446] all outputs are unconnected for this instance and logic may be removed [/mnt/Storage/SCHOOL/Capstone/ChaosCore-chipyard/sims/verilator/generated-src/chipyard.harness.TestHarness.ChaosCoreFPGAConfig/gen-collateral/TLFragmenter_BootAddrReg.sv:186]
INFO: [Synth 8-6157] synthesizing module 'TLMonitor_7' [/mnt/Storage/SCHOOL/Capstone/ChaosCore-chipyard/sims/verilator/generated-src/chipyard.harness.TestHarness.ChaosCoreFPGAConfig/gen-collateral/TLMonitor_7.sv:64]
INFO: [Synth 8-6155] done synthesizing module 'TLMonitor_7' (0#1) [/mnt/Storage/SCHOOL/Capstone/ChaosCore-chipyard/sims/verilator/generated-src/chipyard.harness.TestHarness.ChaosCoreFPGAConfig/gen-collateral/TLMonitor_7.sv:64]
INFO: [Synth 8-6157] synthesizing module 'Repeater_TLBundleA_a13d64s6k1z3u' [/mnt/Storage/SCHOOL/Capstone/ChaosCore-chipyard/sims/verilator/generated-src/chipyard.harness.TestHarness.ChaosCoreFPGAConfig/gen-collateral/Repeater_TLBundleA_a13d64s6k1z3u.sv:46]
INFO: [Synth 8-6155] done synthesizing module 'Repeater_TLBundleA_a13d64s6k1z3u' (0#1) [/mnt/Storage/SCHOOL/Capstone/ChaosCore-chipyard/sims/verilator/generated-src/chipyard.harness.TestHarness.ChaosCoreFPGAConfig/gen-collateral/Repeater_TLBundleA_a13d64s6k1z3u.sv:46]
INFO: [Synth 8-6155] done synthesizing module 'TLFragmenter_BootAddrReg' (0#1) [/mnt/Storage/SCHOOL/Capstone/ChaosCore-chipyard/sims/verilator/generated-src/chipyard.harness.TestHarness.ChaosCoreFPGAConfig/gen-collateral/TLFragmenter_BootAddrReg.sv:64]
INFO: [Synth 8-6155] done synthesizing module 'TLInterconnectCoupler_pbus_to_bootaddressreg' (0#1) [/mnt/Storage/SCHOOL/Capstone/ChaosCore-chipyard/sims/verilator/generated-src/chipyard.harness.TestHarness.ChaosCoreFPGAConfig/gen-collateral/TLInterconnectCoupler_pbus_to_bootaddressreg.sv:2]
INFO: [Synth 8-6157] synthesizing module 'TLInterconnectCoupler_pbus_to_device_named_uart_0' [/mnt/Storage/SCHOOL/Capstone/ChaosCore-chipyard/sims/verilator/generated-src/chipyard.harness.TestHarness.ChaosCoreFPGAConfig/gen-collateral/TLInterconnectCoupler_pbus_to_device_named_uart_0.sv:2]
INFO: [Synth 8-6157] synthesizing module 'TLFragmenter_UART' [/mnt/Storage/SCHOOL/Capstone/ChaosCore-chipyard/sims/verilator/generated-src/chipyard.harness.TestHarness.ChaosCoreFPGAConfig/gen-collateral/TLFragmenter_UART.sv:64]
WARNING: [Synth 8-4446] all outputs are unconnected for this instance and logic may be removed [/mnt/Storage/SCHOOL/Capstone/ChaosCore-chipyard/sims/verilator/generated-src/chipyard.harness.TestHarness.ChaosCoreFPGAConfig/gen-collateral/TLFragmenter_UART.sv:186]
INFO: [Synth 8-6157] synthesizing module 'TLMonitor_8' [/mnt/Storage/SCHOOL/Capstone/ChaosCore-chipyard/sims/verilator/generated-src/chipyard.harness.TestHarness.ChaosCoreFPGAConfig/gen-collateral/TLMonitor_8.sv:64]
INFO: [Synth 8-6155] done synthesizing module 'TLMonitor_8' (0#1) [/mnt/Storage/SCHOOL/Capstone/ChaosCore-chipyard/sims/verilator/generated-src/chipyard.harness.TestHarness.ChaosCoreFPGAConfig/gen-collateral/TLMonitor_8.sv:64]
INFO: [Synth 8-6157] synthesizing module 'Repeater_TLBundleA_a29d64s6k1z3u' [/mnt/Storage/SCHOOL/Capstone/ChaosCore-chipyard/sims/verilator/generated-src/chipyard.harness.TestHarness.ChaosCoreFPGAConfig/gen-collateral/Repeater_TLBundleA_a29d64s6k1z3u.sv:46]
INFO: [Synth 8-6155] done synthesizing module 'Repeater_TLBundleA_a29d64s6k1z3u' (0#1) [/mnt/Storage/SCHOOL/Capstone/ChaosCore-chipyard/sims/verilator/generated-src/chipyard.harness.TestHarness.ChaosCoreFPGAConfig/gen-collateral/Repeater_TLBundleA_a29d64s6k1z3u.sv:46]
INFO: [Synth 8-6155] done synthesizing module 'TLFragmenter_UART' (0#1) [/mnt/Storage/SCHOOL/Capstone/ChaosCore-chipyard/sims/verilator/generated-src/chipyard.harness.TestHarness.ChaosCoreFPGAConfig/gen-collateral/TLFragmenter_UART.sv:64]
INFO: [Synth 8-6155] done synthesizing module 'TLInterconnectCoupler_pbus_to_device_named_uart_0' (0#1) [/mnt/Storage/SCHOOL/Capstone/ChaosCore-chipyard/sims/verilator/generated-src/chipyard.harness.TestHarness.ChaosCoreFPGAConfig/gen-collateral/TLInterconnectCoupler_pbus_to_device_named_uart_0.sv:2]
WARNING: [Synth 8-4446] all outputs are unconnected for this instance and logic may be removed [/mnt/Storage/SCHOOL/Capstone/ChaosCore-chipyard/sims/verilator/generated-src/chipyard.harness.TestHarness.ChaosCoreFPGAConfig/gen-collateral/PeripheryBus_pbus.sv:489]
INFO: [Synth 8-6157] synthesizing module 'TLMonitor_9' [/mnt/Storage/SCHOOL/Capstone/ChaosCore-chipyard/sims/verilator/generated-src/chipyard.harness.TestHarness.ChaosCoreFPGAConfig/gen-collateral/TLMonitor_9.sv:64]
INFO: [Synth 8-6155] done synthesizing module 'TLMonitor_9' (0#1) [/mnt/Storage/SCHOOL/Capstone/ChaosCore-chipyard/sims/verilator/generated-src/chipyard.harness.TestHarness.ChaosCoreFPGAConfig/gen-collateral/TLMonitor_9.sv:64]
INFO: [Synth 8-6155] done synthesizing module 'PeripheryBus_pbus' (0#1) [/mnt/Storage/SCHOOL/Capstone/ChaosCore-chipyard/sims/verilator/generated-src/chipyard.harness.TestHarness.ChaosCoreFPGAConfig/gen-collateral/PeripheryBus_pbus.sv:46]
INFO: [Synth 8-6157] synthesizing module 'TLBuffer_a31d64s4k3z4u' [/mnt/Storage/SCHOOL/Capstone/ChaosCore-chipyard/sims/verilator/generated-src/chipyard.harness.TestHarness.ChaosCoreFPGAConfig/gen-collateral/TLBuffer_a31d64s4k3z4u.sv:2]
WARNING: [Synth 8-4446] all outputs are unconnected for this instance and logic may be removed [/mnt/Storage/SCHOOL/Capstone/ChaosCore-chipyard/sims/verilator/generated-src/chipyard.harness.TestHarness.ChaosCoreFPGAConfig/gen-collateral/TLBuffer_a31d64s4k3z4u.sv:56]
INFO: [Synth 8-6157] synthesizing module 'TLMonitor_10' [/mnt/Storage/SCHOOL/Capstone/ChaosCore-chipyard/sims/verilator/generated-src/chipyard.harness.TestHarness.ChaosCoreFPGAConfig/gen-collateral/TLMonitor_10.sv:64]
INFO: [Synth 8-6155] done synthesizing module 'TLMonitor_10' (0#1) [/mnt/Storage/SCHOOL/Capstone/ChaosCore-chipyard/sims/verilator/generated-src/chipyard.harness.TestHarness.ChaosCoreFPGAConfig/gen-collateral/TLMonitor_10.sv:64]
INFO: [Synth 8-6157] synthesizing module 'Queue2_TLBundleA_a31d64s4k3z4u' [/mnt/Storage/SCHOOL/Capstone/ChaosCore-chipyard/sims/verilator/generated-src/chipyard.harness.TestHarness.ChaosCoreFPGAConfig/gen-collateral/Queue2_TLBundleA_a31d64s4k3z4u.sv:59]
INFO: [Synth 8-6157] synthesizing module 'ram_2x118' [/mnt/Storage/SCHOOL/Capstone/ChaosCore-chipyard/sims/verilator/generated-src/chipyard.harness.TestHarness.ChaosCoreFPGAConfig/gen-collateral/ram_2x118.sv:3]
INFO: [Synth 8-6155] done synthesizing module 'ram_2x118' (0#1) [/mnt/Storage/SCHOOL/Capstone/ChaosCore-chipyard/sims/verilator/generated-src/chipyard.harness.TestHarness.ChaosCoreFPGAConfig/gen-collateral/ram_2x118.sv:3]
INFO: [Synth 8-6155] done synthesizing module 'Queue2_TLBundleA_a31d64s4k3z4u' (0#1) [/mnt/Storage/SCHOOL/Capstone/ChaosCore-chipyard/sims/verilator/generated-src/chipyard.harness.TestHarness.ChaosCoreFPGAConfig/gen-collateral/Queue2_TLBundleA_a31d64s4k3z4u.sv:59]
INFO: [Synth 8-6157] synthesizing module 'Queue2_TLBundleD_a31d64s4k3z4u' [/mnt/Storage/SCHOOL/Capstone/ChaosCore-chipyard/sims/verilator/generated-src/chipyard.harness.TestHarness.ChaosCoreFPGAConfig/gen-collateral/Queue2_TLBundleD_a31d64s4k3z4u.sv:59]
INFO: [Synth 8-6157] synthesizing module 'ram_2x82' [/mnt/Storage/SCHOOL/Capstone/ChaosCore-chipyard/sims/verilator/generated-src/chipyard.harness.TestHarness.ChaosCoreFPGAConfig/gen-collateral/ram_2x82.sv:3]
INFO: [Synth 8-6155] done synthesizing module 'ram_2x82' (0#1) [/mnt/Storage/SCHOOL/Capstone/ChaosCore-chipyard/sims/verilator/generated-src/chipyard.harness.TestHarness.ChaosCoreFPGAConfig/gen-collateral/ram_2x82.sv:3]
INFO: [Synth 8-6155] done synthesizing module 'Queue2_TLBundleD_a31d64s4k3z4u' (0#1) [/mnt/Storage/SCHOOL/Capstone/ChaosCore-chipyard/sims/verilator/generated-src/chipyard.harness.TestHarness.ChaosCoreFPGAConfig/gen-collateral/Queue2_TLBundleD_a31d64s4k3z4u.sv:59]
INFO: [Synth 8-6155] done synthesizing module 'TLBuffer_a31d64s4k3z4u' (0#1) [/mnt/Storage/SCHOOL/Capstone/ChaosCore-chipyard/sims/verilator/generated-src/chipyard.harness.TestHarness.ChaosCoreFPGAConfig/gen-collateral/TLBuffer_a31d64s4k3z4u.sv:2]
INFO: [Synth 8-6157] synthesizing module 'TLInterconnectCoupler_fbus_from_port_named_serial_tl_0_in' [/mnt/Storage/SCHOOL/Capstone/ChaosCore-chipyard/sims/verilator/generated-src/chipyard.harness.TestHarness.ChaosCoreFPGAConfig/gen-collateral/TLInterconnectCoupler_fbus_from_port_named_serial_tl_0_in.sv:2]
INFO: [Synth 8-6157] synthesizing module 'TLBuffer_a31d64s4k3z4u_1' [/mnt/Storage/SCHOOL/Capstone/ChaosCore-chipyard/sims/verilator/generated-src/chipyard.harness.TestHarness.ChaosCoreFPGAConfig/gen-collateral/TLBuffer_a31d64s4k3z4u_1.sv:2]
WARNING: [Synth 8-4446] all outputs are unconnected for this instance and logic may be removed [/mnt/Storage/SCHOOL/Capstone/ChaosCore-chipyard/sims/verilator/generated-src/chipyard.harness.TestHarness.ChaosCoreFPGAConfig/gen-collateral/TLBuffer_a31d64s4k3z4u_1.sv:56]
INFO: [Synth 8-6157] synthesizing module 'TLMonitor_11' [/mnt/Storage/SCHOOL/Capstone/ChaosCore-chipyard/sims/verilator/generated-src/chipyard.harness.TestHarness.ChaosCoreFPGAConfig/gen-collateral/TLMonitor_11.sv:64]
INFO: [Synth 8-6155] done synthesizing module 'TLMonitor_11' (0#1) [/mnt/Storage/SCHOOL/Capstone/ChaosCore-chipyard/sims/verilator/generated-src/chipyard.harness.TestHarness.ChaosCoreFPGAConfig/gen-collateral/TLMonitor_11.sv:64]
INFO: [Synth 8-6155] done synthesizing module 'TLBuffer_a31d64s4k3z4u_1' (0#1) [/mnt/Storage/SCHOOL/Capstone/ChaosCore-chipyard/sims/verilator/generated-src/chipyard.harness.TestHarness.ChaosCoreFPGAConfig/gen-collateral/TLBuffer_a31d64s4k3z4u_1.sv:2]
INFO: [Synth 8-6155] done synthesizing module 'TLInterconnectCoupler_fbus_from_port_named_serial_tl_0_in' (0#1) [/mnt/Storage/SCHOOL/Capstone/ChaosCore-chipyard/sims/verilator/generated-src/chipyard.harness.TestHarness.ChaosCoreFPGAConfig/gen-collateral/TLInterconnectCoupler_fbus_from_port_named_serial_tl_0_in.sv:2]
INFO: [Synth 8-6157] synthesizing module 'PeripheryBus_cbus' [/mnt/Storage/SCHOOL/Capstone/ChaosCore-chipyard/sims/verilator/generated-src/chipyard.harness.TestHarness.ChaosCoreFPGAConfig/gen-collateral/PeripheryBus_cbus.sv:46]
INFO: [Synth 8-6157] synthesizing module 'TLXbar_cbus_in_i2_o1_a29d64s6k1z4u' [/mnt/Storage/SCHOOL/Capstone/ChaosCore-chipyard/sims/verilator/generated-src/chipyard.harness.TestHarness.ChaosCoreFPGAConfig/gen-collateral/TLXbar_cbus_in_i2_o1_a29d64s6k1z4u.sv:64]
WARNING: [Synth 8-4446] all outputs are unconnected for this instance and logic may be removed [/mnt/Storage/SCHOOL/Capstone/ChaosCore-chipyard/sims/verilator/generated-src/chipyard.harness.TestHarness.ChaosCoreFPGAConfig/gen-collateral/TLXbar_cbus_in_i2_o1_a29d64s6k1z4u.sv:190]
INFO: [Synth 8-6157] synthesizing module 'TLMonitor_12' [/mnt/Storage/SCHOOL/Capstone/ChaosCore-chipyard/sims/verilator/generated-src/chipyard.harness.TestHarness.ChaosCoreFPGAConfig/gen-collateral/TLMonitor_12.sv:64]
INFO: [Synth 8-6155] done synthesizing module 'TLMonitor_12' (0#1) [/mnt/Storage/SCHOOL/Capstone/ChaosCore-chipyard/sims/verilator/generated-src/chipyard.harness.TestHarness.ChaosCoreFPGAConfig/gen-collateral/TLMonitor_12.sv:64]
WARNING: [Synth 8-4446] all outputs are unconnected for this instance and logic may be removed [/mnt/Storage/SCHOOL/Capstone/ChaosCore-chipyard/sims/verilator/generated-src/chipyard.harness.TestHarness.ChaosCoreFPGAConfig/gen-collateral/TLXbar_cbus_in_i2_o1_a29d64s6k1z4u.sv:212]
INFO: [Synth 8-6157] synthesizing module 'TLMonitor_13' [/mnt/Storage/SCHOOL/Capstone/ChaosCore-chipyard/sims/verilator/generated-src/chipyard.harness.TestHarness.ChaosCoreFPGAConfig/gen-collateral/TLMonitor_13.sv:64]
INFO: [Synth 8-6155] done synthesizing module 'TLMonitor_13' (0#1) [/mnt/Storage/SCHOOL/Capstone/ChaosCore-chipyard/sims/verilator/generated-src/chipyard.harness.TestHarness.ChaosCoreFPGAConfig/gen-collateral/TLMonitor_13.sv:64]
INFO: [Synth 8-6155] done synthesizing module 'TLXbar_cbus_in_i2_o1_a29d64s6k1z4u' (0#1) [/mnt/Storage/SCHOOL/Capstone/ChaosCore-chipyard/sims/verilator/generated-src/chipyard.harness.TestHarness.ChaosCoreFPGAConfig/gen-collateral/TLXbar_cbus_in_i2_o1_a29d64s6k1z4u.sv:64]
INFO: [Synth 8-6157] synthesizing module 'TLXbar_cbus_out_i1_o7_a29d64s6k1z4u' [/mnt/Storage/SCHOOL/Capstone/ChaosCore-chipyard/sims/verilator/generated-src/chipyard.harness.TestHarness.ChaosCoreFPGAConfig/gen-collateral/TLXbar_cbus_out_i1_o7_a29d64s6k1z4u.sv:64]
WARNING: [Synth 8-4446] all outputs are unconnected for this instance and logic may be removed [/mnt/Storage/SCHOOL/Capstone/ChaosCore-chipyard/sims/verilator/generated-src/chipyard.harness.TestHarness.ChaosCoreFPGAConfig/gen-collateral/TLXbar_cbus_out_i1_o7_a29d64s6k1z4u.sv:347]
INFO: [Synth 8-6157] synthesizing module 'TLMonitor_14' [/mnt/Storage/SCHOOL/Capstone/ChaosCore-chipyard/sims/verilator/generated-src/chipyard.harness.TestHarness.ChaosCoreFPGAConfig/gen-collateral/TLMonitor_14.sv:64]
INFO: [Synth 8-6155] done synthesizing module 'TLMonitor_14' (0#1) [/mnt/Storage/SCHOOL/Capstone/ChaosCore-chipyard/sims/verilator/generated-src/chipyard.harness.TestHarness.ChaosCoreFPGAConfig/gen-collateral/TLMonitor_14.sv:64]
INFO: [Synth 8-6155] done synthesizing module 'TLXbar_cbus_out_i1_o7_a29d64s6k1z4u' (0#1) [/mnt/Storage/SCHOOL/Capstone/ChaosCore-chipyard/sims/verilator/generated-src/chipyard.harness.TestHarness.ChaosCoreFPGAConfig/gen-collateral/TLXbar_cbus_out_i1_o7_a29d64s6k1z4u.sv:64]
INFO: [Synth 8-6157] synthesizing module 'TLBuffer_a29d64s6k1z4u' [/mnt/Storage/SCHOOL/Capstone/ChaosCore-chipyard/sims/verilator/generated-src/chipyard.harness.TestHarness.ChaosCoreFPGAConfig/gen-collateral/TLBuffer_a29d64s6k1z4u.sv:2]
WARNING: [Synth 8-4446] all outputs are unconnected for this instance and logic may be removed [/mnt/Storage/SCHOOL/Capstone/ChaosCore-chipyard/sims/verilator/generated-src/chipyard.harness.TestHarness.ChaosCoreFPGAConfig/gen-collateral/TLBuffer_a29d64s6k1z4u.sv:56]
INFO: [Synth 8-6157] synthesizing module 'TLMonitor_15' [/mnt/Storage/SCHOOL/Capstone/ChaosCore-chipyard/sims/verilator/generated-src/chipyard.harness.TestHarness.ChaosCoreFPGAConfig/gen-collateral/TLMonitor_15.sv:64]
INFO: [Synth 8-6155] done synthesizing module 'TLMonitor_15' (0#1) [/mnt/Storage/SCHOOL/Capstone/ChaosCore-chipyard/sims/verilator/generated-src/chipyard.harness.TestHarness.ChaosCoreFPGAConfig/gen-collateral/TLMonitor_15.sv:64]
INFO: [Synth 8-6157] synthesizing module 'Queue2_TLBundleA_a29d64s6k1z4u' [/mnt/Storage/SCHOOL/Capstone/ChaosCore-chipyard/sims/verilator/generated-src/chipyard.harness.TestHarness.ChaosCoreFPGAConfig/gen-collateral/Queue2_TLBundleA_a29d64s6k1z4u.sv:59]
INFO: [Synth 8-6155] done synthesizing module 'Queue2_TLBundleA_a29d64s6k1z4u' (0#1) [/mnt/Storage/SCHOOL/Capstone/ChaosCore-chipyard/sims/verilator/generated-src/chipyard.harness.TestHarness.ChaosCoreFPGAConfig/gen-collateral/Queue2_TLBundleA_a29d64s6k1z4u.sv:59]
INFO: [Synth 8-6157] synthesizing module 'Queue2_TLBundleD_a29d64s6k1z4u' [/mnt/Storage/SCHOOL/Capstone/ChaosCore-chipyard/sims/verilator/generated-src/chipyard.harness.TestHarness.ChaosCoreFPGAConfig/gen-collateral/Queue2_TLBundleD_a29d64s6k1z4u.sv:59]
INFO: [Synth 8-6155] done synthesizing module 'Queue2_TLBundleD_a29d64s6k1z4u' (0#1) [/mnt/Storage/SCHOOL/Capstone/ChaosCore-chipyard/sims/verilator/generated-src/chipyard.harness.TestHarness.ChaosCoreFPGAConfig/gen-collateral/Queue2_TLBundleD_a29d64s6k1z4u.sv:59]
INFO: [Synth 8-6155] done synthesizing module 'TLBuffer_a29d64s6k1z4u' (0#1) [/mnt/Storage/SCHOOL/Capstone/ChaosCore-chipyard/sims/verilator/generated-src/chipyard.harness.TestHarness.ChaosCoreFPGAConfig/gen-collateral/TLBuffer_a29d64s6k1z4u.sv:2]
INFO: [Synth 8-6157] synthesizing module 'TLAtomicAutomata_cbus' [/mnt/Storage/SCHOOL/Capstone/ChaosCore-chipyard/sims/verilator/generated-src/chipyard.harness.TestHarness.ChaosCoreFPGAConfig/gen-collateral/TLAtomicAutomata_cbus.sv:64]
WARNING: [Synth 8-4446] all outputs are unconnected for this instance and logic may be removed [/mnt/Storage/SCHOOL/Capstone/ChaosCore-chipyard/sims/verilator/generated-src/chipyard.harness.TestHarness.ChaosCoreFPGAConfig/gen-collateral/TLAtomicAutomata_cbus.sv:341]
INFO: [Synth 8-6157] synthesizing module 'TLMonitor_16' [/mnt/Storage/SCHOOL/Capstone/ChaosCore-chipyard/sims/verilator/generated-src/chipyard.harness.TestHarness.ChaosCoreFPGAConfig/gen-collateral/TLMonitor_16.sv:64]
INFO: [Synth 8-6155] done synthesizing module 'TLMonitor_16' (0#1) [/mnt/Storage/SCHOOL/Capstone/ChaosCore-chipyard/sims/verilator/generated-src/chipyard.harness.TestHarness.ChaosCoreFPGAConfig/gen-collateral/TLMonitor_16.sv:64]
INFO: [Synth 8-6155] done synthesizing module 'TLAtomicAutomata_cbus' (0#1) [/mnt/Storage/SCHOOL/Capstone/ChaosCore-chipyard/sims/verilator/generated-src/chipyard.harness.TestHarness.ChaosCoreFPGAConfig/gen-collateral/TLAtomicAutomata_cbus.sv:64]
INFO: [Synth 8-6157] synthesizing module 'ErrorDeviceWrapper' [/mnt/Storage/SCHOOL/Capstone/ChaosCore-chipyard/sims/verilator/generated-src/chipyard.harness.TestHarness.ChaosCoreFPGAConfig/gen-collateral/ErrorDeviceWrapper.sv:2]
INFO: [Synth 8-6157] synthesizing module 'TLError' [/mnt/Storage/SCHOOL/Capstone/ChaosCore-chipyard/sims/verilator/generated-src/chipyard.harness.TestHarness.ChaosCoreFPGAConfig/gen-collateral/TLError.sv:64]
WARNING: [Synth 8-4446] all outputs are unconnected for this instance and logic may be removed [/mnt/Storage/SCHOOL/Capstone/ChaosCore-chipyard/sims/verilator/generated-src/chipyard.harness.TestHarness.ChaosCoreFPGAConfig/gen-collateral/TLError.sv:134]
INFO: [Synth 8-6157] synthesizing module 'TLMonitor_17' [/mnt/Storage/SCHOOL/Capstone/ChaosCore-chipyard/sims/verilator/generated-src/chipyard.harness.TestHarness.ChaosCoreFPGAConfig/gen-collateral/TLMonitor_17.sv:64]
INFO: [Synth 8-6155] done synthesizing module 'TLMonitor_17' (0#1) [/mnt/Storage/SCHOOL/Capstone/ChaosCore-chipyard/sims/verilator/generated-src/chipyard.harness.TestHarness.ChaosCoreFPGAConfig/gen-collateral/TLMonitor_17.sv:64]
INFO: [Synth 8-6157] synthesizing module 'Queue1_TLBundleA_a14d64s6k1z4u' [/mnt/Storage/SCHOOL/Capstone/ChaosCore-chipyard/sims/verilator/generated-src/chipyard.harness.TestHarness.ChaosCoreFPGAConfig/gen-collateral/Queue1_TLBundleA_a14d64s6k1z4u.sv:46]
INFO: [Synth 8-6155] done synthesizing module 'Queue1_TLBundleA_a14d64s6k1z4u' (0#1) [/mnt/Storage/SCHOOL/Capstone/ChaosCore-chipyard/sims/verilator/generated-src/chipyard.harness.TestHarness.ChaosCoreFPGAConfig/gen-collateral/Queue1_TLBundleA_a14d64s6k1z4u.sv:46]
INFO: [Synth 8-6155] done synthesizing module 'TLError' (0#1) [/mnt/Storage/SCHOOL/Capstone/ChaosCore-chipyard/sims/verilator/generated-src/chipyard.harness.TestHarness.ChaosCoreFPGAConfig/gen-collateral/TLError.sv:64]
INFO: [Synth 8-6157] synthesizing module 'TLBuffer_a14d64s6k1z4u' [/mnt/Storage/SCHOOL/Capstone/ChaosCore-chipyard/sims/verilator/generated-src/chipyard.harness.TestHarness.ChaosCoreFPGAConfig/gen-collateral/TLBuffer_a14d64s6k1z4u.sv:2]
WARNING: [Synth 8-4446] all outputs are unconnected for this instance and logic may be removed [/mnt/Storage/SCHOOL/Capstone/ChaosCore-chipyard/sims/verilator/generated-src/chipyard.harness.TestHarness.ChaosCoreFPGAConfig/gen-collateral/TLBuffer_a14d64s6k1z4u.sv:52]
INFO: [Synth 8-6157] synthesizing module 'TLMonitor_18' [/mnt/Storage/SCHOOL/Capstone/ChaosCore-chipyard/sims/verilator/generated-src/chipyard.harness.TestHarness.ChaosCoreFPGAConfig/gen-collateral/TLMonitor_18.sv:64]
INFO: [Synth 8-6155] done synthesizing module 'TLMonitor_18' (0#1) [/mnt/Storage/SCHOOL/Capstone/ChaosCore-chipyard/sims/verilator/generated-src/chipyard.harness.TestHarness.ChaosCoreFPGAConfig/gen-collateral/TLMonitor_18.sv:64]
INFO: [Synth 8-6157] synthesizing module 'Queue2_TLBundleA_a14d64s6k1z4u' [/mnt/Storage/SCHOOL/Capstone/ChaosCore-chipyard/sims/verilator/generated-src/chipyard.harness.TestHarness.ChaosCoreFPGAConfig/gen-collateral/Queue2_TLBundleA_a14d64s6k1z4u.sv:59]
INFO: [Synth 8-6157] synthesizing module 'ram_2x103' [/mnt/Storage/SCHOOL/Capstone/ChaosCore-chipyard/sims/verilator/generated-src/chipyard.harness.TestHarness.ChaosCoreFPGAConfig/gen-collateral/ram_2x103.sv:3]
INFO: [Synth 8-6155] done synthesizing module 'ram_2x103' (0#1) [/mnt/Storage/SCHOOL/Capstone/ChaosCore-chipyard/sims/verilator/generated-src/chipyard.harness.TestHarness.ChaosCoreFPGAConfig/gen-collateral/ram_2x103.sv:3]
INFO: [Synth 8-6155] done synthesizing module 'Queue2_TLBundleA_a14d64s6k1z4u' (0#1) [/mnt/Storage/SCHOOL/Capstone/ChaosCore-chipyard/sims/verilator/generated-src/chipyard.harness.TestHarness.ChaosCoreFPGAConfig/gen-collateral/Queue2_TLBundleA_a14d64s6k1z4u.sv:59]
INFO: [Synth 8-6157] synthesizing module 'Queue2_TLBundleD_a14d64s6k1z4u' [/mnt/Storage/SCHOOL/Capstone/ChaosCore-chipyard/sims/verilator/generated-src/chipyard.harness.TestHarness.ChaosCoreFPGAConfig/gen-collateral/Queue2_TLBundleD_a14d64s6k1z4u.sv:59]
INFO: [Synth 8-6155] done synthesizing module 'Queue2_TLBundleD_a14d64s6k1z4u' (0#1) [/mnt/Storage/SCHOOL/Capstone/ChaosCore-chipyard/sims/verilator/generated-src/chipyard.harness.TestHarness.ChaosCoreFPGAConfig/gen-collateral/Queue2_TLBundleD_a14d64s6k1z4u.sv:59]
INFO: [Synth 8-6155] done synthesizing module 'TLBuffer_a14d64s6k1z4u' (0#1) [/mnt/Storage/SCHOOL/Capstone/ChaosCore-chipyard/sims/verilator/generated-src/chipyard.harness.TestHarness.ChaosCoreFPGAConfig/gen-collateral/TLBuffer_a14d64s6k1z4u.sv:2]
INFO: [Synth 8-6155] done synthesizing module 'ErrorDeviceWrapper' (0#1) [/mnt/Storage/SCHOOL/Capstone/ChaosCore-chipyard/sims/verilator/generated-src/chipyard.harness.TestHarness.ChaosCoreFPGAConfig/gen-collateral/ErrorDeviceWrapper.sv:2]
INFO: [Synth 8-6157] synthesizing module 'TLInterconnectCoupler_cbus_to_l2_ctrl' [/mnt/Storage/SCHOOL/Capstone/ChaosCore-chipyard/sims/verilator/generated-src/chipyard.harness.TestHarness.ChaosCoreFPGAConfig/gen-collateral/TLInterconnectCoupler_cbus_to_l2_ctrl.sv:2]
INFO: [Synth 8-6157] synthesizing module 'TLBuffer_a26d64s10k1z2u' [/mnt/Storage/SCHOOL/Capstone/ChaosCore-chipyard/sims/verilator/generated-src/chipyard.harness.TestHarness.ChaosCoreFPGAConfig/gen-collateral/TLBuffer_a26d64s10k1z2u.sv:2]
WARNING: [Synth 8-4446] all outputs are unconnected for this instance and logic may be removed [/mnt/Storage/SCHOOL/Capstone/ChaosCore-chipyard/sims/verilator/generated-src/chipyard.harness.TestHarness.ChaosCoreFPGAConfig/gen-collateral/TLBuffer_a26d64s10k1z2u.sv:52]
INFO: [Synth 8-6157] synthesizing module 'TLMonitor_19' [/mnt/Storage/SCHOOL/Capstone/ChaosCore-chipyard/sims/verilator/generated-src/chipyard.harness.TestHarness.ChaosCoreFPGAConfig/gen-collateral/TLMonitor_19.sv:64]
INFO: [Synth 8-6155] done synthesizing module 'TLMonitor_19' (0#1) [/mnt/Storage/SCHOOL/Capstone/ChaosCore-chipyard/sims/verilator/generated-src/chipyard.harness.TestHarness.ChaosCoreFPGAConfig/gen-collateral/TLMonitor_19.sv:64]
INFO: [Synth 8-6157] synthesizing module 'Queue1_TLBundleA_a26d64s10k1z2u' [/mnt/Storage/SCHOOL/Capstone/ChaosCore-chipyard/sims/verilator/generated-src/chipyard.harness.TestHarness.ChaosCoreFPGAConfig/gen-collateral/Queue1_TLBundleA_a26d64s10k1z2u.sv:46]
INFO: [Synth 8-6155] done synthesizing module 'Queue1_TLBundleA_a26d64s10k1z2u' (0#1) [/mnt/Storage/SCHOOL/Capstone/ChaosCore-chipyard/sims/verilator/generated-src/chipyard.harness.TestHarness.ChaosCoreFPGAConfig/gen-collateral/Queue1_TLBundleA_a26d64s10k1z2u.sv:46]
INFO: [Synth 8-6157] synthesizing module 'Queue1_TLBundleD_a26d64s10k1z2u' [/mnt/Storage/SCHOOL/Capstone/ChaosCore-chipyard/sims/verilator/generated-src/chipyard.harness.TestHarness.ChaosCoreFPGAConfig/gen-collateral/Queue1_TLBundleD_a26d64s10k1z2u.sv:46]
INFO: [Synth 8-6155] done synthesizing module 'Queue1_TLBundleD_a26d64s10k1z2u' (0#1) [/mnt/Storage/SCHOOL/Capstone/ChaosCore-chipyard/sims/verilator/generated-src/chipyard.harness.TestHarness.ChaosCoreFPGAConfig/gen-collateral/Queue1_TLBundleD_a26d64s10k1z2u.sv:46]
INFO: [Synth 8-6155] done synthesizing module 'TLBuffer_a26d64s10k1z2u' (0#1) [/mnt/Storage/SCHOOL/Capstone/ChaosCore-chipyard/sims/verilator/generated-src/chipyard.harness.TestHarness.ChaosCoreFPGAConfig/gen-collateral/TLBuffer_a26d64s10k1z2u.sv:2]
INFO: [Synth 8-6157] synthesizing module 'TLFragmenter_LLCCtrl' [/mnt/Storage/SCHOOL/Capstone/ChaosCore-chipyard/sims/verilator/generated-src/chipyard.harness.TestHarness.ChaosCoreFPGAConfig/gen-collateral/TLFragmenter_LLCCtrl.sv:64]
WARNING: [Synth 8-4446] all outputs are unconnected for this instance and logic may be removed [/mnt/Storage/SCHOOL/Capstone/ChaosCore-chipyard/sims/verilator/generated-src/chipyard.harness.TestHarness.ChaosCoreFPGAConfig/gen-collateral/TLFragmenter_LLCCtrl.sv:194]
INFO: [Synth 8-6157] synthesizing module 'TLMonitor_20' [/mnt/Storage/SCHOOL/Capstone/ChaosCore-chipyard/sims/verilator/generated-src/chipyard.harness.TestHarness.ChaosCoreFPGAConfig/gen-collateral/TLMonitor_20.sv:64]
INFO: [Synth 8-6155] done synthesizing module 'TLMonitor_20' (0#1) [/mnt/Storage/SCHOOL/Capstone/ChaosCore-chipyard/sims/verilator/generated-src/chipyard.harness.TestHarness.ChaosCoreFPGAConfig/gen-collateral/TLMonitor_20.sv:64]
INFO: [Synth 8-6157] synthesizing module 'Repeater_TLBundleA_a26d64s6k1z3u' [/mnt/Storage/SCHOOL/Capstone/ChaosCore-chipyard/sims/verilator/generated-src/chipyard.harness.TestHarness.ChaosCoreFPGAConfig/gen-collateral/Repeater_TLBundleA_a26d64s6k1z3u.sv:46]
INFO: [Synth 8-6155] done synthesizing module 'Repeater_TLBundleA_a26d64s6k1z3u' (0#1) [/mnt/Storage/SCHOOL/Capstone/ChaosCore-chipyard/sims/verilator/generated-src/chipyard.harness.TestHarness.ChaosCoreFPGAConfig/gen-collateral/Repeater_TLBundleA_a26d64s6k1z3u.sv:46]
INFO: [Synth 8-6155] done synthesizing module 'TLFragmenter_LLCCtrl' (0#1) [/mnt/Storage/SCHOOL/Capstone/ChaosCore-chipyard/sims/verilator/generated-src/chipyard.harness.TestHarness.ChaosCoreFPGAConfig/gen-collateral/TLFragmenter_LLCCtrl.sv:64]
INFO: [Synth 8-6155] done synthesizing module 'TLInterconnectCoupler_cbus_to_l2_ctrl' (0#1) [/mnt/Storage/SCHOOL/Capstone/ChaosCore-chipyard/sims/verilator/generated-src/chipyard.harness.TestHarness.ChaosCoreFPGAConfig/gen-collateral/TLInterconnectCoupler_cbus_to_l2_ctrl.sv:2]
INFO: [Synth 8-6157] synthesizing module 'TLInterconnectCoupler_cbus_to_clint' [/mnt/Storage/SCHOOL/Capstone/ChaosCore-chipyard/sims/verilator/generated-src/chipyard.harness.TestHarness.ChaosCoreFPGAConfig/gen-collateral/TLInterconnectCoupler_cbus_to_clint.sv:2]
INFO: [Synth 8-6157] synthesizing module 'TLFragmenter_CLINT' [/mnt/Storage/SCHOOL/Capstone/ChaosCore-chipyard/sims/verilator/generated-src/chipyard.harness.TestHarness.ChaosCoreFPGAConfig/gen-collateral/TLFragmenter_CLINT.sv:64]
WARNING: [Synth 8-4446] all outputs are unconnected for this instance and logic may be removed [/mnt/Storage/SCHOOL/Capstone/ChaosCore-chipyard/sims/verilator/generated-src/chipyard.harness.TestHarness.ChaosCoreFPGAConfig/gen-collateral/TLFragmenter_CLINT.sv:186]
INFO: [Synth 8-6157] synthesizing module 'TLMonitor_21' [/mnt/Storage/SCHOOL/Capstone/ChaosCore-chipyard/sims/verilator/generated-src/chipyard.harness.TestHarness.ChaosCoreFPGAConfig/gen-collateral/TLMonitor_21.sv:64]
INFO: [Synth 8-6155] done synthesizing module 'TLMonitor_21' (0#1) [/mnt/Storage/SCHOOL/Capstone/ChaosCore-chipyard/sims/verilator/generated-src/chipyard.harness.TestHarness.ChaosCoreFPGAConfig/gen-collateral/TLMonitor_21.sv:64]
INFO: [Synth 8-6155] done synthesizing module 'TLFragmenter_CLINT' (0#1) [/mnt/Storage/SCHOOL/Capstone/ChaosCore-chipyard/sims/verilator/generated-src/chipyard.harness.TestHarness.ChaosCoreFPGAConfig/gen-collateral/TLFragmenter_CLINT.sv:64]
INFO: [Synth 8-6155] done synthesizing module 'TLInterconnectCoupler_cbus_to_clint' (0#1) [/mnt/Storage/SCHOOL/Capstone/ChaosCore-chipyard/sims/verilator/generated-src/chipyard.harness.TestHarness.ChaosCoreFPGAConfig/gen-collateral/TLInterconnectCoupler_cbus_to_clint.sv:2]
INFO: [Synth 8-6157] synthesizing module 'TLInterconnectCoupler_cbus_to_plic' [/mnt/Storage/SCHOOL/Capstone/ChaosCore-chipyard/sims/verilator/generated-src/chipyard.harness.TestHarness.ChaosCoreFPGAConfig/gen-collateral/TLInterconnectCoupler_cbus_to_plic.sv:2]
INFO: [Synth 8-6157] synthesizing module 'TLFragmenter_PLIC' [/mnt/Storage/SCHOOL/Capstone/ChaosCore-chipyard/sims/verilator/generated-src/chipyard.harness.TestHarness.ChaosCoreFPGAConfig/gen-collateral/TLFragmenter_PLIC.sv:64]
INFO: [Common 17-14] Message 'Synth 8-6157' appears 100 times and further instances of the messages will be disabled. Use the Tcl command set_msg_config to change the current settings.
WARNING: [Synth 8-4446] all outputs are unconnected for this instance and logic may be removed [/mnt/Storage/SCHOOL/Capstone/ChaosCore-chipyard/sims/verilator/generated-src/chipyard.harness.TestHarness.ChaosCoreFPGAConfig/gen-collateral/TLFragmenter_PLIC.sv:186]
INFO: [Synth 8-6155] done synthesizing module 'TLMonitor_22' (0#1) [/mnt/Storage/SCHOOL/Capstone/ChaosCore-chipyard/sims/verilator/generated-src/chipyard.harness.TestHarness.ChaosCoreFPGAConfig/gen-collateral/TLMonitor_22.sv:64]
INFO: [Synth 8-6155] done synthesizing module 'Repeater_TLBundleA_a28d64s6k1z3u' (0#1) [/mnt/Storage/SCHOOL/Capstone/ChaosCore-chipyard/sims/verilator/generated-src/chipyard.harness.TestHarness.ChaosCoreFPGAConfig/gen-collateral/Repeater_TLBundleA_a28d64s6k1z3u.sv:46]
INFO: [Synth 8-6155] done synthesizing module 'TLFragmenter_PLIC' (0#1) [/mnt/Storage/SCHOOL/Capstone/ChaosCore-chipyard/sims/verilator/generated-src/chipyard.harness.TestHarness.ChaosCoreFPGAConfig/gen-collateral/TLFragmenter_PLIC.sv:64]
INFO: [Synth 8-6155] done synthesizing module 'TLInterconnectCoupler_cbus_to_plic' (0#1) [/mnt/Storage/SCHOOL/Capstone/ChaosCore-chipyard/sims/verilator/generated-src/chipyard.harness.TestHarness.ChaosCoreFPGAConfig/gen-collateral/TLInterconnectCoupler_cbus_to_plic.sv:2]
WARNING: [Synth 8-4446] all outputs are unconnected for this instance and logic may be removed [/mnt/Storage/SCHOOL/Capstone/ChaosCore-chipyard/sims/verilator/generated-src/chipyard.harness.TestHarness.ChaosCoreFPGAConfig/gen-collateral/TLFragmenter_BootROM.sv:172]
WARNING: [Synth 8-4446] all outputs are unconnected for this instance and logic may be removed [/mnt/Storage/SCHOOL/Capstone/ChaosCore-chipyard/sims/verilator/generated-src/chipyard.harness.TestHarness.ChaosCoreFPGAConfig/gen-collateral/TLMonitor_23.sv:641]
INFO: [Synth 8-6155] done synthesizing module 'TLMonitor_23' (0#1) [/mnt/Storage/SCHOOL/Capstone/ChaosCore-chipyard/sims/verilator/generated-src/chipyard.harness.TestHarness.ChaosCoreFPGAConfig/gen-collateral/TLMonitor_23.sv:64]
INFO: [Synth 8-6155] done synthesizing module 'Repeater_TLBundleA_a17d64s6k1z3u' (0#1) [/mnt/Storage/SCHOOL/Capstone/ChaosCore-chipyard/sims/verilator/generated-src/chipyard.harness.TestHarness.ChaosCoreFPGAConfig/gen-collateral/Repeater_TLBundleA_a17d64s6k1z3u.sv:46]
INFO: [Synth 8-6155] done synthesizing module 'TLFragmenter_BootROM' (0#1) [/mnt/Storage/SCHOOL/Capstone/ChaosCore-chipyard/sims/verilator/generated-src/chipyard.harness.TestHarness.ChaosCoreFPGAConfig/gen-collateral/TLFragmenter_BootROM.sv:64]
INFO: [Common 17-14] Message 'Synth 8-6155' appears 100 times and further instances of the messages will be disabled. Use the Tcl command set_msg_config to change the current settings.
WARNING: [Synth 8-4446] all outputs are unconnected for this instance and logic may be removed [/mnt/Storage/SCHOOL/Capstone/ChaosCore-chipyard/sims/verilator/generated-src/chipyard.harness.TestHarness.ChaosCoreFPGAConfig/gen-collateral/TLBuffer_a21d64s6k1z3u.sv:52]
WARNING: [Synth 8-4446] all outputs are unconnected for this instance and logic may be removed [/mnt/Storage/SCHOOL/Capstone/ChaosCore-chipyard/sims/verilator/generated-src/chipyard.harness.TestHarness.ChaosCoreFPGAConfig/gen-collateral/TLXbar_mbus_i1_o2_a31d64s4k1z3u.sv:207]
WARNING: [Synth 8-4446] all outputs are unconnected for this instance and logic may be removed [/mnt/Storage/SCHOOL/Capstone/ChaosCore-chipyard/sims/verilator/generated-src/chipyard.harness.TestHarness.ChaosCoreFPGAConfig/gen-collateral/ProbePicker.sv:83]
WARNING: [Synth 8-4446] all outputs are unconnected for this instance and logic may be removed [/mnt/Storage/SCHOOL/Capstone/ChaosCore-chipyard/sims/verilator/generated-src/chipyard.harness.TestHarness.ChaosCoreFPGAConfig/gen-collateral/ProbePicker.sv:103]
WARNING: [Synth 8-4446] all outputs are unconnected for this instance and logic may be removed [/mnt/Storage/SCHOOL/Capstone/ChaosCore-chipyard/sims/verilator/generated-src/chipyard.harness.TestHarness.ChaosCoreFPGAConfig/gen-collateral/TLToAXI4_1.sv:406]
WARNING: [Synth 8-4446] all outputs are unconnected for this instance and logic may be removed [/mnt/Storage/SCHOOL/Capstone/ChaosCore-chipyard/sims/verilator/generated-src/chipyard.harness.TestHarness.ChaosCoreFPGAConfig/gen-collateral/TLBuffer_a28d64s4k1z3u.sv:56]
WARNING: [Synth 8-4446] all outputs are unconnected for this instance and logic may be removed [/mnt/Storage/SCHOOL/Capstone/ChaosCore-chipyard/sims/verilator/generated-src/chipyard.harness.TestHarness.ChaosCoreFPGAConfig/gen-collateral/InclusiveCacheControl.sv:155]
WARNING: [Synth 8-4446] all outputs are unconnected for this instance and logic may be removed [/mnt/Storage/SCHOOL/Capstone/ChaosCore-chipyard/sims/verilator/generated-src/chipyard.harness.TestHarness.ChaosCoreFPGAConfig/gen-collateral/InclusiveCache.sv:132]
WARNING: [Synth 8-4446] all outputs are unconnected for this instance and logic may be removed [/mnt/Storage/SCHOOL/Capstone/ChaosCore-chipyard/sims/verilator/generated-src/chipyard.harness.TestHarness.ChaosCoreFPGAConfig/gen-collateral/TLBuffer_a31d64s5k3z3c.sv:86]
WARNING: [Synth 8-4446] all outputs are unconnected for this instance and logic may be removed [/mnt/Storage/SCHOOL/Capstone/ChaosCore-chipyard/sims/verilator/generated-src/chipyard.harness.TestHarness.ChaosCoreFPGAConfig/gen-collateral/TLCacheCork.sv:300]
WARNING: [Synth 8-4446] all outputs are unconnected for this instance and logic may be removed [/mnt/Storage/SCHOOL/Capstone/ChaosCore-chipyard/sims/verilator/generated-src/chipyard.harness.TestHarness.ChaosCoreFPGAConfig/gen-collateral/BankBinder.sv:46]
WARNING: [Synth 8-4446] all outputs are unconnected for this instance and logic may be removed [/mnt/Storage/SCHOOL/Capstone/ChaosCore-chipyard/sims/verilator/generated-src/chipyard.harness.TestHarness.ChaosCoreFPGAConfig/gen-collateral/TLXbar_MasterXbar_ChaosCoreTile_i2_o1_a31d64s4k3z4c.sv:243]
WARNING: [Synth 8-4446] all outputs are unconnected for this instance and logic may be removed [/mnt/Storage/SCHOOL/Capstone/ChaosCore-chipyard/sims/verilator/generated-src/chipyard.harness.TestHarness.ChaosCoreFPGAConfig/gen-collateral/TLXbar_MasterXbar_ChaosCoreTile_i2_o1_a31d64s4k3z4c.sv:257]
WARNING: [Synth 8-4446] all outputs are unconnected for this instance and logic may be removed [/mnt/Storage/SCHOOL/Capstone/ChaosCore-chipyard/sims/verilator/generated-src/chipyard.harness.TestHarness.ChaosCoreFPGAConfig/gen-collateral/TLWidthWidget16.sv:125]
WARNING: [Synth 8-4446] all outputs are unconnected for this instance and logic may be removed [/mnt/Storage/SCHOOL/Capstone/ChaosCore-chipyard/sims/verilator/generated-src/chipyard.harness.TestHarness.ChaosCoreFPGAConfig/gen-collateral/TLWidthWidget16_1.sv:230]
WARNING: [Synth 8-4446] all outputs are unconnected for this instance and logic may be removed [/mnt/Storage/SCHOOL/Capstone/ChaosCore-chipyard/sims/verilator/generated-src/chipyard.harness.TestHarness.ChaosCoreFPGAConfig/gen-collateral/DTLB.sv:62]
WARNING: [Synth 8-4446] all outputs are unconnected for this instance and logic may be removed [/mnt/Storage/SCHOOL/Capstone/ChaosCore-chipyard/sims/verilator/generated-src/chipyard.harness.TestHarness.ChaosCoreFPGAConfig/gen-collateral/DTLB.sv:92]
WARNING: [Synth 8-4446] all outputs are unconnected for this instance and logic may be removed [/mnt/Storage/SCHOOL/Capstone/ChaosCore-chipyard/sims/verilator/generated-src/chipyard.harness.TestHarness.ChaosCoreFPGAConfig/gen-collateral/DTLB.sv:122]
WARNING: [Synth 8-4446] all outputs are unconnected for this instance and logic may be removed [/mnt/Storage/SCHOOL/Capstone/ChaosCore-chipyard/sims/verilator/generated-src/chipyard.harness.TestHarness.ChaosCoreFPGAConfig/gen-collateral/DTLB.sv:152]
WARNING: [Synth 8-4446] all outputs are unconnected for this instance and logic may be removed [/mnt/Storage/SCHOOL/Capstone/ChaosCore-chipyard/sims/verilator/generated-src/chipyard.harness.TestHarness.ChaosCoreFPGAConfig/gen-collateral/DTLB.sv:182]
WARNING: [Synth 8-4446] all outputs are unconnected for this instance and logic may be removed [/mnt/Storage/SCHOOL/Capstone/ChaosCore-chipyard/sims/verilator/generated-src/chipyard.harness.TestHarness.ChaosCoreFPGAConfig/gen-collateral/DTLB.sv:212]
WARNING: [Synth 8-4446] all outputs are unconnected for this instance and logic may be removed [/mnt/Storage/SCHOOL/Capstone/ChaosCore-chipyard/sims/verilator/generated-src/chipyard.harness.TestHarness.ChaosCoreFPGAConfig/gen-collateral/DTLB.sv:242]
WARNING: [Synth 8-4446] all outputs are unconnected for this instance and logic may be removed [/mnt/Storage/SCHOOL/Capstone/ChaosCore-chipyard/sims/verilator/generated-src/chipyard.harness.TestHarness.ChaosCoreFPGAConfig/gen-collateral/DTLB.sv:272]
WARNING: [Synth 8-4446] all outputs are unconnected for this instance and logic may be removed [/mnt/Storage/SCHOOL/Capstone/ChaosCore-chipyard/sims/verilator/generated-src/chipyard.harness.TestHarness.ChaosCoreFPGAConfig/gen-collateral/DTLB.sv:302]
WARNING: [Synth 8-4446] all outputs are unconnected for this instance and logic may be removed [/mnt/Storage/SCHOOL/Capstone/ChaosCore-chipyard/sims/verilator/generated-src/chipyard.harness.TestHarness.ChaosCoreFPGAConfig/gen-collateral/DTLB.sv:332]
WARNING: [Synth 8-4446] all outputs are unconnected for this instance and logic may be removed [/mnt/Storage/SCHOOL/Capstone/ChaosCore-chipyard/sims/verilator/generated-src/chipyard.harness.TestHarness.ChaosCoreFPGAConfig/gen-collateral/DTLB.sv:362]
WARNING: [Synth 8-4446] all outputs are unconnected for this instance and logic may be removed [/mnt/Storage/SCHOOL/Capstone/ChaosCore-chipyard/sims/verilator/generated-src/chipyard.harness.TestHarness.ChaosCoreFPGAConfig/gen-collateral/DTLB.sv:392]
WARNING: [Synth 8-4446] all outputs are unconnected for this instance and logic may be removed [/mnt/Storage/SCHOOL/Capstone/ChaosCore-chipyard/sims/verilator/generated-src/chipyard.harness.TestHarness.ChaosCoreFPGAConfig/gen-collateral/DTLB.sv:422]
WARNING: [Synth 8-4446] all outputs are unconnected for this instance and logic may be removed [/mnt/Storage/SCHOOL/Capstone/ChaosCore-chipyard/sims/verilator/generated-src/chipyard.harness.TestHarness.ChaosCoreFPGAConfig/gen-collateral/instruction_fetch_v3.sv:272]
WARNING: [Synth 8-4446] all outputs are unconnected for this instance and logic may be removed [/mnt/Storage/SCHOOL/Capstone/ChaosCore-chipyard/sims/verilator/generated-src/chipyard.harness.TestHarness.ChaosCoreFPGAConfig/gen-collateral/TLBuffer_a31d64s4k3z4c_1.sv:114]
WARNING: [Synth 8-4446] all outputs are unconnected for this instance and logic may be removed [/mnt/Storage/SCHOOL/Capstone/ChaosCore-chipyard/sims/verilator/generated-src/chipyard.harness.TestHarness.ChaosCoreFPGAConfig/gen-collateral/TilePRCIDomain.sv:260]
WARNING: [Synth 8-4446] all outputs are unconnected for this instance and logic may be removed [/mnt/Storage/SCHOOL/Capstone/ChaosCore-chipyard/sims/verilator/generated-src/chipyard.harness.TestHarness.ChaosCoreFPGAConfig/gen-collateral/TilePRCIDomain.sv:266]
WARNING: [Synth 8-4446] all outputs are unconnected for this instance and logic may be removed [/mnt/Storage/SCHOOL/Capstone/ChaosCore-chipyard/sims/verilator/generated-src/chipyard.harness.TestHarness.ChaosCoreFPGAConfig/gen-collateral/TilePRCIDomain.sv:272]
WARNING: [Synth 8-4446] all outputs are unconnected for this instance and logic may be removed [/mnt/Storage/SCHOOL/Capstone/ChaosCore-chipyard/sims/verilator/generated-src/chipyard.harness.TestHarness.ChaosCoreFPGAConfig/gen-collateral/CLINT.sv:137]
WARNING: [Synth 8-4446] all outputs are unconnected for this instance and logic may be removed [/mnt/Storage/SCHOOL/Capstone/ChaosCore-chipyard/sims/verilator/generated-src/chipyard.harness.TestHarness.ChaosCoreFPGAConfig/gen-collateral/TLPLIC.sv:178]
WARNING: [Synth 8-4446] all outputs are unconnected for this instance and logic may be removed [/mnt/Storage/SCHOOL/Capstone/ChaosCore-chipyard/sims/verilator/generated-src/chipyard.harness.TestHarness.ChaosCoreFPGAConfig/gen-collateral/TLROM.sv:534]
WARNING: [Synth 8-4446] all outputs are unconnected for this instance and logic may be removed [/mnt/Storage/SCHOOL/Capstone/ChaosCore-chipyard/sims/verilator/generated-src/chipyard.harness.TestHarness.ChaosCoreFPGAConfig/gen-collateral/TLMonitor_42.sv:625]
WARNING: [Synth 8-4446] all outputs are unconnected for this instance and logic may be removed [/mnt/Storage/SCHOOL/Capstone/ChaosCore-chipyard/sims/verilator/generated-src/chipyard.harness.TestHarness.ChaosCoreFPGAConfig/gen-collateral/TLRAM_ScratchpadBank.sv:158]
WARNING: [Synth 8-4446] all outputs are unconnected for this instance and logic may be removed [/mnt/Storage/SCHOOL/Capstone/ChaosCore-chipyard/sims/verilator/generated-src/chipyard.harness.TestHarness.ChaosCoreFPGAConfig/gen-collateral/TLFragmenter_ScratchpadBank.sv:186]
WARNING: [Synth 8-4446] all outputs are unconnected for this instance and logic may be removed [/mnt/Storage/SCHOOL/Capstone/ChaosCore-chipyard/sims/verilator/generated-src/chipyard.harness.TestHarness.ChaosCoreFPGAConfig/gen-collateral/TLBuffer_a28d64s4k1z3u_1.sv:52]
WARNING: [Synth 8-4446] all outputs are unconnected for this instance and logic may be removed [/mnt/Storage/SCHOOL/Capstone/ChaosCore-chipyard/sims/verilator/generated-src/chipyard.harness.TestHarness.ChaosCoreFPGAConfig/gen-collateral/SerialTL0ClockSinkDomain.sv:101]
WARNING: [Synth 8-4446] all outputs are unconnected for this instance and logic may be removed [/mnt/Storage/SCHOOL/Capstone/ChaosCore-chipyard/sims/verilator/generated-src/chipyard.harness.TestHarness.ChaosCoreFPGAConfig/gen-collateral/TLUART.sv:168]
	Parameter FORMAT bound to: uart_tx=%d - type: string 
	Parameter WIDTH bound to: 32 - type: integer 
	Parameter DEFAULT bound to: 32'b00000000000000000000000000000001 
	Parameter FORMAT bound to: uart_tx_printf=%d - type: string 
	Parameter WIDTH bound to: 32 - type: integer 
	Parameter DEFAULT bound to: 32'b00000000000000000000000000000000 
WARNING: [Synth 8-4446] all outputs are unconnected for this instance and logic may be removed [/mnt/Storage/SCHOOL/Capstone/ChaosCore-chipyard/sims/verilator/generated-src/chipyard.harness.TestHarness.ChaosCoreFPGAConfig/gen-collateral/TLXbar_prcibus_i1_o2_a21d64s6k1z3u.sv:191]
WARNING: [Synth 8-4446] all outputs are unconnected for this instance and logic may be removed [/mnt/Storage/SCHOOL/Capstone/ChaosCore-chipyard/sims/verilator/generated-src/chipyard.harness.TestHarness.ChaosCoreFPGAConfig/gen-collateral/TileClockGater.sv:33]
WARNING: [Synth 8-4446] all outputs are unconnected for this instance and logic may be removed [/mnt/Storage/SCHOOL/Capstone/ChaosCore-chipyard/sims/verilator/generated-src/chipyard.harness.TestHarness.ChaosCoreFPGAConfig/gen-collateral/TLFragmenter_TileClockGater.sv:186]
WARNING: [Synth 8-4446] all outputs are unconnected for this instance and logic may be removed [/mnt/Storage/SCHOOL/Capstone/ChaosCore-chipyard/sims/verilator/generated-src/chipyard.harness.TestHarness.ChaosCoreFPGAConfig/gen-collateral/TileResetSetter.sv:26]
WARNING: [Synth 8-4446] all outputs are unconnected for this instance and logic may be removed [/mnt/Storage/SCHOOL/Capstone/ChaosCore-chipyard/sims/verilator/generated-src/chipyard.harness.TestHarness.ChaosCoreFPGAConfig/gen-collateral/TLFragmenter_TileResetSetter.sv:182]
WARNING: [Synth 8-689] width (32) of port connection 'axi4_mmio_0_bits_aw_bits_addr' does not match port width (31) of module 'ChipTop' [/mnt/Storage/SCHOOL/Capstone/bringup/ChaosCore-FPGA/ChaosCoreFPGAConfig/ChaosCore/ChaosCore.srcs/sources_1/new/ChaosCoreTop.v:219]
WARNING: [Synth 8-689] width (32) of port connection 'axi4_mmio_0_bits_ar_bits_addr' does not match port width (31) of module 'ChipTop' [/mnt/Storage/SCHOOL/Capstone/bringup/ChaosCore-FPGA/ChaosCoreFPGAConfig/ChaosCore/ChaosCore.srcs/sources_1/new/ChaosCoreTop.v:239]
WARNING: [Synth 8-689] width (32) of port connection 'axi4_mem_0_bits_aw_bits_addr' does not match port width (31) of module 'ChipTop' [/mnt/Storage/SCHOOL/Capstone/bringup/ChaosCore-FPGA/ChaosCoreFPGAConfig/ChaosCore/ChaosCore.srcs/sources_1/new/ChaosCoreTop.v:259]
WARNING: [Synth 8-689] width (32) of port connection 'axi4_mem_0_bits_ar_bits_addr' does not match port width (31) of module 'ChipTop' [/mnt/Storage/SCHOOL/Capstone/bringup/ChaosCore-FPGA/ChaosCoreFPGAConfig/ChaosCore/ChaosCore.srcs/sources_1/new/ChaosCoreTop.v:279]
WARNING: [Synth 8-7071] port 'uart_0_txd' of module 'ChipTop' is unconnected for instance 'chiptop' [/mnt/Storage/SCHOOL/Capstone/bringup/ChaosCore-FPGA/ChaosCoreFPGAConfig/ChaosCore/ChaosCore.srcs/sources_1/new/ChaosCoreTop.v:213]
WARNING: [Synth 8-7071] port 'uart_0_rxd' of module 'ChipTop' is unconnected for instance 'chiptop' [/mnt/Storage/SCHOOL/Capstone/bringup/ChaosCore-FPGA/ChaosCoreFPGAConfig/ChaosCore/ChaosCore.srcs/sources_1/new/ChaosCoreTop.v:213]
WARNING: [Synth 8-7071] port 'serial_tl_0_in_ready' of module 'ChipTop' is unconnected for instance 'chiptop' [/mnt/Storage/SCHOOL/Capstone/bringup/ChaosCore-FPGA/ChaosCoreFPGAConfig/ChaosCore/ChaosCore.srcs/sources_1/new/ChaosCoreTop.v:213]
WARNING: [Synth 8-7071] port 'serial_tl_0_in_valid' of module 'ChipTop' is unconnected for instance 'chiptop' [/mnt/Storage/SCHOOL/Capstone/bringup/ChaosCore-FPGA/ChaosCoreFPGAConfig/ChaosCore/ChaosCore.srcs/sources_1/new/ChaosCoreTop.v:213]
WARNING: [Synth 8-7071] port 'serial_tl_0_in_bits_phit' of module 'ChipTop' is unconnected for instance 'chiptop' [/mnt/Storage/SCHOOL/Capstone/bringup/ChaosCore-FPGA/ChaosCoreFPGAConfig/ChaosCore/ChaosCore.srcs/sources_1/new/ChaosCoreTop.v:213]
WARNING: [Synth 8-7071] port 'serial_tl_0_out_ready' of module 'ChipTop' is unconnected for instance 'chiptop' [/mnt/Storage/SCHOOL/Capstone/bringup/ChaosCore-FPGA/ChaosCoreFPGAConfig/ChaosCore/ChaosCore.srcs/sources_1/new/ChaosCoreTop.v:213]
WARNING: [Synth 8-7071] port 'serial_tl_0_out_valid' of module 'ChipTop' is unconnected for instance 'chiptop' [/mnt/Storage/SCHOOL/Capstone/bringup/ChaosCore-FPGA/ChaosCoreFPGAConfig/ChaosCore/ChaosCore.srcs/sources_1/new/ChaosCoreTop.v:213]
WARNING: [Synth 8-7071] port 'serial_tl_0_out_bits_phit' of module 'ChipTop' is unconnected for instance 'chiptop' [/mnt/Storage/SCHOOL/Capstone/bringup/ChaosCore-FPGA/ChaosCoreFPGAConfig/ChaosCore/ChaosCore.srcs/sources_1/new/ChaosCoreTop.v:213]
WARNING: [Synth 8-7071] port 'serial_tl_0_clock_in' of module 'ChipTop' is unconnected for instance 'chiptop' [/mnt/Storage/SCHOOL/Capstone/bringup/ChaosCore-FPGA/ChaosCoreFPGAConfig/ChaosCore/ChaosCore.srcs/sources_1/new/ChaosCoreTop.v:213]
WARNING: [Synth 8-7023] instance 'chiptop' of module 'ChipTop' has 91 connections declared, but only 82 given [/mnt/Storage/SCHOOL/Capstone/bringup/ChaosCore-FPGA/ChaosCoreFPGAConfig/ChaosCore/ChaosCore.srcs/sources_1/new/ChaosCoreTop.v:213]
WARNING: [Synth 8-6014] Unused sequential element s2_pdata_r_corrupt_reg was removed.  [/mnt/Storage/SCHOOL/Capstone/ChaosCore-chipyard/sims/verilator/generated-src/chipyard.harness.TestHarness.ChaosCoreFPGAConfig/gen-collateral/SourceD.sv:346]
WARNING: [Synth 8-6014] Unused sequential element s3_pdata_corrupt_reg was removed.  [/mnt/Storage/SCHOOL/Capstone/ChaosCore-chipyard/sims/verilator/generated-src/chipyard.harness.TestHarness.ChaosCoreFPGAConfig/gen-collateral/SourceD.sv:363]
WARNING: [Synth 8-6014] Unused sequential element s4_need_pb_reg was removed.  [/mnt/Storage/SCHOOL/Capstone/ChaosCore-chipyard/sims/verilator/generated-src/chipyard.harness.TestHarness.ChaosCoreFPGAConfig/gen-collateral/SourceD.sv:371]
WARNING: [Synth 8-6014] Unused sequential element s4_pdata_corrupt_reg was removed.  [/mnt/Storage/SCHOOL/Capstone/ChaosCore-chipyard/sims/verilator/generated-src/chipyard.harness.TestHarness.ChaosCoreFPGAConfig/gen-collateral/SourceD.sv:379]
WARNING: [Synth 8-4767] Trying to implement RAM 'Memory_reg' in registers. Block RAM or DRAM implementation is not possible; see log for reasons.
Reason is one or more of the following :
	1: RAM has multiple writes via different ports in same process. If RAM inferencing intended, write to one port per process. 
	2: Unable to determine number of words or word size in RAM. 
	3: No valid read/write found for RAM. 
RAM "Memory_reg" dissolved into registers
WARNING: [Synth 8-4767] Trying to implement RAM 'Memory_reg' in registers. Block RAM or DRAM implementation is not possible; see log for reasons.
Reason is one or more of the following :
	1: RAM has multiple writes via different ports in same process. If RAM inferencing intended, write to one port per process. 
	2: Unable to determine number of words or word size in RAM. 
	3: No valid read/write found for RAM. 
RAM "Memory_reg" dissolved into registers
WARNING: [Synth 8-6014] Unused sequential element ram_RW_0_r_en_pipe_0_reg was removed.  [/mnt/Storage/SCHOOL/Capstone/ChaosCore-chipyard/sims/verilator/generated-src/chipyard.harness.TestHarness.ChaosCoreFPGAConfig/gen-collateral/chipyard.harness.TestHarness.ChaosCoreFPGAConfig.top.mems.v:1438]
WARNING: [Synth 8-6014] Unused sequential element ren1_reg was removed.  [/mnt/Storage/SCHOOL/Capstone/ChaosCore-chipyard/sims/verilator/generated-src/chipyard.harness.TestHarness.ChaosCoreFPGAConfig/gen-collateral/Directory.sv:192]
WARNING: [Synth 8-6014] Unused sequential element ram_RW_0_r_en_pipe_0_reg was removed.  [/mnt/Storage/SCHOOL/Capstone/ChaosCore-chipyard/sims/verilator/generated-src/chipyard.harness.TestHarness.ChaosCoreFPGAConfig/gen-collateral/chipyard.harness.TestHarness.ChaosCoreFPGAConfig.top.mems.v:1534]
WARNING: [Synth 8-4767] Trying to implement RAM 'Memory_reg' in registers. Block RAM or DRAM implementation is not possible; see log for reasons.
Reason is one or more of the following :
	1: RAM has multiple writes via different ports in same process. If RAM inferencing intended, write to one port per process. 
	2: Unable to determine number of words or word size in RAM. 
	3: No valid read/write found for RAM. 
RAM "Memory_reg" dissolved into registers
WARNING: [Synth 8-6014] Unused sequential element REG_reg was removed.  [/mnt/Storage/SCHOOL/Capstone/ChaosCore-chipyard/sims/verilator/generated-src/chipyard.harness.TestHarness.ChaosCoreFPGAConfig/gen-collateral/IDPool.sv:119]
WARNING: [Synth 8-6014] Unused sequential element ram_RW_0_r_en_pipe_0_reg was removed.  [/mnt/Storage/SCHOOL/Capstone/ChaosCore-chipyard/sims/verilator/generated-src/chipyard.harness.TestHarness.ChaosCoreFPGAConfig/gen-collateral/chipyard.harness.TestHarness.ChaosCoreFPGAConfig.top.mems.v:1631]
WARNING: [Synth 8-6014] Unused sequential element ram_RW_0_r_en_pipe_0_reg was removed.  [/mnt/Storage/SCHOOL/Capstone/ChaosCore-chipyard/sims/verilator/generated-src/chipyard.harness.TestHarness.ChaosCoreFPGAConfig/gen-collateral/chipyard.harness.TestHarness.ChaosCoreFPGAConfig.top.mems.v:1728]
WARNING: [Synth 8-6014] Unused sequential element ram_RW_0_r_en_pipe_0_reg was removed.  [/mnt/Storage/SCHOOL/Capstone/ChaosCore-chipyard/sims/verilator/generated-src/chipyard.harness.TestHarness.ChaosCoreFPGAConfig/gen-collateral/chipyard.harness.TestHarness.ChaosCoreFPGAConfig.top.mems.v:1825]
WARNING: [Synth 8-6014] Unused sequential element ram_R_0_en_pipe_0_reg was removed.  [/mnt/Storage/SCHOOL/Capstone/ChaosCore-chipyard/sims/verilator/generated-src/chipyard.harness.TestHarness.ChaosCoreFPGAConfig/gen-collateral/chipyard.harness.TestHarness.ChaosCoreFPGAConfig.top.mems.v:1924]
WARNING: [Synth 8-6014] Unused sequential element ram_R_0_en_pipe_0_reg was removed.  [/mnt/Storage/SCHOOL/Capstone/ChaosCore-chipyard/sims/verilator/generated-src/chipyard.harness.TestHarness.ChaosCoreFPGAConfig/gen-collateral/chipyard.harness.TestHarness.ChaosCoreFPGAConfig.top.mems.v:2024]
WARNING: [Synth 8-6014] Unused sequential element REG_reg was removed.  [/mnt/Storage/SCHOOL/Capstone/ChaosCore-chipyard/sims/verilator/generated-src/chipyard.harness.TestHarness.ChaosCoreFPGAConfig/gen-collateral/instruction_fetch_v3.sv:218]
WARNING: [Synth 8-6014] Unused sequential element io_fetch_packet_bits_valid_bits_0_REG_reg was removed.  [/mnt/Storage/SCHOOL/Capstone/ChaosCore-chipyard/sims/verilator/generated-src/chipyard.harness.TestHarness.ChaosCoreFPGAConfig/gen-collateral/instruction_fetch_v3.sv:208]
WARNING: [Synth 8-6014] Unused sequential element io_fetch_packet_bits_valid_bits_1_REG_reg was removed.  [/mnt/Storage/SCHOOL/Capstone/ChaosCore-chipyard/sims/verilator/generated-src/chipyard.harness.TestHarness.ChaosCoreFPGAConfig/gen-collateral/instruction_fetch_v3.sv:210]
WARNING: [Synth 8-6014] Unused sequential element io_fetch_packet_bits_valid_bits_2_REG_reg was removed.  [/mnt/Storage/SCHOOL/Capstone/ChaosCore-chipyard/sims/verilator/generated-src/chipyard.harness.TestHarness.ChaosCoreFPGAConfig/gen-collateral/instruction_fetch_v3.sv:212]
WARNING: [Synth 8-6014] Unused sequential element io_fetch_packet_bits_valid_bits_3_REG_reg was removed.  [/mnt/Storage/SCHOOL/Capstone/ChaosCore-chipyard/sims/verilator/generated-src/chipyard.harness.TestHarness.ChaosCoreFPGAConfig/gen-collateral/instruction_fetch_v3.sv:214]
WARNING: [Synth 8-3936] Found unconnected internal register 'prediction_T_NT_REG_reg' and it is trimmed from '32' to '3' bits. [/mnt/Storage/SCHOOL/Capstone/ChaosCore-chipyard/sims/verilator/generated-src/chipyard.harness.TestHarness.ChaosCoreFPGAConfig/gen-collateral/instruction_fetch_v3.sv:198]
WARNING: [Synth 8-6014] Unused sequential element ram_R_0_en_pipe_0_reg was removed.  [/mnt/Storage/SCHOOL/Capstone/ChaosCore-chipyard/sims/verilator/generated-src/chipyard.harness.TestHarness.ChaosCoreFPGAConfig/gen-collateral/chipyard.harness.TestHarness.ChaosCoreFPGAConfig.top.mems.v:2124]
WARNING: [Synth 8-6014] Unused sequential element ready_memory_0_reg was removed.  [/mnt/Storage/SCHOOL/Capstone/ChaosCore-chipyard/sims/verilator/generated-src/chipyard.harness.TestHarness.ChaosCoreFPGAConfig/gen-collateral/rename.sv:1551]
WARNING: [Synth 8-6014] Unused sequential element ram_R_0_en_pipe_0_reg was removed.  [/mnt/Storage/SCHOOL/Capstone/ChaosCore-chipyard/sims/verilator/generated-src/chipyard.harness.TestHarness.ChaosCoreFPGAConfig/gen-collateral/chipyard.harness.TestHarness.ChaosCoreFPGAConfig.top.mems.v:2227]
WARNING: [Synth 8-6014] Unused sequential element REG_3_reg was removed.  [/mnt/Storage/SCHOOL/Capstone/ChaosCore-chipyard/sims/verilator/generated-src/chipyard.harness.TestHarness.ChaosCoreFPGAConfig/gen-collateral/nRead1Write.sv:97]
WARNING: [Synth 8-6014] Unused sequential element REG_5_reg was removed.  [/mnt/Storage/SCHOOL/Capstone/ChaosCore-chipyard/sims/verilator/generated-src/chipyard.harness.TestHarness.ChaosCoreFPGAConfig/gen-collateral/nRead1Write.sv:99]
WARNING: [Synth 8-6014] Unused sequential element REG_7_reg was removed.  [/mnt/Storage/SCHOOL/Capstone/ChaosCore-chipyard/sims/verilator/generated-src/chipyard.harness.TestHarness.ChaosCoreFPGAConfig/gen-collateral/nRead1Write.sv:101]
WARNING: [Synth 8-6014] Unused sequential element REG_9_reg was removed.  [/mnt/Storage/SCHOOL/Capstone/ChaosCore-chipyard/sims/verilator/generated-src/chipyard.harness.TestHarness.ChaosCoreFPGAConfig/gen-collateral/nRead1Write.sv:103]
WARNING: [Synth 8-6014] Unused sequential element REG_11_reg was removed.  [/mnt/Storage/SCHOOL/Capstone/ChaosCore-chipyard/sims/verilator/generated-src/chipyard.harness.TestHarness.ChaosCoreFPGAConfig/gen-collateral/nRead1Write.sv:105]
WARNING: [Synth 8-6014] Unused sequential element REG_13_reg was removed.  [/mnt/Storage/SCHOOL/Capstone/ChaosCore-chipyard/sims/verilator/generated-src/chipyard.harness.TestHarness.ChaosCoreFPGAConfig/gen-collateral/nRead1Write.sv:107]
WARNING: [Synth 8-6014] Unused sequential element REG_15_reg was removed.  [/mnt/Storage/SCHOOL/Capstone/ChaosCore-chipyard/sims/verilator/generated-src/chipyard.harness.TestHarness.ChaosCoreFPGAConfig/gen-collateral/nRead1Write.sv:109]
WARNING: [Synth 8-6014] Unused sequential element FU_output_io_enq_bits_CTRL_REG_reg was removed.  [/mnt/Storage/SCHOOL/Capstone/ChaosCore-chipyard/sims/verilator/generated-src/chipyard.harness.TestHarness.ChaosCoreFPGAConfig/gen-collateral/branch_unit.sv:146]
WARNING: [Synth 8-6014] Unused sequential element FU_output_io_enq_bits_REG_wr_data_reg was removed.  [/mnt/Storage/SCHOOL/Capstone/ChaosCore-chipyard/sims/verilator/generated-src/chipyard.harness.TestHarness.ChaosCoreFPGAConfig/gen-collateral/CSR_FU.sv:1713]
WARNING: [Synth 8-6014] Unused sequential element FU_output_io_enq_bits_REG_LOADQ_index_reg was removed.  [/mnt/Storage/SCHOOL/Capstone/ChaosCore-chipyard/sims/verilator/generated-src/chipyard.harness.TestHarness.ChaosCoreFPGAConfig/gen-collateral/CSR_FU.sv:1714]
WARNING: [Synth 8-6014] Unused sequential element FU_output_io_enq_bits_REG_STOREQ_index_reg was removed.  [/mnt/Storage/SCHOOL/Capstone/ChaosCore-chipyard/sims/verilator/generated-src/chipyard.harness.TestHarness.ChaosCoreFPGAConfig/gen-collateral/CSR_FU.sv:1715]
WARNING: [Synth 8-6014] Unused sequential element FU_output_io_enq_bits_REG_branch_taken_reg was removed.  [/mnt/Storage/SCHOOL/Capstone/ChaosCore-chipyard/sims/verilator/generated-src/chipyard.harness.TestHarness.ChaosCoreFPGAConfig/gen-collateral/CSR_FU.sv:1704]
WARNING: [Synth 8-6014] Unused sequential element FU_output_io_enq_bits_REG_branch_valid_reg was removed.  [/mnt/Storage/SCHOOL/Capstone/ChaosCore-chipyard/sims/verilator/generated-src/chipyard.harness.TestHarness.ChaosCoreFPGAConfig/gen-collateral/CSR_FU.sv:1706]
WARNING: [Synth 8-6014] Unused sequential element ram_R_0_en_pipe_0_reg was removed.  [/mnt/Storage/SCHOOL/Capstone/ChaosCore-chipyard/sims/verilator/generated-src/chipyard.harness.TestHarness.ChaosCoreFPGAConfig/gen-collateral/chipyard.harness.TestHarness.ChaosCoreFPGAConfig.top.mems.v:2345]
WARNING: [Synth 8-6014] Unused sequential element ram_R_1_en_pipe_0_reg was removed.  [/mnt/Storage/SCHOOL/Capstone/ChaosCore-chipyard/sims/verilator/generated-src/chipyard.harness.TestHarness.ChaosCoreFPGAConfig/gen-collateral/chipyard.harness.TestHarness.ChaosCoreFPGAConfig.top.mems.v:2348]
WARNING: [Synth 8-6014] Unused sequential element ram_R_0_en_pipe_0_reg was removed.  [/mnt/Storage/SCHOOL/Capstone/ChaosCore-chipyard/sims/verilator/generated-src/chipyard.harness.TestHarness.ChaosCoreFPGAConfig/gen-collateral/chipyard.harness.TestHarness.ChaosCoreFPGAConfig.top.mems.v:2470]
WARNING: [Synth 8-6014] Unused sequential element ram_R_1_en_pipe_0_reg was removed.  [/mnt/Storage/SCHOOL/Capstone/ChaosCore-chipyard/sims/verilator/generated-src/chipyard.harness.TestHarness.ChaosCoreFPGAConfig/gen-collateral/chipyard.harness.TestHarness.ChaosCoreFPGAConfig.top.mems.v:2473]
WARNING: [Synth 8-6014] Unused sequential element ram_R_0_en_pipe_0_reg was removed.  [/mnt/Storage/SCHOOL/Capstone/ChaosCore-chipyard/sims/verilator/generated-src/chipyard.harness.TestHarness.ChaosCoreFPGAConfig/gen-collateral/chipyard.harness.TestHarness.ChaosCoreFPGAConfig.top.mems.v:2584]
WARNING: [Synth 8-6014] Unused sequential element icache_io_s1_paddr_REG_reg was removed.  [/mnt/Storage/SCHOOL/Capstone/ChaosCore-chipyard/sims/verilator/generated-src/chipyard.harness.TestHarness.ChaosCoreFPGAConfig/gen-collateral/ChaosCoreTile.sv:238]
WARNING: [Synth 8-6014] Unused sequential element icache_io_s2_vaddr_REG_reg was removed.  [/mnt/Storage/SCHOOL/Capstone/ChaosCore-chipyard/sims/verilator/generated-src/chipyard.harness.TestHarness.ChaosCoreFPGAConfig/gen-collateral/ChaosCoreTile.sv:239]
WARNING: [Synth 8-6014] Unused sequential element ram_RW_0_r_en_pipe_0_reg was removed.  [/mnt/Storage/SCHOOL/Capstone/ChaosCore-chipyard/sims/verilator/generated-src/chipyard.harness.TestHarness.ChaosCoreFPGAConfig/gen-collateral/chipyard.harness.TestHarness.ChaosCoreFPGAConfig.top.mems.v:2683]
WARNING: [Synth 8-6014] Unused sequential element data_1_reg was removed.  [/mnt/Storage/SCHOOL/Capstone/ChaosCore-chipyard/sims/verilator/generated-src/chipyard.harness.TestHarness.ChaosCoreFPGAConfig/gen-collateral/GenericDeserializer_TLBeatw87_f32.sv:73]
WARNING: [Synth 8-7129] Port clock in module TLMonitor_51 is either unconnected or has no load
WARNING: [Synth 8-7129] Port reset in module TLMonitor_51 is either unconnected or has no load
WARNING: [Synth 8-7129] Port io_in_a_ready in module TLMonitor_51 is either unconnected or has no load
WARNING: [Synth 8-7129] Port io_in_a_valid in module TLMonitor_51 is either unconnected or has no load
WARNING: [Synth 8-7129] Port io_in_a_bits_opcode[2] in module TLMonitor_51 is either unconnected or has no load
WARNING: [Synth 8-7129] Port io_in_a_bits_opcode[1] in module TLMonitor_51 is either unconnected or has no load
WARNING: [Synth 8-7129] Port io_in_a_bits_opcode[0] in module TLMonitor_51 is either unconnected or has no load
WARNING: [Synth 8-7129] Port io_in_a_bits_param[2] in module TLMonitor_51 is either unconnected or has no load
WARNING: [Synth 8-7129] Port io_in_a_bits_param[1] in module TLMonitor_51 is either unconnected or has no load
WARNING: [Synth 8-7129] Port io_in_a_bits_param[0] in module TLMonitor_51 is either unconnected or has no load
WARNING: [Synth 8-7129] Port io_in_a_bits_size[2] in module TLMonitor_51 is either unconnected or has no load
WARNING: [Synth 8-7129] Port io_in_a_bits_size[1] in module TLMonitor_51 is either unconnected or has no load
WARNING: [Synth 8-7129] Port io_in_a_bits_size[0] in module TLMonitor_51 is either unconnected or has no load
WARNING: [Synth 8-7129] Port io_in_a_bits_source[5] in module TLMonitor_51 is either unconnected or has no load
WARNING: [Synth 8-7129] Port io_in_a_bits_source[4] in module TLMonitor_51 is either unconnected or has no load
WARNING: [Synth 8-7129] Port io_in_a_bits_source[3] in module TLMonitor_51 is either unconnected or has no load
WARNING: [Synth 8-7129] Port io_in_a_bits_source[2] in module TLMonitor_51 is either unconnected or has no load
WARNING: [Synth 8-7129] Port io_in_a_bits_source[1] in module TLMonitor_51 is either unconnected or has no load
WARNING: [Synth 8-7129] Port io_in_a_bits_source[0] in module TLMonitor_51 is either unconnected or has no load
WARNING: [Synth 8-7129] Port io_in_a_bits_address[20] in module TLMonitor_51 is either unconnected or has no load
WARNING: [Synth 8-7129] Port io_in_a_bits_address[19] in module TLMonitor_51 is either unconnected or has no load
WARNING: [Synth 8-7129] Port io_in_a_bits_address[18] in module TLMonitor_51 is either unconnected or has no load
WARNING: [Synth 8-7129] Port io_in_a_bits_address[17] in module TLMonitor_51 is either unconnected or has no load
WARNING: [Synth 8-7129] Port io_in_a_bits_address[16] in module TLMonitor_51 is either unconnected or has no load
WARNING: [Synth 8-7129] Port io_in_a_bits_address[15] in module TLMonitor_51 is either unconnected or has no load
WARNING: [Synth 8-7129] Port io_in_a_bits_address[14] in module TLMonitor_51 is either unconnected or has no load
WARNING: [Synth 8-7129] Port io_in_a_bits_address[13] in module TLMonitor_51 is either unconnected or has no load
WARNING: [Synth 8-7129] Port io_in_a_bits_address[12] in module TLMonitor_51 is either unconnected or has no load
WARNING: [Synth 8-7129] Port io_in_a_bits_address[11] in module TLMonitor_51 is either unconnected or has no load
WARNING: [Synth 8-7129] Port io_in_a_bits_address[10] in module TLMonitor_51 is either unconnected or has no load
WARNING: [Synth 8-7129] Port io_in_a_bits_address[9] in module TLMonitor_51 is either unconnected or has no load
WARNING: [Synth 8-7129] Port io_in_a_bits_address[8] in module TLMonitor_51 is either unconnected or has no load
WARNING: [Synth 8-7129] Port io_in_a_bits_address[7] in module TLMonitor_51 is either unconnected or has no load
WARNING: [Synth 8-7129] Port io_in_a_bits_address[6] in module TLMonitor_51 is either unconnected or has no load
WARNING: [Synth 8-7129] Port io_in_a_bits_address[5] in module TLMonitor_51 is either unconnected or has no load
WARNING: [Synth 8-7129] Port io_in_a_bits_address[4] in module TLMonitor_51 is either unconnected or has no load
WARNING: [Synth 8-7129] Port io_in_a_bits_address[3] in module TLMonitor_51 is either unconnected or has no load
WARNING: [Synth 8-7129] Port io_in_a_bits_address[2] in module TLMonitor_51 is either unconnected or has no load
WARNING: [Synth 8-7129] Port io_in_a_bits_address[1] in module TLMonitor_51 is either unconnected or has no load
WARNING: [Synth 8-7129] Port io_in_a_bits_address[0] in module TLMonitor_51 is either unconnected or has no load
WARNING: [Synth 8-7129] Port io_in_a_bits_mask[7] in module TLMonitor_51 is either unconnected or has no load
WARNING: [Synth 8-7129] Port io_in_a_bits_mask[6] in module TLMonitor_51 is either unconnected or has no load
WARNING: [Synth 8-7129] Port io_in_a_bits_mask[5] in module TLMonitor_51 is either unconnected or has no load
WARNING: [Synth 8-7129] Port io_in_a_bits_mask[4] in module TLMonitor_51 is either unconnected or has no load
WARNING: [Synth 8-7129] Port io_in_a_bits_mask[3] in module TLMonitor_51 is either unconnected or has no load
WARNING: [Synth 8-7129] Port io_in_a_bits_mask[2] in module TLMonitor_51 is either unconnected or has no load
WARNING: [Synth 8-7129] Port io_in_a_bits_mask[1] in module TLMonitor_51 is either unconnected or has no load
WARNING: [Synth 8-7129] Port io_in_a_bits_mask[0] in module TLMonitor_51 is either unconnected or has no load
WARNING: [Synth 8-7129] Port io_in_a_bits_corrupt in module TLMonitor_51 is either unconnected or has no load
WARNING: [Synth 8-7129] Port io_in_d_ready in module TLMonitor_51 is either unconnected or has no load
WARNING: [Synth 8-7129] Port io_in_d_valid in module TLMonitor_51 is either unconnected or has no load
WARNING: [Synth 8-7129] Port io_in_d_bits_opcode[2] in module TLMonitor_51 is either unconnected or has no load
WARNING: [Synth 8-7129] Port io_in_d_bits_opcode[1] in module TLMonitor_51 is either unconnected or has no load
WARNING: [Synth 8-7129] Port io_in_d_bits_opcode[0] in module TLMonitor_51 is either unconnected or has no load
WARNING: [Synth 8-7129] Port io_in_d_bits_size[2] in module TLMonitor_51 is either unconnected or has no load
WARNING: [Synth 8-7129] Port io_in_d_bits_size[1] in module TLMonitor_51 is either unconnected or has no load
WARNING: [Synth 8-7129] Port io_in_d_bits_size[0] in module TLMonitor_51 is either unconnected or has no load
WARNING: [Synth 8-7129] Port io_in_d_bits_source[5] in module TLMonitor_51 is either unconnected or has no load
WARNING: [Synth 8-7129] Port io_in_d_bits_source[4] in module TLMonitor_51 is either unconnected or has no load
WARNING: [Synth 8-7129] Port io_in_d_bits_source[3] in module TLMonitor_51 is either unconnected or has no load
WARNING: [Synth 8-7129] Port io_in_d_bits_source[2] in module TLMonitor_51 is either unconnected or has no load
WARNING: [Synth 8-7129] Port io_in_d_bits_source[1] in module TLMonitor_51 is either unconnected or has no load
WARNING: [Synth 8-7129] Port io_in_d_bits_source[0] in module TLMonitor_51 is either unconnected or has no load
WARNING: [Synth 8-7129] Port clock in module TLMonitor_50 is either unconnected or has no load
WARNING: [Synth 8-7129] Port reset in module TLMonitor_50 is either unconnected or has no load
WARNING: [Synth 8-7129] Port io_in_a_ready in module TLMonitor_50 is either unconnected or has no load
WARNING: [Synth 8-7129] Port io_in_a_valid in module TLMonitor_50 is either unconnected or has no load
WARNING: [Synth 8-7129] Port io_in_a_bits_opcode[2] in module TLMonitor_50 is either unconnected or has no load
WARNING: [Synth 8-7129] Port io_in_a_bits_opcode[1] in module TLMonitor_50 is either unconnected or has no load
WARNING: [Synth 8-7129] Port io_in_a_bits_opcode[0] in module TLMonitor_50 is either unconnected or has no load
WARNING: [Synth 8-7129] Port io_in_a_bits_param[2] in module TLMonitor_50 is either unconnected or has no load
WARNING: [Synth 8-7129] Port io_in_a_bits_param[1] in module TLMonitor_50 is either unconnected or has no load
WARNING: [Synth 8-7129] Port io_in_a_bits_param[0] in module TLMonitor_50 is either unconnected or has no load
WARNING: [Synth 8-7129] Port io_in_a_bits_size[1] in module TLMonitor_50 is either unconnected or has no load
WARNING: [Synth 8-7129] Port io_in_a_bits_size[0] in module TLMonitor_50 is either unconnected or has no load
WARNING: [Synth 8-7129] Port io_in_a_bits_source[9] in module TLMonitor_50 is either unconnected or has no load
WARNING: [Synth 8-7129] Port io_in_a_bits_source[8] in module TLMonitor_50 is either unconnected or has no load
WARNING: [Synth 8-7129] Port io_in_a_bits_source[7] in module TLMonitor_50 is either unconnected or has no load
WARNING: [Synth 8-7129] Port io_in_a_bits_source[6] in module TLMonitor_50 is either unconnected or has no load
WARNING: [Synth 8-7129] Port io_in_a_bits_source[5] in module TLMonitor_50 is either unconnected or has no load
WARNING: [Synth 8-7129] Port io_in_a_bits_source[4] in module TLMonitor_50 is either unconnected or has no load
WARNING: [Synth 8-7129] Port io_in_a_bits_source[3] in module TLMonitor_50 is either unconnected or has no load
WARNING: [Synth 8-7129] Port io_in_a_bits_source[2] in module TLMonitor_50 is either unconnected or has no load
WARNING: [Synth 8-7129] Port io_in_a_bits_source[1] in module TLMonitor_50 is either unconnected or has no load
WARNING: [Synth 8-7129] Port io_in_a_bits_source[0] in module TLMonitor_50 is either unconnected or has no load
WARNING: [Synth 8-7129] Port io_in_a_bits_address[20] in module TLMonitor_50 is either unconnected or has no load
WARNING: [Synth 8-7129] Port io_in_a_bits_address[19] in module TLMonitor_50 is either unconnected or has no load
WARNING: [Synth 8-7129] Port io_in_a_bits_address[18] in module TLMonitor_50 is either unconnected or has no load
WARNING: [Synth 8-7129] Port io_in_a_bits_address[17] in module TLMonitor_50 is either unconnected or has no load
WARNING: [Synth 8-7129] Port io_in_a_bits_address[16] in module TLMonitor_50 is either unconnected or has no load
WARNING: [Synth 8-7129] Port io_in_a_bits_address[15] in module TLMonitor_50 is either unconnected or has no load
WARNING: [Synth 8-7129] Port io_in_a_bits_address[14] in module TLMonitor_50 is either unconnected or has no load
WARNING: [Synth 8-7129] Port io_in_a_bits_address[13] in module TLMonitor_50 is either unconnected or has no load
WARNING: [Synth 8-7129] Port io_in_a_bits_address[12] in module TLMonitor_50 is either unconnected or has no load
WARNING: [Synth 8-7129] Port io_in_a_bits_address[11] in module TLMonitor_50 is either unconnected or has no load
WARNING: [Synth 8-7129] Port io_in_a_bits_address[10] in module TLMonitor_50 is either unconnected or has no load
WARNING: [Synth 8-7129] Port io_in_a_bits_address[9] in module TLMonitor_50 is either unconnected or has no load
WARNING: [Synth 8-7129] Port io_in_a_bits_address[8] in module TLMonitor_50 is either unconnected or has no load
WARNING: [Synth 8-7129] Port io_in_a_bits_address[7] in module TLMonitor_50 is either unconnected or has no load
WARNING: [Synth 8-7129] Port io_in_a_bits_address[6] in module TLMonitor_50 is either unconnected or has no load
INFO: [Common 17-14] Message 'Synth 8-7129' appears 100 times and further instances of the messages will be disabled. Use the Tcl command set_msg_config to change the current settings.
---------------------------------------------------------------------------------
Finished RTL Elaboration : Time (s): cpu = 00:00:21 ; elapsed = 00:00:24 . Memory (MB): peak = 3504.820 ; gain = 1250.688 ; free physical = 2441 ; free virtual = 24039
---------------------------------------------------------------------------------
---------------------------------------------------------------------------------
Start Handling Custom Attributes
---------------------------------------------------------------------------------
---------------------------------------------------------------------------------
Finished Handling Custom Attributes : Time (s): cpu = 00:00:23 ; elapsed = 00:00:27 . Memory (MB): peak = 3504.820 ; gain = 1250.688 ; free physical = 2449 ; free virtual = 24047
---------------------------------------------------------------------------------
---------------------------------------------------------------------------------
Finished RTL Optimization Phase 1 : Time (s): cpu = 00:00:23 ; elapsed = 00:00:27 . Memory (MB): peak = 3504.820 ; gain = 1250.688 ; free physical = 2449 ; free virtual = 24047
---------------------------------------------------------------------------------
Netlist sorting complete. Time (s): cpu = 00:00:01 ; elapsed = 00:00:01 . Memory (MB): peak = 3504.820 ; gain = 0.000 ; free physical = 2454 ; free virtual = 24052
INFO: [Project 1-570] Preparing netlist for logic optimization

Processing XDC Constraints
Initializing timing engine
Completed Processing XDC Constraints

Netlist sorting complete. Time (s): cpu = 00:00:00.01 ; elapsed = 00:00:00.01 . Memory (MB): peak = 3631.840 ; gain = 0.000 ; free physical = 2376 ; free virtual = 23984
INFO: [Project 1-111] Unisim Transformation Summary:
No Unisim elements were transformed.

WARNING: [Synth 8-3936] Found unconnected internal register 'cam_a_0_bits_opcode_reg' and it is trimmed from '3' to '1' bits. [/mnt/Storage/SCHOOL/Capstone/ChaosCore-chipyard/sims/verilator/generated-src/chipyard.harness.TestHarness.ChaosCoreFPGAConfig/gen-collateral/TLAtomicAutomata_pbus.sv:286]
WARNING: [Synth 8-3936] Found unconnected internal register 'cam_a_0_bits_opcode_reg' and it is trimmed from '3' to '1' bits. [/mnt/Storage/SCHOOL/Capstone/ChaosCore-chipyard/sims/verilator/generated-src/chipyard.harness.TestHarness.ChaosCoreFPGAConfig/gen-collateral/TLAtomicAutomata_cbus.sv:289]
WARNING: [Synth 8-3936] Found unconnected internal register 'ram_reg' and it is trimmed from '103' to '16' bits. [/mnt/Storage/SCHOOL/Capstone/ChaosCore-chipyard/sims/verilator/generated-src/chipyard.harness.TestHarness.ChaosCoreFPGAConfig/gen-collateral/Queue1_TLBundleA_a14d64s6k1z4u.sv:71]
INFO: [Synth 8-802] inferred FSM for state register 'state_reg' in module 'PeripheryBus_cbus'
WARNING: [Synth 8-3936] Found unconnected internal register 'param_r_reg' and it is trimmed from '3' to '2' bits. [/mnt/Storage/SCHOOL/Capstone/ChaosCore-chipyard/sims/verilator/generated-src/chipyard.harness.TestHarness.ChaosCoreFPGAConfig/gen-collateral/SourceB.sv:104]
WARNING: [Synth 8-3936] Found unconnected internal register 'req_addr_reg' and it is trimmed from '32' to '31' bits. [/mnt/Storage/SCHOOL/Capstone/ChaosCore-chipyard/sims/verilator/generated-src/chipyard.harness.TestHarness.ChaosCoreFPGAConfig/gen-collateral/MSHR_7.sv:126]
WARNING: [Synth 8-3936] Found unconnected internal register 'req_addr_reg' and it is trimmed from '32' to '31' bits. [/mnt/Storage/SCHOOL/Capstone/ChaosCore-chipyard/sims/verilator/generated-src/chipyard.harness.TestHarness.ChaosCoreFPGAConfig/gen-collateral/MSHR_8.sv:126]
WARNING: [Synth 8-3936] Found unconnected internal register 'req_addr_reg' and it is trimmed from '32' to '31' bits. [/mnt/Storage/SCHOOL/Capstone/ChaosCore-chipyard/sims/verilator/generated-src/chipyard.harness.TestHarness.ChaosCoreFPGAConfig/gen-collateral/MSHR_9.sv:126]
WARNING: [Synth 8-3936] Found unconnected internal register 'req_addr_reg' and it is trimmed from '32' to '31' bits. [/mnt/Storage/SCHOOL/Capstone/ChaosCore-chipyard/sims/verilator/generated-src/chipyard.harness.TestHarness.ChaosCoreFPGAConfig/gen-collateral/MSHR_10.sv:126]
WARNING: [Synth 8-3936] Found unconnected internal register 'r_raddr_reg' and it is trimmed from '12' to '4' bits. [/mnt/Storage/SCHOOL/Capstone/ChaosCore-chipyard/sims/verilator/generated-src/chipyard.harness.TestHarness.ChaosCoreFPGAConfig/gen-collateral/DataArray.sv:104]
WARNING: [Synth 8-3936] Found unconnected internal register 'data_0_reg' and it is trimmed from '32' to '2' bits. [/mnt/Storage/SCHOOL/Capstone/ChaosCore-chipyard/sims/verilator/generated-src/chipyard.harness.TestHarness.ChaosCoreFPGAConfig/gen-collateral/GenericDeserializer_TLBeatw87_f32.sv:69]
WARNING: [Synth 8-3936] Found unconnected internal register 'channel_vec_0_reg' and it is trimmed from '32' to '3' bits. [/mnt/Storage/SCHOOL/Capstone/ChaosCore-chipyard/sims/verilator/generated-src/chipyard.harness.TestHarness.ChaosCoreFPGAConfig/gen-collateral/PhitDemux_p32_f32_n5.sv:72]
---------------------------------------------------------------------------------------------------
                   State |                     New Encoding |                Previous Encoding 
---------------------------------------------------------------------------------------------------
                 iSTATE6 |                           000001 |                              000
                 iSTATE5 |                           000010 |                              001
                 iSTATE4 |                           000100 |                              010
                 iSTATE3 |                           001000 |                              011
                 iSTATE2 |                           010000 |                              100
                 iSTATE1 |                           100000 |                              101
---------------------------------------------------------------------------------------------------
INFO: [Synth 8-3354] encoded FSM with state register 'state_reg' using encoding 'one-hot' in module 'PeripheryBus_cbus'
WARNING: [Synth 8-6430] The Block RAM "split_cc_dir_ext:/ram_reg" may get memory collision error if read and write address collide. Use attribute (* rw_addr_collision= "yes" *) to avoid collision 
WARNING: [Synth 8-6430] The Block RAM "split_cc_banks_0_ext:/ram_reg" may get memory collision error if read and write address collide. Use attribute (* rw_addr_collision= "yes" *) to avoid collision 
INFO: [Synth 8-6904] The RAM "split_ChaosCore_tile_icache_tag_array_ext:/ram_reg" of size (depth=64 x width=20) is automatically implemented using LUTRAM. BRAM implementation would be inefficient 
WARNING: [Synth 8-6430] The Block RAM "split_ChaosCore_tile_icache_data_arrays_0_ext:/ram_reg" may get memory collision error if read and write address collide. Use attribute (* rw_addr_collision= "yes" *) to avoid collision 
INFO: [Synth 8-6904] The RAM "split_tag_array_ext:/ram_reg" of size (depth=64 x width=21) is automatically implemented using LUTRAM. BRAM implementation would be inefficient 
WARNING: [Synth 8-6430] The Block RAM "split_array_0_0_ext:/ram_reg" may get memory collision error if read and write address collide. Use attribute (* rw_addr_collision= "yes" *) to avoid collision 
WARNING: [Synth 8-6430] The Block RAM "split_mem_ext:/ram_reg" may get memory collision error if read and write address collide. Use attribute (* rw_addr_collision= "yes" *) to avoid collision 
INFO: [Synth 8-6904] The RAM "split_ram_ext:/ram_reg" of size (depth=16 x width=561) is automatically implemented using LUTRAM. BRAM implementation would be inefficient 
INFO: [Synth 8-6904] The RAM "split_memories_0_ext:/ram_reg" of size (depth=65 x width=32) is automatically implemented using LUTRAM. BRAM implementation would be inefficient 
INFO: [Synth 8-6904] The RAM "split_insn_mem_ext:/ram_reg" of size (depth=64 x width=113) is automatically implemented using LUTRAM. BRAM implementation would be inefficient 
INFO: [Synth 8-6904] The RAM "split_shared_mem_ext:/ram_reg" of size (depth=64 x width=109) is automatically implemented using LUTRAM. BRAM implementation would be inefficient 
INFO: [Synth 8-6904] The RAM "split_mem_0_ext:/ram_reg" of size (depth=64 x width=33) is automatically implemented using LUTRAM. BRAM implementation would be inefficient 
WARNING: [Synth 8-6430] The Block RAM "split_mem_1_ext:/ram_reg" may get memory collision error if read and write address collide. Use attribute (* rw_addr_collision= "yes" *) to avoid collision 
---------------------------------------------------------------------------------
Finished RTL Optimization Phase 2 : Time (s): cpu = 00:01:11 ; elapsed = 00:01:17 . Memory (MB): peak = 3676.664 ; gain = 1422.531 ; free physical = 394 ; free virtual = 19138
---------------------------------------------------------------------------------
INFO: [Synth 8-223] decloning instance 'inst/chiptop/system/sbus/system_bus_xbar/monitor/plusarg_reader' (plusarg_reader) to 'inst/chiptop/system/sbus/system_bus_xbar/monitor/plusarg_reader_1'
INFO: [Synth 8-223] decloning instance 'inst/chiptop/system/sbus/system_bus_xbar/monitor_1/plusarg_reader' (plusarg_reader) to 'inst/chiptop/system/sbus/system_bus_xbar/monitor_1/plusarg_reader_1'
INFO: [Synth 8-223] decloning instance 'inst/chiptop/system/sbus/coupler_to_port_named_mmio_port_axi4/tl2axi4/monitor/plusarg_reader' (plusarg_reader) to 'inst/chiptop/system/sbus/coupler_to_port_named_mmio_port_axi4/tl2axi4/monitor/plusarg_reader_1'
INFO: [Synth 8-223] decloning instance 'inst/chiptop/system/pbus/out_xbar/monitor/plusarg_reader' (plusarg_reader) to 'inst/chiptop/system/pbus/out_xbar/monitor/plusarg_reader_1'
INFO: [Synth 8-223] decloning instance 'inst/chiptop/system/pbus/buffer/monitor/plusarg_reader' (plusarg_reader) to 'inst/chiptop/system/pbus/buffer/monitor/plusarg_reader_1'
INFO: [Synth 8-223] decloning instance 'inst/chiptop/system/pbus/atomics/monitor/plusarg_reader' (plusarg_reader) to 'inst/chiptop/system/pbus/atomics/monitor/plusarg_reader_1'
INFO: [Synth 8-223] decloning instance 'inst/chiptop/system/pbus/buffer_1/monitor/plusarg_reader' (plusarg_reader) to 'inst/chiptop/system/pbus/buffer_1/monitor/plusarg_reader_1'
INFO: [Synth 8-223] decloning instance 'inst/chiptop/system/pbus/coupler_to_bootaddressreg/fragmenter/monitor/plusarg_reader' (plusarg_reader) to 'inst/chiptop/system/pbus/coupler_to_bootaddressreg/fragmenter/monitor/plusarg_reader_1'
INFO: [Synth 8-223] decloning instance 'inst/chiptop/system/pbus/coupler_to_device_named_uart_0/fragmenter/monitor/plusarg_reader' (plusarg_reader) to 'inst/chiptop/system/pbus/coupler_to_device_named_uart_0/fragmenter/monitor/plusarg_reader_1'
INFO: [Synth 8-223] decloning instance 'inst/chiptop/system/pbus/monitor/plusarg_reader' (plusarg_reader) to 'inst/chiptop/system/pbus/monitor/plusarg_reader_1'
INFO: [Synth 8-223] decloning instance 'inst/chiptop/system/fbus_buffer/monitor/plusarg_reader' (plusarg_reader) to 'inst/chiptop/system/fbus_buffer/monitor/plusarg_reader_1'
INFO: [Synth 8-223] decloning instance 'inst/chiptop/system/fbus_coupler_from_port_named_serial_tl_0_in/buffer/monitor/plusarg_reader' (plusarg_reader) to 'inst/chiptop/system/fbus_coupler_from_port_named_serial_tl_0_in/buffer/monitor/plusarg_reader_1'
INFO: [Synth 8-223] decloning instance 'inst/chiptop/system/cbus/in_xbar/monitor/plusarg_reader' (plusarg_reader) to 'inst/chiptop/system/cbus/in_xbar/monitor/plusarg_reader_1'
INFO: [Synth 8-223] decloning instance 'inst/chiptop/system/cbus/in_xbar/monitor_1/plusarg_reader' (plusarg_reader) to 'inst/chiptop/system/cbus/in_xbar/monitor_1/plusarg_reader_1'
INFO: [Synth 8-223] decloning instance 'inst/chiptop/system/cbus/out_xbar/monitor/plusarg_reader' (plusarg_reader) to 'inst/chiptop/system/cbus/out_xbar/monitor/plusarg_reader_1'
INFO: [Synth 8-223] decloning instance 'inst/chiptop/system/cbus/buffer/monitor/plusarg_reader' (plusarg_reader) to 'inst/chiptop/system/cbus/buffer/monitor/plusarg_reader_1'
INFO: [Synth 8-223] decloning instance 'inst/chiptop/system/cbus/atomics/monitor/plusarg_reader' (plusarg_reader) to 'inst/chiptop/system/cbus/atomics/monitor/plusarg_reader_1'
INFO: [Synth 8-223] decloning instance 'inst/chiptop/system/cbus/wrapped_error_device/error/monitor/plusarg_reader' (plusarg_reader) to 'inst/chiptop/system/cbus/wrapped_error_device/error/monitor/plusarg_reader_1'
INFO: [Synth 8-223] decloning instance 'inst/chiptop/system/cbus/wrapped_error_device/buffer/monitor/plusarg_reader' (plusarg_reader) to 'inst/chiptop/system/cbus/wrapped_error_device/buffer/monitor/plusarg_reader_1'
INFO: [Synth 8-223] decloning instance 'inst/chiptop/system/cbus/coupler_to_l2_ctrl/buffer/monitor/plusarg_reader' (plusarg_reader) to 'inst/chiptop/system/cbus/coupler_to_l2_ctrl/buffer/monitor/plusarg_reader_1'
INFO: [Synth 8-223] decloning instance 'inst/chiptop/system/cbus/coupler_to_l2_ctrl/fragmenter/monitor/plusarg_reader' (plusarg_reader) to 'inst/chiptop/system/cbus/coupler_to_l2_ctrl/fragmenter/monitor/plusarg_reader_1'
INFO: [Synth 8-223] decloning instance 'inst/chiptop/system/cbus/coupler_to_clint/fragmenter/monitor/plusarg_reader' (plusarg_reader) to 'inst/chiptop/system/cbus/coupler_to_clint/fragmenter/monitor/plusarg_reader_1'
INFO: [Synth 8-223] decloning instance 'inst/chiptop/system/cbus/coupler_to_plic/fragmenter/monitor/plusarg_reader' (plusarg_reader) to 'inst/chiptop/system/cbus/coupler_to_plic/fragmenter/monitor/plusarg_reader_1'
INFO: [Synth 8-223] decloning instance 'inst/chiptop/system/cbus/coupler_to_bootrom/fragmenter/monitor/plusarg_reader' (plusarg_reader) to 'inst/chiptop/system/cbus/coupler_to_bootrom/fragmenter/monitor/plusarg_reader_1'
INFO: [Synth 8-223] decloning instance 'inst/chiptop/system/cbus/coupler_to_prci_ctrl/buffer/monitor/plusarg_reader' (plusarg_reader) to 'inst/chiptop/system/cbus/coupler_to_prci_ctrl/buffer/monitor/plusarg_reader_1'
INFO: [Synth 8-223] decloning instance 'inst/chiptop/system/mbus/mbus_xbar/monitor/plusarg_reader' (plusarg_reader) to 'inst/chiptop/system/mbus/mbus_xbar/monitor/plusarg_reader_1'
INFO: [Synth 8-223] decloning instance 'inst/chiptop/system/mbus/picker/monitor/plusarg_reader' (plusarg_reader) to 'inst/chiptop/system/mbus/picker/monitor/plusarg_reader_1'
INFO: [Synth 8-223] decloning instance 'inst/chiptop/system/mbus/picker/monitor_1/plusarg_reader' (plusarg_reader) to 'inst/chiptop/system/mbus/picker/monitor_1/plusarg_reader_1'
INFO: [Synth 8-223] decloning instance 'inst/chiptop/system/mbus/coupler_to_memory_controller_port_named_axi4/tl2axi4/monitor/plusarg_reader' (plusarg_reader) to 'inst/chiptop/system/mbus/coupler_to_memory_controller_port_named_axi4/tl2axi4/monitor/plusarg_reader_1'
INFO: [Synth 8-223] decloning instance 'inst/chiptop/system/mbus/buffer_1/monitor/plusarg_reader' (plusarg_reader) to 'inst/chiptop/system/mbus/buffer_1/monitor/plusarg_reader_1'
INFO: [Synth 8-223] decloning instance 'inst/chiptop/system/coh_wrapper/l2/ctrls/monitor/plusarg_reader' (plusarg_reader) to 'inst/chiptop/system/coh_wrapper/l2/ctrls/monitor/plusarg_reader_1'
INFO: [Synth 8-223] decloning instance 'inst/chiptop/system/coh_wrapper/l2/monitor/plusarg_reader' (plusarg_reader) to 'inst/chiptop/system/coh_wrapper/l2/monitor/plusarg_reader_1'
INFO: [Synth 8-223] decloning instance 'inst/chiptop/system/coh_wrapper/InclusiveCache_inner_TLBuffer/monitor/plusarg_reader' (plusarg_reader) to 'inst/chiptop/system/coh_wrapper/InclusiveCache_inner_TLBuffer/monitor/plusarg_reader_1'
INFO: [Synth 8-223] decloning instance 'inst/chiptop/system/coh_wrapper/cork/monitor/plusarg_reader' (plusarg_reader) to 'inst/chiptop/system/coh_wrapper/cork/monitor/plusarg_reader_1'
INFO: [Synth 8-223] decloning instance 'inst/chiptop/system/coh_wrapper/binder/monitor/plusarg_reader' (plusarg_reader) to 'inst/chiptop/system/coh_wrapper/binder/monitor/plusarg_reader_1'
INFO: [Synth 8-223] decloning instance 'inst/chiptop/system/tile_prci_domain/element_reset_domain_ChaosCore_tile/tlMasterXbar/monitor/plusarg_reader' (plusarg_reader) to 'inst/chiptop/system/tile_prci_domain/element_reset_domain_ChaosCore_tile/tlMasterXbar/monitor/plusarg_reader_1'
INFO: [Synth 8-223] decloning instance 'inst/chiptop/system/tile_prci_domain/element_reset_domain_ChaosCore_tile/tlMasterXbar/monitor_1/plusarg_reader' (plusarg_reader) to 'inst/chiptop/system/tile_prci_domain/element_reset_domain_ChaosCore_tile/tlMasterXbar/monitor_1/plusarg_reader_1'
INFO: [Synth 8-223] decloning instance 'inst/chiptop/system/tile_prci_domain/element_reset_domain_ChaosCore_tile/widget/monitor/plusarg_reader' (plusarg_reader) to 'inst/chiptop/system/tile_prci_domain/element_reset_domain_ChaosCore_tile/widget/monitor/plusarg_reader_1'
INFO: [Synth 8-223] decloning instance 'inst/chiptop/system/tile_prci_domain/element_reset_domain_ChaosCore_tile/widget_1/monitor/plusarg_reader' (plusarg_reader) to 'inst/chiptop/system/tile_prci_domain/element_reset_domain_ChaosCore_tile/widget_1/monitor/plusarg_reader_1'
INFO: [Synth 8-223] decloning instance 'inst/chiptop/system/tile_prci_domain/element_reset_domain_ChaosCore_tile/dcache/dtlb/entries_barrier' (OptimizationBarrier_TLBEntryData) to 'inst/chiptop/system/tile_prci_domain/element_reset_domain_ChaosCore_tile/dcache/dtlb/entries_barrier_1'
INFO: [Synth 8-223] decloning instance 'inst/chiptop/system/tile_prci_domain/element_reset_domain_ChaosCore_tile/dcache/dtlb/entries_barrier' (OptimizationBarrier_TLBEntryData) to 'inst/chiptop/system/tile_prci_domain/element_reset_domain_ChaosCore_tile/dcache/dtlb/entries_barrier_2'
INFO: [Synth 8-223] decloning instance 'inst/chiptop/system/tile_prci_domain/element_reset_domain_ChaosCore_tile/dcache/dtlb/entries_barrier' (OptimizationBarrier_TLBEntryData) to 'inst/chiptop/system/tile_prci_domain/element_reset_domain_ChaosCore_tile/dcache/dtlb/entries_barrier_3'
INFO: [Synth 8-223] decloning instance 'inst/chiptop/system/tile_prci_domain/element_reset_domain_ChaosCore_tile/dcache/dtlb/entries_barrier' (OptimizationBarrier_TLBEntryData) to 'inst/chiptop/system/tile_prci_domain/element_reset_domain_ChaosCore_tile/dcache/dtlb/entries_barrier_4'
INFO: [Synth 8-223] decloning instance 'inst/chiptop/system/tile_prci_domain/element_reset_domain_ChaosCore_tile/dcache/dtlb/entries_barrier' (OptimizationBarrier_TLBEntryData) to 'inst/chiptop/system/tile_prci_domain/element_reset_domain_ChaosCore_tile/dcache/dtlb/entries_barrier_5'
INFO: [Synth 8-223] decloning instance 'inst/chiptop/system/tile_prci_domain/element_reset_domain_ChaosCore_tile/dcache/dtlb/entries_barrier' (OptimizationBarrier_TLBEntryData) to 'inst/chiptop/system/tile_prci_domain/element_reset_domain_ChaosCore_tile/dcache/dtlb/entries_barrier_6'
INFO: [Synth 8-223] decloning instance 'inst/chiptop/system/tile_prci_domain/element_reset_domain_ChaosCore_tile/dcache/dtlb/entries_barrier' (OptimizationBarrier_TLBEntryData) to 'inst/chiptop/system/tile_prci_domain/element_reset_domain_ChaosCore_tile/dcache/dtlb/entries_barrier_7'
INFO: [Synth 8-223] decloning instance 'inst/chiptop/system/tile_prci_domain/element_reset_domain_ChaosCore_tile/dcache/dtlb/entries_barrier' (OptimizationBarrier_TLBEntryData) to 'inst/chiptop/system/tile_prci_domain/element_reset_domain_ChaosCore_tile/dcache/dtlb/entries_barrier_8'
INFO: [Synth 8-223] decloning instance 'inst/chiptop/system/tile_prci_domain/element_reset_domain_ChaosCore_tile/dcache/dtlb/entries_barrier' (OptimizationBarrier_TLBEntryData) to 'inst/chiptop/system/tile_prci_domain/element_reset_domain_ChaosCore_tile/dcache/dtlb/entries_barrier_9'
INFO: [Synth 8-223] decloning instance 'inst/chiptop/system/tile_prci_domain/element_reset_domain_ChaosCore_tile/dcache/dtlb/entries_barrier' (OptimizationBarrier_TLBEntryData) to 'inst/chiptop/system/tile_prci_domain/element_reset_domain_ChaosCore_tile/dcache/dtlb/entries_barrier_10'
INFO: [Synth 8-223] decloning instance 'inst/chiptop/system/tile_prci_domain/element_reset_domain_ChaosCore_tile/dcache/dtlb/entries_barrier' (OptimizationBarrier_TLBEntryData) to 'inst/chiptop/system/tile_prci_domain/element_reset_domain_ChaosCore_tile/dcache/dtlb/entries_barrier_11'
INFO: [Synth 8-223] decloning instance 'inst/chiptop/system/tile_prci_domain/element_reset_domain_ChaosCore_tile/dcache/dtlb/entries_barrier' (OptimizationBarrier_TLBEntryData) to 'inst/chiptop/system/tile_prci_domain/element_reset_domain_ChaosCore_tile/dcache/dtlb/entries_barrier_12'
INFO: [Synth 8-223] decloning instance 'inst/chiptop/system/tile_prci_domain/buffer/monitor/plusarg_reader' (plusarg_reader) to 'inst/chiptop/system/tile_prci_domain/buffer/monitor/plusarg_reader_1'
INFO: [Synth 8-223] decloning instance 'inst/chiptop/system/tile_prci_domain/intsource' (IntSyncCrossingSource_n1x1) to 'inst/chiptop/system/tile_prci_domain/intsource_1'
INFO: [Synth 8-223] decloning instance 'inst/chiptop/system/tile_prci_domain/intsource' (IntSyncCrossingSource_n1x1) to 'inst/chiptop/system/tile_prci_domain/intsource_2'
INFO: [Synth 8-223] decloning instance 'inst/chiptop/system/clint_domain/clint/monitor/plusarg_reader' (plusarg_reader) to 'inst/chiptop/system/clint_domain/clint/monitor/plusarg_reader_1'
INFO: [Synth 8-223] decloning instance 'inst/chiptop/system/plic_domain/plic/monitor/plusarg_reader' (plusarg_reader) to 'inst/chiptop/system/plic_domain/plic/monitor/plusarg_reader_1'
INFO: [Synth 8-223] decloning instance 'inst/chiptop/system/bootrom_domain/bootrom/monitor/plusarg_reader' (plusarg_reader) to 'inst/chiptop/system/bootrom_domain/bootrom/monitor/plusarg_reader_1'
INFO: [Synth 8-223] decloning instance 'inst/chiptop/system/bank/ram/monitor/plusarg_reader' (plusarg_reader) to 'inst/chiptop/system/bank/ram/monitor/plusarg_reader_1'
INFO: [Synth 8-223] decloning instance 'inst/chiptop/system/bank/fragmenter/monitor/plusarg_reader' (plusarg_reader) to 'inst/chiptop/system/bank/fragmenter/monitor/plusarg_reader_1'
INFO: [Synth 8-223] decloning instance 'inst/chiptop/system/bank/buffer/monitor/plusarg_reader' (plusarg_reader) to 'inst/chiptop/system/bank/buffer/monitor/plusarg_reader_1'
INFO: [Synth 8-223] decloning instance 'inst/chiptop/system/serial_tl_domain/outer_reset_catcher' (ResetCatchAndSync_d3) to 'inst/chiptop/system/serial_tl_domain/phy_io_outer_reset_catcher'
INFO: [Synth 8-223] decloning instance 'inst/chiptop/system/uartClockDomainWrapper/uart_0/monitor/plusarg_reader' (plusarg_reader) to 'inst/chiptop/system/uartClockDomainWrapper/uart_0/monitor/plusarg_reader_1'
INFO: [Synth 8-223] decloning instance 'inst/chiptop/system/chipyard_prcictrl_domain/xbar/monitor/plusarg_reader' (plusarg_reader) to 'inst/chiptop/system/chipyard_prcictrl_domain/xbar/monitor/plusarg_reader_1'
INFO: [Synth 8-223] decloning instance 'inst/chiptop/system/chipyard_prcictrl_domain/clock_gater/monitor/plusarg_reader' (plusarg_reader) to 'inst/chiptop/system/chipyard_prcictrl_domain/clock_gater/monitor/plusarg_reader_1'
INFO: [Synth 8-223] decloning instance 'inst/chiptop/system/chipyard_prcictrl_domain/fragmenter/monitor/plusarg_reader' (plusarg_reader) to 'inst/chiptop/system/chipyard_prcictrl_domain/fragmenter/monitor/plusarg_reader_1'
INFO: [Synth 8-223] decloning instance 'inst/chiptop/system/chipyard_prcictrl_domain/reset_setter/monitor/plusarg_reader' (plusarg_reader) to 'inst/chiptop/system/chipyard_prcictrl_domain/reset_setter/monitor/plusarg_reader_1'
INFO: [Synth 8-223] decloning instance 'inst/chiptop/system/chipyard_prcictrl_domain/fragmenter_1/monitor/plusarg_reader' (plusarg_reader) to 'inst/chiptop/system/chipyard_prcictrl_domain/fragmenter_1/monitor/plusarg_reader_1'
RAM Pipeline Warning: Read Address Register Found For RAM ram_reg. We will not be able to pipeline it. This may degrade performance. 
RAM Pipeline Warning: Read Address Register Found For RAM ram_reg. We will not be able to pipeline it. This may degrade performance. 
RAM Pipeline Warning: Read Address Register Found For RAM ram_reg. We will not be able to pipeline it. This may degrade performance. 
RAM Pipeline Warning: Read Address Register Found For RAM ram_reg. We will not be able to pipeline it. This may degrade performance. 
RAM Pipeline Warning: Read Address Register Found For RAM ram_reg. We will not be able to pipeline it. This may degrade performance. 
RAM Pipeline Warning: Read Address Register Found For RAM ram_reg. We will not be able to pipeline it. This may degrade performance. 
RAM Pipeline Warning: Read Address Register Found For RAM ram_reg. We will not be able to pipeline it. This may degrade performance. 
RAM Pipeline Warning: Read Address Register Found For RAM ram_reg. We will not be able to pipeline it. This may degrade performance. 
RAM Pipeline Warning: Read Address Register Found For RAM ram_reg. We will not be able to pipeline it. This may degrade performance. 
RAM Pipeline Warning: Read Address Register Found For RAM ram_reg. We will not be able to pipeline it. This may degrade performance. 
RAM Pipeline Warning: Read Address Register Found For RAM ram_reg. We will not be able to pipeline it. This may degrade performance. 
RAM Pipeline Warning: Read Address Register Found For RAM ram_reg. We will not be able to pipeline it. This may degrade performance. 
RAM Pipeline Warning: Read Address Register Found For RAM ram_reg. We will not be able to pipeline it. This may degrade performance. 
RAM Pipeline Warning: Read Address Register Found For RAM ram_reg. We will not be able to pipeline it. This may degrade performance. 
RAM Pipeline Warning: Read Address Register Found For RAM ram_reg. We will not be able to pipeline it. This may degrade performance. 
RAM Pipeline Warning: Read Address Register Found For RAM ram_reg. We will not be able to pipeline it. This may degrade performance. 
RAM Pipeline Warning: Read Address Register Found For RAM ram_reg. We will not be able to pipeline it. This may degrade performance. 
RAM Pipeline Warning: Read Address Register Found For RAM ram_reg. We will not be able to pipeline it. This may degrade performance. 
RAM Pipeline Warning: Read Address Register Found For RAM ram_reg. We will not be able to pipeline it. This may degrade performance. 
RAM Pipeline Warning: Read Address Register Found For RAM ram_reg. We will not be able to pipeline it. This may degrade performance. 
RAM Pipeline Warning: Read Address Register Found For RAM ram_reg. We will not be able to pipeline it. This may degrade performance. 
RAM Pipeline Warning: Read Address Register Found For RAM ram_reg. We will not be able to pipeline it. This may degrade performance. 
RAM Pipeline Warning: Read Address Register Found For RAM ram_reg. We will not be able to pipeline it. This may degrade performance. 
RAM Pipeline Warning: Read Address Register Found For RAM ram_reg. We will not be able to pipeline it. This may degrade performance. 
RAM Pipeline Warning: Read Address Register Found For RAM ram_reg. We will not be able to pipeline it. This may degrade performance. 
RAM Pipeline Warning: Read Address Register Found For RAM ram_reg. We will not be able to pipeline it. This may degrade performance. 
RAM Pipeline Warning: Read Address Register Found For RAM ram_reg. We will not be able to pipeline it. This may degrade performance. 
RAM Pipeline Warning: Read Address Register Found For RAM ram_reg. We will not be able to pipeline it. This may degrade performance. 
RAM Pipeline Warning: Read Address Register Found For RAM ram_reg. We will not be able to pipeline it. This may degrade performance. 
RAM Pipeline Warning: Read Address Register Found For RAM ram_reg. We will not be able to pipeline it. This may degrade performance. 
RAM Pipeline Warning: Read Address Register Found For RAM ram_reg. We will not be able to pipeline it. This may degrade performance. 
RAM Pipeline Warning: Read Address Register Found For RAM ram_reg. We will not be able to pipeline it. This may degrade performance. 
RAM Pipeline Warning: Read Address Register Found For RAM ram_reg. We will not be able to pipeline it. This may degrade performance. 
RAM Pipeline Warning: Read Address Register Found For RAM ram_reg. We will not be able to pipeline it. This may degrade performance. 
RAM Pipeline Warning: Read Address Register Found For RAM ram_reg. We will not be able to pipeline it. This may degrade performance. 
RAM Pipeline Warning: Read Address Register Found For RAM ram_reg. We will not be able to pipeline it. This may degrade performance. 
RAM Pipeline Warning: Read Address Register Found For RAM ram_reg. We will not be able to pipeline it. This may degrade performance. 
RAM Pipeline Warning: Read Address Register Found For RAM ram_reg. We will not be able to pipeline it. This may degrade performance. 
RAM Pipeline Warning: Read Address Register Found For RAM ram_reg. We will not be able to pipeline it. This may degrade performance. 
RAM Pipeline Warning: Read Address Register Found For RAM ram_reg. We will not be able to pipeline it. This may degrade performance. 
RAM Pipeline Warning: Read Address Register Found For RAM ram_reg. We will not be able to pipeline it. This may degrade performance. 
RAM Pipeline Warning: Read Address Register Found For RAM ram_reg. We will not be able to pipeline it. This may degrade performance. 
RAM Pipeline Warning: Read Address Register Found For RAM ram_reg. We will not be able to pipeline it. This may degrade performance. 
RAM Pipeline Warning: Read Address Register Found For RAM ram_reg. We will not be able to pipeline it. This may degrade performance. 
RAM Pipeline Warning: Read Address Register Found For RAM ram_reg. We will not be able to pipeline it. This may degrade performance. 
RAM Pipeline Warning: Read Address Register Found For RAM ram_reg. We will not be able to pipeline it. This may degrade performance. 
RAM Pipeline Warning: Read Address Register Found For RAM ram_reg. We will not be able to pipeline it. This may degrade performance. 
RAM Pipeline Warning: Read Address Register Found For RAM ram_reg. We will not be able to pipeline it. This may degrade performance. 
RAM Pipeline Warning: Read Address Register Found For RAM ram_reg. We will not be able to pipeline it. This may degrade performance. 
RAM Pipeline Warning: Read Address Register Found For RAM ram_reg. We will not be able to pipeline it. This may degrade performance. 
RAM Pipeline Warning: Read Address Register Found For RAM ram_reg. We will not be able to pipeline it. This may degrade performance. 
RAM Pipeline Warning: Read Address Register Found For RAM ram_reg. We will not be able to pipeline it. This may degrade performance. 
RAM Pipeline Warning: Read Address Register Found For RAM ram_reg. We will not be able to pipeline it. This may degrade performance. 
RAM Pipeline Warning: Read Address Register Found For RAM ram_reg. We will not be able to pipeline it. This may degrade performance. 
RAM Pipeline Warning: Read Address Register Found For RAM ram_reg. We will not be able to pipeline it. This may degrade performance. 
RAM Pipeline Warning: Read Address Register Found For RAM ram_reg. We will not be able to pipeline it. This may degrade performance. 
RAM Pipeline Warning: Read Address Register Found For RAM ram_reg. We will not be able to pipeline it. This may degrade performance. 
RAM Pipeline Warning: Read Address Register Found For RAM ram_reg. We will not be able to pipeline it. This may degrade performance. 
RAM Pipeline Warning: Read Address Register Found For RAM ram_reg. We will not be able to pipeline it. This may degrade performance. 
RAM Pipeline Warning: Read Address Register Found For RAM ram_reg. We will not be able to pipeline it. This may degrade performance. 
RAM Pipeline Warning: Read Address Register Found For RAM ram_reg. We will not be able to pipeline it. This may degrade performance. 
---------------------------------------------------------------------------------
Start RTL Component Statistics 
---------------------------------------------------------------------------------
Detailed RTL Component Info : 
+---Adders : 
	   2 Input   64 Bit       Adders := 7     
	   3 Input   33 Bit       Adders := 32    
	   3 Input   32 Bit       Adders := 3     
	   2 Input   32 Bit       Adders := 19    
	   2 Input   16 Bit       Adders := 1     
	   2 Input   13 Bit       Adders := 2     
	   2 Input   11 Bit       Adders := 1     
	   2 Input   10 Bit       Adders := 1     
	   3 Input    9 Bit       Adders := 9     
	   2 Input    9 Bit       Adders := 5     
	   2 Input    8 Bit       Adders := 8     
	   3 Input    8 Bit       Adders := 2     
	   2 Input    7 Bit       Adders := 9     
	   2 Input    6 Bit       Adders := 17    
	   2 Input    5 Bit       Adders := 8     
	   2 Input    4 Bit       Adders := 69    
	   3 Input    4 Bit       Adders := 3     
	   4 Input    4 Bit       Adders := 16    
	   2 Input    3 Bit       Adders := 122   
	   4 Input    3 Bit       Adders := 2     
	   3 Input    3 Bit       Adders := 17    
	   2 Input    2 Bit       Adders := 86    
	   4 Input    2 Bit       Adders := 2     
	   3 Input    2 Bit       Adders := 4     
	   2 Input    1 Bit       Adders := 120   
	   3 Input    1 Bit       Adders := 9     
	   4 Input    1 Bit       Adders := 32    
+---XORs : 
	   2 Input     64 Bit         XORs := 3     
	   2 Input     32 Bit         XORs := 4     
	   2 Input     17 Bit         XORs := 2     
	   2 Input     14 Bit         XORs := 2     
	   2 Input     12 Bit         XORs := 3     
	   2 Input     10 Bit         XORs := 3     
	   2 Input      9 Bit         XORs := 2     
	   2 Input      4 Bit         XORs := 11    
	   2 Input      3 Bit         XORs := 46    
	   2 Input      2 Bit         XORs := 1     
	   2 Input      1 Bit         XORs := 1     
	   4 Input      1 Bit         XORs := 3     
+---Registers : 
	              512 Bit    Registers := 1     
	              128 Bit    Registers := 2     
	              118 Bit    Registers := 1     
	              117 Bit    Registers := 1     
	              108 Bit    Registers := 1     
	               95 Bit    Registers := 1     
	               94 Bit    Registers := 1     
	               86 Bit    Registers := 1     
	               84 Bit    Registers := 1     
	               82 Bit    Registers := 1     
	               73 Bit    Registers := 2     
	               71 Bit    Registers := 1     
	               69 Bit    Registers := 1     
	               64 Bit    Registers := 23    
	               40 Bit    Registers := 3     
	               33 Bit    Registers := 37    
	               32 Bit    Registers := 795   
	               31 Bit    Registers := 13    
	               30 Bit    Registers := 8     
	               29 Bit    Registers := 9     
	               28 Bit    Registers := 4     
	               27 Bit    Registers := 2     
	               26 Bit    Registers := 5     
	               25 Bit    Registers := 3     
	               24 Bit    Registers := 2     
	               23 Bit    Registers := 2     
	               22 Bit    Registers := 2     
	               21 Bit    Registers := 41    
	               20 Bit    Registers := 2     
	               19 Bit    Registers := 19    
	               18 Bit    Registers := 3     
	               17 Bit    Registers := 4     
	               16 Bit    Registers := 8     
	               15 Bit    Registers := 2     
	               14 Bit    Registers := 6     
	               13 Bit    Registers := 31    
	               12 Bit    Registers := 2     
	               11 Bit    Registers := 3     
	               10 Bit    Registers := 51    
	                9 Bit    Registers := 17    
	                8 Bit    Registers := 107   
	                7 Bit    Registers := 308   
	                6 Bit    Registers := 191   
	                5 Bit    Registers := 317   
	                4 Bit    Registers := 103   
	                3 Bit    Registers := 409   
	                2 Bit    Registers := 281   
	                1 Bit    Registers := 5279  
+---Multipliers : 
	              32x32  Multipliers := 1     
	              32x64  Multipliers := 1     
+---RAMs : 
	            1024K Bit	(16384 X 64 bit)          RAMs := 4     
	              70K Bit	(1024 X 70 bit)          RAMs := 1     
	              64K Bit	(8192 X 8 bit)          RAMs := 8     
	              32K Bit	(256 X 128 bit)          RAMs := 8     
	              17K Bit	(1024 X 17 bit)          RAMs := 8     
	               8K Bit	(16 X 561 bit)          RAMs := 1     
	               8K Bit	(256 X 32 bit)          RAMs := 32    
	               7K Bit	(64 X 113 bit)          RAMs := 4     
	               6K Bit	(64 X 109 bit)          RAMs := 1     
	               2K Bit	(65 X 32 bit)          RAMs := 32    
	               2K Bit	(64 X 33 bit)          RAMs := 4     
	               1K Bit	(64 X 20 bit)          RAMs := 8     
	               1K Bit	(64 X 21 bit)          RAMs := 8     
+---Muxes : 
	   2 Input  512 Bit        Muxes := 1     
	   2 Input  240 Bit        Muxes := 1     
	   2 Input  128 Bit        Muxes := 24    
	   2 Input  126 Bit        Muxes := 1     
	   2 Input   86 Bit        Muxes := 1     
	   2 Input   65 Bit        Muxes := 1     
	   2 Input   64 Bit        Muxes := 79    
	   4 Input   64 Bit        Muxes := 2     
	   2 Input   40 Bit        Muxes := 6     
	   2 Input   33 Bit        Muxes := 34    
	   2 Input   32 Bit        Muxes := 250   
	   4 Input   32 Bit        Muxes := 23    
	   2 Input   31 Bit        Muxes := 25    
	   2 Input   30 Bit        Muxes := 10    
	   2 Input   29 Bit        Muxes := 17    
	   2 Input   28 Bit        Muxes := 2     
	   2 Input   27 Bit        Muxes := 1     
	   4 Input   27 Bit        Muxes := 1     
	   2 Input   26 Bit        Muxes := 3     
	   2 Input   25 Bit        Muxes := 2     
	   2 Input   24 Bit        Muxes := 2     
	   2 Input   21 Bit        Muxes := 116   
	   2 Input   19 Bit        Muxes := 28    
	   2 Input   17 Bit        Muxes := 1     
	   2 Input   16 Bit        Muxes := 11    
	   2 Input   13 Bit        Muxes := 97    
	   4 Input   12 Bit        Muxes := 1     
	   2 Input   12 Bit        Muxes := 3     
	   2 Input   10 Bit        Muxes := 71    
	   2 Input    9 Bit        Muxes := 21    
	   2 Input    8 Bit        Muxes := 96    
	   4 Input    8 Bit        Muxes := 10    
	   3 Input    8 Bit        Muxes := 1     
	   2 Input    7 Bit        Muxes := 748   
	   3 Input    7 Bit        Muxes := 1     
	   2 Input    6 Bit        Muxes := 238   
	   4 Input    6 Bit        Muxes := 4     
	   2 Input    5 Bit        Muxes := 145   
	   6 Input    5 Bit        Muxes := 1     
	   4 Input    5 Bit        Muxes := 1     
	   2 Input    4 Bit        Muxes := 146   
	   5 Input    4 Bit        Muxes := 1     
	   3 Input    4 Bit        Muxes := 1     
	   4 Input    4 Bit        Muxes := 3     
	   2 Input    3 Bit        Muxes := 973   
	   4 Input    3 Bit        Muxes := 29    
	   3 Input    3 Bit        Muxes := 10    
	   8 Input    3 Bit        Muxes := 2     
	   6 Input    3 Bit        Muxes := 1     
	   2 Input    2 Bit        Muxes := 938   
	   3 Input    2 Bit        Muxes := 12    
	   6 Input    2 Bit        Muxes := 4     
	  16 Input    2 Bit        Muxes := 17    
	   8 Input    2 Bit        Muxes := 1     
	   4 Input    2 Bit        Muxes := 2     
	   2 Input    1 Bit        Muxes := 4757  
	   4 Input    1 Bit        Muxes := 15    
	   5 Input    1 Bit        Muxes := 288   
	   6 Input    1 Bit        Muxes := 1     
---------------------------------------------------------------------------------
Finished RTL Component Statistics 
---------------------------------------------------------------------------------
---------------------------------------------------------------------------------
Start Part Resource Summary
---------------------------------------------------------------------------------
Part Resources:
DSPs: 360 (col length:72)
BRAMs: 432 (col length: RAMB18 72 RAMB36 36)
---------------------------------------------------------------------------------
Finished Part Resource Summary
---------------------------------------------------------------------------------
---------------------------------------------------------------------------------
Start Cross Boundary and Area Optimization
---------------------------------------------------------------------------------
INFO: [Synth 8-6904] The RAM "ROBi_12/ROB_shared_bank/shared_mem/shared_mem_ext/mem_0_0/ram_reg" of size (depth=64 x width=109) is automatically implemented using LUTRAM. BRAM implementation would be inefficient 
INFO: [Synth 8-6904] The RAM "ROBi_12/ROB_branch_banks_0/mem/mem_0_ext/mem_0_0/ram_reg" of size (depth=64 x width=33) is automatically implemented using LUTRAM. BRAM implementation would be inefficient 
INFO: [Synth 8-6904] The RAM "ROBi_12/ROB_branch_banks_1/mem/mem_0_ext/mem_0_0/ram_reg" of size (depth=64 x width=33) is automatically implemented using LUTRAM. BRAM implementation would be inefficient 
INFO: [Synth 8-6904] The RAM "ROBi_12/ROB_branch_banks_2/mem/mem_0_ext/mem_0_0/ram_reg" of size (depth=64 x width=33) is automatically implemented using LUTRAM. BRAM implementation would be inefficient 
INFO: [Synth 8-6904] The RAM "ROBi_12/ROB_branch_banks_3/mem/mem_0_ext/mem_0_0/ram_reg" of size (depth=64 x width=33) is automatically implemented using LUTRAM. BRAM implementation would be inefficient 
INFO: [Synth 8-3917] design BD_ChaosCoreTop_0_0 has port M_AXI_MMIO_AWADDR[31] driven by constant 0
INFO: [Synth 8-3917] design BD_ChaosCoreTop_0_0 has port M_AXI_MMIO_ARADDR[31] driven by constant 0
INFO: [Synth 8-3917] design BD_ChaosCoreTop_0_0 has port M_AXI_MEM_AWADDR[31] driven by constant 0
INFO: [Synth 8-3917] design BD_ChaosCoreTop_0_0 has port M_AXI_MEM_ARADDR[31] driven by constant 0
RAM Pipeline Warning: Read Address Register Found For RAM ROB_shared_bank/shared_mem/shared_mem_ext/mem_0_0/ram_reg. We will not be able to pipeline it. This may degrade performance. 
RAM Pipeline Warning: Read Address Register Found For RAM ROB_shared_bank/shared_mem/shared_mem_ext/mem_0_0/ram_reg. We will not be able to pipeline it. This may degrade performance. 
RAM Pipeline Warning: Read Address Register Found For RAM ROB_shared_bank/shared_mem/shared_mem_ext/mem_0_0/ram_reg. We will not be able to pipeline it. This may degrade performance. 
INFO: [Synth 8-6904] The RAM "BD_ChaosCoreTop_0_0/ROB_shared_bank/shared_mem/shared_mem_ext/mem_0_0/ram_reg" of size (depth=64 x width=109) is automatically implemented using LUTRAM. BRAM implementation would be inefficient 
RAM Pipeline Warning: Read Address Register Found For RAM ROB_branch_banks_0/mem/mem_0_ext/mem_0_0/ram_reg. We will not be able to pipeline it. This may degrade performance. 
RAM Pipeline Warning: Read Address Register Found For RAM ROB_branch_banks_0/mem/mem_0_ext/mem_0_0/ram_reg. We will not be able to pipeline it. This may degrade performance. 
RAM Pipeline Warning: Read Address Register Found For RAM ROB_branch_banks_0/mem/mem_0_ext/mem_0_0/ram_reg. We will not be able to pipeline it. This may degrade performance. 
INFO: [Synth 8-6904] The RAM "BD_ChaosCoreTop_0_0/ROB_branch_banks_0/mem/mem_0_ext/mem_0_0/ram_reg" of size (depth=64 x width=33) is automatically implemented using LUTRAM. BRAM implementation would be inefficient 
RAM Pipeline Warning: Read Address Register Found For RAM ROB_branch_banks_1/mem/mem_0_ext/mem_0_0/ram_reg. We will not be able to pipeline it. This may degrade performance. 
RAM Pipeline Warning: Read Address Register Found For RAM ROB_branch_banks_1/mem/mem_0_ext/mem_0_0/ram_reg. We will not be able to pipeline it. This may degrade performance. 
RAM Pipeline Warning: Read Address Register Found For RAM ROB_branch_banks_1/mem/mem_0_ext/mem_0_0/ram_reg. We will not be able to pipeline it. This may degrade performance. 
INFO: [Synth 8-6904] The RAM "BD_ChaosCoreTop_0_0/ROB_branch_banks_1/mem/mem_0_ext/mem_0_0/ram_reg" of size (depth=64 x width=33) is automatically implemented using LUTRAM. BRAM implementation would be inefficient 
RAM Pipeline Warning: Read Address Register Found For RAM ROB_branch_banks_2/mem/mem_0_ext/mem_0_0/ram_reg. We will not be able to pipeline it. This may degrade performance. 
RAM Pipeline Warning: Read Address Register Found For RAM ROB_branch_banks_2/mem/mem_0_ext/mem_0_0/ram_reg. We will not be able to pipeline it. This may degrade performance. 
RAM Pipeline Warning: Read Address Register Found For RAM ROB_branch_banks_2/mem/mem_0_ext/mem_0_0/ram_reg. We will not be able to pipeline it. This may degrade performance. 
INFO: [Synth 8-6904] The RAM "BD_ChaosCoreTop_0_0/ROB_branch_banks_2/mem/mem_0_ext/mem_0_0/ram_reg" of size (depth=64 x width=33) is automatically implemented using LUTRAM. BRAM implementation would be inefficient 
RAM Pipeline Warning: Read Address Register Found For RAM ROB_branch_banks_3/mem/mem_0_ext/mem_0_0/ram_reg. We will not be able to pipeline it. This may degrade performance. 
RAM Pipeline Warning: Read Address Register Found For RAM ROB_branch_banks_3/mem/mem_0_ext/mem_0_0/ram_reg. We will not be able to pipeline it. This may degrade performance. 
RAM Pipeline Warning: Read Address Register Found For RAM ROB_branch_banks_3/mem/mem_0_ext/mem_0_0/ram_reg. We will not be able to pipeline it. This may degrade performance. 
INFO: [Synth 8-6904] The RAM "BD_ChaosCoreTop_0_0/ROB_branch_banks_3/mem/mem_0_ext/mem_0_0/ram_reg" of size (depth=64 x width=33) is automatically implemented using LUTRAM. BRAM implementation would be inefficient 
RAM Pipeline Warning: Read Address Register Found For RAM ROB_shared_bank/shared_mem/shared_mem_ext/mem_0_0/ram_reg. We will not be able to pipeline it. This may degrade performance. 
RAM Pipeline Warning: Read Address Register Found For RAM ROB_branch_banks_0/mem/mem_0_ext/mem_0_0/ram_reg. We will not be able to pipeline it. This may degrade performance. 
RAM Pipeline Warning: Read Address Register Found For RAM ROB_branch_banks_1/mem/mem_0_ext/mem_0_0/ram_reg. We will not be able to pipeline it. This may degrade performance. 
RAM Pipeline Warning: Read Address Register Found For RAM ROB_branch_banks_2/mem/mem_0_ext/mem_0_0/ram_reg. We will not be able to pipeline it. This may degrade performance. 
RAM Pipeline Warning: Read Address Register Found For RAM ROB_branch_banks_3/mem/mem_0_ext/mem_0_0/ram_reg. We will not be able to pipeline it. This may degrade performance. 
INFO: [Synth 8-12192] Not enough pipeline registers after wide multiplier. Pipeline registers present is 0. Recommended levels of pipeline registers is 4. [/mnt/Storage/SCHOOL/Capstone/ChaosCore-chipyard/sims/verilator/generated-src/chipyard.harness.TestHarness.ChaosCoreFPGAConfig/gen-collateral/mul_unit.sv:126]
INFO: [Synth 8-12192] Not enough pipeline registers after wide multiplier. Pipeline registers present is 0. Recommended levels of pipeline registers is 8. [/mnt/Storage/SCHOOL/Capstone/ChaosCore-chipyard/sims/verilator/generated-src/chipyard.harness.TestHarness.ChaosCoreFPGAConfig/gen-collateral/mul_unit.sv:127]
DSP Report: Generating DSP mul/mul_result_64_s_s, operation Mode is: A*B.
DSP Report: operator mul/mul_result_64_s_s is absorbed into DSP mul/mul_result_64_s_s.
DSP Report: operator mul/mul_result_64_s_s is absorbed into DSP mul/mul_result_64_s_s.
DSP Report: Generating DSP mul/mul_result_64_s_s, operation Mode is: (PCIN>>17)+A*B.
DSP Report: operator mul/mul_result_64_s_s is absorbed into DSP mul/mul_result_64_s_s.
DSP Report: operator mul/mul_result_64_s_s is absorbed into DSP mul/mul_result_64_s_s.
DSP Report: Generating DSP mul/mul_result_64_s_s, operation Mode is: A*B.
DSP Report: operator mul/mul_result_64_s_s is absorbed into DSP mul/mul_result_64_s_s.
DSP Report: operator mul/mul_result_64_s_s is absorbed into DSP mul/mul_result_64_s_s.
DSP Report: Generating DSP mul/mul_result_64_s_s, operation Mode is: (PCIN>>17)+A*B.
DSP Report: operator mul/mul_result_64_s_s is absorbed into DSP mul/mul_result_64_s_s.
DSP Report: operator mul/mul_result_64_s_s is absorbed into DSP mul/mul_result_64_s_s.
DSP Report: Generating DSP mul/mul_result_64_u_u, operation Mode is: A*B.
DSP Report: operator mul/mul_result_64_u_u is absorbed into DSP mul/mul_result_64_u_u.
DSP Report: operator mul/mul_result_64_u_u is absorbed into DSP mul/mul_result_64_u_u.
DSP Report: Generating DSP mul/mul_result_64_u_u, operation Mode is: (PCIN>>17)+A*B.
DSP Report: operator mul/mul_result_64_u_u is absorbed into DSP mul/mul_result_64_u_u.
DSP Report: operator mul/mul_result_64_u_u is absorbed into DSP mul/mul_result_64_u_u.
DSP Report: Generating DSP mul/mul_result_64_u_u, operation Mode is: A*B.
DSP Report: operator mul/mul_result_64_u_u is absorbed into DSP mul/mul_result_64_u_u.
DSP Report: operator mul/mul_result_64_u_u is absorbed into DSP mul/mul_result_64_u_u.
DSP Report: Generating DSP mul/mul_result_64_u_u, operation Mode is: (PCIN>>17)+A*B.
DSP Report: operator mul/mul_result_64_u_u is absorbed into DSP mul/mul_result_64_u_u.
DSP Report: operator mul/mul_result_64_u_u is absorbed into DSP mul/mul_result_64_u_u.
DSP Report: Generating DSP mul/mul_result_64_s_u, operation Mode is: A*B.
DSP Report: operator mul/mul_result_64_s_u is absorbed into DSP mul/mul_result_64_s_u.
DSP Report: operator mul/mul_result_64_s_u is absorbed into DSP mul/mul_result_64_s_u.
DSP Report: Generating DSP mul/mul_result_64_s_u, operation Mode is: (PCIN>>17)+A*B.
DSP Report: operator mul/mul_result_64_s_u is absorbed into DSP mul/mul_result_64_s_u.
DSP Report: operator mul/mul_result_64_s_u is absorbed into DSP mul/mul_result_64_s_u.
DSP Report: Generating DSP mul/mul_result_64_s_u, operation Mode is: A*B.
DSP Report: operator mul/mul_result_64_s_u is absorbed into DSP mul/mul_result_64_s_u.
DSP Report: operator mul/mul_result_64_s_u is absorbed into DSP mul/mul_result_64_s_u.
DSP Report: Generating DSP mul/mul_result_64_s_u, operation Mode is: PCIN+A*B.
DSP Report: operator mul/mul_result_64_s_u is absorbed into DSP mul/mul_result_64_s_u.
DSP Report: operator mul/mul_result_64_s_u is absorbed into DSP mul/mul_result_64_s_u.
DSP Report: Generating DSP mul/mul_result_64_s_u, operation Mode is: (PCIN>>17)+A*B.
DSP Report: operator mul/mul_result_64_s_u is absorbed into DSP mul/mul_result_64_s_u.
DSP Report: operator mul/mul_result_64_s_u is absorbed into DSP mul/mul_result_64_s_u.
DSP Report: Generating DSP mul/mul_result_64_s_u, operation Mode is: A*B.
DSP Report: operator mul/mul_result_64_s_u is absorbed into DSP mul/mul_result_64_s_u.
DSP Report: operator mul/mul_result_64_s_u is absorbed into DSP mul/mul_result_64_s_u.
DSP Report: Generating DSP mul/mul_result_64_s_u, operation Mode is: (PCIN>>17)+A*B.
DSP Report: operator mul/mul_result_64_s_u is absorbed into DSP mul/mul_result_64_s_u.
DSP Report: operator mul/mul_result_64_s_u is absorbed into DSP mul/mul_result_64_s_u.
DSP Report: Generating DSP mul/mul_result_64_s_u, operation Mode is: PCIN+A*B.
DSP Report: operator mul/mul_result_64_s_u is absorbed into DSP mul/mul_result_64_s_u.
DSP Report: operator mul/mul_result_64_s_u is absorbed into DSP mul/mul_result_64_s_u.
INFO: [Synth 8-7067] Removed DRAM instance ALU/i_0/FU_output/ram_ext/Memory_reg_0_1_56_69 from module ALU__1 due to constant propagation
INFO: [Synth 8-7067] Removed DRAM instance branch_unit/i_0/FU_output/ram_ext/Memory_reg_0_1_56_69 from module branch_unit due to constant propagation
INFO: [Synth 8-7067] Removed DRAM instance i_1/mul/FU_output/ram_ext/Memory_reg_0_1_56_69 from module FU_1__GB0 due to constant propagation
INFO: [Synth 8-7067] Removed DRAM instance i_3/div/FU_output/ram_ext/Memory_reg_0_1_56_69 from module FU_1__GB0 due to constant propagation
INFO: [Synth 8-7067] Removed DRAM instance ALU/i_0/FU_output/ram_ext/Memory_reg_0_1_42_55 from module ALU__1 due to constant propagation
INFO: [Synth 8-7067] Removed DRAM instance branch_unit/i_0/FU_output/ram_ext/Memory_reg_0_1_42_55 from module branch_unit due to constant propagation
INFO: [Synth 8-7067] Removed DRAM instance i_1/mul/FU_output/ram_ext/Memory_reg_0_1_42_55 from module FU_1__GB0 due to constant propagation
INFO: [Synth 8-7067] Removed DRAM instance i_3/div/FU_output/ram_ext/Memory_reg_0_1_42_55 from module FU_1__GB0 due to constant propagation
INFO: [Synth 8-7067] Removed DRAM instance ALU/i_0/FU_output/ram_ext/Memory_reg_0_1_126_139 from module ALU__1 due to constant propagation
INFO: [Synth 8-7067] Removed DRAM instance i_1/mul/FU_output/ram_ext/Memory_reg_0_1_126_139 from module FU_1__GB0 due to constant propagation
INFO: [Synth 8-7067] Removed DRAM instance i_3/div/FU_output/ram_ext/Memory_reg_0_1_126_139 from module FU_1__GB0 due to constant propagation
INFO: [Synth 8-7067] Removed DRAM instance ALU/i_0/FU_output/ram_ext/Memory_reg_0_1_112_125 from module ALU__1 due to constant propagation
INFO: [Synth 8-7067] Removed DRAM instance i_1/mul/FU_output/ram_ext/Memory_reg_0_1_112_125 from module FU_1__GB0 due to constant propagation
INFO: [Synth 8-7067] Removed DRAM instance i_3/div/FU_output/ram_ext/Memory_reg_0_1_112_125 from module FU_1__GB0 due to constant propagation
INFO: [Synth 8-7067] Removed DRAM instance ALU/i_0/FU_output/ram_ext/Memory_reg_0_1_140_153 from module ALU__1 due to constant propagation
INFO: [Synth 8-7067] Removed DRAM instance branch_unit/i_0/FU_output/ram_ext/Memory_reg_0_1_140_153 from module branch_unit due to constant propagation
INFO: [Synth 8-7067] Removed DRAM instance i_1/mul/FU_output/ram_ext/Memory_reg_0_1_140_153 from module FU_1__GB0 due to constant propagation
INFO: [Synth 8-7067] Removed DRAM instance i_3/div/FU_output/ram_ext/Memory_reg_0_1_140_153 from module FU_1__GB0 due to constant propagation
INFO: [Synth 8-7067] Removed DRAM instance ALU/i_0/FU_output/ram_ext/Memory_reg_0_1_168_181 from module ALU__1 due to constant propagation
INFO: [Synth 8-7067] Removed DRAM instance branch_unit/i_0/FU_output/ram_ext/Memory_reg_0_1_168_181 from module branch_unit due to constant propagation
INFO: [Synth 8-7067] Removed DRAM instance i_1/mul/FU_output/ram_ext/Memory_reg_0_1_168_181 from module FU_1__GB0 due to constant propagation
INFO: [Synth 8-7067] Removed DRAM instance i_3/div/FU_output/ram_ext/Memory_reg_0_1_168_181 from module FU_1__GB0 due to constant propagation
INFO: [Synth 8-7067] Removed DRAM instance ALU/i_0/FU_output/ram_ext/Memory_reg_0_1_154_167 from module ALU__1 due to constant propagation
INFO: [Synth 8-7067] Removed DRAM instance branch_unit/i_0/FU_output/ram_ext/Memory_reg_0_1_154_167 from module branch_unit due to constant propagation
INFO: [Synth 8-7067] Removed DRAM instance i_1/mul/FU_output/ram_ext/Memory_reg_0_1_154_167 from module FU_1__GB0 due to constant propagation
INFO: [Synth 8-7067] Removed DRAM instance i_3/div/FU_output/ram_ext/Memory_reg_0_1_154_167 from module FU_1__GB0 due to constant propagation
INFO: [Synth 8-7067] Removed DRAM instance ALU/i_0/FU_output/ram_ext/Memory_reg_0_1_182_195 from module ALU__1 due to constant propagation
INFO: [Synth 8-7067] Removed DRAM instance branch_unit/i_0/FU_output/ram_ext/Memory_reg_0_1_182_195 from module branch_unit due to constant propagation
INFO: [Synth 8-7067] Removed DRAM instance i_1/mul/FU_output/ram_ext/Memory_reg_0_1_182_195 from module FU_1__GB0 due to constant propagation
INFO: [Synth 8-7067] Removed DRAM instance i_3/div/FU_output/ram_ext/Memory_reg_0_1_182_195 from module FU_1__GB0 due to constant propagation
INFO: [Synth 8-7067] Removed DRAM instance ALU/i_0/FU_output/ram_ext/Memory_reg_0_1_196_209 from module ALU__1 due to constant propagation
INFO: [Synth 8-7067] Removed DRAM instance branch_unit/i_0/FU_output/ram_ext/Memory_reg_0_1_196_209 from module branch_unit due to constant propagation
INFO: [Synth 8-7067] Removed DRAM instance i_1/mul/FU_output/ram_ext/Memory_reg_0_1_196_209 from module FU_1__GB0 due to constant propagation
INFO: [Synth 8-7067] Removed DRAM instance i_3/div/FU_output/ram_ext/Memory_reg_0_1_196_209 from module FU_1__GB0 due to constant propagation
INFO: [Synth 8-3333] propagating constant 0 across sequential element (\div/divider /\partial_remainder_regs_0_reg[2] )
INFO: [Synth 8-7067] Removed DRAM instance ALU/i_0/FU_output/ram_ext/Memory_reg_0_1_56_69 from module ALU__1 due to constant propagation
INFO: [Synth 8-3333] propagating constant 0 across sequential element (\FU_output_io_enq_bits_REG_address_reg[0] )
INFO: [Synth 8-3333] propagating constant 0 across sequential element (\FU_output_io_enq_bits_REG_exception_cause_reg[2] )
INFO: [Synth 8-7067] Removed DRAM instance i_8/FU_output/ram_ext/Memory_reg_0_1_168_181 from module CSR_FU due to constant propagation
INFO: [Synth 8-7067] Removed DRAM instance i_8/FU_output/ram_ext/Memory_reg_0_1_154_167 from module CSR_FU due to constant propagation
INFO: [Synth 8-7067] Removed DRAM instance i_8/FU_output/ram_ext/Memory_reg_0_1_182_195 from module CSR_FU due to constant propagation
INFO: [Synth 8-7067] Removed DRAM instance i_8/FU_output/ram_ext/Memory_reg_0_1_196_209 from module CSR_FU due to constant propagation
INFO: [Synth 8-7067] Removed DRAM instance i_8/FU_output/ram_ext/Memory_reg_0_1_154_167 from module CSR_FU due to constant propagation
WARNING: [Synth 8-3917] design RS has port io_FU_outputs_0_ready driven by constant 1
WARNING: [Synth 8-3917] design RS has port io_FU_outputs_1_ready driven by constant 1
WARNING: [Synth 8-3917] design RS has port io_FU_outputs_2_ready driven by constant 1
WARNING: [Synth 8-3917] design RS has port io_FU_outputs_3_ready driven by constant 1
INFO: [Common 17-14] Message 'Synth 8-7129' appears 100 times and further instances of the messages will be disabled. Use the Tcl command set_msg_config to change the current settings.
INFO: [Common 17-14] Message 'Synth 8-7129' appears 100 times and further instances of the messages will be disabled. Use the Tcl command set_msg_config to change the current settings.
INFO: [Synth 8-6904] The RAM "INT_PRF/LVTBanks_0/memories_0/memories_0_ext/mem_0_0/ram_reg" of size (depth=65 x width=32) is automatically implemented using LUTRAM. BRAM implementation would be inefficient 
INFO: [Synth 8-6904] The RAM "INT_PRF/LVTBanks_0/memories_1/memories_0_ext/mem_0_0/ram_reg" of size (depth=65 x width=32) is automatically implemented using LUTRAM. BRAM implementation would be inefficient 
INFO: [Synth 8-6904] The RAM "INT_PRF/LVTBanks_0/memories_2/memories_0_ext/mem_0_0/ram_reg" of size (depth=65 x width=32) is automatically implemented using LUTRAM. BRAM implementation would be inefficient 
INFO: [Synth 8-6904] The RAM "INT_PRF/LVTBanks_0/memories_3/memories_0_ext/mem_0_0/ram_reg" of size (depth=65 x width=32) is automatically implemented using LUTRAM. BRAM implementation would be inefficient 
INFO: [Synth 8-6904] The RAM "INT_PRF/LVTBanks_0/memories_4/memories_0_ext/mem_0_0/ram_reg" of size (depth=65 x width=32) is automatically implemented using LUTRAM. BRAM implementation would be inefficient 
INFO: [Synth 8-6904] The RAM "INT_PRF/LVTBanks_0/memories_5/memories_0_ext/mem_0_0/ram_reg" of size (depth=65 x width=32) is automatically implemented using LUTRAM. BRAM implementation would be inefficient 
INFO: [Synth 8-6904] The RAM "INT_PRF/LVTBanks_0/memories_6/memories_0_ext/mem_0_0/ram_reg" of size (depth=65 x width=32) is automatically implemented using LUTRAM. BRAM implementation would be inefficient 
INFO: [Synth 8-6904] The RAM "INT_PRF/LVTBanks_0/memories_7/memories_0_ext/mem_0_0/ram_reg" of size (depth=65 x width=32) is automatically implemented using LUTRAM. BRAM implementation would be inefficient 
INFO: [Synth 8-6904] The RAM "INT_PRF/LVTBanks_1/memories_0/memories_0_ext/mem_0_0/ram_reg" of size (depth=65 x width=32) is automatically implemented using LUTRAM. BRAM implementation would be inefficient 
INFO: [Synth 8-6904] The RAM "INT_PRF/LVTBanks_1/memories_1/memories_0_ext/mem_0_0/ram_reg" of size (depth=65 x width=32) is automatically implemented using LUTRAM. BRAM implementation would be inefficient 
INFO: [Synth 8-6904] The RAM "INT_PRF/LVTBanks_1/memories_2/memories_0_ext/mem_0_0/ram_reg" of size (depth=65 x width=32) is automatically implemented using LUTRAM. BRAM implementation would be inefficient 
INFO: [Synth 8-6904] The RAM "INT_PRF/LVTBanks_1/memories_3/memories_0_ext/mem_0_0/ram_reg" of size (depth=65 x width=32) is automatically implemented using LUTRAM. BRAM implementation would be inefficient 
INFO: [Synth 8-6904] The RAM "INT_PRF/LVTBanks_1/memories_4/memories_0_ext/mem_0_0/ram_reg" of size (depth=65 x width=32) is automatically implemented using LUTRAM. BRAM implementation would be inefficient 
INFO: [Synth 8-6904] The RAM "INT_PRF/LVTBanks_1/memories_5/memories_0_ext/mem_0_0/ram_reg" of size (depth=65 x width=32) is automatically implemented using LUTRAM. BRAM implementation would be inefficient 
INFO: [Synth 8-6904] The RAM "INT_PRF/LVTBanks_1/memories_6/memories_0_ext/mem_0_0/ram_reg" of size (depth=65 x width=32) is automatically implemented using LUTRAM. BRAM implementation would be inefficient 
INFO: [Synth 8-6904] The RAM "INT_PRF/LVTBanks_1/memories_7/memories_0_ext/mem_0_0/ram_reg" of size (depth=65 x width=32) is automatically implemented using LUTRAM. BRAM implementation would be inefficient 
INFO: [Synth 8-6904] The RAM "INT_PRF/LVTBanks_2/memories_0/memories_0_ext/mem_0_0/ram_reg" of size (depth=65 x width=32) is automatically implemented using LUTRAM. BRAM implementation would be inefficient 
INFO: [Synth 8-6904] The RAM "INT_PRF/LVTBanks_2/memories_1/memories_0_ext/mem_0_0/ram_reg" of size (depth=65 x width=32) is automatically implemented using LUTRAM. BRAM implementation would be inefficient 
INFO: [Synth 8-6904] The RAM "INT_PRF/LVTBanks_2/memories_2/memories_0_ext/mem_0_0/ram_reg" of size (depth=65 x width=32) is automatically implemented using LUTRAM. BRAM implementation would be inefficient 
INFO: [Synth 8-6904] The RAM "INT_PRF/LVTBanks_2/memories_3/memories_0_ext/mem_0_0/ram_reg" of size (depth=65 x width=32) is automatically implemented using LUTRAM. BRAM implementation would be inefficient 
INFO: [Synth 8-6904] The RAM "INT_PRF/LVTBanks_2/memories_4/memories_0_ext/mem_0_0/ram_reg" of size (depth=65 x width=32) is automatically implemented using LUTRAM. BRAM implementation would be inefficient 
INFO: [Synth 8-6904] The RAM "INT_PRF/LVTBanks_2/memories_5/memories_0_ext/mem_0_0/ram_reg" of size (depth=65 x width=32) is automatically implemented using LUTRAM. BRAM implementation would be inefficient 
INFO: [Synth 8-6904] The RAM "INT_PRF/LVTBanks_2/memories_6/memories_0_ext/mem_0_0/ram_reg" of size (depth=65 x width=32) is automatically implemented using LUTRAM. BRAM implementation would be inefficient 
INFO: [Synth 8-6904] The RAM "INT_PRF/LVTBanks_2/memories_7/memories_0_ext/mem_0_0/ram_reg" of size (depth=65 x width=32) is automatically implemented using LUTRAM. BRAM implementation would be inefficient 
INFO: [Synth 8-6904] The RAM "INT_PRF/LVTBanks_3/memories_0/memories_0_ext/mem_0_0/ram_reg" of size (depth=65 x width=32) is automatically implemented using LUTRAM. BRAM implementation would be inefficient 
INFO: [Synth 8-6904] The RAM "INT_PRF/LVTBanks_3/memories_1/memories_0_ext/mem_0_0/ram_reg" of size (depth=65 x width=32) is automatically implemented using LUTRAM. BRAM implementation would be inefficient 
INFO: [Synth 8-6904] The RAM "INT_PRF/LVTBanks_3/memories_2/memories_0_ext/mem_0_0/ram_reg" of size (depth=65 x width=32) is automatically implemented using LUTRAM. BRAM implementation would be inefficient 
INFO: [Synth 8-6904] The RAM "INT_PRF/LVTBanks_3/memories_3/memories_0_ext/mem_0_0/ram_reg" of size (depth=65 x width=32) is automatically implemented using LUTRAM. BRAM implementation would be inefficient 
INFO: [Synth 8-6904] The RAM "INT_PRF/LVTBanks_3/memories_4/memories_0_ext/mem_0_0/ram_reg" of size (depth=65 x width=32) is automatically implemented using LUTRAM. BRAM implementation would be inefficient 
INFO: [Synth 8-6904] The RAM "INT_PRF/LVTBanks_3/memories_5/memories_0_ext/mem_0_0/ram_reg" of size (depth=65 x width=32) is automatically implemented using LUTRAM. BRAM implementation would be inefficient 
INFO: [Synth 8-6904] The RAM "INT_PRF/LVTBanks_3/memories_6/memories_0_ext/mem_0_0/ram_reg" of size (depth=65 x width=32) is automatically implemented using LUTRAM. BRAM implementation would be inefficient 
INFO: [Synth 8-6904] The RAM "INT_PRF/LVTBanks_3/memories_7/memories_0_ext/mem_0_0/ram_reg" of size (depth=65 x width=32) is automatically implemented using LUTRAM. BRAM implementation would be inefficient 
RAM Pipeline Warning: Read Address Register Found For RAM memories_0/memories_0_ext/mem_0_0/ram_reg. We will not be able to pipeline it. This may degrade performance. 
RAM Pipeline Warning: Read Address Register Found For RAM memories_0/memories_0_ext/mem_0_0/ram_reg. We will not be able to pipeline it. This may degrade performance. 
RAM Pipeline Warning: Read Address Register Found For RAM memories_0/memories_0_ext/mem_0_0/ram_reg. We will not be able to pipeline it. This may degrade performance. 
INFO: [Synth 8-6904] The RAM "INT_PRF/LVTBanks_0/memories_0/memories_0_ext/mem_0_0/ram_reg" of size (depth=65 x width=32) is automatically implemented using LUTRAM. BRAM implementation would be inefficient 
RAM Pipeline Warning: Read Address Register Found For RAM memories_1/memories_0_ext/mem_0_0/ram_reg. We will not be able to pipeline it. This may degrade performance. 
RAM Pipeline Warning: Read Address Register Found For RAM memories_1/memories_0_ext/mem_0_0/ram_reg. We will not be able to pipeline it. This may degrade performance. 
RAM Pipeline Warning: Read Address Register Found For RAM memories_1/memories_0_ext/mem_0_0/ram_reg. We will not be able to pipeline it. This may degrade performance. 
INFO: [Synth 8-6904] The RAM "INT_PRF/LVTBanks_0/memories_1/memories_0_ext/mem_0_0/ram_reg" of size (depth=65 x width=32) is automatically implemented using LUTRAM. BRAM implementation would be inefficient 
RAM Pipeline Warning: Read Address Register Found For RAM memories_2/memories_0_ext/mem_0_0/ram_reg. We will not be able to pipeline it. This may degrade performance. 
RAM Pipeline Warning: Read Address Register Found For RAM memories_2/memories_0_ext/mem_0_0/ram_reg. We will not be able to pipeline it. This may degrade performance. 
RAM Pipeline Warning: Read Address Register Found For RAM memories_2/memories_0_ext/mem_0_0/ram_reg. We will not be able to pipeline it. This may degrade performance. 
INFO: [Synth 8-6904] The RAM "INT_PRF/LVTBanks_0/memories_2/memories_0_ext/mem_0_0/ram_reg" of size (depth=65 x width=32) is automatically implemented using LUTRAM. BRAM implementation would be inefficient 
RAM Pipeline Warning: Read Address Register Found For RAM memories_3/memories_0_ext/mem_0_0/ram_reg. We will not be able to pipeline it. This may degrade performance. 
RAM Pipeline Warning: Read Address Register Found For RAM memories_3/memories_0_ext/mem_0_0/ram_reg. We will not be able to pipeline it. This may degrade performance. 
RAM Pipeline Warning: Read Address Register Found For RAM memories_3/memories_0_ext/mem_0_0/ram_reg. We will not be able to pipeline it. This may degrade performance. 
INFO: [Synth 8-6904] The RAM "INT_PRF/LVTBanks_0/memories_3/memories_0_ext/mem_0_0/ram_reg" of size (depth=65 x width=32) is automatically implemented using LUTRAM. BRAM implementation would be inefficient 
RAM Pipeline Warning: Read Address Register Found For RAM memories_4/memories_0_ext/mem_0_0/ram_reg. We will not be able to pipeline it. This may degrade performance. 
RAM Pipeline Warning: Read Address Register Found For RAM memories_4/memories_0_ext/mem_0_0/ram_reg. We will not be able to pipeline it. This may degrade performance. 
RAM Pipeline Warning: Read Address Register Found For RAM memories_4/memories_0_ext/mem_0_0/ram_reg. We will not be able to pipeline it. This may degrade performance. 
INFO: [Synth 8-6904] The RAM "INT_PRF/LVTBanks_0/memories_4/memories_0_ext/mem_0_0/ram_reg" of size (depth=65 x width=32) is automatically implemented using LUTRAM. BRAM implementation would be inefficient 
RAM Pipeline Warning: Read Address Register Found For RAM memories_5/memories_0_ext/mem_0_0/ram_reg. We will not be able to pipeline it. This may degrade performance. 
RAM Pipeline Warning: Read Address Register Found For RAM memories_5/memories_0_ext/mem_0_0/ram_reg. We will not be able to pipeline it. This may degrade performance. 
RAM Pipeline Warning: Read Address Register Found For RAM memories_5/memories_0_ext/mem_0_0/ram_reg. We will not be able to pipeline it. This may degrade performance. 
INFO: [Synth 8-6904] The RAM "INT_PRF/LVTBanks_0/memories_5/memories_0_ext/mem_0_0/ram_reg" of size (depth=65 x width=32) is automatically implemented using LUTRAM. BRAM implementation would be inefficient 
RAM Pipeline Warning: Read Address Register Found For RAM memories_6/memories_0_ext/mem_0_0/ram_reg. We will not be able to pipeline it. This may degrade performance. 
RAM Pipeline Warning: Read Address Register Found For RAM memories_6/memories_0_ext/mem_0_0/ram_reg. We will not be able to pipeline it. This may degrade performance. 
RAM Pipeline Warning: Read Address Register Found For RAM memories_6/memories_0_ext/mem_0_0/ram_reg. We will not be able to pipeline it. This may degrade performance. 
INFO: [Synth 8-6904] The RAM "INT_PRF/LVTBanks_0/memories_6/memories_0_ext/mem_0_0/ram_reg" of size (depth=65 x width=32) is automatically implemented using LUTRAM. BRAM implementation would be inefficient 
RAM Pipeline Warning: Read Address Register Found For RAM memories_7/memories_0_ext/mem_0_0/ram_reg. We will not be able to pipeline it. This may degrade performance. 
RAM Pipeline Warning: Read Address Register Found For RAM memories_7/memories_0_ext/mem_0_0/ram_reg. We will not be able to pipeline it. This may degrade performance. 
RAM Pipeline Warning: Read Address Register Found For RAM memories_7/memories_0_ext/mem_0_0/ram_reg. We will not be able to pipeline it. This may degrade performance. 
INFO: [Synth 8-6904] The RAM "INT_PRF/LVTBanks_0/memories_7/memories_0_ext/mem_0_0/ram_reg" of size (depth=65 x width=32) is automatically implemented using LUTRAM. BRAM implementation would be inefficient 
RAM Pipeline Warning: Read Address Register Found For RAM memories_0/memories_0_ext/mem_0_0/ram_reg. We will not be able to pipeline it. This may degrade performance. 
RAM Pipeline Warning: Read Address Register Found For RAM memories_0/memories_0_ext/mem_0_0/ram_reg. We will not be able to pipeline it. This may degrade performance. 
RAM Pipeline Warning: Read Address Register Found For RAM memories_0/memories_0_ext/mem_0_0/ram_reg. We will not be able to pipeline it. This may degrade performance. 
INFO: [Synth 8-6904] The RAM "INT_PRF/LVTBanks_1/memories_0/memories_0_ext/mem_0_0/ram_reg" of size (depth=65 x width=32) is automatically implemented using LUTRAM. BRAM implementation would be inefficient 
RAM Pipeline Warning: Read Address Register Found For RAM memories_1/memories_0_ext/mem_0_0/ram_reg. We will not be able to pipeline it. This may degrade performance. 
RAM Pipeline Warning: Read Address Register Found For RAM memories_1/memories_0_ext/mem_0_0/ram_reg. We will not be able to pipeline it. This may degrade performance. 
RAM Pipeline Warning: Read Address Register Found For RAM memories_1/memories_0_ext/mem_0_0/ram_reg. We will not be able to pipeline it. This may degrade performance. 
INFO: [Synth 8-6904] The RAM "INT_PRF/LVTBanks_1/memories_1/memories_0_ext/mem_0_0/ram_reg" of size (depth=65 x width=32) is automatically implemented using LUTRAM. BRAM implementation would be inefficient 
RAM Pipeline Warning: Read Address Register Found For RAM memories_2/memories_0_ext/mem_0_0/ram_reg. We will not be able to pipeline it. This may degrade performance. 
RAM Pipeline Warning: Read Address Register Found For RAM memories_2/memories_0_ext/mem_0_0/ram_reg. We will not be able to pipeline it. This may degrade performance. 
RAM Pipeline Warning: Read Address Register Found For RAM memories_2/memories_0_ext/mem_0_0/ram_reg. We will not be able to pipeline it. This may degrade performance. 
INFO: [Synth 8-6904] The RAM "INT_PRF/LVTBanks_1/memories_2/memories_0_ext/mem_0_0/ram_reg" of size (depth=65 x width=32) is automatically implemented using LUTRAM. BRAM implementation would be inefficient 
RAM Pipeline Warning: Read Address Register Found For RAM memories_3/memories_0_ext/mem_0_0/ram_reg. We will not be able to pipeline it. This may degrade performance. 
RAM Pipeline Warning: Read Address Register Found For RAM memories_3/memories_0_ext/mem_0_0/ram_reg. We will not be able to pipeline it. This may degrade performance. 
RAM Pipeline Warning: Read Address Register Found For RAM memories_3/memories_0_ext/mem_0_0/ram_reg. We will not be able to pipeline it. This may degrade performance. 
INFO: [Synth 8-6904] The RAM "INT_PRF/LVTBanks_1/memories_3/memories_0_ext/mem_0_0/ram_reg" of size (depth=65 x width=32) is automatically implemented using LUTRAM. BRAM implementation would be inefficient 
RAM Pipeline Warning: Read Address Register Found For RAM memories_4/memories_0_ext/mem_0_0/ram_reg. We will not be able to pipeline it. This may degrade performance. 
RAM Pipeline Warning: Read Address Register Found For RAM memories_4/memories_0_ext/mem_0_0/ram_reg. We will not be able to pipeline it. This may degrade performance. 
RAM Pipeline Warning: Read Address Register Found For RAM memories_4/memories_0_ext/mem_0_0/ram_reg. We will not be able to pipeline it. This may degrade performance. 
INFO: [Synth 8-6904] The RAM "INT_PRF/LVTBanks_1/memories_4/memories_0_ext/mem_0_0/ram_reg" of size (depth=65 x width=32) is automatically implemented using LUTRAM. BRAM implementation would be inefficient 
RAM Pipeline Warning: Read Address Register Found For RAM memories_5/memories_0_ext/mem_0_0/ram_reg. We will not be able to pipeline it. This may degrade performance. 
RAM Pipeline Warning: Read Address Register Found For RAM memories_5/memories_0_ext/mem_0_0/ram_reg. We will not be able to pipeline it. This may degrade performance. 
RAM Pipeline Warning: Read Address Register Found For RAM memories_5/memories_0_ext/mem_0_0/ram_reg. We will not be able to pipeline it. This may degrade performance. 
INFO: [Synth 8-6904] The RAM "INT_PRF/LVTBanks_1/memories_5/memories_0_ext/mem_0_0/ram_reg" of size (depth=65 x width=32) is automatically implemented using LUTRAM. BRAM implementation would be inefficient 
RAM Pipeline Warning: Read Address Register Found For RAM memories_6/memories_0_ext/mem_0_0/ram_reg. We will not be able to pipeline it. This may degrade performance. 
RAM Pipeline Warning: Read Address Register Found For RAM memories_6/memories_0_ext/mem_0_0/ram_reg. We will not be able to pipeline it. This may degrade performance. 
RAM Pipeline Warning: Read Address Register Found For RAM memories_6/memories_0_ext/mem_0_0/ram_reg. We will not be able to pipeline it. This may degrade performance. 
INFO: [Synth 8-6904] The RAM "INT_PRF/LVTBanks_1/memories_6/memories_0_ext/mem_0_0/ram_reg" of size (depth=65 x width=32) is automatically implemented using LUTRAM. BRAM implementation would be inefficient 
RAM Pipeline Warning: Read Address Register Found For RAM memories_7/memories_0_ext/mem_0_0/ram_reg. We will not be able to pipeline it. This may degrade performance. 
RAM Pipeline Warning: Read Address Register Found For RAM memories_7/memories_0_ext/mem_0_0/ram_reg. We will not be able to pipeline it. This may degrade performance. 
RAM Pipeline Warning: Read Address Register Found For RAM memories_7/memories_0_ext/mem_0_0/ram_reg. We will not be able to pipeline it. This may degrade performance. 
INFO: [Synth 8-6904] The RAM "INT_PRF/LVTBanks_1/memories_7/memories_0_ext/mem_0_0/ram_reg" of size (depth=65 x width=32) is automatically implemented using LUTRAM. BRAM implementation would be inefficient 
RAM Pipeline Warning: Read Address Register Found For RAM memories_0/memories_0_ext/mem_0_0/ram_reg. We will not be able to pipeline it. This may degrade performance. 
RAM Pipeline Warning: Read Address Register Found For RAM memories_0/memories_0_ext/mem_0_0/ram_reg. We will not be able to pipeline it. This may degrade performance. 
RAM Pipeline Warning: Read Address Register Found For RAM memories_0/memories_0_ext/mem_0_0/ram_reg. We will not be able to pipeline it. This may degrade performance. 
INFO: [Synth 8-6904] The RAM "INT_PRF/LVTBanks_2/memories_0/memories_0_ext/mem_0_0/ram_reg" of size (depth=65 x width=32) is automatically implemented using LUTRAM. BRAM implementation would be inefficient 
RAM Pipeline Warning: Read Address Register Found For RAM memories_1/memories_0_ext/mem_0_0/ram_reg. We will not be able to pipeline it. This may degrade performance. 
RAM Pipeline Warning: Read Address Register Found For RAM memories_1/memories_0_ext/mem_0_0/ram_reg. We will not be able to pipeline it. This may degrade performance. 
RAM Pipeline Warning: Read Address Register Found For RAM memories_1/memories_0_ext/mem_0_0/ram_reg. We will not be able to pipeline it. This may degrade performance. 
INFO: [Synth 8-6904] The RAM "INT_PRF/LVTBanks_2/memories_1/memories_0_ext/mem_0_0/ram_reg" of size (depth=65 x width=32) is automatically implemented using LUTRAM. BRAM implementation would be inefficient 
RAM Pipeline Warning: Read Address Register Found For RAM memories_2/memories_0_ext/mem_0_0/ram_reg. We will not be able to pipeline it. This may degrade performance. 
RAM Pipeline Warning: Read Address Register Found For RAM memories_2/memories_0_ext/mem_0_0/ram_reg. We will not be able to pipeline it. This may degrade performance. 
RAM Pipeline Warning: Read Address Register Found For RAM memories_2/memories_0_ext/mem_0_0/ram_reg. We will not be able to pipeline it. This may degrade performance. 
INFO: [Synth 8-6904] The RAM "INT_PRF/LVTBanks_2/memories_2/memories_0_ext/mem_0_0/ram_reg" of size (depth=65 x width=32) is automatically implemented using LUTRAM. BRAM implementation would be inefficient 
RAM Pipeline Warning: Read Address Register Found For RAM memories_3/memories_0_ext/mem_0_0/ram_reg. We will not be able to pipeline it. This may degrade performance. 
RAM Pipeline Warning: Read Address Register Found For RAM memories_3/memories_0_ext/mem_0_0/ram_reg. We will not be able to pipeline it. This may degrade performance. 
RAM Pipeline Warning: Read Address Register Found For RAM memories_3/memories_0_ext/mem_0_0/ram_reg. We will not be able to pipeline it. This may degrade performance. 
INFO: [Synth 8-6904] The RAM "INT_PRF/LVTBanks_2/memories_3/memories_0_ext/mem_0_0/ram_reg" of size (depth=65 x width=32) is automatically implemented using LUTRAM. BRAM implementation would be inefficient 
RAM Pipeline Warning: Read Address Register Found For RAM memories_4/memories_0_ext/mem_0_0/ram_reg. We will not be able to pipeline it. This may degrade performance. 
RAM Pipeline Warning: Read Address Register Found For RAM memories_4/memories_0_ext/mem_0_0/ram_reg. We will not be able to pipeline it. This may degrade performance. 
RAM Pipeline Warning: Read Address Register Found For RAM memories_4/memories_0_ext/mem_0_0/ram_reg. We will not be able to pipeline it. This may degrade performance. 
INFO: [Synth 8-6904] The RAM "INT_PRF/LVTBanks_2/memories_4/memories_0_ext/mem_0_0/ram_reg" of size (depth=65 x width=32) is automatically implemented using LUTRAM. BRAM implementation would be inefficient 
RAM Pipeline Warning: Read Address Register Found For RAM memories_5/memories_0_ext/mem_0_0/ram_reg. We will not be able to pipeline it. This may degrade performance. 
RAM Pipeline Warning: Read Address Register Found For RAM memories_5/memories_0_ext/mem_0_0/ram_reg. We will not be able to pipeline it. This may degrade performance. 
RAM Pipeline Warning: Read Address Register Found For RAM memories_5/memories_0_ext/mem_0_0/ram_reg. We will not be able to pipeline it. This may degrade performance. 
INFO: [Synth 8-6904] The RAM "INT_PRF/LVTBanks_2/memories_5/memories_0_ext/mem_0_0/ram_reg" of size (depth=65 x width=32) is automatically implemented using LUTRAM. BRAM implementation would be inefficient 
RAM Pipeline Warning: Read Address Register Found For RAM memories_6/memories_0_ext/mem_0_0/ram_reg. We will not be able to pipeline it. This may degrade performance. 
RAM Pipeline Warning: Read Address Register Found For RAM memories_6/memories_0_ext/mem_0_0/ram_reg. We will not be able to pipeline it. This may degrade performance. 
RAM Pipeline Warning: Read Address Register Found For RAM memories_6/memories_0_ext/mem_0_0/ram_reg. We will not be able to pipeline it. This may degrade performance. 
INFO: [Synth 8-6904] The RAM "INT_PRF/LVTBanks_2/memories_6/memories_0_ext/mem_0_0/ram_reg" of size (depth=65 x width=32) is automatically implemented using LUTRAM. BRAM implementation would be inefficient 
RAM Pipeline Warning: Read Address Register Found For RAM memories_7/memories_0_ext/mem_0_0/ram_reg. We will not be able to pipeline it. This may degrade performance. 
RAM Pipeline Warning: Read Address Register Found For RAM memories_7/memories_0_ext/mem_0_0/ram_reg. We will not be able to pipeline it. This may degrade performance. 
RAM Pipeline Warning: Read Address Register Found For RAM memories_7/memories_0_ext/mem_0_0/ram_reg. We will not be able to pipeline it. This may degrade performance. 
INFO: [Synth 8-6904] The RAM "INT_PRF/LVTBanks_2/memories_7/memories_0_ext/mem_0_0/ram_reg" of size (depth=65 x width=32) is automatically implemented using LUTRAM. BRAM implementation would be inefficient 
RAM Pipeline Warning: Read Address Register Found For RAM memories_0/memories_0_ext/mem_0_0/ram_reg. We will not be able to pipeline it. This may degrade performance. 
RAM Pipeline Warning: Read Address Register Found For RAM memories_0/memories_0_ext/mem_0_0/ram_reg. We will not be able to pipeline it. This may degrade performance. 
RAM Pipeline Warning: Read Address Register Found For RAM memories_0/memories_0_ext/mem_0_0/ram_reg. We will not be able to pipeline it. This may degrade performance. 
INFO: [Synth 8-6904] The RAM "INT_PRF/LVTBanks_3/memories_0/memories_0_ext/mem_0_0/ram_reg" of size (depth=65 x width=32) is automatically implemented using LUTRAM. BRAM implementation would be inefficient 
RAM Pipeline Warning: Read Address Register Found For RAM memories_1/memories_0_ext/mem_0_0/ram_reg. We will not be able to pipeline it. This may degrade performance. 
RAM Pipeline Warning: Read Address Register Found For RAM memories_1/memories_0_ext/mem_0_0/ram_reg. We will not be able to pipeline it. This may degrade performance. 
RAM Pipeline Warning: Read Address Register Found For RAM memories_1/memories_0_ext/mem_0_0/ram_reg. We will not be able to pipeline it. This may degrade performance. 
INFO: [Synth 8-6904] The RAM "INT_PRF/LVTBanks_3/memories_1/memories_0_ext/mem_0_0/ram_reg" of size (depth=65 x width=32) is automatically implemented using LUTRAM. BRAM implementation would be inefficient 
RAM Pipeline Warning: Read Address Register Found For RAM memories_2/memories_0_ext/mem_0_0/ram_reg. We will not be able to pipeline it. This may degrade performance. 
RAM Pipeline Warning: Read Address Register Found For RAM memories_2/memories_0_ext/mem_0_0/ram_reg. We will not be able to pipeline it. This may degrade performance. 
RAM Pipeline Warning: Read Address Register Found For RAM memories_2/memories_0_ext/mem_0_0/ram_reg. We will not be able to pipeline it. This may degrade performance. 
INFO: [Synth 8-6904] The RAM "INT_PRF/LVTBanks_3/memories_2/memories_0_ext/mem_0_0/ram_reg" of size (depth=65 x width=32) is automatically implemented using LUTRAM. BRAM implementation would be inefficient 
RAM Pipeline Warning: Read Address Register Found For RAM memories_3/memories_0_ext/mem_0_0/ram_reg. We will not be able to pipeline it. This may degrade performance. 
RAM Pipeline Warning: Read Address Register Found For RAM memories_3/memories_0_ext/mem_0_0/ram_reg. We will not be able to pipeline it. This may degrade performance. 
RAM Pipeline Warning: Read Address Register Found For RAM memories_3/memories_0_ext/mem_0_0/ram_reg. We will not be able to pipeline it. This may degrade performance. 
INFO: [Synth 8-6904] The RAM "INT_PRF/LVTBanks_3/memories_3/memories_0_ext/mem_0_0/ram_reg" of size (depth=65 x width=32) is automatically implemented using LUTRAM. BRAM implementation would be inefficient 
RAM Pipeline Warning: Read Address Register Found For RAM memories_4/memories_0_ext/mem_0_0/ram_reg. We will not be able to pipeline it. This may degrade performance. 
RAM Pipeline Warning: Read Address Register Found For RAM memories_4/memories_0_ext/mem_0_0/ram_reg. We will not be able to pipeline it. This may degrade performance. 
RAM Pipeline Warning: Read Address Register Found For RAM memories_4/memories_0_ext/mem_0_0/ram_reg. We will not be able to pipeline it. This may degrade performance. 
INFO: [Synth 8-6904] The RAM "INT_PRF/LVTBanks_3/memories_4/memories_0_ext/mem_0_0/ram_reg" of size (depth=65 x width=32) is automatically implemented using LUTRAM. BRAM implementation would be inefficient 
RAM Pipeline Warning: Read Address Register Found For RAM memories_5/memories_0_ext/mem_0_0/ram_reg. We will not be able to pipeline it. This may degrade performance. 
RAM Pipeline Warning: Read Address Register Found For RAM memories_5/memories_0_ext/mem_0_0/ram_reg. We will not be able to pipeline it. This may degrade performance. 
RAM Pipeline Warning: Read Address Register Found For RAM memories_5/memories_0_ext/mem_0_0/ram_reg. We will not be able to pipeline it. This may degrade performance. 
INFO: [Synth 8-6904] The RAM "INT_PRF/LVTBanks_3/memories_5/memories_0_ext/mem_0_0/ram_reg" of size (depth=65 x width=32) is automatically implemented using LUTRAM. BRAM implementation would be inefficient 
RAM Pipeline Warning: Read Address Register Found For RAM memories_6/memories_0_ext/mem_0_0/ram_reg. We will not be able to pipeline it. This may degrade performance. 
RAM Pipeline Warning: Read Address Register Found For RAM memories_6/memories_0_ext/mem_0_0/ram_reg. We will not be able to pipeline it. This may degrade performance. 
RAM Pipeline Warning: Read Address Register Found For RAM memories_6/memories_0_ext/mem_0_0/ram_reg. We will not be able to pipeline it. This may degrade performance. 
INFO: [Synth 8-6904] The RAM "INT_PRF/LVTBanks_3/memories_6/memories_0_ext/mem_0_0/ram_reg" of size (depth=65 x width=32) is automatically implemented using LUTRAM. BRAM implementation would be inefficient 
RAM Pipeline Warning: Read Address Register Found For RAM memories_7/memories_0_ext/mem_0_0/ram_reg. We will not be able to pipeline it. This may degrade performance. 
RAM Pipeline Warning: Read Address Register Found For RAM memories_7/memories_0_ext/mem_0_0/ram_reg. We will not be able to pipeline it. This may degrade performance. 
RAM Pipeline Warning: Read Address Register Found For RAM memories_7/memories_0_ext/mem_0_0/ram_reg. We will not be able to pipeline it. This may degrade performance. 
INFO: [Synth 8-6904] The RAM "INT_PRF/LVTBanks_3/memories_7/memories_0_ext/mem_0_0/ram_reg" of size (depth=65 x width=32) is automatically implemented using LUTRAM. BRAM implementation would be inefficient 
RAM Pipeline Warning: Read Address Register Found For RAM memories_0/memories_0_ext/mem_0_0/ram_reg. We will not be able to pipeline it. This may degrade performance. 
RAM Pipeline Warning: Read Address Register Found For RAM memories_1/memories_0_ext/mem_0_0/ram_reg. We will not be able to pipeline it. This may degrade performance. 
RAM Pipeline Warning: Read Address Register Found For RAM memories_2/memories_0_ext/mem_0_0/ram_reg. We will not be able to pipeline it. This may degrade performance. 
RAM Pipeline Warning: Read Address Register Found For RAM memories_3/memories_0_ext/mem_0_0/ram_reg. We will not be able to pipeline it. This may degrade performance. 
RAM Pipeline Warning: Read Address Register Found For RAM memories_4/memories_0_ext/mem_0_0/ram_reg. We will not be able to pipeline it. This may degrade performance. 
RAM Pipeline Warning: Read Address Register Found For RAM memories_5/memories_0_ext/mem_0_0/ram_reg. We will not be able to pipeline it. This may degrade performance. 
RAM Pipeline Warning: Read Address Register Found For RAM memories_6/memories_0_ext/mem_0_0/ram_reg. We will not be able to pipeline it. This may degrade performance. 
RAM Pipeline Warning: Read Address Register Found For RAM memories_7/memories_0_ext/mem_0_0/ram_reg. We will not be able to pipeline it. This may degrade performance. 
RAM Pipeline Warning: Read Address Register Found For RAM memories_0/memories_0_ext/mem_0_0/ram_reg. We will not be able to pipeline it. This may degrade performance. 
RAM Pipeline Warning: Read Address Register Found For RAM memories_1/memories_0_ext/mem_0_0/ram_reg. We will not be able to pipeline it. This may degrade performance. 
RAM Pipeline Warning: Read Address Register Found For RAM memories_2/memories_0_ext/mem_0_0/ram_reg. We will not be able to pipeline it. This may degrade performance. 
RAM Pipeline Warning: Read Address Register Found For RAM memories_3/memories_0_ext/mem_0_0/ram_reg. We will not be able to pipeline it. This may degrade performance. 
RAM Pipeline Warning: Read Address Register Found For RAM memories_4/memories_0_ext/mem_0_0/ram_reg. We will not be able to pipeline it. This may degrade performance. 
RAM Pipeline Warning: Read Address Register Found For RAM memories_5/memories_0_ext/mem_0_0/ram_reg. We will not be able to pipeline it. This may degrade performance. 
RAM Pipeline Warning: Read Address Register Found For RAM memories_6/memories_0_ext/mem_0_0/ram_reg. We will not be able to pipeline it. This may degrade performance. 
RAM Pipeline Warning: Read Address Register Found For RAM memories_7/memories_0_ext/mem_0_0/ram_reg. We will not be able to pipeline it. This may degrade performance. 
RAM Pipeline Warning: Read Address Register Found For RAM memories_0/memories_0_ext/mem_0_0/ram_reg. We will not be able to pipeline it. This may degrade performance. 
RAM Pipeline Warning: Read Address Register Found For RAM memories_1/memories_0_ext/mem_0_0/ram_reg. We will not be able to pipeline it. This may degrade performance. 
RAM Pipeline Warning: Read Address Register Found For RAM memories_2/memories_0_ext/mem_0_0/ram_reg. We will not be able to pipeline it. This may degrade performance. 
RAM Pipeline Warning: Read Address Register Found For RAM memories_3/memories_0_ext/mem_0_0/ram_reg. We will not be able to pipeline it. This may degrade performance. 
RAM Pipeline Warning: Read Address Register Found For RAM memories_4/memories_0_ext/mem_0_0/ram_reg. We will not be able to pipeline it. This may degrade performance. 
RAM Pipeline Warning: Read Address Register Found For RAM memories_5/memories_0_ext/mem_0_0/ram_reg. We will not be able to pipeline it. This may degrade performance. 
RAM Pipeline Warning: Read Address Register Found For RAM memories_6/memories_0_ext/mem_0_0/ram_reg. We will not be able to pipeline it. This may degrade performance. 
RAM Pipeline Warning: Read Address Register Found For RAM memories_7/memories_0_ext/mem_0_0/ram_reg. We will not be able to pipeline it. This may degrade performance. 
RAM Pipeline Warning: Read Address Register Found For RAM memories_0/memories_0_ext/mem_0_0/ram_reg. We will not be able to pipeline it. This may degrade performance. 
RAM Pipeline Warning: Read Address Register Found For RAM memories_1/memories_0_ext/mem_0_0/ram_reg. We will not be able to pipeline it. This may degrade performance. 
RAM Pipeline Warning: Read Address Register Found For RAM memories_2/memories_0_ext/mem_0_0/ram_reg. We will not be able to pipeline it. This may degrade performance. 
RAM Pipeline Warning: Read Address Register Found For RAM memories_3/memories_0_ext/mem_0_0/ram_reg. We will not be able to pipeline it. This may degrade performance. 
RAM Pipeline Warning: Read Address Register Found For RAM memories_4/memories_0_ext/mem_0_0/ram_reg. We will not be able to pipeline it. This may degrade performance. 
RAM Pipeline Warning: Read Address Register Found For RAM memories_5/memories_0_ext/mem_0_0/ram_reg. We will not be able to pipeline it. This may degrade performance. 
RAM Pipeline Warning: Read Address Register Found For RAM memories_6/memories_0_ext/mem_0_0/ram_reg. We will not be able to pipeline it. This may degrade performance. 
RAM Pipeline Warning: Read Address Register Found For RAM memories_7/memories_0_ext/mem_0_0/ram_reg. We will not be able to pipeline it. This may degrade performance. 
INFO: [Synth 8-4471] merging register 'insn_mem/insn_mem_ext/mem_0_0/ram_R_1_addr_pipe_0_reg[5:0]' into 'insn_mem/insn_mem_ext/mem_0_0/ram_R_0_addr_pipe_0_reg[5:0]' [/mnt/Storage/SCHOOL/Capstone/ChaosCore-chipyard/sims/verilator/generated-src/chipyard.harness.TestHarness.ChaosCoreFPGAConfig/gen-collateral/chipyard.harness.TestHarness.ChaosCoreFPGAConfig.top.mems.v:2349]
INFO: [Synth 8-6904] The RAM "ROB_instruction_bank__GB0/insn_mem/insn_mem_ext/mem_0_0/ram_reg" of size (depth=64 x width=113) is automatically implemented using LUTRAM. BRAM implementation would be inefficient 
RAM Pipeline Warning: Read Address Register Found For RAM insn_mem/insn_mem_ext/mem_0_0/ram_reg. We will not be able to pipeline it. This may degrade performance. 
RAM Pipeline Warning: Read Address Register Found For RAM insn_mem/insn_mem_ext/mem_0_0/ram_reg. We will not be able to pipeline it. This may degrade performance. 
RAM Pipeline Warning: Read Address Register Found For RAM insn_mem/insn_mem_ext/mem_0_0/ram_reg. We will not be able to pipeline it. This may degrade performance. 
INFO: [Synth 8-6904] The RAM "ROB_instruction_bank__GB0/insn_mem/insn_mem_ext/mem_0_0/ram_reg" of size (depth=64 x width=113) is automatically implemented using LUTRAM. BRAM implementation would be inefficient 
RAM Pipeline Warning: Read Address Register Found For RAM insn_mem/insn_mem_ext/mem_0_0/ram_reg. We will not be able to pipeline it. This may degrade performance. 
INFO: [Synth 8-3886] merging instance 'wb_mem_63_RS1_data_reg[0]' (FDRE) to 'wb_mem_63_RS1_data_reg[31]'
INFO: [Synth 8-3886] merging instance 'wb_mem_62_RS1_data_reg[0]' (FDRE) to 'wb_mem_62_RS1_data_reg[31]'
INFO: [Synth 8-3886] merging instance 'wb_mem_61_RS1_data_reg[0]' (FDRE) to 'wb_mem_61_RS1_data_reg[31]'
INFO: [Synth 8-3886] merging instance 'wb_mem_60_RS1_data_reg[0]' (FDRE) to 'wb_mem_60_RS1_data_reg[31]'
INFO: [Synth 8-3886] merging instance 'wb_mem_59_RS1_data_reg[0]' (FDRE) to 'wb_mem_59_RS1_data_reg[31]'
INFO: [Synth 8-3886] merging instance 'wb_mem_58_RS1_data_reg[0]' (FDRE) to 'wb_mem_58_RS1_data_reg[31]'
INFO: [Synth 8-3886] merging instance 'wb_mem_57_RS1_data_reg[0]' (FDRE) to 'wb_mem_57_RS1_data_reg[31]'
INFO: [Synth 8-3886] merging instance 'wb_mem_56_RS1_data_reg[0]' (FDRE) to 'wb_mem_56_RS1_data_reg[31]'
INFO: [Synth 8-3886] merging instance 'wb_mem_55_RS1_data_reg[0]' (FDRE) to 'wb_mem_55_RS1_data_reg[31]'
INFO: [Synth 8-3886] merging instance 'wb_mem_54_RS1_data_reg[0]' (FDRE) to 'wb_mem_54_RS1_data_reg[31]'
INFO: [Synth 8-3886] merging instance 'wb_mem_53_RS1_data_reg[0]' (FDRE) to 'wb_mem_53_RS1_data_reg[31]'
INFO: [Synth 8-3886] merging instance 'wb_mem_52_RS1_data_reg[0]' (FDRE) to 'wb_mem_52_RS1_data_reg[31]'
INFO: [Synth 8-3886] merging instance 'wb_mem_51_RS1_data_reg[0]' (FDRE) to 'wb_mem_51_RS1_data_reg[31]'
INFO: [Synth 8-3886] merging instance 'wb_mem_50_RS1_data_reg[0]' (FDRE) to 'wb_mem_50_RS1_data_reg[31]'
INFO: [Synth 8-3886] merging instance 'wb_mem_49_RS1_data_reg[0]' (FDRE) to 'wb_mem_49_RS1_data_reg[31]'
INFO: [Synth 8-3886] merging instance 'wb_mem_48_RS1_data_reg[0]' (FDRE) to 'wb_mem_48_RS1_data_reg[31]'
INFO: [Synth 8-3886] merging instance 'wb_mem_47_RS1_data_reg[0]' (FDRE) to 'wb_mem_47_RS1_data_reg[31]'
INFO: [Synth 8-3886] merging instance 'wb_mem_46_RS1_data_reg[0]' (FDRE) to 'wb_mem_46_RS1_data_reg[31]'
INFO: [Synth 8-3886] merging instance 'wb_mem_45_RS1_data_reg[0]' (FDRE) to 'wb_mem_45_RS1_data_reg[31]'
INFO: [Synth 8-3886] merging instance 'wb_mem_44_RS1_data_reg[0]' (FDRE) to 'wb_mem_44_RS1_data_reg[31]'
INFO: [Synth 8-3886] merging instance 'wb_mem_43_RS1_data_reg[0]' (FDRE) to 'wb_mem_43_RS1_data_reg[31]'
INFO: [Synth 8-3886] merging instance 'wb_mem_42_RS1_data_reg[0]' (FDRE) to 'wb_mem_42_RS1_data_reg[31]'
INFO: [Synth 8-3886] merging instance 'wb_mem_41_RS1_data_reg[0]' (FDRE) to 'wb_mem_41_RS1_data_reg[31]'
INFO: [Synth 8-3886] merging instance 'wb_mem_40_RS1_data_reg[0]' (FDRE) to 'wb_mem_40_RS1_data_reg[31]'
INFO: [Synth 8-3886] merging instance 'wb_mem_39_RS1_data_reg[0]' (FDRE) to 'wb_mem_39_RS1_data_reg[31]'
INFO: [Synth 8-3886] merging instance 'wb_mem_38_RS1_data_reg[0]' (FDRE) to 'wb_mem_38_RS1_data_reg[31]'
INFO: [Synth 8-3886] merging instance 'wb_mem_37_RS1_data_reg[0]' (FDRE) to 'wb_mem_37_RS1_data_reg[31]'
INFO: [Synth 8-3886] merging instance 'wb_mem_36_RS1_data_reg[0]' (FDRE) to 'wb_mem_36_RS1_data_reg[31]'
INFO: [Synth 8-3886] merging instance 'wb_mem_35_RS1_data_reg[0]' (FDRE) to 'wb_mem_35_RS1_data_reg[31]'
INFO: [Synth 8-3886] merging instance 'wb_mem_34_RS1_data_reg[0]' (FDRE) to 'wb_mem_34_RS1_data_reg[31]'
INFO: [Synth 8-3886] merging instance 'wb_mem_33_RS1_data_reg[0]' (FDRE) to 'wb_mem_33_RS1_data_reg[31]'
INFO: [Synth 8-3886] merging instance 'wb_mem_32_RS1_data_reg[0]' (FDRE) to 'wb_mem_32_RS1_data_reg[31]'
INFO: [Synth 8-3886] merging instance 'wb_mem_31_RS1_data_reg[0]' (FDRE) to 'wb_mem_31_RS1_data_reg[31]'
INFO: [Synth 8-3886] merging instance 'wb_mem_30_RS1_data_reg[0]' (FDRE) to 'wb_mem_30_RS1_data_reg[31]'
INFO: [Synth 8-3886] merging instance 'wb_mem_29_RS1_data_reg[0]' (FDRE) to 'wb_mem_29_RS1_data_reg[31]'
INFO: [Synth 8-3886] merging instance 'wb_mem_28_RS1_data_reg[0]' (FDRE) to 'wb_mem_28_RS1_data_reg[31]'
INFO: [Synth 8-3886] merging instance 'wb_mem_27_RS1_data_reg[0]' (FDRE) to 'wb_mem_27_RS1_data_reg[31]'
INFO: [Synth 8-3886] merging instance 'wb_mem_26_RS1_data_reg[0]' (FDRE) to 'wb_mem_26_RS1_data_reg[31]'
INFO: [Synth 8-3886] merging instance 'wb_mem_25_RS1_data_reg[0]' (FDRE) to 'wb_mem_25_RS1_data_reg[31]'
INFO: [Synth 8-3886] merging instance 'wb_mem_24_RS1_data_reg[0]' (FDRE) to 'wb_mem_24_RS1_data_reg[31]'
INFO: [Synth 8-3886] merging instance 'wb_mem_23_RS1_data_reg[0]' (FDRE) to 'wb_mem_23_RS1_data_reg[31]'
INFO: [Synth 8-3886] merging instance 'wb_mem_22_RS1_data_reg[0]' (FDRE) to 'wb_mem_22_RS1_data_reg[31]'
INFO: [Synth 8-3886] merging instance 'wb_mem_21_RS1_data_reg[0]' (FDRE) to 'wb_mem_21_RS1_data_reg[31]'
INFO: [Synth 8-3886] merging instance 'wb_mem_20_RS1_data_reg[0]' (FDRE) to 'wb_mem_20_RS1_data_reg[31]'
INFO: [Synth 8-3886] merging instance 'wb_mem_19_RS1_data_reg[0]' (FDRE) to 'wb_mem_19_RS1_data_reg[31]'
INFO: [Synth 8-3886] merging instance 'wb_mem_18_RS1_data_reg[0]' (FDRE) to 'wb_mem_18_RS1_data_reg[31]'
INFO: [Synth 8-3886] merging instance 'wb_mem_17_RS1_data_reg[0]' (FDRE) to 'wb_mem_17_RS1_data_reg[31]'
INFO: [Synth 8-3886] merging instance 'wb_mem_16_RS1_data_reg[0]' (FDRE) to 'wb_mem_16_RS1_data_reg[31]'
INFO: [Synth 8-3886] merging instance 'wb_mem_15_RS1_data_reg[0]' (FDRE) to 'wb_mem_15_RS1_data_reg[31]'
INFO: [Synth 8-3886] merging instance 'wb_mem_14_RS1_data_reg[0]' (FDRE) to 'wb_mem_14_RS1_data_reg[31]'
INFO: [Synth 8-3886] merging instance 'wb_mem_13_RS1_data_reg[0]' (FDRE) to 'wb_mem_13_RS1_data_reg[31]'
INFO: [Synth 8-3886] merging instance 'wb_mem_12_RS1_data_reg[0]' (FDRE) to 'wb_mem_12_RS1_data_reg[31]'
INFO: [Synth 8-3886] merging instance 'wb_mem_11_RS1_data_reg[0]' (FDRE) to 'wb_mem_11_RS1_data_reg[31]'
INFO: [Synth 8-3886] merging instance 'wb_mem_10_RS1_data_reg[0]' (FDRE) to 'wb_mem_10_RS1_data_reg[31]'
INFO: [Synth 8-3886] merging instance 'wb_mem_9_RS1_data_reg[0]' (FDRE) to 'wb_mem_9_RS1_data_reg[31]'
INFO: [Synth 8-3886] merging instance 'wb_mem_8_RS1_data_reg[0]' (FDRE) to 'wb_mem_8_RS1_data_reg[31]'
INFO: [Synth 8-3886] merging instance 'wb_mem_7_RS1_data_reg[0]' (FDRE) to 'wb_mem_7_RS1_data_reg[31]'
INFO: [Synth 8-3886] merging instance 'wb_mem_6_RS1_data_reg[0]' (FDRE) to 'wb_mem_6_RS1_data_reg[31]'
INFO: [Synth 8-3886] merging instance 'wb_mem_5_RS1_data_reg[0]' (FDRE) to 'wb_mem_5_RS1_data_reg[31]'
INFO: [Synth 8-3886] merging instance 'wb_mem_4_RS1_data_reg[0]' (FDRE) to 'wb_mem_4_RS1_data_reg[31]'
INFO: [Synth 8-3886] merging instance 'wb_mem_3_RS1_data_reg[0]' (FDRE) to 'wb_mem_3_RS1_data_reg[31]'
INFO: [Synth 8-3886] merging instance 'wb_mem_2_RS1_data_reg[0]' (FDRE) to 'wb_mem_2_RS1_data_reg[31]'
INFO: [Synth 8-3886] merging instance 'wb_mem_1_RS1_data_reg[0]' (FDRE) to 'wb_mem_1_RS1_data_reg[31]'
INFO: [Synth 8-3886] merging instance 'wb_mem_0_RS1_data_reg[0]' (FDRE) to 'wb_mem_0_RS1_data_reg[31]'
INFO: [Synth 8-3886] merging instance 'wb_mem_63_RS1_data_reg[1]' (FDRE) to 'wb_mem_63_RS1_data_reg[31]'
INFO: [Synth 8-3886] merging instance 'wb_mem_62_RS1_data_reg[1]' (FDRE) to 'wb_mem_62_RS1_data_reg[31]'
INFO: [Synth 8-3886] merging instance 'wb_mem_61_RS1_data_reg[1]' (FDRE) to 'wb_mem_61_RS1_data_reg[31]'
INFO: [Synth 8-3886] merging instance 'wb_mem_60_RS1_data_reg[1]' (FDRE) to 'wb_mem_60_RS1_data_reg[31]'
INFO: [Synth 8-3886] merging instance 'wb_mem_59_RS1_data_reg[1]' (FDRE) to 'wb_mem_59_RS1_data_reg[31]'
INFO: [Synth 8-3886] merging instance 'wb_mem_58_RS1_data_reg[1]' (FDRE) to 'wb_mem_58_RS1_data_reg[31]'
INFO: [Synth 8-3886] merging instance 'wb_mem_57_RS1_data_reg[1]' (FDRE) to 'wb_mem_57_RS1_data_reg[31]'
INFO: [Synth 8-3886] merging instance 'wb_mem_56_RS1_data_reg[1]' (FDRE) to 'wb_mem_56_RS1_data_reg[31]'
INFO: [Synth 8-3886] merging instance 'wb_mem_55_RS1_data_reg[1]' (FDRE) to 'wb_mem_55_RS1_data_reg[31]'
INFO: [Synth 8-3886] merging instance 'wb_mem_54_RS1_data_reg[1]' (FDRE) to 'wb_mem_54_RS1_data_reg[31]'
INFO: [Synth 8-3886] merging instance 'wb_mem_53_RS1_data_reg[1]' (FDRE) to 'wb_mem_53_RS1_data_reg[31]'
INFO: [Synth 8-3886] merging instance 'wb_mem_52_RS1_data_reg[1]' (FDRE) to 'wb_mem_52_RS1_data_reg[31]'
INFO: [Synth 8-3886] merging instance 'wb_mem_51_RS1_data_reg[1]' (FDRE) to 'wb_mem_51_RS1_data_reg[31]'
INFO: [Synth 8-3886] merging instance 'wb_mem_50_RS1_data_reg[1]' (FDRE) to 'wb_mem_50_RS1_data_reg[31]'
INFO: [Synth 8-3886] merging instance 'wb_mem_49_RS1_data_reg[1]' (FDRE) to 'wb_mem_49_RS1_data_reg[31]'
INFO: [Synth 8-3886] merging instance 'wb_mem_48_RS1_data_reg[1]' (FDRE) to 'wb_mem_48_RS1_data_reg[31]'
INFO: [Synth 8-3886] merging instance 'wb_mem_47_RS1_data_reg[1]' (FDRE) to 'wb_mem_47_RS1_data_reg[31]'
INFO: [Synth 8-3886] merging instance 'wb_mem_46_RS1_data_reg[1]' (FDRE) to 'wb_mem_46_RS1_data_reg[31]'
INFO: [Synth 8-3886] merging instance 'wb_mem_45_RS1_data_reg[1]' (FDRE) to 'wb_mem_45_RS1_data_reg[31]'
INFO: [Synth 8-3886] merging instance 'wb_mem_44_RS1_data_reg[1]' (FDRE) to 'wb_mem_44_RS1_data_reg[31]'
INFO: [Synth 8-3886] merging instance 'wb_mem_43_RS1_data_reg[1]' (FDRE) to 'wb_mem_43_RS1_data_reg[31]'
INFO: [Synth 8-3886] merging instance 'wb_mem_42_RS1_data_reg[1]' (FDRE) to 'wb_mem_42_RS1_data_reg[31]'
INFO: [Synth 8-3886] merging instance 'wb_mem_41_RS1_data_reg[1]' (FDRE) to 'wb_mem_41_RS1_data_reg[31]'
INFO: [Synth 8-3886] merging instance 'wb_mem_40_RS1_data_reg[1]' (FDRE) to 'wb_mem_40_RS1_data_reg[31]'
INFO: [Synth 8-3886] merging instance 'wb_mem_39_RS1_data_reg[1]' (FDRE) to 'wb_mem_39_RS1_data_reg[31]'
INFO: [Synth 8-3886] merging instance 'wb_mem_38_RS1_data_reg[1]' (FDRE) to 'wb_mem_38_RS1_data_reg[31]'
INFO: [Synth 8-3886] merging instance 'wb_mem_37_RS1_data_reg[1]' (FDRE) to 'wb_mem_37_RS1_data_reg[31]'
INFO: [Synth 8-3886] merging instance 'wb_mem_36_RS1_data_reg[1]' (FDRE) to 'wb_mem_36_RS1_data_reg[31]'
INFO: [Synth 8-3886] merging instance 'wb_mem_35_RS1_data_reg[1]' (FDRE) to 'wb_mem_35_RS1_data_reg[31]'
INFO: [Synth 8-3886] merging instance 'wb_mem_34_RS1_data_reg[1]' (FDRE) to 'wb_mem_34_RS1_data_reg[31]'
INFO: [Synth 8-3886] merging instance 'wb_mem_33_RS1_data_reg[1]' (FDRE) to 'wb_mem_33_RS1_data_reg[31]'
INFO: [Synth 8-3886] merging instance 'wb_mem_32_RS1_data_reg[1]' (FDRE) to 'wb_mem_32_RS1_data_reg[31]'
INFO: [Synth 8-3886] merging instance 'wb_mem_31_RS1_data_reg[1]' (FDRE) to 'wb_mem_31_RS1_data_reg[31]'
INFO: [Synth 8-3886] merging instance 'wb_mem_30_RS1_data_reg[1]' (FDRE) to 'wb_mem_30_RS1_data_reg[31]'
INFO: [Synth 8-3886] merging instance 'wb_mem_29_RS1_data_reg[1]' (FDRE) to 'wb_mem_29_RS1_data_reg[31]'
INFO: [Synth 8-3886] merging instance 'wb_mem_28_RS1_data_reg[1]' (FDRE) to 'wb_mem_28_RS1_data_reg[31]'
INFO: [Common 17-14] Message 'Synth 8-3886' appears 100 times and further instances of the messages will be disabled. Use the Tcl command set_msg_config to change the current settings.
INFO: [Common 17-14] Message 'Synth 8-3886' appears 100 times and further instances of the messages will be disabled. Use the Tcl command set_msg_config to change the current settings.
INFO: [Synth 8-3333] propagating constant 0 across sequential element (\wb_mem_63_RS1_data_reg[31] )
INFO: [Synth 8-3333] propagating constant 0 across sequential element (\wb_mem_62_RS1_data_reg[31] )
INFO: [Synth 8-3333] propagating constant 0 across sequential element (\wb_mem_61_RS1_data_reg[31] )
INFO: [Synth 8-3333] propagating constant 0 across sequential element (\wb_mem_60_RS1_data_reg[31] )
INFO: [Synth 8-3333] propagating constant 0 across sequential element (\wb_mem_59_RS1_data_reg[31] )
INFO: [Synth 8-3333] propagating constant 0 across sequential element (\wb_mem_58_RS1_data_reg[31] )
INFO: [Synth 8-3333] propagating constant 0 across sequential element (\wb_mem_57_RS1_data_reg[31] )
INFO: [Synth 8-3333] propagating constant 0 across sequential element (\wb_mem_56_RS1_data_reg[31] )
INFO: [Synth 8-3333] propagating constant 0 across sequential element (\wb_mem_55_RS1_data_reg[31] )
INFO: [Synth 8-3333] propagating constant 0 across sequential element (\wb_mem_54_RS1_data_reg[31] )
INFO: [Synth 8-3333] propagating constant 0 across sequential element (\wb_mem_53_RS1_data_reg[31] )
INFO: [Synth 8-3333] propagating constant 0 across sequential element (\wb_mem_52_RS1_data_reg[31] )
INFO: [Synth 8-3333] propagating constant 0 across sequential element (\wb_mem_51_RS1_data_reg[31] )
INFO: [Synth 8-3333] propagating constant 0 across sequential element (\wb_mem_50_RS1_data_reg[31] )
INFO: [Synth 8-3333] propagating constant 0 across sequential element (\wb_mem_49_RS1_data_reg[31] )
INFO: [Synth 8-3333] propagating constant 0 across sequential element (\wb_mem_48_RS1_data_reg[31] )
INFO: [Synth 8-3333] propagating constant 0 across sequential element (\wb_mem_47_RS1_data_reg[31] )
INFO: [Synth 8-3333] propagating constant 0 across sequential element (\wb_mem_46_RS1_data_reg[31] )
INFO: [Synth 8-3333] propagating constant 0 across sequential element (\wb_mem_45_RS1_data_reg[31] )
INFO: [Synth 8-3333] propagating constant 0 across sequential element (\wb_mem_44_RS1_data_reg[31] )
INFO: [Synth 8-3333] propagating constant 0 across sequential element (\wb_mem_43_RS1_data_reg[31] )
INFO: [Synth 8-3333] propagating constant 0 across sequential element (\wb_mem_42_RS1_data_reg[31] )
INFO: [Synth 8-3333] propagating constant 0 across sequential element (\wb_mem_41_RS1_data_reg[31] )
INFO: [Synth 8-3333] propagating constant 0 across sequential element (\wb_mem_40_RS1_data_reg[31] )
INFO: [Synth 8-3333] propagating constant 0 across sequential element (\wb_mem_39_RS1_data_reg[31] )
INFO: [Synth 8-3333] propagating constant 0 across sequential element (\wb_mem_38_RS1_data_reg[31] )
INFO: [Synth 8-3333] propagating constant 0 across sequential element (\wb_mem_37_RS1_data_reg[31] )
INFO: [Synth 8-3333] propagating constant 0 across sequential element (\wb_mem_36_RS1_data_reg[31] )
INFO: [Synth 8-3333] propagating constant 0 across sequential element (\wb_mem_35_RS1_data_reg[31] )
INFO: [Synth 8-3333] propagating constant 0 across sequential element (\wb_mem_34_RS1_data_reg[31] )
INFO: [Synth 8-3333] propagating constant 0 across sequential element (\wb_mem_33_RS1_data_reg[31] )
INFO: [Synth 8-3333] propagating constant 0 across sequential element (\wb_mem_32_RS1_data_reg[31] )
INFO: [Synth 8-3333] propagating constant 0 across sequential element (\wb_mem_31_RS1_data_reg[31] )
INFO: [Synth 8-3333] propagating constant 0 across sequential element (\wb_mem_30_RS1_data_reg[31] )
INFO: [Synth 8-3333] propagating constant 0 across sequential element (\wb_mem_29_RS1_data_reg[31] )
INFO: [Synth 8-3333] propagating constant 0 across sequential element (\wb_mem_28_RS1_data_reg[31] )
INFO: [Synth 8-3333] propagating constant 0 across sequential element (\wb_mem_27_RS1_data_reg[31] )
INFO: [Synth 8-3333] propagating constant 0 across sequential element (\wb_mem_26_RS1_data_reg[31] )
INFO: [Synth 8-3333] propagating constant 0 across sequential element (\wb_mem_25_RS1_data_reg[31] )
INFO: [Synth 8-3333] propagating constant 0 across sequential element (\wb_mem_24_RS1_data_reg[31] )
INFO: [Synth 8-3333] propagating constant 0 across sequential element (\wb_mem_23_RS1_data_reg[31] )
INFO: [Synth 8-3333] propagating constant 0 across sequential element (\wb_mem_22_RS1_data_reg[31] )
INFO: [Synth 8-3333] propagating constant 0 across sequential element (\wb_mem_21_RS1_data_reg[31] )
INFO: [Synth 8-3333] propagating constant 0 across sequential element (\wb_mem_20_RS1_data_reg[31] )
INFO: [Synth 8-3333] propagating constant 0 across sequential element (\wb_mem_19_RS1_data_reg[31] )
INFO: [Synth 8-3333] propagating constant 0 across sequential element (\wb_mem_18_RS1_data_reg[31] )
INFO: [Synth 8-3333] propagating constant 0 across sequential element (\wb_mem_17_RS1_data_reg[31] )
INFO: [Synth 8-3333] propagating constant 0 across sequential element (\wb_mem_16_RS1_data_reg[31] )
INFO: [Synth 8-3333] propagating constant 0 across sequential element (\wb_mem_15_RS1_data_reg[31] )
INFO: [Synth 8-3333] propagating constant 0 across sequential element (\wb_mem_14_RS1_data_reg[31] )
INFO: [Synth 8-3333] propagating constant 0 across sequential element (\wb_mem_13_RS1_data_reg[31] )
INFO: [Synth 8-3333] propagating constant 0 across sequential element (\wb_mem_12_RS1_data_reg[31] )
INFO: [Synth 8-3333] propagating constant 0 across sequential element (\wb_mem_11_RS1_data_reg[31] )
INFO: [Synth 8-3333] propagating constant 0 across sequential element (\wb_mem_10_RS1_data_reg[31] )
INFO: [Synth 8-3333] propagating constant 0 across sequential element (\wb_mem_9_RS1_data_reg[31] )
INFO: [Synth 8-3333] propagating constant 0 across sequential element (\wb_mem_8_RS1_data_reg[31] )
INFO: [Synth 8-3333] propagating constant 0 across sequential element (\wb_mem_7_RS1_data_reg[31] )
INFO: [Synth 8-3333] propagating constant 0 across sequential element (\wb_mem_6_RS1_data_reg[31] )
INFO: [Synth 8-3333] propagating constant 0 across sequential element (\wb_mem_5_RS1_data_reg[31] )
INFO: [Synth 8-3333] propagating constant 0 across sequential element (\wb_mem_4_RS1_data_reg[31] )
INFO: [Synth 8-3333] propagating constant 0 across sequential element (\wb_mem_3_RS1_data_reg[31] )
INFO: [Synth 8-3333] propagating constant 0 across sequential element (\wb_mem_2_RS1_data_reg[31] )
INFO: [Synth 8-3333] propagating constant 0 across sequential element (\wb_mem_1_RS1_data_reg[31] )
INFO: [Synth 8-3333] propagating constant 0 across sequential element (\wb_mem_0_RS1_data_reg[31] )
INFO: [Synth 8-4471] merging register 'insn_mem/insn_mem_ext/mem_0_0/ram_R_1_addr_pipe_0_reg[5:0]' into 'insn_mem/insn_mem_ext/mem_0_0/ram_R_0_addr_pipe_0_reg[5:0]' [/mnt/Storage/SCHOOL/Capstone/ChaosCore-chipyard/sims/verilator/generated-src/chipyard.harness.TestHarness.ChaosCoreFPGAConfig/gen-collateral/chipyard.harness.TestHarness.ChaosCoreFPGAConfig.top.mems.v:2349]
INFO: [Synth 8-6904] The RAM "ROB_instruction_bank_1__GB0/insn_mem/insn_mem_ext/mem_0_0/ram_reg" of size (depth=64 x width=113) is automatically implemented using LUTRAM. BRAM implementation would be inefficient 
RAM Pipeline Warning: Read Address Register Found For RAM insn_mem/insn_mem_ext/mem_0_0/ram_reg. We will not be able to pipeline it. This may degrade performance. 
RAM Pipeline Warning: Read Address Register Found For RAM insn_mem/insn_mem_ext/mem_0_0/ram_reg. We will not be able to pipeline it. This may degrade performance. 
RAM Pipeline Warning: Read Address Register Found For RAM insn_mem/insn_mem_ext/mem_0_0/ram_reg. We will not be able to pipeline it. This may degrade performance. 
INFO: [Synth 8-6904] The RAM "ROB_instruction_bank_1__GB0/insn_mem/insn_mem_ext/mem_0_0/ram_reg" of size (depth=64 x width=113) is automatically implemented using LUTRAM. BRAM implementation would be inefficient 
RAM Pipeline Warning: Read Address Register Found For RAM insn_mem/insn_mem_ext/mem_0_0/ram_reg. We will not be able to pipeline it. This may degrade performance. 
INFO: [Common 17-14] Message 'Synth 8-3886' appears 100 times and further instances of the messages will be disabled. Use the Tcl command set_msg_config to change the current settings.
INFO: [Synth 8-3333] propagating constant 0 across sequential element (\wb_mem_63_RS1_data_reg[31] )
INFO: [Synth 8-3333] propagating constant 0 across sequential element (\wb_mem_62_RS1_data_reg[31] )
INFO: [Synth 8-3333] propagating constant 0 across sequential element (\wb_mem_61_RS1_data_reg[31] )
INFO: [Synth 8-3333] propagating constant 0 across sequential element (\wb_mem_60_RS1_data_reg[31] )
INFO: [Synth 8-3333] propagating constant 0 across sequential element (\wb_mem_59_RS1_data_reg[31] )
INFO: [Synth 8-3333] propagating constant 0 across sequential element (\wb_mem_58_RS1_data_reg[31] )
INFO: [Synth 8-3333] propagating constant 0 across sequential element (\wb_mem_57_RS1_data_reg[31] )
INFO: [Synth 8-3333] propagating constant 0 across sequential element (\wb_mem_56_RS1_data_reg[31] )
INFO: [Synth 8-3333] propagating constant 0 across sequential element (\wb_mem_55_RS1_data_reg[31] )
INFO: [Synth 8-3333] propagating constant 0 across sequential element (\wb_mem_54_RS1_data_reg[31] )
INFO: [Synth 8-3333] propagating constant 0 across sequential element (\wb_mem_53_RS1_data_reg[31] )
INFO: [Synth 8-3333] propagating constant 0 across sequential element (\wb_mem_52_RS1_data_reg[31] )
INFO: [Synth 8-3333] propagating constant 0 across sequential element (\wb_mem_51_RS1_data_reg[31] )
INFO: [Synth 8-3333] propagating constant 0 across sequential element (\wb_mem_50_RS1_data_reg[31] )
INFO: [Synth 8-3333] propagating constant 0 across sequential element (\wb_mem_49_RS1_data_reg[31] )
INFO: [Synth 8-3333] propagating constant 0 across sequential element (\wb_mem_48_RS1_data_reg[31] )
INFO: [Synth 8-3333] propagating constant 0 across sequential element (\wb_mem_47_RS1_data_reg[31] )
INFO: [Synth 8-3333] propagating constant 0 across sequential element (\wb_mem_46_RS1_data_reg[31] )
INFO: [Synth 8-3333] propagating constant 0 across sequential element (\wb_mem_45_RS1_data_reg[31] )
INFO: [Synth 8-3333] propagating constant 0 across sequential element (\wb_mem_44_RS1_data_reg[31] )
INFO: [Synth 8-3333] propagating constant 0 across sequential element (\wb_mem_43_RS1_data_reg[31] )
INFO: [Synth 8-3333] propagating constant 0 across sequential element (\wb_mem_42_RS1_data_reg[31] )
INFO: [Synth 8-3333] propagating constant 0 across sequential element (\wb_mem_41_RS1_data_reg[31] )
INFO: [Synth 8-3333] propagating constant 0 across sequential element (\wb_mem_40_RS1_data_reg[31] )
INFO: [Synth 8-3333] propagating constant 0 across sequential element (\wb_mem_39_RS1_data_reg[31] )
INFO: [Synth 8-3333] propagating constant 0 across sequential element (\wb_mem_38_RS1_data_reg[31] )
INFO: [Synth 8-3333] propagating constant 0 across sequential element (\wb_mem_37_RS1_data_reg[31] )
INFO: [Synth 8-3333] propagating constant 0 across sequential element (\wb_mem_36_RS1_data_reg[31] )
INFO: [Synth 8-3333] propagating constant 0 across sequential element (\wb_mem_35_RS1_data_reg[31] )
INFO: [Synth 8-3333] propagating constant 0 across sequential element (\wb_mem_34_RS1_data_reg[31] )
INFO: [Synth 8-3333] propagating constant 0 across sequential element (\wb_mem_33_RS1_data_reg[31] )
INFO: [Synth 8-3333] propagating constant 0 across sequential element (\wb_mem_32_RS1_data_reg[31] )
INFO: [Synth 8-3333] propagating constant 0 across sequential element (\wb_mem_31_RS1_data_reg[31] )
INFO: [Common 17-14] Message 'Synth 8-3333' appears 100 times and further instances of the messages will be disabled. Use the Tcl command set_msg_config to change the current settings.
INFO: [Synth 8-4471] merging register 'insn_mem/insn_mem_ext/mem_0_0/ram_R_1_addr_pipe_0_reg[5:0]' into 'insn_mem/insn_mem_ext/mem_0_0/ram_R_0_addr_pipe_0_reg[5:0]' [/mnt/Storage/SCHOOL/Capstone/ChaosCore-chipyard/sims/verilator/generated-src/chipyard.harness.TestHarness.ChaosCoreFPGAConfig/gen-collateral/chipyard.harness.TestHarness.ChaosCoreFPGAConfig.top.mems.v:2349]
INFO: [Synth 8-6904] The RAM "ROB_instruction_bank_2__GB0/insn_mem/insn_mem_ext/mem_0_0/ram_reg" of size (depth=64 x width=113) is automatically implemented using LUTRAM. BRAM implementation would be inefficient 
RAM Pipeline Warning: Read Address Register Found For RAM insn_mem/insn_mem_ext/mem_0_0/ram_reg. We will not be able to pipeline it. This may degrade performance. 
RAM Pipeline Warning: Read Address Register Found For RAM insn_mem/insn_mem_ext/mem_0_0/ram_reg. We will not be able to pipeline it. This may degrade performance. 
RAM Pipeline Warning: Read Address Register Found For RAM insn_mem/insn_mem_ext/mem_0_0/ram_reg. We will not be able to pipeline it. This may degrade performance. 
INFO: [Synth 8-6904] The RAM "ROB_instruction_bank_2__GB0/insn_mem/insn_mem_ext/mem_0_0/ram_reg" of size (depth=64 x width=113) is automatically implemented using LUTRAM. BRAM implementation would be inefficient 
RAM Pipeline Warning: Read Address Register Found For RAM insn_mem/insn_mem_ext/mem_0_0/ram_reg. We will not be able to pipeline it. This may degrade performance. 
INFO: [Common 17-14] Message 'Synth 8-3886' appears 100 times and further instances of the messages will be disabled. Use the Tcl command set_msg_config to change the current settings.
INFO: [Synth 8-4471] merging register 'insn_mem/insn_mem_ext/mem_0_0/ram_R_1_addr_pipe_0_reg[5:0]' into 'insn_mem/insn_mem_ext/mem_0_0/ram_R_0_addr_pipe_0_reg[5:0]' [/mnt/Storage/SCHOOL/Capstone/ChaosCore-chipyard/sims/verilator/generated-src/chipyard.harness.TestHarness.ChaosCoreFPGAConfig/gen-collateral/chipyard.harness.TestHarness.ChaosCoreFPGAConfig.top.mems.v:2349]
INFO: [Synth 8-6904] The RAM "ROB_instruction_bank_3__GB0/insn_mem/insn_mem_ext/mem_0_0/ram_reg" of size (depth=64 x width=113) is automatically implemented using LUTRAM. BRAM implementation would be inefficient 
RAM Pipeline Warning: Read Address Register Found For RAM insn_mem/insn_mem_ext/mem_0_0/ram_reg. We will not be able to pipeline it. This may degrade performance. 
RAM Pipeline Warning: Read Address Register Found For RAM insn_mem/insn_mem_ext/mem_0_0/ram_reg. We will not be able to pipeline it. This may degrade performance. 
RAM Pipeline Warning: Read Address Register Found For RAM insn_mem/insn_mem_ext/mem_0_0/ram_reg. We will not be able to pipeline it. This may degrade performance. 
INFO: [Synth 8-6904] The RAM "ROB_instruction_bank_3__GB0/insn_mem/insn_mem_ext/mem_0_0/ram_reg" of size (depth=64 x width=113) is automatically implemented using LUTRAM. BRAM implementation would be inefficient 
RAM Pipeline Warning: Read Address Register Found For RAM insn_mem/insn_mem_ext/mem_0_0/ram_reg. We will not be able to pipeline it. This may degrade performance. 
INFO: [Common 17-14] Message 'Synth 8-3886' appears 100 times and further instances of the messages will be disabled. Use the Tcl command set_msg_config to change the current settings.
WARNING: [Synth 8-3936] Found unconnected internal register 'frontend/instruction_fetch/prediction_T_NT_REG_reg' and it is trimmed from '3' to '2' bits. [/mnt/Storage/SCHOOL/Capstone/ChaosCore-chipyard/sims/verilator/generated-src/chipyard.harness.TestHarness.ChaosCoreFPGAConfig/gen-collateral/instruction_fetch_v3.sv:198]
INFO: [Synth 8-6904] The RAM "ChaosCore__GC0/frontend/instruction_queue/ram/ram_ext/mem_0_0/ram_reg" of size (depth=16 x width=561) is automatically implemented using LUTRAM. BRAM implementation would be inefficient 
WARNING: [Synth 8-3917] design ChaosCore__GC0 has port io_frontend_memory_request_bits_wr_data[31] driven by constant 0
WARNING: [Synth 8-3917] design ChaosCore__GC0 has port io_frontend_memory_request_bits_wr_data[30] driven by constant 0
WARNING: [Synth 8-3917] design ChaosCore__GC0 has port io_frontend_memory_request_bits_wr_data[29] driven by constant 0
WARNING: [Synth 8-3917] design ChaosCore__GC0 has port io_frontend_memory_request_bits_wr_data[28] driven by constant 0
WARNING: [Synth 8-3917] design ChaosCore__GC0 has port io_frontend_memory_request_bits_wr_data[27] driven by constant 0
WARNING: [Synth 8-3917] design ChaosCore__GC0 has port io_frontend_memory_request_bits_wr_data[26] driven by constant 0
WARNING: [Synth 8-3917] design ChaosCore__GC0 has port io_frontend_memory_request_bits_wr_data[25] driven by constant 0
WARNING: [Synth 8-3917] design ChaosCore__GC0 has port io_frontend_memory_request_bits_wr_data[24] driven by constant 0
WARNING: [Synth 8-3917] design ChaosCore__GC0 has port io_frontend_memory_request_bits_wr_data[23] driven by constant 0
WARNING: [Synth 8-3917] design ChaosCore__GC0 has port io_frontend_memory_request_bits_wr_data[22] driven by constant 0
WARNING: [Synth 8-3917] design ChaosCore__GC0 has port io_frontend_memory_request_bits_wr_data[21] driven by constant 0
WARNING: [Synth 8-3917] design ChaosCore__GC0 has port io_frontend_memory_request_bits_wr_data[20] driven by constant 0
WARNING: [Synth 8-3917] design ChaosCore__GC0 has port io_frontend_memory_request_bits_wr_data[19] driven by constant 0
WARNING: [Synth 8-3917] design ChaosCore__GC0 has port io_frontend_memory_request_bits_wr_data[18] driven by constant 0
WARNING: [Synth 8-3917] design ChaosCore__GC0 has port io_frontend_memory_request_bits_wr_data[17] driven by constant 0
WARNING: [Synth 8-3917] design ChaosCore__GC0 has port io_frontend_memory_request_bits_wr_data[16] driven by constant 0
WARNING: [Synth 8-3917] design ChaosCore__GC0 has port io_frontend_memory_request_bits_wr_data[15] driven by constant 0
WARNING: [Synth 8-3917] design ChaosCore__GC0 has port io_frontend_memory_request_bits_wr_data[14] driven by constant 0
WARNING: [Synth 8-3917] design ChaosCore__GC0 has port io_frontend_memory_request_bits_wr_data[13] driven by constant 0
WARNING: [Synth 8-3917] design ChaosCore__GC0 has port io_frontend_memory_request_bits_wr_data[12] driven by constant 0
WARNING: [Synth 8-3917] design ChaosCore__GC0 has port io_frontend_memory_request_bits_wr_data[11] driven by constant 0
WARNING: [Synth 8-3917] design ChaosCore__GC0 has port io_frontend_memory_request_bits_wr_data[10] driven by constant 0
WARNING: [Synth 8-3917] design ChaosCore__GC0 has port io_frontend_memory_request_bits_wr_data[9] driven by constant 0
WARNING: [Synth 8-3917] design ChaosCore__GC0 has port io_frontend_memory_request_bits_wr_data[8] driven by constant 0
WARNING: [Synth 8-3917] design ChaosCore__GC0 has port io_frontend_memory_request_bits_wr_data[7] driven by constant 0
WARNING: [Synth 8-3917] design ChaosCore__GC0 has port io_frontend_memory_request_bits_wr_data[6] driven by constant 0
WARNING: [Synth 8-3917] design ChaosCore__GC0 has port io_frontend_memory_request_bits_wr_data[5] driven by constant 0
WARNING: [Synth 8-3917] design ChaosCore__GC0 has port io_frontend_memory_request_bits_wr_data[4] driven by constant 0
WARNING: [Synth 8-3917] design ChaosCore__GC0 has port io_frontend_memory_request_bits_wr_data[3] driven by constant 0
WARNING: [Synth 8-3917] design ChaosCore__GC0 has port io_frontend_memory_request_bits_wr_data[2] driven by constant 0
WARNING: [Synth 8-3917] design ChaosCore__GC0 has port io_frontend_memory_request_bits_wr_data[1] driven by constant 0
WARNING: [Synth 8-3917] design ChaosCore__GC0 has port io_frontend_memory_request_bits_wr_data[0] driven by constant 0
WARNING: [Synth 8-3917] design ChaosCore__GC0 has port io_frontend_memory_request_bits_wr_en driven by constant 0
WARNING: [Synth 8-3917] design ChaosCore__GC0 has port io_revert_valid driven by constant 0
WARNING: [Synth 8-3917] design ChaosCore__GC0 has port io_revert_bits_PC[31] driven by constant 0
WARNING: [Synth 8-3917] design ChaosCore__GC0 has port io_revert_bits_PC[30] driven by constant 0
WARNING: [Synth 8-3917] design ChaosCore__GC0 has port io_revert_bits_PC[29] driven by constant 0
WARNING: [Synth 8-3917] design ChaosCore__GC0 has port io_revert_bits_PC[28] driven by constant 0
WARNING: [Synth 8-3917] design ChaosCore__GC0 has port io_revert_bits_PC[27] driven by constant 0
WARNING: [Synth 8-3917] design ChaosCore__GC0 has port io_revert_bits_PC[26] driven by constant 0
WARNING: [Synth 8-3917] design ChaosCore__GC0 has port io_revert_bits_PC[25] driven by constant 0
WARNING: [Synth 8-3917] design ChaosCore__GC0 has port io_revert_bits_PC[24] driven by constant 0
WARNING: [Synth 8-3917] design ChaosCore__GC0 has port io_revert_bits_PC[23] driven by constant 0
WARNING: [Synth 8-3917] design ChaosCore__GC0 has port io_revert_bits_PC[22] driven by constant 0
WARNING: [Synth 8-3917] design ChaosCore__GC0 has port io_revert_bits_PC[21] driven by constant 0
WARNING: [Synth 8-3917] design ChaosCore__GC0 has port io_revert_bits_PC[20] driven by constant 0
WARNING: [Synth 8-3917] design ChaosCore__GC0 has port io_revert_bits_PC[19] driven by constant 0
WARNING: [Synth 8-3917] design ChaosCore__GC0 has port io_revert_bits_PC[18] driven by constant 0
WARNING: [Synth 8-3917] design ChaosCore__GC0 has port io_revert_bits_PC[17] driven by constant 0
WARNING: [Synth 8-3917] design ChaosCore__GC0 has port io_revert_bits_PC[16] driven by constant 0
WARNING: [Synth 8-3917] design ChaosCore__GC0 has port io_revert_bits_PC[15] driven by constant 0
WARNING: [Synth 8-3917] design ChaosCore__GC0 has port io_revert_bits_PC[14] driven by constant 0
WARNING: [Synth 8-3917] design ChaosCore__GC0 has port io_revert_bits_PC[13] driven by constant 0
WARNING: [Synth 8-3917] design ChaosCore__GC0 has port io_revert_bits_PC[12] driven by constant 0
WARNING: [Synth 8-3917] design ChaosCore__GC0 has port io_revert_bits_PC[11] driven by constant 0
WARNING: [Synth 8-3917] design ChaosCore__GC0 has port io_revert_bits_PC[10] driven by constant 0
WARNING: [Synth 8-3917] design ChaosCore__GC0 has port io_revert_bits_PC[9] driven by constant 0
WARNING: [Synth 8-3917] design ChaosCore__GC0 has port io_revert_bits_PC[8] driven by constant 0
WARNING: [Synth 8-3917] design ChaosCore__GC0 has port io_revert_bits_PC[7] driven by constant 0
WARNING: [Synth 8-3917] design ChaosCore__GC0 has port io_revert_bits_PC[6] driven by constant 0
WARNING: [Synth 8-3917] design ChaosCore__GC0 has port io_revert_bits_PC[5] driven by constant 0
WARNING: [Synth 8-3917] design ChaosCore__GC0 has port io_revert_bits_PC[4] driven by constant 0
WARNING: [Synth 8-3917] design ChaosCore__GC0 has port io_revert_bits_PC[3] driven by constant 0
WARNING: [Synth 8-3917] design ChaosCore__GC0 has port io_revert_bits_PC[2] driven by constant 0
WARNING: [Synth 8-3917] design ChaosCore__GC0 has port io_revert_bits_PC[1] driven by constant 0
WARNING: [Synth 8-3917] design ChaosCore__GC0 has port io_revert_bits_PC[0] driven by constant 0
INFO: [Common 17-14] Message 'Synth 8-7129' appears 100 times and further instances of the messages will be disabled. Use the Tcl command set_msg_config to change the current settings.
RAM Pipeline Warning: Read Address Register Found For RAM mem/mem_ext/mem_0_0/ram_reg. We will not be able to pipeline it. This may degrade performance. 
RAM Pipeline Warning: Read Address Register Found For RAM mem/mem_ext/mem_0_0/ram_reg. We will not be able to pipeline it. This may degrade performance. 
RAM Pipeline Warning: Read Address Register Found For RAM mem/mem_ext/mem_0_0/ram_reg. We will not be able to pipeline it. This may degrade performance. 
WARNING: [Synth 8-6430] The Block RAM "\frontend/instruction_fetch/BTB/mem/mem_ext/mem_0_0/ram_reg " may get memory collision error if read and write address collide. Use attribute (* rw_addr_collision= "yes" *) to avoid collision 
RAM Pipeline Warning: Read Address Register Found For RAM frontend/instruction_queue/ram/ram_ext/mem_0_0/ram_reg. We will not be able to pipeline it. This may degrade performance. 
RAM Pipeline Warning: Read Address Register Found For RAM frontend/instruction_queue/ram/ram_ext/mem_0_0/ram_reg. We will not be able to pipeline it. This may degrade performance. 
RAM Pipeline Warning: Read Address Register Found For RAM frontend/instruction_queue/ram/ram_ext/mem_0_0/ram_reg. We will not be able to pipeline it. This may degrade performance. 
INFO: [Synth 8-6904] The RAM "ChaosCore__GC0/frontend/instruction_queue/ram/ram_ext/mem_0_0/ram_reg" of size (depth=16 x width=553) is automatically implemented using LUTRAM. BRAM implementation would be inefficient 
RAM Pipeline Warning: Read Address Register Found For RAM mem/mem_ext/mem_0_0/ram_reg. We will not be able to pipeline it. This may degrade performance. 
RAM Pipeline Warning: Read Address Register Found For RAM frontend/instruction_queue/ram/ram_ext/mem_0_0/ram_reg. We will not be able to pipeline it. This may degrade performance. 
INFO: [Synth 8-7067] Removed DRAM instance frontend/rename/__136/i_/frontend/rename/renamed_decoded_fetch_packet_Q/ram_ext/Memory_reg_0_1_560_560 from module ChaosCore__GC0 due to constant propagation
INFO: [Synth 8-7067] Removed DRAM instance frontend/rename/__136/i_/frontend/rename/renamed_decoded_fetch_packet_Q/ram_ext/Memory_reg_0_1_560_560 from module ChaosCore__GC0 due to constant propagation
INFO: [Synth 8-6904] The RAM "icache/ChaosCore_tile_icache_tag_array/ChaosCore_tile_icache_tag_array_ext/mem_0_0/ram_reg" of size (depth=64 x width=20) is automatically implemented using LUTRAM. BRAM implementation would be inefficient 
INFO: [Synth 8-6904] The RAM "icache/ChaosCore_tile_icache_tag_array/ChaosCore_tile_icache_tag_array_ext/mem_0_1/ram_reg" of size (depth=64 x width=20) is automatically implemented using LUTRAM. BRAM implementation would be inefficient 
INFO: [Synth 8-6904] The RAM "icache/ChaosCore_tile_icache_tag_array/ChaosCore_tile_icache_tag_array_ext/mem_0_2/ram_reg" of size (depth=64 x width=20) is automatically implemented using LUTRAM. BRAM implementation would be inefficient 
INFO: [Synth 8-6904] The RAM "icache/ChaosCore_tile_icache_tag_array/ChaosCore_tile_icache_tag_array_ext/mem_0_3/ram_reg" of size (depth=64 x width=20) is automatically implemented using LUTRAM. BRAM implementation would be inefficient 
INFO: [Synth 8-6904] The RAM "icache/ChaosCore_tile_icache_tag_array/ChaosCore_tile_icache_tag_array_ext/mem_0_4/ram_reg" of size (depth=64 x width=20) is automatically implemented using LUTRAM. BRAM implementation would be inefficient 
INFO: [Synth 8-6904] The RAM "icache/ChaosCore_tile_icache_tag_array/ChaosCore_tile_icache_tag_array_ext/mem_0_5/ram_reg" of size (depth=64 x width=20) is automatically implemented using LUTRAM. BRAM implementation would be inefficient 
INFO: [Synth 8-6904] The RAM "icache/ChaosCore_tile_icache_tag_array/ChaosCore_tile_icache_tag_array_ext/mem_0_6/ram_reg" of size (depth=64 x width=20) is automatically implemented using LUTRAM. BRAM implementation would be inefficient 
INFO: [Synth 8-6904] The RAM "icache/ChaosCore_tile_icache_tag_array/ChaosCore_tile_icache_tag_array_ext/mem_0_7/ram_reg" of size (depth=64 x width=20) is automatically implemented using LUTRAM. BRAM implementation would be inefficient 
INFO: [Synth 8-6904] The RAM "dcache/mshrs/sdq_ext/Memory_reg" of size (depth=17 x width=32) is automatically implemented using LUTRAM. BRAM implementation would be inefficient 
INFO: [Common 17-14] Message 'Synth 8-6904' appears 100 times and further instances of the messages will be disabled. Use the Tcl command set_msg_config to change the current settings.
WARNING: [Synth 8-3917] design ChaosCoreTile__GC0 has port auto_buffer_out_c_bits_source[3] driven by constant 0
INFO: [Common 17-14] Message 'Synth 8-7129' appears 100 times and further instances of the messages will be disabled. Use the Tcl command set_msg_config to change the current settings.
RAM Pipeline Warning: Read Address Register Found For RAM ChaosCore_tile_icache_data_arrays_0_ext/mem_0_0/ram_reg. We will not be able to pipeline it. This may degrade performance. 
RAM Pipeline Warning: Read Address Register Found For RAM ChaosCore_tile_icache_data_arrays_0_ext/mem_0_0/ram_reg. We will not be able to pipeline it. This may degrade performance. 
RAM Pipeline Warning: Read Address Register Found For RAM ChaosCore_tile_icache_data_arrays_0_ext/mem_0_0/ram_reg. We will not be able to pipeline it. This may degrade performance. 
WARNING: [Synth 8-6430] The Block RAM "icache/ChaosCore_tile_icache_data_arrays_0/ChaosCore_tile_icache_data_arrays_0_ext/mem_0_0/ram_reg" may get memory collision error if read and write address collide. Use attribute (* rw_addr_collision= "yes" *) to avoid collision 
RAM Pipeline Warning: Read Address Register Found For RAM ChaosCore_tile_icache_data_arrays_0_ext/mem_0_1/ram_reg. We will not be able to pipeline it. This may degrade performance. 
RAM Pipeline Warning: Read Address Register Found For RAM ChaosCore_tile_icache_data_arrays_0_ext/mem_0_1/ram_reg. We will not be able to pipeline it. This may degrade performance. 
RAM Pipeline Warning: Read Address Register Found For RAM ChaosCore_tile_icache_data_arrays_0_ext/mem_0_1/ram_reg. We will not be able to pipeline it. This may degrade performance. 
WARNING: [Synth 8-6430] The Block RAM "icache/ChaosCore_tile_icache_data_arrays_0/ChaosCore_tile_icache_data_arrays_0_ext/mem_0_1/ram_reg" may get memory collision error if read and write address collide. Use attribute (* rw_addr_collision= "yes" *) to avoid collision 
RAM Pipeline Warning: Read Address Register Found For RAM ChaosCore_tile_icache_data_arrays_0_ext/mem_0_2/ram_reg. We will not be able to pipeline it. This may degrade performance. 
RAM Pipeline Warning: Read Address Register Found For RAM ChaosCore_tile_icache_data_arrays_0_ext/mem_0_2/ram_reg. We will not be able to pipeline it. This may degrade performance. 
RAM Pipeline Warning: Read Address Register Found For RAM ChaosCore_tile_icache_data_arrays_0_ext/mem_0_2/ram_reg. We will not be able to pipeline it. This may degrade performance. 
WARNING: [Synth 8-6430] The Block RAM "icache/ChaosCore_tile_icache_data_arrays_0/ChaosCore_tile_icache_data_arrays_0_ext/mem_0_2/ram_reg" may get memory collision error if read and write address collide. Use attribute (* rw_addr_collision= "yes" *) to avoid collision 
RAM Pipeline Warning: Read Address Register Found For RAM ChaosCore_tile_icache_data_arrays_0_ext/mem_0_3/ram_reg. We will not be able to pipeline it. This may degrade performance. 
RAM Pipeline Warning: Read Address Register Found For RAM ChaosCore_tile_icache_data_arrays_0_ext/mem_0_3/ram_reg. We will not be able to pipeline it. This may degrade performance. 
RAM Pipeline Warning: Read Address Register Found For RAM ChaosCore_tile_icache_data_arrays_0_ext/mem_0_3/ram_reg. We will not be able to pipeline it. This may degrade performance. 
WARNING: [Synth 8-6430] The Block RAM "icache/ChaosCore_tile_icache_data_arrays_0/ChaosCore_tile_icache_data_arrays_0_ext/mem_0_3/ram_reg" may get memory collision error if read and write address collide. Use attribute (* rw_addr_collision= "yes" *) to avoid collision 
RAM Pipeline Warning: Read Address Register Found For RAM ChaosCore_tile_icache_data_arrays_0_ext/mem_0_4/ram_reg. We will not be able to pipeline it. This may degrade performance. 
RAM Pipeline Warning: Read Address Register Found For RAM ChaosCore_tile_icache_data_arrays_0_ext/mem_0_4/ram_reg. We will not be able to pipeline it. This may degrade performance. 
RAM Pipeline Warning: Read Address Register Found For RAM ChaosCore_tile_icache_data_arrays_0_ext/mem_0_4/ram_reg. We will not be able to pipeline it. This may degrade performance. 
WARNING: [Synth 8-6430] The Block RAM "icache/ChaosCore_tile_icache_data_arrays_0/ChaosCore_tile_icache_data_arrays_0_ext/mem_0_4/ram_reg" may get memory collision error if read and write address collide. Use attribute (* rw_addr_collision= "yes" *) to avoid collision 
RAM Pipeline Warning: Read Address Register Found For RAM ChaosCore_tile_icache_data_arrays_0_ext/mem_0_5/ram_reg. We will not be able to pipeline it. This may degrade performance. 
RAM Pipeline Warning: Read Address Register Found For RAM ChaosCore_tile_icache_data_arrays_0_ext/mem_0_5/ram_reg. We will not be able to pipeline it. This may degrade performance. 
RAM Pipeline Warning: Read Address Register Found For RAM ChaosCore_tile_icache_data_arrays_0_ext/mem_0_5/ram_reg. We will not be able to pipeline it. This may degrade performance. 
WARNING: [Synth 8-6430] The Block RAM "icache/ChaosCore_tile_icache_data_arrays_0/ChaosCore_tile_icache_data_arrays_0_ext/mem_0_5/ram_reg" may get memory collision error if read and write address collide. Use attribute (* rw_addr_collision= "yes" *) to avoid collision 
RAM Pipeline Warning: Read Address Register Found For RAM ChaosCore_tile_icache_data_arrays_0_ext/mem_0_6/ram_reg. We will not be able to pipeline it. This may degrade performance. 
RAM Pipeline Warning: Read Address Register Found For RAM ChaosCore_tile_icache_data_arrays_0_ext/mem_0_6/ram_reg. We will not be able to pipeline it. This may degrade performance. 
RAM Pipeline Warning: Read Address Register Found For RAM ChaosCore_tile_icache_data_arrays_0_ext/mem_0_6/ram_reg. We will not be able to pipeline it. This may degrade performance. 
WARNING: [Synth 8-6430] The Block RAM "icache/ChaosCore_tile_icache_data_arrays_0/ChaosCore_tile_icache_data_arrays_0_ext/mem_0_6/ram_reg" may get memory collision error if read and write address collide. Use attribute (* rw_addr_collision= "yes" *) to avoid collision 
RAM Pipeline Warning: Read Address Register Found For RAM ChaosCore_tile_icache_data_arrays_0_ext/mem_0_7/ram_reg. We will not be able to pipeline it. This may degrade performance. 
RAM Pipeline Warning: Read Address Register Found For RAM ChaosCore_tile_icache_data_arrays_0_ext/mem_0_7/ram_reg. We will not be able to pipeline it. This may degrade performance. 
RAM Pipeline Warning: Read Address Register Found For RAM ChaosCore_tile_icache_data_arrays_0_ext/mem_0_7/ram_reg. We will not be able to pipeline it. This may degrade performance. 
WARNING: [Synth 8-6430] The Block RAM "icache/ChaosCore_tile_icache_data_arrays_0/ChaosCore_tile_icache_data_arrays_0_ext/mem_0_7/ram_reg" may get memory collision error if read and write address collide. Use attribute (* rw_addr_collision= "yes" *) to avoid collision 
RAM Pipeline Warning: Read Address Register Found For RAM ChaosCore_tile_icache_tag_array/ChaosCore_tile_icache_tag_array_ext/mem_0_0/ram_reg. We will not be able to pipeline it. This may degrade performance. 
RAM Pipeline Warning: Read Address Register Found For RAM ChaosCore_tile_icache_tag_array/ChaosCore_tile_icache_tag_array_ext/mem_0_0/ram_reg. We will not be able to pipeline it. This may degrade performance. 
RAM Pipeline Warning: Read Address Register Found For RAM ChaosCore_tile_icache_tag_array/ChaosCore_tile_icache_tag_array_ext/mem_0_0/ram_reg. We will not be able to pipeline it. This may degrade performance. 
RAM Pipeline Warning: Read Address Register Found For RAM ChaosCore_tile_icache_tag_array/ChaosCore_tile_icache_tag_array_ext/mem_0_1/ram_reg. We will not be able to pipeline it. This may degrade performance. 
RAM Pipeline Warning: Read Address Register Found For RAM ChaosCore_tile_icache_tag_array/ChaosCore_tile_icache_tag_array_ext/mem_0_1/ram_reg. We will not be able to pipeline it. This may degrade performance. 
RAM Pipeline Warning: Read Address Register Found For RAM ChaosCore_tile_icache_tag_array/ChaosCore_tile_icache_tag_array_ext/mem_0_2/ram_reg. We will not be able to pipeline it. This may degrade performance. 
RAM Pipeline Warning: Read Address Register Found For RAM ChaosCore_tile_icache_tag_array/ChaosCore_tile_icache_tag_array_ext/mem_0_2/ram_reg. We will not be able to pipeline it. This may degrade performance. 
RAM Pipeline Warning: Read Address Register Found For RAM ChaosCore_tile_icache_tag_array/ChaosCore_tile_icache_tag_array_ext/mem_0_3/ram_reg. We will not be able to pipeline it. This may degrade performance. 
RAM Pipeline Warning: Read Address Register Found For RAM ChaosCore_tile_icache_tag_array/ChaosCore_tile_icache_tag_array_ext/mem_0_3/ram_reg. We will not be able to pipeline it. This may degrade performance. 
RAM Pipeline Warning: Read Address Register Found For RAM ChaosCore_tile_icache_tag_array/ChaosCore_tile_icache_tag_array_ext/mem_0_4/ram_reg. We will not be able to pipeline it. This may degrade performance. 
RAM Pipeline Warning: Read Address Register Found For RAM ChaosCore_tile_icache_tag_array/ChaosCore_tile_icache_tag_array_ext/mem_0_4/ram_reg. We will not be able to pipeline it. This may degrade performance. 
RAM Pipeline Warning: Read Address Register Found For RAM ChaosCore_tile_icache_tag_array/ChaosCore_tile_icache_tag_array_ext/mem_0_5/ram_reg. We will not be able to pipeline it. This may degrade performance. 
RAM Pipeline Warning: Read Address Register Found For RAM ChaosCore_tile_icache_tag_array/ChaosCore_tile_icache_tag_array_ext/mem_0_5/ram_reg. We will not be able to pipeline it. This may degrade performance. 
RAM Pipeline Warning: Read Address Register Found For RAM ChaosCore_tile_icache_tag_array/ChaosCore_tile_icache_tag_array_ext/mem_0_6/ram_reg. We will not be able to pipeline it. This may degrade performance. 
RAM Pipeline Warning: Read Address Register Found For RAM ChaosCore_tile_icache_tag_array/ChaosCore_tile_icache_tag_array_ext/mem_0_6/ram_reg. We will not be able to pipeline it. This may degrade performance. 
RAM Pipeline Warning: Read Address Register Found For RAM ChaosCore_tile_icache_tag_array/ChaosCore_tile_icache_tag_array_ext/mem_0_7/ram_reg. We will not be able to pipeline it. This may degrade performance. 
RAM Pipeline Warning: Read Address Register Found For RAM ChaosCore_tile_icache_tag_array/ChaosCore_tile_icache_tag_array_ext/mem_0_7/ram_reg. We will not be able to pipeline it. This may degrade performance. 
RAM Pipeline Warning: Read Address Register Found For RAM ChaosCore_tile_icache_tag_array/ChaosCore_tile_icache_tag_array_ext/mem_0_7/ram_reg. We will not be able to pipeline it. This may degrade performance. 
RAM Pipeline Warning: Read Address Register Found For RAM sdq_ext/Memory_reg. We will not be able to pipeline it. This may degrade performance. 
RAM Pipeline Warning: Read Address Register Found For RAM sdq_ext/Memory_reg. We will not be able to pipeline it. This may degrade performance. 
RAM Pipeline Warning: Read Address Register Found For RAM sdq_ext/Memory_reg. We will not be able to pipeline it. This may degrade performance. 
RAM Pipeline Warning: Read Address Register Found For RAM tag_array/tag_array_ext/mem_0_0/ram_reg. We will not be able to pipeline it. This may degrade performance. 
RAM Pipeline Warning: Read Address Register Found For RAM tag_array/tag_array_ext/mem_0_0/ram_reg. We will not be able to pipeline it. This may degrade performance. 
RAM Pipeline Warning: Read Address Register Found For RAM tag_array/tag_array_ext/mem_0_0/ram_reg. We will not be able to pipeline it. This may degrade performance. 
RAM Pipeline Warning: Read Address Register Found For RAM tag_array/tag_array_ext/mem_0_1/ram_reg. We will not be able to pipeline it. This may degrade performance. 
RAM Pipeline Warning: Read Address Register Found For RAM tag_array/tag_array_ext/mem_0_1/ram_reg. We will not be able to pipeline it. This may degrade performance. 
RAM Pipeline Warning: Read Address Register Found For RAM tag_array/tag_array_ext/mem_0_2/ram_reg. We will not be able to pipeline it. This may degrade performance. 
RAM Pipeline Warning: Read Address Register Found For RAM tag_array/tag_array_ext/mem_0_2/ram_reg. We will not be able to pipeline it. This may degrade performance. 
RAM Pipeline Warning: Read Address Register Found For RAM tag_array/tag_array_ext/mem_0_3/ram_reg. We will not be able to pipeline it. This may degrade performance. 
RAM Pipeline Warning: Read Address Register Found For RAM tag_array/tag_array_ext/mem_0_3/ram_reg. We will not be able to pipeline it. This may degrade performance. 
RAM Pipeline Warning: Read Address Register Found For RAM tag_array/tag_array_ext/mem_0_4/ram_reg. We will not be able to pipeline it. This may degrade performance. 
RAM Pipeline Warning: Read Address Register Found For RAM tag_array/tag_array_ext/mem_0_4/ram_reg. We will not be able to pipeline it. This may degrade performance. 
RAM Pipeline Warning: Read Address Register Found For RAM tag_array/tag_array_ext/mem_0_5/ram_reg. We will not be able to pipeline it. This may degrade performance. 
RAM Pipeline Warning: Read Address Register Found For RAM tag_array/tag_array_ext/mem_0_5/ram_reg. We will not be able to pipeline it. This may degrade performance. 
RAM Pipeline Warning: Read Address Register Found For RAM tag_array/tag_array_ext/mem_0_6/ram_reg. We will not be able to pipeline it. This may degrade performance. 
RAM Pipeline Warning: Read Address Register Found For RAM tag_array/tag_array_ext/mem_0_6/ram_reg. We will not be able to pipeline it. This may degrade performance. 
RAM Pipeline Warning: Read Address Register Found For RAM tag_array/tag_array_ext/mem_0_7/ram_reg. We will not be able to pipeline it. This may degrade performance. 
RAM Pipeline Warning: Read Address Register Found For RAM tag_array/tag_array_ext/mem_0_7/ram_reg. We will not be able to pipeline it. This may degrade performance. 
RAM Pipeline Warning: Read Address Register Found For RAM array_0_0/array_0_0_ext/mem_0_0/ram_reg. We will not be able to pipeline it. This may degrade performance. 
RAM Pipeline Warning: Read Address Register Found For RAM array_0_0/array_0_0_ext/mem_0_0/ram_reg. We will not be able to pipeline it. This may degrade performance. 
RAM Pipeline Warning: Read Address Register Found For RAM array_0_0/array_0_0_ext/mem_0_0/ram_reg. We will not be able to pipeline it. This may degrade performance. 
WARNING: [Synth 8-6430] The Block RAM "dcache/data/array_0_0/array_0_0_ext/mem_0_0/ram_reg" may get memory collision error if read and write address collide. Use attribute (* rw_addr_collision= "yes" *) to avoid collision 
RAM Pipeline Warning: Read Address Register Found For RAM array_0_0/array_0_0_ext/mem_0_1/ram_reg. We will not be able to pipeline it. This may degrade performance. 
RAM Pipeline Warning: Read Address Register Found For RAM array_0_0/array_0_0_ext/mem_0_1/ram_reg. We will not be able to pipeline it. This may degrade performance. 
RAM Pipeline Warning: Read Address Register Found For RAM array_0_0/array_0_0_ext/mem_0_1/ram_reg. We will not be able to pipeline it. This may degrade performance. 
WARNING: [Synth 8-6430] The Block RAM "dcache/data/array_0_0/array_0_0_ext/mem_0_1/ram_reg" may get memory collision error if read and write address collide. Use attribute (* rw_addr_collision= "yes" *) to avoid collision 
RAM Pipeline Warning: Read Address Register Found For RAM array_0_0/array_0_0_ext/mem_0_2/ram_reg. We will not be able to pipeline it. This may degrade performance. 
RAM Pipeline Warning: Read Address Register Found For RAM array_0_0/array_0_0_ext/mem_0_2/ram_reg. We will not be able to pipeline it. This may degrade performance. 
RAM Pipeline Warning: Read Address Register Found For RAM array_0_0/array_0_0_ext/mem_0_2/ram_reg. We will not be able to pipeline it. This may degrade performance. 
WARNING: [Synth 8-6430] The Block RAM "dcache/data/array_0_0/array_0_0_ext/mem_0_2/ram_reg" may get memory collision error if read and write address collide. Use attribute (* rw_addr_collision= "yes" *) to avoid collision 
RAM Pipeline Warning: Read Address Register Found For RAM array_0_0/array_0_0_ext/mem_0_3/ram_reg. We will not be able to pipeline it. This may degrade performance. 
RAM Pipeline Warning: Read Address Register Found For RAM array_0_0/array_0_0_ext/mem_0_3/ram_reg. We will not be able to pipeline it. This may degrade performance. 
RAM Pipeline Warning: Read Address Register Found For RAM array_0_0/array_0_0_ext/mem_0_3/ram_reg. We will not be able to pipeline it. This may degrade performance. 
WARNING: [Synth 8-6430] The Block RAM "dcache/data/array_0_0/array_0_0_ext/mem_0_3/ram_reg" may get memory collision error if read and write address collide. Use attribute (* rw_addr_collision= "yes" *) to avoid collision 
RAM Pipeline Warning: Read Address Register Found For RAM array_0_1/array_0_0_ext/mem_0_0/ram_reg. We will not be able to pipeline it. This may degrade performance. 
RAM Pipeline Warning: Read Address Register Found For RAM array_0_1/array_0_0_ext/mem_0_0/ram_reg. We will not be able to pipeline it. This may degrade performance. 
RAM Pipeline Warning: Read Address Register Found For RAM array_0_1/array_0_0_ext/mem_0_0/ram_reg. We will not be able to pipeline it. This may degrade performance. 
WARNING: [Synth 8-6430] The Block RAM "dcache/data/array_0_1/array_0_0_ext/mem_0_0/ram_reg" may get memory collision error if read and write address collide. Use attribute (* rw_addr_collision= "yes" *) to avoid collision 
RAM Pipeline Warning: Read Address Register Found For RAM array_0_1/array_0_0_ext/mem_0_1/ram_reg. We will not be able to pipeline it. This may degrade performance. 
RAM Pipeline Warning: Read Address Register Found For RAM array_0_1/array_0_0_ext/mem_0_1/ram_reg. We will not be able to pipeline it. This may degrade performance. 
RAM Pipeline Warning: Read Address Register Found For RAM array_0_1/array_0_0_ext/mem_0_1/ram_reg. We will not be able to pipeline it. This may degrade performance. 
WARNING: [Synth 8-6430] The Block RAM "dcache/data/array_0_1/array_0_0_ext/mem_0_1/ram_reg" may get memory collision error if read and write address collide. Use attribute (* rw_addr_collision= "yes" *) to avoid collision 
RAM Pipeline Warning: Read Address Register Found For RAM array_0_1/array_0_0_ext/mem_0_2/ram_reg. We will not be able to pipeline it. This may degrade performance. 
RAM Pipeline Warning: Read Address Register Found For RAM array_0_1/array_0_0_ext/mem_0_2/ram_reg. We will not be able to pipeline it. This may degrade performance. 
RAM Pipeline Warning: Read Address Register Found For RAM array_0_1/array_0_0_ext/mem_0_2/ram_reg. We will not be able to pipeline it. This may degrade performance. 
WARNING: [Synth 8-6430] The Block RAM "dcache/data/array_0_1/array_0_0_ext/mem_0_2/ram_reg" may get memory collision error if read and write address collide. Use attribute (* rw_addr_collision= "yes" *) to avoid collision 
RAM Pipeline Warning: Read Address Register Found For RAM array_0_1/array_0_0_ext/mem_0_3/ram_reg. We will not be able to pipeline it. This may degrade performance. 
RAM Pipeline Warning: Read Address Register Found For RAM array_0_1/array_0_0_ext/mem_0_3/ram_reg. We will not be able to pipeline it. This may degrade performance. 
RAM Pipeline Warning: Read Address Register Found For RAM array_0_1/array_0_0_ext/mem_0_3/ram_reg. We will not be able to pipeline it. This may degrade performance. 
WARNING: [Synth 8-6430] The Block RAM "dcache/data/array_0_1/array_0_0_ext/mem_0_3/ram_reg" may get memory collision error if read and write address collide. Use attribute (* rw_addr_collision= "yes" *) to avoid collision 
RAM Pipeline Warning: Read Address Register Found For RAM array_0_2/array_0_0_ext/mem_0_0/ram_reg. We will not be able to pipeline it. This may degrade performance. 
RAM Pipeline Warning: Read Address Register Found For RAM array_0_2/array_0_0_ext/mem_0_0/ram_reg. We will not be able to pipeline it. This may degrade performance. 
RAM Pipeline Warning: Read Address Register Found For RAM array_0_2/array_0_0_ext/mem_0_0/ram_reg. We will not be able to pipeline it. This may degrade performance. 
WARNING: [Synth 8-6430] The Block RAM "dcache/data/array_0_2/array_0_0_ext/mem_0_0/ram_reg" may get memory collision error if read and write address collide. Use attribute (* rw_addr_collision= "yes" *) to avoid collision 
RAM Pipeline Warning: Read Address Register Found For RAM array_0_2/array_0_0_ext/mem_0_1/ram_reg. We will not be able to pipeline it. This may degrade performance. 
RAM Pipeline Warning: Read Address Register Found For RAM array_0_2/array_0_0_ext/mem_0_1/ram_reg. We will not be able to pipeline it. This may degrade performance. 
RAM Pipeline Warning: Read Address Register Found For RAM array_0_2/array_0_0_ext/mem_0_1/ram_reg. We will not be able to pipeline it. This may degrade performance. 
WARNING: [Synth 8-6430] The Block RAM "dcache/data/array_0_2/array_0_0_ext/mem_0_1/ram_reg" may get memory collision error if read and write address collide. Use attribute (* rw_addr_collision= "yes" *) to avoid collision 
RAM Pipeline Warning: Read Address Register Found For RAM array_0_2/array_0_0_ext/mem_0_2/ram_reg. We will not be able to pipeline it. This may degrade performance. 
RAM Pipeline Warning: Read Address Register Found For RAM array_0_2/array_0_0_ext/mem_0_2/ram_reg. We will not be able to pipeline it. This may degrade performance. 
RAM Pipeline Warning: Read Address Register Found For RAM array_0_2/array_0_0_ext/mem_0_2/ram_reg. We will not be able to pipeline it. This may degrade performance. 
WARNING: [Synth 8-6430] The Block RAM "dcache/data/array_0_2/array_0_0_ext/mem_0_2/ram_reg" may get memory collision error if read and write address collide. Use attribute (* rw_addr_collision= "yes" *) to avoid collision 
RAM Pipeline Warning: Read Address Register Found For RAM array_0_2/array_0_0_ext/mem_0_3/ram_reg. We will not be able to pipeline it. This may degrade performance. 
RAM Pipeline Warning: Read Address Register Found For RAM array_0_2/array_0_0_ext/mem_0_3/ram_reg. We will not be able to pipeline it. This may degrade performance. 
RAM Pipeline Warning: Read Address Register Found For RAM array_0_2/array_0_0_ext/mem_0_3/ram_reg. We will not be able to pipeline it. This may degrade performance. 
WARNING: [Synth 8-6430] The Block RAM "dcache/data/array_0_2/array_0_0_ext/mem_0_3/ram_reg" may get memory collision error if read and write address collide. Use attribute (* rw_addr_collision= "yes" *) to avoid collision 
RAM Pipeline Warning: Read Address Register Found For RAM array_0_3/array_0_0_ext/mem_0_0/ram_reg. We will not be able to pipeline it. This may degrade performance. 
RAM Pipeline Warning: Read Address Register Found For RAM array_0_3/array_0_0_ext/mem_0_0/ram_reg. We will not be able to pipeline it. This may degrade performance. 
RAM Pipeline Warning: Read Address Register Found For RAM array_0_3/array_0_0_ext/mem_0_0/ram_reg. We will not be able to pipeline it. This may degrade performance. 
WARNING: [Synth 8-6430] The Block RAM "dcache/data/array_0_3/array_0_0_ext/mem_0_0/ram_reg" may get memory collision error if read and write address collide. Use attribute (* rw_addr_collision= "yes" *) to avoid collision 
RAM Pipeline Warning: Read Address Register Found For RAM array_0_3/array_0_0_ext/mem_0_1/ram_reg. We will not be able to pipeline it. This may degrade performance. 
RAM Pipeline Warning: Read Address Register Found For RAM array_0_3/array_0_0_ext/mem_0_1/ram_reg. We will not be able to pipeline it. This may degrade performance. 
RAM Pipeline Warning: Read Address Register Found For RAM array_0_3/array_0_0_ext/mem_0_1/ram_reg. We will not be able to pipeline it. This may degrade performance. 
WARNING: [Synth 8-6430] The Block RAM "dcache/data/array_0_3/array_0_0_ext/mem_0_1/ram_reg" may get memory collision error if read and write address collide. Use attribute (* rw_addr_collision= "yes" *) to avoid collision 
RAM Pipeline Warning: Read Address Register Found For RAM array_0_3/array_0_0_ext/mem_0_2/ram_reg. We will not be able to pipeline it. This may degrade performance. 
RAM Pipeline Warning: Read Address Register Found For RAM array_0_3/array_0_0_ext/mem_0_2/ram_reg. We will not be able to pipeline it. This may degrade performance. 
RAM Pipeline Warning: Read Address Register Found For RAM array_0_3/array_0_0_ext/mem_0_2/ram_reg. We will not be able to pipeline it. This may degrade performance. 
WARNING: [Synth 8-6430] The Block RAM "dcache/data/array_0_3/array_0_0_ext/mem_0_2/ram_reg" may get memory collision error if read and write address collide. Use attribute (* rw_addr_collision= "yes" *) to avoid collision 
RAM Pipeline Warning: Read Address Register Found For RAM array_0_3/array_0_0_ext/mem_0_3/ram_reg. We will not be able to pipeline it. This may degrade performance. 
RAM Pipeline Warning: Read Address Register Found For RAM array_0_3/array_0_0_ext/mem_0_3/ram_reg. We will not be able to pipeline it. This may degrade performance. 
RAM Pipeline Warning: Read Address Register Found For RAM array_0_3/array_0_0_ext/mem_0_3/ram_reg. We will not be able to pipeline it. This may degrade performance. 
WARNING: [Synth 8-6430] The Block RAM "dcache/data/array_0_3/array_0_0_ext/mem_0_3/ram_reg" may get memory collision error if read and write address collide. Use attribute (* rw_addr_collision= "yes" *) to avoid collision 
RAM Pipeline Warning: Read Address Register Found For RAM array_4_0/array_0_0_ext/mem_0_0/ram_reg. We will not be able to pipeline it. This may degrade performance. 
RAM Pipeline Warning: Read Address Register Found For RAM array_4_0/array_0_0_ext/mem_0_0/ram_reg. We will not be able to pipeline it. This may degrade performance. 
RAM Pipeline Warning: Read Address Register Found For RAM array_4_0/array_0_0_ext/mem_0_0/ram_reg. We will not be able to pipeline it. This may degrade performance. 
WARNING: [Synth 8-6430] The Block RAM "dcache/data/array_4_0/array_0_0_ext/mem_0_0/ram_reg" may get memory collision error if read and write address collide. Use attribute (* rw_addr_collision= "yes" *) to avoid collision 
RAM Pipeline Warning: Read Address Register Found For RAM array_4_0/array_0_0_ext/mem_0_1/ram_reg. We will not be able to pipeline it. This may degrade performance. 
RAM Pipeline Warning: Read Address Register Found For RAM array_4_0/array_0_0_ext/mem_0_1/ram_reg. We will not be able to pipeline it. This may degrade performance. 
RAM Pipeline Warning: Read Address Register Found For RAM array_4_0/array_0_0_ext/mem_0_1/ram_reg. We will not be able to pipeline it. This may degrade performance. 
WARNING: [Synth 8-6430] The Block RAM "dcache/data/array_4_0/array_0_0_ext/mem_0_1/ram_reg" may get memory collision error if read and write address collide. Use attribute (* rw_addr_collision= "yes" *) to avoid collision 
RAM Pipeline Warning: Read Address Register Found For RAM array_4_0/array_0_0_ext/mem_0_2/ram_reg. We will not be able to pipeline it. This may degrade performance. 
RAM Pipeline Warning: Read Address Register Found For RAM array_4_0/array_0_0_ext/mem_0_2/ram_reg. We will not be able to pipeline it. This may degrade performance. 
RAM Pipeline Warning: Read Address Register Found For RAM array_4_0/array_0_0_ext/mem_0_2/ram_reg. We will not be able to pipeline it. This may degrade performance. 
WARNING: [Synth 8-6430] The Block RAM "dcache/data/array_4_0/array_0_0_ext/mem_0_2/ram_reg" may get memory collision error if read and write address collide. Use attribute (* rw_addr_collision= "yes" *) to avoid collision 
RAM Pipeline Warning: Read Address Register Found For RAM array_4_0/array_0_0_ext/mem_0_3/ram_reg. We will not be able to pipeline it. This may degrade performance. 
RAM Pipeline Warning: Read Address Register Found For RAM array_4_0/array_0_0_ext/mem_0_3/ram_reg. We will not be able to pipeline it. This may degrade performance. 
RAM Pipeline Warning: Read Address Register Found For RAM array_4_0/array_0_0_ext/mem_0_3/ram_reg. We will not be able to pipeline it. This may degrade performance. 
WARNING: [Synth 8-6430] The Block RAM "dcache/data/array_4_0/array_0_0_ext/mem_0_3/ram_reg" may get memory collision error if read and write address collide. Use attribute (* rw_addr_collision= "yes" *) to avoid collision 
RAM Pipeline Warning: Read Address Register Found For RAM array_4_1/array_0_0_ext/mem_0_0/ram_reg. We will not be able to pipeline it. This may degrade performance. 
RAM Pipeline Warning: Read Address Register Found For RAM array_4_1/array_0_0_ext/mem_0_0/ram_reg. We will not be able to pipeline it. This may degrade performance. 
RAM Pipeline Warning: Read Address Register Found For RAM array_4_1/array_0_0_ext/mem_0_0/ram_reg. We will not be able to pipeline it. This may degrade performance. 
WARNING: [Synth 8-6430] The Block RAM "dcache/data/array_4_1/array_0_0_ext/mem_0_0/ram_reg" may get memory collision error if read and write address collide. Use attribute (* rw_addr_collision= "yes" *) to avoid collision 
RAM Pipeline Warning: Read Address Register Found For RAM array_4_1/array_0_0_ext/mem_0_1/ram_reg. We will not be able to pipeline it. This may degrade performance. 
RAM Pipeline Warning: Read Address Register Found For RAM array_4_1/array_0_0_ext/mem_0_1/ram_reg. We will not be able to pipeline it. This may degrade performance. 
RAM Pipeline Warning: Read Address Register Found For RAM array_4_1/array_0_0_ext/mem_0_1/ram_reg. We will not be able to pipeline it. This may degrade performance. 
WARNING: [Synth 8-6430] The Block RAM "dcache/data/array_4_1/array_0_0_ext/mem_0_1/ram_reg" may get memory collision error if read and write address collide. Use attribute (* rw_addr_collision= "yes" *) to avoid collision 
RAM Pipeline Warning: Read Address Register Found For RAM array_4_1/array_0_0_ext/mem_0_2/ram_reg. We will not be able to pipeline it. This may degrade performance. 
RAM Pipeline Warning: Read Address Register Found For RAM array_4_1/array_0_0_ext/mem_0_2/ram_reg. We will not be able to pipeline it. This may degrade performance. 
RAM Pipeline Warning: Read Address Register Found For RAM array_4_1/array_0_0_ext/mem_0_2/ram_reg. We will not be able to pipeline it. This may degrade performance. 
WARNING: [Synth 8-6430] The Block RAM "dcache/data/array_4_1/array_0_0_ext/mem_0_2/ram_reg" may get memory collision error if read and write address collide. Use attribute (* rw_addr_collision= "yes" *) to avoid collision 
RAM Pipeline Warning: Read Address Register Found For RAM array_4_1/array_0_0_ext/mem_0_3/ram_reg. We will not be able to pipeline it. This may degrade performance. 
RAM Pipeline Warning: Read Address Register Found For RAM array_4_1/array_0_0_ext/mem_0_3/ram_reg. We will not be able to pipeline it. This may degrade performance. 
RAM Pipeline Warning: Read Address Register Found For RAM array_4_1/array_0_0_ext/mem_0_3/ram_reg. We will not be able to pipeline it. This may degrade performance. 
WARNING: [Synth 8-6430] The Block RAM "dcache/data/array_4_1/array_0_0_ext/mem_0_3/ram_reg" may get memory collision error if read and write address collide. Use attribute (* rw_addr_collision= "yes" *) to avoid collision 
RAM Pipeline Warning: Read Address Register Found For RAM array_4_2/array_0_0_ext/mem_0_0/ram_reg. We will not be able to pipeline it. This may degrade performance. 
RAM Pipeline Warning: Read Address Register Found For RAM array_4_2/array_0_0_ext/mem_0_0/ram_reg. We will not be able to pipeline it. This may degrade performance. 
RAM Pipeline Warning: Read Address Register Found For RAM array_4_2/array_0_0_ext/mem_0_0/ram_reg. We will not be able to pipeline it. This may degrade performance. 
WARNING: [Synth 8-6430] The Block RAM "dcache/data/array_4_2/array_0_0_ext/mem_0_0/ram_reg" may get memory collision error if read and write address collide. Use attribute (* rw_addr_collision= "yes" *) to avoid collision 
RAM Pipeline Warning: Read Address Register Found For RAM array_4_2/array_0_0_ext/mem_0_1/ram_reg. We will not be able to pipeline it. This may degrade performance. 
RAM Pipeline Warning: Read Address Register Found For RAM array_4_2/array_0_0_ext/mem_0_1/ram_reg. We will not be able to pipeline it. This may degrade performance. 
RAM Pipeline Warning: Read Address Register Found For RAM array_4_2/array_0_0_ext/mem_0_1/ram_reg. We will not be able to pipeline it. This may degrade performance. 
WARNING: [Synth 8-6430] The Block RAM "dcache/data/array_4_2/array_0_0_ext/mem_0_1/ram_reg" may get memory collision error if read and write address collide. Use attribute (* rw_addr_collision= "yes" *) to avoid collision 
RAM Pipeline Warning: Read Address Register Found For RAM array_4_2/array_0_0_ext/mem_0_2/ram_reg. We will not be able to pipeline it. This may degrade performance. 
RAM Pipeline Warning: Read Address Register Found For RAM array_4_2/array_0_0_ext/mem_0_2/ram_reg. We will not be able to pipeline it. This may degrade performance. 
RAM Pipeline Warning: Read Address Register Found For RAM array_4_2/array_0_0_ext/mem_0_2/ram_reg. We will not be able to pipeline it. This may degrade performance. 
WARNING: [Synth 8-6430] The Block RAM "dcache/data/array_4_2/array_0_0_ext/mem_0_2/ram_reg" may get memory collision error if read and write address collide. Use attribute (* rw_addr_collision= "yes" *) to avoid collision 
RAM Pipeline Warning: Read Address Register Found For RAM array_4_2/array_0_0_ext/mem_0_3/ram_reg. We will not be able to pipeline it. This may degrade performance. 
RAM Pipeline Warning: Read Address Register Found For RAM array_4_2/array_0_0_ext/mem_0_3/ram_reg. We will not be able to pipeline it. This may degrade performance. 
RAM Pipeline Warning: Read Address Register Found For RAM array_4_2/array_0_0_ext/mem_0_3/ram_reg. We will not be able to pipeline it. This may degrade performance. 
WARNING: [Synth 8-6430] The Block RAM "dcache/data/array_4_2/array_0_0_ext/mem_0_3/ram_reg" may get memory collision error if read and write address collide. Use attribute (* rw_addr_collision= "yes" *) to avoid collision 
RAM Pipeline Warning: Read Address Register Found For RAM array_4_3/array_0_0_ext/mem_0_0/ram_reg. We will not be able to pipeline it. This may degrade performance. 
RAM Pipeline Warning: Read Address Register Found For RAM array_4_3/array_0_0_ext/mem_0_0/ram_reg. We will not be able to pipeline it. This may degrade performance. 
RAM Pipeline Warning: Read Address Register Found For RAM array_4_3/array_0_0_ext/mem_0_0/ram_reg. We will not be able to pipeline it. This may degrade performance. 
WARNING: [Synth 8-6430] The Block RAM "dcache/data/array_4_3/array_0_0_ext/mem_0_0/ram_reg" may get memory collision error if read and write address collide. Use attribute (* rw_addr_collision= "yes" *) to avoid collision 
RAM Pipeline Warning: Read Address Register Found For RAM array_4_3/array_0_0_ext/mem_0_1/ram_reg. We will not be able to pipeline it. This may degrade performance. 
RAM Pipeline Warning: Read Address Register Found For RAM array_4_3/array_0_0_ext/mem_0_1/ram_reg. We will not be able to pipeline it. This may degrade performance. 
RAM Pipeline Warning: Read Address Register Found For RAM array_4_3/array_0_0_ext/mem_0_1/ram_reg. We will not be able to pipeline it. This may degrade performance. 
WARNING: [Synth 8-6430] The Block RAM "dcache/data/array_4_3/array_0_0_ext/mem_0_1/ram_reg" may get memory collision error if read and write address collide. Use attribute (* rw_addr_collision= "yes" *) to avoid collision 
RAM Pipeline Warning: Read Address Register Found For RAM array_4_3/array_0_0_ext/mem_0_2/ram_reg. We will not be able to pipeline it. This may degrade performance. 
RAM Pipeline Warning: Read Address Register Found For RAM array_4_3/array_0_0_ext/mem_0_2/ram_reg. We will not be able to pipeline it. This may degrade performance. 
RAM Pipeline Warning: Read Address Register Found For RAM array_4_3/array_0_0_ext/mem_0_2/ram_reg. We will not be able to pipeline it. This may degrade performance. 
WARNING: [Synth 8-6430] The Block RAM "dcache/data/array_4_3/array_0_0_ext/mem_0_2/ram_reg" may get memory collision error if read and write address collide. Use attribute (* rw_addr_collision= "yes" *) to avoid collision 
RAM Pipeline Warning: Read Address Register Found For RAM array_4_3/array_0_0_ext/mem_0_3/ram_reg. We will not be able to pipeline it. This may degrade performance. 
RAM Pipeline Warning: Read Address Register Found For RAM array_4_3/array_0_0_ext/mem_0_3/ram_reg. We will not be able to pipeline it. This may degrade performance. 
RAM Pipeline Warning: Read Address Register Found For RAM array_4_3/array_0_0_ext/mem_0_3/ram_reg. We will not be able to pipeline it. This may degrade performance. 
WARNING: [Synth 8-6430] The Block RAM "dcache/data/array_4_3/array_0_0_ext/mem_0_3/ram_reg" may get memory collision error if read and write address collide. Use attribute (* rw_addr_collision= "yes" *) to avoid collision 
RAM Pipeline Warning: Read Address Register Found For RAM ChaosCore_tile_icache_data_arrays_0_ext/mem_0_0/ram_reg. We will not be able to pipeline it. This may degrade performance. 
RAM Pipeline Warning: Read Address Register Found For RAM ChaosCore_tile_icache_data_arrays_0_ext/mem_0_1/ram_reg. We will not be able to pipeline it. This may degrade performance. 
RAM Pipeline Warning: Read Address Register Found For RAM ChaosCore_tile_icache_data_arrays_0_ext/mem_0_2/ram_reg. We will not be able to pipeline it. This may degrade performance. 
RAM Pipeline Warning: Read Address Register Found For RAM ChaosCore_tile_icache_data_arrays_0_ext/mem_0_3/ram_reg. We will not be able to pipeline it. This may degrade performance. 
RAM Pipeline Warning: Read Address Register Found For RAM ChaosCore_tile_icache_data_arrays_0_ext/mem_0_4/ram_reg. We will not be able to pipeline it. This may degrade performance. 
RAM Pipeline Warning: Read Address Register Found For RAM ChaosCore_tile_icache_data_arrays_0_ext/mem_0_5/ram_reg. We will not be able to pipeline it. This may degrade performance. 
RAM Pipeline Warning: Read Address Register Found For RAM ChaosCore_tile_icache_data_arrays_0_ext/mem_0_6/ram_reg. We will not be able to pipeline it. This may degrade performance. 
RAM Pipeline Warning: Read Address Register Found For RAM ChaosCore_tile_icache_data_arrays_0_ext/mem_0_7/ram_reg. We will not be able to pipeline it. This may degrade performance. 
RAM Pipeline Warning: Read Address Register Found For RAM ChaosCore_tile_icache_tag_array/ChaosCore_tile_icache_tag_array_ext/mem_0_0/ram_reg. We will not be able to pipeline it. This may degrade performance. 
RAM Pipeline Warning: Read Address Register Found For RAM ChaosCore_tile_icache_tag_array/ChaosCore_tile_icache_tag_array_ext/mem_0_1/ram_reg. We will not be able to pipeline it. This may degrade performance. 
RAM Pipeline Warning: Read Address Register Found For RAM ChaosCore_tile_icache_tag_array/ChaosCore_tile_icache_tag_array_ext/mem_0_2/ram_reg. We will not be able to pipeline it. This may degrade performance. 
RAM Pipeline Warning: Read Address Register Found For RAM ChaosCore_tile_icache_tag_array/ChaosCore_tile_icache_tag_array_ext/mem_0_3/ram_reg. We will not be able to pipeline it. This may degrade performance. 
RAM Pipeline Warning: Read Address Register Found For RAM ChaosCore_tile_icache_tag_array/ChaosCore_tile_icache_tag_array_ext/mem_0_4/ram_reg. We will not be able to pipeline it. This may degrade performance. 
RAM Pipeline Warning: Read Address Register Found For RAM ChaosCore_tile_icache_tag_array/ChaosCore_tile_icache_tag_array_ext/mem_0_5/ram_reg. We will not be able to pipeline it. This may degrade performance. 
RAM Pipeline Warning: Read Address Register Found For RAM ChaosCore_tile_icache_tag_array/ChaosCore_tile_icache_tag_array_ext/mem_0_6/ram_reg. We will not be able to pipeline it. This may degrade performance. 
RAM Pipeline Warning: Read Address Register Found For RAM ChaosCore_tile_icache_tag_array/ChaosCore_tile_icache_tag_array_ext/mem_0_7/ram_reg. We will not be able to pipeline it. This may degrade performance. 
RAM Pipeline Warning: Read Address Register Found For RAM sdq_ext/Memory_reg. We will not be able to pipeline it. This may degrade performance. 
RAM Pipeline Warning: Read Address Register Found For RAM tag_array/tag_array_ext/mem_0_0/ram_reg. We will not be able to pipeline it. This may degrade performance. 
RAM Pipeline Warning: Read Address Register Found For RAM tag_array/tag_array_ext/mem_0_1/ram_reg. We will not be able to pipeline it. This may degrade performance. 
RAM Pipeline Warning: Read Address Register Found For RAM tag_array/tag_array_ext/mem_0_2/ram_reg. We will not be able to pipeline it. This may degrade performance. 
RAM Pipeline Warning: Read Address Register Found For RAM tag_array/tag_array_ext/mem_0_3/ram_reg. We will not be able to pipeline it. This may degrade performance. 
RAM Pipeline Warning: Read Address Register Found For RAM tag_array/tag_array_ext/mem_0_4/ram_reg. We will not be able to pipeline it. This may degrade performance. 
RAM Pipeline Warning: Read Address Register Found For RAM tag_array/tag_array_ext/mem_0_5/ram_reg. We will not be able to pipeline it. This may degrade performance. 
RAM Pipeline Warning: Read Address Register Found For RAM tag_array/tag_array_ext/mem_0_6/ram_reg. We will not be able to pipeline it. This may degrade performance. 
RAM Pipeline Warning: Read Address Register Found For RAM tag_array/tag_array_ext/mem_0_7/ram_reg. We will not be able to pipeline it. This may degrade performance. 
RAM Pipeline Warning: Read Address Register Found For RAM array_0_0/array_0_0_ext/mem_0_0/ram_reg. We will not be able to pipeline it. This may degrade performance. 
RAM Pipeline Warning: Read Address Register Found For RAM array_0_0/array_0_0_ext/mem_0_1/ram_reg. We will not be able to pipeline it. This may degrade performance. 
RAM Pipeline Warning: Read Address Register Found For RAM array_0_0/array_0_0_ext/mem_0_2/ram_reg. We will not be able to pipeline it. This may degrade performance. 
RAM Pipeline Warning: Read Address Register Found For RAM array_0_0/array_0_0_ext/mem_0_3/ram_reg. We will not be able to pipeline it. This may degrade performance. 
RAM Pipeline Warning: Read Address Register Found For RAM array_0_1/array_0_0_ext/mem_0_0/ram_reg. We will not be able to pipeline it. This may degrade performance. 
RAM Pipeline Warning: Read Address Register Found For RAM array_0_1/array_0_0_ext/mem_0_1/ram_reg. We will not be able to pipeline it. This may degrade performance. 
RAM Pipeline Warning: Read Address Register Found For RAM array_0_1/array_0_0_ext/mem_0_2/ram_reg. We will not be able to pipeline it. This may degrade performance. 
RAM Pipeline Warning: Read Address Register Found For RAM array_0_1/array_0_0_ext/mem_0_3/ram_reg. We will not be able to pipeline it. This may degrade performance. 
RAM Pipeline Warning: Read Address Register Found For RAM array_0_2/array_0_0_ext/mem_0_0/ram_reg. We will not be able to pipeline it. This may degrade performance. 
RAM Pipeline Warning: Read Address Register Found For RAM array_0_2/array_0_0_ext/mem_0_1/ram_reg. We will not be able to pipeline it. This may degrade performance. 
RAM Pipeline Warning: Read Address Register Found For RAM array_0_2/array_0_0_ext/mem_0_2/ram_reg. We will not be able to pipeline it. This may degrade performance. 
RAM Pipeline Warning: Read Address Register Found For RAM array_0_2/array_0_0_ext/mem_0_3/ram_reg. We will not be able to pipeline it. This may degrade performance. 
RAM Pipeline Warning: Read Address Register Found For RAM array_0_3/array_0_0_ext/mem_0_0/ram_reg. We will not be able to pipeline it. This may degrade performance. 
RAM Pipeline Warning: Read Address Register Found For RAM array_0_3/array_0_0_ext/mem_0_1/ram_reg. We will not be able to pipeline it. This may degrade performance. 
RAM Pipeline Warning: Read Address Register Found For RAM array_0_3/array_0_0_ext/mem_0_2/ram_reg. We will not be able to pipeline it. This may degrade performance. 
RAM Pipeline Warning: Read Address Register Found For RAM array_0_3/array_0_0_ext/mem_0_3/ram_reg. We will not be able to pipeline it. This may degrade performance. 
RAM Pipeline Warning: Read Address Register Found For RAM array_4_0/array_0_0_ext/mem_0_0/ram_reg. We will not be able to pipeline it. This may degrade performance. 
RAM Pipeline Warning: Read Address Register Found For RAM array_4_0/array_0_0_ext/mem_0_1/ram_reg. We will not be able to pipeline it. This may degrade performance. 
RAM Pipeline Warning: Read Address Register Found For RAM array_4_0/array_0_0_ext/mem_0_2/ram_reg. We will not be able to pipeline it. This may degrade performance. 
RAM Pipeline Warning: Read Address Register Found For RAM array_4_0/array_0_0_ext/mem_0_3/ram_reg. We will not be able to pipeline it. This may degrade performance. 
RAM Pipeline Warning: Read Address Register Found For RAM array_4_1/array_0_0_ext/mem_0_0/ram_reg. We will not be able to pipeline it. This may degrade performance. 
RAM Pipeline Warning: Read Address Register Found For RAM array_4_1/array_0_0_ext/mem_0_1/ram_reg. We will not be able to pipeline it. This may degrade performance. 
RAM Pipeline Warning: Read Address Register Found For RAM array_4_1/array_0_0_ext/mem_0_2/ram_reg. We will not be able to pipeline it. This may degrade performance. 
RAM Pipeline Warning: Read Address Register Found For RAM array_4_1/array_0_0_ext/mem_0_3/ram_reg. We will not be able to pipeline it. This may degrade performance. 
RAM Pipeline Warning: Read Address Register Found For RAM array_4_2/array_0_0_ext/mem_0_0/ram_reg. We will not be able to pipeline it. This may degrade performance. 
RAM Pipeline Warning: Read Address Register Found For RAM array_4_2/array_0_0_ext/mem_0_1/ram_reg. We will not be able to pipeline it. This may degrade performance. 
RAM Pipeline Warning: Read Address Register Found For RAM array_4_2/array_0_0_ext/mem_0_2/ram_reg. We will not be able to pipeline it. This may degrade performance. 
RAM Pipeline Warning: Read Address Register Found For RAM array_4_2/array_0_0_ext/mem_0_3/ram_reg. We will not be able to pipeline it. This may degrade performance. 
RAM Pipeline Warning: Read Address Register Found For RAM array_4_3/array_0_0_ext/mem_0_0/ram_reg. We will not be able to pipeline it. This may degrade performance. 
RAM Pipeline Warning: Read Address Register Found For RAM array_4_3/array_0_0_ext/mem_0_1/ram_reg. We will not be able to pipeline it. This may degrade performance. 
RAM Pipeline Warning: Read Address Register Found For RAM array_4_3/array_0_0_ext/mem_0_2/ram_reg. We will not be able to pipeline it. This may degrade performance. 
RAM Pipeline Warning: Read Address Register Found For RAM array_4_3/array_0_0_ext/mem_0_3/ram_reg. We will not be able to pipeline it. This may degrade performance. 
WARNING: [Synth 8-3936] Found unconnected internal register 'serdesser/des_1/data_0_reg' and it is trimmed from '32' to '2' bits. [/mnt/Storage/SCHOOL/Capstone/ChaosCore-chipyard/sims/verilator/generated-src/chipyard.harness.TestHarness.ChaosCoreFPGAConfig/gen-collateral/GenericDeserializer_TLBeatw67_f32.sv:70]
WARNING: [Synth 8-3936] Found unconnected internal register 'serdesser/des_2/data_0_reg' and it is trimmed from '32' to '2' bits. [/mnt/Storage/SCHOOL/Capstone/ChaosCore-chipyard/sims/verilator/generated-src/chipyard.harness.TestHarness.ChaosCoreFPGAConfig/gen-collateral/GenericDeserializer_TLBeatw88_f32.sv:70]
INFO: [Synth 8-5544] ROM "_GEN" won't be mapped to Block RAM because address size (2) smaller than threshold (5)
INFO: [Synth 8-5544] ROM "l2/ctrls/" won't be mapped to Block RAM because address size (2) smaller than threshold (5)
INFO: [Synth 8-5544] ROM "l2/ctrls/" won't be mapped to Block RAM because address size (2) smaller than threshold (5)
RAM Pipeline Warning: Read Address Register Found For RAM cc_dir/cc_dir_ext/mem_0_0/ram_reg. We will not be able to pipeline it. This may degrade performance. 
RAM Pipeline Warning: Read Address Register Found For RAM cc_dir/cc_dir_ext/mem_0_0/ram_reg. We will not be able to pipeline it. This may degrade performance. 
RAM Pipeline Warning: Read Address Register Found For RAM cc_dir/cc_dir_ext/mem_0_0/ram_reg. We will not be able to pipeline it. This may degrade performance. 
WARNING: [Synth 8-6430] The Block RAM "coh_wrapper/\l2/inclusive_cache_bank_sched /directory/cc_dir/cc_dir_ext/mem_0_0/ram_reg" may get memory collision error if read and write address collide. Use attribute (* rw_addr_collision= "yes" *) to avoid collision 
RAM Pipeline Warning: Read Address Register Found For RAM cc_dir/cc_dir_ext/mem_0_1/ram_reg. We will not be able to pipeline it. This may degrade performance. 
RAM Pipeline Warning: Read Address Register Found For RAM cc_dir/cc_dir_ext/mem_0_1/ram_reg. We will not be able to pipeline it. This may degrade performance. 
RAM Pipeline Warning: Read Address Register Found For RAM cc_dir/cc_dir_ext/mem_0_1/ram_reg. We will not be able to pipeline it. This may degrade performance. 
WARNING: [Synth 8-6430] The Block RAM "coh_wrapper/\l2/inclusive_cache_bank_sched /directory/cc_dir/cc_dir_ext/mem_0_1/ram_reg" may get memory collision error if read and write address collide. Use attribute (* rw_addr_collision= "yes" *) to avoid collision 
RAM Pipeline Warning: Read Address Register Found For RAM cc_dir/cc_dir_ext/mem_0_2/ram_reg. We will not be able to pipeline it. This may degrade performance. 
RAM Pipeline Warning: Read Address Register Found For RAM cc_dir/cc_dir_ext/mem_0_2/ram_reg. We will not be able to pipeline it. This may degrade performance. 
RAM Pipeline Warning: Read Address Register Found For RAM cc_dir/cc_dir_ext/mem_0_2/ram_reg. We will not be able to pipeline it. This may degrade performance. 
WARNING: [Synth 8-6430] The Block RAM "coh_wrapper/\l2/inclusive_cache_bank_sched /directory/cc_dir/cc_dir_ext/mem_0_2/ram_reg" may get memory collision error if read and write address collide. Use attribute (* rw_addr_collision= "yes" *) to avoid collision 
RAM Pipeline Warning: Read Address Register Found For RAM cc_dir/cc_dir_ext/mem_0_3/ram_reg. We will not be able to pipeline it. This may degrade performance. 
RAM Pipeline Warning: Read Address Register Found For RAM cc_dir/cc_dir_ext/mem_0_3/ram_reg. We will not be able to pipeline it. This may degrade performance. 
RAM Pipeline Warning: Read Address Register Found For RAM cc_dir/cc_dir_ext/mem_0_3/ram_reg. We will not be able to pipeline it. This may degrade performance. 
WARNING: [Synth 8-6430] The Block RAM "coh_wrapper/\l2/inclusive_cache_bank_sched /directory/cc_dir/cc_dir_ext/mem_0_3/ram_reg" may get memory collision error if read and write address collide. Use attribute (* rw_addr_collision= "yes" *) to avoid collision 
RAM Pipeline Warning: Read Address Register Found For RAM cc_dir/cc_dir_ext/mem_0_4/ram_reg. We will not be able to pipeline it. This may degrade performance. 
RAM Pipeline Warning: Read Address Register Found For RAM cc_dir/cc_dir_ext/mem_0_4/ram_reg. We will not be able to pipeline it. This may degrade performance. 
RAM Pipeline Warning: Read Address Register Found For RAM cc_dir/cc_dir_ext/mem_0_4/ram_reg. We will not be able to pipeline it. This may degrade performance. 
WARNING: [Synth 8-6430] The Block RAM "coh_wrapper/\l2/inclusive_cache_bank_sched /directory/cc_dir/cc_dir_ext/mem_0_4/ram_reg" may get memory collision error if read and write address collide. Use attribute (* rw_addr_collision= "yes" *) to avoid collision 
RAM Pipeline Warning: Read Address Register Found For RAM cc_dir/cc_dir_ext/mem_0_5/ram_reg. We will not be able to pipeline it. This may degrade performance. 
RAM Pipeline Warning: Read Address Register Found For RAM cc_dir/cc_dir_ext/mem_0_5/ram_reg. We will not be able to pipeline it. This may degrade performance. 
RAM Pipeline Warning: Read Address Register Found For RAM cc_dir/cc_dir_ext/mem_0_5/ram_reg. We will not be able to pipeline it. This may degrade performance. 
WARNING: [Synth 8-6430] The Block RAM "coh_wrapper/\l2/inclusive_cache_bank_sched /directory/cc_dir/cc_dir_ext/mem_0_5/ram_reg" may get memory collision error if read and write address collide. Use attribute (* rw_addr_collision= "yes" *) to avoid collision 
RAM Pipeline Warning: Read Address Register Found For RAM cc_dir/cc_dir_ext/mem_0_6/ram_reg. We will not be able to pipeline it. This may degrade performance. 
RAM Pipeline Warning: Read Address Register Found For RAM cc_dir/cc_dir_ext/mem_0_6/ram_reg. We will not be able to pipeline it. This may degrade performance. 
RAM Pipeline Warning: Read Address Register Found For RAM cc_dir/cc_dir_ext/mem_0_6/ram_reg. We will not be able to pipeline it. This may degrade performance. 
WARNING: [Synth 8-6430] The Block RAM "coh_wrapper/\l2/inclusive_cache_bank_sched /directory/cc_dir/cc_dir_ext/mem_0_6/ram_reg" may get memory collision error if read and write address collide. Use attribute (* rw_addr_collision= "yes" *) to avoid collision 
RAM Pipeline Warning: Read Address Register Found For RAM cc_dir/cc_dir_ext/mem_0_7/ram_reg. We will not be able to pipeline it. This may degrade performance. 
RAM Pipeline Warning: Read Address Register Found For RAM cc_dir/cc_dir_ext/mem_0_7/ram_reg. We will not be able to pipeline it. This may degrade performance. 
RAM Pipeline Warning: Read Address Register Found For RAM cc_dir/cc_dir_ext/mem_0_7/ram_reg. We will not be able to pipeline it. This may degrade performance. 
WARNING: [Synth 8-6430] The Block RAM "coh_wrapper/\l2/inclusive_cache_bank_sched /directory/cc_dir/cc_dir_ext/mem_0_7/ram_reg" may get memory collision error if read and write address collide. Use attribute (* rw_addr_collision= "yes" *) to avoid collision 
RAM Pipeline Warning: Read Address Register Found For RAM cc_banks_0_ext/mem_0_0/ram_reg. We will not be able to pipeline it. This may degrade performance. 
RAM Pipeline Warning: Read Address Register Found For RAM cc_banks_0_ext/mem_0_0/ram_reg. We will not be able to pipeline it. This may degrade performance. 
RAM Pipeline Warning: Read Address Register Found For RAM cc_banks_0_ext/mem_0_0/ram_reg. We will not be able to pipeline it. This may degrade performance. 
WARNING: [Synth 8-6430] The Block RAM "coh_wrapper/\l2/inclusive_cache_bank_sched /bankedStore/cc_banks_0/cc_banks_0_ext/mem_0_0/ram_reg" may get memory collision error if read and write address collide. Use attribute (* rw_addr_collision= "yes" *) to avoid collision 
RAM Pipeline Warning: Read Address Register Found For RAM cc_banks_0_ext/mem_0_0/ram_reg. We will not be able to pipeline it. This may degrade performance. 
RAM Pipeline Warning: Read Address Register Found For RAM cc_banks_0_ext/mem_0_0/ram_reg. We will not be able to pipeline it. This may degrade performance. 
RAM Pipeline Warning: Read Address Register Found For RAM cc_banks_0_ext/mem_0_0/ram_reg. We will not be able to pipeline it. This may degrade performance. 
WARNING: [Synth 8-6430] The Block RAM "coh_wrapper/\l2/inclusive_cache_bank_sched /bankedStore/cc_banks_1/cc_banks_0_ext/mem_0_0/ram_reg" may get memory collision error if read and write address collide. Use attribute (* rw_addr_collision= "yes" *) to avoid collision 
RAM Pipeline Warning: Read Address Register Found For RAM cc_banks_0_ext/mem_0_0/ram_reg. We will not be able to pipeline it. This may degrade performance. 
RAM Pipeline Warning: Read Address Register Found For RAM cc_banks_0_ext/mem_0_0/ram_reg. We will not be able to pipeline it. This may degrade performance. 
RAM Pipeline Warning: Read Address Register Found For RAM cc_banks_0_ext/mem_0_0/ram_reg. We will not be able to pipeline it. This may degrade performance. 
WARNING: [Synth 8-6430] The Block RAM "coh_wrapper/\l2/inclusive_cache_bank_sched /bankedStore/cc_banks_2/cc_banks_0_ext/mem_0_0/ram_reg" may get memory collision error if read and write address collide. Use attribute (* rw_addr_collision= "yes" *) to avoid collision 
RAM Pipeline Warning: Read Address Register Found For RAM cc_banks_0_ext/mem_0_0/ram_reg. We will not be able to pipeline it. This may degrade performance. 
RAM Pipeline Warning: Read Address Register Found For RAM cc_banks_0_ext/mem_0_0/ram_reg. We will not be able to pipeline it. This may degrade performance. 
RAM Pipeline Warning: Read Address Register Found For RAM cc_banks_0_ext/mem_0_0/ram_reg. We will not be able to pipeline it. This may degrade performance. 
WARNING: [Synth 8-6430] The Block RAM "coh_wrapper/\l2/inclusive_cache_bank_sched /bankedStore/cc_banks_3/cc_banks_0_ext/mem_0_0/ram_reg" may get memory collision error if read and write address collide. Use attribute (* rw_addr_collision= "yes" *) to avoid collision 
RAM Pipeline Warning: Read Address Register Found For RAM cc_dir/cc_dir_ext/mem_0_0/ram_reg. We will not be able to pipeline it. This may degrade performance. 
RAM Pipeline Warning: Read Address Register Found For RAM cc_dir/cc_dir_ext/mem_0_1/ram_reg. We will not be able to pipeline it. This may degrade performance. 
RAM Pipeline Warning: Read Address Register Found For RAM cc_dir/cc_dir_ext/mem_0_2/ram_reg. We will not be able to pipeline it. This may degrade performance. 
RAM Pipeline Warning: Read Address Register Found For RAM cc_dir/cc_dir_ext/mem_0_3/ram_reg. We will not be able to pipeline it. This may degrade performance. 
RAM Pipeline Warning: Read Address Register Found For RAM cc_dir/cc_dir_ext/mem_0_4/ram_reg. We will not be able to pipeline it. This may degrade performance. 
RAM Pipeline Warning: Read Address Register Found For RAM cc_dir/cc_dir_ext/mem_0_5/ram_reg. We will not be able to pipeline it. This may degrade performance. 
RAM Pipeline Warning: Read Address Register Found For RAM cc_dir/cc_dir_ext/mem_0_6/ram_reg. We will not be able to pipeline it. This may degrade performance. 
RAM Pipeline Warning: Read Address Register Found For RAM cc_dir/cc_dir_ext/mem_0_7/ram_reg. We will not be able to pipeline it. This may degrade performance. 
RAM Pipeline Warning: Read Address Register Found For RAM cc_banks_0_ext/mem_0_0/ram_reg. We will not be able to pipeline it. This may degrade performance. 
RAM Pipeline Warning: Read Address Register Found For RAM cc_banks_0_ext/mem_0_0/ram_reg. We will not be able to pipeline it. This may degrade performance. 
RAM Pipeline Warning: Read Address Register Found For RAM cc_banks_0_ext/mem_0_0/ram_reg. We will not be able to pipeline it. This may degrade performance. 
RAM Pipeline Warning: Read Address Register Found For RAM cc_banks_0_ext/mem_0_0/ram_reg. We will not be able to pipeline it. This may degrade performance. 
INFO: [Synth 8-7067] Removed DRAM instance coh_wrapper/l2/inclusive_cache_bank_sched/i_0/sourceA/io_a_q/ram_ext/Memory_reg_0_1_112_115 from module InclusiveCacheBankScheduler due to constant propagation
INFO: [Synth 8-7067] Removed DRAM instance coh_wrapper/l2/inclusive_cache_bank_sched/i_0/sourceA/io_a_q/ram_ext/Memory_reg_0_1_98_111 from module InclusiveCacheBankScheduler due to constant propagation
INFO: [Synth 8-7067] Removed DRAM instance coh_wrapper/l2/inclusive_cache_bank_sched/i_0/sourceA/io_a_q/ram_ext/Memory_reg_0_1_84_97 from module InclusiveCacheBankScheduler due to constant propagation
INFO: [Synth 8-7067] Removed DRAM instance coh_wrapper/l2/inclusive_cache_bank_sched/i_0/sourceA/io_a_q/ram_ext/Memory_reg_0_1_70_83 from module InclusiveCacheBankScheduler due to constant propagation
INFO: [Synth 8-7067] Removed DRAM instance coh_wrapper/l2/inclusive_cache_bank_sched/i_0/sourceA/io_a_q/ram_ext/Memory_reg_0_1_56_69 from module InclusiveCacheBankScheduler due to constant propagation
INFO: [Synth 8-7067] Removed DRAM instance coh_wrapper/i_0/cork/q/ram_ext/Memory_reg_0_1_14_27 from module CoherenceManagerWrapper due to constant propagation
INFO: [Synth 8-7067] Removed DRAM instance coh_wrapper/i_1/cork/q_1/ram_ext/Memory_reg_0_1_14_27 from module CoherenceManagerWrapper due to constant propagation
INFO: [Synth 8-7067] Removed DRAM instance coh_wrapper/i_0/cork/q/ram_ext/Memory_reg_0_1_70_79 from module CoherenceManagerWrapper due to constant propagation
INFO: [Synth 8-7067] Removed DRAM instance coh_wrapper/i_1/cork/q_1/ram_ext/Memory_reg_0_1_70_79 from module CoherenceManagerWrapper due to constant propagation
INFO: [Synth 8-7067] Removed DRAM instance coh_wrapper/i_0/cork/q/ram_ext/Memory_reg_0_1_56_69 from module CoherenceManagerWrapper due to constant propagation
INFO: [Synth 8-7067] Removed DRAM instance coh_wrapper/i_1/cork/q_1/ram_ext/Memory_reg_0_1_56_69 from module CoherenceManagerWrapper due to constant propagation
INFO: [Synth 8-7067] Removed DRAM instance coh_wrapper/i_0/cork/q/ram_ext/Memory_reg_0_1_42_55 from module CoherenceManagerWrapper due to constant propagation
INFO: [Synth 8-7067] Removed DRAM instance coh_wrapper/i_1/cork/q_1/ram_ext/Memory_reg_0_1_42_55 from module CoherenceManagerWrapper due to constant propagation
INFO: [Synth 8-7067] Removed DRAM instance coh_wrapper/i_0/cork/q/ram_ext/Memory_reg_0_1_28_41 from module CoherenceManagerWrapper due to constant propagation
INFO: [Synth 8-7067] Removed DRAM instance coh_wrapper/i_1/cork/q_1/ram_ext/Memory_reg_0_1_28_41 from module CoherenceManagerWrapper due to constant propagation
INFO: [Synth 8-7067] Removed DRAM instance coh_wrapper/l2/inclusive_cache_bank_sched/i_0/sourceA/io_a_q/ram_ext/Memory_reg_0_1_112_115 from module InclusiveCacheBankScheduler due to constant propagation
INFO: [Synth 8-7067] Removed DRAM instance serial_tl_domain/phy/__3/i_/phy/out_phits_out_async_io_enq_q_4/ram_flit_ext/Memory_reg_0_7_28_31 from module SerialTL0ClockSinkDomain due to constant propagation
INFO: [Synth 8-7067] Removed DRAM instance serial_tl_domain/phy//i_/phy/out_phits_out_async_io_enq_q/ram_flit_ext/Memory_reg_0_7_28_31 from module SerialTL0ClockSinkDomain due to constant propagation
INFO: [Synth 8-7067] Removed DRAM instance serial_tl_domain/phy/__1/i_/phy/out_phits_out_async_io_enq_q_2/ram_flit_ext/Memory_reg_0_7_28_31 from module SerialTL0ClockSinkDomain due to constant propagation
INFO: [Synth 8-7067] Removed DRAM instance serial_tl_domain/phy/__3/i_/phy/out_phits_out_async_io_enq_q_4/ram_flit_ext/Memory_reg_0_7_14_27 from module SerialTL0ClockSinkDomain due to constant propagation
INFO: [Synth 8-7067] Removed DRAM instance serial_tl_domain/phy//i_/phy/out_phits_out_async_io_enq_q/ram_flit_ext/Memory_reg_0_7_14_27 from module SerialTL0ClockSinkDomain due to constant propagation
INFO: [Synth 8-7067] Removed DRAM instance serial_tl_domain/phy/__1/i_/phy/out_phits_out_async_io_enq_q_2/ram_flit_ext/Memory_reg_0_7_14_27 from module SerialTL0ClockSinkDomain due to constant propagation
INFO: [Synth 8-7067] Removed DRAM instance serial_tl_domain/phy/__3/i_/phy/out_phits_out_async_io_enq_q_4/ram_flit_ext/Memory_reg_0_7_0_13 from module SerialTL0ClockSinkDomain due to constant propagation
INFO: [Synth 8-7067] Removed DRAM instance serial_tl_domain/phy//i_/phy/out_phits_out_async_io_enq_q/ram_flit_ext/Memory_reg_0_7_0_13 from module SerialTL0ClockSinkDomain due to constant propagation
INFO: [Synth 8-7067] Removed DRAM instance serial_tl_domain/phy/__1/i_/phy/out_phits_out_async_io_enq_q_2/ram_flit_ext/Memory_reg_0_7_0_13 from module SerialTL0ClockSinkDomain due to constant propagation
INFO: [Common 17-14] Message 'Synth 8-3886' appears 100 times and further instances of the messages will be disabled. Use the Tcl command set_msg_config to change the current settings.
INFO: [Synth 8-7067] Removed DRAM instance serial_tl_domain/phy/__3/i_/phy/out_phits_out_async_io_enq_q_4/ram_flit_ext/Memory_reg_0_7_28_31 from module SerialTL0ClockSinkDomain due to constant propagation
INFO: [Synth 8-7067] Removed DRAM instance serial_tl_domain/phy/__2/i_/phy/out_phits_out_async_io_enq_q_3/ram_flit_ext/Memory_reg_0_7_28_31 from module SerialTL0ClockSinkDomain due to constant propagation
INFO: [Synth 8-7067] Removed DRAM instance serial_tl_domain/phy/__2/i_/phy/out_phits_out_async_io_enq_q_3/ram_flit_ext/Memory_reg_0_7_14_27 from module SerialTL0ClockSinkDomain due to constant propagation
INFO: [Synth 8-7067] Removed DRAM instance serial_tl_domain/phy/__2/i_/phy/out_phits_out_async_io_enq_q_3/ram_flit_ext/Memory_reg_0_7_28_31 from module SerialTL0ClockSinkDomain due to constant propagation
INFO: [Synth 8-5544] ROM "coupler_to_memory_controller_port_named_axi4/tl2axi4/_GEN" won't be mapped to Block RAM because address size (4) smaller than threshold (5)
INFO: [Common 17-14] Message 'Synth 8-7129' appears 100 times and further instances of the messages will be disabled. Use the Tcl command set_msg_config to change the current settings.
RAM Pipeline Warning: Read Address Register Found For RAM ram/mem/mem_1_ext/mem_0_0/ram_reg. We will not be able to pipeline it. This may degrade performance. 
RAM Pipeline Warning: Read Address Register Found For RAM ram/mem/mem_1_ext/mem_0_0/ram_reg. We will not be able to pipeline it. This may degrade performance. 
RAM Pipeline Warning: Read Address Register Found For RAM ram/mem/mem_1_ext/mem_0_0/ram_reg. We will not be able to pipeline it. This may degrade performance. 
WARNING: [Synth 8-6430] The Block RAM "bank/ram/mem/mem_1_ext/mem_0_0/ram_reg" may get memory collision error if read and write address collide. Use attribute (* rw_addr_collision= "yes" *) to avoid collision 
RAM Pipeline Warning: Read Address Register Found For RAM ram/mem/mem_1_ext/mem_0_1/ram_reg. We will not be able to pipeline it. This may degrade performance. 
RAM Pipeline Warning: Read Address Register Found For RAM ram/mem/mem_1_ext/mem_0_1/ram_reg. We will not be able to pipeline it. This may degrade performance. 
RAM Pipeline Warning: Read Address Register Found For RAM ram/mem/mem_1_ext/mem_0_1/ram_reg. We will not be able to pipeline it. This may degrade performance. 
WARNING: [Synth 8-6430] The Block RAM "bank/ram/mem/mem_1_ext/mem_0_1/ram_reg" may get memory collision error if read and write address collide. Use attribute (* rw_addr_collision= "yes" *) to avoid collision 
RAM Pipeline Warning: Read Address Register Found For RAM ram/mem/mem_1_ext/mem_0_2/ram_reg. We will not be able to pipeline it. This may degrade performance. 
RAM Pipeline Warning: Read Address Register Found For RAM ram/mem/mem_1_ext/mem_0_2/ram_reg. We will not be able to pipeline it. This may degrade performance. 
RAM Pipeline Warning: Read Address Register Found For RAM ram/mem/mem_1_ext/mem_0_2/ram_reg. We will not be able to pipeline it. This may degrade performance. 
WARNING: [Synth 8-6430] The Block RAM "bank/ram/mem/mem_1_ext/mem_0_2/ram_reg" may get memory collision error if read and write address collide. Use attribute (* rw_addr_collision= "yes" *) to avoid collision 
RAM Pipeline Warning: Read Address Register Found For RAM ram/mem/mem_1_ext/mem_0_3/ram_reg. We will not be able to pipeline it. This may degrade performance. 
RAM Pipeline Warning: Read Address Register Found For RAM ram/mem/mem_1_ext/mem_0_3/ram_reg. We will not be able to pipeline it. This may degrade performance. 
RAM Pipeline Warning: Read Address Register Found For RAM ram/mem/mem_1_ext/mem_0_3/ram_reg. We will not be able to pipeline it. This may degrade performance. 
WARNING: [Synth 8-6430] The Block RAM "bank/ram/mem/mem_1_ext/mem_0_3/ram_reg" may get memory collision error if read and write address collide. Use attribute (* rw_addr_collision= "yes" *) to avoid collision 
RAM Pipeline Warning: Read Address Register Found For RAM ram/mem/mem_1_ext/mem_0_4/ram_reg. We will not be able to pipeline it. This may degrade performance. 
RAM Pipeline Warning: Read Address Register Found For RAM ram/mem/mem_1_ext/mem_0_4/ram_reg. We will not be able to pipeline it. This may degrade performance. 
RAM Pipeline Warning: Read Address Register Found For RAM ram/mem/mem_1_ext/mem_0_4/ram_reg. We will not be able to pipeline it. This may degrade performance. 
WARNING: [Synth 8-6430] The Block RAM "bank/ram/mem/mem_1_ext/mem_0_4/ram_reg" may get memory collision error if read and write address collide. Use attribute (* rw_addr_collision= "yes" *) to avoid collision 
RAM Pipeline Warning: Read Address Register Found For RAM ram/mem/mem_1_ext/mem_0_5/ram_reg. We will not be able to pipeline it. This may degrade performance. 
RAM Pipeline Warning: Read Address Register Found For RAM ram/mem/mem_1_ext/mem_0_5/ram_reg. We will not be able to pipeline it. This may degrade performance. 
RAM Pipeline Warning: Read Address Register Found For RAM ram/mem/mem_1_ext/mem_0_5/ram_reg. We will not be able to pipeline it. This may degrade performance. 
WARNING: [Synth 8-6430] The Block RAM "bank/ram/mem/mem_1_ext/mem_0_5/ram_reg" may get memory collision error if read and write address collide. Use attribute (* rw_addr_collision= "yes" *) to avoid collision 
RAM Pipeline Warning: Read Address Register Found For RAM ram/mem/mem_1_ext/mem_0_6/ram_reg. We will not be able to pipeline it. This may degrade performance. 
RAM Pipeline Warning: Read Address Register Found For RAM ram/mem/mem_1_ext/mem_0_6/ram_reg. We will not be able to pipeline it. This may degrade performance. 
RAM Pipeline Warning: Read Address Register Found For RAM ram/mem/mem_1_ext/mem_0_6/ram_reg. We will not be able to pipeline it. This may degrade performance. 
WARNING: [Synth 8-6430] The Block RAM "bank/ram/mem/mem_1_ext/mem_0_6/ram_reg" may get memory collision error if read and write address collide. Use attribute (* rw_addr_collision= "yes" *) to avoid collision 
RAM Pipeline Warning: Read Address Register Found For RAM ram/mem/mem_1_ext/mem_0_7/ram_reg. We will not be able to pipeline it. This may degrade performance. 
RAM Pipeline Warning: Read Address Register Found For RAM ram/mem/mem_1_ext/mem_0_7/ram_reg. We will not be able to pipeline it. This may degrade performance. 
RAM Pipeline Warning: Read Address Register Found For RAM ram/mem/mem_1_ext/mem_0_7/ram_reg. We will not be able to pipeline it. This may degrade performance. 
WARNING: [Synth 8-6430] The Block RAM "bank/ram/mem/mem_1_ext/mem_0_7/ram_reg" may get memory collision error if read and write address collide. Use attribute (* rw_addr_collision= "yes" *) to avoid collision 
RAM Pipeline Warning: Read Address Register Found For RAM ram/mem/mem_1_ext/mem_0_0/ram_reg. We will not be able to pipeline it. This may degrade performance. 
RAM Pipeline Warning: Read Address Register Found For RAM ram/mem/mem_1_ext/mem_0_1/ram_reg. We will not be able to pipeline it. This may degrade performance. 
RAM Pipeline Warning: Read Address Register Found For RAM ram/mem/mem_1_ext/mem_0_2/ram_reg. We will not be able to pipeline it. This may degrade performance. 
RAM Pipeline Warning: Read Address Register Found For RAM ram/mem/mem_1_ext/mem_0_3/ram_reg. We will not be able to pipeline it. This may degrade performance. 
RAM Pipeline Warning: Read Address Register Found For RAM ram/mem/mem_1_ext/mem_0_4/ram_reg. We will not be able to pipeline it. This may degrade performance. 
RAM Pipeline Warning: Read Address Register Found For RAM ram/mem/mem_1_ext/mem_0_5/ram_reg. We will not be able to pipeline it. This may degrade performance. 
RAM Pipeline Warning: Read Address Register Found For RAM ram/mem/mem_1_ext/mem_0_6/ram_reg. We will not be able to pipeline it. This may degrade performance. 
RAM Pipeline Warning: Read Address Register Found For RAM ram/mem/mem_1_ext/mem_0_7/ram_reg. We will not be able to pipeline it. This may degrade performance. 
INFO: [Synth 8-7067] Removed DRAM instance cbus/wrapped_error_device/i_1/buffer/nodeIn_d_q/ram_ext/Memory_reg_0_1_56_69 from module ErrorDeviceWrapper due to constant propagation
INFO: [Synth 8-7067] Removed DRAM instance cbus/wrapped_error_device/i_1/buffer/nodeIn_d_q/ram_ext/Memory_reg_0_1_42_55 from module ErrorDeviceWrapper due to constant propagation
INFO: [Synth 8-7067] Removed DRAM instance cbus/wrapped_error_device/i_1/buffer/nodeIn_d_q/ram_ext/Memory_reg_0_1_28_41 from module ErrorDeviceWrapper due to constant propagation
INFO: [Synth 8-7067] Removed DRAM instance cbus/i_6/coupler_to_prci_ctrl/buffer/nodeIn_d_q/ram_ext/Memory_reg_0_1_70_80 from module PeripheryBus_cbus due to constant propagation
INFO: [Synth 8-7067] Removed DRAM instance cbus/i_6/coupler_to_prci_ctrl/buffer/nodeIn_d_q/ram_ext/Memory_reg_0_1_56_69 from module PeripheryBus_cbus due to constant propagation
INFO: [Synth 8-7067] Removed DRAM instance cbus/i_6/coupler_to_prci_ctrl/buffer/nodeIn_d_q/ram_ext/Memory_reg_0_1_42_55 from module PeripheryBus_cbus due to constant propagation
INFO: [Synth 8-7067] Removed DRAM instance cbus/i_6/coupler_to_prci_ctrl/buffer/nodeIn_d_q/ram_ext/Memory_reg_0_1_28_41 from module PeripheryBus_cbus due to constant propagation
INFO: [Synth 8-7067] Removed DRAM instance sbus/i_0/coupler_to_port_named_mmio_port_axi4/axi4buf/nodeOut_aw_deq_q/ram_ext/Memory_reg_0_1_56_59 from module SystemBus due to constant propagation
INFO: [Synth 8-7067] Removed DRAM instance sbus/i_3/coupler_to_port_named_mmio_port_axi4/axi4buf/nodeOut_ar_deq_q/ram_ext/Memory_reg_0_1_56_59 from module SystemBus due to constant propagation
INFO: [Synth 8-7067] Removed DRAM instance sbus/i_3/coupler_to_port_named_mmio_port_axi4/axi4buf/nodeOut_ar_deq_q/ram_ext/Memory_reg_0_1_56_59 from module SystemBus due to constant propagation
---------------------------------------------------------------------------------
Finished Cross Boundary and Area Optimization : Time (s): cpu = 00:02:14 ; elapsed = 00:02:21 . Memory (MB): peak = 3688.590 ; gain = 1434.457 ; free physical = 249 ; free virtual = 16110
---------------------------------------------------------------------------------
 Sort Area is FU_1__GB0 mul/mul_result_64_s_u_9 : 0 0 : 2759 8638 : Used 1 time 0
 Sort Area is FU_1__GB0 mul/mul_result_64_s_u_9 : 0 1 : 3101 8638 : Used 1 time 0
 Sort Area is FU_1__GB0 mul/mul_result_64_s_u_9 : 0 2 : 2778 8638 : Used 1 time 0
 Sort Area is FU_1__GB0 mul/mul_result_64_s_u_6 : 0 0 : 2701 8580 : Used 1 time 0
 Sort Area is FU_1__GB0 mul/mul_result_64_s_u_6 : 0 1 : 2778 8580 : Used 1 time 0
 Sort Area is FU_1__GB0 mul/mul_result_64_s_u_6 : 0 2 : 3101 8580 : Used 1 time 0
 Sort Area is FU_1__GB0 mul/mul_result_64_u_u_e : 0 0 : 2701 5479 : Used 1 time 0
 Sort Area is FU_1__GB0 mul/mul_result_64_u_u_e : 0 1 : 2778 5479 : Used 1 time 0
 Sort Area is FU_1__GB0 mul/mul_result_64_u_u_f : 0 0 : 2759 5418 : Used 1 time 0
 Sort Area is FU_1__GB0 mul/mul_result_64_u_u_f : 0 1 : 2659 5418 : Used 1 time 0
 Sort Area is FU_1__GB0 mul/mul_result_64_s_s_3 : 0 0 : 2701 4861 : Used 1 time 0
 Sort Area is FU_1__GB0 mul/mul_result_64_s_s_3 : 0 1 : 2160 4861 : Used 1 time 0
 Sort Area is FU_1__GB0 mul/mul_result_64_s_u_b : 0 0 : 2460 4839 : Used 1 time 0
 Sort Area is FU_1__GB0 mul/mul_result_64_s_u_b : 0 1 : 2379 4839 : Used 1 time 0
 Sort Area is FU_1__GB0 mul/mul_result_64_s_s_0 : 0 0 : 2158 3958 : Used 1 time 0
 Sort Area is FU_1__GB0 mul/mul_result_64_s_s_0 : 0 1 : 1800 3958 : Used 1 time 0
---------------------------------------------------------------------------------
Start ROM, RAM, DSP, Shift Register and Retiming Reporting
---------------------------------------------------------------------------------

ROM: Preliminary Mapping Report
+------------+------------+---------------+----------------+
|Module Name | RTL Object | Depth x Width | Implemented As | 
+------------+------------+---------------+----------------+
|TLToAXI4    | _GEN       | 32x5          | LUT            | 
+------------+------------+---------------+----------------+


Block RAM: Preliminary Mapping Report (see note below)
+-------------------------------------------------------------------+---------------------------------------------------------+------------------------+---+---+------------------------+---+---+------------------+--------+--------+-----------------+
|Module Name                                                        | RTL Object                                              | PORT A (Depth x Width) | W | R | PORT B (Depth x Width) | W | R | Ports driving FF | RAMB18 | RAMB36 | Cascade Heights | 
+-------------------------------------------------------------------+---------------------------------------------------------+------------------------+---+---+------------------------+---+---+------------------+--------+--------+-----------------+
|\frontend/instruction_fetch/BTB                                    | mem/mem_ext/mem_0_0/ram_reg                             | 1 K x 70(READ_FIRST)   | W |   | 1 K x 70(WRITE_FIRST)  |   | R | Port A and B     | 0      | 2      | 1,1             | 
|icache/ChaosCore_tile_icache_data_arrays_0                         | ChaosCore_tile_icache_data_arrays_0_ext/mem_0_0/ram_reg | 256 x 128(READ_FIRST)  | W |   | 256 x 128(WRITE_FIRST) |   | R | Port A and B     | 0      | 2      |                 | 
|icache/ChaosCore_tile_icache_data_arrays_0                         | ChaosCore_tile_icache_data_arrays_0_ext/mem_0_1/ram_reg | 256 x 128(READ_FIRST)  | W |   | 256 x 128(WRITE_FIRST) |   | R | Port A and B     | 0      | 2      |                 | 
|icache/ChaosCore_tile_icache_data_arrays_0                         | ChaosCore_tile_icache_data_arrays_0_ext/mem_0_2/ram_reg | 256 x 128(READ_FIRST)  | W |   | 256 x 128(WRITE_FIRST) |   | R | Port A and B     | 0      | 2      |                 | 
|icache/ChaosCore_tile_icache_data_arrays_0                         | ChaosCore_tile_icache_data_arrays_0_ext/mem_0_3/ram_reg | 256 x 128(READ_FIRST)  | W |   | 256 x 128(WRITE_FIRST) |   | R | Port A and B     | 0      | 2      |                 | 
|icache/ChaosCore_tile_icache_data_arrays_0                         | ChaosCore_tile_icache_data_arrays_0_ext/mem_0_4/ram_reg | 256 x 128(READ_FIRST)  | W |   | 256 x 128(WRITE_FIRST) |   | R | Port A and B     | 0      | 2      |                 | 
|icache/ChaosCore_tile_icache_data_arrays_0                         | ChaosCore_tile_icache_data_arrays_0_ext/mem_0_5/ram_reg | 256 x 128(READ_FIRST)  | W |   | 256 x 128(WRITE_FIRST) |   | R | Port A and B     | 0      | 2      |                 | 
|icache/ChaosCore_tile_icache_data_arrays_0                         | ChaosCore_tile_icache_data_arrays_0_ext/mem_0_6/ram_reg | 256 x 128(READ_FIRST)  | W |   | 256 x 128(WRITE_FIRST) |   | R | Port A and B     | 0      | 2      |                 | 
|icache/ChaosCore_tile_icache_data_arrays_0                         | ChaosCore_tile_icache_data_arrays_0_ext/mem_0_7/ram_reg | 256 x 128(READ_FIRST)  | W |   | 256 x 128(WRITE_FIRST) |   | R | Port A and B     | 0      | 2      |                 | 
|dcache/data                                                        | array_0_0/array_0_0_ext/mem_0_0/ram_reg                 | 256 x 32(READ_FIRST)   | W |   | 256 x 32(WRITE_FIRST)  |   | R | Port A and B     | 1      | 0      |                 | 
|dcache/data                                                        | array_0_0/array_0_0_ext/mem_0_1/ram_reg                 | 256 x 32(READ_FIRST)   | W |   | 256 x 32(WRITE_FIRST)  |   | R | Port A and B     | 1      | 0      |                 | 
|dcache/data                                                        | array_0_0/array_0_0_ext/mem_0_2/ram_reg                 | 256 x 32(READ_FIRST)   | W |   | 256 x 32(WRITE_FIRST)  |   | R | Port A and B     | 1      | 0      |                 | 
|dcache/data                                                        | array_0_0/array_0_0_ext/mem_0_3/ram_reg                 | 256 x 32(READ_FIRST)   | W |   | 256 x 32(WRITE_FIRST)  |   | R | Port A and B     | 1      | 0      |                 | 
|dcache/data                                                        | array_0_1/array_0_0_ext/mem_0_0/ram_reg                 | 256 x 32(READ_FIRST)   | W |   | 256 x 32(WRITE_FIRST)  |   | R | Port A and B     | 1      | 0      |                 | 
|dcache/data                                                        | array_0_1/array_0_0_ext/mem_0_1/ram_reg                 | 256 x 32(READ_FIRST)   | W |   | 256 x 32(WRITE_FIRST)  |   | R | Port A and B     | 1      | 0      |                 | 
|dcache/data                                                        | array_0_1/array_0_0_ext/mem_0_2/ram_reg                 | 256 x 32(READ_FIRST)   | W |   | 256 x 32(WRITE_FIRST)  |   | R | Port A and B     | 1      | 0      |                 | 
|dcache/data                                                        | array_0_1/array_0_0_ext/mem_0_3/ram_reg                 | 256 x 32(READ_FIRST)   | W |   | 256 x 32(WRITE_FIRST)  |   | R | Port A and B     | 1      | 0      |                 | 
|dcache/data                                                        | array_0_2/array_0_0_ext/mem_0_0/ram_reg                 | 256 x 32(READ_FIRST)   | W |   | 256 x 32(WRITE_FIRST)  |   | R | Port A and B     | 1      | 0      |                 | 
|dcache/data                                                        | array_0_2/array_0_0_ext/mem_0_1/ram_reg                 | 256 x 32(READ_FIRST)   | W |   | 256 x 32(WRITE_FIRST)  |   | R | Port A and B     | 1      | 0      |                 | 
|dcache/data                                                        | array_0_2/array_0_0_ext/mem_0_2/ram_reg                 | 256 x 32(READ_FIRST)   | W |   | 256 x 32(WRITE_FIRST)  |   | R | Port A and B     | 1      | 0      |                 | 
|dcache/data                                                        | array_0_2/array_0_0_ext/mem_0_3/ram_reg                 | 256 x 32(READ_FIRST)   | W |   | 256 x 32(WRITE_FIRST)  |   | R | Port A and B     | 1      | 0      |                 | 
|dcache/data                                                        | array_0_3/array_0_0_ext/mem_0_0/ram_reg                 | 256 x 32(READ_FIRST)   | W |   | 256 x 32(WRITE_FIRST)  |   | R | Port A and B     | 1      | 0      |                 | 
|dcache/data                                                        | array_0_3/array_0_0_ext/mem_0_1/ram_reg                 | 256 x 32(READ_FIRST)   | W |   | 256 x 32(WRITE_FIRST)  |   | R | Port A and B     | 1      | 0      |                 | 
|dcache/data                                                        | array_0_3/array_0_0_ext/mem_0_2/ram_reg                 | 256 x 32(READ_FIRST)   | W |   | 256 x 32(WRITE_FIRST)  |   | R | Port A and B     | 1      | 0      |                 | 
|dcache/data                                                        | array_0_3/array_0_0_ext/mem_0_3/ram_reg                 | 256 x 32(READ_FIRST)   | W |   | 256 x 32(WRITE_FIRST)  |   | R | Port A and B     | 1      | 0      |                 | 
|dcache/data                                                        | array_4_0/array_0_0_ext/mem_0_0/ram_reg                 | 256 x 32(READ_FIRST)   | W |   | 256 x 32(WRITE_FIRST)  |   | R | Port A and B     | 1      | 0      |                 | 
|dcache/data                                                        | array_4_0/array_0_0_ext/mem_0_1/ram_reg                 | 256 x 32(READ_FIRST)   | W |   | 256 x 32(WRITE_FIRST)  |   | R | Port A and B     | 1      | 0      |                 | 
|dcache/data                                                        | array_4_0/array_0_0_ext/mem_0_2/ram_reg                 | 256 x 32(READ_FIRST)   | W |   | 256 x 32(WRITE_FIRST)  |   | R | Port A and B     | 1      | 0      |                 | 
|dcache/data                                                        | array_4_0/array_0_0_ext/mem_0_3/ram_reg                 | 256 x 32(READ_FIRST)   | W |   | 256 x 32(WRITE_FIRST)  |   | R | Port A and B     | 1      | 0      |                 | 
|dcache/data                                                        | array_4_1/array_0_0_ext/mem_0_0/ram_reg                 | 256 x 32(READ_FIRST)   | W |   | 256 x 32(WRITE_FIRST)  |   | R | Port A and B     | 1      | 0      |                 | 
|dcache/data                                                        | array_4_1/array_0_0_ext/mem_0_1/ram_reg                 | 256 x 32(READ_FIRST)   | W |   | 256 x 32(WRITE_FIRST)  |   | R | Port A and B     | 1      | 0      |                 | 
|dcache/data                                                        | array_4_1/array_0_0_ext/mem_0_2/ram_reg                 | 256 x 32(READ_FIRST)   | W |   | 256 x 32(WRITE_FIRST)  |   | R | Port A and B     | 1      | 0      |                 | 
|dcache/data                                                        | array_4_1/array_0_0_ext/mem_0_3/ram_reg                 | 256 x 32(READ_FIRST)   | W |   | 256 x 32(WRITE_FIRST)  |   | R | Port A and B     | 1      | 0      |                 | 
|dcache/data                                                        | array_4_2/array_0_0_ext/mem_0_0/ram_reg                 | 256 x 32(READ_FIRST)   | W |   | 256 x 32(WRITE_FIRST)  |   | R | Port A and B     | 1      | 0      |                 | 
|dcache/data                                                        | array_4_2/array_0_0_ext/mem_0_1/ram_reg                 | 256 x 32(READ_FIRST)   | W |   | 256 x 32(WRITE_FIRST)  |   | R | Port A and B     | 1      | 0      |                 | 
|dcache/data                                                        | array_4_2/array_0_0_ext/mem_0_2/ram_reg                 | 256 x 32(READ_FIRST)   | W |   | 256 x 32(WRITE_FIRST)  |   | R | Port A and B     | 1      | 0      |                 | 
|dcache/data                                                        | array_4_2/array_0_0_ext/mem_0_3/ram_reg                 | 256 x 32(READ_FIRST)   | W |   | 256 x 32(WRITE_FIRST)  |   | R | Port A and B     | 1      | 0      |                 | 
|dcache/data                                                        | array_4_3/array_0_0_ext/mem_0_0/ram_reg                 | 256 x 32(READ_FIRST)   | W |   | 256 x 32(WRITE_FIRST)  |   | R | Port A and B     | 1      | 0      |                 | 
|dcache/data                                                        | array_4_3/array_0_0_ext/mem_0_1/ram_reg                 | 256 x 32(READ_FIRST)   | W |   | 256 x 32(WRITE_FIRST)  |   | R | Port A and B     | 1      | 0      |                 | 
|dcache/data                                                        | array_4_3/array_0_0_ext/mem_0_2/ram_reg                 | 256 x 32(READ_FIRST)   | W |   | 256 x 32(WRITE_FIRST)  |   | R | Port A and B     | 1      | 0      |                 | 
|dcache/data                                                        | array_4_3/array_0_0_ext/mem_0_3/ram_reg                 | 256 x 32(READ_FIRST)   | W |   | 256 x 32(WRITE_FIRST)  |   | R | Port A and B     | 1      | 0      |                 | 
|coh_wrapper/\l2/inclusive_cache_bank_sched /directory              | cc_dir/cc_dir_ext/mem_0_0/ram_reg                       | 1 K x 17(READ_FIRST)   | W |   | 1 K x 17(WRITE_FIRST)  |   | R | Port A and B     | 1      | 0      | 1               | 
|coh_wrapper/\l2/inclusive_cache_bank_sched /directory              | cc_dir/cc_dir_ext/mem_0_1/ram_reg                       | 1 K x 17(READ_FIRST)   | W |   | 1 K x 17(WRITE_FIRST)  |   | R | Port A and B     | 1      | 0      | 1               | 
|coh_wrapper/\l2/inclusive_cache_bank_sched /directory              | cc_dir/cc_dir_ext/mem_0_2/ram_reg                       | 1 K x 17(READ_FIRST)   | W |   | 1 K x 17(WRITE_FIRST)  |   | R | Port A and B     | 1      | 0      | 1               | 
|coh_wrapper/\l2/inclusive_cache_bank_sched /directory              | cc_dir/cc_dir_ext/mem_0_3/ram_reg                       | 1 K x 17(READ_FIRST)   | W |   | 1 K x 17(WRITE_FIRST)  |   | R | Port A and B     | 1      | 0      | 1               | 
|coh_wrapper/\l2/inclusive_cache_bank_sched /directory              | cc_dir/cc_dir_ext/mem_0_4/ram_reg                       | 1 K x 17(READ_FIRST)   | W |   | 1 K x 17(WRITE_FIRST)  |   | R | Port A and B     | 1      | 0      | 1               | 
|coh_wrapper/\l2/inclusive_cache_bank_sched /directory              | cc_dir/cc_dir_ext/mem_0_5/ram_reg                       | 1 K x 17(READ_FIRST)   | W |   | 1 K x 17(WRITE_FIRST)  |   | R | Port A and B     | 1      | 0      | 1               | 
|coh_wrapper/\l2/inclusive_cache_bank_sched /directory              | cc_dir/cc_dir_ext/mem_0_6/ram_reg                       | 1 K x 17(READ_FIRST)   | W |   | 1 K x 17(WRITE_FIRST)  |   | R | Port A and B     | 1      | 0      | 1               | 
|coh_wrapper/\l2/inclusive_cache_bank_sched /directory              | cc_dir/cc_dir_ext/mem_0_7/ram_reg                       | 1 K x 17(READ_FIRST)   | W |   | 1 K x 17(WRITE_FIRST)  |   | R | Port A and B     | 1      | 0      | 1               | 
|coh_wrapper/\l2/inclusive_cache_bank_sched /bankedStore/cc_banks_0 | cc_banks_0_ext/mem_0_0/ram_reg                          | 16 K x 64(READ_FIRST)  | W |   | 16 K x 64(WRITE_FIRST) |   | R | Port A and B     | 1      | 28     | 8,8,8,4,1       | 
|coh_wrapper/\l2/inclusive_cache_bank_sched /bankedStore/cc_banks_1 | cc_banks_0_ext/mem_0_0/ram_reg                          | 16 K x 64(READ_FIRST)  | W |   | 16 K x 64(WRITE_FIRST) |   | R | Port A and B     | 1      | 28     | 8,8,8,4,1       | 
|coh_wrapper/\l2/inclusive_cache_bank_sched /bankedStore/cc_banks_2 | cc_banks_0_ext/mem_0_0/ram_reg                          | 16 K x 64(READ_FIRST)  | W |   | 16 K x 64(WRITE_FIRST) |   | R | Port A and B     | 1      | 28     | 8,8,8,4,1       | 
|coh_wrapper/\l2/inclusive_cache_bank_sched /bankedStore/cc_banks_3 | cc_banks_0_ext/mem_0_0/ram_reg                          | 16 K x 64(READ_FIRST)  | W |   | 16 K x 64(WRITE_FIRST) |   | R | Port A and B     | 1      | 28     | 8,8,8,4,1       | 
|bank                                                               | ram/mem/mem_1_ext/mem_0_0/ram_reg                       | 8 K x 8(READ_FIRST)    | W |   | 8 K x 8(WRITE_FIRST)   |   | R | Port A and B     | 0      | 2      | 2               | 
|bank                                                               | ram/mem/mem_1_ext/mem_0_1/ram_reg                       | 8 K x 8(READ_FIRST)    | W |   | 8 K x 8(WRITE_FIRST)   |   | R | Port A and B     | 0      | 2      | 2               | 
|bank                                                               | ram/mem/mem_1_ext/mem_0_2/ram_reg                       | 8 K x 8(READ_FIRST)    | W |   | 8 K x 8(WRITE_FIRST)   |   | R | Port A and B     | 0      | 2      | 2               | 
|bank                                                               | ram/mem/mem_1_ext/mem_0_3/ram_reg                       | 8 K x 8(READ_FIRST)    | W |   | 8 K x 8(WRITE_FIRST)   |   | R | Port A and B     | 0      | 2      | 2               | 
|bank                                                               | ram/mem/mem_1_ext/mem_0_4/ram_reg                       | 8 K x 8(READ_FIRST)    | W |   | 8 K x 8(WRITE_FIRST)   |   | R | Port A and B     | 0      | 2      | 2               | 
|bank                                                               | ram/mem/mem_1_ext/mem_0_5/ram_reg                       | 8 K x 8(READ_FIRST)    | W |   | 8 K x 8(WRITE_FIRST)   |   | R | Port A and B     | 0      | 2      | 2               | 
|bank                                                               | ram/mem/mem_1_ext/mem_0_6/ram_reg                       | 8 K x 8(READ_FIRST)    | W |   | 8 K x 8(WRITE_FIRST)   |   | R | Port A and B     | 0      | 2      | 2               | 
|bank                                                               | ram/mem/mem_1_ext/mem_0_7/ram_reg                       | 8 K x 8(READ_FIRST)    | W |   | 8 K x 8(WRITE_FIRST)   |   | R | Port A and B     | 0      | 2      | 2               | 
+-------------------------------------------------------------------+---------------------------------------------------------+------------------------+---+---+------------------------+---+---+------------------+--------+--------+-----------------+

Note: The table above is a preliminary report that shows the Block RAMs at the current stage of the synthesis flow. Some Block RAMs may be reimplemented as non Block RAM primitives later in the synthesis flow. Multiple instantiated Block RAMs are reported only once. 

Distributed RAM: Preliminary Mapping Report (see note below)
+------------------------------------------------------+--------------------------------------------------------------------------------------+-----------+----------------------+----------------------------+
|Module Name                                           | RTL Object                                                                           | Inference | Size (Depth x Width) | Primitives                 | 
+------------------------------------------------------+--------------------------------------------------------------------------------------+-----------+----------------------+----------------------------+
|CSR_FU                                                | FU_output/ram_ext/Memory_reg                                                         | Implied   | 2 x 229              | RAM32M16 x 17              | 
|ALU                                                   | FU_output/ram_ext/Memory_reg                                                         | Implied   | 2 x 229              | RAM32M16 x 17              | 
|branch_unit                                           | FU_output/ram_ext/Memory_reg                                                         | Implied   | 2 x 229              | RAM32M16 x 17              | 
|FU_1__GB0                                             | mul/FU_output/ram_ext/Memory_reg                                                     | Implied   | 2 x 229              | RAM32M16 x 17              | 
|FU_1__GB0                                             | div/decoded_instr_q/ram_ext/Memory_reg                                               | Implied   | 64 x 52              | RAM64M8 x 8                | 
|FU_1__GB0                                             | div/FU_output/ram_ext/Memory_reg                                                     | Implied   | 2 x 229              | RAM32M16 x 17              | 
|execution_enginei_1/\FUs_0/ALU                        | FU_output/ram_ext/Memory_reg                                                         | Implied   | 2 x 229              | RAM32M16 x 17              | 
|execution_enginei_1/\FUs_2/ALU                        | FU_output/ram_ext/Memory_reg                                                         | Implied   | 2 x 229              | RAM32M16 x 17              | 
|BD_ChaosCoreTop_0_0                                   | FUs_3/AGU/FU_output/ram_ext/Memory_reg                                               | Implied   | 2 x 229              | RAM32M16 x 17              | 
|INT_PRF/LVTBanks_0                                    | memories_0/memories_0_ext/mem_0_0/ram_reg                                            | Implied   | 128 x 32             | RAM64M8 x 10               | 
|INT_PRF/LVTBanks_0                                    | memories_1/memories_0_ext/mem_0_0/ram_reg                                            | Implied   | 128 x 32             | RAM64M8 x 10               | 
|INT_PRF/LVTBanks_0                                    | memories_2/memories_0_ext/mem_0_0/ram_reg                                            | Implied   | 128 x 32             | RAM64M8 x 10               | 
|INT_PRF/LVTBanks_0                                    | memories_3/memories_0_ext/mem_0_0/ram_reg                                            | Implied   | 128 x 32             | RAM64M8 x 10               | 
|INT_PRF/LVTBanks_0                                    | memories_4/memories_0_ext/mem_0_0/ram_reg                                            | Implied   | 128 x 32             | RAM64M8 x 10               | 
|INT_PRF/LVTBanks_0                                    | memories_5/memories_0_ext/mem_0_0/ram_reg                                            | Implied   | 128 x 32             | RAM64M8 x 10               | 
|INT_PRF/LVTBanks_0                                    | memories_6/memories_0_ext/mem_0_0/ram_reg                                            | Implied   | 128 x 32             | RAM64M8 x 10               | 
|INT_PRF/LVTBanks_0                                    | memories_7/memories_0_ext/mem_0_0/ram_reg                                            | Implied   | 128 x 32             | RAM64M8 x 10               | 
|INT_PRF/LVTBanks_1                                    | memories_0/memories_0_ext/mem_0_0/ram_reg                                            | Implied   | 128 x 32             | RAM64M8 x 10               | 
|INT_PRF/LVTBanks_1                                    | memories_1/memories_0_ext/mem_0_0/ram_reg                                            | Implied   | 128 x 32             | RAM64M8 x 10               | 
|INT_PRF/LVTBanks_1                                    | memories_2/memories_0_ext/mem_0_0/ram_reg                                            | Implied   | 128 x 32             | RAM64M8 x 10               | 
|INT_PRF/LVTBanks_1                                    | memories_3/memories_0_ext/mem_0_0/ram_reg                                            | Implied   | 128 x 32             | RAM64M8 x 10               | 
|INT_PRF/LVTBanks_1                                    | memories_4/memories_0_ext/mem_0_0/ram_reg                                            | Implied   | 128 x 32             | RAM64M8 x 10               | 
|INT_PRF/LVTBanks_1                                    | memories_5/memories_0_ext/mem_0_0/ram_reg                                            | Implied   | 128 x 32             | RAM64M8 x 10               | 
|INT_PRF/LVTBanks_1                                    | memories_6/memories_0_ext/mem_0_0/ram_reg                                            | Implied   | 128 x 32             | RAM64M8 x 10               | 
|INT_PRF/LVTBanks_1                                    | memories_7/memories_0_ext/mem_0_0/ram_reg                                            | Implied   | 128 x 32             | RAM64M8 x 10               | 
|INT_PRF/LVTBanks_2                                    | memories_0/memories_0_ext/mem_0_0/ram_reg                                            | Implied   | 128 x 32             | RAM64M8 x 10               | 
|INT_PRF/LVTBanks_2                                    | memories_1/memories_0_ext/mem_0_0/ram_reg                                            | Implied   | 128 x 32             | RAM64M8 x 10               | 
|INT_PRF/LVTBanks_2                                    | memories_2/memories_0_ext/mem_0_0/ram_reg                                            | Implied   | 128 x 32             | RAM64M8 x 10               | 
|INT_PRF/LVTBanks_2                                    | memories_3/memories_0_ext/mem_0_0/ram_reg                                            | Implied   | 128 x 32             | RAM64M8 x 10               | 
|INT_PRF/LVTBanks_2                                    | memories_4/memories_0_ext/mem_0_0/ram_reg                                            | Implied   | 128 x 32             | RAM64M8 x 10               | 
|INT_PRF/LVTBanks_2                                    | memories_5/memories_0_ext/mem_0_0/ram_reg                                            | Implied   | 128 x 32             | RAM64M8 x 10               | 
|INT_PRF/LVTBanks_2                                    | memories_6/memories_0_ext/mem_0_0/ram_reg                                            | Implied   | 128 x 32             | RAM64M8 x 10               | 
|INT_PRF/LVTBanks_2                                    | memories_7/memories_0_ext/mem_0_0/ram_reg                                            | Implied   | 128 x 32             | RAM64M8 x 10               | 
|INT_PRF/LVTBanks_3                                    | memories_0/memories_0_ext/mem_0_0/ram_reg                                            | Implied   | 128 x 32             | RAM64M8 x 10               | 
|INT_PRF/LVTBanks_3                                    | memories_1/memories_0_ext/mem_0_0/ram_reg                                            | Implied   | 128 x 32             | RAM64M8 x 10               | 
|INT_PRF/LVTBanks_3                                    | memories_2/memories_0_ext/mem_0_0/ram_reg                                            | Implied   | 128 x 32             | RAM64M8 x 10               | 
|INT_PRF/LVTBanks_3                                    | memories_3/memories_0_ext/mem_0_0/ram_reg                                            | Implied   | 128 x 32             | RAM64M8 x 10               | 
|INT_PRF/LVTBanks_3                                    | memories_4/memories_0_ext/mem_0_0/ram_reg                                            | Implied   | 128 x 32             | RAM64M8 x 10               | 
|INT_PRF/LVTBanks_3                                    | memories_5/memories_0_ext/mem_0_0/ram_reg                                            | Implied   | 128 x 32             | RAM64M8 x 10               | 
|INT_PRF/LVTBanks_3                                    | memories_6/memories_0_ext/mem_0_0/ram_reg                                            | Implied   | 128 x 32             | RAM64M8 x 10               | 
|INT_PRF/LVTBanks_3                                    | memories_7/memories_0_ext/mem_0_0/ram_reg                                            | Implied   | 128 x 32             | RAM64M8 x 10               | 
|ROB_instruction_bank__GB0                             | insn_mem/insn_mem_ext/mem_0_0/ram_reg                                                | Implied   | 64 x 113             | RAM64M8 x 34               | 
|ROB_instruction_bank_1__GB0                           | insn_mem/insn_mem_ext/mem_0_0/ram_reg                                                | Implied   | 64 x 113             | RAM64M8 x 34               | 
|ROB_instruction_bank_2__GB0                           | insn_mem/insn_mem_ext/mem_0_0/ram_reg                                                | Implied   | 64 x 113             | RAM64M8 x 34               | 
|ROB_instruction_bank_3__GB0                           | insn_mem/insn_mem_ext/mem_0_0/ram_reg                                                | Implied   | 64 x 113             | RAM64M8 x 34               | 
|BD_ChaosCoreTop_0_0                                   | ROB_shared_bank/shared_mem/shared_mem_ext/mem_0_0/ram_reg                            | Implied   | 64 x 109             | RAM64M8 x 32               | 
|BD_ChaosCoreTop_0_0                                   | ROB_branch_banks_0/mem/mem_0_ext/mem_0_0/ram_reg                                     | Implied   | 64 x 33              | RAM64M8 x 5                | 
|BD_ChaosCoreTop_0_0                                   | ROB_branch_banks_1/mem/mem_0_ext/mem_0_0/ram_reg                                     | Implied   | 64 x 33              | RAM64M8 x 5                | 
|BD_ChaosCoreTop_0_0                                   | ROB_branch_banks_2/mem/mem_0_ext/mem_0_0/ram_reg                                     | Implied   | 64 x 33              | RAM64M8 x 5                | 
|BD_ChaosCoreTop_0_0                                   | ROB_branch_banks_3/mem/mem_0_ext/mem_0_0/ram_reg                                     | Implied   | 64 x 33              | RAM64M8 x 5                | 
|\frontend/decoders                                    | decoded_fetch_packet_out_Q/ram_ext/Memory_reg                                        | Implied   | 2 x 561              | RAM32M16 x 41              | 
|ChaosCore__GC0                                        | frontend/rename/renamed_decoded_fetch_packet_Q/ram_ext/Memory_reg                    | Implied   | 2 x 561              | RAM32M16 x 41              | 
|ChaosCore__GC0                                        | frontend/instruction_queue/ram/ram_ext/mem_0_0/ram_reg                               | Implied   | 16 x 553             | RAM32M16 x 40              | 
|icache                                                | ChaosCore_tile_icache_tag_array/ChaosCore_tile_icache_tag_array_ext/mem_0_0/ram_reg  | Implied   | 64 x 20              | RAM64M8 x 3                | 
|icache                                                | ChaosCore_tile_icache_tag_array/ChaosCore_tile_icache_tag_array_ext/mem_0_1/ram_reg  | Implied   | 64 x 20              | RAM64M8 x 3                | 
|icache                                                | ChaosCore_tile_icache_tag_array/ChaosCore_tile_icache_tag_array_ext/mem_0_2/ram_reg  | Implied   | 64 x 20              | RAM64M8 x 3                | 
|icache                                                | ChaosCore_tile_icache_tag_array/ChaosCore_tile_icache_tag_array_ext/mem_0_3/ram_reg  | Implied   | 64 x 20              | RAM64M8 x 3                | 
|icache                                                | ChaosCore_tile_icache_tag_array/ChaosCore_tile_icache_tag_array_ext/mem_0_4/ram_reg  | Implied   | 64 x 20              | RAM64M8 x 3                | 
|icache                                                | ChaosCore_tile_icache_tag_array/ChaosCore_tile_icache_tag_array_ext/mem_0_5/ram_reg  | Implied   | 64 x 20              | RAM64M8 x 3                | 
|icache                                                | ChaosCore_tile_icache_tag_array/ChaosCore_tile_icache_tag_array_ext/mem_0_6/ram_reg  | Implied   | 64 x 20              | RAM64M8 x 3                | 
|icache                                                | ChaosCore_tile_icache_tag_array/ChaosCore_tile_icache_tag_array_ext/mem_0_7/ram_reg  | Implied   | 64 x 20              | RAM64M8 x 3                | 
|dcache/mshrs/mshrs_0                                  | rpq/ram_ext/Memory_reg                                                               | Implied   | 16 x 54              | RAM32M16 x 4               | 
|dcache/mshrs/mshrs_1                                  | rpq/ram_ext/Memory_reg                                                               | Implied   | 16 x 54              | RAM32M16 x 4               | 
|dcache/mshrs/mshrs_2                                  | rpq/ram_ext/Memory_reg                                                               | Implied   | 16 x 54              | RAM32M16 x 4               | 
|dcache/mshrs/mshrs_3                                  | rpq/ram_ext/Memory_reg                                                               | Implied   | 16 x 54              | RAM32M16 x 4               | 
|dcache/mshrs                                          | sdq_ext/Memory_reg                                                                   | Implied   | 32 x 32              | RAM32M16 x 3               | 
|dcache/meta                                           | tag_array/tag_array_ext/mem_0_0/ram_reg                                              | Implied   | 64 x 21              | RAM64M8 x 3                | 
|dcache/meta                                           | tag_array/tag_array_ext/mem_0_1/ram_reg                                              | Implied   | 64 x 21              | RAM64M8 x 3                | 
|dcache/meta                                           | tag_array/tag_array_ext/mem_0_2/ram_reg                                              | Implied   | 64 x 21              | RAM64M8 x 3                | 
|dcache/meta                                           | tag_array/tag_array_ext/mem_0_3/ram_reg                                              | Implied   | 64 x 21              | RAM64M8 x 3                | 
|dcache/meta                                           | tag_array/tag_array_ext/mem_0_4/ram_reg                                              | Implied   | 64 x 21              | RAM64M8 x 3                | 
|dcache/meta                                           | tag_array/tag_array_ext/mem_0_5/ram_reg                                              | Implied   | 64 x 21              | RAM64M8 x 3                | 
|dcache/meta                                           | tag_array/tag_array_ext/mem_0_6/ram_reg                                              | Implied   | 64 x 21              | RAM64M8 x 3                | 
|dcache/meta                                           | tag_array/tag_array_ext/mem_0_7/ram_reg                                              | Implied   | 64 x 21              | RAM64M8 x 3                | 
|BD_ChaosCoreTop_0_0                                   | buffer/nodeOut_a_q/ram_ext/Memory_reg                                                | Implied   | 2 x 124              | RAM32M16 x 9               | 
|BD_ChaosCoreTop_0_0                                   | buffer/nodeIn_d_q/ram_ext/Memory_reg                                                 | Implied   | 2 x 82               | RAM32M16 x 6               | 
|BD_ChaosCoreTop_0_0                                   | buffer/nodeIn_b_q/ram_ext/Memory_reg                                                 | Implied   | 2 x 53               | RAM32M16 x 4               | 
|BD_ChaosCoreTop_0_0                                   | buffer/nodeOut_c_q/ram_ext/Memory_reg                                                | Implied   | 2 x 109              | RAM32M16 x 8               | 
|BD_ChaosCoreTop_0_0                                   | buffer/nodeOut_e_q/ram_sink_ext/Memory_reg                                           | Implied   | 2 x 3                | RAM32M16 x 1               | 
|serial_tl_domain                                      | phy/out_phits_out_async_io_enq_q_1/ram_flit_ext/Memory_reg                           | Implied   | 8 x 32               | RAM32M16 x 3               | 
|serial_tl_domain                                      | phy/out_phits_out_async_io_enq_q_3/ram_flit_ext/Memory_reg                           | Implied   | 8 x 32               | RAM32M16 x 3               | 
|serial_tl_domain                                      | phy/in_phits_io_inner_ser_0_in_q/ram_flit_ext/Memory_reg                             | Implied   | 8 x 2                | RAM16X1D x 2               | 
|serial_tl_domain                                      | phy/in_phits_io_inner_ser_4_in_q/ram_flit_ext/Memory_reg                             | Implied   | 8 x 32               | RAM32M16 x 3               | 
|serial_tl_domain                                      | phy/in_phits_io_inner_ser_1_in_q/ram_flit_ext/Memory_reg                             | Implied   | 8 x 2                | RAM16X1D x 2               | 
|serial_tl_domain                                      | phy/in_phits_io_inner_ser_2_in_q/ram_flit_ext/Memory_reg                             | Implied   | 8 x 2                | RAM16X1D x 2               | 
|serial_tl_domain                                      | phy/in_phits_io_inner_ser_3_in_q/ram_flit_ext/Memory_reg                             | Implied   | 8 x 2                | RAM16X1D x 2               | 
|coh_wrapper/\l2/inclusive_cache_bank_sched /sourceC   | queue/ram_ext/Memory_reg                                                             | Implied   | 16 x 108             | RAM32M16 x 8               | 
|coh_wrapper/\l2/inclusive_cache_bank_sched /sourceD   | queue/ram_data_ext/Memory_reg                                                        | Implied   | 4 x 64               | RAM32M16 x 5               | 
|coh_wrapper/\l2/inclusive_cache_bank_sched /sinkA     | putbuffer/tail_ext/Memory_reg                                                        | Implied   | 64 x 6               | RAM16X1D x 6 RAM32X1D x 6  | 
|coh_wrapper/\l2/inclusive_cache_bank_sched /sinkA     | putbuffer/next_ext/Memory_reg                                                        | Implied   | 64 x 6               | RAM64M8 x 1                | 
|coh_wrapper/\l2/inclusive_cache_bank_sched /sinkA     | putbuffer/data_ext/Memory_reg                                                        | Implied   | 64 x 73              | RAM64M8 x 11               | 
|coh_wrapper/\l2/inclusive_cache_bank_sched /sinkC     | c_q/ram_ext/Memory_reg                                                               | Implied   | 2 x 110              | RAM32M16 x 8               | 
|coh_wrapper/\l2/inclusive_cache_bank_sched /sinkC     | putbuffer/tail_ext/Memory_reg                                                        | Implied   | 2 x 4                | RAM16X1D x 4               | 
|coh_wrapper/\l2/inclusive_cache_bank_sched /sinkC     | putbuffer/next_ext/Memory_reg                                                        | Implied   | 16 x 4               | RAM32M16 x 1               | 
|coh_wrapper/\l2/inclusive_cache_bank_sched /sinkC     | putbuffer/data_ext/Memory_reg                                                        | Implied   | 16 x 65              | RAM32M16 x 5               | 
|coh_wrapper/\l2/inclusive_cache_bank_sched /sinkD     | d_q/ram_ext/Memory_reg                                                               | Implied   | 2 x 79               | RAM32M16 x 6               | 
|coh_wrapper/\l2/inclusive_cache_bank_sched /requests  | tail_ext/Memory_reg                                                                  | Implied   | 32 x 6               | RAM16X1D x 12              | 
|coh_wrapper/\l2/inclusive_cache_bank_sched /requests  | next_ext/Memory_reg                                                                  | Implied   | 64 x 6               | RAM64M8 x 1                | 
|coh_wrapper/\l2/inclusive_cache_bank_sched /requests  | data_ext/Memory_reg                                                                  | Implied   | 64 x 43              | RAM64M8 x 7                | 
|coh_wrapper/\l2/inclusive_cache_bank_sched            | sourceA/io_a_q/ram_ext/Memory_reg                                                    | Implied   | 2 x 116              | RAM32M16 x 9               | 
|coh_wrapper/\l2/inclusive_cache_bank_sched            | sourceE/io_e_q/ram_sink_ext/Memory_reg                                               | Implied   | 2 x 3                | RAM32M16 x 1               | 
|coh_wrapper                                           | cork/q/ram_ext/Memory_reg                                                            | Implied   | 2 x 80               | RAM32M16 x 6               | 
|coh_wrapper                                           | cork/q_1/ram_ext/Memory_reg                                                          | Implied   | 2 x 80               | RAM32M16 x 6               | 
|DigitalTop__GCB0                                      | fbus_coupler_from_port_named_serial_tl_0_in/buffer/nodeOut_a_q/ram_ext/Memory_reg    | Implied   | 2 x 118              | RAM32M16 x 9               | 
|DigitalTop__GCB0                                      | fbus_buffer/nodeOut_a_q/ram_ext/Memory_reg                                           | Implied   | 2 x 118              | RAM32M16 x 9               | 
|DigitalTop__GCB0                                      | fbus_buffer/nodeIn_d_q/ram_ext/Memory_reg                                            | Implied   | 2 x 82               | RAM32M16 x 6               | 
|DigitalTop__GCB0                                      | fbus_coupler_from_port_named_serial_tl_0_in/buffer/nodeIn_d_q/ram_ext/Memory_reg     | Implied   | 2 x 82               | RAM32M16 x 6               | 
|cbus/wrapped_error_device                             | buffer/nodeOut_a_q/ram_ext/Memory_reg                                                | Implied   | 2 x 103              | RAM32M16 x 8               | 
|cbus/wrapped_error_device                             | buffer/nodeIn_d_q/ram_ext/Memory_reg                                                 | Implied   | 2 x 82               | RAM32M16 x 6               | 
|cbus                                                  | buffer/nodeOut_a_q/ram_ext/Memory_reg                                                | Implied   | 2 x 118              | RAM32M16 x 9               | 
|cbus                                                  | buffer/nodeIn_d_q/ram_ext/Memory_reg                                                 | Implied   | 2 x 82               | RAM32M16 x 6               | 
|cbus                                                  | coupler_to_prci_ctrl/buffer/nodeOut_a_q/ram_ext/Memory_reg                           | Implied   | 2 x 109              | RAM32M16 x 8               | 
|cbus                                                  | coupler_to_prci_ctrl/buffer/nodeIn_d_q/ram_ext/Memory_reg                            | Implied   | 2 x 81               | RAM32M16 x 6               | 
|mbus                                                  | buffer_1/nodeIn_d_q/ram_ext/Memory_reg                                               | Implied   | 2 x 79               | RAM32M16 x 6               | 
|mbus                                                  | buffer_1/nodeOut_a_q/ram_ext/Memory_reg                                              | Implied   | 2 x 114              | RAM32M16 x 9               | 
|pbus                                                  | buffer/nodeOut_a_q/ram_ext/Memory_reg                                                | Implied   | 2 x 117              | RAM32M16 x 9               | 
|pbus                                                  | buffer/nodeIn_d_q/ram_ext/Memory_reg                                                 | Implied   | 2 x 81               | RAM32M16 x 6               | 
|pbus                                                  | buffer_1/nodeOut_a_q/ram_ext/Memory_reg                                              | Implied   | 2 x 117              | RAM32M16 x 9               | 
|pbus                                                  | buffer_1/nodeIn_d_q/ram_ext/Memory_reg                                               | Implied   | 2 x 81               | RAM32M16 x 6               | 
|sbus/\coupler_to_port_named_mmio_port_axi4/axi4deint  | qs_queue_0/ram_ext/Memory_reg                                                        | Implied   | 8 x 81               | RAM32M16 x 6               | 
|sbus/\coupler_to_port_named_mmio_port_axi4/axi4deint  | qs_queue_1/ram_ext/Memory_reg                                                        | Implied   | 8 x 81               | RAM32M16 x 6               | 
|sbus/\coupler_to_port_named_mmio_port_axi4/axi4deint  | qs_queue_2/ram_ext/Memory_reg                                                        | Implied   | 8 x 81               | RAM32M16 x 6               | 
|sbus/\coupler_to_port_named_mmio_port_axi4/axi4deint  | qs_queue_3/ram_ext/Memory_reg                                                        | Implied   | 8 x 81               | RAM32M16 x 6               | 
|sbus/\coupler_to_port_named_mmio_port_axi4/axi4deint  | qs_queue_4/ram_ext/Memory_reg                                                        | Implied   | 8 x 81               | RAM32M16 x 6               | 
|sbus/\coupler_to_port_named_mmio_port_axi4/axi4deint  | qs_queue_5/ram_ext/Memory_reg                                                        | Implied   | 8 x 81               | RAM32M16 x 6               | 
|sbus/\coupler_to_port_named_mmio_port_axi4/axi4deint  | qs_queue_6/ram_ext/Memory_reg                                                        | Implied   | 8 x 81               | RAM32M16 x 6               | 
|sbus/\coupler_to_port_named_mmio_port_axi4/axi4deint  | qs_queue_7/ram_ext/Memory_reg                                                        | Implied   | 8 x 81               | RAM32M16 x 6               | 
|sbus/\coupler_to_port_named_mmio_port_axi4/axi4deint  | qs_queue_8/ram_ext/Memory_reg                                                        | Implied   | 8 x 81               | RAM32M16 x 6               | 
|sbus/\coupler_to_port_named_mmio_port_axi4/axi4deint  | qs_queue_9/ram_ext/Memory_reg                                                        | Implied   | 8 x 81               | RAM32M16 x 6               | 
|sbus/\coupler_to_port_named_mmio_port_axi4/axi4deint  | qs_queue_10/ram_ext/Memory_reg                                                       | Implied   | 8 x 81               | RAM32M16 x 6               | 
|sbus/\coupler_to_port_named_mmio_port_axi4/axi4deint  | qs_queue_11/ram_ext/Memory_reg                                                       | Implied   | 8 x 81               | RAM32M16 x 6               | 
|sbus/\coupler_to_port_named_mmio_port_axi4/axi4deint  | qs_queue_12/ram_ext/Memory_reg                                                       | Implied   | 8 x 81               | RAM32M16 x 6               | 
|sbus/\coupler_to_port_named_mmio_port_axi4/axi4deint  | qs_queue_13/ram_ext/Memory_reg                                                       | Implied   | 8 x 81               | RAM32M16 x 6               | 
|sbus/\coupler_to_port_named_mmio_port_axi4/axi4deint  | qs_queue_14/ram_ext/Memory_reg                                                       | Implied   | 8 x 81               | RAM32M16 x 6               | 
|sbus/\coupler_to_port_named_mmio_port_axi4/axi4deint  | qs_queue_15/ram_ext/Memory_reg                                                       | Implied   | 8 x 81               | RAM32M16 x 6               | 
|sbus                                                  | coupler_to_port_named_mmio_port_axi4/axi4buf/nodeOut_aw_deq_q/ram_ext/Memory_reg     | Implied   | 2 x 60               | RAM32M16 x 5               | 
|sbus                                                  | coupler_to_port_named_mmio_port_axi4/axi4buf/nodeOut_w_deq_q/ram_ext/Memory_reg      | Implied   | 2 x 73               | RAM32M16 x 6               | 
|sbus                                                  | coupler_to_port_named_mmio_port_axi4/axi4buf/nodeIn_b_deq_q/ram_ext/Memory_reg       | Implied   | 2 x 6                | RAM32M16 x 1               | 
|sbus                                                  | coupler_to_port_named_mmio_port_axi4/axi4buf/nodeOut_ar_deq_q/ram_ext/Memory_reg     | Implied   | 2 x 60               | RAM32M16 x 5               | 
|sbus                                                  | coupler_to_port_named_mmio_port_axi4/axi4buf/nodeIn_r_deq_q/ram_ext/Memory_reg       | Implied   | 2 x 71               | RAM32M16 x 6               | 
|sbus                                                  | coupler_to_port_named_mmio_port_axi4/axi4yank/Queue2_BundleMap/ram_ext/Memory_reg    | Implied   | 2 x 10               | RAM32M16 x 1               | 
|sbus                                                  | coupler_to_port_named_mmio_port_axi4/axi4yank/Queue2_BundleMap_1/ram_ext/Memory_reg  | Implied   | 2 x 10               | RAM32M16 x 1               | 
|sbus                                                  | coupler_to_port_named_mmio_port_axi4/axi4yank/Queue2_BundleMap_2/ram_ext/Memory_reg  | Implied   | 2 x 10               | RAM32M16 x 1               | 
|sbus                                                  | coupler_to_port_named_mmio_port_axi4/axi4yank/Queue2_BundleMap_3/ram_ext/Memory_reg  | Implied   | 2 x 10               | RAM32M16 x 1               | 
|sbus                                                  | coupler_to_port_named_mmio_port_axi4/axi4yank/Queue2_BundleMap_4/ram_ext/Memory_reg  | Implied   | 2 x 10               | RAM32M16 x 1               | 
|sbus                                                  | coupler_to_port_named_mmio_port_axi4/axi4yank/Queue2_BundleMap_5/ram_ext/Memory_reg  | Implied   | 2 x 10               | RAM32M16 x 1               | 
|sbus                                                  | coupler_to_port_named_mmio_port_axi4/axi4yank/Queue2_BundleMap_6/ram_ext/Memory_reg  | Implied   | 2 x 10               | RAM32M16 x 1               | 
|sbus                                                  | coupler_to_port_named_mmio_port_axi4/axi4yank/Queue2_BundleMap_7/ram_ext/Memory_reg  | Implied   | 2 x 10               | RAM32M16 x 1               | 
|sbus                                                  | coupler_to_port_named_mmio_port_axi4/axi4yank/Queue2_BundleMap_8/ram_ext/Memory_reg  | Implied   | 2 x 10               | RAM32M16 x 1               | 
|sbus                                                  | coupler_to_port_named_mmio_port_axi4/axi4yank/Queue2_BundleMap_9/ram_ext/Memory_reg  | Implied   | 2 x 10               | RAM32M16 x 1               | 
|sbus                                                  | coupler_to_port_named_mmio_port_axi4/axi4yank/Queue2_BundleMap_10/ram_ext/Memory_reg | Implied   | 2 x 10               | RAM32M16 x 1               | 
|sbus                                                  | coupler_to_port_named_mmio_port_axi4/axi4yank/Queue2_BundleMap_11/ram_ext/Memory_reg | Implied   | 2 x 10               | RAM32M16 x 1               | 
|bank                                                  | buffer/nodeOut_a_q/ram_ext/Memory_reg                                                | Implied   | 2 x 114              | RAM32M16 x 9               | 
|bank                                                  | buffer/nodeIn_d_q/ram_ext/Memory_reg                                                 | Implied   | 2 x 79               | RAM32M16 x 6               | 
|uartClockDomainWrapper                                | uart_0/txq/ram_ext/Memory_reg                                                        | Implied   | 8 x 8                | RAM32M16 x 1               | 
|uartClockDomainWrapper                                | uart_0/rxq/ram_ext/Memory_reg                                                        | Implied   | 8 x 8                | RAM32M16 x 1               | 
+------------------------------------------------------+--------------------------------------------------------------------------------------+-----------+----------------------+----------------------------+

Note: The table above is a preliminary report that shows the Distributed RAMs at the current stage of the synthesis flow. Some Distributed RAMs may be reimplemented as non Distributed RAM primitives later in the synthesis flow. Multiple instantiated RAMs are reported only once.

DSP: Preliminary Mapping Report (see note below. The ' indicates corresponding REG is set)
+------------+----------------+--------+--------+--------+--------+--------+------+------+------+------+-------+------+------+
|Module Name | DSP Mapping    | A Size | B Size | C Size | D Size | P Size | AREG | BREG | CREG | DREG | ADREG | MREG | PREG | 
+------------+----------------+--------+--------+--------+--------+--------+------+------+------+------+-------+------+------+
|mul_unit    | A*B            | 18     | 15     | -      | -      | 48     | 0    | 0    | -    | -    | -     | 0    | 0    | 
|mul_unit    | (PCIN>>17)+A*B | 15     | 15     | -      | -      | 30     | 0    | 0    | -    | -    | -     | 0    | 0    | 
|mul_unit    | A*B            | 18     | 18     | -      | -      | 48     | 0    | 0    | -    | -    | -     | 0    | 0    | 
|mul_unit    | (PCIN>>17)+A*B | 18     | 15     | -      | -      | 47     | 0    | 0    | -    | -    | -     | 0    | 0    | 
|FU_1__GB0   | A*B            | 18     | 16     | -      | -      | 48     | 0    | 0    | -    | -    | -     | 0    | 0    | 
|FU_1__GB0   | (PCIN>>17)+A*B | 16     | 16     | -      | -      | 48     | 0    | 0    | -    | -    | -     | 0    | 0    | 
|FU_1__GB0   | A*B            | 18     | 18     | -      | -      | 48     | 0    | 0    | -    | -    | -     | 0    | 0    | 
|FU_1__GB0   | (PCIN>>17)+A*B | 18     | 16     | -      | -      | 48     | 0    | 0    | -    | -    | -     | 0    | 0    | 
|FU_1__GB0   | A*B            | 18     | 14     | -      | -      | 48     | 0    | 0    | -    | -    | -     | 0    | 0    | 
|FU_1__GB0   | (PCIN>>17)+A*B | 16     | 14     | -      | -      | 48     | 0    | 0    | -    | -    | -     | 0    | 0    | 
|FU_1__GB0   | A*B            | 18     | 16     | -      | -      | 48     | 0    | 0    | -    | -    | -     | 0    | 0    | 
|FU_1__GB0   | PCIN+A*B       | 18     | 18     | -      | -      | 48     | 0    | 0    | -    | -    | -     | 0    | 0    | 
|FU_1__GB0   | (PCIN>>17)+A*B | 18     | 16     | -      | -      | 48     | 0    | 0    | -    | -    | -     | 0    | 0    | 
|FU_1__GB0   | A*B            | 18     | 18     | -      | -      | 48     | 0    | 0    | -    | -    | -     | 0    | 0    | 
|FU_1__GB0   | (PCIN>>17)+A*B | 18     | 16     | -      | -      | 48     | 0    | 0    | -    | -    | -     | 0    | 0    | 
|FU_1__GB0   | PCIN+A*B       | 18     | 18     | -      | -      | 48     | 0    | 0    | -    | -    | -     | 0    | 0    | 
+------------+----------------+--------+--------+--------+--------+--------+------+------+------+------+-------+------+------+

Note: The table above is a preliminary report that shows the DSPs inferred at the current stage of the synthesis flow. Some DSP may be reimplemented as non DSP primitives later in the synthesis flow. Multiple instantiated DSPs are reported only once.
---------------------------------------------------------------------------------
Finished ROM, RAM, DSP, Shift Register and Retiming Reporting
---------------------------------------------------------------------------------
---------------------------------------------------------------------------------
Start Applying XDC Timing Constraints
---------------------------------------------------------------------------------
---------------------------------------------------------------------------------
Finished Applying XDC Timing Constraints : Time (s): cpu = 00:04:39 ; elapsed = 00:02:33 . Memory (MB): peak = 3758.500 ; gain = 1504.367 ; free physical = 1055 ; free virtual = 17253
---------------------------------------------------------------------------------
---------------------------------------------------------------------------------
Start Timing Optimization
---------------------------------------------------------------------------------
---------------------------------------------------------------------------------
Finished Timing Optimization : Time (s): cpu = 00:04:54 ; elapsed = 00:02:50 . Memory (MB): peak = 3758.500 ; gain = 1504.367 ; free physical = 1006 ; free virtual = 17269
---------------------------------------------------------------------------------
---------------------------------------------------------------------------------
Start ROM, RAM, DSP, Shift Register and Retiming Reporting
---------------------------------------------------------------------------------

Block RAM: Final Mapping Report
+-------------------------------------------------------------------+---------------------------------------------------------+------------------------+---+---+------------------------+---+---+------------------+--------+--------+-----------------+
|Module Name                                                        | RTL Object                                              | PORT A (Depth x Width) | W | R | PORT B (Depth x Width) | W | R | Ports driving FF | RAMB18 | RAMB36 | Cascade Heights | 
+-------------------------------------------------------------------+---------------------------------------------------------+------------------------+---+---+------------------------+---+---+------------------+--------+--------+-----------------+
|\frontend/instruction_fetch/BTB                                    | mem/mem_ext/mem_0_0/ram_reg                             | 1 K x 70(READ_FIRST)   | W |   | 1 K x 70(WRITE_FIRST)  |   | R | Port A and B     | 0      | 2      | 1,1             | 
|icache/ChaosCore_tile_icache_data_arrays_0                         | ChaosCore_tile_icache_data_arrays_0_ext/mem_0_0/ram_reg | 256 x 128(READ_FIRST)  | W |   | 256 x 128(WRITE_FIRST) |   | R | Port A and B     | 0      | 2      |                 | 
|icache/ChaosCore_tile_icache_data_arrays_0                         | ChaosCore_tile_icache_data_arrays_0_ext/mem_0_1/ram_reg | 256 x 128(READ_FIRST)  | W |   | 256 x 128(WRITE_FIRST) |   | R | Port A and B     | 0      | 2      |                 | 
|icache/ChaosCore_tile_icache_data_arrays_0                         | ChaosCore_tile_icache_data_arrays_0_ext/mem_0_2/ram_reg | 256 x 128(READ_FIRST)  | W |   | 256 x 128(WRITE_FIRST) |   | R | Port A and B     | 0      | 2      |                 | 
|icache/ChaosCore_tile_icache_data_arrays_0                         | ChaosCore_tile_icache_data_arrays_0_ext/mem_0_3/ram_reg | 256 x 128(READ_FIRST)  | W |   | 256 x 128(WRITE_FIRST) |   | R | Port A and B     | 0      | 2      |                 | 
|icache/ChaosCore_tile_icache_data_arrays_0                         | ChaosCore_tile_icache_data_arrays_0_ext/mem_0_4/ram_reg | 256 x 128(READ_FIRST)  | W |   | 256 x 128(WRITE_FIRST) |   | R | Port A and B     | 0      | 2      |                 | 
|icache/ChaosCore_tile_icache_data_arrays_0                         | ChaosCore_tile_icache_data_arrays_0_ext/mem_0_5/ram_reg | 256 x 128(READ_FIRST)  | W |   | 256 x 128(WRITE_FIRST) |   | R | Port A and B     | 0      | 2      |                 | 
|icache/ChaosCore_tile_icache_data_arrays_0                         | ChaosCore_tile_icache_data_arrays_0_ext/mem_0_6/ram_reg | 256 x 128(READ_FIRST)  | W |   | 256 x 128(WRITE_FIRST) |   | R | Port A and B     | 0      | 2      |                 | 
|icache/ChaosCore_tile_icache_data_arrays_0                         | ChaosCore_tile_icache_data_arrays_0_ext/mem_0_7/ram_reg | 256 x 128(READ_FIRST)  | W |   | 256 x 128(WRITE_FIRST) |   | R | Port A and B     | 0      | 2      |                 | 
|dcache/data                                                        | array_0_0/array_0_0_ext/mem_0_0/ram_reg                 | 256 x 32(READ_FIRST)   | W |   | 256 x 32(WRITE_FIRST)  |   | R | Port A and B     | 1      | 0      |                 | 
|dcache/data                                                        | array_0_0/array_0_0_ext/mem_0_1/ram_reg                 | 256 x 32(READ_FIRST)   | W |   | 256 x 32(WRITE_FIRST)  |   | R | Port A and B     | 1      | 0      |                 | 
|dcache/data                                                        | array_0_0/array_0_0_ext/mem_0_2/ram_reg                 | 256 x 32(READ_FIRST)   | W |   | 256 x 32(WRITE_FIRST)  |   | R | Port A and B     | 1      | 0      |                 | 
|dcache/data                                                        | array_0_0/array_0_0_ext/mem_0_3/ram_reg                 | 256 x 32(READ_FIRST)   | W |   | 256 x 32(WRITE_FIRST)  |   | R | Port A and B     | 1      | 0      |                 | 
|dcache/data                                                        | array_0_1/array_0_0_ext/mem_0_0/ram_reg                 | 256 x 32(READ_FIRST)   | W |   | 256 x 32(WRITE_FIRST)  |   | R | Port A and B     | 1      | 0      |                 | 
|dcache/data                                                        | array_0_1/array_0_0_ext/mem_0_1/ram_reg                 | 256 x 32(READ_FIRST)   | W |   | 256 x 32(WRITE_FIRST)  |   | R | Port A and B     | 1      | 0      |                 | 
|dcache/data                                                        | array_0_1/array_0_0_ext/mem_0_2/ram_reg                 | 256 x 32(READ_FIRST)   | W |   | 256 x 32(WRITE_FIRST)  |   | R | Port A and B     | 1      | 0      |                 | 
|dcache/data                                                        | array_0_1/array_0_0_ext/mem_0_3/ram_reg                 | 256 x 32(READ_FIRST)   | W |   | 256 x 32(WRITE_FIRST)  |   | R | Port A and B     | 1      | 0      |                 | 
|dcache/data                                                        | array_0_2/array_0_0_ext/mem_0_0/ram_reg                 | 256 x 32(READ_FIRST)   | W |   | 256 x 32(WRITE_FIRST)  |   | R | Port A and B     | 1      | 0      |                 | 
|dcache/data                                                        | array_0_2/array_0_0_ext/mem_0_1/ram_reg                 | 256 x 32(READ_FIRST)   | W |   | 256 x 32(WRITE_FIRST)  |   | R | Port A and B     | 1      | 0      |                 | 
|dcache/data                                                        | array_0_2/array_0_0_ext/mem_0_2/ram_reg                 | 256 x 32(READ_FIRST)   | W |   | 256 x 32(WRITE_FIRST)  |   | R | Port A and B     | 1      | 0      |                 | 
|dcache/data                                                        | array_0_2/array_0_0_ext/mem_0_3/ram_reg                 | 256 x 32(READ_FIRST)   | W |   | 256 x 32(WRITE_FIRST)  |   | R | Port A and B     | 1      | 0      |                 | 
|dcache/data                                                        | array_0_3/array_0_0_ext/mem_0_0/ram_reg                 | 256 x 32(READ_FIRST)   | W |   | 256 x 32(WRITE_FIRST)  |   | R | Port A and B     | 1      | 0      |                 | 
|dcache/data                                                        | array_0_3/array_0_0_ext/mem_0_1/ram_reg                 | 256 x 32(READ_FIRST)   | W |   | 256 x 32(WRITE_FIRST)  |   | R | Port A and B     | 1      | 0      |                 | 
|dcache/data                                                        | array_0_3/array_0_0_ext/mem_0_2/ram_reg                 | 256 x 32(READ_FIRST)   | W |   | 256 x 32(WRITE_FIRST)  |   | R | Port A and B     | 1      | 0      |                 | 
|dcache/data                                                        | array_0_3/array_0_0_ext/mem_0_3/ram_reg                 | 256 x 32(READ_FIRST)   | W |   | 256 x 32(WRITE_FIRST)  |   | R | Port A and B     | 1      | 0      |                 | 
|dcache/data                                                        | array_4_0/array_0_0_ext/mem_0_0/ram_reg                 | 256 x 32(READ_FIRST)   | W |   | 256 x 32(WRITE_FIRST)  |   | R | Port A and B     | 1      | 0      |                 | 
|dcache/data                                                        | array_4_0/array_0_0_ext/mem_0_1/ram_reg                 | 256 x 32(READ_FIRST)   | W |   | 256 x 32(WRITE_FIRST)  |   | R | Port A and B     | 1      | 0      |                 | 
|dcache/data                                                        | array_4_0/array_0_0_ext/mem_0_2/ram_reg                 | 256 x 32(READ_FIRST)   | W |   | 256 x 32(WRITE_FIRST)  |   | R | Port A and B     | 1      | 0      |                 | 
|dcache/data                                                        | array_4_0/array_0_0_ext/mem_0_3/ram_reg                 | 256 x 32(READ_FIRST)   | W |   | 256 x 32(WRITE_FIRST)  |   | R | Port A and B     | 1      | 0      |                 | 
|dcache/data                                                        | array_4_1/array_0_0_ext/mem_0_0/ram_reg                 | 256 x 32(READ_FIRST)   | W |   | 256 x 32(WRITE_FIRST)  |   | R | Port A and B     | 1      | 0      |                 | 
|dcache/data                                                        | array_4_1/array_0_0_ext/mem_0_1/ram_reg                 | 256 x 32(READ_FIRST)   | W |   | 256 x 32(WRITE_FIRST)  |   | R | Port A and B     | 1      | 0      |                 | 
|dcache/data                                                        | array_4_1/array_0_0_ext/mem_0_2/ram_reg                 | 256 x 32(READ_FIRST)   | W |   | 256 x 32(WRITE_FIRST)  |   | R | Port A and B     | 1      | 0      |                 | 
|dcache/data                                                        | array_4_1/array_0_0_ext/mem_0_3/ram_reg                 | 256 x 32(READ_FIRST)   | W |   | 256 x 32(WRITE_FIRST)  |   | R | Port A and B     | 1      | 0      |                 | 
|dcache/data                                                        | array_4_2/array_0_0_ext/mem_0_0/ram_reg                 | 256 x 32(READ_FIRST)   | W |   | 256 x 32(WRITE_FIRST)  |   | R | Port A and B     | 1      | 0      |                 | 
|dcache/data                                                        | array_4_2/array_0_0_ext/mem_0_1/ram_reg                 | 256 x 32(READ_FIRST)   | W |   | 256 x 32(WRITE_FIRST)  |   | R | Port A and B     | 1      | 0      |                 | 
|dcache/data                                                        | array_4_2/array_0_0_ext/mem_0_2/ram_reg                 | 256 x 32(READ_FIRST)   | W |   | 256 x 32(WRITE_FIRST)  |   | R | Port A and B     | 1      | 0      |                 | 
|dcache/data                                                        | array_4_2/array_0_0_ext/mem_0_3/ram_reg                 | 256 x 32(READ_FIRST)   | W |   | 256 x 32(WRITE_FIRST)  |   | R | Port A and B     | 1      | 0      |                 | 
|dcache/data                                                        | array_4_3/array_0_0_ext/mem_0_0/ram_reg                 | 256 x 32(READ_FIRST)   | W |   | 256 x 32(WRITE_FIRST)  |   | R | Port A and B     | 1      | 0      |                 | 
|dcache/data                                                        | array_4_3/array_0_0_ext/mem_0_1/ram_reg                 | 256 x 32(READ_FIRST)   | W |   | 256 x 32(WRITE_FIRST)  |   | R | Port A and B     | 1      | 0      |                 | 
|dcache/data                                                        | array_4_3/array_0_0_ext/mem_0_2/ram_reg                 | 256 x 32(READ_FIRST)   | W |   | 256 x 32(WRITE_FIRST)  |   | R | Port A and B     | 1      | 0      |                 | 
|dcache/data                                                        | array_4_3/array_0_0_ext/mem_0_3/ram_reg                 | 256 x 32(READ_FIRST)   | W |   | 256 x 32(WRITE_FIRST)  |   | R | Port A and B     | 1      | 0      |                 | 
|coh_wrapper/\l2/inclusive_cache_bank_sched /directory              | cc_dir/cc_dir_ext/mem_0_0/ram_reg                       | 1 K x 17(READ_FIRST)   | W |   | 1 K x 17(WRITE_FIRST)  |   | R | Port A and B     | 1      | 0      | 1               | 
|coh_wrapper/\l2/inclusive_cache_bank_sched /directory              | cc_dir/cc_dir_ext/mem_0_1/ram_reg                       | 1 K x 17(READ_FIRST)   | W |   | 1 K x 17(WRITE_FIRST)  |   | R | Port A and B     | 1      | 0      | 1               | 
|coh_wrapper/\l2/inclusive_cache_bank_sched /directory              | cc_dir/cc_dir_ext/mem_0_2/ram_reg                       | 1 K x 17(READ_FIRST)   | W |   | 1 K x 17(WRITE_FIRST)  |   | R | Port A and B     | 1      | 0      | 1               | 
|coh_wrapper/\l2/inclusive_cache_bank_sched /directory              | cc_dir/cc_dir_ext/mem_0_3/ram_reg                       | 1 K x 17(READ_FIRST)   | W |   | 1 K x 17(WRITE_FIRST)  |   | R | Port A and B     | 1      | 0      | 1               | 
|coh_wrapper/\l2/inclusive_cache_bank_sched /directory              | cc_dir/cc_dir_ext/mem_0_4/ram_reg                       | 1 K x 17(READ_FIRST)   | W |   | 1 K x 17(WRITE_FIRST)  |   | R | Port A and B     | 1      | 0      | 1               | 
|coh_wrapper/\l2/inclusive_cache_bank_sched /directory              | cc_dir/cc_dir_ext/mem_0_5/ram_reg                       | 1 K x 17(READ_FIRST)   | W |   | 1 K x 17(WRITE_FIRST)  |   | R | Port A and B     | 1      | 0      | 1               | 
|coh_wrapper/\l2/inclusive_cache_bank_sched /directory              | cc_dir/cc_dir_ext/mem_0_6/ram_reg                       | 1 K x 17(READ_FIRST)   | W |   | 1 K x 17(WRITE_FIRST)  |   | R | Port A and B     | 1      | 0      | 1               | 
|coh_wrapper/\l2/inclusive_cache_bank_sched /directory              | cc_dir/cc_dir_ext/mem_0_7/ram_reg                       | 1 K x 17(READ_FIRST)   | W |   | 1 K x 17(WRITE_FIRST)  |   | R | Port A and B     | 1      | 0      | 1               | 
|coh_wrapper/\l2/inclusive_cache_bank_sched /bankedStore/cc_banks_0 | cc_banks_0_ext/mem_0_0/ram_reg                          | 16 K x 64(READ_FIRST)  | W |   | 16 K x 64(WRITE_FIRST) |   | R | Port A and B     | 1      | 28     | 8,8,8,4,1       | 
|coh_wrapper/\l2/inclusive_cache_bank_sched /bankedStore/cc_banks_1 | cc_banks_0_ext/mem_0_0/ram_reg                          | 16 K x 64(READ_FIRST)  | W |   | 16 K x 64(WRITE_FIRST) |   | R | Port A and B     | 1      | 28     | 8,8,8,4,1       | 
|coh_wrapper/\l2/inclusive_cache_bank_sched /bankedStore/cc_banks_2 | cc_banks_0_ext/mem_0_0/ram_reg                          | 16 K x 64(READ_FIRST)  | W |   | 16 K x 64(WRITE_FIRST) |   | R | Port A and B     | 1      | 28     | 8,8,8,4,1       | 
|coh_wrapper/\l2/inclusive_cache_bank_sched /bankedStore/cc_banks_3 | cc_banks_0_ext/mem_0_0/ram_reg                          | 16 K x 64(READ_FIRST)  | W |   | 16 K x 64(WRITE_FIRST) |   | R | Port A and B     | 1      | 28     | 8,8,8,4,1       | 
|bank                                                               | ram/mem/mem_1_ext/mem_0_0/ram_reg                       | 8 K x 8(READ_FIRST)    | W |   | 8 K x 8(WRITE_FIRST)   |   | R | Port A and B     | 0      | 2      | 2               | 
|bank                                                               | ram/mem/mem_1_ext/mem_0_1/ram_reg                       | 8 K x 8(READ_FIRST)    | W |   | 8 K x 8(WRITE_FIRST)   |   | R | Port A and B     | 0      | 2      | 2               | 
|bank                                                               | ram/mem/mem_1_ext/mem_0_2/ram_reg                       | 8 K x 8(READ_FIRST)    | W |   | 8 K x 8(WRITE_FIRST)   |   | R | Port A and B     | 0      | 2      | 2               | 
|bank                                                               | ram/mem/mem_1_ext/mem_0_3/ram_reg                       | 8 K x 8(READ_FIRST)    | W |   | 8 K x 8(WRITE_FIRST)   |   | R | Port A and B     | 0      | 2      | 2               | 
|bank                                                               | ram/mem/mem_1_ext/mem_0_4/ram_reg                       | 8 K x 8(READ_FIRST)    | W |   | 8 K x 8(WRITE_FIRST)   |   | R | Port A and B     | 0      | 2      | 2               | 
|bank                                                               | ram/mem/mem_1_ext/mem_0_5/ram_reg                       | 8 K x 8(READ_FIRST)    | W |   | 8 K x 8(WRITE_FIRST)   |   | R | Port A and B     | 0      | 2      | 2               | 
|bank                                                               | ram/mem/mem_1_ext/mem_0_6/ram_reg                       | 8 K x 8(READ_FIRST)    | W |   | 8 K x 8(WRITE_FIRST)   |   | R | Port A and B     | 0      | 2      | 2               | 
|bank                                                               | ram/mem/mem_1_ext/mem_0_7/ram_reg                       | 8 K x 8(READ_FIRST)    | W |   | 8 K x 8(WRITE_FIRST)   |   | R | Port A and B     | 0      | 2      | 2               | 
+-------------------------------------------------------------------+---------------------------------------------------------+------------------------+---+---+------------------------+---+---+------------------+--------+--------+-----------------+


Distributed RAM: Final Mapping Report
+------------------------------------------------------+--------------------------------------------------------------------------------------+-----------+----------------------+----------------------------+
|Module Name                                           | RTL Object                                                                           | Inference | Size (Depth x Width) | Primitives                 | 
+------------------------------------------------------+--------------------------------------------------------------------------------------+-----------+----------------------+----------------------------+
|CSR_FU                                                | FU_output/ram_ext/Memory_reg                                                         | Implied   | 2 x 229              | RAM32M16 x 17              | 
|branch_unit                                           | FU_output/ram_ext/Memory_reg                                                         | Implied   | 2 x 229              | RAM32M16 x 17              | 
|FU_1__GB0                                             | mul/FU_output/ram_ext/Memory_reg                                                     | Implied   | 2 x 229              | RAM32M16 x 17              | 
|FU_1__GB0                                             | div/decoded_instr_q/ram_ext/Memory_reg                                               | Implied   | 64 x 52              | RAM64M8 x 8                | 
|FU_1__GB0                                             | div/FU_output/ram_ext/Memory_reg                                                     | Implied   | 2 x 229              | RAM32M16 x 17              | 
|execution_enginei_1/\FUs_0/ALU                        | FU_output/ram_ext/Memory_reg                                                         | Implied   | 2 x 229              | RAM32M16 x 17              | 
|execution_enginei_1/\FUs_2/ALU                        | FU_output/ram_ext/Memory_reg                                                         | Implied   | 2 x 229              | RAM32M16 x 17              | 
|BD_ChaosCoreTop_0_0                                   | FUs_3/AGU/FU_output/ram_ext/Memory_reg                                               | Implied   | 2 x 229              | RAM32M16 x 17              | 
|INT_PRF/LVTBanks_0                                    | memories_0/memories_0_ext/mem_0_0/ram_reg                                            | Implied   | 128 x 32             | RAM64M8 x 10               | 
|INT_PRF/LVTBanks_0                                    | memories_1/memories_0_ext/mem_0_0/ram_reg                                            | Implied   | 128 x 32             | RAM64M8 x 10               | 
|INT_PRF/LVTBanks_0                                    | memories_2/memories_0_ext/mem_0_0/ram_reg                                            | Implied   | 128 x 32             | RAM64M8 x 10               | 
|INT_PRF/LVTBanks_0                                    | memories_3/memories_0_ext/mem_0_0/ram_reg                                            | Implied   | 128 x 32             | RAM64M8 x 10               | 
|INT_PRF/LVTBanks_0                                    | memories_6/memories_0_ext/mem_0_0/ram_reg                                            | Implied   | 128 x 32             | RAM64M8 x 10               | 
|INT_PRF/LVTBanks_0                                    | memories_7/memories_0_ext/mem_0_0/ram_reg                                            | Implied   | 128 x 32             | RAM64M8 x 10               | 
|INT_PRF/LVTBanks_1                                    | memories_0/memories_0_ext/mem_0_0/ram_reg                                            | Implied   | 128 x 32             | RAM64M8 x 10               | 
|INT_PRF/LVTBanks_1                                    | memories_1/memories_0_ext/mem_0_0/ram_reg                                            | Implied   | 128 x 32             | RAM64M8 x 10               | 
|INT_PRF/LVTBanks_1                                    | memories_2/memories_0_ext/mem_0_0/ram_reg                                            | Implied   | 128 x 32             | RAM64M8 x 10               | 
|INT_PRF/LVTBanks_1                                    | memories_3/memories_0_ext/mem_0_0/ram_reg                                            | Implied   | 128 x 32             | RAM64M8 x 10               | 
|INT_PRF/LVTBanks_1                                    | memories_6/memories_0_ext/mem_0_0/ram_reg                                            | Implied   | 128 x 32             | RAM64M8 x 10               | 
|INT_PRF/LVTBanks_1                                    | memories_7/memories_0_ext/mem_0_0/ram_reg                                            | Implied   | 128 x 32             | RAM64M8 x 10               | 
|INT_PRF/LVTBanks_2                                    | memories_0/memories_0_ext/mem_0_0/ram_reg                                            | Implied   | 128 x 32             | RAM64M8 x 10               | 
|INT_PRF/LVTBanks_2                                    | memories_1/memories_0_ext/mem_0_0/ram_reg                                            | Implied   | 128 x 32             | RAM64M8 x 10               | 
|INT_PRF/LVTBanks_2                                    | memories_2/memories_0_ext/mem_0_0/ram_reg                                            | Implied   | 128 x 32             | RAM64M8 x 10               | 
|INT_PRF/LVTBanks_2                                    | memories_3/memories_0_ext/mem_0_0/ram_reg                                            | Implied   | 128 x 32             | RAM64M8 x 10               | 
|INT_PRF/LVTBanks_2                                    | memories_6/memories_0_ext/mem_0_0/ram_reg                                            | Implied   | 128 x 32             | RAM64M8 x 10               | 
|INT_PRF/LVTBanks_2                                    | memories_7/memories_0_ext/mem_0_0/ram_reg                                            | Implied   | 128 x 32             | RAM64M8 x 10               | 
|INT_PRF/LVTBanks_3                                    | memories_0/memories_0_ext/mem_0_0/ram_reg                                            | Implied   | 128 x 32             | RAM64M8 x 10               | 
|INT_PRF/LVTBanks_3                                    | memories_1/memories_0_ext/mem_0_0/ram_reg                                            | Implied   | 128 x 32             | RAM64M8 x 10               | 
|INT_PRF/LVTBanks_3                                    | memories_2/memories_0_ext/mem_0_0/ram_reg                                            | Implied   | 128 x 32             | RAM64M8 x 10               | 
|INT_PRF/LVTBanks_3                                    | memories_3/memories_0_ext/mem_0_0/ram_reg                                            | Implied   | 128 x 32             | RAM64M8 x 10               | 
|INT_PRF/LVTBanks_3                                    | memories_6/memories_0_ext/mem_0_0/ram_reg                                            | Implied   | 128 x 32             | RAM64M8 x 10               | 
|INT_PRF/LVTBanks_3                                    | memories_7/memories_0_ext/mem_0_0/ram_reg                                            | Implied   | 128 x 32             | RAM64M8 x 10               | 
|ROB_instruction_bank__GB0                             | insn_mem/insn_mem_ext/mem_0_0/ram_reg                                                | Implied   | 64 x 113             | RAM64M8 x 34               | 
|ROB_instruction_bank_1__GB0                           | insn_mem/insn_mem_ext/mem_0_0/ram_reg                                                | Implied   | 64 x 113             | RAM64M8 x 34               | 
|ROB_instruction_bank_2__GB0                           | insn_mem/insn_mem_ext/mem_0_0/ram_reg                                                | Implied   | 64 x 113             | RAM64M8 x 34               | 
|ROB_instruction_bank_3__GB0                           | insn_mem/insn_mem_ext/mem_0_0/ram_reg                                                | Implied   | 64 x 113             | RAM64M8 x 34               | 
|BD_ChaosCoreTop_0_0                                   | ROB_shared_bank/shared_mem/shared_mem_ext/mem_0_0/ram_reg                            | Implied   | 64 x 109             | RAM64M8 x 32               | 
|BD_ChaosCoreTop_0_0                                   | ROB_branch_banks_0/mem/mem_0_ext/mem_0_0/ram_reg                                     | Implied   | 64 x 33              | RAM64M8 x 5                | 
|BD_ChaosCoreTop_0_0                                   | ROB_branch_banks_1/mem/mem_0_ext/mem_0_0/ram_reg                                     | Implied   | 64 x 33              | RAM64M8 x 5                | 
|BD_ChaosCoreTop_0_0                                   | ROB_branch_banks_2/mem/mem_0_ext/mem_0_0/ram_reg                                     | Implied   | 64 x 33              | RAM64M8 x 5                | 
|BD_ChaosCoreTop_0_0                                   | ROB_branch_banks_3/mem/mem_0_ext/mem_0_0/ram_reg                                     | Implied   | 64 x 33              | RAM64M8 x 5                | 
|\frontend/decoders                                    | decoded_fetch_packet_out_Q/ram_ext/Memory_reg                                        | Implied   | 2 x 561              | RAM32M16 x 41              | 
|ChaosCore__GC0                                        | frontend/rename/renamed_decoded_fetch_packet_Q/ram_ext/Memory_reg                    | Implied   | 2 x 561              | RAM32M16 x 41              | 
|ChaosCore__GC0                                        | frontend/instruction_queue/ram/ram_ext/mem_0_0/ram_reg                               | Implied   | 16 x 553             | RAM32M16 x 40              | 
|icache                                                | ChaosCore_tile_icache_tag_array/ChaosCore_tile_icache_tag_array_ext/mem_0_0/ram_reg  | Implied   | 64 x 20              | RAM64M8 x 3                | 
|icache                                                | ChaosCore_tile_icache_tag_array/ChaosCore_tile_icache_tag_array_ext/mem_0_1/ram_reg  | Implied   | 64 x 20              | RAM64M8 x 3                | 
|icache                                                | ChaosCore_tile_icache_tag_array/ChaosCore_tile_icache_tag_array_ext/mem_0_2/ram_reg  | Implied   | 64 x 20              | RAM64M8 x 3                | 
|icache                                                | ChaosCore_tile_icache_tag_array/ChaosCore_tile_icache_tag_array_ext/mem_0_3/ram_reg  | Implied   | 64 x 20              | RAM64M8 x 3                | 
|icache                                                | ChaosCore_tile_icache_tag_array/ChaosCore_tile_icache_tag_array_ext/mem_0_4/ram_reg  | Implied   | 64 x 20              | RAM64M8 x 3                | 
|icache                                                | ChaosCore_tile_icache_tag_array/ChaosCore_tile_icache_tag_array_ext/mem_0_5/ram_reg  | Implied   | 64 x 20              | RAM64M8 x 3                | 
|icache                                                | ChaosCore_tile_icache_tag_array/ChaosCore_tile_icache_tag_array_ext/mem_0_6/ram_reg  | Implied   | 64 x 20              | RAM64M8 x 3                | 
|icache                                                | ChaosCore_tile_icache_tag_array/ChaosCore_tile_icache_tag_array_ext/mem_0_7/ram_reg  | Implied   | 64 x 20              | RAM64M8 x 3                | 
|dcache/mshrs/mshrs_0                                  | rpq/ram_ext/Memory_reg                                                               | Implied   | 16 x 54              | RAM32M16 x 4               | 
|dcache/mshrs/mshrs_1                                  | rpq/ram_ext/Memory_reg                                                               | Implied   | 16 x 54              | RAM32M16 x 4               | 
|dcache/mshrs/mshrs_2                                  | rpq/ram_ext/Memory_reg                                                               | Implied   | 16 x 54              | RAM32M16 x 4               | 
|dcache/mshrs/mshrs_3                                  | rpq/ram_ext/Memory_reg                                                               | Implied   | 16 x 54              | RAM32M16 x 4               | 
|dcache/mshrs                                          | sdq_ext/Memory_reg                                                                   | Implied   | 32 x 32              | RAM32M16 x 3               | 
|dcache/meta                                           | tag_array/tag_array_ext/mem_0_0/ram_reg                                              | Implied   | 64 x 21              | RAM64M8 x 3                | 
|dcache/meta                                           | tag_array/tag_array_ext/mem_0_1/ram_reg                                              | Implied   | 64 x 21              | RAM64M8 x 3                | 
|dcache/meta                                           | tag_array/tag_array_ext/mem_0_2/ram_reg                                              | Implied   | 64 x 21              | RAM64M8 x 3                | 
|dcache/meta                                           | tag_array/tag_array_ext/mem_0_3/ram_reg                                              | Implied   | 64 x 21              | RAM64M8 x 3                | 
|dcache/meta                                           | tag_array/tag_array_ext/mem_0_4/ram_reg                                              | Implied   | 64 x 21              | RAM64M8 x 3                | 
|dcache/meta                                           | tag_array/tag_array_ext/mem_0_5/ram_reg                                              | Implied   | 64 x 21              | RAM64M8 x 3                | 
|dcache/meta                                           | tag_array/tag_array_ext/mem_0_6/ram_reg                                              | Implied   | 64 x 21              | RAM64M8 x 3                | 
|dcache/meta                                           | tag_array/tag_array_ext/mem_0_7/ram_reg                                              | Implied   | 64 x 21              | RAM64M8 x 3                | 
|BD_ChaosCoreTop_0_0                                   | buffer/nodeOut_a_q/ram_ext/Memory_reg                                                | Implied   | 2 x 124              | RAM32M16 x 9               | 
|BD_ChaosCoreTop_0_0                                   | buffer/nodeIn_d_q/ram_ext/Memory_reg                                                 | Implied   | 2 x 82               | RAM32M16 x 6               | 
|BD_ChaosCoreTop_0_0                                   | buffer/nodeIn_b_q/ram_ext/Memory_reg                                                 | Implied   | 2 x 53               | RAM32M16 x 4               | 
|BD_ChaosCoreTop_0_0                                   | buffer/nodeOut_c_q/ram_ext/Memory_reg                                                | Implied   | 2 x 109              | RAM32M16 x 8               | 
|BD_ChaosCoreTop_0_0                                   | buffer/nodeOut_e_q/ram_sink_ext/Memory_reg                                           | Implied   | 2 x 3                | RAM32M16 x 1               | 
|serial_tl_domain                                      | phy/in_phits_io_inner_ser_4_in_q/ram_flit_ext/Memory_reg                             | Implied   | 8 x 32               | RAM32M16 x 3               | 
|coh_wrapper/\l2/inclusive_cache_bank_sched /sourceC   | queue/ram_ext/Memory_reg                                                             | Implied   | 16 x 108             | RAM32M16 x 8               | 
|coh_wrapper/\l2/inclusive_cache_bank_sched /sourceD   | queue/ram_data_ext/Memory_reg                                                        | Implied   | 4 x 64               | RAM32M16 x 5               | 
|coh_wrapper/\l2/inclusive_cache_bank_sched /sinkA     | putbuffer/tail_ext/Memory_reg                                                        | Implied   | 64 x 6               | RAM16X1D x 6 RAM32X1D x 6  | 
|coh_wrapper/\l2/inclusive_cache_bank_sched /sinkA     | putbuffer/next_ext/Memory_reg                                                        | Implied   | 64 x 6               | RAM64M8 x 1                | 
|coh_wrapper/\l2/inclusive_cache_bank_sched /sinkA     | putbuffer/data_ext/Memory_reg                                                        | Implied   | 64 x 73              | RAM64M8 x 11               | 
|coh_wrapper/\l2/inclusive_cache_bank_sched /sinkC     | c_q/ram_ext/Memory_reg                                                               | Implied   | 2 x 110              | RAM32M16 x 8               | 
|coh_wrapper/\l2/inclusive_cache_bank_sched /sinkC     | putbuffer/tail_ext/Memory_reg                                                        | Implied   | 2 x 4                | RAM16X1D x 4               | 
|coh_wrapper/\l2/inclusive_cache_bank_sched /sinkC     | putbuffer/next_ext/Memory_reg                                                        | Implied   | 16 x 4               | RAM32M16 x 1               | 
|coh_wrapper/\l2/inclusive_cache_bank_sched /sinkC     | putbuffer/data_ext/Memory_reg                                                        | Implied   | 16 x 65              | RAM32M16 x 5               | 
|coh_wrapper/\l2/inclusive_cache_bank_sched /sinkD     | d_q/ram_ext/Memory_reg                                                               | Implied   | 2 x 79               | RAM32M16 x 6               | 
|coh_wrapper/\l2/inclusive_cache_bank_sched /requests  | tail_ext/Memory_reg                                                                  | Implied   | 32 x 6               | RAM16X1D x 12              | 
|coh_wrapper/\l2/inclusive_cache_bank_sched /requests  | next_ext/Memory_reg                                                                  | Implied   | 64 x 6               | RAM64M8 x 1                | 
|coh_wrapper/\l2/inclusive_cache_bank_sched /requests  | data_ext/Memory_reg                                                                  | Implied   | 64 x 43              | RAM64M8 x 7                | 
|coh_wrapper/\l2/inclusive_cache_bank_sched            | sourceA/io_a_q/ram_ext/Memory_reg                                                    | Implied   | 2 x 116              | RAM32M16 x 9               | 
|coh_wrapper/\l2/inclusive_cache_bank_sched            | sourceE/io_e_q/ram_sink_ext/Memory_reg                                               | Implied   | 2 x 3                | RAM32M16 x 1               | 
|coh_wrapper                                           | cork/q/ram_ext/Memory_reg                                                            | Implied   | 2 x 80               | RAM32M16 x 6               | 
|coh_wrapper                                           | cork/q_1/ram_ext/Memory_reg                                                          | Implied   | 2 x 80               | RAM32M16 x 6               | 
|DigitalTop__GCB0                                      | fbus_coupler_from_port_named_serial_tl_0_in/buffer/nodeOut_a_q/ram_ext/Memory_reg    | Implied   | 2 x 118              | RAM32M16 x 9               | 
|DigitalTop__GCB0                                      | fbus_buffer/nodeOut_a_q/ram_ext/Memory_reg                                           | Implied   | 2 x 118              | RAM32M16 x 9               | 
|DigitalTop__GCB0                                      | fbus_buffer/nodeIn_d_q/ram_ext/Memory_reg                                            | Implied   | 2 x 82               | RAM32M16 x 6               | 
|DigitalTop__GCB0                                      | fbus_coupler_from_port_named_serial_tl_0_in/buffer/nodeIn_d_q/ram_ext/Memory_reg     | Implied   | 2 x 82               | RAM32M16 x 6               | 
|cbus/wrapped_error_device                             | buffer/nodeOut_a_q/ram_ext/Memory_reg                                                | Implied   | 2 x 103              | RAM32M16 x 8               | 
|cbus/wrapped_error_device                             | buffer/nodeIn_d_q/ram_ext/Memory_reg                                                 | Implied   | 2 x 82               | RAM32M16 x 6               | 
|cbus                                                  | buffer/nodeOut_a_q/ram_ext/Memory_reg                                                | Implied   | 2 x 118              | RAM32M16 x 9               | 
|cbus                                                  | buffer/nodeIn_d_q/ram_ext/Memory_reg                                                 | Implied   | 2 x 82               | RAM32M16 x 6               | 
|cbus                                                  | coupler_to_prci_ctrl/buffer/nodeOut_a_q/ram_ext/Memory_reg                           | Implied   | 2 x 109              | RAM32M16 x 8               | 
|cbus                                                  | coupler_to_prci_ctrl/buffer/nodeIn_d_q/ram_ext/Memory_reg                            | Implied   | 2 x 81               | RAM32M16 x 6               | 
|mbus                                                  | buffer_1/nodeIn_d_q/ram_ext/Memory_reg                                               | Implied   | 2 x 79               | RAM32M16 x 6               | 
|mbus                                                  | buffer_1/nodeOut_a_q/ram_ext/Memory_reg                                              | Implied   | 2 x 114              | RAM32M16 x 9               | 
|pbus                                                  | buffer/nodeOut_a_q/ram_ext/Memory_reg                                                | Implied   | 2 x 117              | RAM32M16 x 9               | 
|pbus                                                  | buffer/nodeIn_d_q/ram_ext/Memory_reg                                                 | Implied   | 2 x 81               | RAM32M16 x 6               | 
|pbus                                                  | buffer_1/nodeOut_a_q/ram_ext/Memory_reg                                              | Implied   | 2 x 117              | RAM32M16 x 9               | 
|pbus                                                  | buffer_1/nodeIn_d_q/ram_ext/Memory_reg                                               | Implied   | 2 x 81               | RAM32M16 x 6               | 
|sbus/\coupler_to_port_named_mmio_port_axi4/axi4deint  | qs_queue_0/ram_ext/Memory_reg                                                        | Implied   | 8 x 81               | RAM32M16 x 6               | 
|sbus/\coupler_to_port_named_mmio_port_axi4/axi4deint  | qs_queue_1/ram_ext/Memory_reg                                                        | Implied   | 8 x 81               | RAM32M16 x 6               | 
|sbus/\coupler_to_port_named_mmio_port_axi4/axi4deint  | qs_queue_2/ram_ext/Memory_reg                                                        | Implied   | 8 x 81               | RAM32M16 x 6               | 
|sbus/\coupler_to_port_named_mmio_port_axi4/axi4deint  | qs_queue_3/ram_ext/Memory_reg                                                        | Implied   | 8 x 81               | RAM32M16 x 6               | 
|sbus/\coupler_to_port_named_mmio_port_axi4/axi4deint  | qs_queue_4/ram_ext/Memory_reg                                                        | Implied   | 8 x 81               | RAM32M16 x 6               | 
|sbus/\coupler_to_port_named_mmio_port_axi4/axi4deint  | qs_queue_5/ram_ext/Memory_reg                                                        | Implied   | 8 x 81               | RAM32M16 x 6               | 
|sbus/\coupler_to_port_named_mmio_port_axi4/axi4deint  | qs_queue_6/ram_ext/Memory_reg                                                        | Implied   | 8 x 81               | RAM32M16 x 6               | 
|sbus/\coupler_to_port_named_mmio_port_axi4/axi4deint  | qs_queue_7/ram_ext/Memory_reg                                                        | Implied   | 8 x 81               | RAM32M16 x 6               | 
|sbus/\coupler_to_port_named_mmio_port_axi4/axi4deint  | qs_queue_8/ram_ext/Memory_reg                                                        | Implied   | 8 x 81               | RAM32M16 x 6               | 
|sbus/\coupler_to_port_named_mmio_port_axi4/axi4deint  | qs_queue_9/ram_ext/Memory_reg                                                        | Implied   | 8 x 81               | RAM32M16 x 6               | 
|sbus/\coupler_to_port_named_mmio_port_axi4/axi4deint  | qs_queue_10/ram_ext/Memory_reg                                                       | Implied   | 8 x 81               | RAM32M16 x 6               | 
|sbus/\coupler_to_port_named_mmio_port_axi4/axi4deint  | qs_queue_11/ram_ext/Memory_reg                                                       | Implied   | 8 x 81               | RAM32M16 x 6               | 
|sbus/\coupler_to_port_named_mmio_port_axi4/axi4deint  | qs_queue_12/ram_ext/Memory_reg                                                       | Implied   | 8 x 81               | RAM32M16 x 6               | 
|sbus/\coupler_to_port_named_mmio_port_axi4/axi4deint  | qs_queue_13/ram_ext/Memory_reg                                                       | Implied   | 8 x 81               | RAM32M16 x 6               | 
|sbus/\coupler_to_port_named_mmio_port_axi4/axi4deint  | qs_queue_14/ram_ext/Memory_reg                                                       | Implied   | 8 x 81               | RAM32M16 x 6               | 
|sbus/\coupler_to_port_named_mmio_port_axi4/axi4deint  | qs_queue_15/ram_ext/Memory_reg                                                       | Implied   | 8 x 81               | RAM32M16 x 6               | 
|sbus                                                  | coupler_to_port_named_mmio_port_axi4/axi4buf/nodeOut_aw_deq_q/ram_ext/Memory_reg     | Implied   | 2 x 60               | RAM32M16 x 5               | 
|sbus                                                  | coupler_to_port_named_mmio_port_axi4/axi4buf/nodeOut_w_deq_q/ram_ext/Memory_reg      | Implied   | 2 x 73               | RAM32M16 x 6               | 
|sbus                                                  | coupler_to_port_named_mmio_port_axi4/axi4buf/nodeIn_b_deq_q/ram_ext/Memory_reg       | Implied   | 2 x 6                | RAM32M16 x 1               | 
|sbus                                                  | coupler_to_port_named_mmio_port_axi4/axi4buf/nodeOut_ar_deq_q/ram_ext/Memory_reg     | Implied   | 2 x 60               | RAM32M16 x 5               | 
|sbus                                                  | coupler_to_port_named_mmio_port_axi4/axi4buf/nodeIn_r_deq_q/ram_ext/Memory_reg       | Implied   | 2 x 71               | RAM32M16 x 6               | 
|sbus                                                  | coupler_to_port_named_mmio_port_axi4/axi4yank/Queue2_BundleMap/ram_ext/Memory_reg    | Implied   | 2 x 10               | RAM32M16 x 1               | 
|sbus                                                  | coupler_to_port_named_mmio_port_axi4/axi4yank/Queue2_BundleMap_1/ram_ext/Memory_reg  | Implied   | 2 x 10               | RAM32M16 x 1               | 
|sbus                                                  | coupler_to_port_named_mmio_port_axi4/axi4yank/Queue2_BundleMap_2/ram_ext/Memory_reg  | Implied   | 2 x 10               | RAM32M16 x 1               | 
|sbus                                                  | coupler_to_port_named_mmio_port_axi4/axi4yank/Queue2_BundleMap_3/ram_ext/Memory_reg  | Implied   | 2 x 10               | RAM32M16 x 1               | 
|sbus                                                  | coupler_to_port_named_mmio_port_axi4/axi4yank/Queue2_BundleMap_4/ram_ext/Memory_reg  | Implied   | 2 x 10               | RAM32M16 x 1               | 
|sbus                                                  | coupler_to_port_named_mmio_port_axi4/axi4yank/Queue2_BundleMap_5/ram_ext/Memory_reg  | Implied   | 2 x 10               | RAM32M16 x 1               | 
|sbus                                                  | coupler_to_port_named_mmio_port_axi4/axi4yank/Queue2_BundleMap_6/ram_ext/Memory_reg  | Implied   | 2 x 10               | RAM32M16 x 1               | 
|sbus                                                  | coupler_to_port_named_mmio_port_axi4/axi4yank/Queue2_BundleMap_7/ram_ext/Memory_reg  | Implied   | 2 x 10               | RAM32M16 x 1               | 
|sbus                                                  | coupler_to_port_named_mmio_port_axi4/axi4yank/Queue2_BundleMap_8/ram_ext/Memory_reg  | Implied   | 2 x 10               | RAM32M16 x 1               | 
|sbus                                                  | coupler_to_port_named_mmio_port_axi4/axi4yank/Queue2_BundleMap_9/ram_ext/Memory_reg  | Implied   | 2 x 10               | RAM32M16 x 1               | 
|sbus                                                  | coupler_to_port_named_mmio_port_axi4/axi4yank/Queue2_BundleMap_10/ram_ext/Memory_reg | Implied   | 2 x 10               | RAM32M16 x 1               | 
|sbus                                                  | coupler_to_port_named_mmio_port_axi4/axi4yank/Queue2_BundleMap_11/ram_ext/Memory_reg | Implied   | 2 x 10               | RAM32M16 x 1               | 
|bank                                                  | buffer/nodeOut_a_q/ram_ext/Memory_reg                                                | Implied   | 2 x 114              | RAM32M16 x 9               | 
|bank                                                  | buffer/nodeIn_d_q/ram_ext/Memory_reg                                                 | Implied   | 2 x 79               | RAM32M16 x 6               | 
|uartClockDomainWrapper                                | uart_0/rxq/ram_ext/Memory_reg                                                        | Implied   | 8 x 8                | RAM32M16 x 1               | 
+------------------------------------------------------+--------------------------------------------------------------------------------------+-----------+----------------------+----------------------------+

---------------------------------------------------------------------------------
Finished ROM, RAM, DSP, Shift Register and Retiming Reporting
---------------------------------------------------------------------------------
---------------------------------------------------------------------------------
Start Technology Mapping
---------------------------------------------------------------------------------
INFO: [Synth 8-7067] Removed DRAM instance backendi_3/inst/chiptop/system/tile_prci_domain/element_reset_domain_ChaosCore_tile/core/backend/INT_PRF/LVTBanks_2/memories_0/memories_0_ext/mem_0_0/ram_reg_0_63_28_31 from module backend__GCB2_tempName due to constant propagation
INFO: [Synth 8-7067] Removed DRAM instance backendi_3/inst/chiptop/system/tile_prci_domain/element_reset_domain_ChaosCore_tile/core/backend/INT_PRF/LVTBanks_2/memories_0/memories_0_ext/mem_0_0/ram_reg_0_63_21_27 from module backend__GCB2_tempName due to constant propagation
INFO: [Synth 8-7067] Removed DRAM instance backendi_3/inst/chiptop/system/tile_prci_domain/element_reset_domain_ChaosCore_tile/core/backend/INT_PRF/LVTBanks_2/memories_0/memories_0_ext/mem_0_0/ram_reg_0_63_14_20 from module backend__GCB2_tempName due to constant propagation
INFO: [Synth 8-7067] Removed DRAM instance backendi_3/inst/chiptop/system/tile_prci_domain/element_reset_domain_ChaosCore_tile/core/backend/INT_PRF/LVTBanks_2/memories_0/memories_0_ext/mem_0_0/ram_reg_0_63_7_13 from module backend__GCB2_tempName due to constant propagation
INFO: [Synth 8-7067] Removed DRAM instance backendi_3/inst/chiptop/system/tile_prci_domain/element_reset_domain_ChaosCore_tile/core/backend/INT_PRF/LVTBanks_2/memories_0/memories_0_ext/mem_0_0/ram_reg_0_63_0_6 from module backend__GCB2_tempName due to constant propagation
INFO: [Synth 8-7067] Removed DRAM instance backendi_3/inst/chiptop/system/tile_prci_domain/element_reset_domain_ChaosCore_tile/core/backend/INT_PRF/LVTBanks_2/memories_1/memories_0_ext/mem_0_0/ram_reg_0_63_28_31 from module backend__GCB2_tempName due to constant propagation
INFO: [Synth 8-7067] Removed DRAM instance backendi_3/inst/chiptop/system/tile_prci_domain/element_reset_domain_ChaosCore_tile/core/backend/INT_PRF/LVTBanks_2/memories_1/memories_0_ext/mem_0_0/ram_reg_0_63_21_27 from module backend__GCB2_tempName due to constant propagation
INFO: [Synth 8-7067] Removed DRAM instance backendi_3/inst/chiptop/system/tile_prci_domain/element_reset_domain_ChaosCore_tile/core/backend/INT_PRF/LVTBanks_2/memories_1/memories_0_ext/mem_0_0/ram_reg_0_63_14_20 from module backend__GCB2_tempName due to constant propagation
INFO: [Synth 8-7067] Removed DRAM instance backendi_3/inst/chiptop/system/tile_prci_domain/element_reset_domain_ChaosCore_tile/core/backend/INT_PRF/LVTBanks_2/memories_1/memories_0_ext/mem_0_0/ram_reg_0_63_7_13 from module backend__GCB2_tempName due to constant propagation
INFO: [Synth 8-7067] Removed DRAM instance backendi_3/inst/chiptop/system/tile_prci_domain/element_reset_domain_ChaosCore_tile/core/backend/INT_PRF/LVTBanks_2/memories_1/memories_0_ext/mem_0_0/ram_reg_0_63_0_6 from module backend__GCB2_tempName due to constant propagation
INFO: [Synth 8-7067] Removed DRAM instance backendi_3/inst/chiptop/system/tile_prci_domain/element_reset_domain_ChaosCore_tile/core/backend/INT_PRF/LVTBanks_2/memories_2/memories_0_ext/mem_0_0/ram_reg_0_63_28_31 from module backend__GCB2_tempName due to constant propagation
INFO: [Synth 8-7067] Removed DRAM instance backendi_3/inst/chiptop/system/tile_prci_domain/element_reset_domain_ChaosCore_tile/core/backend/INT_PRF/LVTBanks_2/memories_2/memories_0_ext/mem_0_0/ram_reg_0_63_21_27 from module backend__GCB2_tempName due to constant propagation
INFO: [Synth 8-7067] Removed DRAM instance backendi_3/inst/chiptop/system/tile_prci_domain/element_reset_domain_ChaosCore_tile/core/backend/INT_PRF/LVTBanks_2/memories_2/memories_0_ext/mem_0_0/ram_reg_0_63_14_20 from module backend__GCB2_tempName due to constant propagation
INFO: [Synth 8-7067] Removed DRAM instance backendi_3/inst/chiptop/system/tile_prci_domain/element_reset_domain_ChaosCore_tile/core/backend/INT_PRF/LVTBanks_2/memories_2/memories_0_ext/mem_0_0/ram_reg_0_63_7_13 from module backend__GCB2_tempName due to constant propagation
INFO: [Synth 8-7067] Removed DRAM instance backendi_3/inst/chiptop/system/tile_prci_domain/element_reset_domain_ChaosCore_tile/core/backend/INT_PRF/LVTBanks_2/memories_2/memories_0_ext/mem_0_0/ram_reg_0_63_0_6 from module backend__GCB2_tempName due to constant propagation
INFO: [Synth 8-7067] Removed DRAM instance backendi_3/inst/chiptop/system/tile_prci_domain/element_reset_domain_ChaosCore_tile/core/backend/INT_PRF/LVTBanks_2/memories_3/memories_0_ext/mem_0_0/ram_reg_0_63_28_31 from module backend__GCB2_tempName due to constant propagation
INFO: [Synth 8-7067] Removed DRAM instance backendi_3/inst/chiptop/system/tile_prci_domain/element_reset_domain_ChaosCore_tile/core/backend/INT_PRF/LVTBanks_2/memories_3/memories_0_ext/mem_0_0/ram_reg_0_63_21_27 from module backend__GCB2_tempName due to constant propagation
INFO: [Synth 8-7067] Removed DRAM instance backendi_3/inst/chiptop/system/tile_prci_domain/element_reset_domain_ChaosCore_tile/core/backend/INT_PRF/LVTBanks_2/memories_3/memories_0_ext/mem_0_0/ram_reg_0_63_14_20 from module backend__GCB2_tempName due to constant propagation
INFO: [Synth 8-7067] Removed DRAM instance backendi_3/inst/chiptop/system/tile_prci_domain/element_reset_domain_ChaosCore_tile/core/backend/INT_PRF/LVTBanks_2/memories_3/memories_0_ext/mem_0_0/ram_reg_0_63_7_13 from module backend__GCB2_tempName due to constant propagation
INFO: [Common 17-14] Message 'Synth 8-7067' appears 100 times and further instances of the messages will be disabled. Use the Tcl command set_msg_config to change the current settings.
INFO: [Synth 8-7052] The timing for the instance corei_13/inst/chiptop/system/tile_prci_domain/element_reset_domain_ChaosCore_tile/core/frontend/instruction_fetch/BTB/mem/mem_ext/mem_0_0/ram_reg_bram_0 (implemented as a Block RAM) might be sub-optimal as no optional output register could be merged into the ram block. Providing additional output register may help in improving timing.
INFO: [Synth 8-7052] The timing for the instance corei_13/inst/chiptop/system/tile_prci_domain/element_reset_domain_ChaosCore_tile/core/frontend/instruction_fetch/BTB/mem/mem_ext/mem_0_0/ram_reg_bram_1 (implemented as a Block RAM) might be sub-optimal as no optional output register could be merged into the ram block. Providing additional output register may help in improving timing.
INFO: [Synth 8-7052] The timing for the instance element_reset_domain_ChaosCore_tilei_14/inst/chiptop/system/tile_prci_domain/element_reset_domain_ChaosCore_tile/icache/ChaosCore_tile_icache_data_arrays_0/ChaosCore_tile_icache_data_arrays_0_ext/mem_0_0/ram_reg_0 (implemented as a Block RAM) might be sub-optimal as no optional output register could be merged into the ram block. Providing additional output register may help in improving timing.
INFO: [Synth 8-7052] The timing for the instance element_reset_domain_ChaosCore_tilei_14/inst/chiptop/system/tile_prci_domain/element_reset_domain_ChaosCore_tile/icache/ChaosCore_tile_icache_data_arrays_0/ChaosCore_tile_icache_data_arrays_0_ext/mem_0_0/ram_reg_1 (implemented as a Block RAM) might be sub-optimal as no optional output register could be merged into the ram block. Providing additional output register may help in improving timing.
INFO: [Synth 8-7052] The timing for the instance element_reset_domain_ChaosCore_tilei_14/inst/chiptop/system/tile_prci_domain/element_reset_domain_ChaosCore_tile/icache/ChaosCore_tile_icache_data_arrays_0/ChaosCore_tile_icache_data_arrays_0_ext/mem_0_1/ram_reg_0 (implemented as a Block RAM) might be sub-optimal as no optional output register could be merged into the ram block. Providing additional output register may help in improving timing.
INFO: [Synth 8-7052] The timing for the instance element_reset_domain_ChaosCore_tilei_14/inst/chiptop/system/tile_prci_domain/element_reset_domain_ChaosCore_tile/icache/ChaosCore_tile_icache_data_arrays_0/ChaosCore_tile_icache_data_arrays_0_ext/mem_0_1/ram_reg_1 (implemented as a Block RAM) might be sub-optimal as no optional output register could be merged into the ram block. Providing additional output register may help in improving timing.
INFO: [Synth 8-7052] The timing for the instance element_reset_domain_ChaosCore_tilei_14/inst/chiptop/system/tile_prci_domain/element_reset_domain_ChaosCore_tile/icache/ChaosCore_tile_icache_data_arrays_0/ChaosCore_tile_icache_data_arrays_0_ext/mem_0_2/ram_reg_0 (implemented as a Block RAM) might be sub-optimal as no optional output register could be merged into the ram block. Providing additional output register may help in improving timing.
INFO: [Synth 8-7052] The timing for the instance element_reset_domain_ChaosCore_tilei_14/inst/chiptop/system/tile_prci_domain/element_reset_domain_ChaosCore_tile/icache/ChaosCore_tile_icache_data_arrays_0/ChaosCore_tile_icache_data_arrays_0_ext/mem_0_2/ram_reg_1 (implemented as a Block RAM) might be sub-optimal as no optional output register could be merged into the ram block. Providing additional output register may help in improving timing.
INFO: [Synth 8-7052] The timing for the instance element_reset_domain_ChaosCore_tilei_14/inst/chiptop/system/tile_prci_domain/element_reset_domain_ChaosCore_tile/icache/ChaosCore_tile_icache_data_arrays_0/ChaosCore_tile_icache_data_arrays_0_ext/mem_0_3/ram_reg_0 (implemented as a Block RAM) might be sub-optimal as no optional output register could be merged into the ram block. Providing additional output register may help in improving timing.
INFO: [Synth 8-7052] The timing for the instance element_reset_domain_ChaosCore_tilei_14/inst/chiptop/system/tile_prci_domain/element_reset_domain_ChaosCore_tile/icache/ChaosCore_tile_icache_data_arrays_0/ChaosCore_tile_icache_data_arrays_0_ext/mem_0_3/ram_reg_1 (implemented as a Block RAM) might be sub-optimal as no optional output register could be merged into the ram block. Providing additional output register may help in improving timing.
INFO: [Synth 8-7052] The timing for the instance element_reset_domain_ChaosCore_tilei_14/inst/chiptop/system/tile_prci_domain/element_reset_domain_ChaosCore_tile/icache/ChaosCore_tile_icache_data_arrays_0/ChaosCore_tile_icache_data_arrays_0_ext/mem_0_4/ram_reg_0 (implemented as a Block RAM) might be sub-optimal as no optional output register could be merged into the ram block. Providing additional output register may help in improving timing.
INFO: [Synth 8-7052] The timing for the instance element_reset_domain_ChaosCore_tilei_14/inst/chiptop/system/tile_prci_domain/element_reset_domain_ChaosCore_tile/icache/ChaosCore_tile_icache_data_arrays_0/ChaosCore_tile_icache_data_arrays_0_ext/mem_0_4/ram_reg_1 (implemented as a Block RAM) might be sub-optimal as no optional output register could be merged into the ram block. Providing additional output register may help in improving timing.
INFO: [Synth 8-7052] The timing for the instance element_reset_domain_ChaosCore_tilei_14/inst/chiptop/system/tile_prci_domain/element_reset_domain_ChaosCore_tile/icache/ChaosCore_tile_icache_data_arrays_0/ChaosCore_tile_icache_data_arrays_0_ext/mem_0_5/ram_reg_0 (implemented as a Block RAM) might be sub-optimal as no optional output register could be merged into the ram block. Providing additional output register may help in improving timing.
INFO: [Synth 8-7052] The timing for the instance element_reset_domain_ChaosCore_tilei_14/inst/chiptop/system/tile_prci_domain/element_reset_domain_ChaosCore_tile/icache/ChaosCore_tile_icache_data_arrays_0/ChaosCore_tile_icache_data_arrays_0_ext/mem_0_5/ram_reg_1 (implemented as a Block RAM) might be sub-optimal as no optional output register could be merged into the ram block. Providing additional output register may help in improving timing.
INFO: [Synth 8-7052] The timing for the instance element_reset_domain_ChaosCore_tilei_14/inst/chiptop/system/tile_prci_domain/element_reset_domain_ChaosCore_tile/icache/ChaosCore_tile_icache_data_arrays_0/ChaosCore_tile_icache_data_arrays_0_ext/mem_0_6/ram_reg_0 (implemented as a Block RAM) might be sub-optimal as no optional output register could be merged into the ram block. Providing additional output register may help in improving timing.
INFO: [Synth 8-7052] The timing for the instance element_reset_domain_ChaosCore_tilei_14/inst/chiptop/system/tile_prci_domain/element_reset_domain_ChaosCore_tile/icache/ChaosCore_tile_icache_data_arrays_0/ChaosCore_tile_icache_data_arrays_0_ext/mem_0_6/ram_reg_1 (implemented as a Block RAM) might be sub-optimal as no optional output register could be merged into the ram block. Providing additional output register may help in improving timing.
INFO: [Synth 8-7052] The timing for the instance element_reset_domain_ChaosCore_tilei_14/inst/chiptop/system/tile_prci_domain/element_reset_domain_ChaosCore_tile/icache/ChaosCore_tile_icache_data_arrays_0/ChaosCore_tile_icache_data_arrays_0_ext/mem_0_7/ram_reg_0 (implemented as a Block RAM) might be sub-optimal as no optional output register could be merged into the ram block. Providing additional output register may help in improving timing.
INFO: [Synth 8-7052] The timing for the instance element_reset_domain_ChaosCore_tilei_14/inst/chiptop/system/tile_prci_domain/element_reset_domain_ChaosCore_tile/icache/ChaosCore_tile_icache_data_arrays_0/ChaosCore_tile_icache_data_arrays_0_ext/mem_0_7/ram_reg_1 (implemented as a Block RAM) might be sub-optimal as no optional output register could be merged into the ram block. Providing additional output register may help in improving timing.
INFO: [Synth 8-7052] The timing for the instance element_reset_domain_ChaosCore_tilei_14/inst/chiptop/system/tile_prci_domain/element_reset_domain_ChaosCore_tile/dcache/data/array_0_0/array_0_0_ext/mem_0_0/ram_reg (implemented as a Block RAM) might be sub-optimal as no optional output register could be merged into the ram block. Providing additional output register may help in improving timing.
INFO: [Synth 8-7052] The timing for the instance element_reset_domain_ChaosCore_tilei_14/inst/chiptop/system/tile_prci_domain/element_reset_domain_ChaosCore_tile/dcache/data/array_0_0/array_0_0_ext/mem_0_1/ram_reg (implemented as a Block RAM) might be sub-optimal as no optional output register could be merged into the ram block. Providing additional output register may help in improving timing.
INFO: [Synth 8-7052] The timing for the instance element_reset_domain_ChaosCore_tilei_14/inst/chiptop/system/tile_prci_domain/element_reset_domain_ChaosCore_tile/dcache/data/array_0_0/array_0_0_ext/mem_0_2/ram_reg (implemented as a Block RAM) might be sub-optimal as no optional output register could be merged into the ram block. Providing additional output register may help in improving timing.
INFO: [Synth 8-7052] The timing for the instance element_reset_domain_ChaosCore_tilei_14/inst/chiptop/system/tile_prci_domain/element_reset_domain_ChaosCore_tile/dcache/data/array_0_0/array_0_0_ext/mem_0_3/ram_reg (implemented as a Block RAM) might be sub-optimal as no optional output register could be merged into the ram block. Providing additional output register may help in improving timing.
INFO: [Synth 8-7052] The timing for the instance element_reset_domain_ChaosCore_tilei_14/inst/chiptop/system/tile_prci_domain/element_reset_domain_ChaosCore_tile/dcache/data/array_0_1/array_0_0_ext/mem_0_0/ram_reg (implemented as a Block RAM) might be sub-optimal as no optional output register could be merged into the ram block. Providing additional output register may help in improving timing.
INFO: [Synth 8-7052] The timing for the instance element_reset_domain_ChaosCore_tilei_14/inst/chiptop/system/tile_prci_domain/element_reset_domain_ChaosCore_tile/dcache/data/array_0_1/array_0_0_ext/mem_0_1/ram_reg (implemented as a Block RAM) might be sub-optimal as no optional output register could be merged into the ram block. Providing additional output register may help in improving timing.
INFO: [Synth 8-7052] The timing for the instance element_reset_domain_ChaosCore_tilei_14/inst/chiptop/system/tile_prci_domain/element_reset_domain_ChaosCore_tile/dcache/data/array_0_1/array_0_0_ext/mem_0_2/ram_reg (implemented as a Block RAM) might be sub-optimal as no optional output register could be merged into the ram block. Providing additional output register may help in improving timing.
INFO: [Synth 8-7052] The timing for the instance element_reset_domain_ChaosCore_tilei_14/inst/chiptop/system/tile_prci_domain/element_reset_domain_ChaosCore_tile/dcache/data/array_0_1/array_0_0_ext/mem_0_3/ram_reg (implemented as a Block RAM) might be sub-optimal as no optional output register could be merged into the ram block. Providing additional output register may help in improving timing.
INFO: [Synth 8-7052] The timing for the instance element_reset_domain_ChaosCore_tilei_14/inst/chiptop/system/tile_prci_domain/element_reset_domain_ChaosCore_tile/dcache/data/array_0_2/array_0_0_ext/mem_0_0/ram_reg (implemented as a Block RAM) might be sub-optimal as no optional output register could be merged into the ram block. Providing additional output register may help in improving timing.
INFO: [Synth 8-7052] The timing for the instance element_reset_domain_ChaosCore_tilei_14/inst/chiptop/system/tile_prci_domain/element_reset_domain_ChaosCore_tile/dcache/data/array_0_2/array_0_0_ext/mem_0_1/ram_reg (implemented as a Block RAM) might be sub-optimal as no optional output register could be merged into the ram block. Providing additional output register may help in improving timing.
INFO: [Synth 8-7052] The timing for the instance element_reset_domain_ChaosCore_tilei_14/inst/chiptop/system/tile_prci_domain/element_reset_domain_ChaosCore_tile/dcache/data/array_0_2/array_0_0_ext/mem_0_2/ram_reg (implemented as a Block RAM) might be sub-optimal as no optional output register could be merged into the ram block. Providing additional output register may help in improving timing.
INFO: [Synth 8-7052] The timing for the instance element_reset_domain_ChaosCore_tilei_14/inst/chiptop/system/tile_prci_domain/element_reset_domain_ChaosCore_tile/dcache/data/array_0_2/array_0_0_ext/mem_0_3/ram_reg (implemented as a Block RAM) might be sub-optimal as no optional output register could be merged into the ram block. Providing additional output register may help in improving timing.
INFO: [Synth 8-7052] The timing for the instance element_reset_domain_ChaosCore_tilei_14/inst/chiptop/system/tile_prci_domain/element_reset_domain_ChaosCore_tile/dcache/data/array_0_3/array_0_0_ext/mem_0_0/ram_reg (implemented as a Block RAM) might be sub-optimal as no optional output register could be merged into the ram block. Providing additional output register may help in improving timing.
INFO: [Synth 8-7052] The timing for the instance element_reset_domain_ChaosCore_tilei_14/inst/chiptop/system/tile_prci_domain/element_reset_domain_ChaosCore_tile/dcache/data/array_0_3/array_0_0_ext/mem_0_1/ram_reg (implemented as a Block RAM) might be sub-optimal as no optional output register could be merged into the ram block. Providing additional output register may help in improving timing.
INFO: [Synth 8-7052] The timing for the instance element_reset_domain_ChaosCore_tilei_14/inst/chiptop/system/tile_prci_domain/element_reset_domain_ChaosCore_tile/dcache/data/array_0_3/array_0_0_ext/mem_0_2/ram_reg (implemented as a Block RAM) might be sub-optimal as no optional output register could be merged into the ram block. Providing additional output register may help in improving timing.
INFO: [Synth 8-7052] The timing for the instance element_reset_domain_ChaosCore_tilei_14/inst/chiptop/system/tile_prci_domain/element_reset_domain_ChaosCore_tile/dcache/data/array_0_3/array_0_0_ext/mem_0_3/ram_reg (implemented as a Block RAM) might be sub-optimal as no optional output register could be merged into the ram block. Providing additional output register may help in improving timing.
INFO: [Synth 8-7052] The timing for the instance element_reset_domain_ChaosCore_tilei_14/inst/chiptop/system/tile_prci_domain/element_reset_domain_ChaosCore_tile/dcache/data/array_4_0/array_0_0_ext/mem_0_0/ram_reg (implemented as a Block RAM) might be sub-optimal as no optional output register could be merged into the ram block. Providing additional output register may help in improving timing.
INFO: [Synth 8-7052] The timing for the instance element_reset_domain_ChaosCore_tilei_14/inst/chiptop/system/tile_prci_domain/element_reset_domain_ChaosCore_tile/dcache/data/array_4_0/array_0_0_ext/mem_0_1/ram_reg (implemented as a Block RAM) might be sub-optimal as no optional output register could be merged into the ram block. Providing additional output register may help in improving timing.
INFO: [Synth 8-7052] The timing for the instance element_reset_domain_ChaosCore_tilei_14/inst/chiptop/system/tile_prci_domain/element_reset_domain_ChaosCore_tile/dcache/data/array_4_0/array_0_0_ext/mem_0_2/ram_reg (implemented as a Block RAM) might be sub-optimal as no optional output register could be merged into the ram block. Providing additional output register may help in improving timing.
INFO: [Synth 8-7052] The timing for the instance element_reset_domain_ChaosCore_tilei_14/inst/chiptop/system/tile_prci_domain/element_reset_domain_ChaosCore_tile/dcache/data/array_4_0/array_0_0_ext/mem_0_3/ram_reg (implemented as a Block RAM) might be sub-optimal as no optional output register could be merged into the ram block. Providing additional output register may help in improving timing.
INFO: [Synth 8-7052] The timing for the instance element_reset_domain_ChaosCore_tilei_14/inst/chiptop/system/tile_prci_domain/element_reset_domain_ChaosCore_tile/dcache/data/array_4_1/array_0_0_ext/mem_0_0/ram_reg (implemented as a Block RAM) might be sub-optimal as no optional output register could be merged into the ram block. Providing additional output register may help in improving timing.
INFO: [Synth 8-7052] The timing for the instance element_reset_domain_ChaosCore_tilei_14/inst/chiptop/system/tile_prci_domain/element_reset_domain_ChaosCore_tile/dcache/data/array_4_1/array_0_0_ext/mem_0_1/ram_reg (implemented as a Block RAM) might be sub-optimal as no optional output register could be merged into the ram block. Providing additional output register may help in improving timing.
INFO: [Synth 8-7052] The timing for the instance element_reset_domain_ChaosCore_tilei_14/inst/chiptop/system/tile_prci_domain/element_reset_domain_ChaosCore_tile/dcache/data/array_4_1/array_0_0_ext/mem_0_2/ram_reg (implemented as a Block RAM) might be sub-optimal as no optional output register could be merged into the ram block. Providing additional output register may help in improving timing.
INFO: [Synth 8-7052] The timing for the instance element_reset_domain_ChaosCore_tilei_14/inst/chiptop/system/tile_prci_domain/element_reset_domain_ChaosCore_tile/dcache/data/array_4_1/array_0_0_ext/mem_0_3/ram_reg (implemented as a Block RAM) might be sub-optimal as no optional output register could be merged into the ram block. Providing additional output register may help in improving timing.
INFO: [Synth 8-7052] The timing for the instance element_reset_domain_ChaosCore_tilei_14/inst/chiptop/system/tile_prci_domain/element_reset_domain_ChaosCore_tile/dcache/data/array_4_2/array_0_0_ext/mem_0_0/ram_reg (implemented as a Block RAM) might be sub-optimal as no optional output register could be merged into the ram block. Providing additional output register may help in improving timing.
INFO: [Synth 8-7052] The timing for the instance element_reset_domain_ChaosCore_tilei_14/inst/chiptop/system/tile_prci_domain/element_reset_domain_ChaosCore_tile/dcache/data/array_4_2/array_0_0_ext/mem_0_1/ram_reg (implemented as a Block RAM) might be sub-optimal as no optional output register could be merged into the ram block. Providing additional output register may help in improving timing.
INFO: [Synth 8-7052] The timing for the instance element_reset_domain_ChaosCore_tilei_14/inst/chiptop/system/tile_prci_domain/element_reset_domain_ChaosCore_tile/dcache/data/array_4_2/array_0_0_ext/mem_0_2/ram_reg (implemented as a Block RAM) might be sub-optimal as no optional output register could be merged into the ram block. Providing additional output register may help in improving timing.
INFO: [Synth 8-7052] The timing for the instance element_reset_domain_ChaosCore_tilei_14/inst/chiptop/system/tile_prci_domain/element_reset_domain_ChaosCore_tile/dcache/data/array_4_2/array_0_0_ext/mem_0_3/ram_reg (implemented as a Block RAM) might be sub-optimal as no optional output register could be merged into the ram block. Providing additional output register may help in improving timing.
INFO: [Synth 8-7052] The timing for the instance element_reset_domain_ChaosCore_tilei_14/inst/chiptop/system/tile_prci_domain/element_reset_domain_ChaosCore_tile/dcache/data/array_4_3/array_0_0_ext/mem_0_0/ram_reg (implemented as a Block RAM) might be sub-optimal as no optional output register could be merged into the ram block. Providing additional output register may help in improving timing.
INFO: [Synth 8-7052] The timing for the instance element_reset_domain_ChaosCore_tilei_14/inst/chiptop/system/tile_prci_domain/element_reset_domain_ChaosCore_tile/dcache/data/array_4_3/array_0_0_ext/mem_0_1/ram_reg (implemented as a Block RAM) might be sub-optimal as no optional output register could be merged into the ram block. Providing additional output register may help in improving timing.
INFO: [Synth 8-7052] The timing for the instance element_reset_domain_ChaosCore_tilei_14/inst/chiptop/system/tile_prci_domain/element_reset_domain_ChaosCore_tile/dcache/data/array_4_3/array_0_0_ext/mem_0_2/ram_reg (implemented as a Block RAM) might be sub-optimal as no optional output register could be merged into the ram block. Providing additional output register may help in improving timing.
INFO: [Synth 8-7052] The timing for the instance element_reset_domain_ChaosCore_tilei_14/inst/chiptop/system/tile_prci_domain/element_reset_domain_ChaosCore_tile/dcache/data/array_4_3/array_0_0_ext/mem_0_3/ram_reg (implemented as a Block RAM) might be sub-optimal as no optional output register could be merged into the ram block. Providing additional output register may help in improving timing.
INFO: [Common 17-14] Message 'Synth 8-3886' appears 100 times and further instances of the messages will be disabled. Use the Tcl command set_msg_config to change the current settings.
INFO: [Synth 8-7052] The timing for the instance systemi_16/inst/chiptop/system/coh_wrapper/l2/inclusive_cache_bank_sched/directory/cc_dir/cc_dir_ext/mem_0_0/ram_reg_bram_0 (implemented as a Block RAM) might be sub-optimal as no optional output register could be merged into the ram block. Providing additional output register may help in improving timing.
INFO: [Synth 8-7052] The timing for the instance systemi_16/inst/chiptop/system/coh_wrapper/l2/inclusive_cache_bank_sched/directory/cc_dir/cc_dir_ext/mem_0_1/ram_reg_bram_0 (implemented as a Block RAM) might be sub-optimal as no optional output register could be merged into the ram block. Providing additional output register may help in improving timing.
INFO: [Synth 8-7052] The timing for the instance systemi_16/inst/chiptop/system/coh_wrapper/l2/inclusive_cache_bank_sched/directory/cc_dir/cc_dir_ext/mem_0_2/ram_reg_bram_0 (implemented as a Block RAM) might be sub-optimal as no optional output register could be merged into the ram block. Providing additional output register may help in improving timing.
INFO: [Synth 8-7052] The timing for the instance systemi_16/inst/chiptop/system/coh_wrapper/l2/inclusive_cache_bank_sched/directory/cc_dir/cc_dir_ext/mem_0_3/ram_reg_bram_0 (implemented as a Block RAM) might be sub-optimal as no optional output register could be merged into the ram block. Providing additional output register may help in improving timing.
INFO: [Synth 8-7052] The timing for the instance systemi_16/inst/chiptop/system/coh_wrapper/l2/inclusive_cache_bank_sched/directory/cc_dir/cc_dir_ext/mem_0_4/ram_reg_bram_0 (implemented as a Block RAM) might be sub-optimal as no optional output register could be merged into the ram block. Providing additional output register may help in improving timing.
INFO: [Synth 8-7052] The timing for the instance systemi_16/inst/chiptop/system/coh_wrapper/l2/inclusive_cache_bank_sched/directory/cc_dir/cc_dir_ext/mem_0_5/ram_reg_bram_0 (implemented as a Block RAM) might be sub-optimal as no optional output register could be merged into the ram block. Providing additional output register may help in improving timing.
INFO: [Synth 8-7052] The timing for the instance systemi_16/inst/chiptop/system/coh_wrapper/l2/inclusive_cache_bank_sched/directory/cc_dir/cc_dir_ext/mem_0_6/ram_reg_bram_0 (implemented as a Block RAM) might be sub-optimal as no optional output register could be merged into the ram block. Providing additional output register may help in improving timing.
INFO: [Synth 8-7052] The timing for the instance systemi_16/inst/chiptop/system/coh_wrapper/l2/inclusive_cache_bank_sched/directory/cc_dir/cc_dir_ext/mem_0_7/ram_reg_bram_0 (implemented as a Block RAM) might be sub-optimal as no optional output register could be merged into the ram block. Providing additional output register may help in improving timing.
INFO: [Synth 8-7052] The timing for the instance systemi_16/inst/chiptop/system/coh_wrapper/l2/inclusive_cache_bank_sched/bankedStore/cc_banks_0/cc_banks_0_ext/mem_0_0/ram_reg_bram_7 (implemented as a Block RAM) might be sub-optimal as no optional output register could be merged into the ram block. Providing additional output register may help in improving timing.
INFO: [Synth 8-7052] The timing for the instance systemi_16/inst/chiptop/system/coh_wrapper/l2/inclusive_cache_bank_sched/bankedStore/cc_banks_0/cc_banks_0_ext/mem_0_0/ram_reg_bram_15 (implemented as a Block RAM) might be sub-optimal as no optional output register could be merged into the ram block. Providing additional output register may help in improving timing.
INFO: [Synth 8-7052] The timing for the instance systemi_16/inst/chiptop/system/coh_wrapper/l2/inclusive_cache_bank_sched/bankedStore/cc_banks_1/cc_banks_0_ext/mem_0_0/ram_reg_bram_7 (implemented as a Block RAM) might be sub-optimal as no optional output register could be merged into the ram block. Providing additional output register may help in improving timing.
INFO: [Synth 8-7052] The timing for the instance systemi_16/inst/chiptop/system/coh_wrapper/l2/inclusive_cache_bank_sched/bankedStore/cc_banks_1/cc_banks_0_ext/mem_0_0/ram_reg_bram_15 (implemented as a Block RAM) might be sub-optimal as no optional output register could be merged into the ram block. Providing additional output register may help in improving timing.
INFO: [Synth 8-7052] The timing for the instance systemi_16/inst/chiptop/system/coh_wrapper/l2/inclusive_cache_bank_sched/bankedStore/cc_banks_2/cc_banks_0_ext/mem_0_0/ram_reg_bram_7 (implemented as a Block RAM) might be sub-optimal as no optional output register could be merged into the ram block. Providing additional output register may help in improving timing.
INFO: [Synth 8-7052] The timing for the instance systemi_16/inst/chiptop/system/coh_wrapper/l2/inclusive_cache_bank_sched/bankedStore/cc_banks_2/cc_banks_0_ext/mem_0_0/ram_reg_bram_15 (implemented as a Block RAM) might be sub-optimal as no optional output register could be merged into the ram block. Providing additional output register may help in improving timing.
INFO: [Synth 8-7052] The timing for the instance systemi_16/inst/chiptop/system/coh_wrapper/l2/inclusive_cache_bank_sched/bankedStore/cc_banks_3/cc_banks_0_ext/mem_0_0/ram_reg_bram_7 (implemented as a Block RAM) might be sub-optimal as no optional output register could be merged into the ram block. Providing additional output register may help in improving timing.
INFO: [Synth 8-7052] The timing for the instance systemi_16/inst/chiptop/system/coh_wrapper/l2/inclusive_cache_bank_sched/bankedStore/cc_banks_3/cc_banks_0_ext/mem_0_0/ram_reg_bram_15 (implemented as a Block RAM) might be sub-optimal as no optional output register could be merged into the ram block. Providing additional output register may help in improving timing.
INFO: [Synth 8-7052] The timing for the instance systemi_17/inst/chiptop/system/bank/ram/mem/mem_1_ext/mem_0_0/ram_reg_bram_1 (implemented as a Block RAM) might be sub-optimal as no optional output register could be merged into the ram block. Providing additional output register may help in improving timing.
INFO: [Synth 8-7052] The timing for the instance systemi_17/inst/chiptop/system/bank/ram/mem/mem_1_ext/mem_0_1/ram_reg_bram_1 (implemented as a Block RAM) might be sub-optimal as no optional output register could be merged into the ram block. Providing additional output register may help in improving timing.
INFO: [Synth 8-7052] The timing for the instance systemi_17/inst/chiptop/system/bank/ram/mem/mem_1_ext/mem_0_2/ram_reg_bram_1 (implemented as a Block RAM) might be sub-optimal as no optional output register could be merged into the ram block. Providing additional output register may help in improving timing.
INFO: [Synth 8-7052] The timing for the instance systemi_17/inst/chiptop/system/bank/ram/mem/mem_1_ext/mem_0_3/ram_reg_bram_1 (implemented as a Block RAM) might be sub-optimal as no optional output register could be merged into the ram block. Providing additional output register may help in improving timing.
INFO: [Synth 8-7052] The timing for the instance systemi_17/inst/chiptop/system/bank/ram/mem/mem_1_ext/mem_0_4/ram_reg_bram_1 (implemented as a Block RAM) might be sub-optimal as no optional output register could be merged into the ram block. Providing additional output register may help in improving timing.
INFO: [Synth 8-7052] The timing for the instance systemi_17/inst/chiptop/system/bank/ram/mem/mem_1_ext/mem_0_5/ram_reg_bram_1 (implemented as a Block RAM) might be sub-optimal as no optional output register could be merged into the ram block. Providing additional output register may help in improving timing.
INFO: [Synth 8-7052] The timing for the instance systemi_17/inst/chiptop/system/bank/ram/mem/mem_1_ext/mem_0_6/ram_reg_bram_1 (implemented as a Block RAM) might be sub-optimal as no optional output register could be merged into the ram block. Providing additional output register may help in improving timing.
INFO: [Synth 8-7052] The timing for the instance systemi_17/inst/chiptop/system/bank/ram/mem/mem_1_ext/mem_0_7/ram_reg_bram_1 (implemented as a Block RAM) might be sub-optimal as no optional output register could be merged into the ram block. Providing additional output register may help in improving timing.
---------------------------------------------------------------------------------
Finished Technology Mapping : Time (s): cpu = 00:05:01 ; elapsed = 00:03:02 . Memory (MB): peak = 3770.426 ; gain = 1516.293 ; free physical = 254 ; free virtual = 14209
---------------------------------------------------------------------------------
---------------------------------------------------------------------------------
Start IO Insertion
---------------------------------------------------------------------------------
---------------------------------------------------------------------------------
Start Flattening Before IO Insertion
---------------------------------------------------------------------------------
---------------------------------------------------------------------------------
Finished Flattening Before IO Insertion
---------------------------------------------------------------------------------
---------------------------------------------------------------------------------
Start Final Netlist Cleanup
---------------------------------------------------------------------------------
INFO: [Synth 8-7052] The timing for the instance inst/chiptop/system/tile_prci_domain/element_reset_domain_ChaosCore_tile/core/frontend/instruction_fetch/BTB/mem/mem_ext/mem_0_0/ram_reg_bram_0 (implemented as a Block RAM) might be sub-optimal as no optional output register could be merged into the ram block. Providing additional output register may help in improving timing.
INFO: [Synth 8-7052] The timing for the instance inst/chiptop/system/tile_prci_domain/element_reset_domain_ChaosCore_tile/core/frontend/instruction_fetch/BTB/mem/mem_ext/mem_0_0/ram_reg_bram_1 (implemented as a Block RAM) might be sub-optimal as no optional output register could be merged into the ram block. Providing additional output register may help in improving timing.
INFO: [Synth 8-7052] The timing for the instance inst/chiptop/system/tile_prci_domain/element_reset_domain_ChaosCore_tile/icache/ChaosCore_tile_icache_data_arrays_0/ChaosCore_tile_icache_data_arrays_0_ext/mem_0_0/ram_reg_0 (implemented as a Block RAM) might be sub-optimal as no optional output register could be merged into the ram block. Providing additional output register may help in improving timing.
INFO: [Synth 8-7052] The timing for the instance inst/chiptop/system/tile_prci_domain/element_reset_domain_ChaosCore_tile/icache/ChaosCore_tile_icache_data_arrays_0/ChaosCore_tile_icache_data_arrays_0_ext/mem_0_0/ram_reg_1 (implemented as a Block RAM) might be sub-optimal as no optional output register could be merged into the ram block. Providing additional output register may help in improving timing.
INFO: [Synth 8-7052] The timing for the instance inst/chiptop/system/tile_prci_domain/element_reset_domain_ChaosCore_tile/icache/ChaosCore_tile_icache_data_arrays_0/ChaosCore_tile_icache_data_arrays_0_ext/mem_0_1/ram_reg_0 (implemented as a Block RAM) might be sub-optimal as no optional output register could be merged into the ram block. Providing additional output register may help in improving timing.
INFO: [Synth 8-7052] The timing for the instance inst/chiptop/system/tile_prci_domain/element_reset_domain_ChaosCore_tile/icache/ChaosCore_tile_icache_data_arrays_0/ChaosCore_tile_icache_data_arrays_0_ext/mem_0_1/ram_reg_1 (implemented as a Block RAM) might be sub-optimal as no optional output register could be merged into the ram block. Providing additional output register may help in improving timing.
INFO: [Synth 8-7052] The timing for the instance inst/chiptop/system/tile_prci_domain/element_reset_domain_ChaosCore_tile/icache/ChaosCore_tile_icache_data_arrays_0/ChaosCore_tile_icache_data_arrays_0_ext/mem_0_2/ram_reg_0 (implemented as a Block RAM) might be sub-optimal as no optional output register could be merged into the ram block. Providing additional output register may help in improving timing.
INFO: [Synth 8-7052] The timing for the instance inst/chiptop/system/tile_prci_domain/element_reset_domain_ChaosCore_tile/icache/ChaosCore_tile_icache_data_arrays_0/ChaosCore_tile_icache_data_arrays_0_ext/mem_0_2/ram_reg_1 (implemented as a Block RAM) might be sub-optimal as no optional output register could be merged into the ram block. Providing additional output register may help in improving timing.
INFO: [Synth 8-7052] The timing for the instance inst/chiptop/system/tile_prci_domain/element_reset_domain_ChaosCore_tile/icache/ChaosCore_tile_icache_data_arrays_0/ChaosCore_tile_icache_data_arrays_0_ext/mem_0_3/ram_reg_0 (implemented as a Block RAM) might be sub-optimal as no optional output register could be merged into the ram block. Providing additional output register may help in improving timing.
INFO: [Synth 8-7052] The timing for the instance inst/chiptop/system/tile_prci_domain/element_reset_domain_ChaosCore_tile/icache/ChaosCore_tile_icache_data_arrays_0/ChaosCore_tile_icache_data_arrays_0_ext/mem_0_3/ram_reg_1 (implemented as a Block RAM) might be sub-optimal as no optional output register could be merged into the ram block. Providing additional output register may help in improving timing.
INFO: [Synth 8-7052] The timing for the instance inst/chiptop/system/tile_prci_domain/element_reset_domain_ChaosCore_tile/icache/ChaosCore_tile_icache_data_arrays_0/ChaosCore_tile_icache_data_arrays_0_ext/mem_0_4/ram_reg_0 (implemented as a Block RAM) might be sub-optimal as no optional output register could be merged into the ram block. Providing additional output register may help in improving timing.
INFO: [Synth 8-7052] The timing for the instance inst/chiptop/system/tile_prci_domain/element_reset_domain_ChaosCore_tile/icache/ChaosCore_tile_icache_data_arrays_0/ChaosCore_tile_icache_data_arrays_0_ext/mem_0_4/ram_reg_1 (implemented as a Block RAM) might be sub-optimal as no optional output register could be merged into the ram block. Providing additional output register may help in improving timing.
INFO: [Synth 8-7052] The timing for the instance inst/chiptop/system/tile_prci_domain/element_reset_domain_ChaosCore_tile/icache/ChaosCore_tile_icache_data_arrays_0/ChaosCore_tile_icache_data_arrays_0_ext/mem_0_5/ram_reg_0 (implemented as a Block RAM) might be sub-optimal as no optional output register could be merged into the ram block. Providing additional output register may help in improving timing.
INFO: [Synth 8-7052] The timing for the instance inst/chiptop/system/tile_prci_domain/element_reset_domain_ChaosCore_tile/icache/ChaosCore_tile_icache_data_arrays_0/ChaosCore_tile_icache_data_arrays_0_ext/mem_0_5/ram_reg_1 (implemented as a Block RAM) might be sub-optimal as no optional output register could be merged into the ram block. Providing additional output register may help in improving timing.
INFO: [Synth 8-7052] The timing for the instance inst/chiptop/system/tile_prci_domain/element_reset_domain_ChaosCore_tile/icache/ChaosCore_tile_icache_data_arrays_0/ChaosCore_tile_icache_data_arrays_0_ext/mem_0_6/ram_reg_0 (implemented as a Block RAM) might be sub-optimal as no optional output register could be merged into the ram block. Providing additional output register may help in improving timing.
INFO: [Synth 8-7052] The timing for the instance inst/chiptop/system/tile_prci_domain/element_reset_domain_ChaosCore_tile/icache/ChaosCore_tile_icache_data_arrays_0/ChaosCore_tile_icache_data_arrays_0_ext/mem_0_6/ram_reg_1 (implemented as a Block RAM) might be sub-optimal as no optional output register could be merged into the ram block. Providing additional output register may help in improving timing.
INFO: [Synth 8-7052] The timing for the instance inst/chiptop/system/tile_prci_domain/element_reset_domain_ChaosCore_tile/icache/ChaosCore_tile_icache_data_arrays_0/ChaosCore_tile_icache_data_arrays_0_ext/mem_0_7/ram_reg_0 (implemented as a Block RAM) might be sub-optimal as no optional output register could be merged into the ram block. Providing additional output register may help in improving timing.
INFO: [Synth 8-7052] The timing for the instance inst/chiptop/system/tile_prci_domain/element_reset_domain_ChaosCore_tile/icache/ChaosCore_tile_icache_data_arrays_0/ChaosCore_tile_icache_data_arrays_0_ext/mem_0_7/ram_reg_1 (implemented as a Block RAM) might be sub-optimal as no optional output register could be merged into the ram block. Providing additional output register may help in improving timing.
INFO: [Synth 8-7052] The timing for the instance inst/chiptop/system/tile_prci_domain/element_reset_domain_ChaosCore_tile/dcache/data/array_0_0/array_0_0_ext/mem_0_0/ram_reg (implemented as a Block RAM) might be sub-optimal as no optional output register could be merged into the ram block. Providing additional output register may help in improving timing.
INFO: [Synth 8-7052] The timing for the instance inst/chiptop/system/tile_prci_domain/element_reset_domain_ChaosCore_tile/dcache/data/array_0_0/array_0_0_ext/mem_0_1/ram_reg (implemented as a Block RAM) might be sub-optimal as no optional output register could be merged into the ram block. Providing additional output register may help in improving timing.
INFO: [Synth 8-7052] The timing for the instance inst/chiptop/system/tile_prci_domain/element_reset_domain_ChaosCore_tile/dcache/data/array_0_0/array_0_0_ext/mem_0_2/ram_reg (implemented as a Block RAM) might be sub-optimal as no optional output register could be merged into the ram block. Providing additional output register may help in improving timing.
INFO: [Synth 8-7052] The timing for the instance inst/chiptop/system/tile_prci_domain/element_reset_domain_ChaosCore_tile/dcache/data/array_0_0/array_0_0_ext/mem_0_3/ram_reg (implemented as a Block RAM) might be sub-optimal as no optional output register could be merged into the ram block. Providing additional output register may help in improving timing.
INFO: [Synth 8-7052] The timing for the instance inst/chiptop/system/tile_prci_domain/element_reset_domain_ChaosCore_tile/dcache/data/array_0_1/array_0_0_ext/mem_0_0/ram_reg (implemented as a Block RAM) might be sub-optimal as no optional output register could be merged into the ram block. Providing additional output register may help in improving timing.
INFO: [Synth 8-7052] The timing for the instance inst/chiptop/system/tile_prci_domain/element_reset_domain_ChaosCore_tile/dcache/data/array_0_1/array_0_0_ext/mem_0_1/ram_reg (implemented as a Block RAM) might be sub-optimal as no optional output register could be merged into the ram block. Providing additional output register may help in improving timing.
INFO: [Synth 8-7052] The timing for the instance inst/chiptop/system/tile_prci_domain/element_reset_domain_ChaosCore_tile/dcache/data/array_0_1/array_0_0_ext/mem_0_2/ram_reg (implemented as a Block RAM) might be sub-optimal as no optional output register could be merged into the ram block. Providing additional output register may help in improving timing.
INFO: [Synth 8-7052] The timing for the instance inst/chiptop/system/tile_prci_domain/element_reset_domain_ChaosCore_tile/dcache/data/array_0_1/array_0_0_ext/mem_0_3/ram_reg (implemented as a Block RAM) might be sub-optimal as no optional output register could be merged into the ram block. Providing additional output register may help in improving timing.
INFO: [Common 17-14] Message 'Synth 8-7052' appears 100 times and further instances of the messages will be disabled. Use the Tcl command set_msg_config to change the current settings.
---------------------------------------------------------------------------------
Finished Final Netlist Cleanup
---------------------------------------------------------------------------------
---------------------------------------------------------------------------------
Finished IO Insertion : Time (s): cpu = 00:05:08 ; elapsed = 00:03:11 . Memory (MB): peak = 3796.496 ; gain = 1542.363 ; free physical = 161 ; free virtual = 14076
---------------------------------------------------------------------------------
---------------------------------------------------------------------------------
Start Renaming Generated Instances
---------------------------------------------------------------------------------
---------------------------------------------------------------------------------
Finished Renaming Generated Instances : Time (s): cpu = 00:05:08 ; elapsed = 00:03:11 . Memory (MB): peak = 3796.496 ; gain = 1542.363 ; free physical = 163 ; free virtual = 14078
---------------------------------------------------------------------------------
---------------------------------------------------------------------------------
Start Rebuilding User Hierarchy
---------------------------------------------------------------------------------
---------------------------------------------------------------------------------
Finished Rebuilding User Hierarchy : Time (s): cpu = 00:05:14 ; elapsed = 00:03:17 . Memory (MB): peak = 3852.340 ; gain = 1598.207 ; free physical = 213 ; free virtual = 14037
---------------------------------------------------------------------------------
---------------------------------------------------------------------------------
Start Renaming Generated Ports
---------------------------------------------------------------------------------
---------------------------------------------------------------------------------
Finished Renaming Generated Ports : Time (s): cpu = 00:05:15 ; elapsed = 00:03:18 . Memory (MB): peak = 3852.340 ; gain = 1598.207 ; free physical = 214 ; free virtual = 14039
---------------------------------------------------------------------------------
---------------------------------------------------------------------------------
Start Handling Custom Attributes
---------------------------------------------------------------------------------
---------------------------------------------------------------------------------
Finished Handling Custom Attributes : Time (s): cpu = 00:05:16 ; elapsed = 00:03:19 . Memory (MB): peak = 3852.340 ; gain = 1598.207 ; free physical = 213 ; free virtual = 14038
---------------------------------------------------------------------------------
---------------------------------------------------------------------------------
Start Renaming Generated Nets
---------------------------------------------------------------------------------
---------------------------------------------------------------------------------
Finished Renaming Generated Nets : Time (s): cpu = 00:05:16 ; elapsed = 00:03:19 . Memory (MB): peak = 3852.340 ; gain = 1598.207 ; free physical = 212 ; free virtual = 14037
---------------------------------------------------------------------------------
---------------------------------------------------------------------------------
Start ROM, RAM, DSP, Shift Register and Retiming Reporting
---------------------------------------------------------------------------------

Static Shift Register Report:
+--------------------+----------------------------------------------------------------------------------------------------------------------------------------------------+--------+-------+--------------+--------------------+-------------------+--------+---------+
|Module Name         | RTL Name                                                                                                                                           | Length | Width | Reset Signal | Pull out first Reg | Pull out last Reg | SRL16E | SRLC32E | 
+--------------------+----------------------------------------------------------------------------------------------------------------------------------------------------+--------+-------+--------------+--------------------+-------------------+--------+---------+
|BD_ChaosCoreTop_0_0 | inst/chiptop/system/tile_prci_domain/element_reset_domain_ChaosCore_tile/core/backend/execution_engine/FUs_1/div/divider/valid_reg_reg[32]         | 33     | 1     | YES          | NO                 | YES               | 0      | 1       | 
|BD_ChaosCoreTop_0_0 | inst/chiptop/system/tile_prci_domain/element_reset_domain_ChaosCore_tile/core/backend/execution_engine/FUs_1/div/divider/dividend_sign_reg_reg[32] | 33     | 1     | YES          | NO                 | YES               | 0      | 1       | 
|BD_ChaosCoreTop_0_0 | inst/chiptop/system/tile_prci_domain/element_reset_domain_ChaosCore_tile/core/backend/execution_engine/FUs_1/div/divider/divisor_sign_reg_reg[32]  | 33     | 1     | YES          | NO                 | YES               | 0      | 1       | 
|BD_ChaosCoreTop_0_0 | inst/chiptop/system/tile_prci_domain/element_reset_domain_ChaosCore_tile/core/backend/execution_engine/FUs_1/div/divider/quotient_regs_30_reg[30]  | 30     | 2     | YES          | NO                 | YES               | 0      | 2       | 
|BD_ChaosCoreTop_0_0 | inst/chiptop/system/tile_prci_domain/element_reset_domain_ChaosCore_tile/core/backend/execution_engine/FUs_1/div/divider/quotient_regs_30_reg[28]  | 29     | 1     | YES          | NO                 | YES               | 0      | 1       | 
|BD_ChaosCoreTop_0_0 | inst/chiptop/system/tile_prci_domain/element_reset_domain_ChaosCore_tile/core/backend/execution_engine/FUs_1/div/divider/quotient_regs_30_reg[27]  | 28     | 1     | YES          | NO                 | YES               | 0      | 1       | 
|BD_ChaosCoreTop_0_0 | inst/chiptop/system/tile_prci_domain/element_reset_domain_ChaosCore_tile/core/backend/execution_engine/FUs_1/div/divider/quotient_regs_30_reg[26]  | 27     | 1     | YES          | NO                 | YES               | 0      | 1       | 
|BD_ChaosCoreTop_0_0 | inst/chiptop/system/tile_prci_domain/element_reset_domain_ChaosCore_tile/core/backend/execution_engine/FUs_1/div/divider/quotient_regs_30_reg[25]  | 26     | 1     | YES          | NO                 | YES               | 0      | 1       | 
|BD_ChaosCoreTop_0_0 | inst/chiptop/system/tile_prci_domain/element_reset_domain_ChaosCore_tile/core/backend/execution_engine/FUs_1/div/divider/quotient_regs_30_reg[24]  | 25     | 1     | YES          | NO                 | YES               | 0      | 1       | 
|BD_ChaosCoreTop_0_0 | inst/chiptop/system/tile_prci_domain/element_reset_domain_ChaosCore_tile/core/backend/execution_engine/FUs_1/div/divider/quotient_regs_30_reg[23]  | 24     | 1     | YES          | NO                 | YES               | 0      | 1       | 
|BD_ChaosCoreTop_0_0 | inst/chiptop/system/tile_prci_domain/element_reset_domain_ChaosCore_tile/core/backend/execution_engine/FUs_1/div/divider/quotient_regs_30_reg[22]  | 23     | 1     | YES          | NO                 | YES               | 0      | 1       | 
|BD_ChaosCoreTop_0_0 | inst/chiptop/system/tile_prci_domain/element_reset_domain_ChaosCore_tile/core/backend/execution_engine/FUs_1/div/divider/quotient_regs_30_reg[21]  | 22     | 1     | YES          | NO                 | YES               | 0      | 1       | 
|BD_ChaosCoreTop_0_0 | inst/chiptop/system/tile_prci_domain/element_reset_domain_ChaosCore_tile/core/backend/execution_engine/FUs_1/div/divider/quotient_regs_30_reg[20]  | 21     | 1     | YES          | NO                 | YES               | 0      | 1       | 
|BD_ChaosCoreTop_0_0 | inst/chiptop/system/tile_prci_domain/element_reset_domain_ChaosCore_tile/core/backend/execution_engine/FUs_1/div/divider/quotient_regs_30_reg[19]  | 20     | 1     | YES          | NO                 | YES               | 0      | 1       | 
|BD_ChaosCoreTop_0_0 | inst/chiptop/system/tile_prci_domain/element_reset_domain_ChaosCore_tile/core/backend/execution_engine/FUs_1/div/divider/quotient_regs_30_reg[18]  | 19     | 1     | YES          | NO                 | YES               | 0      | 1       | 
|BD_ChaosCoreTop_0_0 | inst/chiptop/system/tile_prci_domain/element_reset_domain_ChaosCore_tile/core/backend/execution_engine/FUs_1/div/divider/quotient_regs_30_reg[17]  | 18     | 1     | YES          | NO                 | YES               | 1      | 0       | 
|BD_ChaosCoreTop_0_0 | inst/chiptop/system/tile_prci_domain/element_reset_domain_ChaosCore_tile/core/backend/execution_engine/FUs_1/div/divider/quotient_regs_30_reg[16]  | 17     | 1     | YES          | NO                 | YES               | 1      | 0       | 
|BD_ChaosCoreTop_0_0 | inst/chiptop/system/tile_prci_domain/element_reset_domain_ChaosCore_tile/core/backend/execution_engine/FUs_1/div/divider/quotient_regs_30_reg[15]  | 16     | 1     | YES          | NO                 | YES               | 1      | 0       | 
|BD_ChaosCoreTop_0_0 | inst/chiptop/system/tile_prci_domain/element_reset_domain_ChaosCore_tile/core/backend/execution_engine/FUs_1/div/divider/quotient_regs_30_reg[14]  | 15     | 1     | YES          | NO                 | YES               | 1      | 0       | 
|BD_ChaosCoreTop_0_0 | inst/chiptop/system/tile_prci_domain/element_reset_domain_ChaosCore_tile/core/backend/execution_engine/FUs_1/div/divider/quotient_regs_30_reg[13]  | 14     | 1     | YES          | NO                 | YES               | 1      | 0       | 
|BD_ChaosCoreTop_0_0 | inst/chiptop/system/tile_prci_domain/element_reset_domain_ChaosCore_tile/core/backend/execution_engine/FUs_1/div/divider/quotient_regs_30_reg[12]  | 13     | 1     | YES          | NO                 | YES               | 1      | 0       | 
|BD_ChaosCoreTop_0_0 | inst/chiptop/system/tile_prci_domain/element_reset_domain_ChaosCore_tile/core/backend/execution_engine/FUs_1/div/divider/quotient_regs_30_reg[11]  | 12     | 1     | YES          | NO                 | YES               | 1      | 0       | 
|BD_ChaosCoreTop_0_0 | inst/chiptop/system/tile_prci_domain/element_reset_domain_ChaosCore_tile/core/backend/execution_engine/FUs_1/div/divider/quotient_regs_30_reg[10]  | 11     | 1     | YES          | NO                 | YES               | 1      | 0       | 
|BD_ChaosCoreTop_0_0 | inst/chiptop/system/tile_prci_domain/element_reset_domain_ChaosCore_tile/core/backend/execution_engine/FUs_1/div/divider/quotient_regs_30_reg[9]   | 10     | 1     | YES          | NO                 | YES               | 1      | 0       | 
|BD_ChaosCoreTop_0_0 | inst/chiptop/system/tile_prci_domain/element_reset_domain_ChaosCore_tile/core/backend/execution_engine/FUs_1/div/divider/quotient_regs_30_reg[8]   | 9      | 1     | YES          | NO                 | YES               | 1      | 0       | 
|BD_ChaosCoreTop_0_0 | inst/chiptop/system/tile_prci_domain/element_reset_domain_ChaosCore_tile/core/backend/execution_engine/FUs_1/div/divider/quotient_regs_30_reg[7]   | 8      | 1     | YES          | NO                 | YES               | 1      | 0       | 
|BD_ChaosCoreTop_0_0 | inst/chiptop/system/tile_prci_domain/element_reset_domain_ChaosCore_tile/core/backend/execution_engine/FUs_1/div/divider/quotient_regs_30_reg[6]   | 7      | 1     | YES          | NO                 | YES               | 1      | 0       | 
|BD_ChaosCoreTop_0_0 | inst/chiptop/system/tile_prci_domain/element_reset_domain_ChaosCore_tile/core/backend/execution_engine/FUs_1/div/divider/quotient_regs_30_reg[5]   | 6      | 1     | YES          | NO                 | YES               | 1      | 0       | 
|BD_ChaosCoreTop_0_0 | inst/chiptop/system/tile_prci_domain/element_reset_domain_ChaosCore_tile/core/backend/execution_engine/FUs_1/div/divider/quotient_regs_30_reg[4]   | 5      | 1     | YES          | NO                 | YES               | 1      | 0       | 
|BD_ChaosCoreTop_0_0 | inst/chiptop/system/tile_prci_domain/element_reset_domain_ChaosCore_tile/core/backend/execution_engine/FUs_1/div/divider/quotient_regs_30_reg[3]   | 4      | 1     | YES          | NO                 | YES               | 1      | 0       | 
|BD_ChaosCoreTop_0_0 | inst/chiptop/system/tile_prci_domain/element_reset_domain_ChaosCore_tile/core/backend/execution_engine/FUs_1/div/divider/dividend_regs_3_reg[28]   | 4      | 1     | YES          | NO                 | YES               | 1      | 0       | 
|BD_ChaosCoreTop_0_0 | inst/chiptop/system/tile_prci_domain/element_reset_domain_ChaosCore_tile/core/backend/execution_engine/FUs_1/div/divider/dividend_regs_4_reg[27]   | 5      | 1     | YES          | NO                 | YES               | 1      | 0       | 
|BD_ChaosCoreTop_0_0 | inst/chiptop/system/tile_prci_domain/element_reset_domain_ChaosCore_tile/core/backend/execution_engine/FUs_1/div/divider/dividend_regs_5_reg[26]   | 6      | 1     | YES          | NO                 | YES               | 1      | 0       | 
|BD_ChaosCoreTop_0_0 | inst/chiptop/system/tile_prci_domain/element_reset_domain_ChaosCore_tile/core/backend/execution_engine/FUs_1/div/divider/dividend_regs_6_reg[25]   | 7      | 1     | YES          | NO                 | YES               | 1      | 0       | 
|BD_ChaosCoreTop_0_0 | inst/chiptop/system/tile_prci_domain/element_reset_domain_ChaosCore_tile/core/backend/execution_engine/FUs_1/div/divider/dividend_regs_7_reg[24]   | 8      | 1     | YES          | NO                 | YES               | 1      | 0       | 
|BD_ChaosCoreTop_0_0 | inst/chiptop/system/tile_prci_domain/element_reset_domain_ChaosCore_tile/core/backend/execution_engine/FUs_1/div/divider/dividend_regs_8_reg[23]   | 9      | 1     | YES          | NO                 | YES               | 1      | 0       | 
|BD_ChaosCoreTop_0_0 | inst/chiptop/system/tile_prci_domain/element_reset_domain_ChaosCore_tile/core/backend/execution_engine/FUs_1/div/divider/dividend_regs_9_reg[22]   | 10     | 1     | YES          | NO                 | YES               | 1      | 0       | 
|BD_ChaosCoreTop_0_0 | inst/chiptop/system/tile_prci_domain/element_reset_domain_ChaosCore_tile/core/backend/execution_engine/FUs_1/div/divider/dividend_regs_10_reg[21]  | 11     | 1     | YES          | NO                 | YES               | 1      | 0       | 
|BD_ChaosCoreTop_0_0 | inst/chiptop/system/tile_prci_domain/element_reset_domain_ChaosCore_tile/core/backend/execution_engine/FUs_1/div/divider/dividend_regs_11_reg[20]  | 12     | 1     | YES          | NO                 | YES               | 1      | 0       | 
|BD_ChaosCoreTop_0_0 | inst/chiptop/system/tile_prci_domain/element_reset_domain_ChaosCore_tile/core/backend/execution_engine/FUs_1/div/divider/dividend_regs_12_reg[19]  | 13     | 1     | YES          | NO                 | YES               | 1      | 0       | 
|BD_ChaosCoreTop_0_0 | inst/chiptop/system/tile_prci_domain/element_reset_domain_ChaosCore_tile/core/backend/execution_engine/FUs_1/div/divider/dividend_regs_13_reg[18]  | 14     | 1     | YES          | NO                 | YES               | 1      | 0       | 
|BD_ChaosCoreTop_0_0 | inst/chiptop/system/tile_prci_domain/element_reset_domain_ChaosCore_tile/core/backend/execution_engine/FUs_1/div/divider/dividend_regs_14_reg[17]  | 15     | 1     | YES          | NO                 | YES               | 1      | 0       | 
|BD_ChaosCoreTop_0_0 | inst/chiptop/system/tile_prci_domain/element_reset_domain_ChaosCore_tile/core/backend/execution_engine/FUs_1/div/divider/dividend_regs_15_reg[16]  | 16     | 1     | YES          | NO                 | YES               | 1      | 0       | 
|BD_ChaosCoreTop_0_0 | inst/chiptop/system/tile_prci_domain/element_reset_domain_ChaosCore_tile/core/backend/execution_engine/FUs_1/div/divider/dividend_regs_16_reg[15]  | 17     | 1     | YES          | NO                 | YES               | 1      | 0       | 
|BD_ChaosCoreTop_0_0 | inst/chiptop/system/tile_prci_domain/element_reset_domain_ChaosCore_tile/core/backend/execution_engine/FUs_1/div/divider/dividend_regs_17_reg[14]  | 18     | 1     | YES          | NO                 | YES               | 1      | 0       | 
|BD_ChaosCoreTop_0_0 | inst/chiptop/system/tile_prci_domain/element_reset_domain_ChaosCore_tile/core/backend/execution_engine/FUs_1/div/divider/dividend_regs_18_reg[13]  | 19     | 1     | YES          | NO                 | YES               | 0      | 1       | 
|BD_ChaosCoreTop_0_0 | inst/chiptop/system/tile_prci_domain/element_reset_domain_ChaosCore_tile/core/backend/execution_engine/FUs_1/div/divider/dividend_regs_19_reg[12]  | 20     | 1     | YES          | NO                 | YES               | 0      | 1       | 
|BD_ChaosCoreTop_0_0 | inst/chiptop/system/tile_prci_domain/element_reset_domain_ChaosCore_tile/core/backend/execution_engine/FUs_1/div/divider/dividend_regs_20_reg[11]  | 21     | 1     | YES          | NO                 | YES               | 0      | 1       | 
|BD_ChaosCoreTop_0_0 | inst/chiptop/system/tile_prci_domain/element_reset_domain_ChaosCore_tile/core/backend/execution_engine/FUs_1/div/divider/dividend_regs_21_reg[10]  | 22     | 1     | YES          | NO                 | YES               | 0      | 1       | 
|BD_ChaosCoreTop_0_0 | inst/chiptop/system/tile_prci_domain/element_reset_domain_ChaosCore_tile/core/backend/execution_engine/FUs_1/div/divider/dividend_regs_22_reg[9]   | 23     | 1     | YES          | NO                 | YES               | 0      | 1       | 
|BD_ChaosCoreTop_0_0 | inst/chiptop/system/tile_prci_domain/element_reset_domain_ChaosCore_tile/core/backend/execution_engine/FUs_1/div/divider/dividend_regs_23_reg[8]   | 24     | 1     | YES          | NO                 | YES               | 0      | 1       | 
|BD_ChaosCoreTop_0_0 | inst/chiptop/system/tile_prci_domain/element_reset_domain_ChaosCore_tile/core/backend/execution_engine/FUs_1/div/divider/dividend_regs_24_reg[7]   | 25     | 1     | YES          | NO                 | YES               | 0      | 1       | 
|BD_ChaosCoreTop_0_0 | inst/chiptop/system/tile_prci_domain/element_reset_domain_ChaosCore_tile/core/backend/execution_engine/FUs_1/div/divider/dividend_regs_25_reg[6]   | 26     | 1     | YES          | NO                 | YES               | 0      | 1       | 
|BD_ChaosCoreTop_0_0 | inst/chiptop/system/tile_prci_domain/element_reset_domain_ChaosCore_tile/core/backend/execution_engine/FUs_1/div/divider/dividend_regs_26_reg[5]   | 27     | 1     | YES          | NO                 | YES               | 0      | 1       | 
|BD_ChaosCoreTop_0_0 | inst/chiptop/system/tile_prci_domain/element_reset_domain_ChaosCore_tile/core/backend/execution_engine/FUs_1/div/divider/dividend_regs_27_reg[4]   | 28     | 1     | YES          | NO                 | YES               | 0      | 1       | 
|BD_ChaosCoreTop_0_0 | inst/chiptop/system/tile_prci_domain/element_reset_domain_ChaosCore_tile/core/backend/execution_engine/FUs_1/div/divider/dividend_regs_28_reg[3]   | 29     | 1     | YES          | NO                 | YES               | 0      | 1       | 
|BD_ChaosCoreTop_0_0 | inst/chiptop/system/tile_prci_domain/element_reset_domain_ChaosCore_tile/core/backend/execution_engine/FUs_1/div/divider/dividend_regs_29_reg[2]   | 30     | 1     | YES          | NO                 | YES               | 0      | 1       | 
|BD_ChaosCoreTop_0_0 | inst/chiptop/system/tile_prci_domain/element_reset_domain_ChaosCore_tile/core/backend/execution_engine/FUs_1/div/divider/dividend_regs_30_reg[1]   | 31     | 2     | YES          | NO                 | YES               | 0      | 2       | 
+--------------------+----------------------------------------------------------------------------------------------------------------------------------------------------+--------+-------+--------------+--------------------+-------------------+--------+---------+

---------------------------------------------------------------------------------
Finished ROM, RAM, DSP, Shift Register and Retiming Reporting
---------------------------------------------------------------------------------
---------------------------------------------------------------------------------
Start Writing Synthesis Report
---------------------------------------------------------------------------------

DSP Final Report (the ' indicates corresponding REG is set)
+------------+--------------+--------+--------+--------+--------+--------+------+------+------+------+-------+------+------+
|Module Name | DSP Mapping  | A Size | B Size | C Size | D Size | P Size | AREG | BREG | CREG | DREG | ADREG | MREG | PREG | 
+------------+--------------+--------+--------+--------+--------+--------+------+------+------+------+-------+------+------+
|mul_unit    | A*B          | 17     | 18     | -      | -      | 48     | 0    | 0    | -    | -    | -     | 0    | 0    | 
|mul_unit    | PCIN>>17+A*B | 30     | 18     | -      | -      | 30     | 0    | 0    | -    | -    | -     | 0    | 0    | 
|mul_unit    | A*B          | 17     | 17     | -      | -      | 48     | 0    | 0    | -    | -    | -     | 0    | 0    | 
|mul_unit    | PCIN>>17+A*B | 17     | 18     | -      | -      | 47     | 0    | 0    | -    | -    | -     | 0    | 0    | 
|FU_1__GB0   | A*B          | 17     | 15     | -      | -      | 48     | 0    | 0    | -    | -    | -     | 0    | 0    | 
|FU_1__GB0   | PCIN>>17+A*B | 15     | 15     | -      | -      | 48     | 0    | 0    | -    | -    | -     | 0    | 0    | 
|FU_1__GB0   | A*B          | 17     | 17     | -      | -      | 48     | 0    | 0    | -    | -    | -     | 0    | 0    | 
|FU_1__GB0   | PCIN>>17+A*B | 17     | 15     | -      | -      | 48     | 0    | 0    | -    | -    | -     | 0    | 0    | 
|FU_1__GB0   | A*B          | 17     | 13     | -      | -      | 48     | 0    | 0    | -    | -    | -     | 0    | 0    | 
|FU_1__GB0   | A*B          | 17     | 15     | -      | -      | 48     | 0    | 0    | -    | -    | -     | 0    | 0    | 
|FU_1__GB0   | PCIN+A*B     | 17     | 17     | -      | -      | 48     | 0    | 0    | -    | -    | -     | 0    | 0    | 
|FU_1__GB0   | PCIN>>17+A*B | 17     | 15     | -      | -      | 48     | 0    | 0    | -    | -    | -     | 0    | 0    | 
|FU_1__GB0   | A*B          | 17     | 17     | -      | -      | 48     | 0    | 0    | -    | -    | -     | 0    | 0    | 
|FU_1__GB0   | PCIN>>17+A*B | 17     | 15     | -      | -      | 48     | 0    | 0    | -    | -    | -     | 0    | 0    | 
|FU_1__GB0   | PCIN+A*B     | 17     | 17     | -      | -      | 48     | 0    | 0    | -    | -    | -     | 0    | 0    | 
+------------+--------------+--------+--------+--------+--------+--------+------+------+------+------+-------+------+------+


Report BlackBoxes: 
+-+--------------+----------+
| |BlackBox name |Instances |
+-+--------------+----------+
+-+--------------+----------+

Report Cell Usage: 
+------+----------------+------+
|      |Cell            |Count |
+------+----------------+------+
|1     |CARRY8          |   374|
|2     |DSP_ALU         |    15|
|3     |DSP_A_B_DATA    |    15|
|4     |DSP_C_DATA      |    15|
|5     |DSP_MULTIPLIER  |    15|
|6     |DSP_M_DATA      |    15|
|7     |DSP_OUTPUT      |    15|
|8     |DSP_PREADD      |    15|
|9     |DSP_PREADD_DATA |    15|
|10    |LUT1            |   320|
|11    |LUT2            |  2846|
|12    |LUT3            |  6934|
|13    |LUT4            |  5675|
|14    |LUT5            | 10758|
|15    |LUT6            | 20538|
|16    |MUXF7           |  1884|
|17    |MUXF8           |   435|
|18    |RAM16X1D        |    22|
|19    |RAM32M          |    14|
|20    |RAM32M16        |   410|
|21    |RAM32X1D        |     7|
|22    |RAM64M          |     3|
|23    |RAM64M8         |   322|
|24    |RAM64X1D        |     2|
|25    |RAMB18E2        |    44|
|28    |RAMB36E2        |   146|
|40    |SRL16E          |    30|
|41    |SRLC32E         |    30|
|42    |FDCE            |     7|
|43    |FDPE            |     1|
|44    |FDRE            | 21266|
|45    |FDSE            |   359|
+------+----------------+------+
---------------------------------------------------------------------------------
Finished Writing Synthesis Report : Time (s): cpu = 00:05:16 ; elapsed = 00:03:20 . Memory (MB): peak = 3852.340 ; gain = 1598.207 ; free physical = 212 ; free virtual = 14037
---------------------------------------------------------------------------------
Synthesis finished with 0 errors, 0 critical warnings and 726 warnings.
Synthesis Optimization Runtime : Time (s): cpu = 00:05:02 ; elapsed = 00:03:14 . Memory (MB): peak = 3852.340 ; gain = 1438.453 ; free physical = 9692 ; free virtual = 23532
Synthesis Optimization Complete : Time (s): cpu = 00:05:17 ; elapsed = 00:03:26 . Memory (MB): peak = 3852.340 ; gain = 1598.207 ; free physical = 9692 ; free virtual = 23513
INFO: [Project 1-571] Translating synthesized netlist
Netlist sorting complete. Time (s): cpu = 00:00:00.63 ; elapsed = 00:00:00.63 . Memory (MB): peak = 3852.340 ; gain = 0.000 ; free physical = 9454 ; free virtual = 23450
INFO: [Netlist 29-17] Analyzing 3488 Unisim elements for replacement
INFO: [Netlist 29-28] Unisim Transformation completed in 0 CPU seconds
INFO: [Project 1-570] Preparing netlist for logic optimization
INFO: [Opt 31-138] Pushed 0 inverter(s) to 0 load pin(s).
Netlist sorting complete. Time (s): cpu = 00:00:00.01 ; elapsed = 00:00:00 . Memory (MB): peak = 3852.340 ; gain = 0.000 ; free physical = 9358 ; free virtual = 23347
INFO: [Project 1-111] Unisim Transformation Summary:
  A total of 795 instances were transformed.
  DSP48E2 => DSP48E2 (DSP_ALU, DSP_A_B_DATA, DSP_C_DATA, DSP_MULTIPLIER, DSP_M_DATA, DSP_OUTPUT, DSP_PREADD, DSP_PREADD_DATA): 15 instances
  RAM16X1D => RAM32X1D (RAMD32(x2)): 22 instances
  RAM32M => RAM32M (RAMD32(x6), RAMS32(x2)): 14 instances
  RAM32M16 => RAM32M16 (RAMD32(x14), RAMS32(x2)): 410 instances
  RAM32X1D => RAM32X1D (RAMD32(x2)): 7 instances
  RAM64M => RAM64M (RAMD64E(x4)): 3 instances
  RAM64M8 => RAM64M8 (RAMD64E(x8)): 322 instances
  RAM64X1D => RAM64X1D (RAMD64E(x2)): 2 instances

Synth Design complete | Checksum: 377759e5
INFO: [Common 17-83] Releasing license: Synthesis
821 Infos, 393 Warnings, 0 Critical Warnings and 0 Errors encountered.
synth_design completed successfully
synth_design: Time (s): cpu = 00:05:33 ; elapsed = 00:03:49 . Memory (MB): peak = 3852.340 ; gain = 2378.090 ; free physical = 9372 ; free virtual = 23374
INFO: [Common 17-2834] synth_design peak Physical Memory [PSS] (MB): overall = 10368.510; main = 2715.485; forked = 8338.306
INFO: [Common 17-2834] synth_design peak Virtual Memory [VSS] (MB): overall = 19477.984; main = 3826.535; forked = 15793.309
INFO: [Coretcl 2-1174] Renamed 655 cell refs.
Write ShapeDB Complete: Time (s): cpu = 00:00:00.27 ; elapsed = 00:00:00.14 . Memory (MB): peak = 3852.340 ; gain = 0.000 ; free physical = 9348 ; free virtual = 23373
INFO: [Common 17-1381] The checkpoint '/mnt/Storage/SCHOOL/Capstone/bringup/ChaosCore-FPGA/ChaosCoreFPGAConfig/ChaosCore/ChaosCore.runs/BD_ChaosCoreTop_0_0_synth_1/BD_ChaosCoreTop_0_0.dcp' has been generated.
INFO: [Vivado 12-24828] Executing command : report_utilization -file BD_ChaosCoreTop_0_0_utilization_synth.rpt -pb BD_ChaosCoreTop_0_0_utilization_synth.pb
write_vhdl: Time (s): cpu = 00:00:06 ; elapsed = 00:00:09 . Memory (MB): peak = 3852.340 ; gain = 0.000 ; free physical = 8532 ; free virtual = 23097
INFO: [Common 17-206] Exiting Vivado at Thu Mar 20 11:50:43 2025...
