Copyright 1986-2022 Xilinx, Inc. All Rights Reserved. Copyright 2022-2024 Advanced Micro Devices, Inc. All Rights Reserved.
--------------------------------------------------------------------------------------------------------------------------------------------------------------------------------------------------------------------------------
| Tool Version      : Vivado v.2024.2 (lin64) Build 5239630 Fri Nov 08 22:34:34 MST 2024
| Date              : Thu Mar 27 01:51:18 2025
| Host              : Desktop-Home running 64-bit Linux Mint 22
| Command           : report_timing_summary -max_paths 10 -report_unconstrained -file BD_wrapper_timing_summary_routed.rpt -pb BD_wrapper_timing_summary_routed.pb -rpx BD_wrapper_timing_summary_routed.rpx -warn_on_violation
| Design            : BD_wrapper
| Device            : xczu3eg-sbva484
| Speed File        : -1  PRODUCTION 1.30 05-15-2022
| Design State      : Routed
| Temperature Grade : I
--------------------------------------------------------------------------------------------------------------------------------------------------------------------------------------------------------------------------------

Timing Summary Report

------------------------------------------------------------------------------------------------
| Timer Settings
| --------------
------------------------------------------------------------------------------------------------

  Enable Multi Corner Analysis               :  Yes
  Enable Pessimism Removal                   :  Yes
  Pessimism Removal Resolution               :  Nearest Common Node
  Enable Input Delay Default Clock           :  No
  Enable Preset / Clear Arcs                 :  No
  Disable Flight Delays                      :  No
  Ignore I/O Paths                           :  No
  Timing Early Launch at Borrowing Latches   :  No
  Borrow Time for Max Delay Exceptions       :  Yes
  Merge Timing Exceptions                    :  Yes
  Inter-SLR Compensation                     :  Conservative

  Corner  Analyze    Analyze    
  Name    Max Paths  Min Paths  
  ------  ---------  ---------  
  Slow    Yes        Yes        
  Fast    Yes        Yes        


------------------------------------------------------------------------------------------------
| Report Methodology
| ------------------
------------------------------------------------------------------------------------------------

Rule       Severity  Description                                        Violations  
---------  --------  -------------------------------------------------  ----------  
TIMING-11  Warning   Inappropriate max delay with datapath only option  2           
TIMING-18  Warning   Missing input or output delay                      2           
ULMTCS-1   Warning   Control Sets use limits recommend reduction        1           

Note: This report is based on the most recent report_methodology run and may not be up-to-date. Run report_methodology on the current design for the latest report.



check_timing report

Table of Contents
-----------------
1. checking no_clock (0)
2. checking constant_clock (0)
3. checking pulse_width_clock (0)
4. checking unconstrained_internal_endpoints (0)
5. checking no_input_delay (0)
6. checking no_output_delay (2)
7. checking multiple_clock (0)
8. checking generated_clocks (0)
9. checking loops (0)
10. checking partial_input_delay (0)
11. checking partial_output_delay (0)
12. checking latch_loops (0)

1. checking no_clock (0)
------------------------
 There are 0 register/latch pins with no clock.


2. checking constant_clock (0)
------------------------------
 There are 0 register/latch pins with constant_clock.


3. checking pulse_width_clock (0)
---------------------------------
 There are 0 register/latch pins which need pulse_width check


4. checking unconstrained_internal_endpoints (0)
------------------------------------------------
 There are 0 pins that are not constrained for maximum delay.

 There are 0 pins that are not constrained for maximum delay due to constant clock.


5. checking no_input_delay (0)
------------------------------
 There are 0 input ports with no input delay specified.

 There are 0 input ports with no input delay but user has a false path constraint.


6. checking no_output_delay (2)
-------------------------------
 There are 2 ports with no output delay specified. (HIGH)

 There are 0 ports with no output delay but user has a false path constraint

 There are 0 ports with no output delay but with a timing clock defined on it or propagating through it


7. checking multiple_clock (0)
------------------------------
 There are 0 register/latch pins with multiple clocks.


8. checking generated_clocks (0)
--------------------------------
 There are 0 generated clocks that are not connected to a clock source.


9. checking loops (0)
---------------------
 There are 0 combinational loops in the design.


10. checking partial_input_delay (0)
------------------------------------
 There are 0 input ports with partial input delay specified.


11. checking partial_output_delay (0)
-------------------------------------
 There are 0 ports with partial output delay specified.


12. checking latch_loops (0)
----------------------------
 There are 0 combinational latch loops in the design through latch input



------------------------------------------------------------------------------------------------
| Design Timing Summary
| ---------------------
------------------------------------------------------------------------------------------------

    WNS(ns)      TNS(ns)  TNS Failing Endpoints  TNS Total Endpoints      WHS(ns)      THS(ns)  THS Failing Endpoints  THS Total Endpoints     WPWS(ns)     TPWS(ns)  TPWS Failing Endpoints  TPWS Total Endpoints  
    -------      -------  ---------------------  -------------------      -------      -------  ---------------------  -------------------     --------     --------  ----------------------  --------------------  
      7.605        0.000                      0               199029        0.010        0.000                      0               199029        8.500        0.000                       0                 61648  


All user specified timing constraints are met.


------------------------------------------------------------------------------------------------
| Clock Summary
| -------------
------------------------------------------------------------------------------------------------

Clock     Waveform(ns)       Period(ns)      Frequency(MHz)
-----     ------------       ----------      --------------
clk_pl_0  {0.000 10.000}     20.000          50.000          


------------------------------------------------------------------------------------------------
| Intra Clock Table
| -----------------
------------------------------------------------------------------------------------------------

Clock             WNS(ns)      TNS(ns)  TNS Failing Endpoints  TNS Total Endpoints      WHS(ns)      THS(ns)  THS Failing Endpoints  THS Total Endpoints     WPWS(ns)     TPWS(ns)  TPWS Failing Endpoints  TPWS Total Endpoints  
-----             -------      -------  ---------------------  -------------------      -------      -------  ---------------------  -------------------     --------     --------  ----------------------  --------------------  
clk_pl_0            7.605        0.000                      0               199020        0.010        0.000                      0               199020        8.500        0.000                       0                 61648  


------------------------------------------------------------------------------------------------
| Inter Clock Table
| -----------------
------------------------------------------------------------------------------------------------

From Clock    To Clock          WNS(ns)      TNS(ns)  TNS Failing Endpoints  TNS Total Endpoints      WHS(ns)      THS(ns)  THS Failing Endpoints  THS Total Endpoints  
----------    --------          -------      -------  ---------------------  -------------------      -------      -------  ---------------------  -------------------  


------------------------------------------------------------------------------------------------
| Other Path Groups Table
| -----------------------
------------------------------------------------------------------------------------------------

Path Group         From Clock         To Clock               WNS(ns)      TNS(ns)  TNS Failing Endpoints  TNS Total Endpoints      WHS(ns)      THS(ns)  THS Failing Endpoints  THS Total Endpoints  
----------         ----------         --------               -------      -------  ---------------------  -------------------      -------      -------  ---------------------  -------------------  
**async_default**  clk_pl_0           clk_pl_0                16.311        0.000                      0                    9        0.398        0.000                      0                    9  


------------------------------------------------------------------------------------------------
| User Ignored Path Table
| -----------------------
------------------------------------------------------------------------------------------------

Path Group    From Clock    To Clock    
----------    ----------    --------    
(none)                      clk_pl_0      
(none)        clk_pl_0      clk_pl_0      


------------------------------------------------------------------------------------------------
| Unconstrained Path Table
| ------------------------
------------------------------------------------------------------------------------------------

Path Group    From Clock    To Clock    
----------    ----------    --------    
(none)        clk_pl_0                    


------------------------------------------------------------------------------------------------
| Timing Details
| --------------
------------------------------------------------------------------------------------------------


---------------------------------------------------------------------------------------------------
From Clock:  clk_pl_0
  To Clock:  clk_pl_0

Setup :            0  Failing Endpoints,  Worst Slack        7.605ns,  Total Violation        0.000ns
Hold  :            0  Failing Endpoints,  Worst Slack        0.010ns,  Total Violation        0.000ns
PW    :            0  Failing Endpoints,  Worst Slack        8.500ns,  Total Violation        0.000ns
---------------------------------------------------------------------------------------------------


Max Delay Paths
--------------------------------------------------------------------------------------
Slack (MET) :             7.605ns  (required time - arrival time)
  Source:                 BD_i/ChaosCoreTop_0/inst/chiptop/system/tile_prci_domain/element_reset_domain_ChaosCore_tile/core/ROB/ROB_shared_bank/shared_mem/shared_mem_ext/mem_0_0/ram_R_1_addr_pipe_0_reg[1]/C
                            (rising edge-triggered cell FDRE clocked by clk_pl_0  {rise@0.000ns fall@10.000ns period=20.000ns})
  Destination:            BD_i/ChaosCoreTop_0/inst/chiptop/system/tile_prci_domain/element_reset_domain_ChaosCore_tile/core/backend/execution_engine/MOB/MOB_9_address_reg[14]/CE
                            (rising edge-triggered cell FDRE clocked by clk_pl_0  {rise@0.000ns fall@10.000ns period=20.000ns})
  Path Group:             clk_pl_0
  Path Type:              Setup (Max at Slow Process Corner)
  Requirement:            20.000ns  (clk_pl_0 rise@20.000ns - clk_pl_0 rise@0.000ns)
  Data Path Delay:        11.932ns  (logic 1.691ns (14.172%)  route 10.241ns (85.828%))
  Logic Levels:           15  (LUT4=2 LUT5=7 LUT6=4 MUXF7=1 MUXF8=1)
  Clock Path Skew:        -0.188ns (DCD - SCD + CPR)
    Destination Clock Delay (DCD):    1.819ns = ( 21.819 - 20.000 ) 
    Source Clock Delay      (SCD):    2.109ns
    Clock Pessimism Removal (CPR):    0.102ns
  Clock Uncertainty:      0.233ns  ((TSJ^2 + DJ^2)^1/2) / 2 + PE
    Total System Jitter     (TSJ):    0.071ns
    Discrete Jitter          (DJ):    0.460ns
    Phase Error              (PE):    0.000ns
  Clock Net Delay (Source):      1.902ns (routing 0.638ns, distribution 1.264ns)
  Clock Net Delay (Destination): 1.652ns (routing 0.576ns, distribution 1.076ns)

    Location             Delay type                Incr(ns)  Path(ns)    Netlist Resource(s)
  -------------------------------------------------------------------    -------------------
                         (clock clk_pl_0 rise edge)
                                                      0.000     0.000 r  
    PS8_X0Y0             PS8                          0.000     0.000 r  BD_i/zynq_ultra_ps_e_0/inst/PS8_i/PLCLK[0]
                         net (fo=1, routed)           0.178     0.178    BD_i/zynq_ultra_ps_e_0/inst/pl_clk_unbuffered[0]
    BUFG_PS_X0Y58        BUFG_PS (Prop_BUFG_PS_I_O)
                                                      0.029     0.207 r  BD_i/zynq_ultra_ps_e_0/inst/buffer_pl_clk_0.PL_CLK_0_BUFG/O
    X0Y1 (CLOCK_ROOT)    net (fo=61648, routed)       1.902     2.109    BD_i/ChaosCoreTop_0/inst/chiptop/system/tile_prci_domain/element_reset_domain_ChaosCore_tile/core/ROB/ROB_shared_bank/shared_mem/shared_mem_ext/mem_0_0/clock_uncore
    SLICE_X38Y73         FDRE                                         r  BD_i/ChaosCoreTop_0/inst/chiptop/system/tile_prci_domain/element_reset_domain_ChaosCore_tile/core/ROB/ROB_shared_bank/shared_mem/shared_mem_ext/mem_0_0/ram_R_1_addr_pipe_0_reg[1]/C
  -------------------------------------------------------------------    -------------------
    SLICE_X38Y73         FDRE (Prop_EFF_SLICEL_C_Q)
                                                      0.096     2.205 r  BD_i/ChaosCoreTop_0/inst/chiptop/system/tile_prci_domain/element_reset_domain_ChaosCore_tile/core/ROB/ROB_shared_bank/shared_mem/shared_mem_ext/mem_0_0/ram_R_1_addr_pipe_0_reg[1]/Q
                         net (fo=305, routed)         0.987     3.192    BD_i/ChaosCoreTop_0/inst/chiptop/system/tile_prci_domain/element_reset_domain_ChaosCore_tile/core/ROB/ROB_instruction_banks_0/ram_R_1_addr_pipe_0[1]
    SLICE_X29Y53         LUT6 (Prop_E6LUT_SLICEM_I2_O)
                                                      0.177     3.369 r  BD_i/ChaosCoreTop_0/inst/chiptop/system/tile_prci_domain/element_reset_domain_ChaosCore_tile/core/ROB/ROB_instruction_banks_0/minstret_reg[7]_i_41/O
                         net (fo=1, routed)           0.014     3.383    BD_i/ChaosCoreTop_0/inst/chiptop/system/tile_prci_domain/element_reset_domain_ChaosCore_tile/core/ROB/ROB_instruction_banks_0/minstret_reg[7]_i_41_n_0
    SLICE_X29Y53         MUXF7 (Prop_F7MUX_EF_SLICEM_I1_O)
                                                      0.079     3.462 r  BD_i/ChaosCoreTop_0/inst/chiptop/system/tile_prci_domain/element_reset_domain_ChaosCore_tile/core/ROB/ROB_instruction_banks_0/minstret_reg_reg[7]_i_29/O
                         net (fo=1, routed)           0.000     3.462    BD_i/ChaosCoreTop_0/inst/chiptop/system/tile_prci_domain/element_reset_domain_ChaosCore_tile/core/ROB/ROB_instruction_banks_0/minstret_reg_reg[7]_i_29_n_0
    SLICE_X29Y53         MUXF8 (Prop_F8MUX_TOP_SLICEM_I1_O)
                                                      0.028     3.490 r  BD_i/ChaosCoreTop_0/inst/chiptop/system/tile_prci_domain/element_reset_domain_ChaosCore_tile/core/ROB/ROB_instruction_banks_0/minstret_reg_reg[7]_i_22/O
                         net (fo=1, routed)           0.534     4.024    BD_i/ChaosCoreTop_0/inst/chiptop/system/tile_prci_domain/element_reset_domain_ChaosCore_tile/core/ROB/ROB_instruction_banks_0/minstret_reg_reg[7]_i_22_n_0
    SLICE_X32Y60         LUT6 (Prop_G6LUT_SLICEL_I1_O)
                                                      0.114     4.138 r  BD_i/ChaosCoreTop_0/inst/chiptop/system/tile_prci_domain/element_reset_domain_ChaosCore_tile/core/ROB/ROB_instruction_banks_0/minstret_reg[7]_i_11/O
                         net (fo=88, routed)          0.734     4.872    BD_i/ChaosCoreTop_0/inst/chiptop/system/tile_prci_domain/element_reset_domain_ChaosCore_tile/core/ROB/ROB_instruction_banks_0/insn_mem/insn_mem_ext/mem_0_0/commit_free_list_buffer_26_reg
    SLICE_X38Y68         LUT5 (Prop_D5LUT_SLICEL_I1_O)
                                                      0.118     4.990 r  BD_i/ChaosCoreTop_0/inst/chiptop/system/tile_prci_domain/element_reset_domain_ChaosCore_tile/core/ROB/ROB_instruction_banks_0/insn_mem/insn_mem_ext/mem_0_0/wb_mem_63_committed_i_3/O
                         net (fo=92, routed)          0.801     5.791    BD_i/ChaosCoreTop_0/inst/chiptop/system/tile_prci_domain/element_reset_domain_ChaosCore_tile/core/ROB/ROB_instruction_banks_0/insn_mem/insn_mem_ext/mem_0_0/clock_uncore_24
    SLICE_X32Y37         LUT6 (Prop_H6LUT_SLICEL_I5_O)
                                                      0.149     5.940 r  BD_i/ChaosCoreTop_0/inst/chiptop/system/tile_prci_domain/element_reset_domain_ChaosCore_tile/core/ROB/ROB_instruction_banks_0/insn_mem/insn_mem_ext/mem_0_0/mepc_reg_PC[31]_i_7/O
                         net (fo=66, routed)          0.290     6.230    BD_i/ChaosCoreTop_0/inst/chiptop/system/tile_prci_domain/element_reset_domain_ChaosCore_tile/core/ROB/ROB_shared_bank/shared_mem/shared_mem_ext/mem_0_0/mepc_reg_PC[31]_i_6
    SLICE_X33Y36         LUT4 (Prop_H5LUT_SLICEL_I2_O)
                                                      0.164     6.394 r  BD_i/ChaosCoreTop_0/inst/chiptop/system/tile_prci_domain/element_reset_domain_ChaosCore_tile/core/ROB/ROB_shared_bank/shared_mem/shared_mem_ext/mem_0_0/wrap_1_i_5__0/O
                         net (fo=45, routed)          1.064     7.458    BD_i/ChaosCoreTop_0/inst/chiptop/system/tile_prci_domain/element_reset_domain_ChaosCore_tile/core/ROB/ROB_shared_bank/shared_mem/shared_mem_ext/mem_0_0/clock_uncore_0
    SLICE_X40Y75         LUT5 (Prop_D5LUT_SLICEM_I4_O)
                                                      0.120     7.578 f  BD_i/ChaosCoreTop_0/inst/chiptop/system/tile_prci_domain/element_reset_domain_ChaosCore_tile/core/ROB/ROB_shared_bank/shared_mem/shared_mem_ext/mem_0_0/speculative_RAT_21[6]_i_3/O
                         net (fo=189, routed)         0.938     8.515    BD_i/ChaosCoreTop_0/inst/chiptop/system/tile_prci_domain/element_reset_domain_ChaosCore_tile/core/backend/execution_engine/MOB/interrupt_reg_12_alias
    SLICE_X40Y138        LUT5 (Prop_F6LUT_SLICEM_I0_O)
                                                      0.062     8.577 r  BD_i/ChaosCoreTop_0/inst/chiptop/system/tile_prci_domain/element_reset_domain_ChaosCore_tile/core/backend/execution_engine/MOB/MOB_15_ROB_index[5]_i_6/O
                         net (fo=2, routed)           0.450     9.027    BD_i/ChaosCoreTop_0/inst/chiptop/system/tile_prci_domain/element_reset_domain_ChaosCore_tile/core/backend/execution_engine/MOB/_execution_engine_io_reserve_0_ready
    SLICE_X43Y110        LUT5 (Prop_G6LUT_SLICEM_I0_O)
                                                      0.039     9.066 f  BD_i/ChaosCoreTop_0/inst/chiptop/system/tile_prci_domain/element_reset_domain_ChaosCore_tile/core/backend/execution_engine/MOB/wrap_1_i_5/O
                         net (fo=1, routed)           0.574     9.640    BD_i/ChaosCoreTop_0/inst/chiptop/system/tile_prci_domain/element_reset_domain_ChaosCore_tile/core/backend/FP_RS_0/io_decoded_fetch_packet_ready_REG_reg_0
    SLICE_X47Y136        LUT5 (Prop_B6LUT_SLICEL_I1_O)
                                                      0.064     9.704 r  BD_i/ChaosCoreTop_0/inst/chiptop/system/tile_prci_domain/element_reset_domain_ChaosCore_tile/core/backend/FP_RS_0/wrap_1_i_3__0/O
                         net (fo=6, routed)           0.690    10.394    BD_i/ChaosCoreTop_0/inst/chiptop/system/tile_prci_domain/element_reset_domain_ChaosCore_tile/core/frontend/FP_rename/renamed_decoded_fetch_packet_Q/ram_ext/_backend_io_backend_packet_0_ready
    SLICE_X43Y94         LUT6 (Prop_E6LUT_SLICEM_I3_O)
                                                      0.101    10.495 r  BD_i/ChaosCoreTop_0/inst/chiptop/system/tile_prci_domain/element_reset_domain_ChaosCore_tile/core/frontend/FP_rename/renamed_decoded_fetch_packet_Q/ram_ext/MOB_15_ROB_index[5]_i_5/O
                         net (fo=7, routed)           0.622    11.117    BD_i/ChaosCoreTop_0/inst/chiptop/system/tile_prci_domain/element_reset_domain_ChaosCore_tile/core/frontend/FP_rename/renamed_decoded_fetch_packet_Q/ram_ext/io_backend_packet_0_valid0
    SLICE_X32Y108        LUT5 (Prop_G6LUT_SLICEL_I3_O)
                                                      0.114    11.231 r  BD_i/ChaosCoreTop_0/inst/chiptop/system/tile_prci_domain/element_reset_domain_ChaosCore_tile/core/frontend/FP_rename/renamed_decoded_fetch_packet_Q/ram_ext/MOB_15_ROB_index[5]_i_4/O
                         net (fo=21, routed)          0.608    11.839    BD_i/ChaosCoreTop_0/inst/chiptop/system/tile_prci_domain/element_reset_domain_ChaosCore_tile/core/backend/execution_engine/MOB/MOB_15_ROB_index_reg[5]_1
    SLICE_X35Y140        LUT5 (Prop_C5LUT_SLICEL_I2_O)
                                                      0.168    12.007 r  BD_i/ChaosCoreTop_0/inst/chiptop/system/tile_prci_domain/element_reset_domain_ChaosCore_tile/core/backend/execution_engine/MOB/MOB_9_ROB_index[5]_i_2/O
                         net (fo=25, routed)          0.912    12.919    BD_i/ChaosCoreTop_0/inst/chiptop/system/tile_prci_domain/element_reset_domain_ChaosCore_tile/core/backend/execution_engine/INT_FUs_3/AGU/FU_output/ram_ext/MOB_9_address_reg[0]
    SLICE_X38Y154        LUT4 (Prop_C6LUT_SLICEL_I3_O)
                                                      0.098    13.017 r  BD_i/ChaosCoreTop_0/inst/chiptop/system/tile_prci_domain/element_reset_domain_ChaosCore_tile/core/backend/execution_engine/INT_FUs_3/AGU/FU_output/ram_ext/MOB_9_address[31]_i_1/O
                         net (fo=64, routed)          1.024    14.041    BD_i/ChaosCoreTop_0/inst/chiptop/system/tile_prci_domain/element_reset_domain_ChaosCore_tile/core/backend/execution_engine/MOB/MOB_9_address_reg[0]_0[0]
    SLICE_X32Y136        FDRE                                         r  BD_i/ChaosCoreTop_0/inst/chiptop/system/tile_prci_domain/element_reset_domain_ChaosCore_tile/core/backend/execution_engine/MOB/MOB_9_address_reg[14]/CE
  -------------------------------------------------------------------    -------------------

                         (clock clk_pl_0 rise edge)
                                                     20.000    20.000 r  
    PS8_X0Y0             PS8                          0.000    20.000 r  BD_i/zynq_ultra_ps_e_0/inst/PS8_i/PLCLK[0]
                         net (fo=1, routed)           0.140    20.140    BD_i/zynq_ultra_ps_e_0/inst/pl_clk_unbuffered[0]
    BUFG_PS_X0Y58        BUFG_PS (Prop_BUFG_PS_I_O)
                                                      0.027    20.167 r  BD_i/zynq_ultra_ps_e_0/inst/buffer_pl_clk_0.PL_CLK_0_BUFG/O
    X0Y1 (CLOCK_ROOT)    net (fo=61648, routed)       1.652    21.819    BD_i/ChaosCoreTop_0/inst/chiptop/system/tile_prci_domain/element_reset_domain_ChaosCore_tile/core/backend/execution_engine/MOB/clock_uncore
    SLICE_X32Y136        FDRE                                         r  BD_i/ChaosCoreTop_0/inst/chiptop/system/tile_prci_domain/element_reset_domain_ChaosCore_tile/core/backend/execution_engine/MOB/MOB_9_address_reg[14]/C
                         clock pessimism              0.102    21.921    
                         clock uncertainty           -0.233    21.688    
    SLICE_X32Y136        FDRE (Setup_AFF2_SLICEL_C_CE)
                                                     -0.042    21.646    BD_i/ChaosCoreTop_0/inst/chiptop/system/tile_prci_domain/element_reset_domain_ChaosCore_tile/core/backend/execution_engine/MOB/MOB_9_address_reg[14]
  -------------------------------------------------------------------
                         required time                         21.646    
                         arrival time                         -14.041    
  -------------------------------------------------------------------
                         slack                                  7.605    

Slack (MET) :             7.606ns  (required time - arrival time)
  Source:                 BD_i/ChaosCoreTop_0/inst/chiptop/system/tile_prci_domain/element_reset_domain_ChaosCore_tile/core/ROB/ROB_shared_bank/shared_mem/shared_mem_ext/mem_0_0/ram_R_1_addr_pipe_0_reg[1]/C
                            (rising edge-triggered cell FDRE clocked by clk_pl_0  {rise@0.000ns fall@10.000ns period=20.000ns})
  Destination:            BD_i/ChaosCoreTop_0/inst/chiptop/system/tile_prci_domain/element_reset_domain_ChaosCore_tile/core/backend/execution_engine/MOB/MOB_9_address_reg[13]/CE
                            (rising edge-triggered cell FDRE clocked by clk_pl_0  {rise@0.000ns fall@10.000ns period=20.000ns})
  Path Group:             clk_pl_0
  Path Type:              Setup (Max at Slow Process Corner)
  Requirement:            20.000ns  (clk_pl_0 rise@20.000ns - clk_pl_0 rise@0.000ns)
  Data Path Delay:        11.931ns  (logic 1.691ns (14.173%)  route 10.240ns (85.827%))
  Logic Levels:           15  (LUT4=2 LUT5=7 LUT6=4 MUXF7=1 MUXF8=1)
  Clock Path Skew:        -0.188ns (DCD - SCD + CPR)
    Destination Clock Delay (DCD):    1.819ns = ( 21.819 - 20.000 ) 
    Source Clock Delay      (SCD):    2.109ns
    Clock Pessimism Removal (CPR):    0.102ns
  Clock Uncertainty:      0.233ns  ((TSJ^2 + DJ^2)^1/2) / 2 + PE
    Total System Jitter     (TSJ):    0.071ns
    Discrete Jitter          (DJ):    0.460ns
    Phase Error              (PE):    0.000ns
  Clock Net Delay (Source):      1.902ns (routing 0.638ns, distribution 1.264ns)
  Clock Net Delay (Destination): 1.652ns (routing 0.576ns, distribution 1.076ns)

    Location             Delay type                Incr(ns)  Path(ns)    Netlist Resource(s)
  -------------------------------------------------------------------    -------------------
                         (clock clk_pl_0 rise edge)
                                                      0.000     0.000 r  
    PS8_X0Y0             PS8                          0.000     0.000 r  BD_i/zynq_ultra_ps_e_0/inst/PS8_i/PLCLK[0]
                         net (fo=1, routed)           0.178     0.178    BD_i/zynq_ultra_ps_e_0/inst/pl_clk_unbuffered[0]
    BUFG_PS_X0Y58        BUFG_PS (Prop_BUFG_PS_I_O)
                                                      0.029     0.207 r  BD_i/zynq_ultra_ps_e_0/inst/buffer_pl_clk_0.PL_CLK_0_BUFG/O
    X0Y1 (CLOCK_ROOT)    net (fo=61648, routed)       1.902     2.109    BD_i/ChaosCoreTop_0/inst/chiptop/system/tile_prci_domain/element_reset_domain_ChaosCore_tile/core/ROB/ROB_shared_bank/shared_mem/shared_mem_ext/mem_0_0/clock_uncore
    SLICE_X38Y73         FDRE                                         r  BD_i/ChaosCoreTop_0/inst/chiptop/system/tile_prci_domain/element_reset_domain_ChaosCore_tile/core/ROB/ROB_shared_bank/shared_mem/shared_mem_ext/mem_0_0/ram_R_1_addr_pipe_0_reg[1]/C
  -------------------------------------------------------------------    -------------------
    SLICE_X38Y73         FDRE (Prop_EFF_SLICEL_C_Q)
                                                      0.096     2.205 r  BD_i/ChaosCoreTop_0/inst/chiptop/system/tile_prci_domain/element_reset_domain_ChaosCore_tile/core/ROB/ROB_shared_bank/shared_mem/shared_mem_ext/mem_0_0/ram_R_1_addr_pipe_0_reg[1]/Q
                         net (fo=305, routed)         0.987     3.192    BD_i/ChaosCoreTop_0/inst/chiptop/system/tile_prci_domain/element_reset_domain_ChaosCore_tile/core/ROB/ROB_instruction_banks_0/ram_R_1_addr_pipe_0[1]
    SLICE_X29Y53         LUT6 (Prop_E6LUT_SLICEM_I2_O)
                                                      0.177     3.369 r  BD_i/ChaosCoreTop_0/inst/chiptop/system/tile_prci_domain/element_reset_domain_ChaosCore_tile/core/ROB/ROB_instruction_banks_0/minstret_reg[7]_i_41/O
                         net (fo=1, routed)           0.014     3.383    BD_i/ChaosCoreTop_0/inst/chiptop/system/tile_prci_domain/element_reset_domain_ChaosCore_tile/core/ROB/ROB_instruction_banks_0/minstret_reg[7]_i_41_n_0
    SLICE_X29Y53         MUXF7 (Prop_F7MUX_EF_SLICEM_I1_O)
                                                      0.079     3.462 r  BD_i/ChaosCoreTop_0/inst/chiptop/system/tile_prci_domain/element_reset_domain_ChaosCore_tile/core/ROB/ROB_instruction_banks_0/minstret_reg_reg[7]_i_29/O
                         net (fo=1, routed)           0.000     3.462    BD_i/ChaosCoreTop_0/inst/chiptop/system/tile_prci_domain/element_reset_domain_ChaosCore_tile/core/ROB/ROB_instruction_banks_0/minstret_reg_reg[7]_i_29_n_0
    SLICE_X29Y53         MUXF8 (Prop_F8MUX_TOP_SLICEM_I1_O)
                                                      0.028     3.490 r  BD_i/ChaosCoreTop_0/inst/chiptop/system/tile_prci_domain/element_reset_domain_ChaosCore_tile/core/ROB/ROB_instruction_banks_0/minstret_reg_reg[7]_i_22/O
                         net (fo=1, routed)           0.534     4.024    BD_i/ChaosCoreTop_0/inst/chiptop/system/tile_prci_domain/element_reset_domain_ChaosCore_tile/core/ROB/ROB_instruction_banks_0/minstret_reg_reg[7]_i_22_n_0
    SLICE_X32Y60         LUT6 (Prop_G6LUT_SLICEL_I1_O)
                                                      0.114     4.138 r  BD_i/ChaosCoreTop_0/inst/chiptop/system/tile_prci_domain/element_reset_domain_ChaosCore_tile/core/ROB/ROB_instruction_banks_0/minstret_reg[7]_i_11/O
                         net (fo=88, routed)          0.734     4.872    BD_i/ChaosCoreTop_0/inst/chiptop/system/tile_prci_domain/element_reset_domain_ChaosCore_tile/core/ROB/ROB_instruction_banks_0/insn_mem/insn_mem_ext/mem_0_0/commit_free_list_buffer_26_reg
    SLICE_X38Y68         LUT5 (Prop_D5LUT_SLICEL_I1_O)
                                                      0.118     4.990 r  BD_i/ChaosCoreTop_0/inst/chiptop/system/tile_prci_domain/element_reset_domain_ChaosCore_tile/core/ROB/ROB_instruction_banks_0/insn_mem/insn_mem_ext/mem_0_0/wb_mem_63_committed_i_3/O
                         net (fo=92, routed)          0.801     5.791    BD_i/ChaosCoreTop_0/inst/chiptop/system/tile_prci_domain/element_reset_domain_ChaosCore_tile/core/ROB/ROB_instruction_banks_0/insn_mem/insn_mem_ext/mem_0_0/clock_uncore_24
    SLICE_X32Y37         LUT6 (Prop_H6LUT_SLICEL_I5_O)
                                                      0.149     5.940 r  BD_i/ChaosCoreTop_0/inst/chiptop/system/tile_prci_domain/element_reset_domain_ChaosCore_tile/core/ROB/ROB_instruction_banks_0/insn_mem/insn_mem_ext/mem_0_0/mepc_reg_PC[31]_i_7/O
                         net (fo=66, routed)          0.290     6.230    BD_i/ChaosCoreTop_0/inst/chiptop/system/tile_prci_domain/element_reset_domain_ChaosCore_tile/core/ROB/ROB_shared_bank/shared_mem/shared_mem_ext/mem_0_0/mepc_reg_PC[31]_i_6
    SLICE_X33Y36         LUT4 (Prop_H5LUT_SLICEL_I2_O)
                                                      0.164     6.394 r  BD_i/ChaosCoreTop_0/inst/chiptop/system/tile_prci_domain/element_reset_domain_ChaosCore_tile/core/ROB/ROB_shared_bank/shared_mem/shared_mem_ext/mem_0_0/wrap_1_i_5__0/O
                         net (fo=45, routed)          1.064     7.458    BD_i/ChaosCoreTop_0/inst/chiptop/system/tile_prci_domain/element_reset_domain_ChaosCore_tile/core/ROB/ROB_shared_bank/shared_mem/shared_mem_ext/mem_0_0/clock_uncore_0
    SLICE_X40Y75         LUT5 (Prop_D5LUT_SLICEM_I4_O)
                                                      0.120     7.578 f  BD_i/ChaosCoreTop_0/inst/chiptop/system/tile_prci_domain/element_reset_domain_ChaosCore_tile/core/ROB/ROB_shared_bank/shared_mem/shared_mem_ext/mem_0_0/speculative_RAT_21[6]_i_3/O
                         net (fo=189, routed)         0.938     8.515    BD_i/ChaosCoreTop_0/inst/chiptop/system/tile_prci_domain/element_reset_domain_ChaosCore_tile/core/backend/execution_engine/MOB/interrupt_reg_12_alias
    SLICE_X40Y138        LUT5 (Prop_F6LUT_SLICEM_I0_O)
                                                      0.062     8.577 r  BD_i/ChaosCoreTop_0/inst/chiptop/system/tile_prci_domain/element_reset_domain_ChaosCore_tile/core/backend/execution_engine/MOB/MOB_15_ROB_index[5]_i_6/O
                         net (fo=2, routed)           0.450     9.027    BD_i/ChaosCoreTop_0/inst/chiptop/system/tile_prci_domain/element_reset_domain_ChaosCore_tile/core/backend/execution_engine/MOB/_execution_engine_io_reserve_0_ready
    SLICE_X43Y110        LUT5 (Prop_G6LUT_SLICEM_I0_O)
                                                      0.039     9.066 f  BD_i/ChaosCoreTop_0/inst/chiptop/system/tile_prci_domain/element_reset_domain_ChaosCore_tile/core/backend/execution_engine/MOB/wrap_1_i_5/O
                         net (fo=1, routed)           0.574     9.640    BD_i/ChaosCoreTop_0/inst/chiptop/system/tile_prci_domain/element_reset_domain_ChaosCore_tile/core/backend/FP_RS_0/io_decoded_fetch_packet_ready_REG_reg_0
    SLICE_X47Y136        LUT5 (Prop_B6LUT_SLICEL_I1_O)
                                                      0.064     9.704 r  BD_i/ChaosCoreTop_0/inst/chiptop/system/tile_prci_domain/element_reset_domain_ChaosCore_tile/core/backend/FP_RS_0/wrap_1_i_3__0/O
                         net (fo=6, routed)           0.690    10.394    BD_i/ChaosCoreTop_0/inst/chiptop/system/tile_prci_domain/element_reset_domain_ChaosCore_tile/core/frontend/FP_rename/renamed_decoded_fetch_packet_Q/ram_ext/_backend_io_backend_packet_0_ready
    SLICE_X43Y94         LUT6 (Prop_E6LUT_SLICEM_I3_O)
                                                      0.101    10.495 r  BD_i/ChaosCoreTop_0/inst/chiptop/system/tile_prci_domain/element_reset_domain_ChaosCore_tile/core/frontend/FP_rename/renamed_decoded_fetch_packet_Q/ram_ext/MOB_15_ROB_index[5]_i_5/O
                         net (fo=7, routed)           0.622    11.117    BD_i/ChaosCoreTop_0/inst/chiptop/system/tile_prci_domain/element_reset_domain_ChaosCore_tile/core/frontend/FP_rename/renamed_decoded_fetch_packet_Q/ram_ext/io_backend_packet_0_valid0
    SLICE_X32Y108        LUT5 (Prop_G6LUT_SLICEL_I3_O)
                                                      0.114    11.231 r  BD_i/ChaosCoreTop_0/inst/chiptop/system/tile_prci_domain/element_reset_domain_ChaosCore_tile/core/frontend/FP_rename/renamed_decoded_fetch_packet_Q/ram_ext/MOB_15_ROB_index[5]_i_4/O
                         net (fo=21, routed)          0.608    11.839    BD_i/ChaosCoreTop_0/inst/chiptop/system/tile_prci_domain/element_reset_domain_ChaosCore_tile/core/backend/execution_engine/MOB/MOB_15_ROB_index_reg[5]_1
    SLICE_X35Y140        LUT5 (Prop_C5LUT_SLICEL_I2_O)
                                                      0.168    12.007 r  BD_i/ChaosCoreTop_0/inst/chiptop/system/tile_prci_domain/element_reset_domain_ChaosCore_tile/core/backend/execution_engine/MOB/MOB_9_ROB_index[5]_i_2/O
                         net (fo=25, routed)          0.912    12.919    BD_i/ChaosCoreTop_0/inst/chiptop/system/tile_prci_domain/element_reset_domain_ChaosCore_tile/core/backend/execution_engine/INT_FUs_3/AGU/FU_output/ram_ext/MOB_9_address_reg[0]
    SLICE_X38Y154        LUT4 (Prop_C6LUT_SLICEL_I3_O)
                                                      0.098    13.017 r  BD_i/ChaosCoreTop_0/inst/chiptop/system/tile_prci_domain/element_reset_domain_ChaosCore_tile/core/backend/execution_engine/INT_FUs_3/AGU/FU_output/ram_ext/MOB_9_address[31]_i_1/O
                         net (fo=64, routed)          1.023    14.040    BD_i/ChaosCoreTop_0/inst/chiptop/system/tile_prci_domain/element_reset_domain_ChaosCore_tile/core/backend/execution_engine/MOB/MOB_9_address_reg[0]_0[0]
    SLICE_X32Y136        FDRE                                         r  BD_i/ChaosCoreTop_0/inst/chiptop/system/tile_prci_domain/element_reset_domain_ChaosCore_tile/core/backend/execution_engine/MOB/MOB_9_address_reg[13]/CE
  -------------------------------------------------------------------    -------------------

                         (clock clk_pl_0 rise edge)
                                                     20.000    20.000 r  
    PS8_X0Y0             PS8                          0.000    20.000 r  BD_i/zynq_ultra_ps_e_0/inst/PS8_i/PLCLK[0]
                         net (fo=1, routed)           0.140    20.140    BD_i/zynq_ultra_ps_e_0/inst/pl_clk_unbuffered[0]
    BUFG_PS_X0Y58        BUFG_PS (Prop_BUFG_PS_I_O)
                                                      0.027    20.167 r  BD_i/zynq_ultra_ps_e_0/inst/buffer_pl_clk_0.PL_CLK_0_BUFG/O
    X0Y1 (CLOCK_ROOT)    net (fo=61648, routed)       1.652    21.819    BD_i/ChaosCoreTop_0/inst/chiptop/system/tile_prci_domain/element_reset_domain_ChaosCore_tile/core/backend/execution_engine/MOB/clock_uncore
    SLICE_X32Y136        FDRE                                         r  BD_i/ChaosCoreTop_0/inst/chiptop/system/tile_prci_domain/element_reset_domain_ChaosCore_tile/core/backend/execution_engine/MOB/MOB_9_address_reg[13]/C
                         clock pessimism              0.102    21.921    
                         clock uncertainty           -0.233    21.688    
    SLICE_X32Y136        FDRE (Setup_AFF_SLICEL_C_CE)
                                                     -0.042    21.646    BD_i/ChaosCoreTop_0/inst/chiptop/system/tile_prci_domain/element_reset_domain_ChaosCore_tile/core/backend/execution_engine/MOB/MOB_9_address_reg[13]
  -------------------------------------------------------------------
                         required time                         21.646    
                         arrival time                         -14.040    
  -------------------------------------------------------------------
                         slack                                  7.606    

Slack (MET) :             7.688ns  (required time - arrival time)
  Source:                 BD_i/ChaosCoreTop_0/inst/chiptop/system/tile_prci_domain/element_reset_domain_ChaosCore_tile/core/ROB/ROB_shared_bank/shared_mem/shared_mem_ext/mem_0_0/ram_R_1_addr_pipe_0_reg[1]/C
                            (rising edge-triggered cell FDRE clocked by clk_pl_0  {rise@0.000ns fall@10.000ns period=20.000ns})
  Destination:            BD_i/ChaosCoreTop_0/inst/chiptop/system/tile_prci_domain/element_reset_domain_ChaosCore_tile/core/backend/execution_engine/MOB/MOB_9_address_reg[11]/CE
                            (rising edge-triggered cell FDRE clocked by clk_pl_0  {rise@0.000ns fall@10.000ns period=20.000ns})
  Path Group:             clk_pl_0
  Path Type:              Setup (Max at Slow Process Corner)
  Requirement:            20.000ns  (clk_pl_0 rise@20.000ns - clk_pl_0 rise@0.000ns)
  Data Path Delay:        11.869ns  (logic 1.691ns (14.247%)  route 10.178ns (85.753%))
  Logic Levels:           15  (LUT4=2 LUT5=7 LUT6=4 MUXF7=1 MUXF8=1)
  Clock Path Skew:        -0.167ns (DCD - SCD + CPR)
    Destination Clock Delay (DCD):    1.840ns = ( 21.840 - 20.000 ) 
    Source Clock Delay      (SCD):    2.109ns
    Clock Pessimism Removal (CPR):    0.102ns
  Clock Uncertainty:      0.233ns  ((TSJ^2 + DJ^2)^1/2) / 2 + PE
    Total System Jitter     (TSJ):    0.071ns
    Discrete Jitter          (DJ):    0.460ns
    Phase Error              (PE):    0.000ns
  Clock Net Delay (Source):      1.902ns (routing 0.638ns, distribution 1.264ns)
  Clock Net Delay (Destination): 1.673ns (routing 0.576ns, distribution 1.097ns)

    Location             Delay type                Incr(ns)  Path(ns)    Netlist Resource(s)
  -------------------------------------------------------------------    -------------------
                         (clock clk_pl_0 rise edge)
                                                      0.000     0.000 r  
    PS8_X0Y0             PS8                          0.000     0.000 r  BD_i/zynq_ultra_ps_e_0/inst/PS8_i/PLCLK[0]
                         net (fo=1, routed)           0.178     0.178    BD_i/zynq_ultra_ps_e_0/inst/pl_clk_unbuffered[0]
    BUFG_PS_X0Y58        BUFG_PS (Prop_BUFG_PS_I_O)
                                                      0.029     0.207 r  BD_i/zynq_ultra_ps_e_0/inst/buffer_pl_clk_0.PL_CLK_0_BUFG/O
    X0Y1 (CLOCK_ROOT)    net (fo=61648, routed)       1.902     2.109    BD_i/ChaosCoreTop_0/inst/chiptop/system/tile_prci_domain/element_reset_domain_ChaosCore_tile/core/ROB/ROB_shared_bank/shared_mem/shared_mem_ext/mem_0_0/clock_uncore
    SLICE_X38Y73         FDRE                                         r  BD_i/ChaosCoreTop_0/inst/chiptop/system/tile_prci_domain/element_reset_domain_ChaosCore_tile/core/ROB/ROB_shared_bank/shared_mem/shared_mem_ext/mem_0_0/ram_R_1_addr_pipe_0_reg[1]/C
  -------------------------------------------------------------------    -------------------
    SLICE_X38Y73         FDRE (Prop_EFF_SLICEL_C_Q)
                                                      0.096     2.205 r  BD_i/ChaosCoreTop_0/inst/chiptop/system/tile_prci_domain/element_reset_domain_ChaosCore_tile/core/ROB/ROB_shared_bank/shared_mem/shared_mem_ext/mem_0_0/ram_R_1_addr_pipe_0_reg[1]/Q
                         net (fo=305, routed)         0.987     3.192    BD_i/ChaosCoreTop_0/inst/chiptop/system/tile_prci_domain/element_reset_domain_ChaosCore_tile/core/ROB/ROB_instruction_banks_0/ram_R_1_addr_pipe_0[1]
    SLICE_X29Y53         LUT6 (Prop_E6LUT_SLICEM_I2_O)
                                                      0.177     3.369 r  BD_i/ChaosCoreTop_0/inst/chiptop/system/tile_prci_domain/element_reset_domain_ChaosCore_tile/core/ROB/ROB_instruction_banks_0/minstret_reg[7]_i_41/O
                         net (fo=1, routed)           0.014     3.383    BD_i/ChaosCoreTop_0/inst/chiptop/system/tile_prci_domain/element_reset_domain_ChaosCore_tile/core/ROB/ROB_instruction_banks_0/minstret_reg[7]_i_41_n_0
    SLICE_X29Y53         MUXF7 (Prop_F7MUX_EF_SLICEM_I1_O)
                                                      0.079     3.462 r  BD_i/ChaosCoreTop_0/inst/chiptop/system/tile_prci_domain/element_reset_domain_ChaosCore_tile/core/ROB/ROB_instruction_banks_0/minstret_reg_reg[7]_i_29/O
                         net (fo=1, routed)           0.000     3.462    BD_i/ChaosCoreTop_0/inst/chiptop/system/tile_prci_domain/element_reset_domain_ChaosCore_tile/core/ROB/ROB_instruction_banks_0/minstret_reg_reg[7]_i_29_n_0
    SLICE_X29Y53         MUXF8 (Prop_F8MUX_TOP_SLICEM_I1_O)
                                                      0.028     3.490 r  BD_i/ChaosCoreTop_0/inst/chiptop/system/tile_prci_domain/element_reset_domain_ChaosCore_tile/core/ROB/ROB_instruction_banks_0/minstret_reg_reg[7]_i_22/O
                         net (fo=1, routed)           0.534     4.024    BD_i/ChaosCoreTop_0/inst/chiptop/system/tile_prci_domain/element_reset_domain_ChaosCore_tile/core/ROB/ROB_instruction_banks_0/minstret_reg_reg[7]_i_22_n_0
    SLICE_X32Y60         LUT6 (Prop_G6LUT_SLICEL_I1_O)
                                                      0.114     4.138 r  BD_i/ChaosCoreTop_0/inst/chiptop/system/tile_prci_domain/element_reset_domain_ChaosCore_tile/core/ROB/ROB_instruction_banks_0/minstret_reg[7]_i_11/O
                         net (fo=88, routed)          0.734     4.872    BD_i/ChaosCoreTop_0/inst/chiptop/system/tile_prci_domain/element_reset_domain_ChaosCore_tile/core/ROB/ROB_instruction_banks_0/insn_mem/insn_mem_ext/mem_0_0/commit_free_list_buffer_26_reg
    SLICE_X38Y68         LUT5 (Prop_D5LUT_SLICEL_I1_O)
                                                      0.118     4.990 r  BD_i/ChaosCoreTop_0/inst/chiptop/system/tile_prci_domain/element_reset_domain_ChaosCore_tile/core/ROB/ROB_instruction_banks_0/insn_mem/insn_mem_ext/mem_0_0/wb_mem_63_committed_i_3/O
                         net (fo=92, routed)          0.801     5.791    BD_i/ChaosCoreTop_0/inst/chiptop/system/tile_prci_domain/element_reset_domain_ChaosCore_tile/core/ROB/ROB_instruction_banks_0/insn_mem/insn_mem_ext/mem_0_0/clock_uncore_24
    SLICE_X32Y37         LUT6 (Prop_H6LUT_SLICEL_I5_O)
                                                      0.149     5.940 r  BD_i/ChaosCoreTop_0/inst/chiptop/system/tile_prci_domain/element_reset_domain_ChaosCore_tile/core/ROB/ROB_instruction_banks_0/insn_mem/insn_mem_ext/mem_0_0/mepc_reg_PC[31]_i_7/O
                         net (fo=66, routed)          0.290     6.230    BD_i/ChaosCoreTop_0/inst/chiptop/system/tile_prci_domain/element_reset_domain_ChaosCore_tile/core/ROB/ROB_shared_bank/shared_mem/shared_mem_ext/mem_0_0/mepc_reg_PC[31]_i_6
    SLICE_X33Y36         LUT4 (Prop_H5LUT_SLICEL_I2_O)
                                                      0.164     6.394 r  BD_i/ChaosCoreTop_0/inst/chiptop/system/tile_prci_domain/element_reset_domain_ChaosCore_tile/core/ROB/ROB_shared_bank/shared_mem/shared_mem_ext/mem_0_0/wrap_1_i_5__0/O
                         net (fo=45, routed)          1.064     7.458    BD_i/ChaosCoreTop_0/inst/chiptop/system/tile_prci_domain/element_reset_domain_ChaosCore_tile/core/ROB/ROB_shared_bank/shared_mem/shared_mem_ext/mem_0_0/clock_uncore_0
    SLICE_X40Y75         LUT5 (Prop_D5LUT_SLICEM_I4_O)
                                                      0.120     7.578 f  BD_i/ChaosCoreTop_0/inst/chiptop/system/tile_prci_domain/element_reset_domain_ChaosCore_tile/core/ROB/ROB_shared_bank/shared_mem/shared_mem_ext/mem_0_0/speculative_RAT_21[6]_i_3/O
                         net (fo=189, routed)         0.938     8.515    BD_i/ChaosCoreTop_0/inst/chiptop/system/tile_prci_domain/element_reset_domain_ChaosCore_tile/core/backend/execution_engine/MOB/interrupt_reg_12_alias
    SLICE_X40Y138        LUT5 (Prop_F6LUT_SLICEM_I0_O)
                                                      0.062     8.577 r  BD_i/ChaosCoreTop_0/inst/chiptop/system/tile_prci_domain/element_reset_domain_ChaosCore_tile/core/backend/execution_engine/MOB/MOB_15_ROB_index[5]_i_6/O
                         net (fo=2, routed)           0.450     9.027    BD_i/ChaosCoreTop_0/inst/chiptop/system/tile_prci_domain/element_reset_domain_ChaosCore_tile/core/backend/execution_engine/MOB/_execution_engine_io_reserve_0_ready
    SLICE_X43Y110        LUT5 (Prop_G6LUT_SLICEM_I0_O)
                                                      0.039     9.066 f  BD_i/ChaosCoreTop_0/inst/chiptop/system/tile_prci_domain/element_reset_domain_ChaosCore_tile/core/backend/execution_engine/MOB/wrap_1_i_5/O
                         net (fo=1, routed)           0.574     9.640    BD_i/ChaosCoreTop_0/inst/chiptop/system/tile_prci_domain/element_reset_domain_ChaosCore_tile/core/backend/FP_RS_0/io_decoded_fetch_packet_ready_REG_reg_0
    SLICE_X47Y136        LUT5 (Prop_B6LUT_SLICEL_I1_O)
                                                      0.064     9.704 r  BD_i/ChaosCoreTop_0/inst/chiptop/system/tile_prci_domain/element_reset_domain_ChaosCore_tile/core/backend/FP_RS_0/wrap_1_i_3__0/O
                         net (fo=6, routed)           0.690    10.394    BD_i/ChaosCoreTop_0/inst/chiptop/system/tile_prci_domain/element_reset_domain_ChaosCore_tile/core/frontend/FP_rename/renamed_decoded_fetch_packet_Q/ram_ext/_backend_io_backend_packet_0_ready
    SLICE_X43Y94         LUT6 (Prop_E6LUT_SLICEM_I3_O)
                                                      0.101    10.495 r  BD_i/ChaosCoreTop_0/inst/chiptop/system/tile_prci_domain/element_reset_domain_ChaosCore_tile/core/frontend/FP_rename/renamed_decoded_fetch_packet_Q/ram_ext/MOB_15_ROB_index[5]_i_5/O
                         net (fo=7, routed)           0.622    11.117    BD_i/ChaosCoreTop_0/inst/chiptop/system/tile_prci_domain/element_reset_domain_ChaosCore_tile/core/frontend/FP_rename/renamed_decoded_fetch_packet_Q/ram_ext/io_backend_packet_0_valid0
    SLICE_X32Y108        LUT5 (Prop_G6LUT_SLICEL_I3_O)
                                                      0.114    11.231 r  BD_i/ChaosCoreTop_0/inst/chiptop/system/tile_prci_domain/element_reset_domain_ChaosCore_tile/core/frontend/FP_rename/renamed_decoded_fetch_packet_Q/ram_ext/MOB_15_ROB_index[5]_i_4/O
                         net (fo=21, routed)          0.608    11.839    BD_i/ChaosCoreTop_0/inst/chiptop/system/tile_prci_domain/element_reset_domain_ChaosCore_tile/core/backend/execution_engine/MOB/MOB_15_ROB_index_reg[5]_1
    SLICE_X35Y140        LUT5 (Prop_C5LUT_SLICEL_I2_O)
                                                      0.168    12.007 r  BD_i/ChaosCoreTop_0/inst/chiptop/system/tile_prci_domain/element_reset_domain_ChaosCore_tile/core/backend/execution_engine/MOB/MOB_9_ROB_index[5]_i_2/O
                         net (fo=25, routed)          0.912    12.919    BD_i/ChaosCoreTop_0/inst/chiptop/system/tile_prci_domain/element_reset_domain_ChaosCore_tile/core/backend/execution_engine/INT_FUs_3/AGU/FU_output/ram_ext/MOB_9_address_reg[0]
    SLICE_X38Y154        LUT4 (Prop_C6LUT_SLICEL_I3_O)
                                                      0.098    13.017 r  BD_i/ChaosCoreTop_0/inst/chiptop/system/tile_prci_domain/element_reset_domain_ChaosCore_tile/core/backend/execution_engine/INT_FUs_3/AGU/FU_output/ram_ext/MOB_9_address[31]_i_1/O
                         net (fo=64, routed)          0.961    13.978    BD_i/ChaosCoreTop_0/inst/chiptop/system/tile_prci_domain/element_reset_domain_ChaosCore_tile/core/backend/execution_engine/MOB/MOB_9_address_reg[0]_0[0]
    SLICE_X35Y144        FDRE                                         r  BD_i/ChaosCoreTop_0/inst/chiptop/system/tile_prci_domain/element_reset_domain_ChaosCore_tile/core/backend/execution_engine/MOB/MOB_9_address_reg[11]/CE
  -------------------------------------------------------------------    -------------------

                         (clock clk_pl_0 rise edge)
                                                     20.000    20.000 r  
    PS8_X0Y0             PS8                          0.000    20.000 r  BD_i/zynq_ultra_ps_e_0/inst/PS8_i/PLCLK[0]
                         net (fo=1, routed)           0.140    20.140    BD_i/zynq_ultra_ps_e_0/inst/pl_clk_unbuffered[0]
    BUFG_PS_X0Y58        BUFG_PS (Prop_BUFG_PS_I_O)
                                                      0.027    20.167 r  BD_i/zynq_ultra_ps_e_0/inst/buffer_pl_clk_0.PL_CLK_0_BUFG/O
    X0Y1 (CLOCK_ROOT)    net (fo=61648, routed)       1.673    21.840    BD_i/ChaosCoreTop_0/inst/chiptop/system/tile_prci_domain/element_reset_domain_ChaosCore_tile/core/backend/execution_engine/MOB/clock_uncore
    SLICE_X35Y144        FDRE                                         r  BD_i/ChaosCoreTop_0/inst/chiptop/system/tile_prci_domain/element_reset_domain_ChaosCore_tile/core/backend/execution_engine/MOB/MOB_9_address_reg[11]/C
                         clock pessimism              0.102    21.942    
                         clock uncertainty           -0.233    21.709    
    SLICE_X35Y144        FDRE (Setup_HFF_SLICEL_C_CE)
                                                     -0.043    21.666    BD_i/ChaosCoreTop_0/inst/chiptop/system/tile_prci_domain/element_reset_domain_ChaosCore_tile/core/backend/execution_engine/MOB/MOB_9_address_reg[11]
  -------------------------------------------------------------------
                         required time                         21.666    
                         arrival time                         -13.978    
  -------------------------------------------------------------------
                         slack                                  7.688    

Slack (MET) :             7.688ns  (required time - arrival time)
  Source:                 BD_i/ChaosCoreTop_0/inst/chiptop/system/tile_prci_domain/element_reset_domain_ChaosCore_tile/core/ROB/ROB_shared_bank/shared_mem/shared_mem_ext/mem_0_0/ram_R_1_addr_pipe_0_reg[1]/C
                            (rising edge-triggered cell FDRE clocked by clk_pl_0  {rise@0.000ns fall@10.000ns period=20.000ns})
  Destination:            BD_i/ChaosCoreTop_0/inst/chiptop/system/tile_prci_domain/element_reset_domain_ChaosCore_tile/core/backend/execution_engine/MOB/MOB_9_address_reg[12]/CE
                            (rising edge-triggered cell FDRE clocked by clk_pl_0  {rise@0.000ns fall@10.000ns period=20.000ns})
  Path Group:             clk_pl_0
  Path Type:              Setup (Max at Slow Process Corner)
  Requirement:            20.000ns  (clk_pl_0 rise@20.000ns - clk_pl_0 rise@0.000ns)
  Data Path Delay:        11.870ns  (logic 1.691ns (14.246%)  route 10.179ns (85.754%))
  Logic Levels:           15  (LUT4=2 LUT5=7 LUT6=4 MUXF7=1 MUXF8=1)
  Clock Path Skew:        -0.167ns (DCD - SCD + CPR)
    Destination Clock Delay (DCD):    1.840ns = ( 21.840 - 20.000 ) 
    Source Clock Delay      (SCD):    2.109ns
    Clock Pessimism Removal (CPR):    0.102ns
  Clock Uncertainty:      0.233ns  ((TSJ^2 + DJ^2)^1/2) / 2 + PE
    Total System Jitter     (TSJ):    0.071ns
    Discrete Jitter          (DJ):    0.460ns
    Phase Error              (PE):    0.000ns
  Clock Net Delay (Source):      1.902ns (routing 0.638ns, distribution 1.264ns)
  Clock Net Delay (Destination): 1.673ns (routing 0.576ns, distribution 1.097ns)

    Location             Delay type                Incr(ns)  Path(ns)    Netlist Resource(s)
  -------------------------------------------------------------------    -------------------
                         (clock clk_pl_0 rise edge)
                                                      0.000     0.000 r  
    PS8_X0Y0             PS8                          0.000     0.000 r  BD_i/zynq_ultra_ps_e_0/inst/PS8_i/PLCLK[0]
                         net (fo=1, routed)           0.178     0.178    BD_i/zynq_ultra_ps_e_0/inst/pl_clk_unbuffered[0]
    BUFG_PS_X0Y58        BUFG_PS (Prop_BUFG_PS_I_O)
                                                      0.029     0.207 r  BD_i/zynq_ultra_ps_e_0/inst/buffer_pl_clk_0.PL_CLK_0_BUFG/O
    X0Y1 (CLOCK_ROOT)    net (fo=61648, routed)       1.902     2.109    BD_i/ChaosCoreTop_0/inst/chiptop/system/tile_prci_domain/element_reset_domain_ChaosCore_tile/core/ROB/ROB_shared_bank/shared_mem/shared_mem_ext/mem_0_0/clock_uncore
    SLICE_X38Y73         FDRE                                         r  BD_i/ChaosCoreTop_0/inst/chiptop/system/tile_prci_domain/element_reset_domain_ChaosCore_tile/core/ROB/ROB_shared_bank/shared_mem/shared_mem_ext/mem_0_0/ram_R_1_addr_pipe_0_reg[1]/C
  -------------------------------------------------------------------    -------------------
    SLICE_X38Y73         FDRE (Prop_EFF_SLICEL_C_Q)
                                                      0.096     2.205 r  BD_i/ChaosCoreTop_0/inst/chiptop/system/tile_prci_domain/element_reset_domain_ChaosCore_tile/core/ROB/ROB_shared_bank/shared_mem/shared_mem_ext/mem_0_0/ram_R_1_addr_pipe_0_reg[1]/Q
                         net (fo=305, routed)         0.987     3.192    BD_i/ChaosCoreTop_0/inst/chiptop/system/tile_prci_domain/element_reset_domain_ChaosCore_tile/core/ROB/ROB_instruction_banks_0/ram_R_1_addr_pipe_0[1]
    SLICE_X29Y53         LUT6 (Prop_E6LUT_SLICEM_I2_O)
                                                      0.177     3.369 r  BD_i/ChaosCoreTop_0/inst/chiptop/system/tile_prci_domain/element_reset_domain_ChaosCore_tile/core/ROB/ROB_instruction_banks_0/minstret_reg[7]_i_41/O
                         net (fo=1, routed)           0.014     3.383    BD_i/ChaosCoreTop_0/inst/chiptop/system/tile_prci_domain/element_reset_domain_ChaosCore_tile/core/ROB/ROB_instruction_banks_0/minstret_reg[7]_i_41_n_0
    SLICE_X29Y53         MUXF7 (Prop_F7MUX_EF_SLICEM_I1_O)
                                                      0.079     3.462 r  BD_i/ChaosCoreTop_0/inst/chiptop/system/tile_prci_domain/element_reset_domain_ChaosCore_tile/core/ROB/ROB_instruction_banks_0/minstret_reg_reg[7]_i_29/O
                         net (fo=1, routed)           0.000     3.462    BD_i/ChaosCoreTop_0/inst/chiptop/system/tile_prci_domain/element_reset_domain_ChaosCore_tile/core/ROB/ROB_instruction_banks_0/minstret_reg_reg[7]_i_29_n_0
    SLICE_X29Y53         MUXF8 (Prop_F8MUX_TOP_SLICEM_I1_O)
                                                      0.028     3.490 r  BD_i/ChaosCoreTop_0/inst/chiptop/system/tile_prci_domain/element_reset_domain_ChaosCore_tile/core/ROB/ROB_instruction_banks_0/minstret_reg_reg[7]_i_22/O
                         net (fo=1, routed)           0.534     4.024    BD_i/ChaosCoreTop_0/inst/chiptop/system/tile_prci_domain/element_reset_domain_ChaosCore_tile/core/ROB/ROB_instruction_banks_0/minstret_reg_reg[7]_i_22_n_0
    SLICE_X32Y60         LUT6 (Prop_G6LUT_SLICEL_I1_O)
                                                      0.114     4.138 r  BD_i/ChaosCoreTop_0/inst/chiptop/system/tile_prci_domain/element_reset_domain_ChaosCore_tile/core/ROB/ROB_instruction_banks_0/minstret_reg[7]_i_11/O
                         net (fo=88, routed)          0.734     4.872    BD_i/ChaosCoreTop_0/inst/chiptop/system/tile_prci_domain/element_reset_domain_ChaosCore_tile/core/ROB/ROB_instruction_banks_0/insn_mem/insn_mem_ext/mem_0_0/commit_free_list_buffer_26_reg
    SLICE_X38Y68         LUT5 (Prop_D5LUT_SLICEL_I1_O)
                                                      0.118     4.990 r  BD_i/ChaosCoreTop_0/inst/chiptop/system/tile_prci_domain/element_reset_domain_ChaosCore_tile/core/ROB/ROB_instruction_banks_0/insn_mem/insn_mem_ext/mem_0_0/wb_mem_63_committed_i_3/O
                         net (fo=92, routed)          0.801     5.791    BD_i/ChaosCoreTop_0/inst/chiptop/system/tile_prci_domain/element_reset_domain_ChaosCore_tile/core/ROB/ROB_instruction_banks_0/insn_mem/insn_mem_ext/mem_0_0/clock_uncore_24
    SLICE_X32Y37         LUT6 (Prop_H6LUT_SLICEL_I5_O)
                                                      0.149     5.940 r  BD_i/ChaosCoreTop_0/inst/chiptop/system/tile_prci_domain/element_reset_domain_ChaosCore_tile/core/ROB/ROB_instruction_banks_0/insn_mem/insn_mem_ext/mem_0_0/mepc_reg_PC[31]_i_7/O
                         net (fo=66, routed)          0.290     6.230    BD_i/ChaosCoreTop_0/inst/chiptop/system/tile_prci_domain/element_reset_domain_ChaosCore_tile/core/ROB/ROB_shared_bank/shared_mem/shared_mem_ext/mem_0_0/mepc_reg_PC[31]_i_6
    SLICE_X33Y36         LUT4 (Prop_H5LUT_SLICEL_I2_O)
                                                      0.164     6.394 r  BD_i/ChaosCoreTop_0/inst/chiptop/system/tile_prci_domain/element_reset_domain_ChaosCore_tile/core/ROB/ROB_shared_bank/shared_mem/shared_mem_ext/mem_0_0/wrap_1_i_5__0/O
                         net (fo=45, routed)          1.064     7.458    BD_i/ChaosCoreTop_0/inst/chiptop/system/tile_prci_domain/element_reset_domain_ChaosCore_tile/core/ROB/ROB_shared_bank/shared_mem/shared_mem_ext/mem_0_0/clock_uncore_0
    SLICE_X40Y75         LUT5 (Prop_D5LUT_SLICEM_I4_O)
                                                      0.120     7.578 f  BD_i/ChaosCoreTop_0/inst/chiptop/system/tile_prci_domain/element_reset_domain_ChaosCore_tile/core/ROB/ROB_shared_bank/shared_mem/shared_mem_ext/mem_0_0/speculative_RAT_21[6]_i_3/O
                         net (fo=189, routed)         0.938     8.515    BD_i/ChaosCoreTop_0/inst/chiptop/system/tile_prci_domain/element_reset_domain_ChaosCore_tile/core/backend/execution_engine/MOB/interrupt_reg_12_alias
    SLICE_X40Y138        LUT5 (Prop_F6LUT_SLICEM_I0_O)
                                                      0.062     8.577 r  BD_i/ChaosCoreTop_0/inst/chiptop/system/tile_prci_domain/element_reset_domain_ChaosCore_tile/core/backend/execution_engine/MOB/MOB_15_ROB_index[5]_i_6/O
                         net (fo=2, routed)           0.450     9.027    BD_i/ChaosCoreTop_0/inst/chiptop/system/tile_prci_domain/element_reset_domain_ChaosCore_tile/core/backend/execution_engine/MOB/_execution_engine_io_reserve_0_ready
    SLICE_X43Y110        LUT5 (Prop_G6LUT_SLICEM_I0_O)
                                                      0.039     9.066 f  BD_i/ChaosCoreTop_0/inst/chiptop/system/tile_prci_domain/element_reset_domain_ChaosCore_tile/core/backend/execution_engine/MOB/wrap_1_i_5/O
                         net (fo=1, routed)           0.574     9.640    BD_i/ChaosCoreTop_0/inst/chiptop/system/tile_prci_domain/element_reset_domain_ChaosCore_tile/core/backend/FP_RS_0/io_decoded_fetch_packet_ready_REG_reg_0
    SLICE_X47Y136        LUT5 (Prop_B6LUT_SLICEL_I1_O)
                                                      0.064     9.704 r  BD_i/ChaosCoreTop_0/inst/chiptop/system/tile_prci_domain/element_reset_domain_ChaosCore_tile/core/backend/FP_RS_0/wrap_1_i_3__0/O
                         net (fo=6, routed)           0.690    10.394    BD_i/ChaosCoreTop_0/inst/chiptop/system/tile_prci_domain/element_reset_domain_ChaosCore_tile/core/frontend/FP_rename/renamed_decoded_fetch_packet_Q/ram_ext/_backend_io_backend_packet_0_ready
    SLICE_X43Y94         LUT6 (Prop_E6LUT_SLICEM_I3_O)
                                                      0.101    10.495 r  BD_i/ChaosCoreTop_0/inst/chiptop/system/tile_prci_domain/element_reset_domain_ChaosCore_tile/core/frontend/FP_rename/renamed_decoded_fetch_packet_Q/ram_ext/MOB_15_ROB_index[5]_i_5/O
                         net (fo=7, routed)           0.622    11.117    BD_i/ChaosCoreTop_0/inst/chiptop/system/tile_prci_domain/element_reset_domain_ChaosCore_tile/core/frontend/FP_rename/renamed_decoded_fetch_packet_Q/ram_ext/io_backend_packet_0_valid0
    SLICE_X32Y108        LUT5 (Prop_G6LUT_SLICEL_I3_O)
                                                      0.114    11.231 r  BD_i/ChaosCoreTop_0/inst/chiptop/system/tile_prci_domain/element_reset_domain_ChaosCore_tile/core/frontend/FP_rename/renamed_decoded_fetch_packet_Q/ram_ext/MOB_15_ROB_index[5]_i_4/O
                         net (fo=21, routed)          0.608    11.839    BD_i/ChaosCoreTop_0/inst/chiptop/system/tile_prci_domain/element_reset_domain_ChaosCore_tile/core/backend/execution_engine/MOB/MOB_15_ROB_index_reg[5]_1
    SLICE_X35Y140        LUT5 (Prop_C5LUT_SLICEL_I2_O)
                                                      0.168    12.007 r  BD_i/ChaosCoreTop_0/inst/chiptop/system/tile_prci_domain/element_reset_domain_ChaosCore_tile/core/backend/execution_engine/MOB/MOB_9_ROB_index[5]_i_2/O
                         net (fo=25, routed)          0.912    12.919    BD_i/ChaosCoreTop_0/inst/chiptop/system/tile_prci_domain/element_reset_domain_ChaosCore_tile/core/backend/execution_engine/INT_FUs_3/AGU/FU_output/ram_ext/MOB_9_address_reg[0]
    SLICE_X38Y154        LUT4 (Prop_C6LUT_SLICEL_I3_O)
                                                      0.098    13.017 r  BD_i/ChaosCoreTop_0/inst/chiptop/system/tile_prci_domain/element_reset_domain_ChaosCore_tile/core/backend/execution_engine/INT_FUs_3/AGU/FU_output/ram_ext/MOB_9_address[31]_i_1/O
                         net (fo=64, routed)          0.962    13.979    BD_i/ChaosCoreTop_0/inst/chiptop/system/tile_prci_domain/element_reset_domain_ChaosCore_tile/core/backend/execution_engine/MOB/MOB_9_address_reg[0]_0[0]
    SLICE_X35Y144        FDRE                                         r  BD_i/ChaosCoreTop_0/inst/chiptop/system/tile_prci_domain/element_reset_domain_ChaosCore_tile/core/backend/execution_engine/MOB/MOB_9_address_reg[12]/CE
  -------------------------------------------------------------------    -------------------

                         (clock clk_pl_0 rise edge)
                                                     20.000    20.000 r  
    PS8_X0Y0             PS8                          0.000    20.000 r  BD_i/zynq_ultra_ps_e_0/inst/PS8_i/PLCLK[0]
                         net (fo=1, routed)           0.140    20.140    BD_i/zynq_ultra_ps_e_0/inst/pl_clk_unbuffered[0]
    BUFG_PS_X0Y58        BUFG_PS (Prop_BUFG_PS_I_O)
                                                      0.027    20.167 r  BD_i/zynq_ultra_ps_e_0/inst/buffer_pl_clk_0.PL_CLK_0_BUFG/O
    X0Y1 (CLOCK_ROOT)    net (fo=61648, routed)       1.673    21.840    BD_i/ChaosCoreTop_0/inst/chiptop/system/tile_prci_domain/element_reset_domain_ChaosCore_tile/core/backend/execution_engine/MOB/clock_uncore
    SLICE_X35Y144        FDRE                                         r  BD_i/ChaosCoreTop_0/inst/chiptop/system/tile_prci_domain/element_reset_domain_ChaosCore_tile/core/backend/execution_engine/MOB/MOB_9_address_reg[12]/C
                         clock pessimism              0.102    21.942    
                         clock uncertainty           -0.233    21.709    
    SLICE_X35Y144        FDRE (Setup_HFF2_SLICEL_C_CE)
                                                     -0.042    21.667    BD_i/ChaosCoreTop_0/inst/chiptop/system/tile_prci_domain/element_reset_domain_ChaosCore_tile/core/backend/execution_engine/MOB/MOB_9_address_reg[12]
  -------------------------------------------------------------------
                         required time                         21.667    
                         arrival time                         -13.979    
  -------------------------------------------------------------------
                         slack                                  7.688    

Slack (MET) :             7.688ns  (required time - arrival time)
  Source:                 BD_i/ChaosCoreTop_0/inst/chiptop/system/tile_prci_domain/element_reset_domain_ChaosCore_tile/core/ROB/ROB_shared_bank/shared_mem/shared_mem_ext/mem_0_0/ram_R_1_addr_pipe_0_reg[1]/C
                            (rising edge-triggered cell FDRE clocked by clk_pl_0  {rise@0.000ns fall@10.000ns period=20.000ns})
  Destination:            BD_i/ChaosCoreTop_0/inst/chiptop/system/tile_prci_domain/element_reset_domain_ChaosCore_tile/core/backend/execution_engine/MOB/MOB_9_address_reg[17]/CE
                            (rising edge-triggered cell FDRE clocked by clk_pl_0  {rise@0.000ns fall@10.000ns period=20.000ns})
  Path Group:             clk_pl_0
  Path Type:              Setup (Max at Slow Process Corner)
  Requirement:            20.000ns  (clk_pl_0 rise@20.000ns - clk_pl_0 rise@0.000ns)
  Data Path Delay:        11.869ns  (logic 1.691ns (14.247%)  route 10.178ns (85.753%))
  Logic Levels:           15  (LUT4=2 LUT5=7 LUT6=4 MUXF7=1 MUXF8=1)
  Clock Path Skew:        -0.167ns (DCD - SCD + CPR)
    Destination Clock Delay (DCD):    1.840ns = ( 21.840 - 20.000 ) 
    Source Clock Delay      (SCD):    2.109ns
    Clock Pessimism Removal (CPR):    0.102ns
  Clock Uncertainty:      0.233ns  ((TSJ^2 + DJ^2)^1/2) / 2 + PE
    Total System Jitter     (TSJ):    0.071ns
    Discrete Jitter          (DJ):    0.460ns
    Phase Error              (PE):    0.000ns
  Clock Net Delay (Source):      1.902ns (routing 0.638ns, distribution 1.264ns)
  Clock Net Delay (Destination): 1.673ns (routing 0.576ns, distribution 1.097ns)

    Location             Delay type                Incr(ns)  Path(ns)    Netlist Resource(s)
  -------------------------------------------------------------------    -------------------
                         (clock clk_pl_0 rise edge)
                                                      0.000     0.000 r  
    PS8_X0Y0             PS8                          0.000     0.000 r  BD_i/zynq_ultra_ps_e_0/inst/PS8_i/PLCLK[0]
                         net (fo=1, routed)           0.178     0.178    BD_i/zynq_ultra_ps_e_0/inst/pl_clk_unbuffered[0]
    BUFG_PS_X0Y58        BUFG_PS (Prop_BUFG_PS_I_O)
                                                      0.029     0.207 r  BD_i/zynq_ultra_ps_e_0/inst/buffer_pl_clk_0.PL_CLK_0_BUFG/O
    X0Y1 (CLOCK_ROOT)    net (fo=61648, routed)       1.902     2.109    BD_i/ChaosCoreTop_0/inst/chiptop/system/tile_prci_domain/element_reset_domain_ChaosCore_tile/core/ROB/ROB_shared_bank/shared_mem/shared_mem_ext/mem_0_0/clock_uncore
    SLICE_X38Y73         FDRE                                         r  BD_i/ChaosCoreTop_0/inst/chiptop/system/tile_prci_domain/element_reset_domain_ChaosCore_tile/core/ROB/ROB_shared_bank/shared_mem/shared_mem_ext/mem_0_0/ram_R_1_addr_pipe_0_reg[1]/C
  -------------------------------------------------------------------    -------------------
    SLICE_X38Y73         FDRE (Prop_EFF_SLICEL_C_Q)
                                                      0.096     2.205 r  BD_i/ChaosCoreTop_0/inst/chiptop/system/tile_prci_domain/element_reset_domain_ChaosCore_tile/core/ROB/ROB_shared_bank/shared_mem/shared_mem_ext/mem_0_0/ram_R_1_addr_pipe_0_reg[1]/Q
                         net (fo=305, routed)         0.987     3.192    BD_i/ChaosCoreTop_0/inst/chiptop/system/tile_prci_domain/element_reset_domain_ChaosCore_tile/core/ROB/ROB_instruction_banks_0/ram_R_1_addr_pipe_0[1]
    SLICE_X29Y53         LUT6 (Prop_E6LUT_SLICEM_I2_O)
                                                      0.177     3.369 r  BD_i/ChaosCoreTop_0/inst/chiptop/system/tile_prci_domain/element_reset_domain_ChaosCore_tile/core/ROB/ROB_instruction_banks_0/minstret_reg[7]_i_41/O
                         net (fo=1, routed)           0.014     3.383    BD_i/ChaosCoreTop_0/inst/chiptop/system/tile_prci_domain/element_reset_domain_ChaosCore_tile/core/ROB/ROB_instruction_banks_0/minstret_reg[7]_i_41_n_0
    SLICE_X29Y53         MUXF7 (Prop_F7MUX_EF_SLICEM_I1_O)
                                                      0.079     3.462 r  BD_i/ChaosCoreTop_0/inst/chiptop/system/tile_prci_domain/element_reset_domain_ChaosCore_tile/core/ROB/ROB_instruction_banks_0/minstret_reg_reg[7]_i_29/O
                         net (fo=1, routed)           0.000     3.462    BD_i/ChaosCoreTop_0/inst/chiptop/system/tile_prci_domain/element_reset_domain_ChaosCore_tile/core/ROB/ROB_instruction_banks_0/minstret_reg_reg[7]_i_29_n_0
    SLICE_X29Y53         MUXF8 (Prop_F8MUX_TOP_SLICEM_I1_O)
                                                      0.028     3.490 r  BD_i/ChaosCoreTop_0/inst/chiptop/system/tile_prci_domain/element_reset_domain_ChaosCore_tile/core/ROB/ROB_instruction_banks_0/minstret_reg_reg[7]_i_22/O
                         net (fo=1, routed)           0.534     4.024    BD_i/ChaosCoreTop_0/inst/chiptop/system/tile_prci_domain/element_reset_domain_ChaosCore_tile/core/ROB/ROB_instruction_banks_0/minstret_reg_reg[7]_i_22_n_0
    SLICE_X32Y60         LUT6 (Prop_G6LUT_SLICEL_I1_O)
                                                      0.114     4.138 r  BD_i/ChaosCoreTop_0/inst/chiptop/system/tile_prci_domain/element_reset_domain_ChaosCore_tile/core/ROB/ROB_instruction_banks_0/minstret_reg[7]_i_11/O
                         net (fo=88, routed)          0.734     4.872    BD_i/ChaosCoreTop_0/inst/chiptop/system/tile_prci_domain/element_reset_domain_ChaosCore_tile/core/ROB/ROB_instruction_banks_0/insn_mem/insn_mem_ext/mem_0_0/commit_free_list_buffer_26_reg
    SLICE_X38Y68         LUT5 (Prop_D5LUT_SLICEL_I1_O)
                                                      0.118     4.990 r  BD_i/ChaosCoreTop_0/inst/chiptop/system/tile_prci_domain/element_reset_domain_ChaosCore_tile/core/ROB/ROB_instruction_banks_0/insn_mem/insn_mem_ext/mem_0_0/wb_mem_63_committed_i_3/O
                         net (fo=92, routed)          0.801     5.791    BD_i/ChaosCoreTop_0/inst/chiptop/system/tile_prci_domain/element_reset_domain_ChaosCore_tile/core/ROB/ROB_instruction_banks_0/insn_mem/insn_mem_ext/mem_0_0/clock_uncore_24
    SLICE_X32Y37         LUT6 (Prop_H6LUT_SLICEL_I5_O)
                                                      0.149     5.940 r  BD_i/ChaosCoreTop_0/inst/chiptop/system/tile_prci_domain/element_reset_domain_ChaosCore_tile/core/ROB/ROB_instruction_banks_0/insn_mem/insn_mem_ext/mem_0_0/mepc_reg_PC[31]_i_7/O
                         net (fo=66, routed)          0.290     6.230    BD_i/ChaosCoreTop_0/inst/chiptop/system/tile_prci_domain/element_reset_domain_ChaosCore_tile/core/ROB/ROB_shared_bank/shared_mem/shared_mem_ext/mem_0_0/mepc_reg_PC[31]_i_6
    SLICE_X33Y36         LUT4 (Prop_H5LUT_SLICEL_I2_O)
                                                      0.164     6.394 r  BD_i/ChaosCoreTop_0/inst/chiptop/system/tile_prci_domain/element_reset_domain_ChaosCore_tile/core/ROB/ROB_shared_bank/shared_mem/shared_mem_ext/mem_0_0/wrap_1_i_5__0/O
                         net (fo=45, routed)          1.064     7.458    BD_i/ChaosCoreTop_0/inst/chiptop/system/tile_prci_domain/element_reset_domain_ChaosCore_tile/core/ROB/ROB_shared_bank/shared_mem/shared_mem_ext/mem_0_0/clock_uncore_0
    SLICE_X40Y75         LUT5 (Prop_D5LUT_SLICEM_I4_O)
                                                      0.120     7.578 f  BD_i/ChaosCoreTop_0/inst/chiptop/system/tile_prci_domain/element_reset_domain_ChaosCore_tile/core/ROB/ROB_shared_bank/shared_mem/shared_mem_ext/mem_0_0/speculative_RAT_21[6]_i_3/O
                         net (fo=189, routed)         0.938     8.515    BD_i/ChaosCoreTop_0/inst/chiptop/system/tile_prci_domain/element_reset_domain_ChaosCore_tile/core/backend/execution_engine/MOB/interrupt_reg_12_alias
    SLICE_X40Y138        LUT5 (Prop_F6LUT_SLICEM_I0_O)
                                                      0.062     8.577 r  BD_i/ChaosCoreTop_0/inst/chiptop/system/tile_prci_domain/element_reset_domain_ChaosCore_tile/core/backend/execution_engine/MOB/MOB_15_ROB_index[5]_i_6/O
                         net (fo=2, routed)           0.450     9.027    BD_i/ChaosCoreTop_0/inst/chiptop/system/tile_prci_domain/element_reset_domain_ChaosCore_tile/core/backend/execution_engine/MOB/_execution_engine_io_reserve_0_ready
    SLICE_X43Y110        LUT5 (Prop_G6LUT_SLICEM_I0_O)
                                                      0.039     9.066 f  BD_i/ChaosCoreTop_0/inst/chiptop/system/tile_prci_domain/element_reset_domain_ChaosCore_tile/core/backend/execution_engine/MOB/wrap_1_i_5/O
                         net (fo=1, routed)           0.574     9.640    BD_i/ChaosCoreTop_0/inst/chiptop/system/tile_prci_domain/element_reset_domain_ChaosCore_tile/core/backend/FP_RS_0/io_decoded_fetch_packet_ready_REG_reg_0
    SLICE_X47Y136        LUT5 (Prop_B6LUT_SLICEL_I1_O)
                                                      0.064     9.704 r  BD_i/ChaosCoreTop_0/inst/chiptop/system/tile_prci_domain/element_reset_domain_ChaosCore_tile/core/backend/FP_RS_0/wrap_1_i_3__0/O
                         net (fo=6, routed)           0.690    10.394    BD_i/ChaosCoreTop_0/inst/chiptop/system/tile_prci_domain/element_reset_domain_ChaosCore_tile/core/frontend/FP_rename/renamed_decoded_fetch_packet_Q/ram_ext/_backend_io_backend_packet_0_ready
    SLICE_X43Y94         LUT6 (Prop_E6LUT_SLICEM_I3_O)
                                                      0.101    10.495 r  BD_i/ChaosCoreTop_0/inst/chiptop/system/tile_prci_domain/element_reset_domain_ChaosCore_tile/core/frontend/FP_rename/renamed_decoded_fetch_packet_Q/ram_ext/MOB_15_ROB_index[5]_i_5/O
                         net (fo=7, routed)           0.622    11.117    BD_i/ChaosCoreTop_0/inst/chiptop/system/tile_prci_domain/element_reset_domain_ChaosCore_tile/core/frontend/FP_rename/renamed_decoded_fetch_packet_Q/ram_ext/io_backend_packet_0_valid0
    SLICE_X32Y108        LUT5 (Prop_G6LUT_SLICEL_I3_O)
                                                      0.114    11.231 r  BD_i/ChaosCoreTop_0/inst/chiptop/system/tile_prci_domain/element_reset_domain_ChaosCore_tile/core/frontend/FP_rename/renamed_decoded_fetch_packet_Q/ram_ext/MOB_15_ROB_index[5]_i_4/O
                         net (fo=21, routed)          0.608    11.839    BD_i/ChaosCoreTop_0/inst/chiptop/system/tile_prci_domain/element_reset_domain_ChaosCore_tile/core/backend/execution_engine/MOB/MOB_15_ROB_index_reg[5]_1
    SLICE_X35Y140        LUT5 (Prop_C5LUT_SLICEL_I2_O)
                                                      0.168    12.007 r  BD_i/ChaosCoreTop_0/inst/chiptop/system/tile_prci_domain/element_reset_domain_ChaosCore_tile/core/backend/execution_engine/MOB/MOB_9_ROB_index[5]_i_2/O
                         net (fo=25, routed)          0.912    12.919    BD_i/ChaosCoreTop_0/inst/chiptop/system/tile_prci_domain/element_reset_domain_ChaosCore_tile/core/backend/execution_engine/INT_FUs_3/AGU/FU_output/ram_ext/MOB_9_address_reg[0]
    SLICE_X38Y154        LUT4 (Prop_C6LUT_SLICEL_I3_O)
                                                      0.098    13.017 r  BD_i/ChaosCoreTop_0/inst/chiptop/system/tile_prci_domain/element_reset_domain_ChaosCore_tile/core/backend/execution_engine/INT_FUs_3/AGU/FU_output/ram_ext/MOB_9_address[31]_i_1/O
                         net (fo=64, routed)          0.961    13.978    BD_i/ChaosCoreTop_0/inst/chiptop/system/tile_prci_domain/element_reset_domain_ChaosCore_tile/core/backend/execution_engine/MOB/MOB_9_address_reg[0]_0[0]
    SLICE_X35Y144        FDRE                                         r  BD_i/ChaosCoreTop_0/inst/chiptop/system/tile_prci_domain/element_reset_domain_ChaosCore_tile/core/backend/execution_engine/MOB/MOB_9_address_reg[17]/CE
  -------------------------------------------------------------------    -------------------

                         (clock clk_pl_0 rise edge)
                                                     20.000    20.000 r  
    PS8_X0Y0             PS8                          0.000    20.000 r  BD_i/zynq_ultra_ps_e_0/inst/PS8_i/PLCLK[0]
                         net (fo=1, routed)           0.140    20.140    BD_i/zynq_ultra_ps_e_0/inst/pl_clk_unbuffered[0]
    BUFG_PS_X0Y58        BUFG_PS (Prop_BUFG_PS_I_O)
                                                      0.027    20.167 r  BD_i/zynq_ultra_ps_e_0/inst/buffer_pl_clk_0.PL_CLK_0_BUFG/O
    X0Y1 (CLOCK_ROOT)    net (fo=61648, routed)       1.673    21.840    BD_i/ChaosCoreTop_0/inst/chiptop/system/tile_prci_domain/element_reset_domain_ChaosCore_tile/core/backend/execution_engine/MOB/clock_uncore
    SLICE_X35Y144        FDRE                                         r  BD_i/ChaosCoreTop_0/inst/chiptop/system/tile_prci_domain/element_reset_domain_ChaosCore_tile/core/backend/execution_engine/MOB/MOB_9_address_reg[17]/C
                         clock pessimism              0.102    21.942    
                         clock uncertainty           -0.233    21.709    
    SLICE_X35Y144        FDRE (Setup_GFF_SLICEL_C_CE)
                                                     -0.043    21.666    BD_i/ChaosCoreTop_0/inst/chiptop/system/tile_prci_domain/element_reset_domain_ChaosCore_tile/core/backend/execution_engine/MOB/MOB_9_address_reg[17]
  -------------------------------------------------------------------
                         required time                         21.666    
                         arrival time                         -13.978    
  -------------------------------------------------------------------
                         slack                                  7.688    

Slack (MET) :             7.688ns  (required time - arrival time)
  Source:                 BD_i/ChaosCoreTop_0/inst/chiptop/system/tile_prci_domain/element_reset_domain_ChaosCore_tile/core/ROB/ROB_shared_bank/shared_mem/shared_mem_ext/mem_0_0/ram_R_1_addr_pipe_0_reg[1]/C
                            (rising edge-triggered cell FDRE clocked by clk_pl_0  {rise@0.000ns fall@10.000ns period=20.000ns})
  Destination:            BD_i/ChaosCoreTop_0/inst/chiptop/system/tile_prci_domain/element_reset_domain_ChaosCore_tile/core/backend/execution_engine/MOB/MOB_9_address_reg[18]/CE
                            (rising edge-triggered cell FDRE clocked by clk_pl_0  {rise@0.000ns fall@10.000ns period=20.000ns})
  Path Group:             clk_pl_0
  Path Type:              Setup (Max at Slow Process Corner)
  Requirement:            20.000ns  (clk_pl_0 rise@20.000ns - clk_pl_0 rise@0.000ns)
  Data Path Delay:        11.870ns  (logic 1.691ns (14.246%)  route 10.179ns (85.754%))
  Logic Levels:           15  (LUT4=2 LUT5=7 LUT6=4 MUXF7=1 MUXF8=1)
  Clock Path Skew:        -0.167ns (DCD - SCD + CPR)
    Destination Clock Delay (DCD):    1.840ns = ( 21.840 - 20.000 ) 
    Source Clock Delay      (SCD):    2.109ns
    Clock Pessimism Removal (CPR):    0.102ns
  Clock Uncertainty:      0.233ns  ((TSJ^2 + DJ^2)^1/2) / 2 + PE
    Total System Jitter     (TSJ):    0.071ns
    Discrete Jitter          (DJ):    0.460ns
    Phase Error              (PE):    0.000ns
  Clock Net Delay (Source):      1.902ns (routing 0.638ns, distribution 1.264ns)
  Clock Net Delay (Destination): 1.673ns (routing 0.576ns, distribution 1.097ns)

    Location             Delay type                Incr(ns)  Path(ns)    Netlist Resource(s)
  -------------------------------------------------------------------    -------------------
                         (clock clk_pl_0 rise edge)
                                                      0.000     0.000 r  
    PS8_X0Y0             PS8                          0.000     0.000 r  BD_i/zynq_ultra_ps_e_0/inst/PS8_i/PLCLK[0]
                         net (fo=1, routed)           0.178     0.178    BD_i/zynq_ultra_ps_e_0/inst/pl_clk_unbuffered[0]
    BUFG_PS_X0Y58        BUFG_PS (Prop_BUFG_PS_I_O)
                                                      0.029     0.207 r  BD_i/zynq_ultra_ps_e_0/inst/buffer_pl_clk_0.PL_CLK_0_BUFG/O
    X0Y1 (CLOCK_ROOT)    net (fo=61648, routed)       1.902     2.109    BD_i/ChaosCoreTop_0/inst/chiptop/system/tile_prci_domain/element_reset_domain_ChaosCore_tile/core/ROB/ROB_shared_bank/shared_mem/shared_mem_ext/mem_0_0/clock_uncore
    SLICE_X38Y73         FDRE                                         r  BD_i/ChaosCoreTop_0/inst/chiptop/system/tile_prci_domain/element_reset_domain_ChaosCore_tile/core/ROB/ROB_shared_bank/shared_mem/shared_mem_ext/mem_0_0/ram_R_1_addr_pipe_0_reg[1]/C
  -------------------------------------------------------------------    -------------------
    SLICE_X38Y73         FDRE (Prop_EFF_SLICEL_C_Q)
                                                      0.096     2.205 r  BD_i/ChaosCoreTop_0/inst/chiptop/system/tile_prci_domain/element_reset_domain_ChaosCore_tile/core/ROB/ROB_shared_bank/shared_mem/shared_mem_ext/mem_0_0/ram_R_1_addr_pipe_0_reg[1]/Q
                         net (fo=305, routed)         0.987     3.192    BD_i/ChaosCoreTop_0/inst/chiptop/system/tile_prci_domain/element_reset_domain_ChaosCore_tile/core/ROB/ROB_instruction_banks_0/ram_R_1_addr_pipe_0[1]
    SLICE_X29Y53         LUT6 (Prop_E6LUT_SLICEM_I2_O)
                                                      0.177     3.369 r  BD_i/ChaosCoreTop_0/inst/chiptop/system/tile_prci_domain/element_reset_domain_ChaosCore_tile/core/ROB/ROB_instruction_banks_0/minstret_reg[7]_i_41/O
                         net (fo=1, routed)           0.014     3.383    BD_i/ChaosCoreTop_0/inst/chiptop/system/tile_prci_domain/element_reset_domain_ChaosCore_tile/core/ROB/ROB_instruction_banks_0/minstret_reg[7]_i_41_n_0
    SLICE_X29Y53         MUXF7 (Prop_F7MUX_EF_SLICEM_I1_O)
                                                      0.079     3.462 r  BD_i/ChaosCoreTop_0/inst/chiptop/system/tile_prci_domain/element_reset_domain_ChaosCore_tile/core/ROB/ROB_instruction_banks_0/minstret_reg_reg[7]_i_29/O
                         net (fo=1, routed)           0.000     3.462    BD_i/ChaosCoreTop_0/inst/chiptop/system/tile_prci_domain/element_reset_domain_ChaosCore_tile/core/ROB/ROB_instruction_banks_0/minstret_reg_reg[7]_i_29_n_0
    SLICE_X29Y53         MUXF8 (Prop_F8MUX_TOP_SLICEM_I1_O)
                                                      0.028     3.490 r  BD_i/ChaosCoreTop_0/inst/chiptop/system/tile_prci_domain/element_reset_domain_ChaosCore_tile/core/ROB/ROB_instruction_banks_0/minstret_reg_reg[7]_i_22/O
                         net (fo=1, routed)           0.534     4.024    BD_i/ChaosCoreTop_0/inst/chiptop/system/tile_prci_domain/element_reset_domain_ChaosCore_tile/core/ROB/ROB_instruction_banks_0/minstret_reg_reg[7]_i_22_n_0
    SLICE_X32Y60         LUT6 (Prop_G6LUT_SLICEL_I1_O)
                                                      0.114     4.138 r  BD_i/ChaosCoreTop_0/inst/chiptop/system/tile_prci_domain/element_reset_domain_ChaosCore_tile/core/ROB/ROB_instruction_banks_0/minstret_reg[7]_i_11/O
                         net (fo=88, routed)          0.734     4.872    BD_i/ChaosCoreTop_0/inst/chiptop/system/tile_prci_domain/element_reset_domain_ChaosCore_tile/core/ROB/ROB_instruction_banks_0/insn_mem/insn_mem_ext/mem_0_0/commit_free_list_buffer_26_reg
    SLICE_X38Y68         LUT5 (Prop_D5LUT_SLICEL_I1_O)
                                                      0.118     4.990 r  BD_i/ChaosCoreTop_0/inst/chiptop/system/tile_prci_domain/element_reset_domain_ChaosCore_tile/core/ROB/ROB_instruction_banks_0/insn_mem/insn_mem_ext/mem_0_0/wb_mem_63_committed_i_3/O
                         net (fo=92, routed)          0.801     5.791    BD_i/ChaosCoreTop_0/inst/chiptop/system/tile_prci_domain/element_reset_domain_ChaosCore_tile/core/ROB/ROB_instruction_banks_0/insn_mem/insn_mem_ext/mem_0_0/clock_uncore_24
    SLICE_X32Y37         LUT6 (Prop_H6LUT_SLICEL_I5_O)
                                                      0.149     5.940 r  BD_i/ChaosCoreTop_0/inst/chiptop/system/tile_prci_domain/element_reset_domain_ChaosCore_tile/core/ROB/ROB_instruction_banks_0/insn_mem/insn_mem_ext/mem_0_0/mepc_reg_PC[31]_i_7/O
                         net (fo=66, routed)          0.290     6.230    BD_i/ChaosCoreTop_0/inst/chiptop/system/tile_prci_domain/element_reset_domain_ChaosCore_tile/core/ROB/ROB_shared_bank/shared_mem/shared_mem_ext/mem_0_0/mepc_reg_PC[31]_i_6
    SLICE_X33Y36         LUT4 (Prop_H5LUT_SLICEL_I2_O)
                                                      0.164     6.394 r  BD_i/ChaosCoreTop_0/inst/chiptop/system/tile_prci_domain/element_reset_domain_ChaosCore_tile/core/ROB/ROB_shared_bank/shared_mem/shared_mem_ext/mem_0_0/wrap_1_i_5__0/O
                         net (fo=45, routed)          1.064     7.458    BD_i/ChaosCoreTop_0/inst/chiptop/system/tile_prci_domain/element_reset_domain_ChaosCore_tile/core/ROB/ROB_shared_bank/shared_mem/shared_mem_ext/mem_0_0/clock_uncore_0
    SLICE_X40Y75         LUT5 (Prop_D5LUT_SLICEM_I4_O)
                                                      0.120     7.578 f  BD_i/ChaosCoreTop_0/inst/chiptop/system/tile_prci_domain/element_reset_domain_ChaosCore_tile/core/ROB/ROB_shared_bank/shared_mem/shared_mem_ext/mem_0_0/speculative_RAT_21[6]_i_3/O
                         net (fo=189, routed)         0.938     8.515    BD_i/ChaosCoreTop_0/inst/chiptop/system/tile_prci_domain/element_reset_domain_ChaosCore_tile/core/backend/execution_engine/MOB/interrupt_reg_12_alias
    SLICE_X40Y138        LUT5 (Prop_F6LUT_SLICEM_I0_O)
                                                      0.062     8.577 r  BD_i/ChaosCoreTop_0/inst/chiptop/system/tile_prci_domain/element_reset_domain_ChaosCore_tile/core/backend/execution_engine/MOB/MOB_15_ROB_index[5]_i_6/O
                         net (fo=2, routed)           0.450     9.027    BD_i/ChaosCoreTop_0/inst/chiptop/system/tile_prci_domain/element_reset_domain_ChaosCore_tile/core/backend/execution_engine/MOB/_execution_engine_io_reserve_0_ready
    SLICE_X43Y110        LUT5 (Prop_G6LUT_SLICEM_I0_O)
                                                      0.039     9.066 f  BD_i/ChaosCoreTop_0/inst/chiptop/system/tile_prci_domain/element_reset_domain_ChaosCore_tile/core/backend/execution_engine/MOB/wrap_1_i_5/O
                         net (fo=1, routed)           0.574     9.640    BD_i/ChaosCoreTop_0/inst/chiptop/system/tile_prci_domain/element_reset_domain_ChaosCore_tile/core/backend/FP_RS_0/io_decoded_fetch_packet_ready_REG_reg_0
    SLICE_X47Y136        LUT5 (Prop_B6LUT_SLICEL_I1_O)
                                                      0.064     9.704 r  BD_i/ChaosCoreTop_0/inst/chiptop/system/tile_prci_domain/element_reset_domain_ChaosCore_tile/core/backend/FP_RS_0/wrap_1_i_3__0/O
                         net (fo=6, routed)           0.690    10.394    BD_i/ChaosCoreTop_0/inst/chiptop/system/tile_prci_domain/element_reset_domain_ChaosCore_tile/core/frontend/FP_rename/renamed_decoded_fetch_packet_Q/ram_ext/_backend_io_backend_packet_0_ready
    SLICE_X43Y94         LUT6 (Prop_E6LUT_SLICEM_I3_O)
                                                      0.101    10.495 r  BD_i/ChaosCoreTop_0/inst/chiptop/system/tile_prci_domain/element_reset_domain_ChaosCore_tile/core/frontend/FP_rename/renamed_decoded_fetch_packet_Q/ram_ext/MOB_15_ROB_index[5]_i_5/O
                         net (fo=7, routed)           0.622    11.117    BD_i/ChaosCoreTop_0/inst/chiptop/system/tile_prci_domain/element_reset_domain_ChaosCore_tile/core/frontend/FP_rename/renamed_decoded_fetch_packet_Q/ram_ext/io_backend_packet_0_valid0
    SLICE_X32Y108        LUT5 (Prop_G6LUT_SLICEL_I3_O)
                                                      0.114    11.231 r  BD_i/ChaosCoreTop_0/inst/chiptop/system/tile_prci_domain/element_reset_domain_ChaosCore_tile/core/frontend/FP_rename/renamed_decoded_fetch_packet_Q/ram_ext/MOB_15_ROB_index[5]_i_4/O
                         net (fo=21, routed)          0.608    11.839    BD_i/ChaosCoreTop_0/inst/chiptop/system/tile_prci_domain/element_reset_domain_ChaosCore_tile/core/backend/execution_engine/MOB/MOB_15_ROB_index_reg[5]_1
    SLICE_X35Y140        LUT5 (Prop_C5LUT_SLICEL_I2_O)
                                                      0.168    12.007 r  BD_i/ChaosCoreTop_0/inst/chiptop/system/tile_prci_domain/element_reset_domain_ChaosCore_tile/core/backend/execution_engine/MOB/MOB_9_ROB_index[5]_i_2/O
                         net (fo=25, routed)          0.912    12.919    BD_i/ChaosCoreTop_0/inst/chiptop/system/tile_prci_domain/element_reset_domain_ChaosCore_tile/core/backend/execution_engine/INT_FUs_3/AGU/FU_output/ram_ext/MOB_9_address_reg[0]
    SLICE_X38Y154        LUT4 (Prop_C6LUT_SLICEL_I3_O)
                                                      0.098    13.017 r  BD_i/ChaosCoreTop_0/inst/chiptop/system/tile_prci_domain/element_reset_domain_ChaosCore_tile/core/backend/execution_engine/INT_FUs_3/AGU/FU_output/ram_ext/MOB_9_address[31]_i_1/O
                         net (fo=64, routed)          0.962    13.979    BD_i/ChaosCoreTop_0/inst/chiptop/system/tile_prci_domain/element_reset_domain_ChaosCore_tile/core/backend/execution_engine/MOB/MOB_9_address_reg[0]_0[0]
    SLICE_X35Y144        FDRE                                         r  BD_i/ChaosCoreTop_0/inst/chiptop/system/tile_prci_domain/element_reset_domain_ChaosCore_tile/core/backend/execution_engine/MOB/MOB_9_address_reg[18]/CE
  -------------------------------------------------------------------    -------------------

                         (clock clk_pl_0 rise edge)
                                                     20.000    20.000 r  
    PS8_X0Y0             PS8                          0.000    20.000 r  BD_i/zynq_ultra_ps_e_0/inst/PS8_i/PLCLK[0]
                         net (fo=1, routed)           0.140    20.140    BD_i/zynq_ultra_ps_e_0/inst/pl_clk_unbuffered[0]
    BUFG_PS_X0Y58        BUFG_PS (Prop_BUFG_PS_I_O)
                                                      0.027    20.167 r  BD_i/zynq_ultra_ps_e_0/inst/buffer_pl_clk_0.PL_CLK_0_BUFG/O
    X0Y1 (CLOCK_ROOT)    net (fo=61648, routed)       1.673    21.840    BD_i/ChaosCoreTop_0/inst/chiptop/system/tile_prci_domain/element_reset_domain_ChaosCore_tile/core/backend/execution_engine/MOB/clock_uncore
    SLICE_X35Y144        FDRE                                         r  BD_i/ChaosCoreTop_0/inst/chiptop/system/tile_prci_domain/element_reset_domain_ChaosCore_tile/core/backend/execution_engine/MOB/MOB_9_address_reg[18]/C
                         clock pessimism              0.102    21.942    
                         clock uncertainty           -0.233    21.709    
    SLICE_X35Y144        FDRE (Setup_GFF2_SLICEL_C_CE)
                                                     -0.042    21.667    BD_i/ChaosCoreTop_0/inst/chiptop/system/tile_prci_domain/element_reset_domain_ChaosCore_tile/core/backend/execution_engine/MOB/MOB_9_address_reg[18]
  -------------------------------------------------------------------
                         required time                         21.667    
                         arrival time                         -13.979    
  -------------------------------------------------------------------
                         slack                                  7.688    

Slack (MET) :             7.688ns  (required time - arrival time)
  Source:                 BD_i/ChaosCoreTop_0/inst/chiptop/system/tile_prci_domain/element_reset_domain_ChaosCore_tile/core/ROB/ROB_shared_bank/shared_mem/shared_mem_ext/mem_0_0/ram_R_1_addr_pipe_0_reg[1]/C
                            (rising edge-triggered cell FDRE clocked by clk_pl_0  {rise@0.000ns fall@10.000ns period=20.000ns})
  Destination:            BD_i/ChaosCoreTop_0/inst/chiptop/system/tile_prci_domain/element_reset_domain_ChaosCore_tile/core/backend/execution_engine/MOB/MOB_9_address_reg[23]/CE
                            (rising edge-triggered cell FDRE clocked by clk_pl_0  {rise@0.000ns fall@10.000ns period=20.000ns})
  Path Group:             clk_pl_0
  Path Type:              Setup (Max at Slow Process Corner)
  Requirement:            20.000ns  (clk_pl_0 rise@20.000ns - clk_pl_0 rise@0.000ns)
  Data Path Delay:        11.869ns  (logic 1.691ns (14.247%)  route 10.178ns (85.753%))
  Logic Levels:           15  (LUT4=2 LUT5=7 LUT6=4 MUXF7=1 MUXF8=1)
  Clock Path Skew:        -0.167ns (DCD - SCD + CPR)
    Destination Clock Delay (DCD):    1.840ns = ( 21.840 - 20.000 ) 
    Source Clock Delay      (SCD):    2.109ns
    Clock Pessimism Removal (CPR):    0.102ns
  Clock Uncertainty:      0.233ns  ((TSJ^2 + DJ^2)^1/2) / 2 + PE
    Total System Jitter     (TSJ):    0.071ns
    Discrete Jitter          (DJ):    0.460ns
    Phase Error              (PE):    0.000ns
  Clock Net Delay (Source):      1.902ns (routing 0.638ns, distribution 1.264ns)
  Clock Net Delay (Destination): 1.673ns (routing 0.576ns, distribution 1.097ns)

    Location             Delay type                Incr(ns)  Path(ns)    Netlist Resource(s)
  -------------------------------------------------------------------    -------------------
                         (clock clk_pl_0 rise edge)
                                                      0.000     0.000 r  
    PS8_X0Y0             PS8                          0.000     0.000 r  BD_i/zynq_ultra_ps_e_0/inst/PS8_i/PLCLK[0]
                         net (fo=1, routed)           0.178     0.178    BD_i/zynq_ultra_ps_e_0/inst/pl_clk_unbuffered[0]
    BUFG_PS_X0Y58        BUFG_PS (Prop_BUFG_PS_I_O)
                                                      0.029     0.207 r  BD_i/zynq_ultra_ps_e_0/inst/buffer_pl_clk_0.PL_CLK_0_BUFG/O
    X0Y1 (CLOCK_ROOT)    net (fo=61648, routed)       1.902     2.109    BD_i/ChaosCoreTop_0/inst/chiptop/system/tile_prci_domain/element_reset_domain_ChaosCore_tile/core/ROB/ROB_shared_bank/shared_mem/shared_mem_ext/mem_0_0/clock_uncore
    SLICE_X38Y73         FDRE                                         r  BD_i/ChaosCoreTop_0/inst/chiptop/system/tile_prci_domain/element_reset_domain_ChaosCore_tile/core/ROB/ROB_shared_bank/shared_mem/shared_mem_ext/mem_0_0/ram_R_1_addr_pipe_0_reg[1]/C
  -------------------------------------------------------------------    -------------------
    SLICE_X38Y73         FDRE (Prop_EFF_SLICEL_C_Q)
                                                      0.096     2.205 r  BD_i/ChaosCoreTop_0/inst/chiptop/system/tile_prci_domain/element_reset_domain_ChaosCore_tile/core/ROB/ROB_shared_bank/shared_mem/shared_mem_ext/mem_0_0/ram_R_1_addr_pipe_0_reg[1]/Q
                         net (fo=305, routed)         0.987     3.192    BD_i/ChaosCoreTop_0/inst/chiptop/system/tile_prci_domain/element_reset_domain_ChaosCore_tile/core/ROB/ROB_instruction_banks_0/ram_R_1_addr_pipe_0[1]
    SLICE_X29Y53         LUT6 (Prop_E6LUT_SLICEM_I2_O)
                                                      0.177     3.369 r  BD_i/ChaosCoreTop_0/inst/chiptop/system/tile_prci_domain/element_reset_domain_ChaosCore_tile/core/ROB/ROB_instruction_banks_0/minstret_reg[7]_i_41/O
                         net (fo=1, routed)           0.014     3.383    BD_i/ChaosCoreTop_0/inst/chiptop/system/tile_prci_domain/element_reset_domain_ChaosCore_tile/core/ROB/ROB_instruction_banks_0/minstret_reg[7]_i_41_n_0
    SLICE_X29Y53         MUXF7 (Prop_F7MUX_EF_SLICEM_I1_O)
                                                      0.079     3.462 r  BD_i/ChaosCoreTop_0/inst/chiptop/system/tile_prci_domain/element_reset_domain_ChaosCore_tile/core/ROB/ROB_instruction_banks_0/minstret_reg_reg[7]_i_29/O
                         net (fo=1, routed)           0.000     3.462    BD_i/ChaosCoreTop_0/inst/chiptop/system/tile_prci_domain/element_reset_domain_ChaosCore_tile/core/ROB/ROB_instruction_banks_0/minstret_reg_reg[7]_i_29_n_0
    SLICE_X29Y53         MUXF8 (Prop_F8MUX_TOP_SLICEM_I1_O)
                                                      0.028     3.490 r  BD_i/ChaosCoreTop_0/inst/chiptop/system/tile_prci_domain/element_reset_domain_ChaosCore_tile/core/ROB/ROB_instruction_banks_0/minstret_reg_reg[7]_i_22/O
                         net (fo=1, routed)           0.534     4.024    BD_i/ChaosCoreTop_0/inst/chiptop/system/tile_prci_domain/element_reset_domain_ChaosCore_tile/core/ROB/ROB_instruction_banks_0/minstret_reg_reg[7]_i_22_n_0
    SLICE_X32Y60         LUT6 (Prop_G6LUT_SLICEL_I1_O)
                                                      0.114     4.138 r  BD_i/ChaosCoreTop_0/inst/chiptop/system/tile_prci_domain/element_reset_domain_ChaosCore_tile/core/ROB/ROB_instruction_banks_0/minstret_reg[7]_i_11/O
                         net (fo=88, routed)          0.734     4.872    BD_i/ChaosCoreTop_0/inst/chiptop/system/tile_prci_domain/element_reset_domain_ChaosCore_tile/core/ROB/ROB_instruction_banks_0/insn_mem/insn_mem_ext/mem_0_0/commit_free_list_buffer_26_reg
    SLICE_X38Y68         LUT5 (Prop_D5LUT_SLICEL_I1_O)
                                                      0.118     4.990 r  BD_i/ChaosCoreTop_0/inst/chiptop/system/tile_prci_domain/element_reset_domain_ChaosCore_tile/core/ROB/ROB_instruction_banks_0/insn_mem/insn_mem_ext/mem_0_0/wb_mem_63_committed_i_3/O
                         net (fo=92, routed)          0.801     5.791    BD_i/ChaosCoreTop_0/inst/chiptop/system/tile_prci_domain/element_reset_domain_ChaosCore_tile/core/ROB/ROB_instruction_banks_0/insn_mem/insn_mem_ext/mem_0_0/clock_uncore_24
    SLICE_X32Y37         LUT6 (Prop_H6LUT_SLICEL_I5_O)
                                                      0.149     5.940 r  BD_i/ChaosCoreTop_0/inst/chiptop/system/tile_prci_domain/element_reset_domain_ChaosCore_tile/core/ROB/ROB_instruction_banks_0/insn_mem/insn_mem_ext/mem_0_0/mepc_reg_PC[31]_i_7/O
                         net (fo=66, routed)          0.290     6.230    BD_i/ChaosCoreTop_0/inst/chiptop/system/tile_prci_domain/element_reset_domain_ChaosCore_tile/core/ROB/ROB_shared_bank/shared_mem/shared_mem_ext/mem_0_0/mepc_reg_PC[31]_i_6
    SLICE_X33Y36         LUT4 (Prop_H5LUT_SLICEL_I2_O)
                                                      0.164     6.394 r  BD_i/ChaosCoreTop_0/inst/chiptop/system/tile_prci_domain/element_reset_domain_ChaosCore_tile/core/ROB/ROB_shared_bank/shared_mem/shared_mem_ext/mem_0_0/wrap_1_i_5__0/O
                         net (fo=45, routed)          1.064     7.458    BD_i/ChaosCoreTop_0/inst/chiptop/system/tile_prci_domain/element_reset_domain_ChaosCore_tile/core/ROB/ROB_shared_bank/shared_mem/shared_mem_ext/mem_0_0/clock_uncore_0
    SLICE_X40Y75         LUT5 (Prop_D5LUT_SLICEM_I4_O)
                                                      0.120     7.578 f  BD_i/ChaosCoreTop_0/inst/chiptop/system/tile_prci_domain/element_reset_domain_ChaosCore_tile/core/ROB/ROB_shared_bank/shared_mem/shared_mem_ext/mem_0_0/speculative_RAT_21[6]_i_3/O
                         net (fo=189, routed)         0.938     8.515    BD_i/ChaosCoreTop_0/inst/chiptop/system/tile_prci_domain/element_reset_domain_ChaosCore_tile/core/backend/execution_engine/MOB/interrupt_reg_12_alias
    SLICE_X40Y138        LUT5 (Prop_F6LUT_SLICEM_I0_O)
                                                      0.062     8.577 r  BD_i/ChaosCoreTop_0/inst/chiptop/system/tile_prci_domain/element_reset_domain_ChaosCore_tile/core/backend/execution_engine/MOB/MOB_15_ROB_index[5]_i_6/O
                         net (fo=2, routed)           0.450     9.027    BD_i/ChaosCoreTop_0/inst/chiptop/system/tile_prci_domain/element_reset_domain_ChaosCore_tile/core/backend/execution_engine/MOB/_execution_engine_io_reserve_0_ready
    SLICE_X43Y110        LUT5 (Prop_G6LUT_SLICEM_I0_O)
                                                      0.039     9.066 f  BD_i/ChaosCoreTop_0/inst/chiptop/system/tile_prci_domain/element_reset_domain_ChaosCore_tile/core/backend/execution_engine/MOB/wrap_1_i_5/O
                         net (fo=1, routed)           0.574     9.640    BD_i/ChaosCoreTop_0/inst/chiptop/system/tile_prci_domain/element_reset_domain_ChaosCore_tile/core/backend/FP_RS_0/io_decoded_fetch_packet_ready_REG_reg_0
    SLICE_X47Y136        LUT5 (Prop_B6LUT_SLICEL_I1_O)
                                                      0.064     9.704 r  BD_i/ChaosCoreTop_0/inst/chiptop/system/tile_prci_domain/element_reset_domain_ChaosCore_tile/core/backend/FP_RS_0/wrap_1_i_3__0/O
                         net (fo=6, routed)           0.690    10.394    BD_i/ChaosCoreTop_0/inst/chiptop/system/tile_prci_domain/element_reset_domain_ChaosCore_tile/core/frontend/FP_rename/renamed_decoded_fetch_packet_Q/ram_ext/_backend_io_backend_packet_0_ready
    SLICE_X43Y94         LUT6 (Prop_E6LUT_SLICEM_I3_O)
                                                      0.101    10.495 r  BD_i/ChaosCoreTop_0/inst/chiptop/system/tile_prci_domain/element_reset_domain_ChaosCore_tile/core/frontend/FP_rename/renamed_decoded_fetch_packet_Q/ram_ext/MOB_15_ROB_index[5]_i_5/O
                         net (fo=7, routed)           0.622    11.117    BD_i/ChaosCoreTop_0/inst/chiptop/system/tile_prci_domain/element_reset_domain_ChaosCore_tile/core/frontend/FP_rename/renamed_decoded_fetch_packet_Q/ram_ext/io_backend_packet_0_valid0
    SLICE_X32Y108        LUT5 (Prop_G6LUT_SLICEL_I3_O)
                                                      0.114    11.231 r  BD_i/ChaosCoreTop_0/inst/chiptop/system/tile_prci_domain/element_reset_domain_ChaosCore_tile/core/frontend/FP_rename/renamed_decoded_fetch_packet_Q/ram_ext/MOB_15_ROB_index[5]_i_4/O
                         net (fo=21, routed)          0.608    11.839    BD_i/ChaosCoreTop_0/inst/chiptop/system/tile_prci_domain/element_reset_domain_ChaosCore_tile/core/backend/execution_engine/MOB/MOB_15_ROB_index_reg[5]_1
    SLICE_X35Y140        LUT5 (Prop_C5LUT_SLICEL_I2_O)
                                                      0.168    12.007 r  BD_i/ChaosCoreTop_0/inst/chiptop/system/tile_prci_domain/element_reset_domain_ChaosCore_tile/core/backend/execution_engine/MOB/MOB_9_ROB_index[5]_i_2/O
                         net (fo=25, routed)          0.912    12.919    BD_i/ChaosCoreTop_0/inst/chiptop/system/tile_prci_domain/element_reset_domain_ChaosCore_tile/core/backend/execution_engine/INT_FUs_3/AGU/FU_output/ram_ext/MOB_9_address_reg[0]
    SLICE_X38Y154        LUT4 (Prop_C6LUT_SLICEL_I3_O)
                                                      0.098    13.017 r  BD_i/ChaosCoreTop_0/inst/chiptop/system/tile_prci_domain/element_reset_domain_ChaosCore_tile/core/backend/execution_engine/INT_FUs_3/AGU/FU_output/ram_ext/MOB_9_address[31]_i_1/O
                         net (fo=64, routed)          0.961    13.978    BD_i/ChaosCoreTop_0/inst/chiptop/system/tile_prci_domain/element_reset_domain_ChaosCore_tile/core/backend/execution_engine/MOB/MOB_9_address_reg[0]_0[0]
    SLICE_X35Y144        FDRE                                         r  BD_i/ChaosCoreTop_0/inst/chiptop/system/tile_prci_domain/element_reset_domain_ChaosCore_tile/core/backend/execution_engine/MOB/MOB_9_address_reg[23]/CE
  -------------------------------------------------------------------    -------------------

                         (clock clk_pl_0 rise edge)
                                                     20.000    20.000 r  
    PS8_X0Y0             PS8                          0.000    20.000 r  BD_i/zynq_ultra_ps_e_0/inst/PS8_i/PLCLK[0]
                         net (fo=1, routed)           0.140    20.140    BD_i/zynq_ultra_ps_e_0/inst/pl_clk_unbuffered[0]
    BUFG_PS_X0Y58        BUFG_PS (Prop_BUFG_PS_I_O)
                                                      0.027    20.167 r  BD_i/zynq_ultra_ps_e_0/inst/buffer_pl_clk_0.PL_CLK_0_BUFG/O
    X0Y1 (CLOCK_ROOT)    net (fo=61648, routed)       1.673    21.840    BD_i/ChaosCoreTop_0/inst/chiptop/system/tile_prci_domain/element_reset_domain_ChaosCore_tile/core/backend/execution_engine/MOB/clock_uncore
    SLICE_X35Y144        FDRE                                         r  BD_i/ChaosCoreTop_0/inst/chiptop/system/tile_prci_domain/element_reset_domain_ChaosCore_tile/core/backend/execution_engine/MOB/MOB_9_address_reg[23]/C
                         clock pessimism              0.102    21.942    
                         clock uncertainty           -0.233    21.709    
    SLICE_X35Y144        FDRE (Setup_FFF_SLICEL_C_CE)
                                                     -0.043    21.666    BD_i/ChaosCoreTop_0/inst/chiptop/system/tile_prci_domain/element_reset_domain_ChaosCore_tile/core/backend/execution_engine/MOB/MOB_9_address_reg[23]
  -------------------------------------------------------------------
                         required time                         21.666    
                         arrival time                         -13.978    
  -------------------------------------------------------------------
                         slack                                  7.688    

Slack (MET) :             7.688ns  (required time - arrival time)
  Source:                 BD_i/ChaosCoreTop_0/inst/chiptop/system/tile_prci_domain/element_reset_domain_ChaosCore_tile/core/ROB/ROB_shared_bank/shared_mem/shared_mem_ext/mem_0_0/ram_R_1_addr_pipe_0_reg[1]/C
                            (rising edge-triggered cell FDRE clocked by clk_pl_0  {rise@0.000ns fall@10.000ns period=20.000ns})
  Destination:            BD_i/ChaosCoreTop_0/inst/chiptop/system/tile_prci_domain/element_reset_domain_ChaosCore_tile/core/backend/execution_engine/MOB/MOB_9_address_reg[24]/CE
                            (rising edge-triggered cell FDRE clocked by clk_pl_0  {rise@0.000ns fall@10.000ns period=20.000ns})
  Path Group:             clk_pl_0
  Path Type:              Setup (Max at Slow Process Corner)
  Requirement:            20.000ns  (clk_pl_0 rise@20.000ns - clk_pl_0 rise@0.000ns)
  Data Path Delay:        11.870ns  (logic 1.691ns (14.246%)  route 10.179ns (85.754%))
  Logic Levels:           15  (LUT4=2 LUT5=7 LUT6=4 MUXF7=1 MUXF8=1)
  Clock Path Skew:        -0.167ns (DCD - SCD + CPR)
    Destination Clock Delay (DCD):    1.840ns = ( 21.840 - 20.000 ) 
    Source Clock Delay      (SCD):    2.109ns
    Clock Pessimism Removal (CPR):    0.102ns
  Clock Uncertainty:      0.233ns  ((TSJ^2 + DJ^2)^1/2) / 2 + PE
    Total System Jitter     (TSJ):    0.071ns
    Discrete Jitter          (DJ):    0.460ns
    Phase Error              (PE):    0.000ns
  Clock Net Delay (Source):      1.902ns (routing 0.638ns, distribution 1.264ns)
  Clock Net Delay (Destination): 1.673ns (routing 0.576ns, distribution 1.097ns)

    Location             Delay type                Incr(ns)  Path(ns)    Netlist Resource(s)
  -------------------------------------------------------------------    -------------------
                         (clock clk_pl_0 rise edge)
                                                      0.000     0.000 r  
    PS8_X0Y0             PS8                          0.000     0.000 r  BD_i/zynq_ultra_ps_e_0/inst/PS8_i/PLCLK[0]
                         net (fo=1, routed)           0.178     0.178    BD_i/zynq_ultra_ps_e_0/inst/pl_clk_unbuffered[0]
    BUFG_PS_X0Y58        BUFG_PS (Prop_BUFG_PS_I_O)
                                                      0.029     0.207 r  BD_i/zynq_ultra_ps_e_0/inst/buffer_pl_clk_0.PL_CLK_0_BUFG/O
    X0Y1 (CLOCK_ROOT)    net (fo=61648, routed)       1.902     2.109    BD_i/ChaosCoreTop_0/inst/chiptop/system/tile_prci_domain/element_reset_domain_ChaosCore_tile/core/ROB/ROB_shared_bank/shared_mem/shared_mem_ext/mem_0_0/clock_uncore
    SLICE_X38Y73         FDRE                                         r  BD_i/ChaosCoreTop_0/inst/chiptop/system/tile_prci_domain/element_reset_domain_ChaosCore_tile/core/ROB/ROB_shared_bank/shared_mem/shared_mem_ext/mem_0_0/ram_R_1_addr_pipe_0_reg[1]/C
  -------------------------------------------------------------------    -------------------
    SLICE_X38Y73         FDRE (Prop_EFF_SLICEL_C_Q)
                                                      0.096     2.205 r  BD_i/ChaosCoreTop_0/inst/chiptop/system/tile_prci_domain/element_reset_domain_ChaosCore_tile/core/ROB/ROB_shared_bank/shared_mem/shared_mem_ext/mem_0_0/ram_R_1_addr_pipe_0_reg[1]/Q
                         net (fo=305, routed)         0.987     3.192    BD_i/ChaosCoreTop_0/inst/chiptop/system/tile_prci_domain/element_reset_domain_ChaosCore_tile/core/ROB/ROB_instruction_banks_0/ram_R_1_addr_pipe_0[1]
    SLICE_X29Y53         LUT6 (Prop_E6LUT_SLICEM_I2_O)
                                                      0.177     3.369 r  BD_i/ChaosCoreTop_0/inst/chiptop/system/tile_prci_domain/element_reset_domain_ChaosCore_tile/core/ROB/ROB_instruction_banks_0/minstret_reg[7]_i_41/O
                         net (fo=1, routed)           0.014     3.383    BD_i/ChaosCoreTop_0/inst/chiptop/system/tile_prci_domain/element_reset_domain_ChaosCore_tile/core/ROB/ROB_instruction_banks_0/minstret_reg[7]_i_41_n_0
    SLICE_X29Y53         MUXF7 (Prop_F7MUX_EF_SLICEM_I1_O)
                                                      0.079     3.462 r  BD_i/ChaosCoreTop_0/inst/chiptop/system/tile_prci_domain/element_reset_domain_ChaosCore_tile/core/ROB/ROB_instruction_banks_0/minstret_reg_reg[7]_i_29/O
                         net (fo=1, routed)           0.000     3.462    BD_i/ChaosCoreTop_0/inst/chiptop/system/tile_prci_domain/element_reset_domain_ChaosCore_tile/core/ROB/ROB_instruction_banks_0/minstret_reg_reg[7]_i_29_n_0
    SLICE_X29Y53         MUXF8 (Prop_F8MUX_TOP_SLICEM_I1_O)
                                                      0.028     3.490 r  BD_i/ChaosCoreTop_0/inst/chiptop/system/tile_prci_domain/element_reset_domain_ChaosCore_tile/core/ROB/ROB_instruction_banks_0/minstret_reg_reg[7]_i_22/O
                         net (fo=1, routed)           0.534     4.024    BD_i/ChaosCoreTop_0/inst/chiptop/system/tile_prci_domain/element_reset_domain_ChaosCore_tile/core/ROB/ROB_instruction_banks_0/minstret_reg_reg[7]_i_22_n_0
    SLICE_X32Y60         LUT6 (Prop_G6LUT_SLICEL_I1_O)
                                                      0.114     4.138 r  BD_i/ChaosCoreTop_0/inst/chiptop/system/tile_prci_domain/element_reset_domain_ChaosCore_tile/core/ROB/ROB_instruction_banks_0/minstret_reg[7]_i_11/O
                         net (fo=88, routed)          0.734     4.872    BD_i/ChaosCoreTop_0/inst/chiptop/system/tile_prci_domain/element_reset_domain_ChaosCore_tile/core/ROB/ROB_instruction_banks_0/insn_mem/insn_mem_ext/mem_0_0/commit_free_list_buffer_26_reg
    SLICE_X38Y68         LUT5 (Prop_D5LUT_SLICEL_I1_O)
                                                      0.118     4.990 r  BD_i/ChaosCoreTop_0/inst/chiptop/system/tile_prci_domain/element_reset_domain_ChaosCore_tile/core/ROB/ROB_instruction_banks_0/insn_mem/insn_mem_ext/mem_0_0/wb_mem_63_committed_i_3/O
                         net (fo=92, routed)          0.801     5.791    BD_i/ChaosCoreTop_0/inst/chiptop/system/tile_prci_domain/element_reset_domain_ChaosCore_tile/core/ROB/ROB_instruction_banks_0/insn_mem/insn_mem_ext/mem_0_0/clock_uncore_24
    SLICE_X32Y37         LUT6 (Prop_H6LUT_SLICEL_I5_O)
                                                      0.149     5.940 r  BD_i/ChaosCoreTop_0/inst/chiptop/system/tile_prci_domain/element_reset_domain_ChaosCore_tile/core/ROB/ROB_instruction_banks_0/insn_mem/insn_mem_ext/mem_0_0/mepc_reg_PC[31]_i_7/O
                         net (fo=66, routed)          0.290     6.230    BD_i/ChaosCoreTop_0/inst/chiptop/system/tile_prci_domain/element_reset_domain_ChaosCore_tile/core/ROB/ROB_shared_bank/shared_mem/shared_mem_ext/mem_0_0/mepc_reg_PC[31]_i_6
    SLICE_X33Y36         LUT4 (Prop_H5LUT_SLICEL_I2_O)
                                                      0.164     6.394 r  BD_i/ChaosCoreTop_0/inst/chiptop/system/tile_prci_domain/element_reset_domain_ChaosCore_tile/core/ROB/ROB_shared_bank/shared_mem/shared_mem_ext/mem_0_0/wrap_1_i_5__0/O
                         net (fo=45, routed)          1.064     7.458    BD_i/ChaosCoreTop_0/inst/chiptop/system/tile_prci_domain/element_reset_domain_ChaosCore_tile/core/ROB/ROB_shared_bank/shared_mem/shared_mem_ext/mem_0_0/clock_uncore_0
    SLICE_X40Y75         LUT5 (Prop_D5LUT_SLICEM_I4_O)
                                                      0.120     7.578 f  BD_i/ChaosCoreTop_0/inst/chiptop/system/tile_prci_domain/element_reset_domain_ChaosCore_tile/core/ROB/ROB_shared_bank/shared_mem/shared_mem_ext/mem_0_0/speculative_RAT_21[6]_i_3/O
                         net (fo=189, routed)         0.938     8.515    BD_i/ChaosCoreTop_0/inst/chiptop/system/tile_prci_domain/element_reset_domain_ChaosCore_tile/core/backend/execution_engine/MOB/interrupt_reg_12_alias
    SLICE_X40Y138        LUT5 (Prop_F6LUT_SLICEM_I0_O)
                                                      0.062     8.577 r  BD_i/ChaosCoreTop_0/inst/chiptop/system/tile_prci_domain/element_reset_domain_ChaosCore_tile/core/backend/execution_engine/MOB/MOB_15_ROB_index[5]_i_6/O
                         net (fo=2, routed)           0.450     9.027    BD_i/ChaosCoreTop_0/inst/chiptop/system/tile_prci_domain/element_reset_domain_ChaosCore_tile/core/backend/execution_engine/MOB/_execution_engine_io_reserve_0_ready
    SLICE_X43Y110        LUT5 (Prop_G6LUT_SLICEM_I0_O)
                                                      0.039     9.066 f  BD_i/ChaosCoreTop_0/inst/chiptop/system/tile_prci_domain/element_reset_domain_ChaosCore_tile/core/backend/execution_engine/MOB/wrap_1_i_5/O
                         net (fo=1, routed)           0.574     9.640    BD_i/ChaosCoreTop_0/inst/chiptop/system/tile_prci_domain/element_reset_domain_ChaosCore_tile/core/backend/FP_RS_0/io_decoded_fetch_packet_ready_REG_reg_0
    SLICE_X47Y136        LUT5 (Prop_B6LUT_SLICEL_I1_O)
                                                      0.064     9.704 r  BD_i/ChaosCoreTop_0/inst/chiptop/system/tile_prci_domain/element_reset_domain_ChaosCore_tile/core/backend/FP_RS_0/wrap_1_i_3__0/O
                         net (fo=6, routed)           0.690    10.394    BD_i/ChaosCoreTop_0/inst/chiptop/system/tile_prci_domain/element_reset_domain_ChaosCore_tile/core/frontend/FP_rename/renamed_decoded_fetch_packet_Q/ram_ext/_backend_io_backend_packet_0_ready
    SLICE_X43Y94         LUT6 (Prop_E6LUT_SLICEM_I3_O)
                                                      0.101    10.495 r  BD_i/ChaosCoreTop_0/inst/chiptop/system/tile_prci_domain/element_reset_domain_ChaosCore_tile/core/frontend/FP_rename/renamed_decoded_fetch_packet_Q/ram_ext/MOB_15_ROB_index[5]_i_5/O
                         net (fo=7, routed)           0.622    11.117    BD_i/ChaosCoreTop_0/inst/chiptop/system/tile_prci_domain/element_reset_domain_ChaosCore_tile/core/frontend/FP_rename/renamed_decoded_fetch_packet_Q/ram_ext/io_backend_packet_0_valid0
    SLICE_X32Y108        LUT5 (Prop_G6LUT_SLICEL_I3_O)
                                                      0.114    11.231 r  BD_i/ChaosCoreTop_0/inst/chiptop/system/tile_prci_domain/element_reset_domain_ChaosCore_tile/core/frontend/FP_rename/renamed_decoded_fetch_packet_Q/ram_ext/MOB_15_ROB_index[5]_i_4/O
                         net (fo=21, routed)          0.608    11.839    BD_i/ChaosCoreTop_0/inst/chiptop/system/tile_prci_domain/element_reset_domain_ChaosCore_tile/core/backend/execution_engine/MOB/MOB_15_ROB_index_reg[5]_1
    SLICE_X35Y140        LUT5 (Prop_C5LUT_SLICEL_I2_O)
                                                      0.168    12.007 r  BD_i/ChaosCoreTop_0/inst/chiptop/system/tile_prci_domain/element_reset_domain_ChaosCore_tile/core/backend/execution_engine/MOB/MOB_9_ROB_index[5]_i_2/O
                         net (fo=25, routed)          0.912    12.919    BD_i/ChaosCoreTop_0/inst/chiptop/system/tile_prci_domain/element_reset_domain_ChaosCore_tile/core/backend/execution_engine/INT_FUs_3/AGU/FU_output/ram_ext/MOB_9_address_reg[0]
    SLICE_X38Y154        LUT4 (Prop_C6LUT_SLICEL_I3_O)
                                                      0.098    13.017 r  BD_i/ChaosCoreTop_0/inst/chiptop/system/tile_prci_domain/element_reset_domain_ChaosCore_tile/core/backend/execution_engine/INT_FUs_3/AGU/FU_output/ram_ext/MOB_9_address[31]_i_1/O
                         net (fo=64, routed)          0.962    13.979    BD_i/ChaosCoreTop_0/inst/chiptop/system/tile_prci_domain/element_reset_domain_ChaosCore_tile/core/backend/execution_engine/MOB/MOB_9_address_reg[0]_0[0]
    SLICE_X35Y144        FDRE                                         r  BD_i/ChaosCoreTop_0/inst/chiptop/system/tile_prci_domain/element_reset_domain_ChaosCore_tile/core/backend/execution_engine/MOB/MOB_9_address_reg[24]/CE
  -------------------------------------------------------------------    -------------------

                         (clock clk_pl_0 rise edge)
                                                     20.000    20.000 r  
    PS8_X0Y0             PS8                          0.000    20.000 r  BD_i/zynq_ultra_ps_e_0/inst/PS8_i/PLCLK[0]
                         net (fo=1, routed)           0.140    20.140    BD_i/zynq_ultra_ps_e_0/inst/pl_clk_unbuffered[0]
    BUFG_PS_X0Y58        BUFG_PS (Prop_BUFG_PS_I_O)
                                                      0.027    20.167 r  BD_i/zynq_ultra_ps_e_0/inst/buffer_pl_clk_0.PL_CLK_0_BUFG/O
    X0Y1 (CLOCK_ROOT)    net (fo=61648, routed)       1.673    21.840    BD_i/ChaosCoreTop_0/inst/chiptop/system/tile_prci_domain/element_reset_domain_ChaosCore_tile/core/backend/execution_engine/MOB/clock_uncore
    SLICE_X35Y144        FDRE                                         r  BD_i/ChaosCoreTop_0/inst/chiptop/system/tile_prci_domain/element_reset_domain_ChaosCore_tile/core/backend/execution_engine/MOB/MOB_9_address_reg[24]/C
                         clock pessimism              0.102    21.942    
                         clock uncertainty           -0.233    21.709    
    SLICE_X35Y144        FDRE (Setup_FFF2_SLICEL_C_CE)
                                                     -0.042    21.667    BD_i/ChaosCoreTop_0/inst/chiptop/system/tile_prci_domain/element_reset_domain_ChaosCore_tile/core/backend/execution_engine/MOB/MOB_9_address_reg[24]
  -------------------------------------------------------------------
                         required time                         21.667    
                         arrival time                         -13.979    
  -------------------------------------------------------------------
                         slack                                  7.688    

Slack (MET) :             7.760ns  (required time - arrival time)
  Source:                 BD_i/ChaosCoreTop_0/inst/chiptop/system/tile_prci_domain/element_reset_domain_ChaosCore_tile/core/ROB/ROB_shared_bank/shared_mem/shared_mem_ext/mem_0_0/ram_R_1_addr_pipe_0_reg[1]/C
                            (rising edge-triggered cell FDRE clocked by clk_pl_0  {rise@0.000ns fall@10.000ns period=20.000ns})
  Destination:            BD_i/ChaosCoreTop_0/inst/chiptop/system/tile_prci_domain/element_reset_domain_ChaosCore_tile/core/backend/execution_engine/MOB/MOB_9_address_reg[19]/CE
                            (rising edge-triggered cell FDRE clocked by clk_pl_0  {rise@0.000ns fall@10.000ns period=20.000ns})
  Path Group:             clk_pl_0
  Path Type:              Setup (Max at Slow Process Corner)
  Requirement:            20.000ns  (clk_pl_0 rise@20.000ns - clk_pl_0 rise@0.000ns)
  Data Path Delay:        11.802ns  (logic 1.691ns (14.328%)  route 10.111ns (85.672%))
  Logic Levels:           15  (LUT4=2 LUT5=7 LUT6=4 MUXF7=1 MUXF8=1)
  Clock Path Skew:        -0.162ns (DCD - SCD + CPR)
    Destination Clock Delay (DCD):    1.845ns = ( 21.845 - 20.000 ) 
    Source Clock Delay      (SCD):    2.109ns
    Clock Pessimism Removal (CPR):    0.102ns
  Clock Uncertainty:      0.233ns  ((TSJ^2 + DJ^2)^1/2) / 2 + PE
    Total System Jitter     (TSJ):    0.071ns
    Discrete Jitter          (DJ):    0.460ns
    Phase Error              (PE):    0.000ns
  Clock Net Delay (Source):      1.902ns (routing 0.638ns, distribution 1.264ns)
  Clock Net Delay (Destination): 1.678ns (routing 0.576ns, distribution 1.102ns)

    Location             Delay type                Incr(ns)  Path(ns)    Netlist Resource(s)
  -------------------------------------------------------------------    -------------------
                         (clock clk_pl_0 rise edge)
                                                      0.000     0.000 r  
    PS8_X0Y0             PS8                          0.000     0.000 r  BD_i/zynq_ultra_ps_e_0/inst/PS8_i/PLCLK[0]
                         net (fo=1, routed)           0.178     0.178    BD_i/zynq_ultra_ps_e_0/inst/pl_clk_unbuffered[0]
    BUFG_PS_X0Y58        BUFG_PS (Prop_BUFG_PS_I_O)
                                                      0.029     0.207 r  BD_i/zynq_ultra_ps_e_0/inst/buffer_pl_clk_0.PL_CLK_0_BUFG/O
    X0Y1 (CLOCK_ROOT)    net (fo=61648, routed)       1.902     2.109    BD_i/ChaosCoreTop_0/inst/chiptop/system/tile_prci_domain/element_reset_domain_ChaosCore_tile/core/ROB/ROB_shared_bank/shared_mem/shared_mem_ext/mem_0_0/clock_uncore
    SLICE_X38Y73         FDRE                                         r  BD_i/ChaosCoreTop_0/inst/chiptop/system/tile_prci_domain/element_reset_domain_ChaosCore_tile/core/ROB/ROB_shared_bank/shared_mem/shared_mem_ext/mem_0_0/ram_R_1_addr_pipe_0_reg[1]/C
  -------------------------------------------------------------------    -------------------
    SLICE_X38Y73         FDRE (Prop_EFF_SLICEL_C_Q)
                                                      0.096     2.205 r  BD_i/ChaosCoreTop_0/inst/chiptop/system/tile_prci_domain/element_reset_domain_ChaosCore_tile/core/ROB/ROB_shared_bank/shared_mem/shared_mem_ext/mem_0_0/ram_R_1_addr_pipe_0_reg[1]/Q
                         net (fo=305, routed)         0.987     3.192    BD_i/ChaosCoreTop_0/inst/chiptop/system/tile_prci_domain/element_reset_domain_ChaosCore_tile/core/ROB/ROB_instruction_banks_0/ram_R_1_addr_pipe_0[1]
    SLICE_X29Y53         LUT6 (Prop_E6LUT_SLICEM_I2_O)
                                                      0.177     3.369 r  BD_i/ChaosCoreTop_0/inst/chiptop/system/tile_prci_domain/element_reset_domain_ChaosCore_tile/core/ROB/ROB_instruction_banks_0/minstret_reg[7]_i_41/O
                         net (fo=1, routed)           0.014     3.383    BD_i/ChaosCoreTop_0/inst/chiptop/system/tile_prci_domain/element_reset_domain_ChaosCore_tile/core/ROB/ROB_instruction_banks_0/minstret_reg[7]_i_41_n_0
    SLICE_X29Y53         MUXF7 (Prop_F7MUX_EF_SLICEM_I1_O)
                                                      0.079     3.462 r  BD_i/ChaosCoreTop_0/inst/chiptop/system/tile_prci_domain/element_reset_domain_ChaosCore_tile/core/ROB/ROB_instruction_banks_0/minstret_reg_reg[7]_i_29/O
                         net (fo=1, routed)           0.000     3.462    BD_i/ChaosCoreTop_0/inst/chiptop/system/tile_prci_domain/element_reset_domain_ChaosCore_tile/core/ROB/ROB_instruction_banks_0/minstret_reg_reg[7]_i_29_n_0
    SLICE_X29Y53         MUXF8 (Prop_F8MUX_TOP_SLICEM_I1_O)
                                                      0.028     3.490 r  BD_i/ChaosCoreTop_0/inst/chiptop/system/tile_prci_domain/element_reset_domain_ChaosCore_tile/core/ROB/ROB_instruction_banks_0/minstret_reg_reg[7]_i_22/O
                         net (fo=1, routed)           0.534     4.024    BD_i/ChaosCoreTop_0/inst/chiptop/system/tile_prci_domain/element_reset_domain_ChaosCore_tile/core/ROB/ROB_instruction_banks_0/minstret_reg_reg[7]_i_22_n_0
    SLICE_X32Y60         LUT6 (Prop_G6LUT_SLICEL_I1_O)
                                                      0.114     4.138 r  BD_i/ChaosCoreTop_0/inst/chiptop/system/tile_prci_domain/element_reset_domain_ChaosCore_tile/core/ROB/ROB_instruction_banks_0/minstret_reg[7]_i_11/O
                         net (fo=88, routed)          0.734     4.872    BD_i/ChaosCoreTop_0/inst/chiptop/system/tile_prci_domain/element_reset_domain_ChaosCore_tile/core/ROB/ROB_instruction_banks_0/insn_mem/insn_mem_ext/mem_0_0/commit_free_list_buffer_26_reg
    SLICE_X38Y68         LUT5 (Prop_D5LUT_SLICEL_I1_O)
                                                      0.118     4.990 r  BD_i/ChaosCoreTop_0/inst/chiptop/system/tile_prci_domain/element_reset_domain_ChaosCore_tile/core/ROB/ROB_instruction_banks_0/insn_mem/insn_mem_ext/mem_0_0/wb_mem_63_committed_i_3/O
                         net (fo=92, routed)          0.801     5.791    BD_i/ChaosCoreTop_0/inst/chiptop/system/tile_prci_domain/element_reset_domain_ChaosCore_tile/core/ROB/ROB_instruction_banks_0/insn_mem/insn_mem_ext/mem_0_0/clock_uncore_24
    SLICE_X32Y37         LUT6 (Prop_H6LUT_SLICEL_I5_O)
                                                      0.149     5.940 r  BD_i/ChaosCoreTop_0/inst/chiptop/system/tile_prci_domain/element_reset_domain_ChaosCore_tile/core/ROB/ROB_instruction_banks_0/insn_mem/insn_mem_ext/mem_0_0/mepc_reg_PC[31]_i_7/O
                         net (fo=66, routed)          0.290     6.230    BD_i/ChaosCoreTop_0/inst/chiptop/system/tile_prci_domain/element_reset_domain_ChaosCore_tile/core/ROB/ROB_shared_bank/shared_mem/shared_mem_ext/mem_0_0/mepc_reg_PC[31]_i_6
    SLICE_X33Y36         LUT4 (Prop_H5LUT_SLICEL_I2_O)
                                                      0.164     6.394 r  BD_i/ChaosCoreTop_0/inst/chiptop/system/tile_prci_domain/element_reset_domain_ChaosCore_tile/core/ROB/ROB_shared_bank/shared_mem/shared_mem_ext/mem_0_0/wrap_1_i_5__0/O
                         net (fo=45, routed)          1.064     7.458    BD_i/ChaosCoreTop_0/inst/chiptop/system/tile_prci_domain/element_reset_domain_ChaosCore_tile/core/ROB/ROB_shared_bank/shared_mem/shared_mem_ext/mem_0_0/clock_uncore_0
    SLICE_X40Y75         LUT5 (Prop_D5LUT_SLICEM_I4_O)
                                                      0.120     7.578 f  BD_i/ChaosCoreTop_0/inst/chiptop/system/tile_prci_domain/element_reset_domain_ChaosCore_tile/core/ROB/ROB_shared_bank/shared_mem/shared_mem_ext/mem_0_0/speculative_RAT_21[6]_i_3/O
                         net (fo=189, routed)         0.938     8.515    BD_i/ChaosCoreTop_0/inst/chiptop/system/tile_prci_domain/element_reset_domain_ChaosCore_tile/core/backend/execution_engine/MOB/interrupt_reg_12_alias
    SLICE_X40Y138        LUT5 (Prop_F6LUT_SLICEM_I0_O)
                                                      0.062     8.577 r  BD_i/ChaosCoreTop_0/inst/chiptop/system/tile_prci_domain/element_reset_domain_ChaosCore_tile/core/backend/execution_engine/MOB/MOB_15_ROB_index[5]_i_6/O
                         net (fo=2, routed)           0.450     9.027    BD_i/ChaosCoreTop_0/inst/chiptop/system/tile_prci_domain/element_reset_domain_ChaosCore_tile/core/backend/execution_engine/MOB/_execution_engine_io_reserve_0_ready
    SLICE_X43Y110        LUT5 (Prop_G6LUT_SLICEM_I0_O)
                                                      0.039     9.066 f  BD_i/ChaosCoreTop_0/inst/chiptop/system/tile_prci_domain/element_reset_domain_ChaosCore_tile/core/backend/execution_engine/MOB/wrap_1_i_5/O
                         net (fo=1, routed)           0.574     9.640    BD_i/ChaosCoreTop_0/inst/chiptop/system/tile_prci_domain/element_reset_domain_ChaosCore_tile/core/backend/FP_RS_0/io_decoded_fetch_packet_ready_REG_reg_0
    SLICE_X47Y136        LUT5 (Prop_B6LUT_SLICEL_I1_O)
                                                      0.064     9.704 r  BD_i/ChaosCoreTop_0/inst/chiptop/system/tile_prci_domain/element_reset_domain_ChaosCore_tile/core/backend/FP_RS_0/wrap_1_i_3__0/O
                         net (fo=6, routed)           0.690    10.394    BD_i/ChaosCoreTop_0/inst/chiptop/system/tile_prci_domain/element_reset_domain_ChaosCore_tile/core/frontend/FP_rename/renamed_decoded_fetch_packet_Q/ram_ext/_backend_io_backend_packet_0_ready
    SLICE_X43Y94         LUT6 (Prop_E6LUT_SLICEM_I3_O)
                                                      0.101    10.495 r  BD_i/ChaosCoreTop_0/inst/chiptop/system/tile_prci_domain/element_reset_domain_ChaosCore_tile/core/frontend/FP_rename/renamed_decoded_fetch_packet_Q/ram_ext/MOB_15_ROB_index[5]_i_5/O
                         net (fo=7, routed)           0.622    11.117    BD_i/ChaosCoreTop_0/inst/chiptop/system/tile_prci_domain/element_reset_domain_ChaosCore_tile/core/frontend/FP_rename/renamed_decoded_fetch_packet_Q/ram_ext/io_backend_packet_0_valid0
    SLICE_X32Y108        LUT5 (Prop_G6LUT_SLICEL_I3_O)
                                                      0.114    11.231 r  BD_i/ChaosCoreTop_0/inst/chiptop/system/tile_prci_domain/element_reset_domain_ChaosCore_tile/core/frontend/FP_rename/renamed_decoded_fetch_packet_Q/ram_ext/MOB_15_ROB_index[5]_i_4/O
                         net (fo=21, routed)          0.608    11.839    BD_i/ChaosCoreTop_0/inst/chiptop/system/tile_prci_domain/element_reset_domain_ChaosCore_tile/core/backend/execution_engine/MOB/MOB_15_ROB_index_reg[5]_1
    SLICE_X35Y140        LUT5 (Prop_C5LUT_SLICEL_I2_O)
                                                      0.168    12.007 r  BD_i/ChaosCoreTop_0/inst/chiptop/system/tile_prci_domain/element_reset_domain_ChaosCore_tile/core/backend/execution_engine/MOB/MOB_9_ROB_index[5]_i_2/O
                         net (fo=25, routed)          0.912    12.919    BD_i/ChaosCoreTop_0/inst/chiptop/system/tile_prci_domain/element_reset_domain_ChaosCore_tile/core/backend/execution_engine/INT_FUs_3/AGU/FU_output/ram_ext/MOB_9_address_reg[0]
    SLICE_X38Y154        LUT4 (Prop_C6LUT_SLICEL_I3_O)
                                                      0.098    13.017 r  BD_i/ChaosCoreTop_0/inst/chiptop/system/tile_prci_domain/element_reset_domain_ChaosCore_tile/core/backend/execution_engine/INT_FUs_3/AGU/FU_output/ram_ext/MOB_9_address[31]_i_1/O
                         net (fo=64, routed)          0.894    13.911    BD_i/ChaosCoreTop_0/inst/chiptop/system/tile_prci_domain/element_reset_domain_ChaosCore_tile/core/backend/execution_engine/MOB/MOB_9_address_reg[0]_0[0]
    SLICE_X35Y134        FDRE                                         r  BD_i/ChaosCoreTop_0/inst/chiptop/system/tile_prci_domain/element_reset_domain_ChaosCore_tile/core/backend/execution_engine/MOB/MOB_9_address_reg[19]/CE
  -------------------------------------------------------------------    -------------------

                         (clock clk_pl_0 rise edge)
                                                     20.000    20.000 r  
    PS8_X0Y0             PS8                          0.000    20.000 r  BD_i/zynq_ultra_ps_e_0/inst/PS8_i/PLCLK[0]
                         net (fo=1, routed)           0.140    20.140    BD_i/zynq_ultra_ps_e_0/inst/pl_clk_unbuffered[0]
    BUFG_PS_X0Y58        BUFG_PS (Prop_BUFG_PS_I_O)
                                                      0.027    20.167 r  BD_i/zynq_ultra_ps_e_0/inst/buffer_pl_clk_0.PL_CLK_0_BUFG/O
    X0Y1 (CLOCK_ROOT)    net (fo=61648, routed)       1.678    21.845    BD_i/ChaosCoreTop_0/inst/chiptop/system/tile_prci_domain/element_reset_domain_ChaosCore_tile/core/backend/execution_engine/MOB/clock_uncore
    SLICE_X35Y134        FDRE                                         r  BD_i/ChaosCoreTop_0/inst/chiptop/system/tile_prci_domain/element_reset_domain_ChaosCore_tile/core/backend/execution_engine/MOB/MOB_9_address_reg[19]/C
                         clock pessimism              0.102    21.947    
                         clock uncertainty           -0.233    21.714    
    SLICE_X35Y134        FDRE (Setup_HFF_SLICEL_C_CE)
                                                     -0.043    21.671    BD_i/ChaosCoreTop_0/inst/chiptop/system/tile_prci_domain/element_reset_domain_ChaosCore_tile/core/backend/execution_engine/MOB/MOB_9_address_reg[19]
  -------------------------------------------------------------------
                         required time                         21.671    
                         arrival time                         -13.911    
  -------------------------------------------------------------------
                         slack                                  7.760    

Slack (MET) :             7.760ns  (required time - arrival time)
  Source:                 BD_i/ChaosCoreTop_0/inst/chiptop/system/tile_prci_domain/element_reset_domain_ChaosCore_tile/core/ROB/ROB_shared_bank/shared_mem/shared_mem_ext/mem_0_0/ram_R_1_addr_pipe_0_reg[1]/C
                            (rising edge-triggered cell FDRE clocked by clk_pl_0  {rise@0.000ns fall@10.000ns period=20.000ns})
  Destination:            BD_i/ChaosCoreTop_0/inst/chiptop/system/tile_prci_domain/element_reset_domain_ChaosCore_tile/core/backend/execution_engine/MOB/MOB_9_address_reg[20]/CE
                            (rising edge-triggered cell FDRE clocked by clk_pl_0  {rise@0.000ns fall@10.000ns period=20.000ns})
  Path Group:             clk_pl_0
  Path Type:              Setup (Max at Slow Process Corner)
  Requirement:            20.000ns  (clk_pl_0 rise@20.000ns - clk_pl_0 rise@0.000ns)
  Data Path Delay:        11.803ns  (logic 1.691ns (14.327%)  route 10.112ns (85.673%))
  Logic Levels:           15  (LUT4=2 LUT5=7 LUT6=4 MUXF7=1 MUXF8=1)
  Clock Path Skew:        -0.162ns (DCD - SCD + CPR)
    Destination Clock Delay (DCD):    1.845ns = ( 21.845 - 20.000 ) 
    Source Clock Delay      (SCD):    2.109ns
    Clock Pessimism Removal (CPR):    0.102ns
  Clock Uncertainty:      0.233ns  ((TSJ^2 + DJ^2)^1/2) / 2 + PE
    Total System Jitter     (TSJ):    0.071ns
    Discrete Jitter          (DJ):    0.460ns
    Phase Error              (PE):    0.000ns
  Clock Net Delay (Source):      1.902ns (routing 0.638ns, distribution 1.264ns)
  Clock Net Delay (Destination): 1.678ns (routing 0.576ns, distribution 1.102ns)

    Location             Delay type                Incr(ns)  Path(ns)    Netlist Resource(s)
  -------------------------------------------------------------------    -------------------
                         (clock clk_pl_0 rise edge)
                                                      0.000     0.000 r  
    PS8_X0Y0             PS8                          0.000     0.000 r  BD_i/zynq_ultra_ps_e_0/inst/PS8_i/PLCLK[0]
                         net (fo=1, routed)           0.178     0.178    BD_i/zynq_ultra_ps_e_0/inst/pl_clk_unbuffered[0]
    BUFG_PS_X0Y58        BUFG_PS (Prop_BUFG_PS_I_O)
                                                      0.029     0.207 r  BD_i/zynq_ultra_ps_e_0/inst/buffer_pl_clk_0.PL_CLK_0_BUFG/O
    X0Y1 (CLOCK_ROOT)    net (fo=61648, routed)       1.902     2.109    BD_i/ChaosCoreTop_0/inst/chiptop/system/tile_prci_domain/element_reset_domain_ChaosCore_tile/core/ROB/ROB_shared_bank/shared_mem/shared_mem_ext/mem_0_0/clock_uncore
    SLICE_X38Y73         FDRE                                         r  BD_i/ChaosCoreTop_0/inst/chiptop/system/tile_prci_domain/element_reset_domain_ChaosCore_tile/core/ROB/ROB_shared_bank/shared_mem/shared_mem_ext/mem_0_0/ram_R_1_addr_pipe_0_reg[1]/C
  -------------------------------------------------------------------    -------------------
    SLICE_X38Y73         FDRE (Prop_EFF_SLICEL_C_Q)
                                                      0.096     2.205 r  BD_i/ChaosCoreTop_0/inst/chiptop/system/tile_prci_domain/element_reset_domain_ChaosCore_tile/core/ROB/ROB_shared_bank/shared_mem/shared_mem_ext/mem_0_0/ram_R_1_addr_pipe_0_reg[1]/Q
                         net (fo=305, routed)         0.987     3.192    BD_i/ChaosCoreTop_0/inst/chiptop/system/tile_prci_domain/element_reset_domain_ChaosCore_tile/core/ROB/ROB_instruction_banks_0/ram_R_1_addr_pipe_0[1]
    SLICE_X29Y53         LUT6 (Prop_E6LUT_SLICEM_I2_O)
                                                      0.177     3.369 r  BD_i/ChaosCoreTop_0/inst/chiptop/system/tile_prci_domain/element_reset_domain_ChaosCore_tile/core/ROB/ROB_instruction_banks_0/minstret_reg[7]_i_41/O
                         net (fo=1, routed)           0.014     3.383    BD_i/ChaosCoreTop_0/inst/chiptop/system/tile_prci_domain/element_reset_domain_ChaosCore_tile/core/ROB/ROB_instruction_banks_0/minstret_reg[7]_i_41_n_0
    SLICE_X29Y53         MUXF7 (Prop_F7MUX_EF_SLICEM_I1_O)
                                                      0.079     3.462 r  BD_i/ChaosCoreTop_0/inst/chiptop/system/tile_prci_domain/element_reset_domain_ChaosCore_tile/core/ROB/ROB_instruction_banks_0/minstret_reg_reg[7]_i_29/O
                         net (fo=1, routed)           0.000     3.462    BD_i/ChaosCoreTop_0/inst/chiptop/system/tile_prci_domain/element_reset_domain_ChaosCore_tile/core/ROB/ROB_instruction_banks_0/minstret_reg_reg[7]_i_29_n_0
    SLICE_X29Y53         MUXF8 (Prop_F8MUX_TOP_SLICEM_I1_O)
                                                      0.028     3.490 r  BD_i/ChaosCoreTop_0/inst/chiptop/system/tile_prci_domain/element_reset_domain_ChaosCore_tile/core/ROB/ROB_instruction_banks_0/minstret_reg_reg[7]_i_22/O
                         net (fo=1, routed)           0.534     4.024    BD_i/ChaosCoreTop_0/inst/chiptop/system/tile_prci_domain/element_reset_domain_ChaosCore_tile/core/ROB/ROB_instruction_banks_0/minstret_reg_reg[7]_i_22_n_0
    SLICE_X32Y60         LUT6 (Prop_G6LUT_SLICEL_I1_O)
                                                      0.114     4.138 r  BD_i/ChaosCoreTop_0/inst/chiptop/system/tile_prci_domain/element_reset_domain_ChaosCore_tile/core/ROB/ROB_instruction_banks_0/minstret_reg[7]_i_11/O
                         net (fo=88, routed)          0.734     4.872    BD_i/ChaosCoreTop_0/inst/chiptop/system/tile_prci_domain/element_reset_domain_ChaosCore_tile/core/ROB/ROB_instruction_banks_0/insn_mem/insn_mem_ext/mem_0_0/commit_free_list_buffer_26_reg
    SLICE_X38Y68         LUT5 (Prop_D5LUT_SLICEL_I1_O)
                                                      0.118     4.990 r  BD_i/ChaosCoreTop_0/inst/chiptop/system/tile_prci_domain/element_reset_domain_ChaosCore_tile/core/ROB/ROB_instruction_banks_0/insn_mem/insn_mem_ext/mem_0_0/wb_mem_63_committed_i_3/O
                         net (fo=92, routed)          0.801     5.791    BD_i/ChaosCoreTop_0/inst/chiptop/system/tile_prci_domain/element_reset_domain_ChaosCore_tile/core/ROB/ROB_instruction_banks_0/insn_mem/insn_mem_ext/mem_0_0/clock_uncore_24
    SLICE_X32Y37         LUT6 (Prop_H6LUT_SLICEL_I5_O)
                                                      0.149     5.940 r  BD_i/ChaosCoreTop_0/inst/chiptop/system/tile_prci_domain/element_reset_domain_ChaosCore_tile/core/ROB/ROB_instruction_banks_0/insn_mem/insn_mem_ext/mem_0_0/mepc_reg_PC[31]_i_7/O
                         net (fo=66, routed)          0.290     6.230    BD_i/ChaosCoreTop_0/inst/chiptop/system/tile_prci_domain/element_reset_domain_ChaosCore_tile/core/ROB/ROB_shared_bank/shared_mem/shared_mem_ext/mem_0_0/mepc_reg_PC[31]_i_6
    SLICE_X33Y36         LUT4 (Prop_H5LUT_SLICEL_I2_O)
                                                      0.164     6.394 r  BD_i/ChaosCoreTop_0/inst/chiptop/system/tile_prci_domain/element_reset_domain_ChaosCore_tile/core/ROB/ROB_shared_bank/shared_mem/shared_mem_ext/mem_0_0/wrap_1_i_5__0/O
                         net (fo=45, routed)          1.064     7.458    BD_i/ChaosCoreTop_0/inst/chiptop/system/tile_prci_domain/element_reset_domain_ChaosCore_tile/core/ROB/ROB_shared_bank/shared_mem/shared_mem_ext/mem_0_0/clock_uncore_0
    SLICE_X40Y75         LUT5 (Prop_D5LUT_SLICEM_I4_O)
                                                      0.120     7.578 f  BD_i/ChaosCoreTop_0/inst/chiptop/system/tile_prci_domain/element_reset_domain_ChaosCore_tile/core/ROB/ROB_shared_bank/shared_mem/shared_mem_ext/mem_0_0/speculative_RAT_21[6]_i_3/O
                         net (fo=189, routed)         0.938     8.515    BD_i/ChaosCoreTop_0/inst/chiptop/system/tile_prci_domain/element_reset_domain_ChaosCore_tile/core/backend/execution_engine/MOB/interrupt_reg_12_alias
    SLICE_X40Y138        LUT5 (Prop_F6LUT_SLICEM_I0_O)
                                                      0.062     8.577 r  BD_i/ChaosCoreTop_0/inst/chiptop/system/tile_prci_domain/element_reset_domain_ChaosCore_tile/core/backend/execution_engine/MOB/MOB_15_ROB_index[5]_i_6/O
                         net (fo=2, routed)           0.450     9.027    BD_i/ChaosCoreTop_0/inst/chiptop/system/tile_prci_domain/element_reset_domain_ChaosCore_tile/core/backend/execution_engine/MOB/_execution_engine_io_reserve_0_ready
    SLICE_X43Y110        LUT5 (Prop_G6LUT_SLICEM_I0_O)
                                                      0.039     9.066 f  BD_i/ChaosCoreTop_0/inst/chiptop/system/tile_prci_domain/element_reset_domain_ChaosCore_tile/core/backend/execution_engine/MOB/wrap_1_i_5/O
                         net (fo=1, routed)           0.574     9.640    BD_i/ChaosCoreTop_0/inst/chiptop/system/tile_prci_domain/element_reset_domain_ChaosCore_tile/core/backend/FP_RS_0/io_decoded_fetch_packet_ready_REG_reg_0
    SLICE_X47Y136        LUT5 (Prop_B6LUT_SLICEL_I1_O)
                                                      0.064     9.704 r  BD_i/ChaosCoreTop_0/inst/chiptop/system/tile_prci_domain/element_reset_domain_ChaosCore_tile/core/backend/FP_RS_0/wrap_1_i_3__0/O
                         net (fo=6, routed)           0.690    10.394    BD_i/ChaosCoreTop_0/inst/chiptop/system/tile_prci_domain/element_reset_domain_ChaosCore_tile/core/frontend/FP_rename/renamed_decoded_fetch_packet_Q/ram_ext/_backend_io_backend_packet_0_ready
    SLICE_X43Y94         LUT6 (Prop_E6LUT_SLICEM_I3_O)
                                                      0.101    10.495 r  BD_i/ChaosCoreTop_0/inst/chiptop/system/tile_prci_domain/element_reset_domain_ChaosCore_tile/core/frontend/FP_rename/renamed_decoded_fetch_packet_Q/ram_ext/MOB_15_ROB_index[5]_i_5/O
                         net (fo=7, routed)           0.622    11.117    BD_i/ChaosCoreTop_0/inst/chiptop/system/tile_prci_domain/element_reset_domain_ChaosCore_tile/core/frontend/FP_rename/renamed_decoded_fetch_packet_Q/ram_ext/io_backend_packet_0_valid0
    SLICE_X32Y108        LUT5 (Prop_G6LUT_SLICEL_I3_O)
                                                      0.114    11.231 r  BD_i/ChaosCoreTop_0/inst/chiptop/system/tile_prci_domain/element_reset_domain_ChaosCore_tile/core/frontend/FP_rename/renamed_decoded_fetch_packet_Q/ram_ext/MOB_15_ROB_index[5]_i_4/O
                         net (fo=21, routed)          0.608    11.839    BD_i/ChaosCoreTop_0/inst/chiptop/system/tile_prci_domain/element_reset_domain_ChaosCore_tile/core/backend/execution_engine/MOB/MOB_15_ROB_index_reg[5]_1
    SLICE_X35Y140        LUT5 (Prop_C5LUT_SLICEL_I2_O)
                                                      0.168    12.007 r  BD_i/ChaosCoreTop_0/inst/chiptop/system/tile_prci_domain/element_reset_domain_ChaosCore_tile/core/backend/execution_engine/MOB/MOB_9_ROB_index[5]_i_2/O
                         net (fo=25, routed)          0.912    12.919    BD_i/ChaosCoreTop_0/inst/chiptop/system/tile_prci_domain/element_reset_domain_ChaosCore_tile/core/backend/execution_engine/INT_FUs_3/AGU/FU_output/ram_ext/MOB_9_address_reg[0]
    SLICE_X38Y154        LUT4 (Prop_C6LUT_SLICEL_I3_O)
                                                      0.098    13.017 r  BD_i/ChaosCoreTop_0/inst/chiptop/system/tile_prci_domain/element_reset_domain_ChaosCore_tile/core/backend/execution_engine/INT_FUs_3/AGU/FU_output/ram_ext/MOB_9_address[31]_i_1/O
                         net (fo=64, routed)          0.895    13.912    BD_i/ChaosCoreTop_0/inst/chiptop/system/tile_prci_domain/element_reset_domain_ChaosCore_tile/core/backend/execution_engine/MOB/MOB_9_address_reg[0]_0[0]
    SLICE_X35Y134        FDRE                                         r  BD_i/ChaosCoreTop_0/inst/chiptop/system/tile_prci_domain/element_reset_domain_ChaosCore_tile/core/backend/execution_engine/MOB/MOB_9_address_reg[20]/CE
  -------------------------------------------------------------------    -------------------

                         (clock clk_pl_0 rise edge)
                                                     20.000    20.000 r  
    PS8_X0Y0             PS8                          0.000    20.000 r  BD_i/zynq_ultra_ps_e_0/inst/PS8_i/PLCLK[0]
                         net (fo=1, routed)           0.140    20.140    BD_i/zynq_ultra_ps_e_0/inst/pl_clk_unbuffered[0]
    BUFG_PS_X0Y58        BUFG_PS (Prop_BUFG_PS_I_O)
                                                      0.027    20.167 r  BD_i/zynq_ultra_ps_e_0/inst/buffer_pl_clk_0.PL_CLK_0_BUFG/O
    X0Y1 (CLOCK_ROOT)    net (fo=61648, routed)       1.678    21.845    BD_i/ChaosCoreTop_0/inst/chiptop/system/tile_prci_domain/element_reset_domain_ChaosCore_tile/core/backend/execution_engine/MOB/clock_uncore
    SLICE_X35Y134        FDRE                                         r  BD_i/ChaosCoreTop_0/inst/chiptop/system/tile_prci_domain/element_reset_domain_ChaosCore_tile/core/backend/execution_engine/MOB/MOB_9_address_reg[20]/C
                         clock pessimism              0.102    21.947    
                         clock uncertainty           -0.233    21.714    
    SLICE_X35Y134        FDRE (Setup_HFF2_SLICEL_C_CE)
                                                     -0.042    21.672    BD_i/ChaosCoreTop_0/inst/chiptop/system/tile_prci_domain/element_reset_domain_ChaosCore_tile/core/backend/execution_engine/MOB/MOB_9_address_reg[20]
  -------------------------------------------------------------------
                         required time                         21.672    
                         arrival time                         -13.912    
  -------------------------------------------------------------------
                         slack                                  7.760    





Min Delay Paths
--------------------------------------------------------------------------------------
Slack (MET) :             0.010ns  (arrival time - required time)
  Source:                 <hidden>
                            (rising edge-triggered cell FDRE clocked by clk_pl_0  {rise@0.000ns fall@10.000ns period=20.000ns})
  Destination:            <hidden>
                            (rising edge-triggered cell RAMD32 clocked by clk_pl_0  {rise@0.000ns fall@10.000ns period=20.000ns})
  Path Group:             clk_pl_0
  Path Type:              Hold (Min at Slow Process Corner)
  Requirement:            0.000ns  (clk_pl_0 rise@0.000ns - clk_pl_0 rise@0.000ns)
  Data Path Delay:        0.231ns  (logic 0.071ns (30.736%)  route 0.160ns (69.264%))
  Logic Levels:           0  
  Clock Path Skew:        0.141ns (DCD - SCD - CPR)
    Destination Clock Delay (DCD):    2.018ns
    Source Clock Delay      (SCD):    1.721ns
    Clock Pessimism Removal (CPR):    0.156ns
  Clock Net Delay (Source):      1.554ns (routing 0.576ns, distribution 0.978ns)
  Clock Net Delay (Destination): 1.811ns (routing 0.638ns, distribution 1.173ns)

    Location             Delay type                Incr(ns)  Path(ns)    Netlist Resource(s)
  -------------------------------------------------------------------    -------------------
                         (clock clk_pl_0 rise edge)
                                                      0.000     0.000 r  
    PS8_X0Y0             PS8                          0.000     0.000 r  BD_i/zynq_ultra_ps_e_0/inst/PS8_i/PLCLK[0]
                         net (fo=1, routed)           0.140     0.140    BD_i/zynq_ultra_ps_e_0/inst/pl_clk_unbuffered[0]
    BUFG_PS_X0Y58        BUFG_PS (Prop_BUFG_PS_I_O)
                                                      0.027     0.167 r  BD_i/zynq_ultra_ps_e_0/inst/buffer_pl_clk_0.PL_CLK_0_BUFG/O
    X0Y1 (CLOCK_ROOT)    net (fo=61648, routed)       1.554     1.721    <hidden>
    SLICE_X20Y86         FDRE                                         r  <hidden>
  -------------------------------------------------------------------    -------------------
    SLICE_X20Y86         FDRE (Prop_HFF2_SLICEM_C_Q)
                                                      0.071     1.792 r  <hidden>
                         net (fo=1, routed)           0.160     1.952    <hidden>
    SLICE_X19Y85         RAMD32                                       r  <hidden>
  -------------------------------------------------------------------    -------------------

                         (clock clk_pl_0 rise edge)
                                                      0.000     0.000 r  
    PS8_X0Y0             PS8                          0.000     0.000 r  BD_i/zynq_ultra_ps_e_0/inst/PS8_i/PLCLK[0]
                         net (fo=1, routed)           0.178     0.178    BD_i/zynq_ultra_ps_e_0/inst/pl_clk_unbuffered[0]
    BUFG_PS_X0Y58        BUFG_PS (Prop_BUFG_PS_I_O)
                                                      0.029     0.207 r  BD_i/zynq_ultra_ps_e_0/inst/buffer_pl_clk_0.PL_CLK_0_BUFG/O
    X0Y1 (CLOCK_ROOT)    net (fo=61648, routed)       1.811     2.018    <hidden>
    SLICE_X19Y85         RAMD32                                       r  <hidden>
                         clock pessimism             -0.156     1.862    
    SLICE_X19Y85         RAMD32 (Hold_D5LUT_SLICEM_CLK_I)
                                                      0.080     1.942    <hidden>
  -------------------------------------------------------------------
                         required time                         -1.942    
                         arrival time                           1.952    
  -------------------------------------------------------------------
                         slack                                  0.010    

Slack (MET) :             0.010ns  (arrival time - required time)
  Source:                 <hidden>
                            (rising edge-triggered cell FDRE clocked by clk_pl_0  {rise@0.000ns fall@10.000ns period=20.000ns})
  Destination:            <hidden>
                            (rising edge-triggered cell RAMD32 clocked by clk_pl_0  {rise@0.000ns fall@10.000ns period=20.000ns})
  Path Group:             clk_pl_0
  Path Type:              Hold (Min at Slow Process Corner)
  Requirement:            0.000ns  (clk_pl_0 rise@0.000ns - clk_pl_0 rise@0.000ns)
  Data Path Delay:        0.206ns  (logic 0.070ns (33.981%)  route 0.136ns (66.019%))
  Logic Levels:           0  
  Clock Path Skew:        0.132ns (DCD - SCD - CPR)
    Destination Clock Delay (DCD):    2.013ns
    Source Clock Delay      (SCD):    1.720ns
    Clock Pessimism Removal (CPR):    0.161ns
  Clock Net Delay (Source):      1.553ns (routing 0.576ns, distribution 0.977ns)
  Clock Net Delay (Destination): 1.806ns (routing 0.638ns, distribution 1.168ns)

    Location             Delay type                Incr(ns)  Path(ns)    Netlist Resource(s)
  -------------------------------------------------------------------    -------------------
                         (clock clk_pl_0 rise edge)
                                                      0.000     0.000 r  
    PS8_X0Y0             PS8                          0.000     0.000 r  BD_i/zynq_ultra_ps_e_0/inst/PS8_i/PLCLK[0]
                         net (fo=1, routed)           0.140     0.140    BD_i/zynq_ultra_ps_e_0/inst/pl_clk_unbuffered[0]
    BUFG_PS_X0Y58        BUFG_PS (Prop_BUFG_PS_I_O)
                                                      0.027     0.167 r  BD_i/zynq_ultra_ps_e_0/inst/buffer_pl_clk_0.PL_CLK_0_BUFG/O
    X0Y1 (CLOCK_ROOT)    net (fo=61648, routed)       1.553     1.720    <hidden>
    SLICE_X18Y37         FDRE                                         r  <hidden>
  -------------------------------------------------------------------    -------------------
    SLICE_X18Y37         FDRE (Prop_BFF_SLICEL_C_Q)
                                                      0.070     1.790 r  <hidden>
                         net (fo=1, routed)           0.136     1.926    <hidden>
    SLICE_X16Y37         RAMD32                                       r  <hidden>
  -------------------------------------------------------------------    -------------------

                         (clock clk_pl_0 rise edge)
                                                      0.000     0.000 r  
    PS8_X0Y0             PS8                          0.000     0.000 r  BD_i/zynq_ultra_ps_e_0/inst/PS8_i/PLCLK[0]
                         net (fo=1, routed)           0.178     0.178    BD_i/zynq_ultra_ps_e_0/inst/pl_clk_unbuffered[0]
    BUFG_PS_X0Y58        BUFG_PS (Prop_BUFG_PS_I_O)
                                                      0.029     0.207 r  BD_i/zynq_ultra_ps_e_0/inst/buffer_pl_clk_0.PL_CLK_0_BUFG/O
    X0Y1 (CLOCK_ROOT)    net (fo=61648, routed)       1.806     2.013    <hidden>
    SLICE_X16Y37         RAMD32                                       r  <hidden>
                         clock pessimism             -0.161     1.852    
    SLICE_X16Y37         RAMD32 (Hold_B6LUT_SLICEM_CLK_I)
                                                      0.064     1.916    <hidden>
  -------------------------------------------------------------------
                         required time                         -1.916    
                         arrival time                           1.926    
  -------------------------------------------------------------------
                         slack                                  0.010    

Slack (MET) :             0.010ns  (arrival time - required time)
  Source:                 BD_i/ChaosCoreTop_0/inst/chiptop/system/tile_prci_domain/element_reset_domain_ChaosCore_tile/core/backend/execution_engine/INT_FUs_1/div/divider/quotient_regs_30_reg[2]/C
                            (rising edge-triggered cell FDRE clocked by clk_pl_0  {rise@0.000ns fall@10.000ns period=20.000ns})
  Destination:            BD_i/ChaosCoreTop_0/inst/chiptop/system/tile_prci_domain/element_reset_domain_ChaosCore_tile/core/backend/execution_engine/INT_FUs_1/div/divider/quotient_regs_31_reg[3]/D
                            (rising edge-triggered cell FDRE clocked by clk_pl_0  {rise@0.000ns fall@10.000ns period=20.000ns})
  Path Group:             clk_pl_0
  Path Type:              Hold (Min at Slow Process Corner)
  Requirement:            0.000ns  (clk_pl_0 rise@0.000ns - clk_pl_0 rise@0.000ns)
  Data Path Delay:        0.187ns  (logic 0.070ns (37.433%)  route 0.117ns (62.567%))
  Logic Levels:           0  
  Clock Path Skew:        0.122ns (DCD - SCD - CPR)
    Destination Clock Delay (DCD):    2.200ns
    Source Clock Delay      (SCD):    1.912ns
    Clock Pessimism Removal (CPR):    0.166ns
  Clock Net Delay (Source):      1.745ns (routing 0.576ns, distribution 1.169ns)
  Clock Net Delay (Destination): 1.993ns (routing 0.638ns, distribution 1.355ns)

    Location             Delay type                Incr(ns)  Path(ns)    Netlist Resource(s)
  -------------------------------------------------------------------    -------------------
                         (clock clk_pl_0 rise edge)
                                                      0.000     0.000 r  
    PS8_X0Y0             PS8                          0.000     0.000 r  BD_i/zynq_ultra_ps_e_0/inst/PS8_i/PLCLK[0]
                         net (fo=1, routed)           0.140     0.140    BD_i/zynq_ultra_ps_e_0/inst/pl_clk_unbuffered[0]
    BUFG_PS_X0Y58        BUFG_PS (Prop_BUFG_PS_I_O)
                                                      0.027     0.167 r  BD_i/zynq_ultra_ps_e_0/inst/buffer_pl_clk_0.PL_CLK_0_BUFG/O
    X0Y1 (CLOCK_ROOT)    net (fo=61648, routed)       1.745     1.912    BD_i/ChaosCoreTop_0/inst/chiptop/system/tile_prci_domain/element_reset_domain_ChaosCore_tile/core/backend/execution_engine/INT_FUs_1/div/divider/clock_uncore
    SLICE_X44Y166        FDRE                                         r  BD_i/ChaosCoreTop_0/inst/chiptop/system/tile_prci_domain/element_reset_domain_ChaosCore_tile/core/backend/execution_engine/INT_FUs_1/div/divider/quotient_regs_30_reg[2]/C
  -------------------------------------------------------------------    -------------------
    SLICE_X44Y166        FDRE (Prop_HFF_SLICEL_C_Q)
                                                      0.070     1.982 r  BD_i/ChaosCoreTop_0/inst/chiptop/system/tile_prci_domain/element_reset_domain_ChaosCore_tile/core/backend/execution_engine/INT_FUs_1/div/divider/quotient_regs_30_reg[2]/Q
                         net (fo=1, routed)           0.117     2.099    BD_i/ChaosCoreTop_0/inst/chiptop/system/tile_prci_domain/element_reset_domain_ChaosCore_tile/core/backend/execution_engine/INT_FUs_1/div/divider/quotient_regs_30[2]
    SLICE_X45Y167        FDRE                                         r  BD_i/ChaosCoreTop_0/inst/chiptop/system/tile_prci_domain/element_reset_domain_ChaosCore_tile/core/backend/execution_engine/INT_FUs_1/div/divider/quotient_regs_31_reg[3]/D
  -------------------------------------------------------------------    -------------------

                         (clock clk_pl_0 rise edge)
                                                      0.000     0.000 r  
    PS8_X0Y0             PS8                          0.000     0.000 r  BD_i/zynq_ultra_ps_e_0/inst/PS8_i/PLCLK[0]
                         net (fo=1, routed)           0.178     0.178    BD_i/zynq_ultra_ps_e_0/inst/pl_clk_unbuffered[0]
    BUFG_PS_X0Y58        BUFG_PS (Prop_BUFG_PS_I_O)
                                                      0.029     0.207 r  BD_i/zynq_ultra_ps_e_0/inst/buffer_pl_clk_0.PL_CLK_0_BUFG/O
    X0Y1 (CLOCK_ROOT)    net (fo=61648, routed)       1.993     2.200    BD_i/ChaosCoreTop_0/inst/chiptop/system/tile_prci_domain/element_reset_domain_ChaosCore_tile/core/backend/execution_engine/INT_FUs_1/div/divider/clock_uncore
    SLICE_X45Y167        FDRE                                         r  BD_i/ChaosCoreTop_0/inst/chiptop/system/tile_prci_domain/element_reset_domain_ChaosCore_tile/core/backend/execution_engine/INT_FUs_1/div/divider/quotient_regs_31_reg[3]/C
                         clock pessimism             -0.166     2.034    
    SLICE_X45Y167        FDRE (Hold_FFF2_SLICEM_C_D)
                                                      0.055     2.089    BD_i/ChaosCoreTop_0/inst/chiptop/system/tile_prci_domain/element_reset_domain_ChaosCore_tile/core/backend/execution_engine/INT_FUs_1/div/divider/quotient_regs_31_reg[3]
  -------------------------------------------------------------------
                         required time                         -2.089    
                         arrival time                           2.099    
  -------------------------------------------------------------------
                         slack                                  0.010    

Slack (MET) :             0.010ns  (arrival time - required time)
  Source:                 <hidden>
                            (rising edge-triggered cell FDRE clocked by clk_pl_0  {rise@0.000ns fall@10.000ns period=20.000ns})
  Destination:            <hidden>
                            (rising edge-triggered cell RAMD32 clocked by clk_pl_0  {rise@0.000ns fall@10.000ns period=20.000ns})
  Path Group:             clk_pl_0
  Path Type:              Hold (Min at Slow Process Corner)
  Requirement:            0.000ns  (clk_pl_0 rise@0.000ns - clk_pl_0 rise@0.000ns)
  Data Path Delay:        0.229ns  (logic 0.071ns (31.004%)  route 0.158ns (68.996%))
  Logic Levels:           0  
  Clock Path Skew:        0.137ns (DCD - SCD - CPR)
    Destination Clock Delay (DCD):    1.985ns
    Source Clock Delay      (SCD):    1.692ns
    Clock Pessimism Removal (CPR):    0.156ns
  Clock Net Delay (Source):      1.525ns (routing 0.576ns, distribution 0.949ns)
  Clock Net Delay (Destination): 1.778ns (routing 0.638ns, distribution 1.140ns)

    Location             Delay type                Incr(ns)  Path(ns)    Netlist Resource(s)
  -------------------------------------------------------------------    -------------------
                         (clock clk_pl_0 rise edge)
                                                      0.000     0.000 r  
    PS8_X0Y0             PS8                          0.000     0.000 r  BD_i/zynq_ultra_ps_e_0/inst/PS8_i/PLCLK[0]
                         net (fo=1, routed)           0.140     0.140    BD_i/zynq_ultra_ps_e_0/inst/pl_clk_unbuffered[0]
    BUFG_PS_X0Y58        BUFG_PS (Prop_BUFG_PS_I_O)
                                                      0.027     0.167 r  BD_i/zynq_ultra_ps_e_0/inst/buffer_pl_clk_0.PL_CLK_0_BUFG/O
    X0Y1 (CLOCK_ROOT)    net (fo=61648, routed)       1.525     1.692    <hidden>
    SLICE_X13Y75         FDRE                                         r  <hidden>
  -------------------------------------------------------------------    -------------------
    SLICE_X13Y75         FDRE (Prop_HFF2_SLICEL_C_Q)
                                                      0.071     1.763 r  <hidden>
                         net (fo=1, routed)           0.158     1.921    <hidden>
    SLICE_X14Y74         RAMD32                                       r  <hidden>
  -------------------------------------------------------------------    -------------------

                         (clock clk_pl_0 rise edge)
                                                      0.000     0.000 r  
    PS8_X0Y0             PS8                          0.000     0.000 r  BD_i/zynq_ultra_ps_e_0/inst/PS8_i/PLCLK[0]
                         net (fo=1, routed)           0.178     0.178    BD_i/zynq_ultra_ps_e_0/inst/pl_clk_unbuffered[0]
    BUFG_PS_X0Y58        BUFG_PS (Prop_BUFG_PS_I_O)
                                                      0.029     0.207 r  BD_i/zynq_ultra_ps_e_0/inst/buffer_pl_clk_0.PL_CLK_0_BUFG/O
    X0Y1 (CLOCK_ROOT)    net (fo=61648, routed)       1.778     1.985    <hidden>
    SLICE_X14Y74         RAMD32                                       r  <hidden>
                         clock pessimism             -0.156     1.829    
    SLICE_X14Y74         RAMD32 (Hold_B5LUT_SLICEM_CLK_I)
                                                      0.082     1.911    <hidden>
  -------------------------------------------------------------------
                         required time                         -1.911    
                         arrival time                           1.921    
  -------------------------------------------------------------------
                         slack                                  0.010    

Slack (MET) :             0.010ns  (arrival time - required time)
  Source:                 <hidden>
                            (rising edge-triggered cell FDRE clocked by clk_pl_0  {rise@0.000ns fall@10.000ns period=20.000ns})
  Destination:            <hidden>
                            (rising edge-triggered cell RAMD32 clocked by clk_pl_0  {rise@0.000ns fall@10.000ns period=20.000ns})
  Path Group:             clk_pl_0
  Path Type:              Hold (Min at Slow Process Corner)
  Requirement:            0.000ns  (clk_pl_0 rise@0.000ns - clk_pl_0 rise@0.000ns)
  Data Path Delay:        0.198ns  (logic 0.071ns (35.859%)  route 0.127ns (64.141%))
  Logic Levels:           0  
  Clock Path Skew:        0.126ns (DCD - SCD - CPR)
    Destination Clock Delay (DCD):    2.002ns
    Source Clock Delay      (SCD):    1.715ns
    Clock Pessimism Removal (CPR):    0.161ns
  Clock Net Delay (Source):      1.548ns (routing 0.576ns, distribution 0.972ns)
  Clock Net Delay (Destination): 1.795ns (routing 0.638ns, distribution 1.157ns)

    Location             Delay type                Incr(ns)  Path(ns)    Netlist Resource(s)
  -------------------------------------------------------------------    -------------------
                         (clock clk_pl_0 rise edge)
                                                      0.000     0.000 r  
    PS8_X0Y0             PS8                          0.000     0.000 r  BD_i/zynq_ultra_ps_e_0/inst/PS8_i/PLCLK[0]
                         net (fo=1, routed)           0.140     0.140    BD_i/zynq_ultra_ps_e_0/inst/pl_clk_unbuffered[0]
    BUFG_PS_X0Y58        BUFG_PS (Prop_BUFG_PS_I_O)
                                                      0.027     0.167 r  BD_i/zynq_ultra_ps_e_0/inst/buffer_pl_clk_0.PL_CLK_0_BUFG/O
    X0Y1 (CLOCK_ROOT)    net (fo=61648, routed)       1.548     1.715    <hidden>
    SLICE_X11Y48         FDRE                                         r  <hidden>
  -------------------------------------------------------------------    -------------------
    SLICE_X11Y48         FDRE (Prop_CFF2_SLICEL_C_Q)
                                                      0.071     1.786 r  <hidden>
                         net (fo=1, routed)           0.127     1.913    <hidden>
    SLICE_X9Y47          RAMD32                                       r  <hidden>
  -------------------------------------------------------------------    -------------------

                         (clock clk_pl_0 rise edge)
                                                      0.000     0.000 r  
    PS8_X0Y0             PS8                          0.000     0.000 r  BD_i/zynq_ultra_ps_e_0/inst/PS8_i/PLCLK[0]
                         net (fo=1, routed)           0.178     0.178    BD_i/zynq_ultra_ps_e_0/inst/pl_clk_unbuffered[0]
    BUFG_PS_X0Y58        BUFG_PS (Prop_BUFG_PS_I_O)
                                                      0.029     0.207 r  BD_i/zynq_ultra_ps_e_0/inst/buffer_pl_clk_0.PL_CLK_0_BUFG/O
    X0Y1 (CLOCK_ROOT)    net (fo=61648, routed)       1.795     2.002    <hidden>
    SLICE_X9Y47          RAMD32                                       r  <hidden>
                         clock pessimism             -0.161     1.841    
    SLICE_X9Y47          RAMD32 (Hold_D6LUT_SLICEM_CLK_I)
                                                      0.062     1.903    <hidden>
  -------------------------------------------------------------------
                         required time                         -1.903    
                         arrival time                           1.913    
  -------------------------------------------------------------------
                         slack                                  0.010    

Slack (MET) :             0.010ns  (arrival time - required time)
  Source:                 <hidden>
                            (rising edge-triggered cell FDRE clocked by clk_pl_0  {rise@0.000ns fall@10.000ns period=20.000ns})
  Destination:            <hidden>
                            (rising edge-triggered cell SRLC32E clocked by clk_pl_0  {rise@0.000ns fall@10.000ns period=20.000ns})
  Path Group:             clk_pl_0
  Path Type:              Hold (Min at Slow Process Corner)
  Requirement:            0.000ns  (clk_pl_0 rise@0.000ns - clk_pl_0 rise@0.000ns)
  Data Path Delay:        0.221ns  (logic 0.069ns (31.198%)  route 0.152ns (68.802%))
  Logic Levels:           0  
  Clock Path Skew:        0.131ns (DCD - SCD - CPR)
    Destination Clock Delay (DCD):    2.000ns
    Source Clock Delay      (SCD):    1.708ns
    Clock Pessimism Removal (CPR):    0.161ns
  Clock Net Delay (Source):      1.541ns (routing 0.576ns, distribution 0.965ns)
  Clock Net Delay (Destination): 1.793ns (routing 0.638ns, distribution 1.155ns)

    Location             Delay type                Incr(ns)  Path(ns)    Netlist Resource(s)
  -------------------------------------------------------------------    -------------------
                         (clock clk_pl_0 rise edge)
                                                      0.000     0.000 r  
    PS8_X0Y0             PS8                          0.000     0.000 r  BD_i/zynq_ultra_ps_e_0/inst/PS8_i/PLCLK[0]
                         net (fo=1, routed)           0.140     0.140    BD_i/zynq_ultra_ps_e_0/inst/pl_clk_unbuffered[0]
    BUFG_PS_X0Y58        BUFG_PS (Prop_BUFG_PS_I_O)
                                                      0.027     0.167 r  BD_i/zynq_ultra_ps_e_0/inst/buffer_pl_clk_0.PL_CLK_0_BUFG/O
    X0Y1 (CLOCK_ROOT)    net (fo=61648, routed)       1.541     1.708    <hidden>
    SLICE_X4Y41          FDRE                                         r  <hidden>
  -------------------------------------------------------------------    -------------------
    SLICE_X4Y41          FDRE (Prop_FFF_SLICEM_C_Q)
                                                      0.069     1.777 r  <hidden>
                         net (fo=2, routed)           0.152     1.929    <hidden>
    SLICE_X5Y42          SRLC32E                                      r  <hidden>
  -------------------------------------------------------------------    -------------------

                         (clock clk_pl_0 rise edge)
                                                      0.000     0.000 r  
    PS8_X0Y0             PS8                          0.000     0.000 r  BD_i/zynq_ultra_ps_e_0/inst/PS8_i/PLCLK[0]
                         net (fo=1, routed)           0.178     0.178    BD_i/zynq_ultra_ps_e_0/inst/pl_clk_unbuffered[0]
    BUFG_PS_X0Y58        BUFG_PS (Prop_BUFG_PS_I_O)
                                                      0.029     0.207 r  BD_i/zynq_ultra_ps_e_0/inst/buffer_pl_clk_0.PL_CLK_0_BUFG/O
    X0Y1 (CLOCK_ROOT)    net (fo=61648, routed)       1.793     2.000    <hidden>
    SLICE_X5Y42          SRLC32E                                      r  <hidden>
                         clock pessimism             -0.161     1.839    
    SLICE_X5Y42          SRLC32E (Hold_H6LUT_SLICEM_CLK_D)
                                                      0.080     1.919    <hidden>
  -------------------------------------------------------------------
                         required time                         -1.919    
                         arrival time                           1.929    
  -------------------------------------------------------------------
                         slack                                  0.010    

Slack (MET) :             0.010ns  (arrival time - required time)
  Source:                 <hidden>
                            (rising edge-triggered cell FDRE clocked by clk_pl_0  {rise@0.000ns fall@10.000ns period=20.000ns})
  Destination:            <hidden>
                            (rising edge-triggered cell RAMD32 clocked by clk_pl_0  {rise@0.000ns fall@10.000ns period=20.000ns})
  Path Group:             clk_pl_0
  Path Type:              Hold (Min at Slow Process Corner)
  Requirement:            0.000ns  (clk_pl_0 rise@0.000ns - clk_pl_0 rise@0.000ns)
  Data Path Delay:        0.150ns  (logic 0.071ns (47.333%)  route 0.079ns (52.667%))
  Logic Levels:           0  
  Clock Path Skew:        0.077ns (DCD - SCD - CPR)
    Destination Clock Delay (DCD):    1.986ns
    Source Clock Delay      (SCD):    1.693ns
    Clock Pessimism Removal (CPR):    0.216ns
  Clock Net Delay (Source):      1.526ns (routing 0.576ns, distribution 0.950ns)
  Clock Net Delay (Destination): 1.779ns (routing 0.638ns, distribution 1.141ns)

    Location             Delay type                Incr(ns)  Path(ns)    Netlist Resource(s)
  -------------------------------------------------------------------    -------------------
                         (clock clk_pl_0 rise edge)
                                                      0.000     0.000 r  
    PS8_X0Y0             PS8                          0.000     0.000 r  BD_i/zynq_ultra_ps_e_0/inst/PS8_i/PLCLK[0]
                         net (fo=1, routed)           0.140     0.140    BD_i/zynq_ultra_ps_e_0/inst/pl_clk_unbuffered[0]
    BUFG_PS_X0Y58        BUFG_PS (Prop_BUFG_PS_I_O)
                                                      0.027     0.167 r  BD_i/zynq_ultra_ps_e_0/inst/buffer_pl_clk_0.PL_CLK_0_BUFG/O
    X0Y1 (CLOCK_ROOT)    net (fo=61648, routed)       1.526     1.693    <hidden>
    SLICE_X4Y117         FDRE                                         r  <hidden>
  -------------------------------------------------------------------    -------------------
    SLICE_X4Y117         FDRE (Prop_AFF2_SLICEM_C_Q)
                                                      0.071     1.764 r  <hidden>
                         net (fo=1, routed)           0.079     1.843    <hidden>
    SLICE_X4Y118         RAMD32                                       r  <hidden>
  -------------------------------------------------------------------    -------------------

                         (clock clk_pl_0 rise edge)
                                                      0.000     0.000 r  
    PS8_X0Y0             PS8                          0.000     0.000 r  BD_i/zynq_ultra_ps_e_0/inst/PS8_i/PLCLK[0]
                         net (fo=1, routed)           0.178     0.178    BD_i/zynq_ultra_ps_e_0/inst/pl_clk_unbuffered[0]
    BUFG_PS_X0Y58        BUFG_PS (Prop_BUFG_PS_I_O)
                                                      0.029     0.207 r  BD_i/zynq_ultra_ps_e_0/inst/buffer_pl_clk_0.PL_CLK_0_BUFG/O
    X0Y1 (CLOCK_ROOT)    net (fo=61648, routed)       1.779     1.986    <hidden>
    SLICE_X4Y118         RAMD32                                       r  <hidden>
                         clock pessimism             -0.216     1.770    
    SLICE_X4Y118         RAMD32 (Hold_G6LUT_SLICEM_CLK_I)
                                                      0.063     1.833    <hidden>
  -------------------------------------------------------------------
                         required time                         -1.833    
                         arrival time                           1.843    
  -------------------------------------------------------------------
                         slack                                  0.010    

Slack (MET) :             0.010ns  (arrival time - required time)
  Source:                 <hidden>
                            (rising edge-triggered cell FDRE clocked by clk_pl_0  {rise@0.000ns fall@10.000ns period=20.000ns})
  Destination:            <hidden>
                            (rising edge-triggered cell RAMD32 clocked by clk_pl_0  {rise@0.000ns fall@10.000ns period=20.000ns})
  Path Group:             clk_pl_0
  Path Type:              Hold (Min at Slow Process Corner)
  Requirement:            0.000ns  (clk_pl_0 rise@0.000ns - clk_pl_0 rise@0.000ns)
  Data Path Delay:        0.261ns  (logic 0.071ns (27.203%)  route 0.190ns (72.797%))
  Logic Levels:           0  
  Clock Path Skew:        0.172ns (DCD - SCD - CPR)
    Destination Clock Delay (DCD):    2.059ns
    Source Clock Delay      (SCD):    1.732ns
    Clock Pessimism Removal (CPR):    0.155ns
  Clock Net Delay (Source):      1.565ns (routing 0.576ns, distribution 0.989ns)
  Clock Net Delay (Destination): 1.852ns (routing 0.638ns, distribution 1.214ns)

    Location             Delay type                Incr(ns)  Path(ns)    Netlist Resource(s)
  -------------------------------------------------------------------    -------------------
                         (clock clk_pl_0 rise edge)
                                                      0.000     0.000 r  
    PS8_X0Y0             PS8                          0.000     0.000 r  BD_i/zynq_ultra_ps_e_0/inst/PS8_i/PLCLK[0]
                         net (fo=1, routed)           0.140     0.140    BD_i/zynq_ultra_ps_e_0/inst/pl_clk_unbuffered[0]
    BUFG_PS_X0Y58        BUFG_PS (Prop_BUFG_PS_I_O)
                                                      0.027     0.167 r  BD_i/zynq_ultra_ps_e_0/inst/buffer_pl_clk_0.PL_CLK_0_BUFG/O
    X0Y1 (CLOCK_ROOT)    net (fo=61648, routed)       1.565     1.732    <hidden>
    SLICE_X19Y65         FDRE                                         r  <hidden>
  -------------------------------------------------------------------    -------------------
    SLICE_X19Y65         FDRE (Prop_CFF2_SLICEM_C_Q)
                                                      0.071     1.803 r  <hidden>
                         net (fo=1, routed)           0.190     1.993    <hidden>
    SLICE_X20Y66         RAMD32                                       r  <hidden>
  -------------------------------------------------------------------    -------------------

                         (clock clk_pl_0 rise edge)
                                                      0.000     0.000 r  
    PS8_X0Y0             PS8                          0.000     0.000 r  BD_i/zynq_ultra_ps_e_0/inst/PS8_i/PLCLK[0]
                         net (fo=1, routed)           0.178     0.178    BD_i/zynq_ultra_ps_e_0/inst/pl_clk_unbuffered[0]
    BUFG_PS_X0Y58        BUFG_PS (Prop_BUFG_PS_I_O)
                                                      0.029     0.207 r  BD_i/zynq_ultra_ps_e_0/inst/buffer_pl_clk_0.PL_CLK_0_BUFG/O
    X0Y1 (CLOCK_ROOT)    net (fo=61648, routed)       1.852     2.059    <hidden>
    SLICE_X20Y66         RAMD32                                       r  <hidden>
                         clock pessimism             -0.155     1.904    
    SLICE_X20Y66         RAMD32 (Hold_A5LUT_SLICEM_CLK_I)
                                                      0.079     1.983    <hidden>
  -------------------------------------------------------------------
                         required time                         -1.983    
                         arrival time                           1.993    
  -------------------------------------------------------------------
                         slack                                  0.010    

Slack (MET) :             0.011ns  (arrival time - required time)
  Source:                 <hidden>
                            (rising edge-triggered cell FDRE clocked by clk_pl_0  {rise@0.000ns fall@10.000ns period=20.000ns})
  Destination:            <hidden>
                            (rising edge-triggered cell RAMD32 clocked by clk_pl_0  {rise@0.000ns fall@10.000ns period=20.000ns})
  Path Group:             clk_pl_0
  Path Type:              Hold (Min at Slow Process Corner)
  Requirement:            0.000ns  (clk_pl_0 rise@0.000ns - clk_pl_0 rise@0.000ns)
  Data Path Delay:        0.218ns  (logic 0.071ns (32.609%)  route 0.147ns (67.391%))
  Logic Levels:           0  
  Clock Path Skew:        0.114ns (DCD - SCD - CPR)
    Destination Clock Delay (DCD):    2.070ns
    Source Clock Delay      (SCD):    1.734ns
    Clock Pessimism Removal (CPR):    0.222ns
  Clock Net Delay (Source):      1.567ns (routing 0.576ns, distribution 0.991ns)
  Clock Net Delay (Destination): 1.863ns (routing 0.638ns, distribution 1.225ns)

    Location             Delay type                Incr(ns)  Path(ns)    Netlist Resource(s)
  -------------------------------------------------------------------    -------------------
                         (clock clk_pl_0 rise edge)
                                                      0.000     0.000 r  
    PS8_X0Y0             PS8                          0.000     0.000 r  BD_i/zynq_ultra_ps_e_0/inst/PS8_i/PLCLK[0]
                         net (fo=1, routed)           0.140     0.140    BD_i/zynq_ultra_ps_e_0/inst/pl_clk_unbuffered[0]
    BUFG_PS_X0Y58        BUFG_PS (Prop_BUFG_PS_I_O)
                                                      0.027     0.167 r  BD_i/zynq_ultra_ps_e_0/inst/buffer_pl_clk_0.PL_CLK_0_BUFG/O
    X0Y1 (CLOCK_ROOT)    net (fo=61648, routed)       1.567     1.734    <hidden>
    SLICE_X20Y27         FDRE                                         r  <hidden>
  -------------------------------------------------------------------    -------------------
    SLICE_X20Y27         FDRE (Prop_CFF2_SLICEM_C_Q)
                                                      0.071     1.805 r  <hidden>
                         net (fo=70, routed)          0.147     1.952    <hidden>
    SLICE_X20Y22         RAMD32                                       r  <hidden>
  -------------------------------------------------------------------    -------------------

                         (clock clk_pl_0 rise edge)
                                                      0.000     0.000 r  
    PS8_X0Y0             PS8                          0.000     0.000 r  BD_i/zynq_ultra_ps_e_0/inst/PS8_i/PLCLK[0]
                         net (fo=1, routed)           0.178     0.178    BD_i/zynq_ultra_ps_e_0/inst/pl_clk_unbuffered[0]
    BUFG_PS_X0Y58        BUFG_PS (Prop_BUFG_PS_I_O)
                                                      0.029     0.207 r  BD_i/zynq_ultra_ps_e_0/inst/buffer_pl_clk_0.PL_CLK_0_BUFG/O
    X0Y1 (CLOCK_ROOT)    net (fo=61648, routed)       1.863     2.070    <hidden>
    SLICE_X20Y22         RAMD32                                       r  <hidden>
                         clock pessimism             -0.222     1.848    
    SLICE_X20Y22         RAMD32 (Hold_A5LUT_SLICEM_CLK_WADR1)
                                                      0.093     1.941    <hidden>
  -------------------------------------------------------------------
                         required time                         -1.941    
                         arrival time                           1.952    
  -------------------------------------------------------------------
                         slack                                  0.011    

Slack (MET) :             0.011ns  (arrival time - required time)
  Source:                 <hidden>
                            (rising edge-triggered cell FDRE clocked by clk_pl_0  {rise@0.000ns fall@10.000ns period=20.000ns})
  Destination:            <hidden>
                            (rising edge-triggered cell RAMD32 clocked by clk_pl_0  {rise@0.000ns fall@10.000ns period=20.000ns})
  Path Group:             clk_pl_0
  Path Type:              Hold (Min at Slow Process Corner)
  Requirement:            0.000ns  (clk_pl_0 rise@0.000ns - clk_pl_0 rise@0.000ns)
  Data Path Delay:        0.218ns  (logic 0.071ns (32.609%)  route 0.147ns (67.391%))
  Logic Levels:           0  
  Clock Path Skew:        0.114ns (DCD - SCD - CPR)
    Destination Clock Delay (DCD):    2.070ns
    Source Clock Delay      (SCD):    1.734ns
    Clock Pessimism Removal (CPR):    0.222ns
  Clock Net Delay (Source):      1.567ns (routing 0.576ns, distribution 0.991ns)
  Clock Net Delay (Destination): 1.863ns (routing 0.638ns, distribution 1.225ns)

    Location             Delay type                Incr(ns)  Path(ns)    Netlist Resource(s)
  -------------------------------------------------------------------    -------------------
                         (clock clk_pl_0 rise edge)
                                                      0.000     0.000 r  
    PS8_X0Y0             PS8                          0.000     0.000 r  BD_i/zynq_ultra_ps_e_0/inst/PS8_i/PLCLK[0]
                         net (fo=1, routed)           0.140     0.140    BD_i/zynq_ultra_ps_e_0/inst/pl_clk_unbuffered[0]
    BUFG_PS_X0Y58        BUFG_PS (Prop_BUFG_PS_I_O)
                                                      0.027     0.167 r  BD_i/zynq_ultra_ps_e_0/inst/buffer_pl_clk_0.PL_CLK_0_BUFG/O
    X0Y1 (CLOCK_ROOT)    net (fo=61648, routed)       1.567     1.734    <hidden>
    SLICE_X20Y27         FDRE                                         r  <hidden>
  -------------------------------------------------------------------    -------------------
    SLICE_X20Y27         FDRE (Prop_CFF2_SLICEM_C_Q)
                                                      0.071     1.805 r  <hidden>
                         net (fo=70, routed)          0.147     1.952    <hidden>
    SLICE_X20Y22         RAMD32                                       r  <hidden>
  -------------------------------------------------------------------    -------------------

                         (clock clk_pl_0 rise edge)
                                                      0.000     0.000 r  
    PS8_X0Y0             PS8                          0.000     0.000 r  BD_i/zynq_ultra_ps_e_0/inst/PS8_i/PLCLK[0]
                         net (fo=1, routed)           0.178     0.178    BD_i/zynq_ultra_ps_e_0/inst/pl_clk_unbuffered[0]
    BUFG_PS_X0Y58        BUFG_PS (Prop_BUFG_PS_I_O)
                                                      0.029     0.207 r  BD_i/zynq_ultra_ps_e_0/inst/buffer_pl_clk_0.PL_CLK_0_BUFG/O
    X0Y1 (CLOCK_ROOT)    net (fo=61648, routed)       1.863     2.070    <hidden>
    SLICE_X20Y22         RAMD32                                       r  <hidden>
                         clock pessimism             -0.222     1.848    
    SLICE_X20Y22         RAMD32 (Hold_A6LUT_SLICEM_CLK_WADR1)
                                                      0.093     1.941    <hidden>
  -------------------------------------------------------------------
                         required time                         -1.941    
                         arrival time                           1.952    
  -------------------------------------------------------------------
                         slack                                  0.011    





Pulse Width Checks
--------------------------------------------------------------------------------------
Clock Name:         clk_pl_0
Waveform(ns):       { 0.000 10.000 }
Period(ns):         20.000
Sources:            { BD_i/zynq_ultra_ps_e_0/inst/PS8_i/PLCLK[0] }

Check Type        Corner  Lib Pin             Reference Pin  Required(ns)  Actual(ns)  Slack(ns)  Location       Pin
Min Period        n/a     PS8/MAXIGP0ACLK     n/a            3.000         20.000      17.000     PS8_X0Y0       BD_i/zynq_ultra_ps_e_0/inst/PS8_i/MAXIGP0ACLK
Min Period        n/a     PS8/MAXIGP1ACLK     n/a            3.000         20.000      17.000     PS8_X0Y0       BD_i/zynq_ultra_ps_e_0/inst/PS8_i/MAXIGP1ACLK
Min Period        n/a     PS8/SAXIGP3RCLK     n/a            3.000         20.000      17.000     PS8_X0Y0       BD_i/zynq_ultra_ps_e_0/inst/PS8_i/SAXIGP3RCLK
Min Period        n/a     PS8/SAXIGP3WCLK     n/a            3.000         20.000      17.000     PS8_X0Y0       BD_i/zynq_ultra_ps_e_0/inst/PS8_i/SAXIGP3WCLK
Min Period        n/a     RAMB36E2/CLKARDCLK  n/a            1.739         20.000      18.261     RAMB36_X3Y29   BD_i/ChaosCoreTop_0/inst/chiptop/system/bank/ram/mem/mem_1_ext/mem_0_0/ram_reg_bram_0/CLKARDCLK
Min Period        n/a     RAMB36E2/CLKARDCLK  n/a            1.739         20.000      18.261     RAMB36_X3Y30   BD_i/ChaosCoreTop_0/inst/chiptop/system/bank/ram/mem/mem_1_ext/mem_0_0/ram_reg_bram_1/CLKARDCLK
Min Period        n/a     RAMB36E2/CLKARDCLK  n/a            1.739         20.000      18.261     RAMB36_X4Y27   BD_i/ChaosCoreTop_0/inst/chiptop/system/bank/ram/mem/mem_1_ext/mem_0_1/ram_reg_bram_0/CLKARDCLK
Min Period        n/a     RAMB36E2/CLKARDCLK  n/a            1.739         20.000      18.261     RAMB36_X4Y28   BD_i/ChaosCoreTop_0/inst/chiptop/system/bank/ram/mem/mem_1_ext/mem_0_1/ram_reg_bram_1/CLKARDCLK
Min Period        n/a     RAMB36E2/CLKARDCLK  n/a            1.739         20.000      18.261     RAMB36_X3Y25   BD_i/ChaosCoreTop_0/inst/chiptop/system/bank/ram/mem/mem_1_ext/mem_0_2/ram_reg_bram_0/CLKARDCLK
Min Period        n/a     RAMB36E2/CLKARDCLK  n/a            1.739         20.000      18.261     RAMB36_X3Y26   BD_i/ChaosCoreTop_0/inst/chiptop/system/bank/ram/mem/mem_1_ext/mem_0_2/ram_reg_bram_1/CLKARDCLK
Low Pulse Width   Slow    PS8/MAXIGP0ACLK     n/a            1.500         10.000      8.500      PS8_X0Y0       BD_i/zynq_ultra_ps_e_0/inst/PS8_i/MAXIGP0ACLK
Low Pulse Width   Fast    PS8/MAXIGP0ACLK     n/a            1.500         10.000      8.500      PS8_X0Y0       BD_i/zynq_ultra_ps_e_0/inst/PS8_i/MAXIGP0ACLK
Low Pulse Width   Slow    PS8/MAXIGP1ACLK     n/a            1.500         10.000      8.500      PS8_X0Y0       BD_i/zynq_ultra_ps_e_0/inst/PS8_i/MAXIGP1ACLK
Low Pulse Width   Fast    PS8/MAXIGP1ACLK     n/a            1.500         10.000      8.500      PS8_X0Y0       BD_i/zynq_ultra_ps_e_0/inst/PS8_i/MAXIGP1ACLK
Low Pulse Width   Slow    PS8/SAXIGP3RCLK     n/a            1.500         10.000      8.500      PS8_X0Y0       BD_i/zynq_ultra_ps_e_0/inst/PS8_i/SAXIGP3RCLK
Low Pulse Width   Fast    PS8/SAXIGP3RCLK     n/a            1.500         10.000      8.500      PS8_X0Y0       BD_i/zynq_ultra_ps_e_0/inst/PS8_i/SAXIGP3RCLK
Low Pulse Width   Slow    PS8/SAXIGP3WCLK     n/a            1.500         10.000      8.500      PS8_X0Y0       BD_i/zynq_ultra_ps_e_0/inst/PS8_i/SAXIGP3WCLK
Low Pulse Width   Fast    PS8/SAXIGP3WCLK     n/a            1.500         10.000      8.500      PS8_X0Y0       BD_i/zynq_ultra_ps_e_0/inst/PS8_i/SAXIGP3WCLK
Low Pulse Width   Slow    RAMD32/CLK          n/a            0.573         10.000      9.427      SLICE_X24Y130  BD_i/ChaosCoreTop_0/inst/chiptop/system/bank/buffer/nodeIn_d_q/ram_ext/Memory_reg_0_1_0_13/RAMA/CLK
Low Pulse Width   Fast    RAMD32/CLK          n/a            0.573         10.000      9.427      SLICE_X24Y130  BD_i/ChaosCoreTop_0/inst/chiptop/system/bank/buffer/nodeIn_d_q/ram_ext/Memory_reg_0_1_0_13/RAMA/CLK
High Pulse Width  Slow    PS8/MAXIGP0ACLK     n/a            1.500         10.000      8.500      PS8_X0Y0       BD_i/zynq_ultra_ps_e_0/inst/PS8_i/MAXIGP0ACLK
High Pulse Width  Fast    PS8/MAXIGP0ACLK     n/a            1.500         10.000      8.500      PS8_X0Y0       BD_i/zynq_ultra_ps_e_0/inst/PS8_i/MAXIGP0ACLK
High Pulse Width  Slow    PS8/MAXIGP1ACLK     n/a            1.500         10.000      8.500      PS8_X0Y0       BD_i/zynq_ultra_ps_e_0/inst/PS8_i/MAXIGP1ACLK
High Pulse Width  Fast    PS8/MAXIGP1ACLK     n/a            1.500         10.000      8.500      PS8_X0Y0       BD_i/zynq_ultra_ps_e_0/inst/PS8_i/MAXIGP1ACLK
High Pulse Width  Slow    PS8/SAXIGP3RCLK     n/a            1.500         10.000      8.500      PS8_X0Y0       BD_i/zynq_ultra_ps_e_0/inst/PS8_i/SAXIGP3RCLK
High Pulse Width  Fast    PS8/SAXIGP3RCLK     n/a            1.500         10.000      8.500      PS8_X0Y0       BD_i/zynq_ultra_ps_e_0/inst/PS8_i/SAXIGP3RCLK
High Pulse Width  Slow    PS8/SAXIGP3WCLK     n/a            1.500         10.000      8.500      PS8_X0Y0       BD_i/zynq_ultra_ps_e_0/inst/PS8_i/SAXIGP3WCLK
High Pulse Width  Fast    PS8/SAXIGP3WCLK     n/a            1.500         10.000      8.500      PS8_X0Y0       BD_i/zynq_ultra_ps_e_0/inst/PS8_i/SAXIGP3WCLK
High Pulse Width  Slow    RAMD32/CLK          n/a            0.573         10.000      9.427      SLICE_X24Y130  BD_i/ChaosCoreTop_0/inst/chiptop/system/bank/buffer/nodeIn_d_q/ram_ext/Memory_reg_0_1_0_13/RAMA/CLK
High Pulse Width  Fast    RAMD32/CLK          n/a            0.573         10.000      9.427      SLICE_X24Y130  BD_i/ChaosCoreTop_0/inst/chiptop/system/bank/buffer/nodeIn_d_q/ram_ext/Memory_reg_0_1_0_13/RAMA/CLK



---------------------------------------------------------------------------------------------------
Path Group:  **async_default**
From Clock:  clk_pl_0
  To Clock:  clk_pl_0

Setup :            0  Failing Endpoints,  Worst Slack       16.311ns,  Total Violation        0.000ns
Hold  :            0  Failing Endpoints,  Worst Slack        0.398ns,  Total Violation        0.000ns
---------------------------------------------------------------------------------------------------


Max Delay Paths
--------------------------------------------------------------------------------------
Slack (MET) :             16.311ns  (required time - arrival time)
  Source:                 BD_i/ChaosCoreTop_0/inst/chiptop/system/chipyard_prcictrl_domain/resetSynchronizer/nodeOut_member_allClocks_uncore_reset_catcher/io_sync_reset_chain/output_chain/sync_0_reg/C
                            (rising edge-triggered cell FDCE clocked by clk_pl_0  {rise@0.000ns fall@10.000ns period=20.000ns})
  Destination:            BD_i/ChaosCoreTop_0/inst/chiptop/system/clint_domain/intsource/reg_0/reg_0_reg[0]/CLR
                            (recovery check against rising-edge clock clk_pl_0  {rise@0.000ns fall@10.000ns period=20.000ns})
  Path Group:             **async_default**
  Path Type:              Recovery (Max at Slow Process Corner)
  Requirement:            20.000ns  (clk_pl_0 rise@20.000ns - clk_pl_0 rise@0.000ns)
  Data Path Delay:        3.238ns  (logic 0.124ns (3.830%)  route 3.114ns (96.170%))
  Logic Levels:           1  (BUFGCE=1)
  Clock Path Skew:        -0.146ns (DCD - SCD + CPR)
    Destination Clock Delay (DCD):    1.722ns = ( 21.722 - 20.000 ) 
    Source Clock Delay      (SCD):    1.975ns
    Clock Pessimism Removal (CPR):    0.107ns
  Clock Uncertainty:      0.233ns  ((TSJ^2 + DJ^2)^1/2) / 2 + PE
    Total System Jitter     (TSJ):    0.071ns
    Discrete Jitter          (DJ):    0.460ns
    Phase Error              (PE):    0.000ns
  Clock Net Delay (Source):      1.768ns (routing 0.638ns, distribution 1.130ns)
  Clock Net Delay (Destination): 1.555ns (routing 0.576ns, distribution 0.979ns)

    Location             Delay type                Incr(ns)  Path(ns)    Netlist Resource(s)
  -------------------------------------------------------------------    -------------------
                         (clock clk_pl_0 rise edge)
                                                      0.000     0.000 r  
    PS8_X0Y0             PS8                          0.000     0.000 r  BD_i/zynq_ultra_ps_e_0/inst/PS8_i/PLCLK[0]
                         net (fo=1, routed)           0.178     0.178    BD_i/zynq_ultra_ps_e_0/inst/pl_clk_unbuffered[0]
    BUFG_PS_X0Y58        BUFG_PS (Prop_BUFG_PS_I_O)
                                                      0.029     0.207 r  BD_i/zynq_ultra_ps_e_0/inst/buffer_pl_clk_0.PL_CLK_0_BUFG/O
    X0Y1 (CLOCK_ROOT)    net (fo=61648, routed)       1.768     1.975    BD_i/ChaosCoreTop_0/inst/chiptop/system/chipyard_prcictrl_domain/resetSynchronizer/nodeOut_member_allClocks_uncore_reset_catcher/io_sync_reset_chain/output_chain/clock_uncore
    SLICE_X18Y96         FDCE                                         r  BD_i/ChaosCoreTop_0/inst/chiptop/system/chipyard_prcictrl_domain/resetSynchronizer/nodeOut_member_allClocks_uncore_reset_catcher/io_sync_reset_chain/output_chain/sync_0_reg/C
  -------------------------------------------------------------------    -------------------
    SLICE_X18Y96         FDCE (Prop_AFF_SLICEL_C_Q)
                                                      0.096     2.071 r  BD_i/ChaosCoreTop_0/inst/chiptop/system/chipyard_prcictrl_domain/resetSynchronizer/nodeOut_member_allClocks_uncore_reset_catcher/io_sync_reset_chain/output_chain/sync_0_reg/Q
                         net (fo=1, routed)           1.511     3.582    BD_i/ChaosCoreTop_0/inst/chiptop/system/chipyard_prcictrl_domain/resetSynchronizer/nodeOut_member_allClocks_uncore_reset_catcher/io_sync_reset_chain/output_chain/sync_0_reg_0_bufg_place
    BUFGCE_X0Y50         BUFGCE (Prop_BUFCE_BUFGCE_I_O)
                                                      0.028     3.610 r  BD_i/ChaosCoreTop_0/inst/chiptop/system/chipyard_prcictrl_domain/resetSynchronizer/nodeOut_member_allClocks_uncore_reset_catcher/io_sync_reset_chain/output_chain/sync_0_reg_bufg_place/O
                         net (fo=7603, routed)        1.603     5.213    BD_i/ChaosCoreTop_0/inst/chiptop/system/clint_domain/intsource/reg_0/_chipyard_prcictrl_domain_auto_resetSynchronizer_out_member_allClocks_uncore_reset
    SLICE_X11Y59         FDCE                                         f  BD_i/ChaosCoreTop_0/inst/chiptop/system/clint_domain/intsource/reg_0/reg_0_reg[0]/CLR  (IS_INVERTED)
  -------------------------------------------------------------------    -------------------

                         (clock clk_pl_0 rise edge)
                                                     20.000    20.000 r  
    PS8_X0Y0             PS8                          0.000    20.000 r  BD_i/zynq_ultra_ps_e_0/inst/PS8_i/PLCLK[0]
                         net (fo=1, routed)           0.140    20.140    BD_i/zynq_ultra_ps_e_0/inst/pl_clk_unbuffered[0]
    BUFG_PS_X0Y58        BUFG_PS (Prop_BUFG_PS_I_O)
                                                      0.027    20.167 r  BD_i/zynq_ultra_ps_e_0/inst/buffer_pl_clk_0.PL_CLK_0_BUFG/O
    X0Y1 (CLOCK_ROOT)    net (fo=61648, routed)       1.555    21.722    BD_i/ChaosCoreTop_0/inst/chiptop/system/clint_domain/intsource/reg_0/clock_uncore
    SLICE_X11Y59         FDCE                                         r  BD_i/ChaosCoreTop_0/inst/chiptop/system/clint_domain/intsource/reg_0/reg_0_reg[0]/C
                         clock pessimism              0.107    21.829    
                         clock uncertainty           -0.233    21.596    
    SLICE_X11Y59         FDCE (Recov_EFF_SLICEL_C_CLR)
                                                     -0.072    21.524    BD_i/ChaosCoreTop_0/inst/chiptop/system/clint_domain/intsource/reg_0/reg_0_reg[0]
  -------------------------------------------------------------------
                         required time                         21.524    
                         arrival time                          -5.213    
  -------------------------------------------------------------------
                         slack                                 16.311    

Slack (MET) :             16.583ns  (required time - arrival time)
  Source:                 BD_i/ChaosCoreTop_0/inst/chiptop/system/chipyard_prcictrl_domain/resetSynchronizer/nodeOut_member_allClocks_uncore_reset_catcher/io_sync_reset_chain/output_chain/sync_0_reg/C
                            (rising edge-triggered cell FDCE clocked by clk_pl_0  {rise@0.000ns fall@10.000ns period=20.000ns})
  Destination:            BD_i/ChaosCoreTop_0/inst/chiptop/system/uartClockDomainWrapper/uart_0/intsource/reg_0/reg_0_reg/CLR
                            (recovery check against rising-edge clock clk_pl_0  {rise@0.000ns fall@10.000ns period=20.000ns})
  Path Group:             **async_default**
  Path Type:              Recovery (Max at Slow Process Corner)
  Requirement:            20.000ns  (clk_pl_0 rise@20.000ns - clk_pl_0 rise@0.000ns)
  Data Path Delay:        2.986ns  (logic 0.124ns (4.153%)  route 2.862ns (95.847%))
  Logic Levels:           1  (BUFGCE=1)
  Clock Path Skew:        -0.126ns (DCD - SCD + CPR)
    Destination Clock Delay (DCD):    1.747ns = ( 21.747 - 20.000 ) 
    Source Clock Delay      (SCD):    1.975ns
    Clock Pessimism Removal (CPR):    0.102ns
  Clock Uncertainty:      0.233ns  ((TSJ^2 + DJ^2)^1/2) / 2 + PE
    Total System Jitter     (TSJ):    0.071ns
    Discrete Jitter          (DJ):    0.460ns
    Phase Error              (PE):    0.000ns
  Clock Net Delay (Source):      1.768ns (routing 0.638ns, distribution 1.130ns)
  Clock Net Delay (Destination): 1.580ns (routing 0.576ns, distribution 1.004ns)

    Location             Delay type                Incr(ns)  Path(ns)    Netlist Resource(s)
  -------------------------------------------------------------------    -------------------
                         (clock clk_pl_0 rise edge)
                                                      0.000     0.000 r  
    PS8_X0Y0             PS8                          0.000     0.000 r  BD_i/zynq_ultra_ps_e_0/inst/PS8_i/PLCLK[0]
                         net (fo=1, routed)           0.178     0.178    BD_i/zynq_ultra_ps_e_0/inst/pl_clk_unbuffered[0]
    BUFG_PS_X0Y58        BUFG_PS (Prop_BUFG_PS_I_O)
                                                      0.029     0.207 r  BD_i/zynq_ultra_ps_e_0/inst/buffer_pl_clk_0.PL_CLK_0_BUFG/O
    X0Y1 (CLOCK_ROOT)    net (fo=61648, routed)       1.768     1.975    BD_i/ChaosCoreTop_0/inst/chiptop/system/chipyard_prcictrl_domain/resetSynchronizer/nodeOut_member_allClocks_uncore_reset_catcher/io_sync_reset_chain/output_chain/clock_uncore
    SLICE_X18Y96         FDCE                                         r  BD_i/ChaosCoreTop_0/inst/chiptop/system/chipyard_prcictrl_domain/resetSynchronizer/nodeOut_member_allClocks_uncore_reset_catcher/io_sync_reset_chain/output_chain/sync_0_reg/C
  -------------------------------------------------------------------    -------------------
    SLICE_X18Y96         FDCE (Prop_AFF_SLICEL_C_Q)
                                                      0.096     2.071 r  BD_i/ChaosCoreTop_0/inst/chiptop/system/chipyard_prcictrl_domain/resetSynchronizer/nodeOut_member_allClocks_uncore_reset_catcher/io_sync_reset_chain/output_chain/sync_0_reg/Q
                         net (fo=1, routed)           1.511     3.582    BD_i/ChaosCoreTop_0/inst/chiptop/system/chipyard_prcictrl_domain/resetSynchronizer/nodeOut_member_allClocks_uncore_reset_catcher/io_sync_reset_chain/output_chain/sync_0_reg_0_bufg_place
    BUFGCE_X0Y50         BUFGCE (Prop_BUFCE_BUFGCE_I_O)
                                                      0.028     3.610 r  BD_i/ChaosCoreTop_0/inst/chiptop/system/chipyard_prcictrl_domain/resetSynchronizer/nodeOut_member_allClocks_uncore_reset_catcher/io_sync_reset_chain/output_chain/sync_0_reg_bufg_place/O
                         net (fo=7603, routed)        1.351     4.961    BD_i/ChaosCoreTop_0/inst/chiptop/system/uartClockDomainWrapper/uart_0/intsource/reg_0/_chipyard_prcictrl_domain_auto_resetSynchronizer_out_member_allClocks_uncore_reset
    SLICE_X2Y133         FDCE                                         f  BD_i/ChaosCoreTop_0/inst/chiptop/system/uartClockDomainWrapper/uart_0/intsource/reg_0/reg_0_reg/CLR  (IS_INVERTED)
  -------------------------------------------------------------------    -------------------

                         (clock clk_pl_0 rise edge)
                                                     20.000    20.000 r  
    PS8_X0Y0             PS8                          0.000    20.000 r  BD_i/zynq_ultra_ps_e_0/inst/PS8_i/PLCLK[0]
                         net (fo=1, routed)           0.140    20.140    BD_i/zynq_ultra_ps_e_0/inst/pl_clk_unbuffered[0]
    BUFG_PS_X0Y58        BUFG_PS (Prop_BUFG_PS_I_O)
                                                      0.027    20.167 r  BD_i/zynq_ultra_ps_e_0/inst/buffer_pl_clk_0.PL_CLK_0_BUFG/O
    X0Y1 (CLOCK_ROOT)    net (fo=61648, routed)       1.580    21.747    BD_i/ChaosCoreTop_0/inst/chiptop/system/uartClockDomainWrapper/uart_0/intsource/reg_0/clock_uncore
    SLICE_X2Y133         FDCE                                         r  BD_i/ChaosCoreTop_0/inst/chiptop/system/uartClockDomainWrapper/uart_0/intsource/reg_0/reg_0_reg/C
                         clock pessimism              0.102    21.849    
                         clock uncertainty           -0.233    21.616    
    SLICE_X2Y133         FDCE (Recov_CFF2_SLICEL_C_CLR)
                                                     -0.072    21.544    BD_i/ChaosCoreTop_0/inst/chiptop/system/uartClockDomainWrapper/uart_0/intsource/reg_0/reg_0_reg
  -------------------------------------------------------------------
                         required time                         21.544    
                         arrival time                          -4.961    
  -------------------------------------------------------------------
                         slack                                 16.583    

Slack (MET) :             16.606ns  (required time - arrival time)
  Source:                 BD_i/ChaosCoreTop_0/inst/chiptop/system/chipyard_prcictrl_domain/resetSynchronizer/nodeOut_member_allClocks_uncore_reset_catcher/io_sync_reset_chain/output_chain/sync_0_reg/C
                            (rising edge-triggered cell FDCE clocked by clk_pl_0  {rise@0.000ns fall@10.000ns period=20.000ns})
  Destination:            BD_i/ChaosCoreTop_0/inst/chiptop/system/clint_domain/intsource/reg_0/reg_0_reg[1]/CLR
                            (recovery check against rising-edge clock clk_pl_0  {rise@0.000ns fall@10.000ns period=20.000ns})
  Path Group:             **async_default**
  Path Type:              Recovery (Max at Slow Process Corner)
  Requirement:            20.000ns  (clk_pl_0 rise@20.000ns - clk_pl_0 rise@0.000ns)
  Data Path Delay:        2.956ns  (logic 0.124ns (4.195%)  route 2.832ns (95.805%))
  Logic Levels:           1  (BUFGCE=1)
  Clock Path Skew:        -0.133ns (DCD - SCD + CPR)
    Destination Clock Delay (DCD):    1.740ns = ( 21.740 - 20.000 ) 
    Source Clock Delay      (SCD):    1.975ns
    Clock Pessimism Removal (CPR):    0.102ns
  Clock Uncertainty:      0.233ns  ((TSJ^2 + DJ^2)^1/2) / 2 + PE
    Total System Jitter     (TSJ):    0.071ns
    Discrete Jitter          (DJ):    0.460ns
    Phase Error              (PE):    0.000ns
  Clock Net Delay (Source):      1.768ns (routing 0.638ns, distribution 1.130ns)
  Clock Net Delay (Destination): 1.573ns (routing 0.576ns, distribution 0.997ns)

    Location             Delay type                Incr(ns)  Path(ns)    Netlist Resource(s)
  -------------------------------------------------------------------    -------------------
                         (clock clk_pl_0 rise edge)
                                                      0.000     0.000 r  
    PS8_X0Y0             PS8                          0.000     0.000 r  BD_i/zynq_ultra_ps_e_0/inst/PS8_i/PLCLK[0]
                         net (fo=1, routed)           0.178     0.178    BD_i/zynq_ultra_ps_e_0/inst/pl_clk_unbuffered[0]
    BUFG_PS_X0Y58        BUFG_PS (Prop_BUFG_PS_I_O)
                                                      0.029     0.207 r  BD_i/zynq_ultra_ps_e_0/inst/buffer_pl_clk_0.PL_CLK_0_BUFG/O
    X0Y1 (CLOCK_ROOT)    net (fo=61648, routed)       1.768     1.975    BD_i/ChaosCoreTop_0/inst/chiptop/system/chipyard_prcictrl_domain/resetSynchronizer/nodeOut_member_allClocks_uncore_reset_catcher/io_sync_reset_chain/output_chain/clock_uncore
    SLICE_X18Y96         FDCE                                         r  BD_i/ChaosCoreTop_0/inst/chiptop/system/chipyard_prcictrl_domain/resetSynchronizer/nodeOut_member_allClocks_uncore_reset_catcher/io_sync_reset_chain/output_chain/sync_0_reg/C
  -------------------------------------------------------------------    -------------------
    SLICE_X18Y96         FDCE (Prop_AFF_SLICEL_C_Q)
                                                      0.096     2.071 r  BD_i/ChaosCoreTop_0/inst/chiptop/system/chipyard_prcictrl_domain/resetSynchronizer/nodeOut_member_allClocks_uncore_reset_catcher/io_sync_reset_chain/output_chain/sync_0_reg/Q
                         net (fo=1, routed)           1.511     3.582    BD_i/ChaosCoreTop_0/inst/chiptop/system/chipyard_prcictrl_domain/resetSynchronizer/nodeOut_member_allClocks_uncore_reset_catcher/io_sync_reset_chain/output_chain/sync_0_reg_0_bufg_place
    BUFGCE_X0Y50         BUFGCE (Prop_BUFCE_BUFGCE_I_O)
                                                      0.028     3.610 r  BD_i/ChaosCoreTop_0/inst/chiptop/system/chipyard_prcictrl_domain/resetSynchronizer/nodeOut_member_allClocks_uncore_reset_catcher/io_sync_reset_chain/output_chain/sync_0_reg_bufg_place/O
                         net (fo=7603, routed)        1.321     4.931    BD_i/ChaosCoreTop_0/inst/chiptop/system/clint_domain/intsource/reg_0/_chipyard_prcictrl_domain_auto_resetSynchronizer_out_member_allClocks_uncore_reset
    SLICE_X10Y135        FDCE                                         f  BD_i/ChaosCoreTop_0/inst/chiptop/system/clint_domain/intsource/reg_0/reg_0_reg[1]/CLR  (IS_INVERTED)
  -------------------------------------------------------------------    -------------------

                         (clock clk_pl_0 rise edge)
                                                     20.000    20.000 r  
    PS8_X0Y0             PS8                          0.000    20.000 r  BD_i/zynq_ultra_ps_e_0/inst/PS8_i/PLCLK[0]
                         net (fo=1, routed)           0.140    20.140    BD_i/zynq_ultra_ps_e_0/inst/pl_clk_unbuffered[0]
    BUFG_PS_X0Y58        BUFG_PS (Prop_BUFG_PS_I_O)
                                                      0.027    20.167 r  BD_i/zynq_ultra_ps_e_0/inst/buffer_pl_clk_0.PL_CLK_0_BUFG/O
    X0Y1 (CLOCK_ROOT)    net (fo=61648, routed)       1.573    21.740    BD_i/ChaosCoreTop_0/inst/chiptop/system/clint_domain/intsource/reg_0/clock_uncore
    SLICE_X10Y135        FDCE                                         r  BD_i/ChaosCoreTop_0/inst/chiptop/system/clint_domain/intsource/reg_0/reg_0_reg[1]/C
                         clock pessimism              0.102    21.842    
                         clock uncertainty           -0.233    21.609    
    SLICE_X10Y135        FDCE (Recov_HFF_SLICEL_C_CLR)
                                                     -0.072    21.537    BD_i/ChaosCoreTop_0/inst/chiptop/system/clint_domain/intsource/reg_0/reg_0_reg[1]
  -------------------------------------------------------------------
                         required time                         21.537    
                         arrival time                          -4.931    
  -------------------------------------------------------------------
                         slack                                 16.606    

Slack (MET) :             16.628ns  (required time - arrival time)
  Source:                 BD_i/ChaosCoreTop_0/inst/chiptop/system/chipyard_prcictrl_domain/resetSynchronizer/nodeOut_member_allClocks_uncore_reset_catcher/io_sync_reset_chain/output_chain/sync_0_reg/C
                            (rising edge-triggered cell FDCE clocked by clk_pl_0  {rise@0.000ns fall@10.000ns period=20.000ns})
  Destination:            BD_i/ChaosCoreTop_0/inst/chiptop/system/plic_domain/intsource/reg_0/reg_0_reg/CLR
                            (recovery check against rising-edge clock clk_pl_0  {rise@0.000ns fall@10.000ns period=20.000ns})
  Path Group:             **async_default**
  Path Type:              Recovery (Max at Slow Process Corner)
  Requirement:            20.000ns  (clk_pl_0 rise@20.000ns - clk_pl_0 rise@0.000ns)
  Data Path Delay:        2.942ns  (logic 0.124ns (4.215%)  route 2.818ns (95.785%))
  Logic Levels:           1  (BUFGCE=1)
  Clock Path Skew:        -0.125ns (DCD - SCD + CPR)
    Destination Clock Delay (DCD):    1.748ns = ( 21.748 - 20.000 ) 
    Source Clock Delay      (SCD):    1.975ns
    Clock Pessimism Removal (CPR):    0.102ns
  Clock Uncertainty:      0.233ns  ((TSJ^2 + DJ^2)^1/2) / 2 + PE
    Total System Jitter     (TSJ):    0.071ns
    Discrete Jitter          (DJ):    0.460ns
    Phase Error              (PE):    0.000ns
  Clock Net Delay (Source):      1.768ns (routing 0.638ns, distribution 1.130ns)
  Clock Net Delay (Destination): 1.581ns (routing 0.576ns, distribution 1.005ns)

    Location             Delay type                Incr(ns)  Path(ns)    Netlist Resource(s)
  -------------------------------------------------------------------    -------------------
                         (clock clk_pl_0 rise edge)
                                                      0.000     0.000 r  
    PS8_X0Y0             PS8                          0.000     0.000 r  BD_i/zynq_ultra_ps_e_0/inst/PS8_i/PLCLK[0]
                         net (fo=1, routed)           0.178     0.178    BD_i/zynq_ultra_ps_e_0/inst/pl_clk_unbuffered[0]
    BUFG_PS_X0Y58        BUFG_PS (Prop_BUFG_PS_I_O)
                                                      0.029     0.207 r  BD_i/zynq_ultra_ps_e_0/inst/buffer_pl_clk_0.PL_CLK_0_BUFG/O
    X0Y1 (CLOCK_ROOT)    net (fo=61648, routed)       1.768     1.975    BD_i/ChaosCoreTop_0/inst/chiptop/system/chipyard_prcictrl_domain/resetSynchronizer/nodeOut_member_allClocks_uncore_reset_catcher/io_sync_reset_chain/output_chain/clock_uncore
    SLICE_X18Y96         FDCE                                         r  BD_i/ChaosCoreTop_0/inst/chiptop/system/chipyard_prcictrl_domain/resetSynchronizer/nodeOut_member_allClocks_uncore_reset_catcher/io_sync_reset_chain/output_chain/sync_0_reg/C
  -------------------------------------------------------------------    -------------------
    SLICE_X18Y96         FDCE (Prop_AFF_SLICEL_C_Q)
                                                      0.096     2.071 r  BD_i/ChaosCoreTop_0/inst/chiptop/system/chipyard_prcictrl_domain/resetSynchronizer/nodeOut_member_allClocks_uncore_reset_catcher/io_sync_reset_chain/output_chain/sync_0_reg/Q
                         net (fo=1, routed)           1.511     3.582    BD_i/ChaosCoreTop_0/inst/chiptop/system/chipyard_prcictrl_domain/resetSynchronizer/nodeOut_member_allClocks_uncore_reset_catcher/io_sync_reset_chain/output_chain/sync_0_reg_0_bufg_place
    BUFGCE_X0Y50         BUFGCE (Prop_BUFCE_BUFGCE_I_O)
                                                      0.028     3.610 r  BD_i/ChaosCoreTop_0/inst/chiptop/system/chipyard_prcictrl_domain/resetSynchronizer/nodeOut_member_allClocks_uncore_reset_catcher/io_sync_reset_chain/output_chain/sync_0_reg_bufg_place/O
                         net (fo=7603, routed)        1.307     4.917    BD_i/ChaosCoreTop_0/inst/chiptop/system/plic_domain/intsource/reg_0/_chipyard_prcictrl_domain_auto_resetSynchronizer_out_member_allClocks_uncore_reset
    SLICE_X13Y128        FDCE                                         f  BD_i/ChaosCoreTop_0/inst/chiptop/system/plic_domain/intsource/reg_0/reg_0_reg/CLR  (IS_INVERTED)
  -------------------------------------------------------------------    -------------------

                         (clock clk_pl_0 rise edge)
                                                     20.000    20.000 r  
    PS8_X0Y0             PS8                          0.000    20.000 r  BD_i/zynq_ultra_ps_e_0/inst/PS8_i/PLCLK[0]
                         net (fo=1, routed)           0.140    20.140    BD_i/zynq_ultra_ps_e_0/inst/pl_clk_unbuffered[0]
    BUFG_PS_X0Y58        BUFG_PS (Prop_BUFG_PS_I_O)
                                                      0.027    20.167 r  BD_i/zynq_ultra_ps_e_0/inst/buffer_pl_clk_0.PL_CLK_0_BUFG/O
    X0Y1 (CLOCK_ROOT)    net (fo=61648, routed)       1.581    21.748    BD_i/ChaosCoreTop_0/inst/chiptop/system/plic_domain/intsource/reg_0/clock_uncore
    SLICE_X13Y128        FDCE                                         r  BD_i/ChaosCoreTop_0/inst/chiptop/system/plic_domain/intsource/reg_0/reg_0_reg/C
                         clock pessimism              0.102    21.850    
                         clock uncertainty           -0.233    21.617    
    SLICE_X13Y128        FDCE (Recov_HFF2_SLICEL_C_CLR)
                                                     -0.072    21.545    BD_i/ChaosCoreTop_0/inst/chiptop/system/plic_domain/intsource/reg_0/reg_0_reg
  -------------------------------------------------------------------
                         required time                         21.545    
                         arrival time                          -4.917    
  -------------------------------------------------------------------
                         slack                                 16.628    

Slack (MET) :             17.799ns  (required time - arrival time)
  Source:                 BD_i/axi_gpio_0/U0/gpio_core_1/Dual.gpio_Data_Out_reg[31]/C
                            (rising edge-triggered cell FDRE clocked by clk_pl_0  {rise@0.000ns fall@10.000ns period=20.000ns})
  Destination:            BD_i/ChaosCoreTop_0/inst/chiptop/system/chipyard_prcictrl_domain/clock_gater/regs_0/reg_0_reg/PRE
                            (recovery check against rising-edge clock clk_pl_0  {rise@0.000ns fall@10.000ns period=20.000ns})
  Path Group:             **async_default**
  Path Type:              Recovery (Max at Slow Process Corner)
  Requirement:            20.000ns  (clk_pl_0 rise@20.000ns - clk_pl_0 rise@0.000ns)
  Data Path Delay:        1.777ns  (logic 0.096ns (5.404%)  route 1.681ns (94.596%))
  Logic Levels:           0  
  Clock Path Skew:        -0.120ns (DCD - SCD + CPR)
    Destination Clock Delay (DCD):    1.751ns = ( 21.751 - 20.000 ) 
    Source Clock Delay      (SCD):    1.973ns
    Clock Pessimism Removal (CPR):    0.102ns
  Clock Uncertainty:      0.233ns  ((TSJ^2 + DJ^2)^1/2) / 2 + PE
    Total System Jitter     (TSJ):    0.071ns
    Discrete Jitter          (DJ):    0.460ns
    Phase Error              (PE):    0.000ns
  Clock Net Delay (Source):      1.766ns (routing 0.638ns, distribution 1.128ns)
  Clock Net Delay (Destination): 1.584ns (routing 0.576ns, distribution 1.008ns)

    Location             Delay type                Incr(ns)  Path(ns)    Netlist Resource(s)
  -------------------------------------------------------------------    -------------------
                         (clock clk_pl_0 rise edge)
                                                      0.000     0.000 r  
    PS8_X0Y0             PS8                          0.000     0.000 r  BD_i/zynq_ultra_ps_e_0/inst/PS8_i/PLCLK[0]
                         net (fo=1, routed)           0.178     0.178    BD_i/zynq_ultra_ps_e_0/inst/pl_clk_unbuffered[0]
    BUFG_PS_X0Y58        BUFG_PS (Prop_BUFG_PS_I_O)
                                                      0.029     0.207 r  BD_i/zynq_ultra_ps_e_0/inst/buffer_pl_clk_0.PL_CLK_0_BUFG/O
    X0Y1 (CLOCK_ROOT)    net (fo=61648, routed)       1.766     1.973    BD_i/axi_gpio_0/U0/gpio_core_1/s_axi_aclk
    SLICE_X14Y48         FDRE                                         r  BD_i/axi_gpio_0/U0/gpio_core_1/Dual.gpio_Data_Out_reg[31]/C
  -------------------------------------------------------------------    -------------------
    SLICE_X14Y48         FDRE (Prop_HFF_SLICEM_C_Q)
                                                      0.096     2.069 f  BD_i/axi_gpio_0/U0/gpio_core_1/Dual.gpio_Data_Out_reg[31]/Q
                         net (fo=6, routed)           1.681     3.749    BD_i/ChaosCoreTop_0/inst/chiptop/system/chipyard_prcictrl_domain/clock_gater/regs_0/reset_io
    SLICE_X8Y126         FDPE                                         f  BD_i/ChaosCoreTop_0/inst/chiptop/system/chipyard_prcictrl_domain/clock_gater/regs_0/reg_0_reg/PRE
  -------------------------------------------------------------------    -------------------

                         (clock clk_pl_0 rise edge)
                                                     20.000    20.000 r  
    PS8_X0Y0             PS8                          0.000    20.000 r  BD_i/zynq_ultra_ps_e_0/inst/PS8_i/PLCLK[0]
                         net (fo=1, routed)           0.140    20.140    BD_i/zynq_ultra_ps_e_0/inst/pl_clk_unbuffered[0]
    BUFG_PS_X0Y58        BUFG_PS (Prop_BUFG_PS_I_O)
                                                      0.027    20.167 r  BD_i/zynq_ultra_ps_e_0/inst/buffer_pl_clk_0.PL_CLK_0_BUFG/O
    X0Y1 (CLOCK_ROOT)    net (fo=61648, routed)       1.584    21.751    BD_i/ChaosCoreTop_0/inst/chiptop/system/chipyard_prcictrl_domain/clock_gater/regs_0/clock_uncore
    SLICE_X8Y126         FDPE                                         r  BD_i/ChaosCoreTop_0/inst/chiptop/system/chipyard_prcictrl_domain/clock_gater/regs_0/reg_0_reg/C
                         clock pessimism              0.102    21.853    
                         clock uncertainty           -0.233    21.620    
    SLICE_X8Y126         FDPE (Recov_GFF_SLICEL_C_PRE)
                                                     -0.072    21.548    BD_i/ChaosCoreTop_0/inst/chiptop/system/chipyard_prcictrl_domain/clock_gater/regs_0/reg_0_reg
  -------------------------------------------------------------------
                         required time                         21.548    
                         arrival time                          -3.749    
  -------------------------------------------------------------------
                         slack                                 17.799    

Slack (MET) :             18.048ns  (required time - arrival time)
  Source:                 BD_i/axi_gpio_0/U0/gpio_core_1/Dual.gpio_Data_Out_reg[31]/C
                            (rising edge-triggered cell FDRE clocked by clk_pl_0  {rise@0.000ns fall@10.000ns period=20.000ns})
  Destination:            BD_i/ChaosCoreTop_0/inst/chiptop/system/chipyard_prcictrl_domain/resetSynchronizer/nodeOut_member_allClocks_uncore_reset_catcher/io_sync_reset_chain/output_chain/sync_1_reg/CLR
                            (recovery check against rising-edge clock clk_pl_0  {rise@0.000ns fall@10.000ns period=20.000ns})
  Path Group:             **async_default**
  Path Type:              Recovery (Max at Slow Process Corner)
  Requirement:            20.000ns  (clk_pl_0 rise@20.000ns - clk_pl_0 rise@0.000ns)
  Data Path Delay:        1.479ns  (logic 0.096ns (6.492%)  route 1.383ns (93.508%))
  Logic Levels:           0  
  Clock Path Skew:        -0.169ns (DCD - SCD + CPR)
    Destination Clock Delay (DCD):    1.697ns = ( 21.697 - 20.000 ) 
    Source Clock Delay      (SCD):    1.973ns
    Clock Pessimism Removal (CPR):    0.107ns
  Clock Uncertainty:      0.233ns  ((TSJ^2 + DJ^2)^1/2) / 2 + PE
    Total System Jitter     (TSJ):    0.071ns
    Discrete Jitter          (DJ):    0.460ns
    Phase Error              (PE):    0.000ns
  Clock Net Delay (Source):      1.766ns (routing 0.638ns, distribution 1.128ns)
  Clock Net Delay (Destination): 1.530ns (routing 0.576ns, distribution 0.954ns)

    Location             Delay type                Incr(ns)  Path(ns)    Netlist Resource(s)
  -------------------------------------------------------------------    -------------------
                         (clock clk_pl_0 rise edge)
                                                      0.000     0.000 r  
    PS8_X0Y0             PS8                          0.000     0.000 r  BD_i/zynq_ultra_ps_e_0/inst/PS8_i/PLCLK[0]
                         net (fo=1, routed)           0.178     0.178    BD_i/zynq_ultra_ps_e_0/inst/pl_clk_unbuffered[0]
    BUFG_PS_X0Y58        BUFG_PS (Prop_BUFG_PS_I_O)
                                                      0.029     0.207 r  BD_i/zynq_ultra_ps_e_0/inst/buffer_pl_clk_0.PL_CLK_0_BUFG/O
    X0Y1 (CLOCK_ROOT)    net (fo=61648, routed)       1.766     1.973    BD_i/axi_gpio_0/U0/gpio_core_1/s_axi_aclk
    SLICE_X14Y48         FDRE                                         r  BD_i/axi_gpio_0/U0/gpio_core_1/Dual.gpio_Data_Out_reg[31]/C
  -------------------------------------------------------------------    -------------------
    SLICE_X14Y48         FDRE (Prop_HFF_SLICEM_C_Q)
                                                      0.096     2.069 f  BD_i/axi_gpio_0/U0/gpio_core_1/Dual.gpio_Data_Out_reg[31]/Q
                         net (fo=6, routed)           1.383     3.451    BD_i/ChaosCoreTop_0/inst/chiptop/system/chipyard_prcictrl_domain/resetSynchronizer/nodeOut_member_allClocks_uncore_reset_catcher/io_sync_reset_chain/output_chain/reset_io
    SLICE_X12Y110        FDCE                                         f  BD_i/ChaosCoreTop_0/inst/chiptop/system/chipyard_prcictrl_domain/resetSynchronizer/nodeOut_member_allClocks_uncore_reset_catcher/io_sync_reset_chain/output_chain/sync_1_reg/CLR
  -------------------------------------------------------------------    -------------------

                         (clock clk_pl_0 rise edge)
                                                     20.000    20.000 r  
    PS8_X0Y0             PS8                          0.000    20.000 r  BD_i/zynq_ultra_ps_e_0/inst/PS8_i/PLCLK[0]
                         net (fo=1, routed)           0.140    20.140    BD_i/zynq_ultra_ps_e_0/inst/pl_clk_unbuffered[0]
    BUFG_PS_X0Y58        BUFG_PS (Prop_BUFG_PS_I_O)
                                                      0.027    20.167 r  BD_i/zynq_ultra_ps_e_0/inst/buffer_pl_clk_0.PL_CLK_0_BUFG/O
    X0Y1 (CLOCK_ROOT)    net (fo=61648, routed)       1.530    21.697    BD_i/ChaosCoreTop_0/inst/chiptop/system/chipyard_prcictrl_domain/resetSynchronizer/nodeOut_member_allClocks_uncore_reset_catcher/io_sync_reset_chain/output_chain/clock_uncore
    SLICE_X12Y110        FDCE                                         r  BD_i/ChaosCoreTop_0/inst/chiptop/system/chipyard_prcictrl_domain/resetSynchronizer/nodeOut_member_allClocks_uncore_reset_catcher/io_sync_reset_chain/output_chain/sync_1_reg/C
                         clock pessimism              0.107    21.804    
                         clock uncertainty           -0.233    21.571    
    SLICE_X12Y110        FDCE (Recov_AFF_SLICEL_C_CLR)
                                                     -0.072    21.499    BD_i/ChaosCoreTop_0/inst/chiptop/system/chipyard_prcictrl_domain/resetSynchronizer/nodeOut_member_allClocks_uncore_reset_catcher/io_sync_reset_chain/output_chain/sync_1_reg
  -------------------------------------------------------------------
                         required time                         21.499    
                         arrival time                          -3.451    
  -------------------------------------------------------------------
                         slack                                 18.048    

Slack (MET) :             18.048ns  (required time - arrival time)
  Source:                 BD_i/axi_gpio_0/U0/gpio_core_1/Dual.gpio_Data_Out_reg[31]/C
                            (rising edge-triggered cell FDRE clocked by clk_pl_0  {rise@0.000ns fall@10.000ns period=20.000ns})
  Destination:            BD_i/ChaosCoreTop_0/inst/chiptop/system/chipyard_prcictrl_domain/resetSynchronizer/nodeOut_member_allClocks_uncore_reset_catcher/io_sync_reset_chain/output_chain/sync_2_reg/CLR
                            (recovery check against rising-edge clock clk_pl_0  {rise@0.000ns fall@10.000ns period=20.000ns})
  Path Group:             **async_default**
  Path Type:              Recovery (Max at Slow Process Corner)
  Requirement:            20.000ns  (clk_pl_0 rise@20.000ns - clk_pl_0 rise@0.000ns)
  Data Path Delay:        1.479ns  (logic 0.096ns (6.492%)  route 1.383ns (93.508%))
  Logic Levels:           0  
  Clock Path Skew:        -0.169ns (DCD - SCD + CPR)
    Destination Clock Delay (DCD):    1.697ns = ( 21.697 - 20.000 ) 
    Source Clock Delay      (SCD):    1.973ns
    Clock Pessimism Removal (CPR):    0.107ns
  Clock Uncertainty:      0.233ns  ((TSJ^2 + DJ^2)^1/2) / 2 + PE
    Total System Jitter     (TSJ):    0.071ns
    Discrete Jitter          (DJ):    0.460ns
    Phase Error              (PE):    0.000ns
  Clock Net Delay (Source):      1.766ns (routing 0.638ns, distribution 1.128ns)
  Clock Net Delay (Destination): 1.530ns (routing 0.576ns, distribution 0.954ns)

    Location             Delay type                Incr(ns)  Path(ns)    Netlist Resource(s)
  -------------------------------------------------------------------    -------------------
                         (clock clk_pl_0 rise edge)
                                                      0.000     0.000 r  
    PS8_X0Y0             PS8                          0.000     0.000 r  BD_i/zynq_ultra_ps_e_0/inst/PS8_i/PLCLK[0]
                         net (fo=1, routed)           0.178     0.178    BD_i/zynq_ultra_ps_e_0/inst/pl_clk_unbuffered[0]
    BUFG_PS_X0Y58        BUFG_PS (Prop_BUFG_PS_I_O)
                                                      0.029     0.207 r  BD_i/zynq_ultra_ps_e_0/inst/buffer_pl_clk_0.PL_CLK_0_BUFG/O
    X0Y1 (CLOCK_ROOT)    net (fo=61648, routed)       1.766     1.973    BD_i/axi_gpio_0/U0/gpio_core_1/s_axi_aclk
    SLICE_X14Y48         FDRE                                         r  BD_i/axi_gpio_0/U0/gpio_core_1/Dual.gpio_Data_Out_reg[31]/C
  -------------------------------------------------------------------    -------------------
    SLICE_X14Y48         FDRE (Prop_HFF_SLICEM_C_Q)
                                                      0.096     2.069 f  BD_i/axi_gpio_0/U0/gpio_core_1/Dual.gpio_Data_Out_reg[31]/Q
                         net (fo=6, routed)           1.383     3.451    BD_i/ChaosCoreTop_0/inst/chiptop/system/chipyard_prcictrl_domain/resetSynchronizer/nodeOut_member_allClocks_uncore_reset_catcher/io_sync_reset_chain/output_chain/reset_io
    SLICE_X12Y110        FDCE                                         f  BD_i/ChaosCoreTop_0/inst/chiptop/system/chipyard_prcictrl_domain/resetSynchronizer/nodeOut_member_allClocks_uncore_reset_catcher/io_sync_reset_chain/output_chain/sync_2_reg/CLR
  -------------------------------------------------------------------    -------------------

                         (clock clk_pl_0 rise edge)
                                                     20.000    20.000 r  
    PS8_X0Y0             PS8                          0.000    20.000 r  BD_i/zynq_ultra_ps_e_0/inst/PS8_i/PLCLK[0]
                         net (fo=1, routed)           0.140    20.140    BD_i/zynq_ultra_ps_e_0/inst/pl_clk_unbuffered[0]
    BUFG_PS_X0Y58        BUFG_PS (Prop_BUFG_PS_I_O)
                                                      0.027    20.167 r  BD_i/zynq_ultra_ps_e_0/inst/buffer_pl_clk_0.PL_CLK_0_BUFG/O
    X0Y1 (CLOCK_ROOT)    net (fo=61648, routed)       1.530    21.697    BD_i/ChaosCoreTop_0/inst/chiptop/system/chipyard_prcictrl_domain/resetSynchronizer/nodeOut_member_allClocks_uncore_reset_catcher/io_sync_reset_chain/output_chain/clock_uncore
    SLICE_X12Y110        FDCE                                         r  BD_i/ChaosCoreTop_0/inst/chiptop/system/chipyard_prcictrl_domain/resetSynchronizer/nodeOut_member_allClocks_uncore_reset_catcher/io_sync_reset_chain/output_chain/sync_2_reg/C
                         clock pessimism              0.107    21.804    
                         clock uncertainty           -0.233    21.571    
    SLICE_X12Y110        FDCE (Recov_AFF2_SLICEL_C_CLR)
                                                     -0.072    21.499    BD_i/ChaosCoreTop_0/inst/chiptop/system/chipyard_prcictrl_domain/resetSynchronizer/nodeOut_member_allClocks_uncore_reset_catcher/io_sync_reset_chain/output_chain/sync_2_reg
  -------------------------------------------------------------------
                         required time                         21.499    
                         arrival time                          -3.451    
  -------------------------------------------------------------------
                         slack                                 18.048    

Slack (MET) :             18.388ns  (required time - arrival time)
  Source:                 BD_i/axi_gpio_0/U0/gpio_core_1/Dual.gpio_Data_Out_reg[31]/C
                            (rising edge-triggered cell FDRE clocked by clk_pl_0  {rise@0.000ns fall@10.000ns period=20.000ns})
  Destination:            BD_i/ChaosCoreTop_0/inst/chiptop/system/chipyard_prcictrl_domain/resetSynchronizer/nodeOut_member_allClocks_uncore_reset_catcher/io_sync_reset_chain/output_chain/sync_0_reg_replica/CLR
                            (recovery check against rising-edge clock clk_pl_0  {rise@0.000ns fall@10.000ns period=20.000ns})
  Path Group:             **async_default**
  Path Type:              Recovery (Max at Slow Process Corner)
  Requirement:            20.000ns  (clk_pl_0 rise@20.000ns - clk_pl_0 rise@0.000ns)
  Data Path Delay:        1.152ns  (logic 0.096ns (8.336%)  route 1.056ns (91.664%))
  Logic Levels:           0  
  Clock Path Skew:        -0.156ns (DCD - SCD + CPR)
    Destination Clock Delay (DCD):    1.710ns = ( 21.710 - 20.000 ) 
    Source Clock Delay      (SCD):    1.973ns
    Clock Pessimism Removal (CPR):    0.107ns
  Clock Uncertainty:      0.233ns  ((TSJ^2 + DJ^2)^1/2) / 2 + PE
    Total System Jitter     (TSJ):    0.071ns
    Discrete Jitter          (DJ):    0.460ns
    Phase Error              (PE):    0.000ns
  Clock Net Delay (Source):      1.766ns (routing 0.638ns, distribution 1.128ns)
  Clock Net Delay (Destination): 1.543ns (routing 0.576ns, distribution 0.967ns)

    Location             Delay type                Incr(ns)  Path(ns)    Netlist Resource(s)
  -------------------------------------------------------------------    -------------------
                         (clock clk_pl_0 rise edge)
                                                      0.000     0.000 r  
    PS8_X0Y0             PS8                          0.000     0.000 r  BD_i/zynq_ultra_ps_e_0/inst/PS8_i/PLCLK[0]
                         net (fo=1, routed)           0.178     0.178    BD_i/zynq_ultra_ps_e_0/inst/pl_clk_unbuffered[0]
    BUFG_PS_X0Y58        BUFG_PS (Prop_BUFG_PS_I_O)
                                                      0.029     0.207 r  BD_i/zynq_ultra_ps_e_0/inst/buffer_pl_clk_0.PL_CLK_0_BUFG/O
    X0Y1 (CLOCK_ROOT)    net (fo=61648, routed)       1.766     1.973    BD_i/axi_gpio_0/U0/gpio_core_1/s_axi_aclk
    SLICE_X14Y48         FDRE                                         r  BD_i/axi_gpio_0/U0/gpio_core_1/Dual.gpio_Data_Out_reg[31]/C
  -------------------------------------------------------------------    -------------------
    SLICE_X14Y48         FDRE (Prop_HFF_SLICEM_C_Q)
                                                      0.096     2.069 f  BD_i/axi_gpio_0/U0/gpio_core_1/Dual.gpio_Data_Out_reg[31]/Q
                         net (fo=6, routed)           1.056     3.124    BD_i/ChaosCoreTop_0/inst/chiptop/system/chipyard_prcictrl_domain/resetSynchronizer/nodeOut_member_allClocks_uncore_reset_catcher/io_sync_reset_chain/output_chain/reset_io
    SLICE_X18Y107        FDCE                                         f  BD_i/ChaosCoreTop_0/inst/chiptop/system/chipyard_prcictrl_domain/resetSynchronizer/nodeOut_member_allClocks_uncore_reset_catcher/io_sync_reset_chain/output_chain/sync_0_reg_replica/CLR
  -------------------------------------------------------------------    -------------------

                         (clock clk_pl_0 rise edge)
                                                     20.000    20.000 r  
    PS8_X0Y0             PS8                          0.000    20.000 r  BD_i/zynq_ultra_ps_e_0/inst/PS8_i/PLCLK[0]
                         net (fo=1, routed)           0.140    20.140    BD_i/zynq_ultra_ps_e_0/inst/pl_clk_unbuffered[0]
    BUFG_PS_X0Y58        BUFG_PS (Prop_BUFG_PS_I_O)
                                                      0.027    20.167 r  BD_i/zynq_ultra_ps_e_0/inst/buffer_pl_clk_0.PL_CLK_0_BUFG/O
    X0Y1 (CLOCK_ROOT)    net (fo=61648, routed)       1.543    21.710    BD_i/ChaosCoreTop_0/inst/chiptop/system/chipyard_prcictrl_domain/resetSynchronizer/nodeOut_member_allClocks_uncore_reset_catcher/io_sync_reset_chain/output_chain/clock_uncore
    SLICE_X18Y107        FDCE                                         r  BD_i/ChaosCoreTop_0/inst/chiptop/system/chipyard_prcictrl_domain/resetSynchronizer/nodeOut_member_allClocks_uncore_reset_catcher/io_sync_reset_chain/output_chain/sync_0_reg_replica/C
                         clock pessimism              0.107    21.817    
                         clock uncertainty           -0.233    21.584    
    SLICE_X18Y107        FDCE (Recov_DFF_SLICEL_C_CLR)
                                                     -0.072    21.512    BD_i/ChaosCoreTop_0/inst/chiptop/system/chipyard_prcictrl_domain/resetSynchronizer/nodeOut_member_allClocks_uncore_reset_catcher/io_sync_reset_chain/output_chain/sync_0_reg_replica
  -------------------------------------------------------------------
                         required time                         21.512    
                         arrival time                          -3.124    
  -------------------------------------------------------------------
                         slack                                 18.388    

Slack (MET) :             18.536ns  (required time - arrival time)
  Source:                 BD_i/axi_gpio_0/U0/gpio_core_1/Dual.gpio_Data_Out_reg[31]/C
                            (rising edge-triggered cell FDRE clocked by clk_pl_0  {rise@0.000ns fall@10.000ns period=20.000ns})
  Destination:            BD_i/ChaosCoreTop_0/inst/chiptop/system/chipyard_prcictrl_domain/resetSynchronizer/nodeOut_member_allClocks_uncore_reset_catcher/io_sync_reset_chain/output_chain/sync_0_reg/CLR
                            (recovery check against rising-edge clock clk_pl_0  {rise@0.000ns fall@10.000ns period=20.000ns})
  Path Group:             **async_default**
  Path Type:              Recovery (Max at Slow Process Corner)
  Requirement:            20.000ns  (clk_pl_0 rise@20.000ns - clk_pl_0 rise@0.000ns)
  Data Path Delay:        1.003ns  (logic 0.096ns (9.573%)  route 0.907ns (90.427%))
  Logic Levels:           0  
  Clock Path Skew:        -0.157ns (DCD - SCD + CPR)
    Destination Clock Delay (DCD):    1.709ns = ( 21.709 - 20.000 ) 
    Source Clock Delay      (SCD):    1.973ns
    Clock Pessimism Removal (CPR):    0.107ns
  Clock Uncertainty:      0.233ns  ((TSJ^2 + DJ^2)^1/2) / 2 + PE
    Total System Jitter     (TSJ):    0.071ns
    Discrete Jitter          (DJ):    0.460ns
    Phase Error              (PE):    0.000ns
  Clock Net Delay (Source):      1.766ns (routing 0.638ns, distribution 1.128ns)
  Clock Net Delay (Destination): 1.542ns (routing 0.576ns, distribution 0.966ns)

    Location             Delay type                Incr(ns)  Path(ns)    Netlist Resource(s)
  -------------------------------------------------------------------    -------------------
                         (clock clk_pl_0 rise edge)
                                                      0.000     0.000 r  
    PS8_X0Y0             PS8                          0.000     0.000 r  BD_i/zynq_ultra_ps_e_0/inst/PS8_i/PLCLK[0]
                         net (fo=1, routed)           0.178     0.178    BD_i/zynq_ultra_ps_e_0/inst/pl_clk_unbuffered[0]
    BUFG_PS_X0Y58        BUFG_PS (Prop_BUFG_PS_I_O)
                                                      0.029     0.207 r  BD_i/zynq_ultra_ps_e_0/inst/buffer_pl_clk_0.PL_CLK_0_BUFG/O
    X0Y1 (CLOCK_ROOT)    net (fo=61648, routed)       1.766     1.973    BD_i/axi_gpio_0/U0/gpio_core_1/s_axi_aclk
    SLICE_X14Y48         FDRE                                         r  BD_i/axi_gpio_0/U0/gpio_core_1/Dual.gpio_Data_Out_reg[31]/C
  -------------------------------------------------------------------    -------------------
    SLICE_X14Y48         FDRE (Prop_HFF_SLICEM_C_Q)
                                                      0.096     2.069 f  BD_i/axi_gpio_0/U0/gpio_core_1/Dual.gpio_Data_Out_reg[31]/Q
                         net (fo=6, routed)           0.907     2.975    BD_i/ChaosCoreTop_0/inst/chiptop/system/chipyard_prcictrl_domain/resetSynchronizer/nodeOut_member_allClocks_uncore_reset_catcher/io_sync_reset_chain/output_chain/reset_io
    SLICE_X18Y96         FDCE                                         f  BD_i/ChaosCoreTop_0/inst/chiptop/system/chipyard_prcictrl_domain/resetSynchronizer/nodeOut_member_allClocks_uncore_reset_catcher/io_sync_reset_chain/output_chain/sync_0_reg/CLR
  -------------------------------------------------------------------    -------------------

                         (clock clk_pl_0 rise edge)
                                                     20.000    20.000 r  
    PS8_X0Y0             PS8                          0.000    20.000 r  BD_i/zynq_ultra_ps_e_0/inst/PS8_i/PLCLK[0]
                         net (fo=1, routed)           0.140    20.140    BD_i/zynq_ultra_ps_e_0/inst/pl_clk_unbuffered[0]
    BUFG_PS_X0Y58        BUFG_PS (Prop_BUFG_PS_I_O)
                                                      0.027    20.167 r  BD_i/zynq_ultra_ps_e_0/inst/buffer_pl_clk_0.PL_CLK_0_BUFG/O
    X0Y1 (CLOCK_ROOT)    net (fo=61648, routed)       1.542    21.709    BD_i/ChaosCoreTop_0/inst/chiptop/system/chipyard_prcictrl_domain/resetSynchronizer/nodeOut_member_allClocks_uncore_reset_catcher/io_sync_reset_chain/output_chain/clock_uncore
    SLICE_X18Y96         FDCE                                         r  BD_i/ChaosCoreTop_0/inst/chiptop/system/chipyard_prcictrl_domain/resetSynchronizer/nodeOut_member_allClocks_uncore_reset_catcher/io_sync_reset_chain/output_chain/sync_0_reg/C
                         clock pessimism              0.107    21.816    
                         clock uncertainty           -0.233    21.583    
    SLICE_X18Y96         FDCE (Recov_AFF_SLICEL_C_CLR)
                                                     -0.072    21.511    BD_i/ChaosCoreTop_0/inst/chiptop/system/chipyard_prcictrl_domain/resetSynchronizer/nodeOut_member_allClocks_uncore_reset_catcher/io_sync_reset_chain/output_chain/sync_0_reg
  -------------------------------------------------------------------
                         required time                         21.511    
                         arrival time                          -2.975    
  -------------------------------------------------------------------
                         slack                                 18.536    





Min Delay Paths
--------------------------------------------------------------------------------------
Slack (MET) :             0.398ns  (arrival time - required time)
  Source:                 BD_i/axi_gpio_0/U0/gpio_core_1/Dual.gpio_Data_Out_reg[31]/C
                            (rising edge-triggered cell FDRE clocked by clk_pl_0  {rise@0.000ns fall@10.000ns period=20.000ns})
  Destination:            BD_i/ChaosCoreTop_0/inst/chiptop/system/chipyard_prcictrl_domain/resetSynchronizer/nodeOut_member_allClocks_uncore_reset_catcher/io_sync_reset_chain/output_chain/sync_0_reg/CLR
                            (removal check against rising-edge clock clk_pl_0  {rise@0.000ns fall@10.000ns period=20.000ns})
  Path Group:             **async_default**
  Path Type:              Removal (Min at Fast Process Corner)
  Requirement:            0.000ns  (clk_pl_0 rise@0.000ns - clk_pl_0 rise@0.000ns)
  Data Path Delay:        0.449ns  (logic 0.039ns (8.682%)  route 0.410ns (91.318%))
  Logic Levels:           0  
  Clock Path Skew:        0.071ns (DCD - SCD - CPR)
    Destination Clock Delay (DCD):    1.146ns
    Source Clock Delay      (SCD):    1.004ns
    Clock Pessimism Removal (CPR):    0.071ns
  Clock Net Delay (Source):      0.893ns (routing 0.324ns, distribution 0.569ns)
  Clock Net Delay (Destination): 1.008ns (routing 0.365ns, distribution 0.643ns)

    Location             Delay type                Incr(ns)  Path(ns)    Netlist Resource(s)
  -------------------------------------------------------------------    -------------------
                         (clock clk_pl_0 rise edge)
                                                      0.000     0.000 r  
    PS8_X0Y0             PS8                          0.000     0.000 r  BD_i/zynq_ultra_ps_e_0/inst/PS8_i/PLCLK[0]
                         net (fo=1, routed)           0.094     0.094    BD_i/zynq_ultra_ps_e_0/inst/pl_clk_unbuffered[0]
    BUFG_PS_X0Y58        BUFG_PS (Prop_BUFG_PS_I_O)
                                                      0.017     0.111 r  BD_i/zynq_ultra_ps_e_0/inst/buffer_pl_clk_0.PL_CLK_0_BUFG/O
    X0Y1 (CLOCK_ROOT)    net (fo=61648, routed)       0.893     1.004    BD_i/axi_gpio_0/U0/gpio_core_1/s_axi_aclk
    SLICE_X14Y48         FDRE                                         r  BD_i/axi_gpio_0/U0/gpio_core_1/Dual.gpio_Data_Out_reg[31]/C
  -------------------------------------------------------------------    -------------------
    SLICE_X14Y48         FDRE (Prop_HFF_SLICEM_C_Q)
                                                      0.039     1.043 f  BD_i/axi_gpio_0/U0/gpio_core_1/Dual.gpio_Data_Out_reg[31]/Q
                         net (fo=6, routed)           0.410     1.453    BD_i/ChaosCoreTop_0/inst/chiptop/system/chipyard_prcictrl_domain/resetSynchronizer/nodeOut_member_allClocks_uncore_reset_catcher/io_sync_reset_chain/output_chain/reset_io
    SLICE_X18Y96         FDCE                                         f  BD_i/ChaosCoreTop_0/inst/chiptop/system/chipyard_prcictrl_domain/resetSynchronizer/nodeOut_member_allClocks_uncore_reset_catcher/io_sync_reset_chain/output_chain/sync_0_reg/CLR
  -------------------------------------------------------------------    -------------------

                         (clock clk_pl_0 rise edge)
                                                      0.000     0.000 r  
    PS8_X0Y0             PS8                          0.000     0.000 r  BD_i/zynq_ultra_ps_e_0/inst/PS8_i/PLCLK[0]
                         net (fo=1, routed)           0.120     0.120    BD_i/zynq_ultra_ps_e_0/inst/pl_clk_unbuffered[0]
    BUFG_PS_X0Y58        BUFG_PS (Prop_BUFG_PS_I_O)
                                                      0.018     0.138 r  BD_i/zynq_ultra_ps_e_0/inst/buffer_pl_clk_0.PL_CLK_0_BUFG/O
    X0Y1 (CLOCK_ROOT)    net (fo=61648, routed)       1.008     1.146    BD_i/ChaosCoreTop_0/inst/chiptop/system/chipyard_prcictrl_domain/resetSynchronizer/nodeOut_member_allClocks_uncore_reset_catcher/io_sync_reset_chain/output_chain/clock_uncore
    SLICE_X18Y96         FDCE                                         r  BD_i/ChaosCoreTop_0/inst/chiptop/system/chipyard_prcictrl_domain/resetSynchronizer/nodeOut_member_allClocks_uncore_reset_catcher/io_sync_reset_chain/output_chain/sync_0_reg/C
                         clock pessimism             -0.071     1.075    
    SLICE_X18Y96         FDCE (Remov_AFF_SLICEL_C_CLR)
                                                     -0.020     1.055    BD_i/ChaosCoreTop_0/inst/chiptop/system/chipyard_prcictrl_domain/resetSynchronizer/nodeOut_member_allClocks_uncore_reset_catcher/io_sync_reset_chain/output_chain/sync_0_reg
  -------------------------------------------------------------------
                         required time                         -1.055    
                         arrival time                           1.453    
  -------------------------------------------------------------------
                         slack                                  0.398    

Slack (MET) :             0.468ns  (arrival time - required time)
  Source:                 BD_i/axi_gpio_0/U0/gpio_core_1/Dual.gpio_Data_Out_reg[31]/C
                            (rising edge-triggered cell FDRE clocked by clk_pl_0  {rise@0.000ns fall@10.000ns period=20.000ns})
  Destination:            BD_i/ChaosCoreTop_0/inst/chiptop/system/chipyard_prcictrl_domain/resetSynchronizer/nodeOut_member_allClocks_uncore_reset_catcher/io_sync_reset_chain/output_chain/sync_0_reg_replica/CLR
                            (removal check against rising-edge clock clk_pl_0  {rise@0.000ns fall@10.000ns period=20.000ns})
  Path Group:             **async_default**
  Path Type:              Removal (Min at Fast Process Corner)
  Requirement:            0.000ns  (clk_pl_0 rise@0.000ns - clk_pl_0 rise@0.000ns)
  Data Path Delay:        0.516ns  (logic 0.039ns (7.552%)  route 0.477ns (92.448%))
  Logic Levels:           0  
  Clock Path Skew:        0.069ns (DCD - SCD - CPR)
    Destination Clock Delay (DCD):    1.143ns
    Source Clock Delay      (SCD):    1.004ns
    Clock Pessimism Removal (CPR):    0.071ns
  Clock Net Delay (Source):      0.893ns (routing 0.324ns, distribution 0.569ns)
  Clock Net Delay (Destination): 1.005ns (routing 0.365ns, distribution 0.640ns)

    Location             Delay type                Incr(ns)  Path(ns)    Netlist Resource(s)
  -------------------------------------------------------------------    -------------------
                         (clock clk_pl_0 rise edge)
                                                      0.000     0.000 r  
    PS8_X0Y0             PS8                          0.000     0.000 r  BD_i/zynq_ultra_ps_e_0/inst/PS8_i/PLCLK[0]
                         net (fo=1, routed)           0.094     0.094    BD_i/zynq_ultra_ps_e_0/inst/pl_clk_unbuffered[0]
    BUFG_PS_X0Y58        BUFG_PS (Prop_BUFG_PS_I_O)
                                                      0.017     0.111 r  BD_i/zynq_ultra_ps_e_0/inst/buffer_pl_clk_0.PL_CLK_0_BUFG/O
    X0Y1 (CLOCK_ROOT)    net (fo=61648, routed)       0.893     1.004    BD_i/axi_gpio_0/U0/gpio_core_1/s_axi_aclk
    SLICE_X14Y48         FDRE                                         r  BD_i/axi_gpio_0/U0/gpio_core_1/Dual.gpio_Data_Out_reg[31]/C
  -------------------------------------------------------------------    -------------------
    SLICE_X14Y48         FDRE (Prop_HFF_SLICEM_C_Q)
                                                      0.039     1.043 f  BD_i/axi_gpio_0/U0/gpio_core_1/Dual.gpio_Data_Out_reg[31]/Q
                         net (fo=6, routed)           0.477     1.520    BD_i/ChaosCoreTop_0/inst/chiptop/system/chipyard_prcictrl_domain/resetSynchronizer/nodeOut_member_allClocks_uncore_reset_catcher/io_sync_reset_chain/output_chain/reset_io
    SLICE_X18Y107        FDCE                                         f  BD_i/ChaosCoreTop_0/inst/chiptop/system/chipyard_prcictrl_domain/resetSynchronizer/nodeOut_member_allClocks_uncore_reset_catcher/io_sync_reset_chain/output_chain/sync_0_reg_replica/CLR
  -------------------------------------------------------------------    -------------------

                         (clock clk_pl_0 rise edge)
                                                      0.000     0.000 r  
    PS8_X0Y0             PS8                          0.000     0.000 r  BD_i/zynq_ultra_ps_e_0/inst/PS8_i/PLCLK[0]
                         net (fo=1, routed)           0.120     0.120    BD_i/zynq_ultra_ps_e_0/inst/pl_clk_unbuffered[0]
    BUFG_PS_X0Y58        BUFG_PS (Prop_BUFG_PS_I_O)
                                                      0.018     0.138 r  BD_i/zynq_ultra_ps_e_0/inst/buffer_pl_clk_0.PL_CLK_0_BUFG/O
    X0Y1 (CLOCK_ROOT)    net (fo=61648, routed)       1.005     1.143    BD_i/ChaosCoreTop_0/inst/chiptop/system/chipyard_prcictrl_domain/resetSynchronizer/nodeOut_member_allClocks_uncore_reset_catcher/io_sync_reset_chain/output_chain/clock_uncore
    SLICE_X18Y107        FDCE                                         r  BD_i/ChaosCoreTop_0/inst/chiptop/system/chipyard_prcictrl_domain/resetSynchronizer/nodeOut_member_allClocks_uncore_reset_catcher/io_sync_reset_chain/output_chain/sync_0_reg_replica/C
                         clock pessimism             -0.071     1.072    
    SLICE_X18Y107        FDCE (Remov_DFF_SLICEL_C_CLR)
                                                     -0.020     1.052    BD_i/ChaosCoreTop_0/inst/chiptop/system/chipyard_prcictrl_domain/resetSynchronizer/nodeOut_member_allClocks_uncore_reset_catcher/io_sync_reset_chain/output_chain/sync_0_reg_replica
  -------------------------------------------------------------------
                         required time                         -1.052    
                         arrival time                           1.520    
  -------------------------------------------------------------------
                         slack                                  0.468    

Slack (MET) :             0.621ns  (arrival time - required time)
  Source:                 BD_i/axi_gpio_0/U0/gpio_core_1/Dual.gpio_Data_Out_reg[31]/C
                            (rising edge-triggered cell FDRE clocked by clk_pl_0  {rise@0.000ns fall@10.000ns period=20.000ns})
  Destination:            BD_i/ChaosCoreTop_0/inst/chiptop/system/chipyard_prcictrl_domain/resetSynchronizer/nodeOut_member_allClocks_uncore_reset_catcher/io_sync_reset_chain/output_chain/sync_1_reg/CLR
                            (removal check against rising-edge clock clk_pl_0  {rise@0.000ns fall@10.000ns period=20.000ns})
  Path Group:             **async_default**
  Path Type:              Removal (Min at Fast Process Corner)
  Requirement:            0.000ns  (clk_pl_0 rise@0.000ns - clk_pl_0 rise@0.000ns)
  Data Path Delay:        0.664ns  (logic 0.039ns (5.870%)  route 0.625ns (94.129%))
  Logic Levels:           0  
  Clock Path Skew:        0.063ns (DCD - SCD - CPR)
    Destination Clock Delay (DCD):    1.138ns
    Source Clock Delay      (SCD):    1.004ns
    Clock Pessimism Removal (CPR):    0.071ns
  Clock Net Delay (Source):      0.893ns (routing 0.324ns, distribution 0.569ns)
  Clock Net Delay (Destination): 1.000ns (routing 0.365ns, distribution 0.635ns)

    Location             Delay type                Incr(ns)  Path(ns)    Netlist Resource(s)
  -------------------------------------------------------------------    -------------------
                         (clock clk_pl_0 rise edge)
                                                      0.000     0.000 r  
    PS8_X0Y0             PS8                          0.000     0.000 r  BD_i/zynq_ultra_ps_e_0/inst/PS8_i/PLCLK[0]
                         net (fo=1, routed)           0.094     0.094    BD_i/zynq_ultra_ps_e_0/inst/pl_clk_unbuffered[0]
    BUFG_PS_X0Y58        BUFG_PS (Prop_BUFG_PS_I_O)
                                                      0.017     0.111 r  BD_i/zynq_ultra_ps_e_0/inst/buffer_pl_clk_0.PL_CLK_0_BUFG/O
    X0Y1 (CLOCK_ROOT)    net (fo=61648, routed)       0.893     1.004    BD_i/axi_gpio_0/U0/gpio_core_1/s_axi_aclk
    SLICE_X14Y48         FDRE                                         r  BD_i/axi_gpio_0/U0/gpio_core_1/Dual.gpio_Data_Out_reg[31]/C
  -------------------------------------------------------------------    -------------------
    SLICE_X14Y48         FDRE (Prop_HFF_SLICEM_C_Q)
                                                      0.039     1.043 f  BD_i/axi_gpio_0/U0/gpio_core_1/Dual.gpio_Data_Out_reg[31]/Q
                         net (fo=6, routed)           0.625     1.668    BD_i/ChaosCoreTop_0/inst/chiptop/system/chipyard_prcictrl_domain/resetSynchronizer/nodeOut_member_allClocks_uncore_reset_catcher/io_sync_reset_chain/output_chain/reset_io
    SLICE_X12Y110        FDCE                                         f  BD_i/ChaosCoreTop_0/inst/chiptop/system/chipyard_prcictrl_domain/resetSynchronizer/nodeOut_member_allClocks_uncore_reset_catcher/io_sync_reset_chain/output_chain/sync_1_reg/CLR
  -------------------------------------------------------------------    -------------------

                         (clock clk_pl_0 rise edge)
                                                      0.000     0.000 r  
    PS8_X0Y0             PS8                          0.000     0.000 r  BD_i/zynq_ultra_ps_e_0/inst/PS8_i/PLCLK[0]
                         net (fo=1, routed)           0.120     0.120    BD_i/zynq_ultra_ps_e_0/inst/pl_clk_unbuffered[0]
    BUFG_PS_X0Y58        BUFG_PS (Prop_BUFG_PS_I_O)
                                                      0.018     0.138 r  BD_i/zynq_ultra_ps_e_0/inst/buffer_pl_clk_0.PL_CLK_0_BUFG/O
    X0Y1 (CLOCK_ROOT)    net (fo=61648, routed)       1.000     1.138    BD_i/ChaosCoreTop_0/inst/chiptop/system/chipyard_prcictrl_domain/resetSynchronizer/nodeOut_member_allClocks_uncore_reset_catcher/io_sync_reset_chain/output_chain/clock_uncore
    SLICE_X12Y110        FDCE                                         r  BD_i/ChaosCoreTop_0/inst/chiptop/system/chipyard_prcictrl_domain/resetSynchronizer/nodeOut_member_allClocks_uncore_reset_catcher/io_sync_reset_chain/output_chain/sync_1_reg/C
                         clock pessimism             -0.071     1.067    
    SLICE_X12Y110        FDCE (Remov_AFF_SLICEL_C_CLR)
                                                     -0.020     1.047    BD_i/ChaosCoreTop_0/inst/chiptop/system/chipyard_prcictrl_domain/resetSynchronizer/nodeOut_member_allClocks_uncore_reset_catcher/io_sync_reset_chain/output_chain/sync_1_reg
  -------------------------------------------------------------------
                         required time                         -1.047    
                         arrival time                           1.668    
  -------------------------------------------------------------------
                         slack                                  0.621    

Slack (MET) :             0.621ns  (arrival time - required time)
  Source:                 BD_i/axi_gpio_0/U0/gpio_core_1/Dual.gpio_Data_Out_reg[31]/C
                            (rising edge-triggered cell FDRE clocked by clk_pl_0  {rise@0.000ns fall@10.000ns period=20.000ns})
  Destination:            BD_i/ChaosCoreTop_0/inst/chiptop/system/chipyard_prcictrl_domain/resetSynchronizer/nodeOut_member_allClocks_uncore_reset_catcher/io_sync_reset_chain/output_chain/sync_2_reg/CLR
                            (removal check against rising-edge clock clk_pl_0  {rise@0.000ns fall@10.000ns period=20.000ns})
  Path Group:             **async_default**
  Path Type:              Removal (Min at Fast Process Corner)
  Requirement:            0.000ns  (clk_pl_0 rise@0.000ns - clk_pl_0 rise@0.000ns)
  Data Path Delay:        0.664ns  (logic 0.039ns (5.870%)  route 0.625ns (94.129%))
  Logic Levels:           0  
  Clock Path Skew:        0.063ns (DCD - SCD - CPR)
    Destination Clock Delay (DCD):    1.138ns
    Source Clock Delay      (SCD):    1.004ns
    Clock Pessimism Removal (CPR):    0.071ns
  Clock Net Delay (Source):      0.893ns (routing 0.324ns, distribution 0.569ns)
  Clock Net Delay (Destination): 1.000ns (routing 0.365ns, distribution 0.635ns)

    Location             Delay type                Incr(ns)  Path(ns)    Netlist Resource(s)
  -------------------------------------------------------------------    -------------------
                         (clock clk_pl_0 rise edge)
                                                      0.000     0.000 r  
    PS8_X0Y0             PS8                          0.000     0.000 r  BD_i/zynq_ultra_ps_e_0/inst/PS8_i/PLCLK[0]
                         net (fo=1, routed)           0.094     0.094    BD_i/zynq_ultra_ps_e_0/inst/pl_clk_unbuffered[0]
    BUFG_PS_X0Y58        BUFG_PS (Prop_BUFG_PS_I_O)
                                                      0.017     0.111 r  BD_i/zynq_ultra_ps_e_0/inst/buffer_pl_clk_0.PL_CLK_0_BUFG/O
    X0Y1 (CLOCK_ROOT)    net (fo=61648, routed)       0.893     1.004    BD_i/axi_gpio_0/U0/gpio_core_1/s_axi_aclk
    SLICE_X14Y48         FDRE                                         r  BD_i/axi_gpio_0/U0/gpio_core_1/Dual.gpio_Data_Out_reg[31]/C
  -------------------------------------------------------------------    -------------------
    SLICE_X14Y48         FDRE (Prop_HFF_SLICEM_C_Q)
                                                      0.039     1.043 f  BD_i/axi_gpio_0/U0/gpio_core_1/Dual.gpio_Data_Out_reg[31]/Q
                         net (fo=6, routed)           0.625     1.668    BD_i/ChaosCoreTop_0/inst/chiptop/system/chipyard_prcictrl_domain/resetSynchronizer/nodeOut_member_allClocks_uncore_reset_catcher/io_sync_reset_chain/output_chain/reset_io
    SLICE_X12Y110        FDCE                                         f  BD_i/ChaosCoreTop_0/inst/chiptop/system/chipyard_prcictrl_domain/resetSynchronizer/nodeOut_member_allClocks_uncore_reset_catcher/io_sync_reset_chain/output_chain/sync_2_reg/CLR
  -------------------------------------------------------------------    -------------------

                         (clock clk_pl_0 rise edge)
                                                      0.000     0.000 r  
    PS8_X0Y0             PS8                          0.000     0.000 r  BD_i/zynq_ultra_ps_e_0/inst/PS8_i/PLCLK[0]
                         net (fo=1, routed)           0.120     0.120    BD_i/zynq_ultra_ps_e_0/inst/pl_clk_unbuffered[0]
    BUFG_PS_X0Y58        BUFG_PS (Prop_BUFG_PS_I_O)
                                                      0.018     0.138 r  BD_i/zynq_ultra_ps_e_0/inst/buffer_pl_clk_0.PL_CLK_0_BUFG/O
    X0Y1 (CLOCK_ROOT)    net (fo=61648, routed)       1.000     1.138    BD_i/ChaosCoreTop_0/inst/chiptop/system/chipyard_prcictrl_domain/resetSynchronizer/nodeOut_member_allClocks_uncore_reset_catcher/io_sync_reset_chain/output_chain/clock_uncore
    SLICE_X12Y110        FDCE                                         r  BD_i/ChaosCoreTop_0/inst/chiptop/system/chipyard_prcictrl_domain/resetSynchronizer/nodeOut_member_allClocks_uncore_reset_catcher/io_sync_reset_chain/output_chain/sync_2_reg/C
                         clock pessimism             -0.071     1.067    
    SLICE_X12Y110        FDCE (Remov_AFF2_SLICEL_C_CLR)
                                                     -0.020     1.047    BD_i/ChaosCoreTop_0/inst/chiptop/system/chipyard_prcictrl_domain/resetSynchronizer/nodeOut_member_allClocks_uncore_reset_catcher/io_sync_reset_chain/output_chain/sync_2_reg
  -------------------------------------------------------------------
                         required time                         -1.047    
                         arrival time                           1.668    
  -------------------------------------------------------------------
                         slack                                  0.621    

Slack (MET) :             0.716ns  (arrival time - required time)
  Source:                 BD_i/axi_gpio_0/U0/gpio_core_1/Dual.gpio_Data_Out_reg[31]/C
                            (rising edge-triggered cell FDRE clocked by clk_pl_0  {rise@0.000ns fall@10.000ns period=20.000ns})
  Destination:            BD_i/ChaosCoreTop_0/inst/chiptop/system/chipyard_prcictrl_domain/clock_gater/regs_0/reg_0_reg/PRE
                            (removal check against rising-edge clock clk_pl_0  {rise@0.000ns fall@10.000ns period=20.000ns})
  Path Group:             **async_default**
  Path Type:              Removal (Min at Fast Process Corner)
  Requirement:            0.000ns  (clk_pl_0 rise@0.000ns - clk_pl_0 rise@0.000ns)
  Data Path Delay:        0.799ns  (logic 0.039ns (4.884%)  route 0.760ns (95.116%))
  Logic Levels:           0  
  Clock Path Skew:        0.102ns (DCD - SCD - CPR)
    Destination Clock Delay (DCD):    1.174ns
    Source Clock Delay      (SCD):    1.004ns
    Clock Pessimism Removal (CPR):    0.068ns
  Clock Net Delay (Source):      0.893ns (routing 0.324ns, distribution 0.569ns)
  Clock Net Delay (Destination): 1.036ns (routing 0.365ns, distribution 0.671ns)

    Location             Delay type                Incr(ns)  Path(ns)    Netlist Resource(s)
  -------------------------------------------------------------------    -------------------
                         (clock clk_pl_0 rise edge)
                                                      0.000     0.000 r  
    PS8_X0Y0             PS8                          0.000     0.000 r  BD_i/zynq_ultra_ps_e_0/inst/PS8_i/PLCLK[0]
                         net (fo=1, routed)           0.094     0.094    BD_i/zynq_ultra_ps_e_0/inst/pl_clk_unbuffered[0]
    BUFG_PS_X0Y58        BUFG_PS (Prop_BUFG_PS_I_O)
                                                      0.017     0.111 r  BD_i/zynq_ultra_ps_e_0/inst/buffer_pl_clk_0.PL_CLK_0_BUFG/O
    X0Y1 (CLOCK_ROOT)    net (fo=61648, routed)       0.893     1.004    BD_i/axi_gpio_0/U0/gpio_core_1/s_axi_aclk
    SLICE_X14Y48         FDRE                                         r  BD_i/axi_gpio_0/U0/gpio_core_1/Dual.gpio_Data_Out_reg[31]/C
  -------------------------------------------------------------------    -------------------
    SLICE_X14Y48         FDRE (Prop_HFF_SLICEM_C_Q)
                                                      0.039     1.043 f  BD_i/axi_gpio_0/U0/gpio_core_1/Dual.gpio_Data_Out_reg[31]/Q
                         net (fo=6, routed)           0.760     1.802    BD_i/ChaosCoreTop_0/inst/chiptop/system/chipyard_prcictrl_domain/clock_gater/regs_0/reset_io
    SLICE_X8Y126         FDPE                                         f  BD_i/ChaosCoreTop_0/inst/chiptop/system/chipyard_prcictrl_domain/clock_gater/regs_0/reg_0_reg/PRE
  -------------------------------------------------------------------    -------------------

                         (clock clk_pl_0 rise edge)
                                                      0.000     0.000 r  
    PS8_X0Y0             PS8                          0.000     0.000 r  BD_i/zynq_ultra_ps_e_0/inst/PS8_i/PLCLK[0]
                         net (fo=1, routed)           0.120     0.120    BD_i/zynq_ultra_ps_e_0/inst/pl_clk_unbuffered[0]
    BUFG_PS_X0Y58        BUFG_PS (Prop_BUFG_PS_I_O)
                                                      0.018     0.138 r  BD_i/zynq_ultra_ps_e_0/inst/buffer_pl_clk_0.PL_CLK_0_BUFG/O
    X0Y1 (CLOCK_ROOT)    net (fo=61648, routed)       1.036     1.174    BD_i/ChaosCoreTop_0/inst/chiptop/system/chipyard_prcictrl_domain/clock_gater/regs_0/clock_uncore
    SLICE_X8Y126         FDPE                                         r  BD_i/ChaosCoreTop_0/inst/chiptop/system/chipyard_prcictrl_domain/clock_gater/regs_0/reg_0_reg/C
                         clock pessimism             -0.068     1.106    
    SLICE_X8Y126         FDPE (Remov_GFF_SLICEL_C_PRE)
                                                     -0.020     1.086    BD_i/ChaosCoreTop_0/inst/chiptop/system/chipyard_prcictrl_domain/clock_gater/regs_0/reg_0_reg
  -------------------------------------------------------------------
                         required time                         -1.086    
                         arrival time                           1.802    
  -------------------------------------------------------------------
                         slack                                  0.716    

Slack (MET) :             1.370ns  (arrival time - required time)
  Source:                 BD_i/ChaosCoreTop_0/inst/chiptop/system/chipyard_prcictrl_domain/resetSynchronizer/nodeOut_member_allClocks_uncore_reset_catcher/io_sync_reset_chain/output_chain/sync_0_reg/C
                            (rising edge-triggered cell FDCE clocked by clk_pl_0  {rise@0.000ns fall@10.000ns period=20.000ns})
  Destination:            BD_i/ChaosCoreTop_0/inst/chiptop/system/plic_domain/intsource/reg_0/reg_0_reg/CLR
                            (removal check against rising-edge clock clk_pl_0  {rise@0.000ns fall@10.000ns period=20.000ns})
  Path Group:             **async_default**
  Path Type:              Removal (Min at Fast Process Corner)
  Requirement:            0.000ns  (clk_pl_0 rise@0.000ns - clk_pl_0 rise@0.000ns)
  Data Path Delay:        1.458ns  (logic 0.056ns (3.841%)  route 1.402ns (96.159%))
  Logic Levels:           1  (BUFGCE=1)
  Clock Path Skew:        0.108ns (DCD - SCD - CPR)
    Destination Clock Delay (DCD):    1.174ns
    Source Clock Delay      (SCD):    0.998ns
    Clock Pessimism Removal (CPR):    0.068ns
  Clock Net Delay (Source):      0.887ns (routing 0.324ns, distribution 0.563ns)
  Clock Net Delay (Destination): 1.036ns (routing 0.365ns, distribution 0.671ns)

    Location             Delay type                Incr(ns)  Path(ns)    Netlist Resource(s)
  -------------------------------------------------------------------    -------------------
                         (clock clk_pl_0 rise edge)
                                                      0.000     0.000 r  
    PS8_X0Y0             PS8                          0.000     0.000 r  BD_i/zynq_ultra_ps_e_0/inst/PS8_i/PLCLK[0]
                         net (fo=1, routed)           0.094     0.094    BD_i/zynq_ultra_ps_e_0/inst/pl_clk_unbuffered[0]
    BUFG_PS_X0Y58        BUFG_PS (Prop_BUFG_PS_I_O)
                                                      0.017     0.111 r  BD_i/zynq_ultra_ps_e_0/inst/buffer_pl_clk_0.PL_CLK_0_BUFG/O
    X0Y1 (CLOCK_ROOT)    net (fo=61648, routed)       0.887     0.998    BD_i/ChaosCoreTop_0/inst/chiptop/system/chipyard_prcictrl_domain/resetSynchronizer/nodeOut_member_allClocks_uncore_reset_catcher/io_sync_reset_chain/output_chain/clock_uncore
    SLICE_X18Y96         FDCE                                         r  BD_i/ChaosCoreTop_0/inst/chiptop/system/chipyard_prcictrl_domain/resetSynchronizer/nodeOut_member_allClocks_uncore_reset_catcher/io_sync_reset_chain/output_chain/sync_0_reg/C
  -------------------------------------------------------------------    -------------------
    SLICE_X18Y96         FDCE (Prop_AFF_SLICEL_C_Q)
                                                      0.039     1.037 r  BD_i/ChaosCoreTop_0/inst/chiptop/system/chipyard_prcictrl_domain/resetSynchronizer/nodeOut_member_allClocks_uncore_reset_catcher/io_sync_reset_chain/output_chain/sync_0_reg/Q
                         net (fo=1, routed)           0.725     1.762    BD_i/ChaosCoreTop_0/inst/chiptop/system/chipyard_prcictrl_domain/resetSynchronizer/nodeOut_member_allClocks_uncore_reset_catcher/io_sync_reset_chain/output_chain/sync_0_reg_0_bufg_place
    BUFGCE_X0Y50         BUFGCE (Prop_BUFCE_BUFGCE_I_O)
                                                      0.017     1.779 r  BD_i/ChaosCoreTop_0/inst/chiptop/system/chipyard_prcictrl_domain/resetSynchronizer/nodeOut_member_allClocks_uncore_reset_catcher/io_sync_reset_chain/output_chain/sync_0_reg_bufg_place/O
                         net (fo=7603, routed)        0.677     2.456    BD_i/ChaosCoreTop_0/inst/chiptop/system/plic_domain/intsource/reg_0/_chipyard_prcictrl_domain_auto_resetSynchronizer_out_member_allClocks_uncore_reset
    SLICE_X13Y128        FDCE                                         f  BD_i/ChaosCoreTop_0/inst/chiptop/system/plic_domain/intsource/reg_0/reg_0_reg/CLR  (IS_INVERTED)
  -------------------------------------------------------------------    -------------------

                         (clock clk_pl_0 rise edge)
                                                      0.000     0.000 r  
    PS8_X0Y0             PS8                          0.000     0.000 r  BD_i/zynq_ultra_ps_e_0/inst/PS8_i/PLCLK[0]
                         net (fo=1, routed)           0.120     0.120    BD_i/zynq_ultra_ps_e_0/inst/pl_clk_unbuffered[0]
    BUFG_PS_X0Y58        BUFG_PS (Prop_BUFG_PS_I_O)
                                                      0.018     0.138 r  BD_i/zynq_ultra_ps_e_0/inst/buffer_pl_clk_0.PL_CLK_0_BUFG/O
    X0Y1 (CLOCK_ROOT)    net (fo=61648, routed)       1.036     1.174    BD_i/ChaosCoreTop_0/inst/chiptop/system/plic_domain/intsource/reg_0/clock_uncore
    SLICE_X13Y128        FDCE                                         r  BD_i/ChaosCoreTop_0/inst/chiptop/system/plic_domain/intsource/reg_0/reg_0_reg/C
                         clock pessimism             -0.068     1.106    
    SLICE_X13Y128        FDCE (Remov_HFF2_SLICEL_C_CLR)
                                                     -0.020     1.086    BD_i/ChaosCoreTop_0/inst/chiptop/system/plic_domain/intsource/reg_0/reg_0_reg
  -------------------------------------------------------------------
                         required time                         -1.086    
                         arrival time                           2.456    
  -------------------------------------------------------------------
                         slack                                  1.370    

Slack (MET) :             1.382ns  (arrival time - required time)
  Source:                 BD_i/ChaosCoreTop_0/inst/chiptop/system/chipyard_prcictrl_domain/resetSynchronizer/nodeOut_member_allClocks_uncore_reset_catcher/io_sync_reset_chain/output_chain/sync_0_reg/C
                            (rising edge-triggered cell FDCE clocked by clk_pl_0  {rise@0.000ns fall@10.000ns period=20.000ns})
  Destination:            BD_i/ChaosCoreTop_0/inst/chiptop/system/clint_domain/intsource/reg_0/reg_0_reg[1]/CLR
                            (removal check against rising-edge clock clk_pl_0  {rise@0.000ns fall@10.000ns period=20.000ns})
  Path Group:             **async_default**
  Path Type:              Removal (Min at Fast Process Corner)
  Requirement:            0.000ns  (clk_pl_0 rise@0.000ns - clk_pl_0 rise@0.000ns)
  Data Path Delay:        1.464ns  (logic 0.056ns (3.826%)  route 1.408ns (96.174%))
  Logic Levels:           1  (BUFGCE=1)
  Clock Path Skew:        0.102ns (DCD - SCD - CPR)
    Destination Clock Delay (DCD):    1.167ns
    Source Clock Delay      (SCD):    0.998ns
    Clock Pessimism Removal (CPR):    0.068ns
  Clock Net Delay (Source):      0.887ns (routing 0.324ns, distribution 0.563ns)
  Clock Net Delay (Destination): 1.029ns (routing 0.365ns, distribution 0.664ns)

    Location             Delay type                Incr(ns)  Path(ns)    Netlist Resource(s)
  -------------------------------------------------------------------    -------------------
                         (clock clk_pl_0 rise edge)
                                                      0.000     0.000 r  
    PS8_X0Y0             PS8                          0.000     0.000 r  BD_i/zynq_ultra_ps_e_0/inst/PS8_i/PLCLK[0]
                         net (fo=1, routed)           0.094     0.094    BD_i/zynq_ultra_ps_e_0/inst/pl_clk_unbuffered[0]
    BUFG_PS_X0Y58        BUFG_PS (Prop_BUFG_PS_I_O)
                                                      0.017     0.111 r  BD_i/zynq_ultra_ps_e_0/inst/buffer_pl_clk_0.PL_CLK_0_BUFG/O
    X0Y1 (CLOCK_ROOT)    net (fo=61648, routed)       0.887     0.998    BD_i/ChaosCoreTop_0/inst/chiptop/system/chipyard_prcictrl_domain/resetSynchronizer/nodeOut_member_allClocks_uncore_reset_catcher/io_sync_reset_chain/output_chain/clock_uncore
    SLICE_X18Y96         FDCE                                         r  BD_i/ChaosCoreTop_0/inst/chiptop/system/chipyard_prcictrl_domain/resetSynchronizer/nodeOut_member_allClocks_uncore_reset_catcher/io_sync_reset_chain/output_chain/sync_0_reg/C
  -------------------------------------------------------------------    -------------------
    SLICE_X18Y96         FDCE (Prop_AFF_SLICEL_C_Q)
                                                      0.039     1.037 r  BD_i/ChaosCoreTop_0/inst/chiptop/system/chipyard_prcictrl_domain/resetSynchronizer/nodeOut_member_allClocks_uncore_reset_catcher/io_sync_reset_chain/output_chain/sync_0_reg/Q
                         net (fo=1, routed)           0.725     1.762    BD_i/ChaosCoreTop_0/inst/chiptop/system/chipyard_prcictrl_domain/resetSynchronizer/nodeOut_member_allClocks_uncore_reset_catcher/io_sync_reset_chain/output_chain/sync_0_reg_0_bufg_place
    BUFGCE_X0Y50         BUFGCE (Prop_BUFCE_BUFGCE_I_O)
                                                      0.017     1.779 r  BD_i/ChaosCoreTop_0/inst/chiptop/system/chipyard_prcictrl_domain/resetSynchronizer/nodeOut_member_allClocks_uncore_reset_catcher/io_sync_reset_chain/output_chain/sync_0_reg_bufg_place/O
                         net (fo=7603, routed)        0.683     2.461    BD_i/ChaosCoreTop_0/inst/chiptop/system/clint_domain/intsource/reg_0/_chipyard_prcictrl_domain_auto_resetSynchronizer_out_member_allClocks_uncore_reset
    SLICE_X10Y135        FDCE                                         f  BD_i/ChaosCoreTop_0/inst/chiptop/system/clint_domain/intsource/reg_0/reg_0_reg[1]/CLR  (IS_INVERTED)
  -------------------------------------------------------------------    -------------------

                         (clock clk_pl_0 rise edge)
                                                      0.000     0.000 r  
    PS8_X0Y0             PS8                          0.000     0.000 r  BD_i/zynq_ultra_ps_e_0/inst/PS8_i/PLCLK[0]
                         net (fo=1, routed)           0.120     0.120    BD_i/zynq_ultra_ps_e_0/inst/pl_clk_unbuffered[0]
    BUFG_PS_X0Y58        BUFG_PS (Prop_BUFG_PS_I_O)
                                                      0.018     0.138 r  BD_i/zynq_ultra_ps_e_0/inst/buffer_pl_clk_0.PL_CLK_0_BUFG/O
    X0Y1 (CLOCK_ROOT)    net (fo=61648, routed)       1.029     1.167    BD_i/ChaosCoreTop_0/inst/chiptop/system/clint_domain/intsource/reg_0/clock_uncore
    SLICE_X10Y135        FDCE                                         r  BD_i/ChaosCoreTop_0/inst/chiptop/system/clint_domain/intsource/reg_0/reg_0_reg[1]/C
                         clock pessimism             -0.068     1.099    
    SLICE_X10Y135        FDCE (Remov_HFF_SLICEL_C_CLR)
                                                     -0.020     1.079    BD_i/ChaosCoreTop_0/inst/chiptop/system/clint_domain/intsource/reg_0/reg_0_reg[1]
  -------------------------------------------------------------------
                         required time                         -1.079    
                         arrival time                           2.461    
  -------------------------------------------------------------------
                         slack                                  1.382    

Slack (MET) :             1.390ns  (arrival time - required time)
  Source:                 BD_i/ChaosCoreTop_0/inst/chiptop/system/chipyard_prcictrl_domain/resetSynchronizer/nodeOut_member_allClocks_uncore_reset_catcher/io_sync_reset_chain/output_chain/sync_0_reg/C
                            (rising edge-triggered cell FDCE clocked by clk_pl_0  {rise@0.000ns fall@10.000ns period=20.000ns})
  Destination:            BD_i/ChaosCoreTop_0/inst/chiptop/system/uartClockDomainWrapper/uart_0/intsource/reg_0/reg_0_reg/CLR
                            (removal check against rising-edge clock clk_pl_0  {rise@0.000ns fall@10.000ns period=20.000ns})
  Path Group:             **async_default**
  Path Type:              Removal (Min at Fast Process Corner)
  Requirement:            0.000ns  (clk_pl_0 rise@0.000ns - clk_pl_0 rise@0.000ns)
  Data Path Delay:        1.475ns  (logic 0.056ns (3.798%)  route 1.419ns (96.202%))
  Logic Levels:           1  (BUFGCE=1)
  Clock Path Skew:        0.105ns (DCD - SCD - CPR)
    Destination Clock Delay (DCD):    1.171ns
    Source Clock Delay      (SCD):    0.998ns
    Clock Pessimism Removal (CPR):    0.068ns
  Clock Net Delay (Source):      0.887ns (routing 0.324ns, distribution 0.563ns)
  Clock Net Delay (Destination): 1.033ns (routing 0.365ns, distribution 0.668ns)

    Location             Delay type                Incr(ns)  Path(ns)    Netlist Resource(s)
  -------------------------------------------------------------------    -------------------
                         (clock clk_pl_0 rise edge)
                                                      0.000     0.000 r  
    PS8_X0Y0             PS8                          0.000     0.000 r  BD_i/zynq_ultra_ps_e_0/inst/PS8_i/PLCLK[0]
                         net (fo=1, routed)           0.094     0.094    BD_i/zynq_ultra_ps_e_0/inst/pl_clk_unbuffered[0]
    BUFG_PS_X0Y58        BUFG_PS (Prop_BUFG_PS_I_O)
                                                      0.017     0.111 r  BD_i/zynq_ultra_ps_e_0/inst/buffer_pl_clk_0.PL_CLK_0_BUFG/O
    X0Y1 (CLOCK_ROOT)    net (fo=61648, routed)       0.887     0.998    BD_i/ChaosCoreTop_0/inst/chiptop/system/chipyard_prcictrl_domain/resetSynchronizer/nodeOut_member_allClocks_uncore_reset_catcher/io_sync_reset_chain/output_chain/clock_uncore
    SLICE_X18Y96         FDCE                                         r  BD_i/ChaosCoreTop_0/inst/chiptop/system/chipyard_prcictrl_domain/resetSynchronizer/nodeOut_member_allClocks_uncore_reset_catcher/io_sync_reset_chain/output_chain/sync_0_reg/C
  -------------------------------------------------------------------    -------------------
    SLICE_X18Y96         FDCE (Prop_AFF_SLICEL_C_Q)
                                                      0.039     1.037 r  BD_i/ChaosCoreTop_0/inst/chiptop/system/chipyard_prcictrl_domain/resetSynchronizer/nodeOut_member_allClocks_uncore_reset_catcher/io_sync_reset_chain/output_chain/sync_0_reg/Q
                         net (fo=1, routed)           0.725     1.762    BD_i/ChaosCoreTop_0/inst/chiptop/system/chipyard_prcictrl_domain/resetSynchronizer/nodeOut_member_allClocks_uncore_reset_catcher/io_sync_reset_chain/output_chain/sync_0_reg_0_bufg_place
    BUFGCE_X0Y50         BUFGCE (Prop_BUFCE_BUFGCE_I_O)
                                                      0.017     1.779 r  BD_i/ChaosCoreTop_0/inst/chiptop/system/chipyard_prcictrl_domain/resetSynchronizer/nodeOut_member_allClocks_uncore_reset_catcher/io_sync_reset_chain/output_chain/sync_0_reg_bufg_place/O
                         net (fo=7603, routed)        0.694     2.472    BD_i/ChaosCoreTop_0/inst/chiptop/system/uartClockDomainWrapper/uart_0/intsource/reg_0/_chipyard_prcictrl_domain_auto_resetSynchronizer_out_member_allClocks_uncore_reset
    SLICE_X2Y133         FDCE                                         f  BD_i/ChaosCoreTop_0/inst/chiptop/system/uartClockDomainWrapper/uart_0/intsource/reg_0/reg_0_reg/CLR  (IS_INVERTED)
  -------------------------------------------------------------------    -------------------

                         (clock clk_pl_0 rise edge)
                                                      0.000     0.000 r  
    PS8_X0Y0             PS8                          0.000     0.000 r  BD_i/zynq_ultra_ps_e_0/inst/PS8_i/PLCLK[0]
                         net (fo=1, routed)           0.120     0.120    BD_i/zynq_ultra_ps_e_0/inst/pl_clk_unbuffered[0]
    BUFG_PS_X0Y58        BUFG_PS (Prop_BUFG_PS_I_O)
                                                      0.018     0.138 r  BD_i/zynq_ultra_ps_e_0/inst/buffer_pl_clk_0.PL_CLK_0_BUFG/O
    X0Y1 (CLOCK_ROOT)    net (fo=61648, routed)       1.033     1.171    BD_i/ChaosCoreTop_0/inst/chiptop/system/uartClockDomainWrapper/uart_0/intsource/reg_0/clock_uncore
    SLICE_X2Y133         FDCE                                         r  BD_i/ChaosCoreTop_0/inst/chiptop/system/uartClockDomainWrapper/uart_0/intsource/reg_0/reg_0_reg/C
                         clock pessimism             -0.068     1.103    
    SLICE_X2Y133         FDCE (Remov_CFF2_SLICEL_C_CLR)
                                                     -0.020     1.083    BD_i/ChaosCoreTop_0/inst/chiptop/system/uartClockDomainWrapper/uart_0/intsource/reg_0/reg_0_reg
  -------------------------------------------------------------------
                         required time                         -1.083    
                         arrival time                           2.472    
  -------------------------------------------------------------------
                         slack                                  1.390    

Slack (MET) :             1.525ns  (arrival time - required time)
  Source:                 BD_i/ChaosCoreTop_0/inst/chiptop/system/chipyard_prcictrl_domain/resetSynchronizer/nodeOut_member_allClocks_uncore_reset_catcher/io_sync_reset_chain/output_chain/sync_0_reg/C
                            (rising edge-triggered cell FDCE clocked by clk_pl_0  {rise@0.000ns fall@10.000ns period=20.000ns})
  Destination:            BD_i/ChaosCoreTop_0/inst/chiptop/system/clint_domain/intsource/reg_0/reg_0_reg[0]/CLR
                            (removal check against rising-edge clock clk_pl_0  {rise@0.000ns fall@10.000ns period=20.000ns})
  Path Group:             **async_default**
  Path Type:              Removal (Min at Fast Process Corner)
  Requirement:            0.000ns  (clk_pl_0 rise@0.000ns - clk_pl_0 rise@0.000ns)
  Data Path Delay:        1.600ns  (logic 0.056ns (3.500%)  route 1.544ns (96.500%))
  Logic Levels:           1  (BUFGCE=1)
  Clock Path Skew:        0.095ns (DCD - SCD - CPR)
    Destination Clock Delay (DCD):    1.164ns
    Source Clock Delay      (SCD):    0.998ns
    Clock Pessimism Removal (CPR):    0.071ns
  Clock Net Delay (Source):      0.887ns (routing 0.324ns, distribution 0.563ns)
  Clock Net Delay (Destination): 1.026ns (routing 0.365ns, distribution 0.661ns)

    Location             Delay type                Incr(ns)  Path(ns)    Netlist Resource(s)
  -------------------------------------------------------------------    -------------------
                         (clock clk_pl_0 rise edge)
                                                      0.000     0.000 r  
    PS8_X0Y0             PS8                          0.000     0.000 r  BD_i/zynq_ultra_ps_e_0/inst/PS8_i/PLCLK[0]
                         net (fo=1, routed)           0.094     0.094    BD_i/zynq_ultra_ps_e_0/inst/pl_clk_unbuffered[0]
    BUFG_PS_X0Y58        BUFG_PS (Prop_BUFG_PS_I_O)
                                                      0.017     0.111 r  BD_i/zynq_ultra_ps_e_0/inst/buffer_pl_clk_0.PL_CLK_0_BUFG/O
    X0Y1 (CLOCK_ROOT)    net (fo=61648, routed)       0.887     0.998    BD_i/ChaosCoreTop_0/inst/chiptop/system/chipyard_prcictrl_domain/resetSynchronizer/nodeOut_member_allClocks_uncore_reset_catcher/io_sync_reset_chain/output_chain/clock_uncore
    SLICE_X18Y96         FDCE                                         r  BD_i/ChaosCoreTop_0/inst/chiptop/system/chipyard_prcictrl_domain/resetSynchronizer/nodeOut_member_allClocks_uncore_reset_catcher/io_sync_reset_chain/output_chain/sync_0_reg/C
  -------------------------------------------------------------------    -------------------
    SLICE_X18Y96         FDCE (Prop_AFF_SLICEL_C_Q)
                                                      0.039     1.037 r  BD_i/ChaosCoreTop_0/inst/chiptop/system/chipyard_prcictrl_domain/resetSynchronizer/nodeOut_member_allClocks_uncore_reset_catcher/io_sync_reset_chain/output_chain/sync_0_reg/Q
                         net (fo=1, routed)           0.725     1.762    BD_i/ChaosCoreTop_0/inst/chiptop/system/chipyard_prcictrl_domain/resetSynchronizer/nodeOut_member_allClocks_uncore_reset_catcher/io_sync_reset_chain/output_chain/sync_0_reg_0_bufg_place
    BUFGCE_X0Y50         BUFGCE (Prop_BUFCE_BUFGCE_I_O)
                                                      0.017     1.779 r  BD_i/ChaosCoreTop_0/inst/chiptop/system/chipyard_prcictrl_domain/resetSynchronizer/nodeOut_member_allClocks_uncore_reset_catcher/io_sync_reset_chain/output_chain/sync_0_reg_bufg_place/O
                         net (fo=7603, routed)        0.819     2.598    BD_i/ChaosCoreTop_0/inst/chiptop/system/clint_domain/intsource/reg_0/_chipyard_prcictrl_domain_auto_resetSynchronizer_out_member_allClocks_uncore_reset
    SLICE_X11Y59         FDCE                                         f  BD_i/ChaosCoreTop_0/inst/chiptop/system/clint_domain/intsource/reg_0/reg_0_reg[0]/CLR  (IS_INVERTED)
  -------------------------------------------------------------------    -------------------

                         (clock clk_pl_0 rise edge)
                                                      0.000     0.000 r  
    PS8_X0Y0             PS8                          0.000     0.000 r  BD_i/zynq_ultra_ps_e_0/inst/PS8_i/PLCLK[0]
                         net (fo=1, routed)           0.120     0.120    BD_i/zynq_ultra_ps_e_0/inst/pl_clk_unbuffered[0]
    BUFG_PS_X0Y58        BUFG_PS (Prop_BUFG_PS_I_O)
                                                      0.018     0.138 r  BD_i/zynq_ultra_ps_e_0/inst/buffer_pl_clk_0.PL_CLK_0_BUFG/O
    X0Y1 (CLOCK_ROOT)    net (fo=61648, routed)       1.026     1.164    BD_i/ChaosCoreTop_0/inst/chiptop/system/clint_domain/intsource/reg_0/clock_uncore
    SLICE_X11Y59         FDCE                                         r  BD_i/ChaosCoreTop_0/inst/chiptop/system/clint_domain/intsource/reg_0/reg_0_reg[0]/C
                         clock pessimism             -0.071     1.093    
    SLICE_X11Y59         FDCE (Remov_EFF_SLICEL_C_CLR)
                                                     -0.020     1.073    BD_i/ChaosCoreTop_0/inst/chiptop/system/clint_domain/intsource/reg_0/reg_0_reg[0]
  -------------------------------------------------------------------
                         required time                         -1.073    
                         arrival time                           2.598    
  -------------------------------------------------------------------
                         slack                                  1.525    





--------------------------------------------------------------------------------------
Path Group:  (none)
From Clock:  
  To Clock:  clk_pl_0

Max Delay             1 Endpoint
Min Delay             1 Endpoint
--------------------------------------------------------------------------------------


Max Delay Paths
--------------------------------------------------------------------------------------
Slack:                    inf
  Source:                 BD_i/zynq_ultra_ps_e_0/inst/PS8_i/EMIOGPIOO[95]
                            (internal pin)
  Destination:            BD_i/rst_ps8_0_100M/U0/EXT_LPF/ACTIVE_LOW_EXT.ACT_LO_EXT/GENERATE_LEVEL_P_S_CDC.SINGLE_BIT.CROSS_PLEVEL_IN2SCNDRY_IN_cdc_to/D
                            (rising edge-triggered cell FDRE clocked by clk_pl_0  {rise@0.000ns fall@10.000ns period=20.000ns})
  Path Group:             (none)
  Path Type:              Setup (Max at Slow Process Corner)
  Data Path Delay:        1.206ns  (logic 0.114ns (9.453%)  route 1.092ns (90.547%))
  Logic Levels:           1  (LUT1=1)
  Clock Uncertainty:      0.231ns  ((TSJ^2 + DJ^2)^1/2) / 2 + PE
    Total System Jitter     (TSJ):    0.050ns
    Discrete Jitter          (DJ):    0.460ns
    Phase Error              (PE):    0.000ns
  Clock Net Delay (Destination): 1.568ns (routing 0.576ns, distribution 0.992ns)
  Timing Exception:       False Path

    Location             Delay type                Incr(ns)  Path(ns)    Netlist Resource(s)
  -------------------------------------------------------------------    -------------------
    PS8_X0Y0             PS8                          0.000     0.000 f  BD_i/zynq_ultra_ps_e_0/inst/PS8_i/EMIOGPIOO[95]
                         net (fo=1, routed)           0.759     0.759    BD_i/rst_ps8_0_100M/U0/EXT_LPF/ACTIVE_LOW_EXT.ACT_LO_EXT/ext_reset_in
    SLICE_X0Y127         LUT1 (Prop_G6LUT_SLICEL_I0_O)
                                                      0.114     0.873 r  BD_i/rst_ps8_0_100M/U0/EXT_LPF/ACTIVE_LOW_EXT.ACT_LO_EXT/GENERATE_LEVEL_P_S_CDC.SINGLE_BIT.CROSS_PLEVEL_IN2SCNDRY_IN_cdc_to_i_1/O
                         net (fo=1, routed)           0.333     1.206    BD_i/rst_ps8_0_100M/U0/EXT_LPF/ACTIVE_LOW_EXT.ACT_LO_EXT/exr_d1
    SLICE_X0Y127         FDRE                                         r  BD_i/rst_ps8_0_100M/U0/EXT_LPF/ACTIVE_LOW_EXT.ACT_LO_EXT/GENERATE_LEVEL_P_S_CDC.SINGLE_BIT.CROSS_PLEVEL_IN2SCNDRY_IN_cdc_to/D
  -------------------------------------------------------------------    -------------------

                         (clock clk_pl_0 rise edge)
                                                      0.000     0.000 r  
    PS8_X0Y0             PS8                          0.000     0.000 r  BD_i/zynq_ultra_ps_e_0/inst/PS8_i/PLCLK[0]
                         net (fo=1, routed)           0.140     0.140    BD_i/zynq_ultra_ps_e_0/inst/pl_clk_unbuffered[0]
    BUFG_PS_X0Y58        BUFG_PS (Prop_BUFG_PS_I_O)
                                                      0.027     0.167 r  BD_i/zynq_ultra_ps_e_0/inst/buffer_pl_clk_0.PL_CLK_0_BUFG/O
    X0Y1 (CLOCK_ROOT)    net (fo=61648, routed)       1.568     1.735    BD_i/rst_ps8_0_100M/U0/EXT_LPF/ACTIVE_LOW_EXT.ACT_LO_EXT/slowest_sync_clk
    SLICE_X0Y127         FDRE                                         r  BD_i/rst_ps8_0_100M/U0/EXT_LPF/ACTIVE_LOW_EXT.ACT_LO_EXT/GENERATE_LEVEL_P_S_CDC.SINGLE_BIT.CROSS_PLEVEL_IN2SCNDRY_IN_cdc_to/C





Min Delay Paths
--------------------------------------------------------------------------------------
Slack:                    inf
  Source:                 BD_i/zynq_ultra_ps_e_0/inst/PS8_i/EMIOGPIOO[95]
                            (internal pin)
  Destination:            BD_i/rst_ps8_0_100M/U0/EXT_LPF/ACTIVE_LOW_EXT.ACT_LO_EXT/GENERATE_LEVEL_P_S_CDC.SINGLE_BIT.CROSS_PLEVEL_IN2SCNDRY_IN_cdc_to/D
                            (rising edge-triggered cell FDRE clocked by clk_pl_0  {rise@0.000ns fall@10.000ns period=20.000ns})
  Path Group:             (none)
  Path Type:              Hold (Min at Fast Process Corner)
  Data Path Delay:        0.497ns  (logic 0.040ns (8.048%)  route 0.457ns (91.952%))
  Logic Levels:           1  (LUT1=1)
  Clock Uncertainty:      0.231ns  ((TSJ^2 + DJ^2)^1/2) / 2 + PE
    Total System Jitter     (TSJ):    0.050ns
    Discrete Jitter          (DJ):    0.460ns
    Phase Error              (PE):    0.000ns
  Clock Net Delay (Destination): 1.022ns (routing 0.365ns, distribution 0.657ns)
  Timing Exception:       False Path

    Location             Delay type                Incr(ns)  Path(ns)    Netlist Resource(s)
  -------------------------------------------------------------------    -------------------
    PS8_X0Y0             PS8                          0.000     0.000 f  BD_i/zynq_ultra_ps_e_0/inst/PS8_i/EMIOGPIOO[95]
                         net (fo=1, routed)           0.352     0.352    BD_i/rst_ps8_0_100M/U0/EXT_LPF/ACTIVE_LOW_EXT.ACT_LO_EXT/ext_reset_in
    SLICE_X0Y127         LUT1 (Prop_G6LUT_SLICEL_I0_O)
                                                      0.040     0.392 r  BD_i/rst_ps8_0_100M/U0/EXT_LPF/ACTIVE_LOW_EXT.ACT_LO_EXT/GENERATE_LEVEL_P_S_CDC.SINGLE_BIT.CROSS_PLEVEL_IN2SCNDRY_IN_cdc_to_i_1/O
                         net (fo=1, routed)           0.105     0.497    BD_i/rst_ps8_0_100M/U0/EXT_LPF/ACTIVE_LOW_EXT.ACT_LO_EXT/exr_d1
    SLICE_X0Y127         FDRE                                         r  BD_i/rst_ps8_0_100M/U0/EXT_LPF/ACTIVE_LOW_EXT.ACT_LO_EXT/GENERATE_LEVEL_P_S_CDC.SINGLE_BIT.CROSS_PLEVEL_IN2SCNDRY_IN_cdc_to/D
  -------------------------------------------------------------------    -------------------

                         (clock clk_pl_0 rise edge)
                                                      0.000     0.000 r  
    PS8_X0Y0             PS8                          0.000     0.000 r  BD_i/zynq_ultra_ps_e_0/inst/PS8_i/PLCLK[0]
                         net (fo=1, routed)           0.120     0.120    BD_i/zynq_ultra_ps_e_0/inst/pl_clk_unbuffered[0]
    BUFG_PS_X0Y58        BUFG_PS (Prop_BUFG_PS_I_O)
                                                      0.018     0.138 r  BD_i/zynq_ultra_ps_e_0/inst/buffer_pl_clk_0.PL_CLK_0_BUFG/O
    X0Y1 (CLOCK_ROOT)    net (fo=61648, routed)       1.022     1.160    BD_i/rst_ps8_0_100M/U0/EXT_LPF/ACTIVE_LOW_EXT.ACT_LO_EXT/slowest_sync_clk
    SLICE_X0Y127         FDRE                                         r  BD_i/rst_ps8_0_100M/U0/EXT_LPF/ACTIVE_LOW_EXT.ACT_LO_EXT/GENERATE_LEVEL_P_S_CDC.SINGLE_BIT.CROSS_PLEVEL_IN2SCNDRY_IN_cdc_to/C





--------------------------------------------------------------------------------------
Path Group:  (none)
From Clock:  clk_pl_0
  To Clock:  clk_pl_0

Max Delay           222 Endpoints
Min Delay          1034 Endpoints
--------------------------------------------------------------------------------------


Max Delay Paths
--------------------------------------------------------------------------------------
Slack:                    inf
  Source:                 BD_i/smartconnect_0/inst/clk_map/psr_aclk/U0/ACTIVE_LOW_BSR_OUT_DFF[0].FDRE_BSR_N/C
                            (rising edge-triggered cell FDRE clocked by clk_pl_0  {rise@0.000ns fall@10.000ns period=20.000ns})
  Destination:            <hidden>
                            (recovery check against rising-edge clock clk_pl_0  {rise@0.000ns fall@10.000ns period=20.000ns})
  Path Group:             (none)
  Path Type:              Recovery (Max at Slow Process Corner)
  Data Path Delay:        3.634ns  (logic 0.096ns (2.642%)  route 3.538ns (97.358%))
  Logic Levels:           0  
  Clock Path Skew:        -0.361ns (DCD - SCD + CPR)
    Destination Clock Delay (DCD):    1.751ns
    Source Clock Delay      (SCD):    2.112ns
    Clock Pessimism Removal (CPR):    0.000ns
  Clock Uncertainty:      0.233ns  ((TSJ^2 + DJ^2)^1/2) / 2 + PE
    Total System Jitter     (TSJ):    0.071ns
    Discrete Jitter          (DJ):    0.460ns
    Phase Error              (PE):    0.000ns
  Clock Net Delay (Source):      1.905ns (routing 0.638ns, distribution 1.267ns)
  Clock Net Delay (Destination): 1.584ns (routing 0.576ns, distribution 1.008ns)
  Timing Exception:       False Path

    Location             Delay type                Incr(ns)  Path(ns)    Netlist Resource(s)
  -------------------------------------------------------------------    -------------------
                         (clock clk_pl_0 rise edge)
                                                      0.000     0.000 r  
    PS8_X0Y0             PS8                          0.000     0.000 r  BD_i/zynq_ultra_ps_e_0/inst/PS8_i/PLCLK[0]
                         net (fo=1, routed)           0.178     0.178    BD_i/zynq_ultra_ps_e_0/inst/pl_clk_unbuffered[0]
    BUFG_PS_X0Y58        BUFG_PS (Prop_BUFG_PS_I_O)
                                                      0.029     0.207 r  BD_i/zynq_ultra_ps_e_0/inst/buffer_pl_clk_0.PL_CLK_0_BUFG/O
    X0Y1 (CLOCK_ROOT)    net (fo=61648, routed)       1.905     2.112    BD_i/smartconnect_0/inst/clk_map/psr_aclk/U0/aclk
    SLICE_X35Y0          FDRE                                         r  BD_i/smartconnect_0/inst/clk_map/psr_aclk/U0/ACTIVE_LOW_BSR_OUT_DFF[0].FDRE_BSR_N/C
  -------------------------------------------------------------------    -------------------
    SLICE_X35Y0          FDRE (Prop_DFF_SLICEL_C_Q)
                                                      0.096     2.208 r  BD_i/smartconnect_0/inst/clk_map/psr_aclk/U0/ACTIVE_LOW_BSR_OUT_DFF[0].FDRE_BSR_N/Q
                         net (fo=72, routed)          3.538     5.746    <hidden>
    SLICE_X2Y123         FDCE                                         f  <hidden>  (IS_INVERTED)
  -------------------------------------------------------------------    -------------------

                         (clock clk_pl_0 rise edge)
                                                      0.000     0.000 r  
    PS8_X0Y0             PS8                          0.000     0.000 r  BD_i/zynq_ultra_ps_e_0/inst/PS8_i/PLCLK[0]
                         net (fo=1, routed)           0.140     0.140    BD_i/zynq_ultra_ps_e_0/inst/pl_clk_unbuffered[0]
    BUFG_PS_X0Y58        BUFG_PS (Prop_BUFG_PS_I_O)
                                                      0.027     0.167 r  BD_i/zynq_ultra_ps_e_0/inst/buffer_pl_clk_0.PL_CLK_0_BUFG/O
    X0Y1 (CLOCK_ROOT)    net (fo=61648, routed)       1.584     1.751    <hidden>
    SLICE_X2Y123         FDCE                                         r  <hidden>

Slack:                    inf
  Source:                 BD_i/smartconnect_0/inst/clk_map/psr_aclk/U0/ACTIVE_LOW_BSR_OUT_DFF[0].FDRE_BSR_N/C
                            (rising edge-triggered cell FDRE clocked by clk_pl_0  {rise@0.000ns fall@10.000ns period=20.000ns})
  Destination:            <hidden>
                            (recovery check against rising-edge clock clk_pl_0  {rise@0.000ns fall@10.000ns period=20.000ns})
  Path Group:             (none)
  Path Type:              Recovery (Max at Slow Process Corner)
  Data Path Delay:        3.634ns  (logic 0.096ns (2.642%)  route 3.538ns (97.358%))
  Logic Levels:           0  
  Clock Path Skew:        -0.361ns (DCD - SCD + CPR)
    Destination Clock Delay (DCD):    1.751ns
    Source Clock Delay      (SCD):    2.112ns
    Clock Pessimism Removal (CPR):    0.000ns
  Clock Uncertainty:      0.233ns  ((TSJ^2 + DJ^2)^1/2) / 2 + PE
    Total System Jitter     (TSJ):    0.071ns
    Discrete Jitter          (DJ):    0.460ns
    Phase Error              (PE):    0.000ns
  Clock Net Delay (Source):      1.905ns (routing 0.638ns, distribution 1.267ns)
  Clock Net Delay (Destination): 1.584ns (routing 0.576ns, distribution 1.008ns)
  Timing Exception:       False Path

    Location             Delay type                Incr(ns)  Path(ns)    Netlist Resource(s)
  -------------------------------------------------------------------    -------------------
                         (clock clk_pl_0 rise edge)
                                                      0.000     0.000 r  
    PS8_X0Y0             PS8                          0.000     0.000 r  BD_i/zynq_ultra_ps_e_0/inst/PS8_i/PLCLK[0]
                         net (fo=1, routed)           0.178     0.178    BD_i/zynq_ultra_ps_e_0/inst/pl_clk_unbuffered[0]
    BUFG_PS_X0Y58        BUFG_PS (Prop_BUFG_PS_I_O)
                                                      0.029     0.207 r  BD_i/zynq_ultra_ps_e_0/inst/buffer_pl_clk_0.PL_CLK_0_BUFG/O
    X0Y1 (CLOCK_ROOT)    net (fo=61648, routed)       1.905     2.112    BD_i/smartconnect_0/inst/clk_map/psr_aclk/U0/aclk
    SLICE_X35Y0          FDRE                                         r  BD_i/smartconnect_0/inst/clk_map/psr_aclk/U0/ACTIVE_LOW_BSR_OUT_DFF[0].FDRE_BSR_N/C
  -------------------------------------------------------------------    -------------------
    SLICE_X35Y0          FDRE (Prop_DFF_SLICEL_C_Q)
                                                      0.096     2.208 r  BD_i/smartconnect_0/inst/clk_map/psr_aclk/U0/ACTIVE_LOW_BSR_OUT_DFF[0].FDRE_BSR_N/Q
                         net (fo=72, routed)          3.538     5.746    <hidden>
    SLICE_X2Y123         FDCE                                         f  <hidden>  (IS_INVERTED)
  -------------------------------------------------------------------    -------------------

                         (clock clk_pl_0 rise edge)
                                                      0.000     0.000 r  
    PS8_X0Y0             PS8                          0.000     0.000 r  BD_i/zynq_ultra_ps_e_0/inst/PS8_i/PLCLK[0]
                         net (fo=1, routed)           0.140     0.140    BD_i/zynq_ultra_ps_e_0/inst/pl_clk_unbuffered[0]
    BUFG_PS_X0Y58        BUFG_PS (Prop_BUFG_PS_I_O)
                                                      0.027     0.167 r  BD_i/zynq_ultra_ps_e_0/inst/buffer_pl_clk_0.PL_CLK_0_BUFG/O
    X0Y1 (CLOCK_ROOT)    net (fo=61648, routed)       1.584     1.751    <hidden>
    SLICE_X2Y123         FDCE                                         r  <hidden>

Slack:                    inf
  Source:                 BD_i/smartconnect_0/inst/clk_map/psr_aclk/U0/ACTIVE_LOW_BSR_OUT_DFF[0].FDRE_BSR_N/C
                            (rising edge-triggered cell FDRE clocked by clk_pl_0  {rise@0.000ns fall@10.000ns period=20.000ns})
  Destination:            <hidden>
                            (recovery check against rising-edge clock clk_pl_0  {rise@0.000ns fall@10.000ns period=20.000ns})
  Path Group:             (none)
  Path Type:              Recovery (Max at Slow Process Corner)
  Data Path Delay:        3.634ns  (logic 0.096ns (2.642%)  route 3.538ns (97.358%))
  Logic Levels:           0  
  Clock Path Skew:        -0.361ns (DCD - SCD + CPR)
    Destination Clock Delay (DCD):    1.751ns
    Source Clock Delay      (SCD):    2.112ns
    Clock Pessimism Removal (CPR):    0.000ns
  Clock Uncertainty:      0.233ns  ((TSJ^2 + DJ^2)^1/2) / 2 + PE
    Total System Jitter     (TSJ):    0.071ns
    Discrete Jitter          (DJ):    0.460ns
    Phase Error              (PE):    0.000ns
  Clock Net Delay (Source):      1.905ns (routing 0.638ns, distribution 1.267ns)
  Clock Net Delay (Destination): 1.584ns (routing 0.576ns, distribution 1.008ns)
  Timing Exception:       False Path

    Location             Delay type                Incr(ns)  Path(ns)    Netlist Resource(s)
  -------------------------------------------------------------------    -------------------
                         (clock clk_pl_0 rise edge)
                                                      0.000     0.000 r  
    PS8_X0Y0             PS8                          0.000     0.000 r  BD_i/zynq_ultra_ps_e_0/inst/PS8_i/PLCLK[0]
                         net (fo=1, routed)           0.178     0.178    BD_i/zynq_ultra_ps_e_0/inst/pl_clk_unbuffered[0]
    BUFG_PS_X0Y58        BUFG_PS (Prop_BUFG_PS_I_O)
                                                      0.029     0.207 r  BD_i/zynq_ultra_ps_e_0/inst/buffer_pl_clk_0.PL_CLK_0_BUFG/O
    X0Y1 (CLOCK_ROOT)    net (fo=61648, routed)       1.905     2.112    BD_i/smartconnect_0/inst/clk_map/psr_aclk/U0/aclk
    SLICE_X35Y0          FDRE                                         r  BD_i/smartconnect_0/inst/clk_map/psr_aclk/U0/ACTIVE_LOW_BSR_OUT_DFF[0].FDRE_BSR_N/C
  -------------------------------------------------------------------    -------------------
    SLICE_X35Y0          FDRE (Prop_DFF_SLICEL_C_Q)
                                                      0.096     2.208 r  BD_i/smartconnect_0/inst/clk_map/psr_aclk/U0/ACTIVE_LOW_BSR_OUT_DFF[0].FDRE_BSR_N/Q
                         net (fo=72, routed)          3.538     5.746    <hidden>
    SLICE_X2Y123         FDCE                                         f  <hidden>  (IS_INVERTED)
  -------------------------------------------------------------------    -------------------

                         (clock clk_pl_0 rise edge)
                                                      0.000     0.000 r  
    PS8_X0Y0             PS8                          0.000     0.000 r  BD_i/zynq_ultra_ps_e_0/inst/PS8_i/PLCLK[0]
                         net (fo=1, routed)           0.140     0.140    BD_i/zynq_ultra_ps_e_0/inst/pl_clk_unbuffered[0]
    BUFG_PS_X0Y58        BUFG_PS (Prop_BUFG_PS_I_O)
                                                      0.027     0.167 r  BD_i/zynq_ultra_ps_e_0/inst/buffer_pl_clk_0.PL_CLK_0_BUFG/O
    X0Y1 (CLOCK_ROOT)    net (fo=61648, routed)       1.584     1.751    <hidden>
    SLICE_X2Y123         FDCE                                         r  <hidden>

Slack:                    inf
  Source:                 BD_i/smartconnect_0/inst/clk_map/psr_aclk/U0/ACTIVE_LOW_BSR_OUT_DFF[0].FDRE_BSR_N/C
                            (rising edge-triggered cell FDRE clocked by clk_pl_0  {rise@0.000ns fall@10.000ns period=20.000ns})
  Destination:            <hidden>
                            (recovery check against rising-edge clock clk_pl_0  {rise@0.000ns fall@10.000ns period=20.000ns})
  Path Group:             (none)
  Path Type:              Recovery (Max at Slow Process Corner)
  Data Path Delay:        3.453ns  (logic 0.096ns (2.781%)  route 3.357ns (97.219%))
  Logic Levels:           0  
  Clock Path Skew:        -0.366ns (DCD - SCD + CPR)
    Destination Clock Delay (DCD):    1.746ns
    Source Clock Delay      (SCD):    2.112ns
    Clock Pessimism Removal (CPR):    0.000ns
  Clock Uncertainty:      0.233ns  ((TSJ^2 + DJ^2)^1/2) / 2 + PE
    Total System Jitter     (TSJ):    0.071ns
    Discrete Jitter          (DJ):    0.460ns
    Phase Error              (PE):    0.000ns
  Clock Net Delay (Source):      1.905ns (routing 0.638ns, distribution 1.267ns)
  Clock Net Delay (Destination): 1.579ns (routing 0.576ns, distribution 1.003ns)
  Timing Exception:       False Path

    Location             Delay type                Incr(ns)  Path(ns)    Netlist Resource(s)
  -------------------------------------------------------------------    -------------------
                         (clock clk_pl_0 rise edge)
                                                      0.000     0.000 r  
    PS8_X0Y0             PS8                          0.000     0.000 r  BD_i/zynq_ultra_ps_e_0/inst/PS8_i/PLCLK[0]
                         net (fo=1, routed)           0.178     0.178    BD_i/zynq_ultra_ps_e_0/inst/pl_clk_unbuffered[0]
    BUFG_PS_X0Y58        BUFG_PS (Prop_BUFG_PS_I_O)
                                                      0.029     0.207 r  BD_i/zynq_ultra_ps_e_0/inst/buffer_pl_clk_0.PL_CLK_0_BUFG/O
    X0Y1 (CLOCK_ROOT)    net (fo=61648, routed)       1.905     2.112    BD_i/smartconnect_0/inst/clk_map/psr_aclk/U0/aclk
    SLICE_X35Y0          FDRE                                         r  BD_i/smartconnect_0/inst/clk_map/psr_aclk/U0/ACTIVE_LOW_BSR_OUT_DFF[0].FDRE_BSR_N/C
  -------------------------------------------------------------------    -------------------
    SLICE_X35Y0          FDRE (Prop_DFF_SLICEL_C_Q)
                                                      0.096     2.208 r  BD_i/smartconnect_0/inst/clk_map/psr_aclk/U0/ACTIVE_LOW_BSR_OUT_DFF[0].FDRE_BSR_N/Q
                         net (fo=72, routed)          3.357     5.565    <hidden>
    SLICE_X1Y124         FDCE                                         f  <hidden>  (IS_INVERTED)
  -------------------------------------------------------------------    -------------------

                         (clock clk_pl_0 rise edge)
                                                      0.000     0.000 r  
    PS8_X0Y0             PS8                          0.000     0.000 r  BD_i/zynq_ultra_ps_e_0/inst/PS8_i/PLCLK[0]
                         net (fo=1, routed)           0.140     0.140    BD_i/zynq_ultra_ps_e_0/inst/pl_clk_unbuffered[0]
    BUFG_PS_X0Y58        BUFG_PS (Prop_BUFG_PS_I_O)
                                                      0.027     0.167 r  BD_i/zynq_ultra_ps_e_0/inst/buffer_pl_clk_0.PL_CLK_0_BUFG/O
    X0Y1 (CLOCK_ROOT)    net (fo=61648, routed)       1.579     1.746    <hidden>
    SLICE_X1Y124         FDCE                                         r  <hidden>

Slack:                    inf
  Source:                 BD_i/smartconnect_0/inst/clk_map/psr_aclk/U0/ACTIVE_LOW_BSR_OUT_DFF[0].FDRE_BSR_N/C
                            (rising edge-triggered cell FDRE clocked by clk_pl_0  {rise@0.000ns fall@10.000ns period=20.000ns})
  Destination:            <hidden>
                            (recovery check against rising-edge clock clk_pl_0  {rise@0.000ns fall@10.000ns period=20.000ns})
  Path Group:             (none)
  Path Type:              Recovery (Max at Slow Process Corner)
  Data Path Delay:        3.453ns  (logic 0.096ns (2.781%)  route 3.357ns (97.219%))
  Logic Levels:           0  
  Clock Path Skew:        -0.366ns (DCD - SCD + CPR)
    Destination Clock Delay (DCD):    1.746ns
    Source Clock Delay      (SCD):    2.112ns
    Clock Pessimism Removal (CPR):    0.000ns
  Clock Uncertainty:      0.233ns  ((TSJ^2 + DJ^2)^1/2) / 2 + PE
    Total System Jitter     (TSJ):    0.071ns
    Discrete Jitter          (DJ):    0.460ns
    Phase Error              (PE):    0.000ns
  Clock Net Delay (Source):      1.905ns (routing 0.638ns, distribution 1.267ns)
  Clock Net Delay (Destination): 1.579ns (routing 0.576ns, distribution 1.003ns)
  Timing Exception:       False Path

    Location             Delay type                Incr(ns)  Path(ns)    Netlist Resource(s)
  -------------------------------------------------------------------    -------------------
                         (clock clk_pl_0 rise edge)
                                                      0.000     0.000 r  
    PS8_X0Y0             PS8                          0.000     0.000 r  BD_i/zynq_ultra_ps_e_0/inst/PS8_i/PLCLK[0]
                         net (fo=1, routed)           0.178     0.178    BD_i/zynq_ultra_ps_e_0/inst/pl_clk_unbuffered[0]
    BUFG_PS_X0Y58        BUFG_PS (Prop_BUFG_PS_I_O)
                                                      0.029     0.207 r  BD_i/zynq_ultra_ps_e_0/inst/buffer_pl_clk_0.PL_CLK_0_BUFG/O
    X0Y1 (CLOCK_ROOT)    net (fo=61648, routed)       1.905     2.112    BD_i/smartconnect_0/inst/clk_map/psr_aclk/U0/aclk
    SLICE_X35Y0          FDRE                                         r  BD_i/smartconnect_0/inst/clk_map/psr_aclk/U0/ACTIVE_LOW_BSR_OUT_DFF[0].FDRE_BSR_N/C
  -------------------------------------------------------------------    -------------------
    SLICE_X35Y0          FDRE (Prop_DFF_SLICEL_C_Q)
                                                      0.096     2.208 r  BD_i/smartconnect_0/inst/clk_map/psr_aclk/U0/ACTIVE_LOW_BSR_OUT_DFF[0].FDRE_BSR_N/Q
                         net (fo=72, routed)          3.357     5.565    <hidden>
    SLICE_X1Y124         FDCE                                         f  <hidden>  (IS_INVERTED)
  -------------------------------------------------------------------    -------------------

                         (clock clk_pl_0 rise edge)
                                                      0.000     0.000 r  
    PS8_X0Y0             PS8                          0.000     0.000 r  BD_i/zynq_ultra_ps_e_0/inst/PS8_i/PLCLK[0]
                         net (fo=1, routed)           0.140     0.140    BD_i/zynq_ultra_ps_e_0/inst/pl_clk_unbuffered[0]
    BUFG_PS_X0Y58        BUFG_PS (Prop_BUFG_PS_I_O)
                                                      0.027     0.167 r  BD_i/zynq_ultra_ps_e_0/inst/buffer_pl_clk_0.PL_CLK_0_BUFG/O
    X0Y1 (CLOCK_ROOT)    net (fo=61648, routed)       1.579     1.746    <hidden>
    SLICE_X1Y124         FDCE                                         r  <hidden>

Slack:                    inf
  Source:                 BD_i/smartconnect_0/inst/clk_map/psr_aclk/U0/ACTIVE_LOW_BSR_OUT_DFF[0].FDRE_BSR_N/C
                            (rising edge-triggered cell FDRE clocked by clk_pl_0  {rise@0.000ns fall@10.000ns period=20.000ns})
  Destination:            <hidden>
                            (recovery check against rising-edge clock clk_pl_0  {rise@0.000ns fall@10.000ns period=20.000ns})
  Path Group:             (none)
  Path Type:              Recovery (Max at Slow Process Corner)
  Data Path Delay:        3.453ns  (logic 0.096ns (2.781%)  route 3.357ns (97.219%))
  Logic Levels:           0  
  Clock Path Skew:        -0.366ns (DCD - SCD + CPR)
    Destination Clock Delay (DCD):    1.746ns
    Source Clock Delay      (SCD):    2.112ns
    Clock Pessimism Removal (CPR):    0.000ns
  Clock Uncertainty:      0.233ns  ((TSJ^2 + DJ^2)^1/2) / 2 + PE
    Total System Jitter     (TSJ):    0.071ns
    Discrete Jitter          (DJ):    0.460ns
    Phase Error              (PE):    0.000ns
  Clock Net Delay (Source):      1.905ns (routing 0.638ns, distribution 1.267ns)
  Clock Net Delay (Destination): 1.579ns (routing 0.576ns, distribution 1.003ns)
  Timing Exception:       False Path

    Location             Delay type                Incr(ns)  Path(ns)    Netlist Resource(s)
  -------------------------------------------------------------------    -------------------
                         (clock clk_pl_0 rise edge)
                                                      0.000     0.000 r  
    PS8_X0Y0             PS8                          0.000     0.000 r  BD_i/zynq_ultra_ps_e_0/inst/PS8_i/PLCLK[0]
                         net (fo=1, routed)           0.178     0.178    BD_i/zynq_ultra_ps_e_0/inst/pl_clk_unbuffered[0]
    BUFG_PS_X0Y58        BUFG_PS (Prop_BUFG_PS_I_O)
                                                      0.029     0.207 r  BD_i/zynq_ultra_ps_e_0/inst/buffer_pl_clk_0.PL_CLK_0_BUFG/O
    X0Y1 (CLOCK_ROOT)    net (fo=61648, routed)       1.905     2.112    BD_i/smartconnect_0/inst/clk_map/psr_aclk/U0/aclk
    SLICE_X35Y0          FDRE                                         r  BD_i/smartconnect_0/inst/clk_map/psr_aclk/U0/ACTIVE_LOW_BSR_OUT_DFF[0].FDRE_BSR_N/C
  -------------------------------------------------------------------    -------------------
    SLICE_X35Y0          FDRE (Prop_DFF_SLICEL_C_Q)
                                                      0.096     2.208 r  BD_i/smartconnect_0/inst/clk_map/psr_aclk/U0/ACTIVE_LOW_BSR_OUT_DFF[0].FDRE_BSR_N/Q
                         net (fo=72, routed)          3.357     5.565    <hidden>
    SLICE_X1Y124         FDCE                                         f  <hidden>  (IS_INVERTED)
  -------------------------------------------------------------------    -------------------

                         (clock clk_pl_0 rise edge)
                                                      0.000     0.000 r  
    PS8_X0Y0             PS8                          0.000     0.000 r  BD_i/zynq_ultra_ps_e_0/inst/PS8_i/PLCLK[0]
                         net (fo=1, routed)           0.140     0.140    BD_i/zynq_ultra_ps_e_0/inst/pl_clk_unbuffered[0]
    BUFG_PS_X0Y58        BUFG_PS (Prop_BUFG_PS_I_O)
                                                      0.027     0.167 r  BD_i/zynq_ultra_ps_e_0/inst/buffer_pl_clk_0.PL_CLK_0_BUFG/O
    X0Y1 (CLOCK_ROOT)    net (fo=61648, routed)       1.579     1.746    <hidden>
    SLICE_X1Y124         FDCE                                         r  <hidden>

Slack:                    inf
  Source:                 BD_i/smartconnect_0/inst/clk_map/psr_aclk/U0/ACTIVE_LOW_BSR_OUT_DFF[0].FDRE_BSR_N/C
                            (rising edge-triggered cell FDRE clocked by clk_pl_0  {rise@0.000ns fall@10.000ns period=20.000ns})
  Destination:            <hidden>
                            (recovery check against rising-edge clock clk_pl_0  {rise@0.000ns fall@10.000ns period=20.000ns})
  Path Group:             (none)
  Path Type:              Recovery (Max at Slow Process Corner)
  Data Path Delay:        3.399ns  (logic 0.096ns (2.825%)  route 3.303ns (97.175%))
  Logic Levels:           0  
  Clock Path Skew:        -0.371ns (DCD - SCD + CPR)
    Destination Clock Delay (DCD):    1.741ns
    Source Clock Delay      (SCD):    2.112ns
    Clock Pessimism Removal (CPR):    0.000ns
  Clock Uncertainty:      0.233ns  ((TSJ^2 + DJ^2)^1/2) / 2 + PE
    Total System Jitter     (TSJ):    0.071ns
    Discrete Jitter          (DJ):    0.460ns
    Phase Error              (PE):    0.000ns
  Clock Net Delay (Source):      1.905ns (routing 0.638ns, distribution 1.267ns)
  Clock Net Delay (Destination): 1.574ns (routing 0.576ns, distribution 0.998ns)
  Timing Exception:       False Path

    Location             Delay type                Incr(ns)  Path(ns)    Netlist Resource(s)
  -------------------------------------------------------------------    -------------------
                         (clock clk_pl_0 rise edge)
                                                      0.000     0.000 r  
    PS8_X0Y0             PS8                          0.000     0.000 r  BD_i/zynq_ultra_ps_e_0/inst/PS8_i/PLCLK[0]
                         net (fo=1, routed)           0.178     0.178    BD_i/zynq_ultra_ps_e_0/inst/pl_clk_unbuffered[0]
    BUFG_PS_X0Y58        BUFG_PS (Prop_BUFG_PS_I_O)
                                                      0.029     0.207 r  BD_i/zynq_ultra_ps_e_0/inst/buffer_pl_clk_0.PL_CLK_0_BUFG/O
    X0Y1 (CLOCK_ROOT)    net (fo=61648, routed)       1.905     2.112    BD_i/smartconnect_0/inst/clk_map/psr_aclk/U0/aclk
    SLICE_X35Y0          FDRE                                         r  BD_i/smartconnect_0/inst/clk_map/psr_aclk/U0/ACTIVE_LOW_BSR_OUT_DFF[0].FDRE_BSR_N/C
  -------------------------------------------------------------------    -------------------
    SLICE_X35Y0          FDRE (Prop_DFF_SLICEL_C_Q)
                                                      0.096     2.208 r  BD_i/smartconnect_0/inst/clk_map/psr_aclk/U0/ACTIVE_LOW_BSR_OUT_DFF[0].FDRE_BSR_N/Q
                         net (fo=72, routed)          3.303     5.511    <hidden>
    SLICE_X1Y126         FDCE                                         f  <hidden>  (IS_INVERTED)
  -------------------------------------------------------------------    -------------------

                         (clock clk_pl_0 rise edge)
                                                      0.000     0.000 r  
    PS8_X0Y0             PS8                          0.000     0.000 r  BD_i/zynq_ultra_ps_e_0/inst/PS8_i/PLCLK[0]
                         net (fo=1, routed)           0.140     0.140    BD_i/zynq_ultra_ps_e_0/inst/pl_clk_unbuffered[0]
    BUFG_PS_X0Y58        BUFG_PS (Prop_BUFG_PS_I_O)
                                                      0.027     0.167 r  BD_i/zynq_ultra_ps_e_0/inst/buffer_pl_clk_0.PL_CLK_0_BUFG/O
    X0Y1 (CLOCK_ROOT)    net (fo=61648, routed)       1.574     1.741    <hidden>
    SLICE_X1Y126         FDCE                                         r  <hidden>

Slack:                    inf
  Source:                 BD_i/smartconnect_0/inst/clk_map/psr_aclk/U0/ACTIVE_LOW_BSR_OUT_DFF[0].FDRE_BSR_N/C
                            (rising edge-triggered cell FDRE clocked by clk_pl_0  {rise@0.000ns fall@10.000ns period=20.000ns})
  Destination:            <hidden>
                            (recovery check against rising-edge clock clk_pl_0  {rise@0.000ns fall@10.000ns period=20.000ns})
  Path Group:             (none)
  Path Type:              Recovery (Max at Slow Process Corner)
  Data Path Delay:        3.399ns  (logic 0.096ns (2.825%)  route 3.303ns (97.175%))
  Logic Levels:           0  
  Clock Path Skew:        -0.371ns (DCD - SCD + CPR)
    Destination Clock Delay (DCD):    1.741ns
    Source Clock Delay      (SCD):    2.112ns
    Clock Pessimism Removal (CPR):    0.000ns
  Clock Uncertainty:      0.233ns  ((TSJ^2 + DJ^2)^1/2) / 2 + PE
    Total System Jitter     (TSJ):    0.071ns
    Discrete Jitter          (DJ):    0.460ns
    Phase Error              (PE):    0.000ns
  Clock Net Delay (Source):      1.905ns (routing 0.638ns, distribution 1.267ns)
  Clock Net Delay (Destination): 1.574ns (routing 0.576ns, distribution 0.998ns)
  Timing Exception:       False Path

    Location             Delay type                Incr(ns)  Path(ns)    Netlist Resource(s)
  -------------------------------------------------------------------    -------------------
                         (clock clk_pl_0 rise edge)
                                                      0.000     0.000 r  
    PS8_X0Y0             PS8                          0.000     0.000 r  BD_i/zynq_ultra_ps_e_0/inst/PS8_i/PLCLK[0]
                         net (fo=1, routed)           0.178     0.178    BD_i/zynq_ultra_ps_e_0/inst/pl_clk_unbuffered[0]
    BUFG_PS_X0Y58        BUFG_PS (Prop_BUFG_PS_I_O)
                                                      0.029     0.207 r  BD_i/zynq_ultra_ps_e_0/inst/buffer_pl_clk_0.PL_CLK_0_BUFG/O
    X0Y1 (CLOCK_ROOT)    net (fo=61648, routed)       1.905     2.112    BD_i/smartconnect_0/inst/clk_map/psr_aclk/U0/aclk
    SLICE_X35Y0          FDRE                                         r  BD_i/smartconnect_0/inst/clk_map/psr_aclk/U0/ACTIVE_LOW_BSR_OUT_DFF[0].FDRE_BSR_N/C
  -------------------------------------------------------------------    -------------------
    SLICE_X35Y0          FDRE (Prop_DFF_SLICEL_C_Q)
                                                      0.096     2.208 r  BD_i/smartconnect_0/inst/clk_map/psr_aclk/U0/ACTIVE_LOW_BSR_OUT_DFF[0].FDRE_BSR_N/Q
                         net (fo=72, routed)          3.303     5.511    <hidden>
    SLICE_X1Y126         FDCE                                         f  <hidden>  (IS_INVERTED)
  -------------------------------------------------------------------    -------------------

                         (clock clk_pl_0 rise edge)
                                                      0.000     0.000 r  
    PS8_X0Y0             PS8                          0.000     0.000 r  BD_i/zynq_ultra_ps_e_0/inst/PS8_i/PLCLK[0]
                         net (fo=1, routed)           0.140     0.140    BD_i/zynq_ultra_ps_e_0/inst/pl_clk_unbuffered[0]
    BUFG_PS_X0Y58        BUFG_PS (Prop_BUFG_PS_I_O)
                                                      0.027     0.167 r  BD_i/zynq_ultra_ps_e_0/inst/buffer_pl_clk_0.PL_CLK_0_BUFG/O
    X0Y1 (CLOCK_ROOT)    net (fo=61648, routed)       1.574     1.741    <hidden>
    SLICE_X1Y126         FDCE                                         r  <hidden>

Slack:                    inf
  Source:                 BD_i/smartconnect_0/inst/clk_map/psr_aclk/U0/ACTIVE_LOW_BSR_OUT_DFF[0].FDRE_BSR_N/C
                            (rising edge-triggered cell FDRE clocked by clk_pl_0  {rise@0.000ns fall@10.000ns period=20.000ns})
  Destination:            <hidden>
                            (recovery check against rising-edge clock clk_pl_0  {rise@0.000ns fall@10.000ns period=20.000ns})
  Path Group:             (none)
  Path Type:              Recovery (Max at Slow Process Corner)
  Data Path Delay:        3.399ns  (logic 0.096ns (2.825%)  route 3.303ns (97.175%))
  Logic Levels:           0  
  Clock Path Skew:        -0.371ns (DCD - SCD + CPR)
    Destination Clock Delay (DCD):    1.741ns
    Source Clock Delay      (SCD):    2.112ns
    Clock Pessimism Removal (CPR):    0.000ns
  Clock Uncertainty:      0.233ns  ((TSJ^2 + DJ^2)^1/2) / 2 + PE
    Total System Jitter     (TSJ):    0.071ns
    Discrete Jitter          (DJ):    0.460ns
    Phase Error              (PE):    0.000ns
  Clock Net Delay (Source):      1.905ns (routing 0.638ns, distribution 1.267ns)
  Clock Net Delay (Destination): 1.574ns (routing 0.576ns, distribution 0.998ns)
  Timing Exception:       False Path

    Location             Delay type                Incr(ns)  Path(ns)    Netlist Resource(s)
  -------------------------------------------------------------------    -------------------
                         (clock clk_pl_0 rise edge)
                                                      0.000     0.000 r  
    PS8_X0Y0             PS8                          0.000     0.000 r  BD_i/zynq_ultra_ps_e_0/inst/PS8_i/PLCLK[0]
                         net (fo=1, routed)           0.178     0.178    BD_i/zynq_ultra_ps_e_0/inst/pl_clk_unbuffered[0]
    BUFG_PS_X0Y58        BUFG_PS (Prop_BUFG_PS_I_O)
                                                      0.029     0.207 r  BD_i/zynq_ultra_ps_e_0/inst/buffer_pl_clk_0.PL_CLK_0_BUFG/O
    X0Y1 (CLOCK_ROOT)    net (fo=61648, routed)       1.905     2.112    BD_i/smartconnect_0/inst/clk_map/psr_aclk/U0/aclk
    SLICE_X35Y0          FDRE                                         r  BD_i/smartconnect_0/inst/clk_map/psr_aclk/U0/ACTIVE_LOW_BSR_OUT_DFF[0].FDRE_BSR_N/C
  -------------------------------------------------------------------    -------------------
    SLICE_X35Y0          FDRE (Prop_DFF_SLICEL_C_Q)
                                                      0.096     2.208 r  BD_i/smartconnect_0/inst/clk_map/psr_aclk/U0/ACTIVE_LOW_BSR_OUT_DFF[0].FDRE_BSR_N/Q
                         net (fo=72, routed)          3.303     5.511    <hidden>
    SLICE_X1Y126         FDCE                                         f  <hidden>  (IS_INVERTED)
  -------------------------------------------------------------------    -------------------

                         (clock clk_pl_0 rise edge)
                                                      0.000     0.000 r  
    PS8_X0Y0             PS8                          0.000     0.000 r  BD_i/zynq_ultra_ps_e_0/inst/PS8_i/PLCLK[0]
                         net (fo=1, routed)           0.140     0.140    BD_i/zynq_ultra_ps_e_0/inst/pl_clk_unbuffered[0]
    BUFG_PS_X0Y58        BUFG_PS (Prop_BUFG_PS_I_O)
                                                      0.027     0.167 r  BD_i/zynq_ultra_ps_e_0/inst/buffer_pl_clk_0.PL_CLK_0_BUFG/O
    X0Y1 (CLOCK_ROOT)    net (fo=61648, routed)       1.574     1.741    <hidden>
    SLICE_X1Y126         FDCE                                         r  <hidden>

Slack:                    inf
  Source:                 BD_i/smartconnect_0/inst/clk_map/psr_aclk/U0/ACTIVE_LOW_BSR_OUT_DFF[0].FDRE_BSR_N/C
                            (rising edge-triggered cell FDRE clocked by clk_pl_0  {rise@0.000ns fall@10.000ns period=20.000ns})
  Destination:            <hidden>
                            (recovery check against rising-edge clock clk_pl_0  {rise@0.000ns fall@10.000ns period=20.000ns})
  Path Group:             (none)
  Path Type:              Recovery (Max at Slow Process Corner)
  Data Path Delay:        3.303ns  (logic 0.096ns (2.907%)  route 3.207ns (97.093%))
  Logic Levels:           0  
  Clock Path Skew:        -0.368ns (DCD - SCD + CPR)
    Destination Clock Delay (DCD):    1.744ns
    Source Clock Delay      (SCD):    2.112ns
    Clock Pessimism Removal (CPR):    0.000ns
  Clock Uncertainty:      0.233ns  ((TSJ^2 + DJ^2)^1/2) / 2 + PE
    Total System Jitter     (TSJ):    0.071ns
    Discrete Jitter          (DJ):    0.460ns
    Phase Error              (PE):    0.000ns
  Clock Net Delay (Source):      1.905ns (routing 0.638ns, distribution 1.267ns)
  Clock Net Delay (Destination): 1.577ns (routing 0.576ns, distribution 1.001ns)
  Timing Exception:       False Path

    Location             Delay type                Incr(ns)  Path(ns)    Netlist Resource(s)
  -------------------------------------------------------------------    -------------------
                         (clock clk_pl_0 rise edge)
                                                      0.000     0.000 r  
    PS8_X0Y0             PS8                          0.000     0.000 r  BD_i/zynq_ultra_ps_e_0/inst/PS8_i/PLCLK[0]
                         net (fo=1, routed)           0.178     0.178    BD_i/zynq_ultra_ps_e_0/inst/pl_clk_unbuffered[0]
    BUFG_PS_X0Y58        BUFG_PS (Prop_BUFG_PS_I_O)
                                                      0.029     0.207 r  BD_i/zynq_ultra_ps_e_0/inst/buffer_pl_clk_0.PL_CLK_0_BUFG/O
    X0Y1 (CLOCK_ROOT)    net (fo=61648, routed)       1.905     2.112    BD_i/smartconnect_0/inst/clk_map/psr_aclk/U0/aclk
    SLICE_X35Y0          FDRE                                         r  BD_i/smartconnect_0/inst/clk_map/psr_aclk/U0/ACTIVE_LOW_BSR_OUT_DFF[0].FDRE_BSR_N/C
  -------------------------------------------------------------------    -------------------
    SLICE_X35Y0          FDRE (Prop_DFF_SLICEL_C_Q)
                                                      0.096     2.208 r  BD_i/smartconnect_0/inst/clk_map/psr_aclk/U0/ACTIVE_LOW_BSR_OUT_DFF[0].FDRE_BSR_N/Q
                         net (fo=72, routed)          3.207     5.415    <hidden>
    SLICE_X4Y126         FDCE                                         f  <hidden>  (IS_INVERTED)
  -------------------------------------------------------------------    -------------------

                         (clock clk_pl_0 rise edge)
                                                      0.000     0.000 r  
    PS8_X0Y0             PS8                          0.000     0.000 r  BD_i/zynq_ultra_ps_e_0/inst/PS8_i/PLCLK[0]
                         net (fo=1, routed)           0.140     0.140    BD_i/zynq_ultra_ps_e_0/inst/pl_clk_unbuffered[0]
    BUFG_PS_X0Y58        BUFG_PS (Prop_BUFG_PS_I_O)
                                                      0.027     0.167 r  BD_i/zynq_ultra_ps_e_0/inst/buffer_pl_clk_0.PL_CLK_0_BUFG/O
    X0Y1 (CLOCK_ROOT)    net (fo=61648, routed)       1.577     1.744    <hidden>
    SLICE_X4Y126         FDCE                                         r  <hidden>





Min Delay Paths
--------------------------------------------------------------------------------------
Slack:                    inf
  Source:                 <hidden>
                            (rising edge-triggered cell RAMD32 clocked by clk_pl_0  {rise@0.000ns fall@10.000ns period=20.000ns})
  Destination:            <hidden>
                            (rising edge-triggered cell FDRE clocked by clk_pl_0  {rise@0.000ns fall@10.000ns period=20.000ns})
  Path Group:             (none)
  Path Type:              Hold (Min at Fast Process Corner)
  Data Path Delay:        0.113ns  (logic 0.105ns (92.920%)  route 0.008ns (7.080%))
  Logic Levels:           0  
  Clock Path Skew:        0.137ns (DCD - SCD - CPR)
    Destination Clock Delay (DCD):    1.133ns
    Source Clock Delay      (SCD):    0.996ns
    Clock Pessimism Removal (CPR):    -0.000ns
  Clock Uncertainty:      0.233ns  ((TSJ^2 + DJ^2)^1/2) / 2 + PE
    Total System Jitter     (TSJ):    0.071ns
    Discrete Jitter          (DJ):    0.460ns
    Phase Error              (PE):    0.000ns
  Clock Net Delay (Source):      0.885ns (routing 0.324ns, distribution 0.561ns)
  Clock Net Delay (Destination): 0.995ns (routing 0.365ns, distribution 0.630ns)
  Timing Exception:       False Path

    Location             Delay type                Incr(ns)  Path(ns)    Netlist Resource(s)
  -------------------------------------------------------------------    -------------------
                         (clock clk_pl_0 rise edge)
                                                      0.000     0.000 r  
    PS8_X0Y0             PS8                          0.000     0.000 r  BD_i/zynq_ultra_ps_e_0/inst/PS8_i/PLCLK[0]
                         net (fo=1, routed)           0.094     0.094    BD_i/zynq_ultra_ps_e_0/inst/pl_clk_unbuffered[0]
    BUFG_PS_X0Y58        BUFG_PS (Prop_BUFG_PS_I_O)
                                                      0.017     0.111 r  BD_i/zynq_ultra_ps_e_0/inst/buffer_pl_clk_0.PL_CLK_0_BUFG/O
    X0Y1 (CLOCK_ROOT)    net (fo=61648, routed)       0.885     0.996    <hidden>
    SLICE_X5Y92          RAMD32                                       r  <hidden>
  -------------------------------------------------------------------    -------------------
    SLICE_X5Y92          RAMD32 (Prop_G5LUT_SLICEM_CLK_O)
                                                      0.105     1.101 r  <hidden>
                         net (fo=1, routed)           0.008     1.109    <hidden>
    SLICE_X5Y92          FDRE                                         r  <hidden>
  -------------------------------------------------------------------    -------------------

                         (clock clk_pl_0 rise edge)
                                                      0.000     0.000 r  
    PS8_X0Y0             PS8                          0.000     0.000 r  BD_i/zynq_ultra_ps_e_0/inst/PS8_i/PLCLK[0]
                         net (fo=1, routed)           0.120     0.120    BD_i/zynq_ultra_ps_e_0/inst/pl_clk_unbuffered[0]
    BUFG_PS_X0Y58        BUFG_PS (Prop_BUFG_PS_I_O)
                                                      0.018     0.138 r  BD_i/zynq_ultra_ps_e_0/inst/buffer_pl_clk_0.PL_CLK_0_BUFG/O
    X0Y1 (CLOCK_ROOT)    net (fo=61648, routed)       0.995     1.133    <hidden>
    SLICE_X5Y92          FDRE                                         r  <hidden>

Slack:                    inf
  Source:                 <hidden>
                            (rising edge-triggered cell RAMD32 clocked by clk_pl_0  {rise@0.000ns fall@10.000ns period=20.000ns})
  Destination:            <hidden>
                            (rising edge-triggered cell FDRE clocked by clk_pl_0  {rise@0.000ns fall@10.000ns period=20.000ns})
  Path Group:             (none)
  Path Type:              Hold (Min at Fast Process Corner)
  Data Path Delay:        0.113ns  (logic 0.105ns (92.920%)  route 0.008ns (7.080%))
  Logic Levels:           0  
  Clock Path Skew:        0.137ns (DCD - SCD - CPR)
    Destination Clock Delay (DCD):    1.134ns
    Source Clock Delay      (SCD):    0.997ns
    Clock Pessimism Removal (CPR):    -0.000ns
  Clock Uncertainty:      0.233ns  ((TSJ^2 + DJ^2)^1/2) / 2 + PE
    Total System Jitter     (TSJ):    0.071ns
    Discrete Jitter          (DJ):    0.460ns
    Phase Error              (PE):    0.000ns
  Clock Net Delay (Source):      0.886ns (routing 0.324ns, distribution 0.562ns)
  Clock Net Delay (Destination): 0.996ns (routing 0.365ns, distribution 0.631ns)
  Timing Exception:       False Path

    Location             Delay type                Incr(ns)  Path(ns)    Netlist Resource(s)
  -------------------------------------------------------------------    -------------------
                         (clock clk_pl_0 rise edge)
                                                      0.000     0.000 r  
    PS8_X0Y0             PS8                          0.000     0.000 r  BD_i/zynq_ultra_ps_e_0/inst/PS8_i/PLCLK[0]
                         net (fo=1, routed)           0.094     0.094    BD_i/zynq_ultra_ps_e_0/inst/pl_clk_unbuffered[0]
    BUFG_PS_X0Y58        BUFG_PS (Prop_BUFG_PS_I_O)
                                                      0.017     0.111 r  BD_i/zynq_ultra_ps_e_0/inst/buffer_pl_clk_0.PL_CLK_0_BUFG/O
    X0Y1 (CLOCK_ROOT)    net (fo=61648, routed)       0.886     0.997    <hidden>
    SLICE_X9Y95          RAMD32                                       r  <hidden>
  -------------------------------------------------------------------    -------------------
    SLICE_X9Y95          RAMD32 (Prop_G5LUT_SLICEM_CLK_O)
                                                      0.105     1.102 r  <hidden>
                         net (fo=1, routed)           0.008     1.110    <hidden>
    SLICE_X9Y95          FDRE                                         r  <hidden>
  -------------------------------------------------------------------    -------------------

                         (clock clk_pl_0 rise edge)
                                                      0.000     0.000 r  
    PS8_X0Y0             PS8                          0.000     0.000 r  BD_i/zynq_ultra_ps_e_0/inst/PS8_i/PLCLK[0]
                         net (fo=1, routed)           0.120     0.120    BD_i/zynq_ultra_ps_e_0/inst/pl_clk_unbuffered[0]
    BUFG_PS_X0Y58        BUFG_PS (Prop_BUFG_PS_I_O)
                                                      0.018     0.138 r  BD_i/zynq_ultra_ps_e_0/inst/buffer_pl_clk_0.PL_CLK_0_BUFG/O
    X0Y1 (CLOCK_ROOT)    net (fo=61648, routed)       0.996     1.134    <hidden>
    SLICE_X9Y95          FDRE                                         r  <hidden>

Slack:                    inf
  Source:                 <hidden>
                            (rising edge-triggered cell RAMD32 clocked by clk_pl_0  {rise@0.000ns fall@10.000ns period=20.000ns})
  Destination:            <hidden>
                            (rising edge-triggered cell FDRE clocked by clk_pl_0  {rise@0.000ns fall@10.000ns period=20.000ns})
  Path Group:             (none)
  Path Type:              Hold (Min at Fast Process Corner)
  Data Path Delay:        0.113ns  (logic 0.105ns (92.920%)  route 0.008ns (7.080%))
  Logic Levels:           0  
  Clock Path Skew:        0.137ns (DCD - SCD - CPR)
    Destination Clock Delay (DCD):    1.134ns
    Source Clock Delay      (SCD):    0.997ns
    Clock Pessimism Removal (CPR):    -0.000ns
  Clock Uncertainty:      0.233ns  ((TSJ^2 + DJ^2)^1/2) / 2 + PE
    Total System Jitter     (TSJ):    0.071ns
    Discrete Jitter          (DJ):    0.460ns
    Phase Error              (PE):    0.000ns
  Clock Net Delay (Source):      0.886ns (routing 0.324ns, distribution 0.562ns)
  Clock Net Delay (Destination): 0.996ns (routing 0.365ns, distribution 0.631ns)
  Timing Exception:       False Path

    Location             Delay type                Incr(ns)  Path(ns)    Netlist Resource(s)
  -------------------------------------------------------------------    -------------------
                         (clock clk_pl_0 rise edge)
                                                      0.000     0.000 r  
    PS8_X0Y0             PS8                          0.000     0.000 r  BD_i/zynq_ultra_ps_e_0/inst/PS8_i/PLCLK[0]
                         net (fo=1, routed)           0.094     0.094    BD_i/zynq_ultra_ps_e_0/inst/pl_clk_unbuffered[0]
    BUFG_PS_X0Y58        BUFG_PS (Prop_BUFG_PS_I_O)
                                                      0.017     0.111 r  BD_i/zynq_ultra_ps_e_0/inst/buffer_pl_clk_0.PL_CLK_0_BUFG/O
    X0Y1 (CLOCK_ROOT)    net (fo=61648, routed)       0.886     0.997    <hidden>
    SLICE_X5Y94          RAMD32                                       r  <hidden>
  -------------------------------------------------------------------    -------------------
    SLICE_X5Y94          RAMD32 (Prop_G5LUT_SLICEM_CLK_O)
                                                      0.105     1.102 r  <hidden>
                         net (fo=1, routed)           0.008     1.110    <hidden>
    SLICE_X5Y94          FDRE                                         r  <hidden>
  -------------------------------------------------------------------    -------------------

                         (clock clk_pl_0 rise edge)
                                                      0.000     0.000 r  
    PS8_X0Y0             PS8                          0.000     0.000 r  BD_i/zynq_ultra_ps_e_0/inst/PS8_i/PLCLK[0]
                         net (fo=1, routed)           0.120     0.120    BD_i/zynq_ultra_ps_e_0/inst/pl_clk_unbuffered[0]
    BUFG_PS_X0Y58        BUFG_PS (Prop_BUFG_PS_I_O)
                                                      0.018     0.138 r  BD_i/zynq_ultra_ps_e_0/inst/buffer_pl_clk_0.PL_CLK_0_BUFG/O
    X0Y1 (CLOCK_ROOT)    net (fo=61648, routed)       0.996     1.134    <hidden>
    SLICE_X5Y94          FDRE                                         r  <hidden>

Slack:                    inf
  Source:                 <hidden>
                            (rising edge-triggered cell RAMD32 clocked by clk_pl_0  {rise@0.000ns fall@10.000ns period=20.000ns})
  Destination:            <hidden>
                            (rising edge-triggered cell FDRE clocked by clk_pl_0  {rise@0.000ns fall@10.000ns period=20.000ns})
  Path Group:             (none)
  Path Type:              Hold (Min at Fast Process Corner)
  Data Path Delay:        0.113ns  (logic 0.105ns (92.920%)  route 0.008ns (7.080%))
  Logic Levels:           0  
  Clock Path Skew:        0.128ns (DCD - SCD - CPR)
    Destination Clock Delay (DCD):    1.126ns
    Source Clock Delay      (SCD):    0.998ns
    Clock Pessimism Removal (CPR):    -0.000ns
  Clock Uncertainty:      0.233ns  ((TSJ^2 + DJ^2)^1/2) / 2 + PE
    Total System Jitter     (TSJ):    0.071ns
    Discrete Jitter          (DJ):    0.460ns
    Phase Error              (PE):    0.000ns
  Clock Net Delay (Source):      0.887ns (routing 0.324ns, distribution 0.563ns)
  Clock Net Delay (Destination): 0.988ns (routing 0.365ns, distribution 0.623ns)
  Timing Exception:       False Path

    Location             Delay type                Incr(ns)  Path(ns)    Netlist Resource(s)
  -------------------------------------------------------------------    -------------------
                         (clock clk_pl_0 rise edge)
                                                      0.000     0.000 r  
    PS8_X0Y0             PS8                          0.000     0.000 r  BD_i/zynq_ultra_ps_e_0/inst/PS8_i/PLCLK[0]
                         net (fo=1, routed)           0.094     0.094    BD_i/zynq_ultra_ps_e_0/inst/pl_clk_unbuffered[0]
    BUFG_PS_X0Y58        BUFG_PS (Prop_BUFG_PS_I_O)
                                                      0.017     0.111 r  BD_i/zynq_ultra_ps_e_0/inst/buffer_pl_clk_0.PL_CLK_0_BUFG/O
    X0Y1 (CLOCK_ROOT)    net (fo=61648, routed)       0.887     0.998    <hidden>
    SLICE_X4Y94          RAMD32                                       r  <hidden>
  -------------------------------------------------------------------    -------------------
    SLICE_X4Y94          RAMD32 (Prop_G5LUT_SLICEM_CLK_O)
                                                      0.105     1.103 r  <hidden>
                         net (fo=1, routed)           0.008     1.111    <hidden>
    SLICE_X4Y94          FDRE                                         r  <hidden>
  -------------------------------------------------------------------    -------------------

                         (clock clk_pl_0 rise edge)
                                                      0.000     0.000 r  
    PS8_X0Y0             PS8                          0.000     0.000 r  BD_i/zynq_ultra_ps_e_0/inst/PS8_i/PLCLK[0]
                         net (fo=1, routed)           0.120     0.120    BD_i/zynq_ultra_ps_e_0/inst/pl_clk_unbuffered[0]
    BUFG_PS_X0Y58        BUFG_PS (Prop_BUFG_PS_I_O)
                                                      0.018     0.138 r  BD_i/zynq_ultra_ps_e_0/inst/buffer_pl_clk_0.PL_CLK_0_BUFG/O
    X0Y1 (CLOCK_ROOT)    net (fo=61648, routed)       0.988     1.126    <hidden>
    SLICE_X4Y94          FDRE                                         r  <hidden>

Slack:                    inf
  Source:                 <hidden>
                            (rising edge-triggered cell RAMD32 clocked by clk_pl_0  {rise@0.000ns fall@10.000ns period=20.000ns})
  Destination:            <hidden>
                            (rising edge-triggered cell FDRE clocked by clk_pl_0  {rise@0.000ns fall@10.000ns period=20.000ns})
  Path Group:             (none)
  Path Type:              Hold (Min at Fast Process Corner)
  Data Path Delay:        0.116ns  (logic 0.109ns (93.966%)  route 0.007ns (6.034%))
  Logic Levels:           0  
  Clock Path Skew:        0.139ns (DCD - SCD - CPR)
    Destination Clock Delay (DCD):    1.135ns
    Source Clock Delay      (SCD):    0.996ns
    Clock Pessimism Removal (CPR):    -0.000ns
  Clock Uncertainty:      0.233ns  ((TSJ^2 + DJ^2)^1/2) / 2 + PE
    Total System Jitter     (TSJ):    0.071ns
    Discrete Jitter          (DJ):    0.460ns
    Phase Error              (PE):    0.000ns
  Clock Net Delay (Source):      0.885ns (routing 0.324ns, distribution 0.561ns)
  Clock Net Delay (Destination): 0.997ns (routing 0.365ns, distribution 0.632ns)
  Timing Exception:       False Path

    Location             Delay type                Incr(ns)  Path(ns)    Netlist Resource(s)
  -------------------------------------------------------------------    -------------------
                         (clock clk_pl_0 rise edge)
                                                      0.000     0.000 r  
    PS8_X0Y0             PS8                          0.000     0.000 r  BD_i/zynq_ultra_ps_e_0/inst/PS8_i/PLCLK[0]
                         net (fo=1, routed)           0.094     0.094    BD_i/zynq_ultra_ps_e_0/inst/pl_clk_unbuffered[0]
    BUFG_PS_X0Y58        BUFG_PS (Prop_BUFG_PS_I_O)
                                                      0.017     0.111 r  BD_i/zynq_ultra_ps_e_0/inst/buffer_pl_clk_0.PL_CLK_0_BUFG/O
    X0Y1 (CLOCK_ROOT)    net (fo=61648, routed)       0.885     0.996    <hidden>
    SLICE_X5Y92          RAMD32                                       r  <hidden>
  -------------------------------------------------------------------    -------------------
    SLICE_X5Y92          RAMD32 (Prop_A5LUT_SLICEM_CLK_O)
                                                      0.109     1.105 r  <hidden>
                         net (fo=1, routed)           0.007     1.112    <hidden>
    SLICE_X5Y92          FDRE                                         r  <hidden>
  -------------------------------------------------------------------    -------------------

                         (clock clk_pl_0 rise edge)
                                                      0.000     0.000 r  
    PS8_X0Y0             PS8                          0.000     0.000 r  BD_i/zynq_ultra_ps_e_0/inst/PS8_i/PLCLK[0]
                         net (fo=1, routed)           0.120     0.120    BD_i/zynq_ultra_ps_e_0/inst/pl_clk_unbuffered[0]
    BUFG_PS_X0Y58        BUFG_PS (Prop_BUFG_PS_I_O)
                                                      0.018     0.138 r  BD_i/zynq_ultra_ps_e_0/inst/buffer_pl_clk_0.PL_CLK_0_BUFG/O
    X0Y1 (CLOCK_ROOT)    net (fo=61648, routed)       0.997     1.135    <hidden>
    SLICE_X5Y92          FDRE                                         r  <hidden>

Slack:                    inf
  Source:                 <hidden>
                            (rising edge-triggered cell RAMD32 clocked by clk_pl_0  {rise@0.000ns fall@10.000ns period=20.000ns})
  Destination:            <hidden>
                            (rising edge-triggered cell FDRE clocked by clk_pl_0  {rise@0.000ns fall@10.000ns period=20.000ns})
  Path Group:             (none)
  Path Type:              Hold (Min at Fast Process Corner)
  Data Path Delay:        0.116ns  (logic 0.108ns (93.103%)  route 0.008ns (6.897%))
  Logic Levels:           0  
  Clock Path Skew:        0.137ns (DCD - SCD - CPR)
    Destination Clock Delay (DCD):    1.133ns
    Source Clock Delay      (SCD):    0.996ns
    Clock Pessimism Removal (CPR):    -0.000ns
  Clock Uncertainty:      0.233ns  ((TSJ^2 + DJ^2)^1/2) / 2 + PE
    Total System Jitter     (TSJ):    0.071ns
    Discrete Jitter          (DJ):    0.460ns
    Phase Error              (PE):    0.000ns
  Clock Net Delay (Source):      0.885ns (routing 0.324ns, distribution 0.561ns)
  Clock Net Delay (Destination): 0.995ns (routing 0.365ns, distribution 0.630ns)
  Timing Exception:       False Path

    Location             Delay type                Incr(ns)  Path(ns)    Netlist Resource(s)
  -------------------------------------------------------------------    -------------------
                         (clock clk_pl_0 rise edge)
                                                      0.000     0.000 r  
    PS8_X0Y0             PS8                          0.000     0.000 r  BD_i/zynq_ultra_ps_e_0/inst/PS8_i/PLCLK[0]
                         net (fo=1, routed)           0.094     0.094    BD_i/zynq_ultra_ps_e_0/inst/pl_clk_unbuffered[0]
    BUFG_PS_X0Y58        BUFG_PS (Prop_BUFG_PS_I_O)
                                                      0.017     0.111 r  BD_i/zynq_ultra_ps_e_0/inst/buffer_pl_clk_0.PL_CLK_0_BUFG/O
    X0Y1 (CLOCK_ROOT)    net (fo=61648, routed)       0.885     0.996    <hidden>
    SLICE_X5Y92          RAMD32                                       r  <hidden>
  -------------------------------------------------------------------    -------------------
    SLICE_X5Y92          RAMD32 (Prop_E5LUT_SLICEM_CLK_O)
                                                      0.108     1.104 r  <hidden>
                         net (fo=1, routed)           0.008     1.112    <hidden>
    SLICE_X5Y92          FDRE                                         r  <hidden>
  -------------------------------------------------------------------    -------------------

                         (clock clk_pl_0 rise edge)
                                                      0.000     0.000 r  
    PS8_X0Y0             PS8                          0.000     0.000 r  BD_i/zynq_ultra_ps_e_0/inst/PS8_i/PLCLK[0]
                         net (fo=1, routed)           0.120     0.120    BD_i/zynq_ultra_ps_e_0/inst/pl_clk_unbuffered[0]
    BUFG_PS_X0Y58        BUFG_PS (Prop_BUFG_PS_I_O)
                                                      0.018     0.138 r  BD_i/zynq_ultra_ps_e_0/inst/buffer_pl_clk_0.PL_CLK_0_BUFG/O
    X0Y1 (CLOCK_ROOT)    net (fo=61648, routed)       0.995     1.133    <hidden>
    SLICE_X5Y92          FDRE                                         r  <hidden>

Slack:                    inf
  Source:                 <hidden>
                            (rising edge-triggered cell RAMD32 clocked by clk_pl_0  {rise@0.000ns fall@10.000ns period=20.000ns})
  Destination:            <hidden>
                            (rising edge-triggered cell FDRE clocked by clk_pl_0  {rise@0.000ns fall@10.000ns period=20.000ns})
  Path Group:             (none)
  Path Type:              Hold (Min at Fast Process Corner)
  Data Path Delay:        0.116ns  (logic 0.109ns (93.966%)  route 0.007ns (6.034%))
  Logic Levels:           0  
  Clock Path Skew:        0.139ns (DCD - SCD - CPR)
    Destination Clock Delay (DCD):    1.136ns
    Source Clock Delay      (SCD):    0.997ns
    Clock Pessimism Removal (CPR):    -0.000ns
  Clock Uncertainty:      0.233ns  ((TSJ^2 + DJ^2)^1/2) / 2 + PE
    Total System Jitter     (TSJ):    0.071ns
    Discrete Jitter          (DJ):    0.460ns
    Phase Error              (PE):    0.000ns
  Clock Net Delay (Source):      0.886ns (routing 0.324ns, distribution 0.562ns)
  Clock Net Delay (Destination): 0.998ns (routing 0.365ns, distribution 0.633ns)
  Timing Exception:       False Path

    Location             Delay type                Incr(ns)  Path(ns)    Netlist Resource(s)
  -------------------------------------------------------------------    -------------------
                         (clock clk_pl_0 rise edge)
                                                      0.000     0.000 r  
    PS8_X0Y0             PS8                          0.000     0.000 r  BD_i/zynq_ultra_ps_e_0/inst/PS8_i/PLCLK[0]
                         net (fo=1, routed)           0.094     0.094    BD_i/zynq_ultra_ps_e_0/inst/pl_clk_unbuffered[0]
    BUFG_PS_X0Y58        BUFG_PS (Prop_BUFG_PS_I_O)
                                                      0.017     0.111 r  BD_i/zynq_ultra_ps_e_0/inst/buffer_pl_clk_0.PL_CLK_0_BUFG/O
    X0Y1 (CLOCK_ROOT)    net (fo=61648, routed)       0.886     0.997    <hidden>
    SLICE_X9Y95          RAMD32                                       r  <hidden>
  -------------------------------------------------------------------    -------------------
    SLICE_X9Y95          RAMD32 (Prop_A5LUT_SLICEM_CLK_O)
                                                      0.109     1.106 r  <hidden>
                         net (fo=1, routed)           0.007     1.113    <hidden>
    SLICE_X9Y95          FDRE                                         r  <hidden>
  -------------------------------------------------------------------    -------------------

                         (clock clk_pl_0 rise edge)
                                                      0.000     0.000 r  
    PS8_X0Y0             PS8                          0.000     0.000 r  BD_i/zynq_ultra_ps_e_0/inst/PS8_i/PLCLK[0]
                         net (fo=1, routed)           0.120     0.120    BD_i/zynq_ultra_ps_e_0/inst/pl_clk_unbuffered[0]
    BUFG_PS_X0Y58        BUFG_PS (Prop_BUFG_PS_I_O)
                                                      0.018     0.138 r  BD_i/zynq_ultra_ps_e_0/inst/buffer_pl_clk_0.PL_CLK_0_BUFG/O
    X0Y1 (CLOCK_ROOT)    net (fo=61648, routed)       0.998     1.136    <hidden>
    SLICE_X9Y95          FDRE                                         r  <hidden>

Slack:                    inf
  Source:                 <hidden>
                            (rising edge-triggered cell RAMD32 clocked by clk_pl_0  {rise@0.000ns fall@10.000ns period=20.000ns})
  Destination:            <hidden>
                            (rising edge-triggered cell FDRE clocked by clk_pl_0  {rise@0.000ns fall@10.000ns period=20.000ns})
  Path Group:             (none)
  Path Type:              Hold (Min at Fast Process Corner)
  Data Path Delay:        0.113ns  (logic 0.105ns (92.920%)  route 0.008ns (7.080%))
  Logic Levels:           0  
  Clock Path Skew:        0.138ns (DCD - SCD - CPR)
    Destination Clock Delay (DCD):    1.138ns
    Source Clock Delay      (SCD):    1.000ns
    Clock Pessimism Removal (CPR):    -0.000ns
  Clock Uncertainty:      0.233ns  ((TSJ^2 + DJ^2)^1/2) / 2 + PE
    Total System Jitter     (TSJ):    0.071ns
    Discrete Jitter          (DJ):    0.460ns
    Phase Error              (PE):    0.000ns
  Clock Net Delay (Source):      0.889ns (routing 0.324ns, distribution 0.565ns)
  Clock Net Delay (Destination): 1.000ns (routing 0.365ns, distribution 0.635ns)
  Timing Exception:       False Path

    Location             Delay type                Incr(ns)  Path(ns)    Netlist Resource(s)
  -------------------------------------------------------------------    -------------------
                         (clock clk_pl_0 rise edge)
                                                      0.000     0.000 r  
    PS8_X0Y0             PS8                          0.000     0.000 r  BD_i/zynq_ultra_ps_e_0/inst/PS8_i/PLCLK[0]
                         net (fo=1, routed)           0.094     0.094    BD_i/zynq_ultra_ps_e_0/inst/pl_clk_unbuffered[0]
    BUFG_PS_X0Y58        BUFG_PS (Prop_BUFG_PS_I_O)
                                                      0.017     0.111 r  BD_i/zynq_ultra_ps_e_0/inst/buffer_pl_clk_0.PL_CLK_0_BUFG/O
    X0Y1 (CLOCK_ROOT)    net (fo=61648, routed)       0.889     1.000    <hidden>
    SLICE_X5Y99          RAMD32                                       r  <hidden>
  -------------------------------------------------------------------    -------------------
    SLICE_X5Y99          RAMD32 (Prop_G5LUT_SLICEM_CLK_O)
                                                      0.105     1.105 r  <hidden>
                         net (fo=1, routed)           0.008     1.113    <hidden>
    SLICE_X5Y99          FDRE                                         r  <hidden>
  -------------------------------------------------------------------    -------------------

                         (clock clk_pl_0 rise edge)
                                                      0.000     0.000 r  
    PS8_X0Y0             PS8                          0.000     0.000 r  BD_i/zynq_ultra_ps_e_0/inst/PS8_i/PLCLK[0]
                         net (fo=1, routed)           0.120     0.120    BD_i/zynq_ultra_ps_e_0/inst/pl_clk_unbuffered[0]
    BUFG_PS_X0Y58        BUFG_PS (Prop_BUFG_PS_I_O)
                                                      0.018     0.138 r  BD_i/zynq_ultra_ps_e_0/inst/buffer_pl_clk_0.PL_CLK_0_BUFG/O
    X0Y1 (CLOCK_ROOT)    net (fo=61648, routed)       1.000     1.138    <hidden>
    SLICE_X5Y99          FDRE                                         r  <hidden>

Slack:                    inf
  Source:                 <hidden>
                            (rising edge-triggered cell RAMD32 clocked by clk_pl_0  {rise@0.000ns fall@10.000ns period=20.000ns})
  Destination:            <hidden>
                            (rising edge-triggered cell FDRE clocked by clk_pl_0  {rise@0.000ns fall@10.000ns period=20.000ns})
  Path Group:             (none)
  Path Type:              Hold (Min at Fast Process Corner)
  Data Path Delay:        0.116ns  (logic 0.109ns (93.966%)  route 0.007ns (6.034%))
  Logic Levels:           0  
  Clock Path Skew:        0.139ns (DCD - SCD - CPR)
    Destination Clock Delay (DCD):    1.136ns
    Source Clock Delay      (SCD):    0.997ns
    Clock Pessimism Removal (CPR):    -0.000ns
  Clock Uncertainty:      0.233ns  ((TSJ^2 + DJ^2)^1/2) / 2 + PE
    Total System Jitter     (TSJ):    0.071ns
    Discrete Jitter          (DJ):    0.460ns
    Phase Error              (PE):    0.000ns
  Clock Net Delay (Source):      0.886ns (routing 0.324ns, distribution 0.562ns)
  Clock Net Delay (Destination): 0.998ns (routing 0.365ns, distribution 0.633ns)
  Timing Exception:       False Path

    Location             Delay type                Incr(ns)  Path(ns)    Netlist Resource(s)
  -------------------------------------------------------------------    -------------------
                         (clock clk_pl_0 rise edge)
                                                      0.000     0.000 r  
    PS8_X0Y0             PS8                          0.000     0.000 r  BD_i/zynq_ultra_ps_e_0/inst/PS8_i/PLCLK[0]
                         net (fo=1, routed)           0.094     0.094    BD_i/zynq_ultra_ps_e_0/inst/pl_clk_unbuffered[0]
    BUFG_PS_X0Y58        BUFG_PS (Prop_BUFG_PS_I_O)
                                                      0.017     0.111 r  BD_i/zynq_ultra_ps_e_0/inst/buffer_pl_clk_0.PL_CLK_0_BUFG/O
    X0Y1 (CLOCK_ROOT)    net (fo=61648, routed)       0.886     0.997    <hidden>
    SLICE_X5Y94          RAMD32                                       r  <hidden>
  -------------------------------------------------------------------    -------------------
    SLICE_X5Y94          RAMD32 (Prop_A5LUT_SLICEM_CLK_O)
                                                      0.109     1.106 r  <hidden>
                         net (fo=1, routed)           0.007     1.113    <hidden>
    SLICE_X5Y94          FDRE                                         r  <hidden>
  -------------------------------------------------------------------    -------------------

                         (clock clk_pl_0 rise edge)
                                                      0.000     0.000 r  
    PS8_X0Y0             PS8                          0.000     0.000 r  BD_i/zynq_ultra_ps_e_0/inst/PS8_i/PLCLK[0]
                         net (fo=1, routed)           0.120     0.120    BD_i/zynq_ultra_ps_e_0/inst/pl_clk_unbuffered[0]
    BUFG_PS_X0Y58        BUFG_PS (Prop_BUFG_PS_I_O)
                                                      0.018     0.138 r  BD_i/zynq_ultra_ps_e_0/inst/buffer_pl_clk_0.PL_CLK_0_BUFG/O
    X0Y1 (CLOCK_ROOT)    net (fo=61648, routed)       0.998     1.136    <hidden>
    SLICE_X5Y94          FDRE                                         r  <hidden>

Slack:                    inf
  Source:                 <hidden>
                            (rising edge-triggered cell RAMD32 clocked by clk_pl_0  {rise@0.000ns fall@10.000ns period=20.000ns})
  Destination:            <hidden>
                            (rising edge-triggered cell FDRE clocked by clk_pl_0  {rise@0.000ns fall@10.000ns period=20.000ns})
  Path Group:             (none)
  Path Type:              Hold (Min at Fast Process Corner)
  Data Path Delay:        0.116ns  (logic 0.108ns (93.103%)  route 0.008ns (6.897%))
  Logic Levels:           0  
  Clock Path Skew:        0.137ns (DCD - SCD - CPR)
    Destination Clock Delay (DCD):    1.134ns
    Source Clock Delay      (SCD):    0.997ns
    Clock Pessimism Removal (CPR):    -0.000ns
  Clock Uncertainty:      0.233ns  ((TSJ^2 + DJ^2)^1/2) / 2 + PE
    Total System Jitter     (TSJ):    0.071ns
    Discrete Jitter          (DJ):    0.460ns
    Phase Error              (PE):    0.000ns
  Clock Net Delay (Source):      0.886ns (routing 0.324ns, distribution 0.562ns)
  Clock Net Delay (Destination): 0.996ns (routing 0.365ns, distribution 0.631ns)
  Timing Exception:       False Path

    Location             Delay type                Incr(ns)  Path(ns)    Netlist Resource(s)
  -------------------------------------------------------------------    -------------------
                         (clock clk_pl_0 rise edge)
                                                      0.000     0.000 r  
    PS8_X0Y0             PS8                          0.000     0.000 r  BD_i/zynq_ultra_ps_e_0/inst/PS8_i/PLCLK[0]
                         net (fo=1, routed)           0.094     0.094    BD_i/zynq_ultra_ps_e_0/inst/pl_clk_unbuffered[0]
    BUFG_PS_X0Y58        BUFG_PS (Prop_BUFG_PS_I_O)
                                                      0.017     0.111 r  BD_i/zynq_ultra_ps_e_0/inst/buffer_pl_clk_0.PL_CLK_0_BUFG/O
    X0Y1 (CLOCK_ROOT)    net (fo=61648, routed)       0.886     0.997    <hidden>
    SLICE_X9Y95          RAMD32                                       r  <hidden>
  -------------------------------------------------------------------    -------------------
    SLICE_X9Y95          RAMD32 (Prop_E5LUT_SLICEM_CLK_O)
                                                      0.108     1.105 r  <hidden>
                         net (fo=1, routed)           0.008     1.113    <hidden>
    SLICE_X9Y95          FDRE                                         r  <hidden>
  -------------------------------------------------------------------    -------------------

                         (clock clk_pl_0 rise edge)
                                                      0.000     0.000 r  
    PS8_X0Y0             PS8                          0.000     0.000 r  BD_i/zynq_ultra_ps_e_0/inst/PS8_i/PLCLK[0]
                         net (fo=1, routed)           0.120     0.120    BD_i/zynq_ultra_ps_e_0/inst/pl_clk_unbuffered[0]
    BUFG_PS_X0Y58        BUFG_PS (Prop_BUFG_PS_I_O)
                                                      0.018     0.138 r  BD_i/zynq_ultra_ps_e_0/inst/buffer_pl_clk_0.PL_CLK_0_BUFG/O
    X0Y1 (CLOCK_ROOT)    net (fo=61648, routed)       0.996     1.134    <hidden>
    SLICE_X9Y95          FDRE                                         r  <hidden>





--------------------------------------------------------------------------------------
Path Group:  (none)
From Clock:  clk_pl_0
  To Clock:  

Max Delay             2 Endpoints
Min Delay             2 Endpoints
--------------------------------------------------------------------------------------


Max Delay Paths
--------------------------------------------------------------------------------------
Slack:                    inf
  Source:                 BD_i/axi_gpio_0/U0/gpio_core_1/Dual.gpio_Data_Out_reg[31]_lopt_replica/C
                            (rising edge-triggered cell FDRE clocked by clk_pl_0  {rise@0.000ns fall@10.000ns period=20.000ns})
  Destination:            rst_led
                            (output port)
  Path Group:             (none)
  Path Type:              Max at Slow Process Corner
  Data Path Delay:        4.758ns  (logic 2.579ns (54.205%)  route 2.179ns (45.795%))
  Logic Levels:           1  (OBUF=1)
  Clock Uncertainty:      0.231ns  ((TSJ^2 + DJ^2)^1/2) / 2 + PE
    Total System Jitter     (TSJ):    0.050ns
    Discrete Jitter          (DJ):    0.460ns
    Phase Error              (PE):    0.000ns
  Clock Net Delay (Source):      1.766ns (routing 0.638ns, distribution 1.128ns)

    Location             Delay type                Incr(ns)  Path(ns)    Netlist Resource(s)
  -------------------------------------------------------------------    -------------------
                         (clock clk_pl_0 rise edge)
                                                      0.000     0.000 r  
    PS8_X0Y0             PS8                          0.000     0.000 r  BD_i/zynq_ultra_ps_e_0/inst/PS8_i/PLCLK[0]
                         net (fo=1, routed)           0.178     0.178    BD_i/zynq_ultra_ps_e_0/inst/pl_clk_unbuffered[0]
    BUFG_PS_X0Y58        BUFG_PS (Prop_BUFG_PS_I_O)
                                                      0.029     0.207 r  BD_i/zynq_ultra_ps_e_0/inst/buffer_pl_clk_0.PL_CLK_0_BUFG/O
    X0Y1 (CLOCK_ROOT)    net (fo=61648, routed)       1.766     1.973    BD_i/axi_gpio_0/U0/gpio_core_1/s_axi_aclk
    SLICE_X14Y48         FDRE                                         r  BD_i/axi_gpio_0/U0/gpio_core_1/Dual.gpio_Data_Out_reg[31]_lopt_replica/C
  -------------------------------------------------------------------    -------------------
    SLICE_X14Y48         FDRE (Prop_GFF_SLICEM_C_Q)
                                                      0.095     2.068 r  BD_i/axi_gpio_0/U0/gpio_core_1/Dual.gpio_Data_Out_reg[31]_lopt_replica/Q
                         net (fo=1, routed)           2.179     4.247    lopt
    A7                   OBUF (Prop_OUTBUF_HDIOB_S_I_O)
                                                      2.484     6.731 r  rst_led_OBUF_inst/O
                         net (fo=0)                   0.000     6.731    rst_led
    A7                                                                r  rst_led (OUT)
  -------------------------------------------------------------------    -------------------

Slack:                    inf
  Source:                 BD_i/blink_0/inst/led_reg/C
                            (rising edge-triggered cell FDRE clocked by clk_pl_0  {rise@0.000ns fall@10.000ns period=20.000ns})
  Destination:            heartbeat
                            (output port)
  Path Group:             (none)
  Path Type:              Max at Slow Process Corner
  Data Path Delay:        3.218ns  (logic 2.560ns (79.541%)  route 0.658ns (20.459%))
  Logic Levels:           1  (OBUF=1)
  Clock Uncertainty:      0.231ns  ((TSJ^2 + DJ^2)^1/2) / 2 + PE
    Total System Jitter     (TSJ):    0.050ns
    Discrete Jitter          (DJ):    0.460ns
    Phase Error              (PE):    0.000ns
  Clock Net Delay (Source):      1.793ns (routing 0.638ns, distribution 1.155ns)

    Location             Delay type                Incr(ns)  Path(ns)    Netlist Resource(s)
  -------------------------------------------------------------------    -------------------
                         (clock clk_pl_0 rise edge)
                                                      0.000     0.000 r  
    PS8_X0Y0             PS8                          0.000     0.000 r  BD_i/zynq_ultra_ps_e_0/inst/PS8_i/PLCLK[0]
                         net (fo=1, routed)           0.178     0.178    BD_i/zynq_ultra_ps_e_0/inst/pl_clk_unbuffered[0]
    BUFG_PS_X0Y58        BUFG_PS (Prop_BUFG_PS_I_O)
                                                      0.029     0.207 r  BD_i/zynq_ultra_ps_e_0/inst/buffer_pl_clk_0.PL_CLK_0_BUFG/O
    X0Y1 (CLOCK_ROOT)    net (fo=61648, routed)       1.793     2.000    BD_i/blink_0/inst/clk
    SLICE_X14Y133        FDRE                                         r  BD_i/blink_0/inst/led_reg/C
  -------------------------------------------------------------------    -------------------
    SLICE_X14Y133        FDRE (Prop_BFF_SLICEM_C_Q)
                                                      0.095     2.095 r  BD_i/blink_0/inst/led_reg/Q
                         net (fo=2, routed)           0.658     2.753    heartbeat_OBUF
    F8                   OBUF (Prop_OUTBUF_HDIOB_M_I_O)
                                                      2.465     5.218 r  heartbeat_OBUF_inst/O
                         net (fo=0)                   0.000     5.218    heartbeat
    F8                                                                r  heartbeat (OUT)
  -------------------------------------------------------------------    -------------------





Min Delay Paths
--------------------------------------------------------------------------------------
Slack:                    inf
  Source:                 BD_i/blink_0/inst/led_reg/C
                            (rising edge-triggered cell FDRE clocked by clk_pl_0  {rise@0.000ns fall@10.000ns period=20.000ns})
  Destination:            heartbeat
                            (output port)
  Path Group:             (none)
  Path Type:              Min at Fast Process Corner
  Data Path Delay:        1.352ns  (logic 1.039ns (76.845%)  route 0.313ns (23.155%))
  Logic Levels:           1  (OBUF=1)
  Clock Uncertainty:      0.231ns  ((TSJ^2 + DJ^2)^1/2) / 2 + PE
    Total System Jitter     (TSJ):    0.050ns
    Discrete Jitter          (DJ):    0.460ns
    Phase Error              (PE):    0.000ns
  Clock Net Delay (Source):      0.905ns (routing 0.324ns, distribution 0.581ns)

    Location             Delay type                Incr(ns)  Path(ns)    Netlist Resource(s)
  -------------------------------------------------------------------    -------------------
                         (clock clk_pl_0 rise edge)
                                                      0.000     0.000 r  
    PS8_X0Y0             PS8                          0.000     0.000 r  BD_i/zynq_ultra_ps_e_0/inst/PS8_i/PLCLK[0]
                         net (fo=1, routed)           0.094     0.094    BD_i/zynq_ultra_ps_e_0/inst/pl_clk_unbuffered[0]
    BUFG_PS_X0Y58        BUFG_PS (Prop_BUFG_PS_I_O)
                                                      0.017     0.111 r  BD_i/zynq_ultra_ps_e_0/inst/buffer_pl_clk_0.PL_CLK_0_BUFG/O
    X0Y1 (CLOCK_ROOT)    net (fo=61648, routed)       0.905     1.016    BD_i/blink_0/inst/clk
    SLICE_X14Y133        FDRE                                         r  BD_i/blink_0/inst/led_reg/C
  -------------------------------------------------------------------    -------------------
    SLICE_X14Y133        FDRE (Prop_BFF_SLICEM_C_Q)
                                                      0.038     1.054 r  BD_i/blink_0/inst/led_reg/Q
                         net (fo=2, routed)           0.313     1.367    heartbeat_OBUF
    F8                   OBUF (Prop_OUTBUF_HDIOB_M_I_O)
                                                      1.001     2.368 r  heartbeat_OBUF_inst/O
                         net (fo=0)                   0.000     2.368    heartbeat
    F8                                                                r  heartbeat (OUT)
  -------------------------------------------------------------------    -------------------

Slack:                    inf
  Source:                 BD_i/axi_gpio_0/U0/gpio_core_1/Dual.gpio_Data_Out_reg[31]_lopt_replica/C
                            (rising edge-triggered cell FDRE clocked by clk_pl_0  {rise@0.000ns fall@10.000ns period=20.000ns})
  Destination:            rst_led
                            (output port)
  Path Group:             (none)
  Path Type:              Min at Fast Process Corner
  Data Path Delay:        2.014ns  (logic 1.059ns (52.591%)  route 0.955ns (47.409%))
  Logic Levels:           1  (OBUF=1)
  Clock Uncertainty:      0.231ns  ((TSJ^2 + DJ^2)^1/2) / 2 + PE
    Total System Jitter     (TSJ):    0.050ns
    Discrete Jitter          (DJ):    0.460ns
    Phase Error              (PE):    0.000ns
  Clock Net Delay (Source):      0.893ns (routing 0.324ns, distribution 0.569ns)

    Location             Delay type                Incr(ns)  Path(ns)    Netlist Resource(s)
  -------------------------------------------------------------------    -------------------
                         (clock clk_pl_0 rise edge)
                                                      0.000     0.000 r  
    PS8_X0Y0             PS8                          0.000     0.000 r  BD_i/zynq_ultra_ps_e_0/inst/PS8_i/PLCLK[0]
                         net (fo=1, routed)           0.094     0.094    BD_i/zynq_ultra_ps_e_0/inst/pl_clk_unbuffered[0]
    BUFG_PS_X0Y58        BUFG_PS (Prop_BUFG_PS_I_O)
                                                      0.017     0.111 r  BD_i/zynq_ultra_ps_e_0/inst/buffer_pl_clk_0.PL_CLK_0_BUFG/O
    X0Y1 (CLOCK_ROOT)    net (fo=61648, routed)       0.893     1.004    BD_i/axi_gpio_0/U0/gpio_core_1/s_axi_aclk
    SLICE_X14Y48         FDRE                                         r  BD_i/axi_gpio_0/U0/gpio_core_1/Dual.gpio_Data_Out_reg[31]_lopt_replica/C
  -------------------------------------------------------------------    -------------------
    SLICE_X14Y48         FDRE (Prop_GFF_SLICEM_C_Q)
                                                      0.039     1.043 r  BD_i/axi_gpio_0/U0/gpio_core_1/Dual.gpio_Data_Out_reg[31]_lopt_replica/Q
                         net (fo=1, routed)           0.955     1.998    lopt
    A7                   OBUF (Prop_OUTBUF_HDIOB_S_I_O)
                                                      1.020     3.018 r  rst_led_OBUF_inst/O
                         net (fo=0)                   0.000     3.018    rst_led
    A7                                                                r  rst_led (OUT)
  -------------------------------------------------------------------    -------------------





