Copyright 1986-2022 Xilinx, Inc. All Rights Reserved. Copyright 2022-2024 Advanced Micro Devices, Inc. All Rights Reserved.
---------------------------------------------------------------------------------------------------------------------------------------------
| Tool Version : Vivado v.2024.2 (lin64) Build 5239630 Fri Nov 08 22:34:34 MST 2024
| Date         : Mon Mar 24 15:10:40 2025
| Host         : Desktop-Home running 64-bit Linux Mint 22
| Command      : report_control_sets -verbose -file BD_wrapper_control_sets_placed.rpt
| Design       : BD_wrapper
| Device       : xczu3eg
---------------------------------------------------------------------------------------------------------------------------------------------

Control Set Information

Table of Contents
-----------------
1. Summary
2. Histogram
3. Flip-Flop Distribution
4. Detailed Control Set Information

1. Summary
----------

+----------------------------------------------------------+-------+
|                          Status                          | Count |
+----------------------------------------------------------+-------+
| Total control sets                                       |  1664 |
|    Minimum number of control sets                        |  1664 |
|    Addition due to synthesis replication                 |     0 |
|    Addition due to physical synthesis replication        |     0 |
| Unused register locations in slices containing registers |  1895 |
+----------------------------------------------------------+-------+
* Control sets can be merged at opt_design using control_set_merge or merge_equivalent_drivers
** Run report_qor_suggestions for automated merging and remapping suggestions


2. Histogram
------------

+--------------------+-------+
|       Fanout       | Count |
+--------------------+-------+
| Total control sets |  1664 |
| >= 0 to < 4        |   479 |
| >= 4 to < 6        |   214 |
| >= 6 to < 8        |   224 |
| >= 8 to < 10       |   141 |
| >= 10 to < 12      |    18 |
| >= 12 to < 14      |    40 |
| >= 14 to < 16      |    16 |
| >= 16              |   532 |
+--------------------+-------+
* Control sets can be remapped at either synth_design or opt_design


3. Flip-Flop Distribution
-------------------------

+--------------+-----------------------+------------------------+-----------------+--------------+
| Clock Enable | Synchronous Set/Reset | Asynchronous Set/Reset | Total Registers | Total Slices |
+--------------+-----------------------+------------------------+-----------------+--------------+
| No           | No                    | No                     |            2991 |          969 |
| No           | No                    | Yes                    |             189 |           65 |
| No           | Yes                   | No                     |            4101 |         1566 |
| Yes          | No                    | No                     |           11620 |         2184 |
| Yes          | No                    | Yes                    |               0 |            0 |
| Yes          | Yes                   | No                     |           13844 |         3382 |
+--------------+-----------------------+------------------------+-----------------+--------------+


4. Detailed Control Set Information
-----------------------------------

+--------------------------------------+--------------------------------------------------------------------------------------------------------------------------------------------------------------------------------------------------------------+-----------------------------------------------------------------------------------------------------------------------------------------------------------------------------------------------+------------------+----------------+--------------+
|             Clock Signal             |                                                                                                 Enable Signal                                                                                                |                                                                                        Set/Reset Signal                                                                                       | Slice Load Count | Bel Load Count | Bels / Slice |
+--------------------------------------+--------------------------------------------------------------------------------------------------------------------------------------------------------------------------------------------------------------+-----------------------------------------------------------------------------------------------------------------------------------------------------------------------------------------------+------------------+----------------+--------------+
|  BD_i/zynq_ultra_ps_e_0/inst/pl_clk0 |                                                                                                                                                                                                              | BD_i/axi_smc/inst/s00_nodes/s00_aw_node/inst/s_sc_areset_pipe                                                                                                                                 |                1 |              1 |         1.00 |
|  BD_i/zynq_ultra_ps_e_0/inst/pl_clk0 | BD_i/ChaosCoreTop_0/inst/chiptop/system/chipyard_prcictrl_domain/xbar/readys_mask[0]_i_1__1_n_0                                                                                                              | BD_i/ChaosCoreTop_0/inst/chiptop/system/chipyard_prcictrl_domain/resetSynchronizer/nodeOut_member_allClocks_uncore_reset_catcher/io_sync_reset_chain/output_chain/sync_0_reg_0                |                1 |              1 |         1.00 |
|  BD_i/zynq_ultra_ps_e_0/inst/pl_clk0 | BD_i/axi_smc/inst/s00_entry_pipeline/s00_si_converter/inst/gen_normal.splitter_inst/aw_cmd_reg/state                                                                                                         | BD_i/axi_smc/inst/s00_entry_pipeline/s00_si_converter/inst/areset                                                                                                                             |                1 |              1 |         1.00 |
|  BD_i/zynq_ultra_ps_e_0/inst/pl_clk0 | BD_i/axi_smc/inst/s00_entry_pipeline/s00_si_converter/inst/gen_normal.splitter_inst/gen_wsplitter.gen_wthread_loop[0].b_split_fifo/gen_srls[0].srl_nx1/shift_qual                                            |                                                                                                                                                                                               |                1 |              1 |         1.00 |
|  BD_i/zynq_ultra_ps_e_0/inst/pl_clk0 |                                                                                                                                                                                                              | BD_i/axi_smc/inst/s00_nodes/s00_r_node/inst/s_sc_areset_pipe                                                                                                                                  |                1 |              1 |         1.00 |
|  BD_i/zynq_ultra_ps_e_0/inst/pl_clk0 | BD_i/axi_gpio_0/U0/AXI_LITE_IPIF_I/I_SLAVE_ATTACHMENT/I_DECODER/E[0]                                                                                                                                         | BD_i/axi_gpio_1/U0/AXI_LITE_IPIF_I/I_SLAVE_ATTACHMENT/SR[0]                                                                                                                                   |                1 |              1 |         1.00 |
|  BD_i/zynq_ultra_ps_e_0/inst/pl_clk0 |                                                                                                                                                                                                              | BD_i/axi_smc/inst/switchboards/i_nodes/i_aw_node/inst/s_sc_areset_pipe                                                                                                                        |                1 |              1 |         1.00 |
|  BD_i/zynq_ultra_ps_e_0/inst/pl_clk0 |                                                                                                                                                                                                              | BD_i/axi_smc/inst/m00_nodes/m00_ar_node/inst/s_sc_areset_pipe                                                                                                                                 |                1 |              1 |         1.00 |
|  BD_i/zynq_ultra_ps_e_0/inst/pl_clk0 | BD_i/smartconnect_0/inst/m00_exit_pipeline/m00_exit/inst/ar_reg/state                                                                                                                                        | BD_i/smartconnect_0/inst/m00_exit_pipeline/m00_exit/inst/areset                                                                                                                               |                1 |              1 |         1.00 |
|  BD_i/zynq_ultra_ps_e_0/inst/pl_clk0 |                                                                                                                                                                                                              | BD_i/axi_smc/inst/m00_nodes/m00_aw_node/inst/s_sc_areset_pipe                                                                                                                                 |                1 |              1 |         1.00 |
|  BD_i/zynq_ultra_ps_e_0/inst/pl_clk0 |                                                                                                                                                                                                              | BD_i/axi_smc/inst/s00_nodes/s00_b_node/inst/s_sc_areset_pipe                                                                                                                                  |                1 |              1 |         1.00 |
|  BD_i/zynq_ultra_ps_e_0/inst/pl_clk0 |                                                                                                                                                                                                              | BD_i/smartconnect_0/inst/s01_nodes/s01_w_node/inst/s_sc_areset_pipe                                                                                                                           |                1 |              1 |         1.00 |
|  BD_i/zynq_ultra_ps_e_0/inst/pl_clk0 |                                                                                                                                                                                                              | BD_i/smartconnect_0/inst/s01_nodes/s01_w_node/inst/s_sc_areset                                                                                                                                |                1 |              1 |         1.00 |
|  BD_i/zynq_ultra_ps_e_0/inst/pl_clk0 |                                                                                                                                                                                                              | BD_i/axi_smc/inst/s00_nodes/s00_ar_node/inst/s_sc_areset_pipe                                                                                                                                 |                1 |              1 |         1.00 |
|  BD_i/zynq_ultra_ps_e_0/inst/pl_clk0 |                                                                                                                                                                                                              | BD_i/axi_smc/inst/switchboards/i_nodes/i_b_node/inst/s_sc_areset_pipe                                                                                                                         |                1 |              1 |         1.00 |
|  BD_i/zynq_ultra_ps_e_0/inst/pl_clk0 |                                                                                                                                                                                                              | BD_i/smartconnect_0/inst/s01_nodes/s01_r_node/inst/s_sc_areset_pipe                                                                                                                           |                1 |              1 |         1.00 |
|  BD_i/zynq_ultra_ps_e_0/inst/pl_clk0 |                                                                                                                                                                                                              | BD_i/smartconnect_0/inst/s01_nodes/s01_r_node/inst/s_sc_areset                                                                                                                                |                1 |              1 |         1.00 |
|  BD_i/zynq_ultra_ps_e_0/inst/pl_clk0 | BD_i/smartconnect_0/inst/s00_entry_pipeline/s00_si_converter/inst/converter.wrap_narrow_inst/aw_reg_slice/state                                                                                              | BD_i/smartconnect_0/inst/s00_entry_pipeline/s00_si_converter/inst/areset                                                                                                                      |                1 |              1 |         1.00 |
|  BD_i/zynq_ultra_ps_e_0/inst/pl_clk0 |                                                                                                                                                                                                              | BD_i/axi_smc/inst/m00_nodes/m00_w_node/inst/s_sc_areset_pipe                                                                                                                                  |                1 |              1 |         1.00 |
|  BD_i/zynq_ultra_ps_e_0/inst/pl_clk0 |                                                                                                                                                                                                              | BD_i/axi_smc/inst/m01_nodes/m01_w_node/inst/s_sc_areset_pipe                                                                                                                                  |                1 |              1 |         1.00 |
|  BD_i/zynq_ultra_ps_e_0/inst/pl_clk0 | BD_i/smartconnect_0/inst/s00_nodes/s00_w_node/inst/inst_mi_handler/gen_normal_area.gen_upsizer.inst_upsizer/first_xfer                                                                                       |                                                                                                                                                                                               |                1 |              1 |         1.00 |
|  BD_i/zynq_ultra_ps_e_0/inst/pl_clk0 | BD_i/smartconnect_0/inst/s01_entry_pipeline/s01_si_converter/inst/converter.wrap_narrow_inst/aw_reg_slice/state                                                                                              | BD_i/smartconnect_0/inst/s01_entry_pipeline/s01_si_converter/inst/areset                                                                                                                      |                1 |              1 |         1.00 |
|  BD_i/zynq_ultra_ps_e_0/inst/pl_clk0 |                                                                                                                                                                                                              | BD_i/axi_smc/inst/m01_nodes/m01_aw_node/inst/s_sc_areset_pipe                                                                                                                                 |                1 |              1 |         1.00 |
|  BD_i/zynq_ultra_ps_e_0/inst/pl_clk0 |                                                                                                                                                                                                              | BD_i/axi_smc/inst/s01_nodes/s01_ar_node/inst/s_sc_areset_pipe                                                                                                                                 |                1 |              1 |         1.00 |
|  BD_i/zynq_ultra_ps_e_0/inst/pl_clk0 |                                                                                                                                                                                                              | BD_i/axi_smc/inst/s01_nodes/s01_b_node/inst/s_sc_areset_pipe                                                                                                                                  |                1 |              1 |         1.00 |
|  BD_i/zynq_ultra_ps_e_0/inst/pl_clk0 |                                                                                                                                                                                                              | BD_i/axi_smc/inst/s01_nodes/s01_aw_node/inst/s_sc_areset_pipe                                                                                                                                 |                1 |              1 |         1.00 |
|  BD_i/zynq_ultra_ps_e_0/inst/pl_clk0 |                                                                                                                                                                                                              | BD_i/axi_smc/inst/s01_nodes/s01_r_node/inst/s_sc_areset_pipe                                                                                                                                  |                1 |              1 |         1.00 |
|  BD_i/zynq_ultra_ps_e_0/inst/pl_clk0 |                                                                                                                                                                                                              | BD_i/smartconnect_0/inst/m00_nodes/m00_b_node/inst/s_sc_areset_pipe                                                                                                                           |                1 |              1 |         1.00 |
|  BD_i/zynq_ultra_ps_e_0/inst/pl_clk0 |                                                                                                                                                                                                              | BD_i/axi_smc/inst/s01_nodes/s01_w_node/inst/s_sc_areset_pipe                                                                                                                                  |                1 |              1 |         1.00 |
|  BD_i/zynq_ultra_ps_e_0/inst/pl_clk0 |                                                                                                                                                                                                              | BD_i/axi_smc/inst/m01_nodes/m01_ar_node/inst/s_sc_areset_pipe                                                                                                                                 |                1 |              1 |         1.00 |
|  BD_i/zynq_ultra_ps_e_0/inst/pl_clk0 |                                                                                                                                                                                                              | BD_i/axi_smc/inst/m00_nodes/m00_r_node/inst/s_sc_areset_pipe                                                                                                                                  |                1 |              1 |         1.00 |
|  BD_i/zynq_ultra_ps_e_0/inst/pl_clk0 |                                                                                                                                                                                                              | BD_i/axi_smc/inst/m01_nodes/m01_b_node/inst/s_sc_areset_pipe                                                                                                                                  |                1 |              1 |         1.00 |
|  BD_i/zynq_ultra_ps_e_0/inst/pl_clk0 |                                                                                                                                                                                                              | BD_i/axi_smc/inst/switchboards/i_nodes/i_ar_node/inst/s_sc_areset_pipe                                                                                                                        |                1 |              1 |         1.00 |
|  BD_i/zynq_ultra_ps_e_0/inst/pl_clk0 |                                                                                                                                                                                                              | BD_i/axi_smc/inst/m00_nodes/m00_b_node/inst/s_sc_areset_pipe                                                                                                                                  |                1 |              1 |         1.00 |
|  BD_i/zynq_ultra_ps_e_0/inst/pl_clk0 |                                                                                                                                                                                                              | BD_i/axi_smc/inst/m01_nodes/m01_r_node/inst/s_sc_areset_pipe                                                                                                                                  |                1 |              1 |         1.00 |
|  BD_i/zynq_ultra_ps_e_0/inst/pl_clk0 |                                                                                                                                                                                                              | BD_i/axi_smc/inst/s00_nodes/s00_w_node/inst/s_sc_areset_pipe                                                                                                                                  |                1 |              1 |         1.00 |
|  BD_i/zynq_ultra_ps_e_0/inst/pl_clk0 |                                                                                                                                                                                                              | BD_i/smartconnect_0/inst/s00_nodes/s00_w_node/inst/s_sc_areset_pipe                                                                                                                           |                1 |              1 |         1.00 |
|  BD_i/zynq_ultra_ps_e_0/inst/pl_clk0 |                                                                                                                                                                                                              | BD_i/smartconnect_0/inst/s00_nodes/s00_aw_node/inst/mi_handler_m_sc_areset                                                                                                                    |                1 |              1 |         1.00 |
|  BD_i/zynq_ultra_ps_e_0/inst/pl_clk0 |                                                                                                                                                                                                              | BD_i/smartconnect_0/inst/s00_nodes/s00_aw_node/inst/s_sc_areset_pipe                                                                                                                          |                1 |              1 |         1.00 |
|  BD_i/zynq_ultra_ps_e_0/inst/pl_clk0 |                                                                                                                                                                                                              | BD_i/smartconnect_0/inst/m00_nodes/m00_aw_node/inst/s_sc_areset_pipe                                                                                                                          |                1 |              1 |         1.00 |
|  BD_i/zynq_ultra_ps_e_0/inst/pl_clk0 | BD_i/axi_smc/inst/s01_entry_pipeline/s01_si_converter/inst/converter.wrap_narrow_inst/aw_reg_slice/state                                                                                                     | BD_i/axi_smc/inst/s01_entry_pipeline/s01_si_converter/inst/areset                                                                                                                             |                1 |              1 |         1.00 |
|  BD_i/zynq_ultra_ps_e_0/inst/pl_clk0 |                                                                                                                                                                                                              | BD_i/smartconnect_0/inst/m00_nodes/m00_r_node/inst/s_sc_areset_pipe                                                                                                                           |                1 |              1 |         1.00 |
|  BD_i/zynq_ultra_ps_e_0/inst/pl_clk0 |                                                                                                                                                                                                              | BD_i/smartconnect_0/inst/s00_nodes/s00_b_node/inst/mi_handler_m_sc_areset                                                                                                                     |                1 |              1 |         1.00 |
|  BD_i/zynq_ultra_ps_e_0/inst/pl_clk0 |                                                                                                                                                                                                              | BD_i/smartconnect_0/inst/s00_nodes/s00_b_node/inst/s_sc_areset_pipe                                                                                                                           |                1 |              1 |         1.00 |
|  BD_i/zynq_ultra_ps_e_0/inst/pl_clk0 |                                                                                                                                                                                                              | BD_i/smartconnect_0/inst/m00_nodes/m00_r_node/inst/mi_handler_m_sc_areset                                                                                                                     |                1 |              1 |         1.00 |
|  BD_i/zynq_ultra_ps_e_0/inst/pl_clk0 |                                                                                                                                                                                                              | BD_i/smartconnect_0/inst/s00_nodes/s00_ar_node/inst/s_sc_areset_pipe                                                                                                                          |                1 |              1 |         1.00 |
|  BD_i/zynq_ultra_ps_e_0/inst/pl_clk0 | BD_i/ChaosCoreTop_0/inst/chiptop/system/bank/buffer/nodeOut_a_q/maybe_full_reg_1                                                                                                                             | BD_i/ChaosCoreTop_0/inst/chiptop/system/bank/buffer/nodeOut_a_q/gennum_reg[0]                                                                                                                 |                1 |              1 |         1.00 |
|  BD_i/zynq_ultra_ps_e_0/inst/pl_clk0 |                                                                                                                                                                                                              | BD_i/smartconnect_0/inst/s00_nodes/s00_r_node/inst/mi_handler_m_sc_areset                                                                                                                     |                1 |              1 |         1.00 |
|  BD_i/zynq_ultra_ps_e_0/inst/pl_clk0 |                                                                                                                                                                                                              | BD_i/smartconnect_0/inst/s00_nodes/s00_r_node/inst/s_sc_areset_pipe                                                                                                                           |                1 |              1 |         1.00 |
|  BD_i/zynq_ultra_ps_e_0/inst/pl_clk0 |                                                                                                                                                                                                              | BD_i/smartconnect_0/inst/s00_nodes/s00_ar_node/inst/mi_handler_m_sc_areset                                                                                                                    |                1 |              1 |         1.00 |
|  BD_i/zynq_ultra_ps_e_0/inst/pl_clk0 |                                                                                                                                                                                                              | BD_i/smartconnect_0/inst/s00_nodes/s00_w_node/inst/mi_handler_m_sc_areset                                                                                                                     |                1 |              1 |         1.00 |
|  BD_i/zynq_ultra_ps_e_0/inst/pl_clk0 |                                                                                                                                                                                                              | BD_i/smartconnect_0/inst/s01_nodes/s01_ar_node/inst/s_sc_areset_pipe                                                                                                                          |                1 |              1 |         1.00 |
|  BD_i/zynq_ultra_ps_e_0/inst/pl_clk0 |                                                                                                                                                                                                              | BD_i/smartconnect_0/inst/s01_nodes/s01_b_node/inst/s_sc_areset_pipe                                                                                                                           |                1 |              1 |         1.00 |
|  BD_i/zynq_ultra_ps_e_0/inst/pl_clk0 |                                                                                                                                                                                                              | BD_i/smartconnect_0/inst/s01_nodes/s01_b_node/inst/s_sc_areset                                                                                                                                |                1 |              1 |         1.00 |
|  BD_i/zynq_ultra_ps_e_0/inst/pl_clk0 |                                                                                                                                                                                                              | BD_i/axi_smc/inst/switchboards/i_nodes/i_r_node/inst/s_sc_areset_pipe                                                                                                                         |                1 |              1 |         1.00 |
|  BD_i/zynq_ultra_ps_e_0/inst/pl_clk0 |                                                                                                                                                                                                              | BD_i/smartconnect_0/inst/s01_nodes/s01_aw_node/inst/s_sc_areset_pipe                                                                                                                          |                1 |              1 |         1.00 |
|  BD_i/zynq_ultra_ps_e_0/inst/pl_clk0 |                                                                                                                                                                                                              | BD_i/smartconnect_0/inst/s01_nodes/s01_aw_node/inst/s_sc_areset                                                                                                                               |                1 |              1 |         1.00 |
|  BD_i/zynq_ultra_ps_e_0/inst/pl_clk0 |                                                                                                                                                                                                              | BD_i/smartconnect_0/inst/m00_nodes/m00_b_node/inst/mi_handler_m_sc_areset                                                                                                                     |                1 |              1 |         1.00 |
|  BD_i/zynq_ultra_ps_e_0/inst/pl_clk0 | BD_i/axi_gpio_0/U0/AXI_LITE_IPIF_I/I_SLAVE_ATTACHMENT/s_axi_rresp_i                                                                                                                                          | BD_i/axi_gpio_1/U0/AXI_LITE_IPIF_I/I_SLAVE_ATTACHMENT/SR[0]                                                                                                                                   |                1 |              1 |         1.00 |
|  BD_i/zynq_ultra_ps_e_0/inst/pl_clk0 |                                                                                                                                                                                                              | BD_i/smartconnect_0/inst/m00_nodes/m00_ar_node/inst/s_sc_areset_pipe                                                                                                                          |                1 |              1 |         1.00 |
|  BD_i/zynq_ultra_ps_e_0/inst/pl_clk0 |                                                                                                                                                                                                              | BD_i/smartconnect_0/inst/s01_nodes/s01_ar_node/inst/s_sc_areset                                                                                                                               |                1 |              1 |         1.00 |
|  BD_i/zynq_ultra_ps_e_0/inst/pl_clk0 |                                                                                                                                                                                                              | BD_i/axi_smc/inst/switchboards/i_nodes/i_w_node/inst/s_sc_areset_pipe                                                                                                                         |                1 |              1 |         1.00 |
|  BD_i/zynq_ultra_ps_e_0/inst/pl_clk0 |                                                                                                                                                                                                              | BD_i/smartconnect_0/inst/m00_nodes/m00_w_node/inst/s_sc_areset_pipe                                                                                                                           |                1 |              1 |         1.00 |
|  BD_i/zynq_ultra_ps_e_0/inst/pl_clk0 | BD_i/ChaosCoreTop_0/inst/chiptop/system/tile_prci_domain/element_reset_domain_ChaosCore_tile/core/backend/execution_engine/INT_FUs_0/ALU/FU_output/ram_ext/clock_uncore_115[0]                               | BD_i/ChaosCoreTop_0/inst/chiptop/system/chipyard_prcictrl_domain/resetSynchronizer/nodeOut_member_allClocks_uncore_reset_catcher/io_sync_reset_chain/output_chain/sync_0_reg_0                |                1 |              2 |         2.00 |
|  BD_i/zynq_ultra_ps_e_0/inst/pl_clk0 | BD_i/ChaosCoreTop_0/inst/chiptop/system/tile_prci_domain/element_reset_domain_ChaosCore_tile/core/backend/execution_engine/INT_FUs_0/ALU/FU_output/ram_ext/clock_uncore_63[0]                                | BD_i/ChaosCoreTop_0/inst/chiptop/system/chipyard_prcictrl_domain/resetSynchronizer/nodeOut_member_allClocks_uncore_reset_catcher/io_sync_reset_chain/output_chain/sync_0_reg_0                |                2 |              2 |         1.00 |
|  BD_i/zynq_ultra_ps_e_0/inst/pl_clk0 | BD_i/ChaosCoreTop_0/inst/chiptop/system/tile_prci_domain/element_reset_domain_ChaosCore_tile/core/backend/execution_engine/INT_FUs_0/ALU/FU_output/ram_ext/clock_uncore_116[0]                               | BD_i/ChaosCoreTop_0/inst/chiptop/system/chipyard_prcictrl_domain/resetSynchronizer/nodeOut_member_allClocks_uncore_reset_catcher/io_sync_reset_chain/output_chain/sync_0_reg_0                |                1 |              2 |         2.00 |
|  BD_i/zynq_ultra_ps_e_0/inst/pl_clk0 | BD_i/ChaosCoreTop_0/inst/chiptop/system/tile_prci_domain/element_reset_domain_ChaosCore_tile/core/backend/execution_engine/INT_FUs_0/ALU/FU_output/ram_ext/clock_uncore_102[0]                               | BD_i/ChaosCoreTop_0/inst/chiptop/system/chipyard_prcictrl_domain/resetSynchronizer/nodeOut_member_allClocks_uncore_reset_catcher/io_sync_reset_chain/output_chain/sync_0_reg_0                |                1 |              2 |         2.00 |
|  BD_i/zynq_ultra_ps_e_0/inst/pl_clk0 | BD_i/ChaosCoreTop_0/inst/chiptop/system/tile_prci_domain/element_reset_domain_ChaosCore_tile/core/backend/execution_engine/INT_FUs_0/ALU/FU_output/ram_ext/clock_uncore_114[0]                               | BD_i/ChaosCoreTop_0/inst/chiptop/system/chipyard_prcictrl_domain/resetSynchronizer/nodeOut_member_allClocks_uncore_reset_catcher/io_sync_reset_chain/output_chain/sync_0_reg_0                |                1 |              2 |         2.00 |
|  BD_i/zynq_ultra_ps_e_0/inst/pl_clk0 | BD_i/ChaosCoreTop_0/inst/chiptop/system/tile_prci_domain/element_reset_domain_ChaosCore_tile/core/backend/execution_engine/INT_FUs_0/ALU/FU_output/ram_ext/clock_uncore_117[0]                               | BD_i/ChaosCoreTop_0/inst/chiptop/system/chipyard_prcictrl_domain/resetSynchronizer/nodeOut_member_allClocks_uncore_reset_catcher/io_sync_reset_chain/output_chain/sync_0_reg_0                |                1 |              2 |         2.00 |
|  BD_i/zynq_ultra_ps_e_0/inst/pl_clk0 | BD_i/ChaosCoreTop_0/inst/chiptop/system/tile_prci_domain/element_reset_domain_ChaosCore_tile/core/backend/execution_engine/INT_FUs_0/ALU/FU_output/ram_ext/clock_uncore_118[0]                               | BD_i/ChaosCoreTop_0/inst/chiptop/system/chipyard_prcictrl_domain/resetSynchronizer/nodeOut_member_allClocks_uncore_reset_catcher/io_sync_reset_chain/output_chain/sync_0_reg_0                |                2 |              2 |         1.00 |
|  BD_i/zynq_ultra_ps_e_0/inst/pl_clk0 | BD_i/ChaosCoreTop_0/inst/chiptop/system/tile_prci_domain/element_reset_domain_ChaosCore_tile/core/backend/execution_engine/INT_FUs_0/ALU/FU_output/ram_ext/clock_uncore_119[0]                               | BD_i/ChaosCoreTop_0/inst/chiptop/system/chipyard_prcictrl_domain/resetSynchronizer/nodeOut_member_allClocks_uncore_reset_catcher/io_sync_reset_chain/output_chain/sync_0_reg_0                |                1 |              2 |         2.00 |
|  BD_i/zynq_ultra_ps_e_0/inst/pl_clk0 | BD_i/ChaosCoreTop_0/inst/chiptop/system/tile_prci_domain/element_reset_domain_ChaosCore_tile/core/backend/execution_engine/INT_FUs_0/ALU/FU_output/ram_ext/clock_uncore_62[0]                                | BD_i/ChaosCoreTop_0/inst/chiptop/system/chipyard_prcictrl_domain/resetSynchronizer/nodeOut_member_allClocks_uncore_reset_catcher/io_sync_reset_chain/output_chain/sync_0_reg_0                |                1 |              2 |         2.00 |
|  BD_i/zynq_ultra_ps_e_0/inst/pl_clk0 | BD_i/ChaosCoreTop_0/inst/chiptop/system/tile_prci_domain/element_reset_domain_ChaosCore_tile/core/backend/execution_engine/INT_FUs_0/ALU/FU_output/ram_ext/clock_uncore_61[0]                                | BD_i/ChaosCoreTop_0/inst/chiptop/system/chipyard_prcictrl_domain/resetSynchronizer/nodeOut_member_allClocks_uncore_reset_catcher/io_sync_reset_chain/output_chain/sync_0_reg_0                |                2 |              2 |         1.00 |
|  BD_i/zynq_ultra_ps_e_0/inst/pl_clk0 | BD_i/ChaosCoreTop_0/inst/chiptop/system/tile_prci_domain/element_reset_domain_ChaosCore_tile/core/backend/execution_engine/INT_FUs_0/ALU/FU_output/ram_ext/clock_uncore_60[0]                                | BD_i/ChaosCoreTop_0/inst/chiptop/system/chipyard_prcictrl_domain/resetSynchronizer/nodeOut_member_allClocks_uncore_reset_catcher/io_sync_reset_chain/output_chain/sync_0_reg_0                |                1 |              2 |         2.00 |
|  BD_i/zynq_ultra_ps_e_0/inst/pl_clk0 | BD_i/ChaosCoreTop_0/inst/chiptop/system/tile_prci_domain/element_reset_domain_ChaosCore_tile/dcache/mshrs/mshrs_1/lrsc_count                                                                                 | BD_i/ChaosCoreTop_0/inst/chiptop/system/tile_prci_domain/element_reset_domain_ChaosCore_tile/dcache/mshrs/mshrs_1/sync_0_reg                                                                  |                1 |              2 |         2.00 |
|  BD_i/zynq_ultra_ps_e_0/inst/pl_clk0 | BD_i/ChaosCoreTop_0/inst/chiptop/system/tile_prci_domain/element_reset_domain_ChaosCore_tile/core/backend/execution_engine/INT_FUs_0/ALU/FU_output/ram_ext/clock_uncore_59[0]                                | BD_i/ChaosCoreTop_0/inst/chiptop/system/chipyard_prcictrl_domain/resetSynchronizer/nodeOut_member_allClocks_uncore_reset_catcher/io_sync_reset_chain/output_chain/sync_0_reg_0                |                2 |              2 |         1.00 |
|  BD_i/zynq_ultra_ps_e_0/inst/pl_clk0 | BD_i/smartconnect_0/inst/s01_entry_pipeline/s01_mmu/inst/aw_reg_stall/E[0]                                                                                                                                   | BD_i/smartconnect_0/inst/s01_entry_pipeline/s01_mmu/inst/areset                                                                                                                               |                1 |              2 |         2.00 |
|  BD_i/zynq_ultra_ps_e_0/inst/pl_clk0 | BD_i/ChaosCoreTop_0/inst/chiptop/system/tile_prci_domain/element_reset_domain_ChaosCore_tile/core/backend/execution_engine/INT_FUs_0/ALU/FU_output/ram_ext/clock_uncore_58[0]                                | BD_i/ChaosCoreTop_0/inst/chiptop/system/chipyard_prcictrl_domain/resetSynchronizer/nodeOut_member_allClocks_uncore_reset_catcher/io_sync_reset_chain/output_chain/sync_0_reg_0                |                2 |              2 |         1.00 |
|  BD_i/zynq_ultra_ps_e_0/inst/pl_clk0 | BD_i/ChaosCoreTop_0/inst/chiptop/system/tile_prci_domain/element_reset_domain_ChaosCore_tile/core/backend/execution_engine/INT_FUs_0/ALU/FU_output/ram_ext/clock_uncore_57[0]                                | BD_i/ChaosCoreTop_0/inst/chiptop/system/chipyard_prcictrl_domain/resetSynchronizer/nodeOut_member_allClocks_uncore_reset_catcher/io_sync_reset_chain/output_chain/sync_0_reg_0                |                1 |              2 |         2.00 |
|  BD_i/zynq_ultra_ps_e_0/inst/pl_clk0 | BD_i/ChaosCoreTop_0/inst/chiptop/system/mbus/coupler_to_memory_controller_port_named_axi4/tl2axi4/r_holds_d0                                                                                                 | BD_i/ChaosCoreTop_0/inst/chiptop/system/chipyard_prcictrl_domain/resetSynchronizer/nodeOut_member_allClocks_uncore_reset_catcher/io_sync_reset_chain/output_chain/sync_0_reg_0                |                2 |              2 |         1.00 |
|  BD_i/zynq_ultra_ps_e_0/inst/pl_clk0 | BD_i/ChaosCoreTop_0/inst/chiptop/system/tile_prci_domain/element_reset_domain_ChaosCore_tile/core/backend/execution_engine/MOB/MOB_8_counter[1]_i_2_n_0                                                      | BD_i/ChaosCoreTop_0/inst/chiptop/system/tile_prci_domain/element_reset_domain_ChaosCore_tile/core/backend/execution_engine/MOB/MOB_8_counter[1]_i_1_n_0                                       |                1 |              2 |         2.00 |
|  BD_i/zynq_ultra_ps_e_0/inst/pl_clk0 | BD_i/ChaosCoreTop_0/inst/chiptop/system/tile_prci_domain/element_reset_domain_ChaosCore_tile/core/backend/execution_engine/MOB/MOB_7_counter[1]_i_2_n_0                                                      | BD_i/ChaosCoreTop_0/inst/chiptop/system/tile_prci_domain/element_reset_domain_ChaosCore_tile/core/backend/execution_engine/MOB/MOB_7_counter[1]_i_1_n_0                                       |                1 |              2 |         2.00 |
|  BD_i/zynq_ultra_ps_e_0/inst/pl_clk0 | BD_i/ChaosCoreTop_0/inst/chiptop/system/tile_prci_domain/element_reset_domain_ChaosCore_tile/core/backend/execution_engine/MOB/MOB_6_counter[1]_i_2_n_0                                                      | BD_i/ChaosCoreTop_0/inst/chiptop/system/tile_prci_domain/element_reset_domain_ChaosCore_tile/core/backend/execution_engine/MOB/MOB_6_counter[1]_i_1_n_0                                       |                1 |              2 |         2.00 |
|  BD_i/zynq_ultra_ps_e_0/inst/pl_clk0 | BD_i/ChaosCoreTop_0/inst/chiptop/system/tile_prci_domain/element_reset_domain_ChaosCore_tile/core/backend/execution_engine/MOB/MOB_5_counter[1]_i_2_n_0                                                      | BD_i/ChaosCoreTop_0/inst/chiptop/system/tile_prci_domain/element_reset_domain_ChaosCore_tile/core/backend/execution_engine/MOB/MOB_5_counter[1]_i_1_n_0                                       |                1 |              2 |         2.00 |
|  BD_i/zynq_ultra_ps_e_0/inst/pl_clk0 | BD_i/ChaosCoreTop_0/inst/chiptop/system/tile_prci_domain/element_reset_domain_ChaosCore_tile/dcache/mshrs/mshrs_3/rpq/acked_reg                                                                              | BD_i/ChaosCoreTop_0/inst/chiptop/system/chipyard_prcictrl_domain/resetSynchronizer/nodeOut_member_allClocks_uncore_reset_catcher/io_sync_reset_chain/output_chain/sync_0_reg_0                |                2 |              2 |         1.00 |
|  BD_i/zynq_ultra_ps_e_0/inst/pl_clk0 | BD_i/ChaosCoreTop_0/inst/chiptop/system/tile_prci_domain/element_reset_domain_ChaosCore_tile/core/backend/execution_engine/MOB/MOB_4_counter[1]_i_2_n_0                                                      | BD_i/ChaosCoreTop_0/inst/chiptop/system/tile_prci_domain/element_reset_domain_ChaosCore_tile/core/backend/execution_engine/MOB/MOB_4_counter[1]_i_1_n_0                                       |                1 |              2 |         2.00 |
|  BD_i/zynq_ultra_ps_e_0/inst/pl_clk0 | BD_i/ChaosCoreTop_0/inst/chiptop/system/fbus/buffer/nodeIn_d_q/maybe_full_reg_2[0]                                                                                                                           | BD_i/ChaosCoreTop_0/inst/chiptop/system/chipyard_prcictrl_domain/resetSynchronizer/nodeOut_member_allClocks_uncore_reset_catcher/io_sync_reset_chain/output_chain/sync_0_reg_0                |                2 |              2 |         1.00 |
|  BD_i/zynq_ultra_ps_e_0/inst/pl_clk0 | BD_i/ChaosCoreTop_0/inst/chiptop/system/mbus/buffer_1/nodeIn_d_q/E[0]                                                                                                                                        | BD_i/ChaosCoreTop_0/inst/chiptop/system/chipyard_prcictrl_domain/resetSynchronizer/nodeOut_member_allClocks_uncore_reset_catcher/io_sync_reset_chain/output_chain/sync_0_reg_0                |                1 |              2 |         2.00 |
|  BD_i/zynq_ultra_ps_e_0/inst/pl_clk0 | BD_i/ChaosCoreTop_0/inst/chiptop/system/tile_prci_domain/element_reset_domain_ChaosCore_tile/core/backend/execution_engine/MOB/MOB_3_counter[1]_i_2_n_0                                                      | BD_i/ChaosCoreTop_0/inst/chiptop/system/tile_prci_domain/element_reset_domain_ChaosCore_tile/core/backend/execution_engine/MOB/MOB_3_counter[1]_i_1_n_0                                       |                1 |              2 |         2.00 |
|  BD_i/zynq_ultra_ps_e_0/inst/pl_clk0 | BD_i/ChaosCoreTop_0/inst/chiptop/system/tile_prci_domain/element_reset_domain_ChaosCore_tile/core/backend/execution_engine/MOB/MOB_9_counter[1]_i_2_n_0                                                      | BD_i/ChaosCoreTop_0/inst/chiptop/system/tile_prci_domain/element_reset_domain_ChaosCore_tile/core/backend/execution_engine/MOB/MOB_9_counter[1]_i_1_n_0                                       |                1 |              2 |         2.00 |
|  BD_i/zynq_ultra_ps_e_0/inst/pl_clk0 | BD_i/ChaosCoreTop_0/inst/chiptop/system/tile_prci_domain/element_reset_domain_ChaosCore_tile/core/backend/execution_engine/MOB/MOB_2_counter[1]_i_2_n_0                                                      | BD_i/ChaosCoreTop_0/inst/chiptop/system/tile_prci_domain/element_reset_domain_ChaosCore_tile/core/backend/execution_engine/MOB/MOB_2_counter[1]_i_1_n_0                                       |                1 |              2 |         2.00 |
|  BD_i/zynq_ultra_ps_e_0/inst/pl_clk0 | BD_i/ChaosCoreTop_0/inst/chiptop/system/tile_prci_domain/element_reset_domain_ChaosCore_tile/core/backend/execution_engine/MOB/MOB_1_counter[1]_i_2_n_0                                                      | BD_i/ChaosCoreTop_0/inst/chiptop/system/tile_prci_domain/element_reset_domain_ChaosCore_tile/core/backend/execution_engine/MOB/MOB_1_counter[1]_i_1_n_0                                       |                1 |              2 |         2.00 |
|  BD_i/zynq_ultra_ps_e_0/inst/pl_clk0 | BD_i/ChaosCoreTop_0/inst/chiptop/system/tile_prci_domain/element_reset_domain_ChaosCore_tile/core/backend/execution_engine/MOB/MOB_15_counter[1]_i_2_n_0                                                     | BD_i/ChaosCoreTop_0/inst/chiptop/system/tile_prci_domain/element_reset_domain_ChaosCore_tile/core/backend/execution_engine/MOB/MOB_15_counter[1]_i_1_n_0                                      |                1 |              2 |         2.00 |
|  BD_i/zynq_ultra_ps_e_0/inst/pl_clk0 | BD_i/ChaosCoreTop_0/inst/chiptop/system/tile_prci_domain/element_reset_domain_ChaosCore_tile/core/backend/execution_engine/MOB/MOB_14_counter[1]_i_2_n_0                                                     | BD_i/ChaosCoreTop_0/inst/chiptop/system/tile_prci_domain/element_reset_domain_ChaosCore_tile/core/backend/execution_engine/MOB/MOB_14_counter[1]_i_1_n_0                                      |                1 |              2 |         2.00 |
|  BD_i/zynq_ultra_ps_e_0/inst/pl_clk0 | BD_i/axi_smc/inst/m01_exit_pipeline/m01_exit/inst/splitter_inst/gen_axi4lite.axilite_conv/s_axi_rvalid_i                                                                                                     | BD_i/axi_smc/inst/m01_exit_pipeline/m01_exit/inst/areset                                                                                                                                      |                1 |              2 |         2.00 |
|  BD_i/zynq_ultra_ps_e_0/inst/pl_clk0 | BD_i/ChaosCoreTop_0/inst/chiptop/system/tile_prci_domain/element_reset_domain_ChaosCore_tile/core/backend/execution_engine/MOB/MOB_13_counter[1]_i_2_n_0                                                     | BD_i/ChaosCoreTop_0/inst/chiptop/system/tile_prci_domain/element_reset_domain_ChaosCore_tile/core/backend/execution_engine/MOB/MOB_13_counter[1]_i_1_n_0                                      |                1 |              2 |         2.00 |
|  BD_i/zynq_ultra_ps_e_0/inst/pl_clk0 | BD_i/ChaosCoreTop_0/inst/chiptop/system/tile_prci_domain/element_reset_domain_ChaosCore_tile/core/backend/execution_engine/MOB/MOB_12_counter[1]_i_2_n_0                                                     | BD_i/ChaosCoreTop_0/inst/chiptop/system/tile_prci_domain/element_reset_domain_ChaosCore_tile/core/backend/execution_engine/MOB/MOB_12_counter[1]_i_1_n_0                                      |                1 |              2 |         2.00 |
|  BD_i/zynq_ultra_ps_e_0/inst/pl_clk0 | BD_i/ChaosCoreTop_0/inst/chiptop/system/tile_prci_domain/element_reset_domain_ChaosCore_tile/core/backend/execution_engine/MOB/MOB_11_counter[1]_i_2_n_0                                                     | BD_i/ChaosCoreTop_0/inst/chiptop/system/tile_prci_domain/element_reset_domain_ChaosCore_tile/core/backend/execution_engine/MOB/MOB_11_counter[1]_i_1_n_0                                      |                1 |              2 |         2.00 |
|  BD_i/zynq_ultra_ps_e_0/inst/pl_clk0 | BD_i/ChaosCoreTop_0/inst/chiptop/system/tile_prci_domain/element_reset_domain_ChaosCore_tile/dcache/mshrs/mmios_0/state[1]_i_2__4_n_0                                                                        | BD_i/ChaosCoreTop_0/inst/chiptop/system/tile_prci_domain/element_reset_domain_ChaosCore_tile/dcache/mshrs/mmios_0/state[1]                                                                    |                1 |              2 |         2.00 |
|  BD_i/zynq_ultra_ps_e_0/inst/pl_clk0 | BD_i/ChaosCoreTop_0/inst/chiptop/system/tile_prci_domain/element_reset_domain_ChaosCore_tile/core/backend/execution_engine/INT_FUs_0/ALU/FU_output/ram_ext/clock_uncore_105[0]                               | BD_i/ChaosCoreTop_0/inst/chiptop/system/chipyard_prcictrl_domain/resetSynchronizer/nodeOut_member_allClocks_uncore_reset_catcher/io_sync_reset_chain/output_chain/sync_0_reg_0                |                2 |              2 |         1.00 |
|  BD_i/zynq_ultra_ps_e_0/inst/pl_clk0 | BD_i/ChaosCoreTop_0/inst/chiptop/system/tile_prci_domain/element_reset_domain_ChaosCore_tile/core/backend/execution_engine/INT_FUs_0/ALU/FU_output/ram_ext/clock_uncore_112[0]                               | BD_i/ChaosCoreTop_0/inst/chiptop/system/chipyard_prcictrl_domain/resetSynchronizer/nodeOut_member_allClocks_uncore_reset_catcher/io_sync_reset_chain/output_chain/sync_0_reg_0                |                2 |              2 |         1.00 |
|  BD_i/zynq_ultra_ps_e_0/inst/pl_clk0 | BD_i/ChaosCoreTop_0/inst/chiptop/system/tile_prci_domain/element_reset_domain_ChaosCore_tile/dcache/mshrs/mshrs_2/rpq/rst_cnt_reg[6]_inv                                                                     | BD_i/ChaosCoreTop_0/inst/chiptop/system/chipyard_prcictrl_domain/resetSynchronizer/nodeOut_member_allClocks_uncore_reset_catcher/io_sync_reset_chain/output_chain/sync_0_reg_0                |                2 |              2 |         1.00 |
|  BD_i/zynq_ultra_ps_e_0/inst/pl_clk0 | BD_i/ChaosCoreTop_0/inst/chiptop/system/tile_prci_domain/element_reset_domain_ChaosCore_tile/core/backend/execution_engine/INT_FUs_0/ALU/FU_output/ram_ext/clock_uncore_111[0]                               | BD_i/ChaosCoreTop_0/inst/chiptop/system/chipyard_prcictrl_domain/resetSynchronizer/nodeOut_member_allClocks_uncore_reset_catcher/io_sync_reset_chain/output_chain/sync_0_reg_0                |                2 |              2 |         1.00 |
|  BD_i/zynq_ultra_ps_e_0/inst/pl_clk0 | BD_i/ChaosCoreTop_0/inst/chiptop/system/tile_prci_domain/element_reset_domain_ChaosCore_tile/dcache/mshrs/mshrs_2/rpq/E[0]                                                                                   | BD_i/ChaosCoreTop_0/inst/chiptop/system/chipyard_prcictrl_domain/resetSynchronizer/nodeOut_member_allClocks_uncore_reset_catcher/io_sync_reset_chain/output_chain/sync_0_reg_0                |                2 |              2 |         1.00 |
|  BD_i/zynq_ultra_ps_e_0/inst/pl_clk0 | BD_i/ChaosCoreTop_0/inst/chiptop/system/tile_prci_domain/element_reset_domain_ChaosCore_tile/core/backend/execution_engine/INT_FUs_0/ALU/FU_output/ram_ext/clock_uncore_110[0]                               | BD_i/ChaosCoreTop_0/inst/chiptop/system/chipyard_prcictrl_domain/resetSynchronizer/nodeOut_member_allClocks_uncore_reset_catcher/io_sync_reset_chain/output_chain/sync_0_reg_0                |                1 |              2 |         2.00 |
|  BD_i/zynq_ultra_ps_e_0/inst/pl_clk0 | BD_i/ChaosCoreTop_0/inst/chiptop/system/tile_prci_domain/element_reset_domain_ChaosCore_tile/core/backend/execution_engine/INT_FUs_0/ALU/FU_output/ram_ext/clock_uncore_109[0]                               | BD_i/ChaosCoreTop_0/inst/chiptop/system/chipyard_prcictrl_domain/resetSynchronizer/nodeOut_member_allClocks_uncore_reset_catcher/io_sync_reset_chain/output_chain/sync_0_reg_0                |                2 |              2 |         1.00 |
|  BD_i/zynq_ultra_ps_e_0/inst/pl_clk0 | BD_i/ChaosCoreTop_0/inst/chiptop/system/tile_prci_domain/element_reset_domain_ChaosCore_tile/core/backend/execution_engine/INT_FUs_0/ALU/FU_output/ram_ext/clock_uncore_108[0]                               | BD_i/ChaosCoreTop_0/inst/chiptop/system/chipyard_prcictrl_domain/resetSynchronizer/nodeOut_member_allClocks_uncore_reset_catcher/io_sync_reset_chain/output_chain/sync_0_reg_0                |                2 |              2 |         1.00 |
|  BD_i/zynq_ultra_ps_e_0/inst/pl_clk0 | BD_i/ChaosCoreTop_0/inst/chiptop/system/tile_prci_domain/element_reset_domain_ChaosCore_tile/core/backend/execution_engine/INT_FUs_0/ALU/FU_output/ram_ext/clock_uncore_107[0]                               | BD_i/ChaosCoreTop_0/inst/chiptop/system/chipyard_prcictrl_domain/resetSynchronizer/nodeOut_member_allClocks_uncore_reset_catcher/io_sync_reset_chain/output_chain/sync_0_reg_0                |                2 |              2 |         1.00 |
|  BD_i/zynq_ultra_ps_e_0/inst/pl_clk0 | BD_i/ChaosCoreTop_0/inst/chiptop/system/tile_prci_domain/element_reset_domain_ChaosCore_tile/core/backend/execution_engine/INT_FUs_0/ALU/FU_output/ram_ext/clock_uncore_106[0]                               | BD_i/ChaosCoreTop_0/inst/chiptop/system/chipyard_prcictrl_domain/resetSynchronizer/nodeOut_member_allClocks_uncore_reset_catcher/io_sync_reset_chain/output_chain/sync_0_reg_0                |                2 |              2 |         1.00 |
|  BD_i/zynq_ultra_ps_e_0/inst/pl_clk0 | BD_i/ChaosCoreTop_0/inst/chiptop/system/tile_prci_domain/element_reset_domain_ChaosCore_tile/core/backend/execution_engine/INT_FUs_0/ALU/FU_output/ram_ext/clock_uncore_113[0]                               | BD_i/ChaosCoreTop_0/inst/chiptop/system/chipyard_prcictrl_domain/resetSynchronizer/nodeOut_member_allClocks_uncore_reset_catcher/io_sync_reset_chain/output_chain/sync_0_reg_0                |                1 |              2 |         2.00 |
|  BD_i/zynq_ultra_ps_e_0/inst/pl_clk0 | BD_i/ChaosCoreTop_0/inst/chiptop/system/tile_prci_domain/element_reset_domain_ChaosCore_tile/core/backend/execution_engine/INT_FUs_0/ALU/FU_output/ram_ext/clock_uncore_104[0]                               | BD_i/ChaosCoreTop_0/inst/chiptop/system/chipyard_prcictrl_domain/resetSynchronizer/nodeOut_member_allClocks_uncore_reset_catcher/io_sync_reset_chain/output_chain/sync_0_reg_0                |                2 |              2 |         1.00 |
|  BD_i/zynq_ultra_ps_e_0/inst/pl_clk0 | BD_i/ChaosCoreTop_0/inst/chiptop/system/tile_prci_domain/element_reset_domain_ChaosCore_tile/core/backend/execution_engine/INT_FUs_0/ALU/FU_output/ram_ext/clock_uncore_103[0]                               | BD_i/ChaosCoreTop_0/inst/chiptop/system/chipyard_prcictrl_domain/resetSynchronizer/nodeOut_member_allClocks_uncore_reset_catcher/io_sync_reset_chain/output_chain/sync_0_reg_0                |                2 |              2 |         1.00 |
|  BD_i/zynq_ultra_ps_e_0/inst/pl_clk0 | BD_i/ChaosCoreTop_0/inst/chiptop/system/tile_prci_domain/element_reset_domain_ChaosCore_tile/core/backend/execution_engine/INT_FUs_0/ALU/FU_output/ram_ext/clock_uncore_77[0]                                | BD_i/ChaosCoreTop_0/inst/chiptop/system/chipyard_prcictrl_domain/resetSynchronizer/nodeOut_member_allClocks_uncore_reset_catcher/io_sync_reset_chain/output_chain/sync_0_reg_0                |                1 |              2 |         2.00 |
|  BD_i/zynq_ultra_ps_e_0/inst/pl_clk0 | BD_i/ChaosCoreTop_0/inst/chiptop/system/tile_prci_domain/element_reset_domain_ChaosCore_tile/core/backend/execution_engine/INT_FUs_0/ALU/FU_output/ram_ext/clock_uncore_101[0]                               | BD_i/ChaosCoreTop_0/inst/chiptop/system/chipyard_prcictrl_domain/resetSynchronizer/nodeOut_member_allClocks_uncore_reset_catcher/io_sync_reset_chain/output_chain/sync_0_reg_0                |                2 |              2 |         1.00 |
|  BD_i/zynq_ultra_ps_e_0/inst/pl_clk0 | BD_i/ChaosCoreTop_0/inst/chiptop/system/tile_prci_domain/element_reset_domain_ChaosCore_tile/core/backend/execution_engine/INT_FUs_0/ALU/FU_output/ram_ext/clock_uncore_100[0]                               | BD_i/ChaosCoreTop_0/inst/chiptop/system/chipyard_prcictrl_domain/resetSynchronizer/nodeOut_member_allClocks_uncore_reset_catcher/io_sync_reset_chain/output_chain/sync_0_reg_0                |                2 |              2 |         1.00 |
|  BD_i/zynq_ultra_ps_e_0/inst/pl_clk0 | BD_i/axi_smc/inst/s00_entry_pipeline/s00_si_converter/inst/gen_normal.splitter_inst/gen_wsplitter.gen_wthread_loop[0].b_split_fifo/gen_wsplitter.accum_bresp                                                 | BD_i/axi_smc/inst/s00_entry_pipeline/s00_si_converter/inst/gen_normal.splitter_inst/gen_wsplitter.gen_wthread_loop[0].b_split_fifo/SR[0]                                                      |                1 |              2 |         2.00 |
|  BD_i/zynq_ultra_ps_e_0/inst/pl_clk0 | BD_i/axi_smc/inst/s00_entry_pipeline/s00_si_converter/inst/gen_normal.splitter_inst/gen_wsplitter.wsplit_first_offset_fifo/gen_srls[3].srl_nx1/shift_qual                                                    |                                                                                                                                                                                               |                1 |              2 |         2.00 |
|  BD_i/zynq_ultra_ps_e_0/inst/pl_clk0 | BD_i/ChaosCoreTop_0/inst/chiptop/system/tile_prci_domain/element_reset_domain_ChaosCore_tile/core/backend/execution_engine/INT_FUs_1/CSR/mstatus_reg_MPP[1]_i_1_n_0                                          | BD_i/ChaosCoreTop_0/inst/chiptop/system/chipyard_prcictrl_domain/resetSynchronizer/nodeOut_member_allClocks_uncore_reset_catcher/io_sync_reset_chain/output_chain/sync_0_reg_0                |                1 |              2 |         2.00 |
|  BD_i/zynq_ultra_ps_e_0/inst/pl_clk0 | BD_i/axi_smc/inst/s00_entry_pipeline/s00_mmu/inst/wroute_vacancy                                                                                                                                             |                                                                                                                                                                                               |                1 |              2 |         2.00 |
|  BD_i/zynq_ultra_ps_e_0/inst/pl_clk0 | BD_i/axi_smc/inst/s00_entry_pipeline/s00_si_converter/inst/converter.wrap_narrow_inst/w_payld_fifo/s_ready_i_reg_1[0]                                                                                        |                                                                                                                                                                                               |                1 |              2 |         2.00 |
|  BD_i/zynq_ultra_ps_e_0/inst/pl_clk0 | BD_i/ChaosCoreTop_0/inst/chiptop/system/coh_wrapper/l2/inclusive_cache_bank_sched/mshrs_5/E[0]                                                                                                               |                                                                                                                                                                                               |                2 |              2 |         1.00 |
|  BD_i/zynq_ultra_ps_e_0/inst/pl_clk0 | BD_i/ChaosCoreTop_0/inst/chiptop/system/coh_wrapper/l2/inclusive_cache_bank_sched/mshrs_5/s_release_reg_1[0]                                                                                                 |                                                                                                                                                                                               |                2 |              2 |         1.00 |
|  BD_i/zynq_ultra_ps_e_0/inst/pl_clk0 | BD_i/ChaosCoreTop_0/inst/chiptop/system/coh_wrapper/l2/inclusive_cache_bank_sched/mshrs_5/s_release_reg_2[0]                                                                                                 |                                                                                                                                                                                               |                2 |              2 |         1.00 |
|  BD_i/zynq_ultra_ps_e_0/inst/pl_clk0 | BD_i/ChaosCoreTop_0/inst/chiptop/system/coh_wrapper/l2/inclusive_cache_bank_sched/mshrs_5/s_release_reg_3[0]                                                                                                 |                                                                                                                                                                                               |                2 |              2 |         1.00 |
|  BD_i/zynq_ultra_ps_e_0/inst/pl_clk0 | BD_i/ChaosCoreTop_0/inst/chiptop/system/coh_wrapper/l2/inclusive_cache_bank_sched/mshrs_5/s_release_reg_4[0]                                                                                                 |                                                                                                                                                                                               |                2 |              2 |         1.00 |
|  BD_i/zynq_ultra_ps_e_0/inst/pl_clk0 | BD_i/ChaosCoreTop_0/inst/chiptop/system/coh_wrapper/l2/inclusive_cache_bank_sched/mshrs_5/s_release_reg_5[0]                                                                                                 |                                                                                                                                                                                               |                2 |              2 |         1.00 |
|  BD_i/zynq_ultra_ps_e_0/inst/pl_clk0 | BD_i/axi_smc/inst/s00_entry_pipeline/s00_mmu/inst/gen_wroute_reg.wroute_split/E[0]                                                                                                                           | BD_i/axi_smc/inst/s00_entry_pipeline/s00_mmu/inst/areset                                                                                                                                      |                2 |              2 |         1.00 |
|  BD_i/zynq_ultra_ps_e_0/inst/pl_clk0 | BD_i/axi_smc/inst/m00_exit_pipeline/m00_exit/inst/exit_inst/gen_r_cmd_reg.s_read_cmd_vacancy_i_reg_0                                                                                                         |                                                                                                                                                                                               |                1 |              2 |         2.00 |
|  BD_i/zynq_ultra_ps_e_0/inst/pl_clk0 | BD_i/axi_smc/inst/m00_exit_pipeline/m00_exit/inst/exit_inst/gen_w_cmd_reg.s_write_cmd_vacancy_i_reg_0                                                                                                        |                                                                                                                                                                                               |                1 |              2 |         2.00 |
|  BD_i/zynq_ultra_ps_e_0/inst/pl_clk0 | BD_i/ChaosCoreTop_0/inst/chiptop/system/coh_wrapper/l2/inclusive_cache_bank_sched/mshrs_5/meta_state[1]_i_1_n_0                                                                                              |                                                                                                                                                                                               |                2 |              2 |         1.00 |
|  BD_i/zynq_ultra_ps_e_0/inst/pl_clk0 | BD_i/axi_smc/inst/m00_exit_pipeline/m00_exit/inst/splitter_inst/gen_axi4lite.axilite_conv/b_cnt                                                                                                              | BD_i/axi_smc/inst/m00_exit_pipeline/m00_exit/inst/areset                                                                                                                                      |                1 |              2 |         2.00 |
|  BD_i/zynq_ultra_ps_e_0/inst/pl_clk0 | BD_i/axi_smc/inst/m00_exit_pipeline/m00_exit/inst/splitter_inst/gen_axi4lite.axilite_conv/E[0]                                                                                                               | BD_i/axi_smc/inst/m00_exit_pipeline/m00_exit/inst/splitter_inst/gen_axi4lite.axilite_conv/s_axi_bresp_i[1]_i_1_n_0                                                                            |                1 |              2 |         2.00 |
|  BD_i/zynq_ultra_ps_e_0/inst/pl_clk0 | BD_i/axi_smc/inst/m00_exit_pipeline/m00_exit/inst/splitter_inst/gen_axi4lite.axilite_conv/s_axi_rvalid_i                                                                                                     | BD_i/axi_smc/inst/m00_exit_pipeline/m00_exit/inst/areset                                                                                                                                      |                1 |              2 |         2.00 |
|  BD_i/zynq_ultra_ps_e_0/inst/pl_clk0 | BD_i/axi_smc/inst/m00_exit_pipeline/m00_exit/inst/splitter_inst/gen_axi4lite.axilite_conv/r_state                                                                                                            | BD_i/axi_smc/inst/m00_exit_pipeline/m00_exit/inst/areset                                                                                                                                      |                1 |              2 |         2.00 |
|  BD_i/zynq_ultra_ps_e_0/inst/pl_clk0 | BD_i/ChaosCoreTop_0/inst/chiptop/system/tile_prci_domain/element_reset_domain_ChaosCore_tile/core/backend/execution_engine/INT_FUs_0/ALU/FU_output/ram_ext/LVTTable_64[1]_i_6[0]                             | BD_i/ChaosCoreTop_0/inst/chiptop/system/chipyard_prcictrl_domain/resetSynchronizer/nodeOut_member_allClocks_uncore_reset_catcher/io_sync_reset_chain/output_chain/sync_0_reg_0                |                1 |              2 |         2.00 |
|  BD_i/zynq_ultra_ps_e_0/inst/pl_clk0 | BD_i/ChaosCoreTop_0/inst/chiptop/system/tile_prci_domain/element_reset_domain_ChaosCore_tile/core/backend/execution_engine/INT_FUs_0/ALU/FU_output/ram_ext/LVTTable_0[1]_i_4[0]                              | BD_i/ChaosCoreTop_0/inst/chiptop/system/chipyard_prcictrl_domain/resetSynchronizer/nodeOut_member_allClocks_uncore_reset_catcher/io_sync_reset_chain/output_chain/sync_0_reg_0                |                1 |              2 |         2.00 |
|  BD_i/zynq_ultra_ps_e_0/inst/pl_clk0 | BD_i/smartconnect_0/inst/s01_entry_pipeline/s01_si_converter/inst/converter.wrap_narrow_inst/gen_thread_loop[0].r_payld_fifo/areset_reg                                                                      |                                                                                                                                                                                               |                1 |              2 |         2.00 |
|  BD_i/zynq_ultra_ps_e_0/inst/pl_clk0 | BD_i/ChaosCoreTop_0/inst/chiptop/system/tile_prci_domain/element_reset_domain_ChaosCore_tile/core/backend/execution_engine/INT_FUs_0/ALU/FU_output/ram_ext/clock_uncore_99[0]                                | BD_i/ChaosCoreTop_0/inst/chiptop/system/chipyard_prcictrl_domain/resetSynchronizer/nodeOut_member_allClocks_uncore_reset_catcher/io_sync_reset_chain/output_chain/sync_0_reg_0                |                1 |              2 |         2.00 |
|  BD_i/zynq_ultra_ps_e_0/inst/pl_clk0 | BD_i/ChaosCoreTop_0/inst/chiptop/system/coh_wrapper/l2/inclusive_cache_bank_sched/sinkD/d_q/ram_ext/w_grant_5                                                                                                | BD_i/ChaosCoreTop_0/inst/chiptop/system/chipyard_prcictrl_domain/resetSynchronizer/nodeOut_member_allClocks_uncore_reset_catcher/io_sync_reset_chain/output_chain/sync_0_reg_0                |                2 |              2 |         1.00 |
|  BD_i/zynq_ultra_ps_e_0/inst/pl_clk0 | BD_i/ChaosCoreTop_0/inst/chiptop/system/pbus/buffer/nodeIn_d_q/maybe_full_reg_2[0]                                                                                                                           | BD_i/ChaosCoreTop_0/inst/chiptop/system/chipyard_prcictrl_domain/resetSynchronizer/nodeOut_member_allClocks_uncore_reset_catcher/io_sync_reset_chain/output_chain/sync_0_reg_0                |                1 |              2 |         2.00 |
|  BD_i/zynq_ultra_ps_e_0/inst/pl_clk0 | BD_i/ChaosCoreTop_0/inst/chiptop/system/pbus/coupler_to_device_named_uart_0/fragmenter/repeater/ie_rxwm0                                                                                                     | BD_i/ChaosCoreTop_0/inst/chiptop/system/chipyard_prcictrl_domain/resetSynchronizer/nodeOut_member_allClocks_uncore_reset_catcher/io_sync_reset_chain/output_chain/sync_0_reg_0                |                1 |              2 |         2.00 |
|  BD_i/zynq_ultra_ps_e_0/inst/pl_clk0 | BD_i/ChaosCoreTop_0/inst/chiptop/system/pbus/coupler_to_device_named_uart_0/fragmenter/repeater/txen0                                                                                                        | BD_i/ChaosCoreTop_0/inst/chiptop/system/chipyard_prcictrl_domain/resetSynchronizer/nodeOut_member_allClocks_uncore_reset_catcher/io_sync_reset_chain/output_chain/sync_0_reg_0                |                1 |              2 |         2.00 |
|  BD_i/zynq_ultra_ps_e_0/inst/pl_clk0 | BD_i/ChaosCoreTop_0/inst/chiptop/system/sbus/coupler_to_port_named_mmio_port_axi4/tl2axi4/r_holds_d0                                                                                                         | BD_i/ChaosCoreTop_0/inst/chiptop/system/chipyard_prcictrl_domain/resetSynchronizer/nodeOut_member_allClocks_uncore_reset_catcher/io_sync_reset_chain/output_chain/sync_0_reg_0                |                2 |              2 |         1.00 |
|  BD_i/zynq_ultra_ps_e_0/inst/pl_clk0 | BD_i/ChaosCoreTop_0/inst/chiptop/system/sbus/system_bus_xbar/readys_mask[1]_i_1__4_n_0                                                                                                                       | BD_i/ChaosCoreTop_0/inst/chiptop/system/chipyard_prcictrl_domain/resetSynchronizer/nodeOut_member_allClocks_uncore_reset_catcher/io_sync_reset_chain/output_chain/sync_0_reg_0                |                1 |              2 |         2.00 |
|  BD_i/zynq_ultra_ps_e_0/inst/pl_clk0 | BD_i/ChaosCoreTop_0/inst/chiptop/system/sbus/system_bus_xbar/readys_mask_4[1]_i_1_n_0                                                                                                                        | BD_i/ChaosCoreTop_0/inst/chiptop/system/chipyard_prcictrl_domain/resetSynchronizer/nodeOut_member_allClocks_uncore_reset_catcher/io_sync_reset_chain/output_chain/sync_0_reg_0                |                1 |              2 |         2.00 |
|  BD_i/zynq_ultra_ps_e_0/inst/pl_clk0 | BD_i/ChaosCoreTop_0/inst/chiptop/system/tile_prci_domain/buffer/nodeIn_d_q/ram_ext/clock_uncore_4                                                                                                            | BD_i/ChaosCoreTop_0/inst/chiptop/system/chipyard_prcictrl_domain/resetSynchronizer/nodeOut_member_allClocks_uncore_reset_catcher/io_sync_reset_chain/output_chain/sync_0_reg_0                |                2 |              2 |         1.00 |
|  BD_i/zynq_ultra_ps_e_0/inst/pl_clk0 | BD_i/ChaosCoreTop_0/inst/chiptop/system/coh_wrapper/l2/inclusive_cache_bank_sched/sinkD/d_q/ram_ext/w_grant                                                                                                  | BD_i/ChaosCoreTop_0/inst/chiptop/system/chipyard_prcictrl_domain/resetSynchronizer/nodeOut_member_allClocks_uncore_reset_catcher/io_sync_reset_chain/output_chain/sync_0_reg_0                |                1 |              2 |         2.00 |
|  BD_i/zynq_ultra_ps_e_0/inst/pl_clk0 | BD_i/ChaosCoreTop_0/inst/chiptop/system/coh_wrapper/l2/inclusive_cache_bank_sched/sinkD/d_q/ram_ext/w_grant_4                                                                                                | BD_i/ChaosCoreTop_0/inst/chiptop/system/chipyard_prcictrl_domain/resetSynchronizer/nodeOut_member_allClocks_uncore_reset_catcher/io_sync_reset_chain/output_chain/sync_0_reg_0                |                2 |              2 |         1.00 |
|  BD_i/zynq_ultra_ps_e_0/inst/pl_clk0 | BD_i/ChaosCoreTop_0/inst/chiptop/system/tile_prci_domain/element_reset_domain_ChaosCore_tile/core/backend/execution_engine/INT_FUs_0/ALU/FU_output/ram_ext/clock_uncore_98[0]                                | BD_i/ChaosCoreTop_0/inst/chiptop/system/chipyard_prcictrl_domain/resetSynchronizer/nodeOut_member_allClocks_uncore_reset_catcher/io_sync_reset_chain/output_chain/sync_0_reg_0                |                1 |              2 |         2.00 |
|  BD_i/zynq_ultra_ps_e_0/inst/pl_clk0 | BD_i/ChaosCoreTop_0/inst/chiptop/system/coh_wrapper/l2/inclusive_cache_bank_sched/sinkD/d_q/ram_ext/w_grant_6                                                                                                | BD_i/ChaosCoreTop_0/inst/chiptop/system/chipyard_prcictrl_domain/resetSynchronizer/nodeOut_member_allClocks_uncore_reset_catcher/io_sync_reset_chain/output_chain/sync_0_reg_0                |                2 |              2 |         1.00 |
|  BD_i/zynq_ultra_ps_e_0/inst/pl_clk0 | BD_i/ChaosCoreTop_0/inst/chiptop/system/coh_wrapper/l2/inclusive_cache_bank_sched/sinkD/d_q/ram_ext/w_grant_7                                                                                                | BD_i/ChaosCoreTop_0/inst/chiptop/system/chipyard_prcictrl_domain/resetSynchronizer/nodeOut_member_allClocks_uncore_reset_catcher/io_sync_reset_chain/output_chain/sync_0_reg_0                |                1 |              2 |         2.00 |
|  BD_i/zynq_ultra_ps_e_0/inst/pl_clk0 | BD_i/ChaosCoreTop_0/inst/chiptop/system/coh_wrapper/l2/inclusive_cache_bank_sched/sinkD/d_q/ram_ext/w_grant_8                                                                                                | BD_i/ChaosCoreTop_0/inst/chiptop/system/chipyard_prcictrl_domain/resetSynchronizer/nodeOut_member_allClocks_uncore_reset_catcher/io_sync_reset_chain/output_chain/sync_0_reg_0                |                1 |              2 |         2.00 |
|  BD_i/zynq_ultra_ps_e_0/inst/pl_clk0 | BD_i/ChaosCoreTop_0/inst/chiptop/system/tile_prci_domain/element_reset_domain_ChaosCore_tile/dcache/mshrs/mshrs_0/grantackq/state_0_reg                                                                      | BD_i/ChaosCoreTop_0/inst/chiptop/system/chipyard_prcictrl_domain/resetSynchronizer/nodeOut_member_allClocks_uncore_reset_catcher/io_sync_reset_chain/output_chain/sync_0_reg_0                |                1 |              2 |         2.00 |
|  BD_i/zynq_ultra_ps_e_0/inst/pl_clk0 | BD_i/ChaosCoreTop_0/inst/chiptop/system/coh_wrapper/l2/inclusive_cache_bank_sched/sourceD/queue/do_enq                                                                                                       | BD_i/ChaosCoreTop_0/inst/chiptop/system/chipyard_prcictrl_domain/resetSynchronizer/nodeOut_member_allClocks_uncore_reset_catcher/io_sync_reset_chain/output_chain/sync_0_reg_0                |                1 |              2 |         2.00 |
|  BD_i/zynq_ultra_ps_e_0/inst/pl_clk0 | BD_i/ChaosCoreTop_0/inst/chiptop/system/coh_wrapper/l2/inclusive_cache_bank_sched/sourceD/queue/deq_ptr_value[1]_i_1__24_n_0                                                                                 | BD_i/ChaosCoreTop_0/inst/chiptop/system/chipyard_prcictrl_domain/resetSynchronizer/nodeOut_member_allClocks_uncore_reset_catcher/io_sync_reset_chain/output_chain/sync_0_reg_0                |                1 |              2 |         2.00 |
|  BD_i/zynq_ultra_ps_e_0/inst/pl_clk0 | BD_i/axi_smc/inst/m01_exit_pipeline/m01_exit/inst/exit_inst/gen_r_cmd_reg.s_read_cmd_vacancy_i_reg_0                                                                                                         |                                                                                                                                                                                               |                1 |              2 |         2.00 |
|  BD_i/zynq_ultra_ps_e_0/inst/pl_clk0 | BD_i/ChaosCoreTop_0/inst/chiptop/system/coh_wrapper/l2/inclusive_cache_bank_sched/sinkC/c_q/ram_ext/w_grant                                                                                                  | BD_i/ChaosCoreTop_0/inst/chiptop/system/chipyard_prcictrl_domain/resetSynchronizer/nodeOut_member_allClocks_uncore_reset_catcher/io_sync_reset_chain/output_chain/sync_0_reg_0                |                2 |              2 |         1.00 |
|  BD_i/zynq_ultra_ps_e_0/inst/pl_clk0 | BD_i/ChaosCoreTop_0/inst/chiptop/system/tile_prci_domain/element_reset_domain_ChaosCore_tile/core/backend/execution_engine/INT_FUs_0/ALU/FU_output/ram_ext/clock_uncore_72[0]                                | BD_i/ChaosCoreTop_0/inst/chiptop/system/chipyard_prcictrl_domain/resetSynchronizer/nodeOut_member_allClocks_uncore_reset_catcher/io_sync_reset_chain/output_chain/sync_0_reg_0                |                1 |              2 |         2.00 |
|  BD_i/zynq_ultra_ps_e_0/inst/pl_clk0 | BD_i/ChaosCoreTop_0/inst/chiptop/system/tile_prci_domain/element_reset_domain_ChaosCore_tile/core/backend/execution_engine/INT_FUs_0/ALU/FU_output/ram_ext/clock_uncore_80[0]                                | BD_i/ChaosCoreTop_0/inst/chiptop/system/chipyard_prcictrl_domain/resetSynchronizer/nodeOut_member_allClocks_uncore_reset_catcher/io_sync_reset_chain/output_chain/sync_0_reg_0                |                1 |              2 |         2.00 |
|  BD_i/zynq_ultra_ps_e_0/inst/pl_clk0 | BD_i/ChaosCoreTop_0/inst/chiptop/system/tile_prci_domain/element_reset_domain_ChaosCore_tile/core/backend/execution_engine/INT_FUs_0/ALU/FU_output/ram_ext/clock_uncore_79[0]                                | BD_i/ChaosCoreTop_0/inst/chiptop/system/chipyard_prcictrl_domain/resetSynchronizer/nodeOut_member_allClocks_uncore_reset_catcher/io_sync_reset_chain/output_chain/sync_0_reg_0                |                1 |              2 |         2.00 |
|  BD_i/zynq_ultra_ps_e_0/inst/pl_clk0 | BD_i/ChaosCoreTop_0/inst/chiptop/system/tile_prci_domain/element_reset_domain_ChaosCore_tile/core/backend/execution_engine/INT_FUs_0/ALU/FU_output/ram_ext/clock_uncore_78[0]                                | BD_i/ChaosCoreTop_0/inst/chiptop/system/chipyard_prcictrl_domain/resetSynchronizer/nodeOut_member_allClocks_uncore_reset_catcher/io_sync_reset_chain/output_chain/sync_0_reg_0                |                1 |              2 |         2.00 |
|  BD_i/zynq_ultra_ps_e_0/inst/pl_clk0 |                                                                                                                                                                                                              | BD_i/smartconnect_0/inst/s00_nodes/s00_ar_node/inst/inst_mi_handler/areset_r                                                                                                                  |                2 |              2 |         1.00 |
|  BD_i/zynq_ultra_ps_e_0/inst/pl_clk0 | BD_i/ChaosCoreTop_0/inst/chiptop/system/tile_prci_domain/element_reset_domain_ChaosCore_tile/core/backend/execution_engine/INT_FUs_0/ALU/FU_output/ram_ext/clock_uncore_76[0]                                | BD_i/ChaosCoreTop_0/inst/chiptop/system/chipyard_prcictrl_domain/resetSynchronizer/nodeOut_member_allClocks_uncore_reset_catcher/io_sync_reset_chain/output_chain/sync_0_reg_0                |                2 |              2 |         1.00 |
|  BD_i/zynq_ultra_ps_e_0/inst/pl_clk0 | BD_i/ChaosCoreTop_0/inst/chiptop/system/tile_prci_domain/element_reset_domain_ChaosCore_tile/dcache/mshrs/mshrs_1/rpq/rst_cnt_reg[6]_inv                                                                     | BD_i/ChaosCoreTop_0/inst/chiptop/system/chipyard_prcictrl_domain/resetSynchronizer/nodeOut_member_allClocks_uncore_reset_catcher/io_sync_reset_chain/output_chain/sync_0_reg_0                |                2 |              2 |         1.00 |
|  BD_i/zynq_ultra_ps_e_0/inst/pl_clk0 | BD_i/ChaosCoreTop_0/inst/chiptop/system/tile_prci_domain/element_reset_domain_ChaosCore_tile/core/backend/execution_engine/INT_FUs_0/ALU/FU_output/ram_ext/clock_uncore_75[0]                                | BD_i/ChaosCoreTop_0/inst/chiptop/system/chipyard_prcictrl_domain/resetSynchronizer/nodeOut_member_allClocks_uncore_reset_catcher/io_sync_reset_chain/output_chain/sync_0_reg_0                |                2 |              2 |         1.00 |
|  BD_i/zynq_ultra_ps_e_0/inst/pl_clk0 | BD_i/ChaosCoreTop_0/inst/chiptop/system/tile_prci_domain/element_reset_domain_ChaosCore_tile/core/backend/execution_engine/INT_FUs_0/ALU/FU_output/ram_ext/clock_uncore_74[0]                                | BD_i/ChaosCoreTop_0/inst/chiptop/system/chipyard_prcictrl_domain/resetSynchronizer/nodeOut_member_allClocks_uncore_reset_catcher/io_sync_reset_chain/output_chain/sync_0_reg_0                |                1 |              2 |         2.00 |
|  BD_i/zynq_ultra_ps_e_0/inst/pl_clk0 | BD_i/ChaosCoreTop_0/inst/chiptop/system/tile_prci_domain/element_reset_domain_ChaosCore_tile/core/backend/execution_engine/INT_FUs_0/ALU/FU_output/ram_ext/clock_uncore_73[0]                                | BD_i/ChaosCoreTop_0/inst/chiptop/system/chipyard_prcictrl_domain/resetSynchronizer/nodeOut_member_allClocks_uncore_reset_catcher/io_sync_reset_chain/output_chain/sync_0_reg_0                |                1 |              2 |         2.00 |
|  BD_i/zynq_ultra_ps_e_0/inst/pl_clk0 | BD_i/ChaosCoreTop_0/inst/chiptop/system/tile_prci_domain/element_reset_domain_ChaosCore_tile/core/backend/execution_engine/INT_FUs_0/ALU/FU_output/ram_ext/clock_uncore_81[0]                                | BD_i/ChaosCoreTop_0/inst/chiptop/system/chipyard_prcictrl_domain/resetSynchronizer/nodeOut_member_allClocks_uncore_reset_catcher/io_sync_reset_chain/output_chain/sync_0_reg_0                |                2 |              2 |         1.00 |
|  BD_i/zynq_ultra_ps_e_0/inst/pl_clk0 | BD_i/ChaosCoreTop_0/inst/chiptop/system/tile_prci_domain/element_reset_domain_ChaosCore_tile/core/backend/execution_engine/INT_FUs_0/ALU/FU_output/ram_ext/clock_uncore_71[0]                                | BD_i/ChaosCoreTop_0/inst/chiptop/system/chipyard_prcictrl_domain/resetSynchronizer/nodeOut_member_allClocks_uncore_reset_catcher/io_sync_reset_chain/output_chain/sync_0_reg_0                |                2 |              2 |         1.00 |
|  BD_i/zynq_ultra_ps_e_0/inst/pl_clk0 | BD_i/ChaosCoreTop_0/inst/chiptop/system/tile_prci_domain/element_reset_domain_ChaosCore_tile/dcache/mshrs/mshrs_1/rpq/state_reg[0]_2[0]                                                                      | BD_i/ChaosCoreTop_0/inst/chiptop/system/chipyard_prcictrl_domain/resetSynchronizer/nodeOut_member_allClocks_uncore_reset_catcher/io_sync_reset_chain/output_chain/sync_0_reg_0                |                1 |              2 |         2.00 |
|  BD_i/zynq_ultra_ps_e_0/inst/pl_clk0 | BD_i/ChaosCoreTop_0/inst/chiptop/system/tile_prci_domain/element_reset_domain_ChaosCore_tile/core/backend/execution_engine/INT_FUs_0/ALU/FU_output/ram_ext/clock_uncore_70[0]                                | BD_i/ChaosCoreTop_0/inst/chiptop/system/chipyard_prcictrl_domain/resetSynchronizer/nodeOut_member_allClocks_uncore_reset_catcher/io_sync_reset_chain/output_chain/sync_0_reg_0                |                1 |              2 |         2.00 |
|  BD_i/zynq_ultra_ps_e_0/inst/pl_clk0 | BD_i/ChaosCoreTop_0/inst/chiptop/system/tile_prci_domain/element_reset_domain_ChaosCore_tile/core/backend/execution_engine/INT_FUs_0/ALU/FU_output/ram_ext/clock_uncore_69[0]                                | BD_i/ChaosCoreTop_0/inst/chiptop/system/chipyard_prcictrl_domain/resetSynchronizer/nodeOut_member_allClocks_uncore_reset_catcher/io_sync_reset_chain/output_chain/sync_0_reg_0                |                2 |              2 |         1.00 |
|  BD_i/zynq_ultra_ps_e_0/inst/pl_clk0 | BD_i/ChaosCoreTop_0/inst/chiptop/system/tile_prci_domain/element_reset_domain_ChaosCore_tile/core/backend/execution_engine/INT_FUs_0/ALU/FU_output/ram_ext/clock_uncore_68[0]                                | BD_i/ChaosCoreTop_0/inst/chiptop/system/chipyard_prcictrl_domain/resetSynchronizer/nodeOut_member_allClocks_uncore_reset_catcher/io_sync_reset_chain/output_chain/sync_0_reg_0                |                1 |              2 |         2.00 |
|  BD_i/zynq_ultra_ps_e_0/inst/pl_clk0 | BD_i/ChaosCoreTop_0/inst/chiptop/system/tile_prci_domain/element_reset_domain_ChaosCore_tile/core/backend/execution_engine/INT_FUs_0/ALU/FU_output/ram_ext/clock_uncore_67[0]                                | BD_i/ChaosCoreTop_0/inst/chiptop/system/chipyard_prcictrl_domain/resetSynchronizer/nodeOut_member_allClocks_uncore_reset_catcher/io_sync_reset_chain/output_chain/sync_0_reg_0                |                1 |              2 |         2.00 |
|  BD_i/zynq_ultra_ps_e_0/inst/pl_clk0 | BD_i/ChaosCoreTop_0/inst/chiptop/system/tile_prci_domain/element_reset_domain_ChaosCore_tile/core/backend/execution_engine/INT_FUs_0/ALU/FU_output/ram_ext/clock_uncore_66[0]                                | BD_i/ChaosCoreTop_0/inst/chiptop/system/chipyard_prcictrl_domain/resetSynchronizer/nodeOut_member_allClocks_uncore_reset_catcher/io_sync_reset_chain/output_chain/sync_0_reg_0                |                1 |              2 |         2.00 |
|  BD_i/zynq_ultra_ps_e_0/inst/pl_clk0 | BD_i/ChaosCoreTop_0/inst/chiptop/system/tile_prci_domain/element_reset_domain_ChaosCore_tile/core/backend/execution_engine/INT_FUs_0/ALU/FU_output/ram_ext/clock_uncore_65[0]                                | BD_i/ChaosCoreTop_0/inst/chiptop/system/chipyard_prcictrl_domain/resetSynchronizer/nodeOut_member_allClocks_uncore_reset_catcher/io_sync_reset_chain/output_chain/sync_0_reg_0                |                1 |              2 |         2.00 |
|  BD_i/zynq_ultra_ps_e_0/inst/pl_clk0 | BD_i/ChaosCoreTop_0/inst/chiptop/system/tile_prci_domain/element_reset_domain_ChaosCore_tile/core/backend/execution_engine/INT_FUs_0/ALU/FU_output/ram_ext/clock_uncore_89[0]                                | BD_i/ChaosCoreTop_0/inst/chiptop/system/chipyard_prcictrl_domain/resetSynchronizer/nodeOut_member_allClocks_uncore_reset_catcher/io_sync_reset_chain/output_chain/sync_0_reg_0                |                1 |              2 |         2.00 |
|  BD_i/zynq_ultra_ps_e_0/inst/pl_clk0 | BD_i/ChaosCoreTop_0/inst/chiptop/system/tile_prci_domain/element_reset_domain_ChaosCore_tile/core/backend/execution_engine/INT_FUs_0/ALU/FU_output/ram_ext/clock_uncore_97[0]                                | BD_i/ChaosCoreTop_0/inst/chiptop/system/chipyard_prcictrl_domain/resetSynchronizer/nodeOut_member_allClocks_uncore_reset_catcher/io_sync_reset_chain/output_chain/sync_0_reg_0                |                2 |              2 |         1.00 |
|  BD_i/zynq_ultra_ps_e_0/inst/pl_clk0 | BD_i/ChaosCoreTop_0/inst/chiptop/system/tile_prci_domain/element_reset_domain_ChaosCore_tile/core/backend/execution_engine/INT_FUs_0/ALU/FU_output/ram_ext/clock_uncore_96[0]                                | BD_i/ChaosCoreTop_0/inst/chiptop/system/chipyard_prcictrl_domain/resetSynchronizer/nodeOut_member_allClocks_uncore_reset_catcher/io_sync_reset_chain/output_chain/sync_0_reg_0                |                1 |              2 |         2.00 |
|  BD_i/zynq_ultra_ps_e_0/inst/pl_clk0 | BD_i/ChaosCoreTop_0/inst/chiptop/system/tile_prci_domain/element_reset_domain_ChaosCore_tile/core/backend/execution_engine/INT_FUs_0/ALU/FU_output/ram_ext/clock_uncore_95[0]                                | BD_i/ChaosCoreTop_0/inst/chiptop/system/chipyard_prcictrl_domain/resetSynchronizer/nodeOut_member_allClocks_uncore_reset_catcher/io_sync_reset_chain/output_chain/sync_0_reg_0                |                2 |              2 |         1.00 |
|  BD_i/zynq_ultra_ps_e_0/inst/pl_clk0 | BD_i/ChaosCoreTop_0/inst/chiptop/system/tile_prci_domain/element_reset_domain_ChaosCore_tile/core/backend/execution_engine/INT_FUs_0/ALU/FU_output/ram_ext/clock_uncore_94[0]                                | BD_i/ChaosCoreTop_0/inst/chiptop/system/chipyard_prcictrl_domain/resetSynchronizer/nodeOut_member_allClocks_uncore_reset_catcher/io_sync_reset_chain/output_chain/sync_0_reg_0                |                2 |              2 |         1.00 |
|  BD_i/zynq_ultra_ps_e_0/inst/pl_clk0 | BD_i/ChaosCoreTop_0/inst/chiptop/system/tile_prci_domain/element_reset_domain_ChaosCore_tile/core/backend/execution_engine/INT_FUs_0/ALU/FU_output/ram_ext/clock_uncore_93[0]                                | BD_i/ChaosCoreTop_0/inst/chiptop/system/chipyard_prcictrl_domain/resetSynchronizer/nodeOut_member_allClocks_uncore_reset_catcher/io_sync_reset_chain/output_chain/sync_0_reg_0                |                1 |              2 |         2.00 |
|  BD_i/zynq_ultra_ps_e_0/inst/pl_clk0 | BD_i/ChaosCoreTop_0/inst/chiptop/system/tile_prci_domain/element_reset_domain_ChaosCore_tile/core/backend/execution_engine/INT_FUs_0/ALU/FU_output/ram_ext/clock_uncore_92[0]                                | BD_i/ChaosCoreTop_0/inst/chiptop/system/chipyard_prcictrl_domain/resetSynchronizer/nodeOut_member_allClocks_uncore_reset_catcher/io_sync_reset_chain/output_chain/sync_0_reg_0                |                1 |              2 |         2.00 |
|  BD_i/zynq_ultra_ps_e_0/inst/pl_clk0 | BD_i/ChaosCoreTop_0/inst/chiptop/system/tile_prci_domain/element_reset_domain_ChaosCore_tile/core/backend/execution_engine/INT_FUs_0/ALU/FU_output/ram_ext/clock_uncore_91[0]                                | BD_i/ChaosCoreTop_0/inst/chiptop/system/chipyard_prcictrl_domain/resetSynchronizer/nodeOut_member_allClocks_uncore_reset_catcher/io_sync_reset_chain/output_chain/sync_0_reg_0                |                1 |              2 |         2.00 |
|  BD_i/zynq_ultra_ps_e_0/inst/pl_clk0 | BD_i/ChaosCoreTop_0/inst/chiptop/system/tile_prci_domain/element_reset_domain_ChaosCore_tile/core/backend/execution_engine/INT_FUs_0/ALU/FU_output/ram_ext/clock_uncore_90[0]                                | BD_i/ChaosCoreTop_0/inst/chiptop/system/chipyard_prcictrl_domain/resetSynchronizer/nodeOut_member_allClocks_uncore_reset_catcher/io_sync_reset_chain/output_chain/sync_0_reg_0                |                1 |              2 |         2.00 |
|  BD_i/zynq_ultra_ps_e_0/inst/pl_clk0 | BD_i/ChaosCoreTop_0/inst/chiptop/system/tile_prci_domain/element_reset_domain_ChaosCore_tile/core/backend/execution_engine/INT_FUs_0/ALU/FU_output/ram_ext/clock_uncore_64[0]                                | BD_i/ChaosCoreTop_0/inst/chiptop/system/chipyard_prcictrl_domain/resetSynchronizer/nodeOut_member_allClocks_uncore_reset_catcher/io_sync_reset_chain/output_chain/sync_0_reg_0                |                1 |              2 |         2.00 |
|  BD_i/zynq_ultra_ps_e_0/inst/pl_clk0 | BD_i/ChaosCoreTop_0/inst/chiptop/system/tile_prci_domain/element_reset_domain_ChaosCore_tile/core/backend/execution_engine/INT_FUs_0/ALU/FU_output/ram_ext/clock_uncore_88[0]                                | BD_i/ChaosCoreTop_0/inst/chiptop/system/chipyard_prcictrl_domain/resetSynchronizer/nodeOut_member_allClocks_uncore_reset_catcher/io_sync_reset_chain/output_chain/sync_0_reg_0                |                1 |              2 |         2.00 |
|  BD_i/zynq_ultra_ps_e_0/inst/pl_clk0 | BD_i/ChaosCoreTop_0/inst/chiptop/system/tile_prci_domain/element_reset_domain_ChaosCore_tile/core/backend/execution_engine/INT_FUs_0/ALU/FU_output/ram_ext/clock_uncore_87[0]                                | BD_i/ChaosCoreTop_0/inst/chiptop/system/chipyard_prcictrl_domain/resetSynchronizer/nodeOut_member_allClocks_uncore_reset_catcher/io_sync_reset_chain/output_chain/sync_0_reg_0                |                2 |              2 |         1.00 |
|  BD_i/zynq_ultra_ps_e_0/inst/pl_clk0 | BD_i/ChaosCoreTop_0/inst/chiptop/system/tile_prci_domain/element_reset_domain_ChaosCore_tile/core/backend/execution_engine/INT_FUs_0/ALU/FU_output/ram_ext/clock_uncore_86[0]                                | BD_i/ChaosCoreTop_0/inst/chiptop/system/chipyard_prcictrl_domain/resetSynchronizer/nodeOut_member_allClocks_uncore_reset_catcher/io_sync_reset_chain/output_chain/sync_0_reg_0                |                1 |              2 |         2.00 |
|  BD_i/zynq_ultra_ps_e_0/inst/pl_clk0 | BD_i/ChaosCoreTop_0/inst/chiptop/system/tile_prci_domain/element_reset_domain_ChaosCore_tile/core/backend/execution_engine/INT_FUs_0/ALU/FU_output/ram_ext/clock_uncore_85[0]                                | BD_i/ChaosCoreTop_0/inst/chiptop/system/chipyard_prcictrl_domain/resetSynchronizer/nodeOut_member_allClocks_uncore_reset_catcher/io_sync_reset_chain/output_chain/sync_0_reg_0                |                2 |              2 |         1.00 |
|  BD_i/zynq_ultra_ps_e_0/inst/pl_clk0 | BD_i/ChaosCoreTop_0/inst/chiptop/system/tile_prci_domain/element_reset_domain_ChaosCore_tile/core/backend/execution_engine/INT_FUs_0/ALU/FU_output/ram_ext/clock_uncore_84[0]                                | BD_i/ChaosCoreTop_0/inst/chiptop/system/chipyard_prcictrl_domain/resetSynchronizer/nodeOut_member_allClocks_uncore_reset_catcher/io_sync_reset_chain/output_chain/sync_0_reg_0                |                2 |              2 |         1.00 |
|  BD_i/zynq_ultra_ps_e_0/inst/pl_clk0 | BD_i/ChaosCoreTop_0/inst/chiptop/system/tile_prci_domain/element_reset_domain_ChaosCore_tile/core/backend/execution_engine/INT_FUs_0/ALU/FU_output/ram_ext/clock_uncore_83[0]                                | BD_i/ChaosCoreTop_0/inst/chiptop/system/chipyard_prcictrl_domain/resetSynchronizer/nodeOut_member_allClocks_uncore_reset_catcher/io_sync_reset_chain/output_chain/sync_0_reg_0                |                1 |              2 |         2.00 |
|  BD_i/zynq_ultra_ps_e_0/inst/pl_clk0 | BD_i/ChaosCoreTop_0/inst/chiptop/system/tile_prci_domain/element_reset_domain_ChaosCore_tile/dcache/mshrs/mshrs_0/rpq/E[0]                                                                                   | BD_i/ChaosCoreTop_0/inst/chiptop/system/chipyard_prcictrl_domain/resetSynchronizer/nodeOut_member_allClocks_uncore_reset_catcher/io_sync_reset_chain/output_chain/sync_0_reg_0                |                1 |              2 |         2.00 |
|  BD_i/zynq_ultra_ps_e_0/inst/pl_clk0 | BD_i/ChaosCoreTop_0/inst/chiptop/system/tile_prci_domain/element_reset_domain_ChaosCore_tile/core/backend/execution_engine/INT_FUs_0/ALU/FU_output/ram_ext/clock_uncore_82[0]                                | BD_i/ChaosCoreTop_0/inst/chiptop/system/chipyard_prcictrl_domain/resetSynchronizer/nodeOut_member_allClocks_uncore_reset_catcher/io_sync_reset_chain/output_chain/sync_0_reg_0                |                1 |              2 |         2.00 |
|  BD_i/zynq_ultra_ps_e_0/inst/pl_clk0 | BD_i/axi_smc/inst/switchboards/i_nodes/i_w_node/inst/inst_si_handler/gen_si_handler.gen_request_fifos.gen_req_fifo[1].inst_req_fifo/gen_xpm_memory_fifo.inst_fifo/wr_wea                                     |                                                                                                                                                                                               |                1 |              2 |         2.00 |
|  BD_i/zynq_ultra_ps_e_0/inst/pl_clk0 |                                                                                                                                                                                                              | BD_i/axi_smc/inst/switchboards/i_nodes/i_ar_node/inst/inst_si_handler/areset_r                                                                                                                |                2 |              2 |         1.00 |
|  BD_i/zynq_ultra_ps_e_0/inst/pl_clk0 |                                                                                                                                                                                                              | BD_i/axi_smc/inst/switchboards/i_nodes/i_aw_node/inst/inst_mi_handler/areset_r                                                                                                                |                1 |              2 |         2.00 |
|  BD_i/zynq_ultra_ps_e_0/inst/pl_clk0 |                                                                                                                                                                                                              | BD_i/axi_smc/inst/s01_entry_pipeline/s01_transaction_regulator/inst/areset                                                                                                                    |                1 |              2 |         2.00 |
|  BD_i/zynq_ultra_ps_e_0/inst/pl_clk0 |                                                                                                                                                                                                              | BD_i/axi_smc/inst/switchboards/i_nodes/i_b_node/inst/inst_mi_handler/areset_r                                                                                                                 |                1 |              2 |         2.00 |
|  BD_i/zynq_ultra_ps_e_0/inst/pl_clk0 |                                                                                                                                                                                                              | BD_i/axi_smc/inst/switchboards/i_nodes/i_b_node/inst/inst_si_handler/areset_r                                                                                                                 |                2 |              2 |         1.00 |
|  BD_i/zynq_ultra_ps_e_0/inst/pl_clk0 | BD_i/smartconnect_0/inst/m00_nodes/m00_ar_node/inst/inst_si_handler/gen_si_handler.gen_request_counters.gen_req_counter[1].inst_req_counter/is_zero_r_reg_1[0]                                               | BD_i/smartconnect_0/inst/m00_nodes/m00_ar_node/inst/inst_si_handler/areset_r                                                                                                                  |                1 |              2 |         2.00 |
|  BD_i/zynq_ultra_ps_e_0/inst/pl_clk0 |                                                                                                                                                                                                              | BD_i/axi_smc/inst/switchboards/i_nodes/i_r_node/inst/inst_si_handler/areset_r                                                                                                                 |                2 |              2 |         1.00 |
|  BD_i/zynq_ultra_ps_e_0/inst/pl_clk0 |                                                                                                                                                                                                              | BD_i/axi_smc/inst/switchboards/i_nodes/i_w_node/inst/inst_mi_handler/areset_r                                                                                                                 |                1 |              2 |         2.00 |
|  BD_i/zynq_ultra_ps_e_0/inst/pl_clk0 | BD_i/smartconnect_0/inst/m00_nodes/m00_ar_node/inst/inst_si_handler/gen_si_handler.gen_arbiter_rr_normal_area.inst_arbiter/gen_AB_reg_slice.payld_o_reg[0][0]                                                | BD_i/smartconnect_0/inst/m00_nodes/m00_ar_node/inst/inst_si_handler/areset_r                                                                                                                  |                1 |              2 |         2.00 |
|  BD_i/zynq_ultra_ps_e_0/inst/pl_clk0 |                                                                                                                                                                                                              | BD_i/smartconnect_0/inst/m00_nodes/m00_ar_node/inst/inst_si_handler/gen_si_handler.gen_request_counters.gen_req_counter[0].inst_req_counter/areset_r_reg                                      |                1 |              2 |         2.00 |
|  BD_i/zynq_ultra_ps_e_0/inst/pl_clk0 |                                                                                                                                                                                                              | BD_i/smartconnect_0/inst/m00_nodes/m00_ar_node/inst/inst_si_handler/areset_r                                                                                                                  |                2 |              2 |         1.00 |
|  BD_i/zynq_ultra_ps_e_0/inst/pl_clk0 | BD_i/smartconnect_0/inst/m00_nodes/m00_ar_node/inst/inst_si_handler/gen_si_handler.gen_arbiter_rr_normal_area.inst_arbiter/E[0]                                                                              | BD_i/smartconnect_0/inst/m00_nodes/m00_ar_node/inst/inst_si_handler/areset_r                                                                                                                  |                1 |              2 |         2.00 |
|  BD_i/zynq_ultra_ps_e_0/inst/pl_clk0 |                                                                                                                                                                                                              | BD_i/smartconnect_0/inst/m00_nodes/m00_aw_node/inst/inst_si_handler/gen_si_handler.gen_request_counters.gen_req_counter[1].inst_req_counter/is_zero_r_reg_1                                   |                1 |              2 |         2.00 |
|  BD_i/zynq_ultra_ps_e_0/inst/pl_clk0 | BD_i/smartconnect_0/inst/m00_exit_pipeline/m00_exit/inst/b_reg/m_vector_i                                                                                                                                    |                                                                                                                                                                                               |                1 |              2 |         2.00 |
|  BD_i/zynq_ultra_ps_e_0/inst/pl_clk0 | BD_i/smartconnect_0/inst/m00_exit_pipeline/m00_exit/inst/b_reg/skid_buffer[1057]_i_1_n_0                                                                                                                     |                                                                                                                                                                                               |                1 |              2 |         2.00 |
|  BD_i/zynq_ultra_ps_e_0/inst/pl_clk0 |                                                                                                                                                                                                              | BD_i/axi_smc/inst/switchboards/i_nodes/i_ar_node/inst/inst_mi_handler/areset_r                                                                                                                |                1 |              2 |         2.00 |
|  BD_i/zynq_ultra_ps_e_0/inst/pl_clk0 | BD_i/axi_smc/inst/switchboards/i_nodes/i_w_node/inst/inst_si_handler/gen_si_handler.gen_request_fifos.gen_req_fifo[0].inst_req_fifo/gen_xpm_memory_fifo.inst_fifo/wr_wea                                     |                                                                                                                                                                                               |                1 |              2 |         2.00 |
|  BD_i/zynq_ultra_ps_e_0/inst/pl_clk0 | BD_i/axi_smc/inst/switchboards/i_nodes/i_w_node/inst/inst_mi_handler/gen_normal_area.inst_fifo_node_payld/gen_reg_fifo.inst_reg_fifo/gen_single_rank.data_reg[164]_0                                         | BD_i/axi_smc/inst/switchboards/i_nodes/i_w_node/inst/inst_mi_handler/gen_normal_area.inst_fifo_node_payld/gen_reg_fifo.inst_reg_fifo/SR[0]                                                    |                1 |              2 |         2.00 |
|  BD_i/zynq_ultra_ps_e_0/inst/pl_clk0 |                                                                                                                                                                                                              | BD_i/smartconnect_0/inst/s00_entry_pipeline/s00_mmu/inst/areset_d                                                                                                                             |                2 |              2 |         1.00 |
|  BD_i/zynq_ultra_ps_e_0/inst/pl_clk0 | BD_i/axi_smc/inst/switchboards/i_nodes/i_w_node/inst/inst_mi_handler/gen_normal_area.inst_fifo_node_payld/gen_reg_fifo.inst_reg_fifo/gen_single_rank.data_reg[164]_0                                         |                                                                                                                                                                                               |                1 |              2 |         2.00 |
|  BD_i/zynq_ultra_ps_e_0/inst/pl_clk0 | BD_i/axi_smc/inst/switchboards/i_nodes/i_r_node/inst/inst_si_handler/gen_si_handler.gen_request_counters.gen_req_counter[1].inst_req_counter/allow_transfer_r_reg[0]                                         | BD_i/axi_smc/inst/switchboards/i_nodes/i_r_node/inst/inst_si_handler/areset_r                                                                                                                 |                1 |              2 |         2.00 |
|  BD_i/zynq_ultra_ps_e_0/inst/pl_clk0 | BD_i/axi_smc/inst/switchboards/i_nodes/i_r_node/inst/inst_si_handler/gen_si_handler.gen_arbiter_rr_minimal_area.inst_arbiter/grant_i_reg[1]_0[0]                                                             | BD_i/axi_smc/inst/switchboards/i_nodes/i_r_node/inst/inst_si_handler/areset_r                                                                                                                 |                1 |              2 |         2.00 |
|  BD_i/zynq_ultra_ps_e_0/inst/pl_clk0 | BD_i/axi_smc/inst/switchboards/i_nodes/i_r_node/inst/inst_si_handler/gen_si_handler.gen_arbiter_rr_minimal_area.inst_arbiter/E[0]                                                                            | BD_i/axi_smc/inst/switchboards/i_nodes/i_r_node/inst/inst_si_handler/areset_r                                                                                                                 |                1 |              2 |         2.00 |
|  BD_i/zynq_ultra_ps_e_0/inst/pl_clk0 |                                                                                                                                                                                                              | BD_i/axi_smc/inst/s00_entry_pipeline/s00_transaction_regulator/inst/gen_endpoint.gen_w_singleorder.w_singleorder/gen_id_reg.aresetn_d_reg_n_0_[0]                                             |                2 |              2 |         1.00 |
|  BD_i/zynq_ultra_ps_e_0/inst/pl_clk0 | BD_i/axi_smc/inst/switchboards/i_nodes/i_r_node/inst/inst_si_handler/gen_si_handler.gen_arbiter_rr_minimal_area.inst_arbiter/s_sc_valid                                                                      | BD_i/axi_smc/inst/switchboards/i_nodes/i_r_node/inst/inst_mi_handler/areset_r                                                                                                                 |                1 |              2 |         2.00 |
|  BD_i/zynq_ultra_ps_e_0/inst/pl_clk0 |                                                                                                                                                                                                              | BD_i/axi_smc/inst/s01_entry_pipeline/s01_mmu/inst/gen_wroute_reg.wroute_split/m_ready_d[1]_i_1_n_0                                                                                            |                1 |              2 |         2.00 |
|  BD_i/zynq_ultra_ps_e_0/inst/pl_clk0 |                                                                                                                                                                                                              | BD_i/axi_smc/inst/s00_entry_pipeline/s00_transaction_regulator/inst/areset                                                                                                                    |                1 |              2 |         2.00 |
|  BD_i/zynq_ultra_ps_e_0/inst/pl_clk0 | BD_i/axi_smc/inst/switchboards/i_nodes/i_r_node/inst/inst_mi_handler/gen_normal_area.gen_fi_regulator.inst_fi_regulator/allow_transfer_r_reg_0                                                               | BD_i/axi_smc/inst/switchboards/i_nodes/i_r_node/inst/inst_si_handler/gen_si_handler.gen_request_counters.gen_req_counter[0].inst_req_counter/areset_r_reg[0]                                  |                1 |              2 |         2.00 |
|  BD_i/zynq_ultra_ps_e_0/inst/pl_clk0 | BD_i/axi_smc/inst/switchboards/i_nodes/i_b_node/inst/inst_si_handler/gen_si_handler.gen_request_counters.gen_req_counter[1].inst_req_counter/allow_transfer_r_reg[0]                                         | BD_i/axi_smc/inst/switchboards/i_nodes/i_b_node/inst/inst_si_handler/areset_r                                                                                                                 |                1 |              2 |         2.00 |
|  BD_i/zynq_ultra_ps_e_0/inst/pl_clk0 | BD_i/axi_smc/inst/switchboards/i_nodes/i_b_node/inst/inst_si_handler/gen_si_handler.gen_arbiter_rr_minimal_area.inst_arbiter/grant_i_reg[1]_0[0]                                                             | BD_i/axi_smc/inst/switchboards/i_nodes/i_b_node/inst/inst_si_handler/areset_r                                                                                                                 |                1 |              2 |         2.00 |
|  BD_i/zynq_ultra_ps_e_0/inst/pl_clk0 | BD_i/axi_smc/inst/switchboards/i_nodes/i_b_node/inst/inst_si_handler/gen_si_handler.gen_arbiter_rr_minimal_area.inst_arbiter/E[0]                                                                            | BD_i/axi_smc/inst/switchboards/i_nodes/i_b_node/inst/inst_si_handler/areset_r                                                                                                                 |                1 |              2 |         2.00 |
|  BD_i/zynq_ultra_ps_e_0/inst/pl_clk0 | BD_i/smartconnect_0/inst/m00_nodes/m00_w_node/inst/inst_si_handler/gen_si_handler.gen_request_fifos.gen_req_fifo[0].inst_req_fifo/gen_xpm_memory_fifo.inst_fifo/wr_wea                                       |                                                                                                                                                                                               |                1 |              2 |         2.00 |
|  BD_i/zynq_ultra_ps_e_0/inst/pl_clk0 |                                                                                                                                                                                                              | BD_i/smartconnect_0/inst/s00_nodes/s00_aw_node/inst/inst_mi_handler/areset_r                                                                                                                  |                2 |              2 |         1.00 |
|  BD_i/zynq_ultra_ps_e_0/inst/pl_clk0 | BD_i/axi_smc/inst/s01_entry_pipeline/s01_mmu/inst/gen_wroute_reg.wroute_split/E[0]                                                                                                                           | BD_i/axi_smc/inst/s01_entry_pipeline/s01_mmu/inst/areset                                                                                                                                      |                2 |              2 |         1.00 |
|  BD_i/zynq_ultra_ps_e_0/inst/pl_clk0 |                                                                                                                                                                                                              | BD_i/smartconnect_0/inst/s01_entry_pipeline/s01_mmu/inst/areset_d                                                                                                                             |                2 |              2 |         1.00 |
|  BD_i/zynq_ultra_ps_e_0/inst/pl_clk0 |                                                                                                                                                                                                              | BD_i/smartconnect_0/inst/s01_nodes/s01_ar_node/inst/inst_mi_handler/areset_r                                                                                                                  |                2 |              2 |         1.00 |
|  BD_i/zynq_ultra_ps_e_0/inst/pl_clk0 | BD_i/smartconnect_0/inst/m00_exit_pipeline/m00_exit/inst/exit_inst/gen_w_cmd_fifo.w_cmd_fifo/gen_pipelined.mesg_reg                                                                                          |                                                                                                                                                                                               |                1 |              2 |         2.00 |
|  BD_i/zynq_ultra_ps_e_0/inst/pl_clk0 |                                                                                                                                                                                                              | BD_i/smartconnect_0/inst/s01_nodes/s01_aw_node/inst/inst_mi_handler/areset_r                                                                                                                  |                2 |              2 |         1.00 |
|  BD_i/zynq_ultra_ps_e_0/inst/pl_clk0 |                                                                                                                                                                                                              | BD_i/smartconnect_0/inst/s01_nodes/s01_b_node/inst/inst_mi_handler/m_sc_areset_r                                                                                                              |                1 |              2 |         2.00 |
|  BD_i/zynq_ultra_ps_e_0/inst/pl_clk0 | BD_i/smartconnect_0/inst/m00_exit_pipeline/m00_exit/inst/exit_inst/gen_w_cmd_fifo.w_cmd_fifo/gen_srls[2].srl_nx1/shift_qual                                                                                  |                                                                                                                                                                                               |                1 |              2 |         2.00 |
|  BD_i/zynq_ultra_ps_e_0/inst/pl_clk0 | BD_i/ChaosCoreTop_0/inst/chiptop/system/cbus/in_xbar/readys_mask[1]_i_1__1_n_0                                                                                                                               | BD_i/ChaosCoreTop_0/inst/chiptop/system/chipyard_prcictrl_domain/resetSynchronizer/nodeOut_member_allClocks_uncore_reset_catcher/io_sync_reset_chain/output_chain/sync_0_reg_0                |                1 |              2 |         2.00 |
|  BD_i/zynq_ultra_ps_e_0/inst/pl_clk0 |                                                                                                                                                                                                              | BD_i/axi_smc/inst/s00_entry_pipeline/s00_mmu/inst/gen_wroute_reg.wroute_split/m_ready_d[1]_i_1_n_0                                                                                            |                1 |              2 |         2.00 |
|  BD_i/zynq_ultra_ps_e_0/inst/pl_clk0 |                                                                                                                                                                                                              | BD_i/axi_smc/inst/m01_exit_pipeline/m01_exit/inst/exit_inst/gen_r_cmd_reg.aresetn_d_reg_n_0_[0]                                                                                               |                1 |              2 |         2.00 |
|  BD_i/zynq_ultra_ps_e_0/inst/pl_clk0 | BD_i/smartconnect_0/inst/s00_entry_pipeline/s00_mmu/inst/aw_reg_stall/E[0]                                                                                                                                   | BD_i/smartconnect_0/inst/s00_entry_pipeline/s00_mmu/inst/areset                                                                                                                               |                1 |              2 |         2.00 |
|  BD_i/zynq_ultra_ps_e_0/inst/pl_clk0 |                                                                                                                                                                                                              | BD_i/axi_smc/inst/m00_exit_pipeline/m00_exit/inst/exit_inst/gen_r_cmd_reg.aresetn_d_reg_n_0_[0]                                                                                               |                1 |              2 |         2.00 |
|  BD_i/zynq_ultra_ps_e_0/inst/pl_clk0 | BD_i/axi_smc/inst/m01_exit_pipeline/m01_exit/inst/exit_inst/gen_w_cmd_reg.s_write_cmd_vacancy_i_reg_0                                                                                                        |                                                                                                                                                                                               |                1 |              2 |         2.00 |
|  BD_i/zynq_ultra_ps_e_0/inst/pl_clk0 | BD_i/smartconnect_0/inst/m00_nodes/m00_w_node/inst/inst_si_handler/gen_si_handler.gen_request_fifos.gen_req_fifo[1].inst_req_fifo/gen_xpm_memory_fifo.inst_fifo/wr_wea                                       |                                                                                                                                                                                               |                1 |              2 |         2.00 |
|  BD_i/zynq_ultra_ps_e_0/inst/pl_clk0 | BD_i/axi_smc/inst/m01_exit_pipeline/m01_exit/inst/splitter_inst/gen_axi4lite.axilite_conv/b_cnt                                                                                                              | BD_i/axi_smc/inst/m01_exit_pipeline/m01_exit/inst/areset                                                                                                                                      |                1 |              2 |         2.00 |
|  BD_i/zynq_ultra_ps_e_0/inst/pl_clk0 |                                                                                                                                                                                                              | BD_i/axi_smc/inst/s00_entry_pipeline/s00_mmu/inst/areset_d                                                                                                                                    |                1 |              2 |         2.00 |
|  BD_i/zynq_ultra_ps_e_0/inst/pl_clk0 | BD_i/smartconnect_0/inst/m00_nodes/m00_r_node/inst/inst_mi_handler/gen_normal_area.inst_fifo_send/gen_AB_reg_slice.state2                                                                                    | BD_i/smartconnect_0/inst/m00_nodes/m00_r_node/inst/inst_mi_handler/gen_normal_area.inst_fifo_send/gen_AB_reg_slice.payld_o[1]_i_1_n_0                                                         |                1 |              2 |         2.00 |
|  BD_i/zynq_ultra_ps_e_0/inst/pl_clk0 | BD_i/smartconnect_0/inst/m00_nodes/m00_r_node/inst/inst_mi_handler/gen_normal_area.inst_fifo_send/gen_AB_reg_slice.payld_b                                                                                   |                                                                                                                                                                                               |                1 |              2 |         2.00 |
|  BD_i/zynq_ultra_ps_e_0/inst/pl_clk0 | BD_i/smartconnect_0/inst/m00_nodes/m00_r_node/inst/inst_mi_handler/gen_normal_area.inst_fifo_send/gen_AB_reg_slice.payld_a                                                                                   |                                                                                                                                                                                               |                1 |              2 |         2.00 |
|  BD_i/zynq_ultra_ps_e_0/inst/pl_clk0 | BD_i/smartconnect_0/inst/m00_nodes/m00_b_node/inst/inst_mi_handler/gen_normal_area.inst_fifo_send/gen_AB_reg_slice.state2                                                                                    | BD_i/smartconnect_0/inst/m00_nodes/m00_b_node/inst/inst_mi_handler/gen_normal_area.inst_fifo_send/gen_AB_reg_slice.payld_o[1]_i_1_n_0                                                         |                1 |              2 |         2.00 |
|  BD_i/zynq_ultra_ps_e_0/inst/pl_clk0 |                                                                                                                                                                                                              | BD_i/ChaosCoreTop_0/inst/chiptop/system/tile_prci_domain/element_reset_domain_ChaosCore_tile/core/ROB/ROB_instruction_banks_0/insn_mem/insn_mem_ext/mem_0_0/sync_0_reg                        |                1 |              2 |         2.00 |
|  BD_i/zynq_ultra_ps_e_0/inst/pl_clk0 | BD_i/smartconnect_0/inst/m00_nodes/m00_b_node/inst/inst_mi_handler/gen_normal_area.inst_fifo_send/gen_AB_reg_slice.payld_b                                                                                   |                                                                                                                                                                                               |                1 |              2 |         2.00 |
|  BD_i/zynq_ultra_ps_e_0/inst/pl_clk0 | BD_i/smartconnect_0/inst/m00_nodes/m00_b_node/inst/inst_mi_handler/gen_normal_area.inst_fifo_send/gen_AB_reg_slice.payld_a                                                                                   |                                                                                                                                                                                               |                1 |              2 |         2.00 |
|  BD_i/zynq_ultra_ps_e_0/inst/pl_clk0 | BD_i/smartconnect_0/inst/m00_nodes/m00_aw_node/inst/inst_si_handler/gen_si_handler.gen_request_counters.gen_req_counter[0].inst_req_counter/is_zero_r_reg_0[0]                                               | BD_i/smartconnect_0/inst/m00_nodes/m00_aw_node/inst/inst_si_handler/areset_r                                                                                                                  |                1 |              2 |         2.00 |
|  BD_i/zynq_ultra_ps_e_0/inst/pl_clk0 | BD_i/smartconnect_0/inst/m00_nodes/m00_aw_node/inst/inst_si_handler/gen_si_handler.gen_arbiter_rr_normal_area.inst_arbiter/gen_AB_reg_slice.payld_o_reg[0][0]                                                | BD_i/smartconnect_0/inst/m00_nodes/m00_aw_node/inst/inst_si_handler/areset_r                                                                                                                  |                1 |              2 |         2.00 |
|  BD_i/zynq_ultra_ps_e_0/inst/pl_clk0 | BD_i/smartconnect_0/inst/m00_nodes/m00_aw_node/inst/inst_si_handler/gen_si_handler.gen_arbiter_rr_normal_area.inst_arbiter/E[0]                                                                              | BD_i/smartconnect_0/inst/m00_nodes/m00_aw_node/inst/inst_si_handler/areset_r                                                                                                                  |                1 |              2 |         2.00 |
|  BD_i/zynq_ultra_ps_e_0/inst/pl_clk0 | BD_i/smartconnect_0/inst/m00_nodes/m00_aw_node/inst/inst_si_handler/gen_m_axis_arb_fifo.inst_axis_arb_fifo/gen_pipelined.load_mesg                                                                           |                                                                                                                                                                                               |                1 |              2 |         2.00 |
|  BD_i/zynq_ultra_ps_e_0/inst/pl_clk0 |                                                                                                                                                                                                              | BD_i/axi_smc/inst/s01_entry_pipeline/s01_transaction_regulator/inst/gen_endpoint.gen_w_singleorder.w_singleorder/gen_id_reg.aresetn_d_reg_n_0_[0]                                             |                2 |              2 |         1.00 |
|  BD_i/zynq_ultra_ps_e_0/inst/pl_clk0 | BD_i/smartconnect_0/inst/m00_nodes/m00_aw_node/inst/inst_si_handler/gen_m_axis_arb_fifo.inst_axis_arb_fifo/gen_srls[1].srl_nx1/shift                                                                         |                                                                                                                                                                                               |                1 |              2 |         2.00 |
|  BD_i/zynq_ultra_ps_e_0/inst/pl_clk0 | BD_i/axi_smc/inst/switchboards/i_nodes/i_aw_node/inst/inst_si_handler/gen_si_handler.gen_request_counters.gen_req_counter[0].inst_req_counter/allow_transfer_r_reg[0]                                        | BD_i/axi_smc/inst/switchboards/i_nodes/i_aw_node/inst/inst_si_handler/areset_r                                                                                                                |                1 |              2 |         2.00 |
|  BD_i/zynq_ultra_ps_e_0/inst/pl_clk0 | BD_i/smartconnect_0/inst/s00_entry_pipeline/s00_si_converter/inst/converter.wrap_narrow_inst/gen_thread_loop[0].r_payld_fifo/areset_reg                                                                      |                                                                                                                                                                                               |                1 |              2 |         2.00 |
|  BD_i/zynq_ultra_ps_e_0/inst/pl_clk0 | BD_i/ChaosCoreTop_0/inst/chiptop/system/tile_prci_domain/element_reset_domain_ChaosCore_tile/widget_1/repeated_repeater_1/_GEN                                                                               | BD_i/ChaosCoreTop_0/inst/chiptop/system/tile_prci_domain/element_reset_domain_ChaosCore_tile/widget_1/repeated_repeater_1/saved_size[0]_i_1__0_n_0                                            |                2 |              2 |         1.00 |
|  BD_i/zynq_ultra_ps_e_0/inst/pl_clk0 | BD_i/smartconnect_0/inst/s00_entry_pipeline/s00_si_converter/inst/converter.wrap_narrow_inst/gen_thread_loop[0].r_cmd_fifo/gen_pipelined.state_reg[1]_0[0]                                                   | BD_i/smartconnect_0/inst/s00_entry_pipeline/s00_si_converter/inst/areset                                                                                                                      |                1 |              2 |         2.00 |
|  BD_i/zynq_ultra_ps_e_0/inst/pl_clk0 | BD_i/ChaosCoreTop_0/inst/chiptop/system/tile_prci_domain/element_reset_domain_ChaosCore_tile/core/backend/execution_engine/MOB/MOB_0_counter[1]_i_2_n_0                                                      | BD_i/ChaosCoreTop_0/inst/chiptop/system/tile_prci_domain/element_reset_domain_ChaosCore_tile/core/backend/execution_engine/MOB/MOB_0_counter[1]_i_1_n_0                                       |                1 |              2 |         2.00 |
|  BD_i/zynq_ultra_ps_e_0/inst/pl_clk0 | BD_i/ChaosCoreTop_0/inst/chiptop/system/uartClockDomainWrapper/uart_0/rxm/debounce_0                                                                                                                         | BD_i/ChaosCoreTop_0/inst/chiptop/system/chipyard_prcictrl_domain/resetSynchronizer/nodeOut_member_allClocks_uncore_reset_catcher/io_sync_reset_chain/output_chain/SR[0]                       |                1 |              2 |         2.00 |
|  BD_i/zynq_ultra_ps_e_0/inst/pl_clk0 | BD_i/ChaosCoreTop_0/inst/chiptop/system/tile_prci_domain/element_reset_domain_ChaosCore_tile/icache/s2_request_refill_REG_reg_0[0]                                                                           | BD_i/ChaosCoreTop_0/inst/chiptop/system/chipyard_prcictrl_domain/resetSynchronizer/nodeOut_member_allClocks_uncore_reset_catcher/io_sync_reset_chain/output_chain/sync_0_reg_0                |                1 |              2 |         2.00 |
|  BD_i/zynq_ultra_ps_e_0/inst/pl_clk0 | BD_i/axi_gpio_0/U0/AXI_LITE_IPIF_I/I_SLAVE_ATTACHMENT/is_read_i_1_n_0                                                                                                                                        | BD_i/axi_gpio_1/U0/AXI_LITE_IPIF_I/I_SLAVE_ATTACHMENT/SR[0]                                                                                                                                   |                1 |              2 |         2.00 |
|  BD_i/zynq_ultra_ps_e_0/inst/pl_clk0 | BD_i/axi_smc/inst/m01_exit_pipeline/m01_exit/inst/splitter_inst/gen_axi4lite.axilite_conv/r_state                                                                                                            | BD_i/axi_smc/inst/m01_exit_pipeline/m01_exit/inst/areset                                                                                                                                      |                1 |              2 |         2.00 |
|  BD_i/zynq_ultra_ps_e_0/inst/pl_clk0 | BD_i/axi_smc/inst/s00_entry_pipeline/s00_si_converter/inst/gen_normal.splitter_inst/gen_wsplitter.wsplit_last_offset_fifo/gen_pipelined.mesg_reg                                                             |                                                                                                                                                                                               |                1 |              2 |         2.00 |
|  BD_i/zynq_ultra_ps_e_0/inst/pl_clk0 | BD_i/axi_smc/inst/s00_entry_pipeline/s00_si_converter/inst/gen_normal.splitter_inst/gen_wsplitter.wsplit_last_offset_fifo/gen_srls[3].srl_nx1/shift_qual                                                     |                                                                                                                                                                                               |                1 |              2 |         2.00 |
|  BD_i/zynq_ultra_ps_e_0/inst/pl_clk0 | BD_i/axi_gpio_1/U0/AXI_LITE_IPIF_I/I_SLAVE_ATTACHMENT/is_read_i_1_n_0                                                                                                                                        | BD_i/axi_gpio_1/U0/AXI_LITE_IPIF_I/I_SLAVE_ATTACHMENT/SR[0]                                                                                                                                   |                1 |              2 |         2.00 |
|  BD_i/zynq_ultra_ps_e_0/inst/pl_clk0 | BD_i/axi_smc/inst/m01_exit_pipeline/m01_exit/inst/splitter_inst/gen_axi4lite.axilite_conv/E[0]                                                                                                               | BD_i/axi_smc/inst/m01_exit_pipeline/m01_exit/inst/splitter_inst/gen_axi4lite.axilite_conv/s_axi_bresp_i[1]_i_1_n_0                                                                            |                1 |              2 |         2.00 |
|  BD_i/zynq_ultra_ps_e_0/inst/pl_clk0 | BD_i/ChaosCoreTop_0/inst/chiptop/system/tile_prci_domain/element_reset_domain_ChaosCore_tile/core/backend/execution_engine/MOB/MOB_10_counter[1]_i_2_n_0                                                     | BD_i/ChaosCoreTop_0/inst/chiptop/system/tile_prci_domain/element_reset_domain_ChaosCore_tile/core/backend/execution_engine/MOB/MOB_10_counter[1]_i_1_n_0                                      |                1 |              2 |         2.00 |
|  BD_i/zynq_ultra_ps_e_0/inst/pl_clk0 | BD_i/ChaosCoreTop_0/inst/chiptop/system/tile_prci_domain/element_reset_domain_ChaosCore_tile/dcache/mshrs/mshrs_3/rpq/E[0]                                                                                   | BD_i/ChaosCoreTop_0/inst/chiptop/system/chipyard_prcictrl_domain/resetSynchronizer/nodeOut_member_allClocks_uncore_reset_catcher/io_sync_reset_chain/output_chain/sync_0_reg_0                |                1 |              2 |         2.00 |
|  BD_i/zynq_ultra_ps_e_0/inst/pl_clk0 | BD_i/axi_smc/inst/s00_entry_pipeline/s00_si_converter/inst/gen_normal.splitter_inst/gen_wsplitter.wsplit_first_offset_fifo/gen_pipelined.mesg_reg                                                            |                                                                                                                                                                                               |                1 |              2 |         2.00 |
|  BD_i/zynq_ultra_ps_e_0/inst/pl_clk0 | BD_i/axi_smc/inst/switchboards/i_nodes/i_aw_node/inst/inst_si_handler/gen_si_handler.gen_arbiter_rr_minimal_area.inst_arbiter/grant_i_reg[1]_0[0]                                                            | BD_i/axi_smc/inst/switchboards/i_nodes/i_aw_node/inst/inst_si_handler/areset_r                                                                                                                |                1 |              2 |         2.00 |
|  BD_i/zynq_ultra_ps_e_0/inst/pl_clk0 | BD_i/ChaosCoreTop_0/inst/chiptop/system/tile_prci_domain/element_reset_domain_ChaosCore_tile/dcache/wb/active                                                                                                | BD_i/ChaosCoreTop_0/inst/chiptop/system/chipyard_prcictrl_domain/resetSynchronizer/nodeOut_member_allClocks_uncore_reset_catcher/io_sync_reset_chain/output_chain/sync_0_reg_0                |                2 |              2 |         1.00 |
|  BD_i/zynq_ultra_ps_e_0/inst/pl_clk0 | BD_i/axi_smc/inst/switchboards/i_nodes/i_aw_node/inst/inst_si_handler/gen_si_handler.gen_arbiter_rr_minimal_area.inst_arbiter/E[0]                                                                           | BD_i/axi_smc/inst/switchboards/i_nodes/i_aw_node/inst/inst_si_handler/areset_r                                                                                                                |                1 |              2 |         2.00 |
|  BD_i/zynq_ultra_ps_e_0/inst/pl_clk0 | BD_i/axi_smc/inst/switchboards/i_nodes/i_aw_node/inst/inst_si_handler/gen_m_axis_arb_fifo.inst_axis_arb_fifo/gen_pipelined.load_mesg                                                                         |                                                                                                                                                                                               |                1 |              2 |         2.00 |
|  BD_i/zynq_ultra_ps_e_0/inst/pl_clk0 | BD_i/axi_smc/inst/switchboards/i_nodes/i_b_node/inst/inst_mi_handler/gen_normal_area.gen_fi_regulator.inst_fi_regulator/allow_transfer_r_reg_0                                                               | BD_i/axi_smc/inst/switchboards/i_nodes/i_b_node/inst/inst_si_handler/gen_si_handler.gen_request_counters.gen_req_counter[0].inst_req_counter/areset_r_reg[0]                                  |                1 |              2 |         2.00 |
|  BD_i/zynq_ultra_ps_e_0/inst/pl_clk0 | BD_i/axi_smc/inst/switchboards/i_nodes/i_aw_node/inst/inst_si_handler/gen_m_axis_arb_fifo.inst_axis_arb_fifo/gen_srls[1].srl_nx1/shift                                                                       |                                                                                                                                                                                               |                1 |              2 |         2.00 |
|  BD_i/zynq_ultra_ps_e_0/inst/pl_clk0 | BD_i/axi_smc/inst/switchboards/i_nodes/i_aw_node/inst/inst_mi_handler/gen_normal_area.gen_fi_regulator.inst_fi_regulator/allow_transfer_r_reg_0                                                              | BD_i/axi_smc/inst/switchboards/i_nodes/i_aw_node/inst/inst_si_handler/gen_m_axis_arb_fifo.inst_axis_arb_fifo/SR[0]                                                                            |                1 |              2 |         2.00 |
|  BD_i/zynq_ultra_ps_e_0/inst/pl_clk0 | BD_i/axi_smc/inst/switchboards/i_nodes/i_ar_node/inst/inst_si_handler/gen_si_handler.gen_request_counters.gen_req_counter[1].inst_req_counter/allow_transfer_r_reg[0]                                        | BD_i/axi_smc/inst/switchboards/i_nodes/i_ar_node/inst/inst_si_handler/areset_r                                                                                                                |                1 |              2 |         2.00 |
|  BD_i/zynq_ultra_ps_e_0/inst/pl_clk0 | BD_i/axi_smc/inst/switchboards/i_nodes/i_ar_node/inst/inst_si_handler/gen_si_handler.gen_arbiter_rr_minimal_area.inst_arbiter/grant_i_reg[1]_0[0]                                                            | BD_i/axi_smc/inst/switchboards/i_nodes/i_ar_node/inst/inst_si_handler/areset_r                                                                                                                |                1 |              2 |         2.00 |
|  BD_i/zynq_ultra_ps_e_0/inst/pl_clk0 | BD_i/axi_smc/inst/switchboards/i_nodes/i_ar_node/inst/inst_si_handler/gen_si_handler.gen_arbiter_rr_minimal_area.inst_arbiter/E[0]                                                                           | BD_i/axi_smc/inst/switchboards/i_nodes/i_ar_node/inst/inst_si_handler/areset_r                                                                                                                |                1 |              2 |         2.00 |
|  BD_i/zynq_ultra_ps_e_0/inst/pl_clk0 | BD_i/axi_smc/inst/switchboards/i_nodes/i_ar_node/inst/inst_mi_handler/gen_normal_area.gen_fi_regulator.inst_fi_regulator/allow_transfer_r_reg_0                                                              | BD_i/axi_smc/inst/switchboards/i_nodes/i_ar_node/inst/inst_si_handler/gen_si_handler.gen_request_counters.gen_req_counter[0].inst_req_counter/areset_r_reg[0]                                 |                1 |              2 |         2.00 |
|  BD_i/zynq_ultra_ps_e_0/inst/pl_clk0 | BD_i/ChaosCoreTop_0/inst/chiptop/system/sbus/coupler_to_port_named_mmio_port_axi4/axi4deint/qs_queue_9/deq_ptr_value[2]_i_1__15_n_0                                                                          | BD_i/ChaosCoreTop_0/inst/chiptop/system/chipyard_prcictrl_domain/resetSynchronizer/nodeOut_member_allClocks_uncore_reset_catcher/io_sync_reset_chain/output_chain/sync_0_reg_0                |                1 |              3 |         3.00 |
|  BD_i/zynq_ultra_ps_e_0/inst/pl_clk0 | BD_i/axi_smc/inst/s00_entry_pipeline/s00_si_converter/inst/converter.wrap_narrow_inst/w_payld_fifo/cmd_fifo/gen_pipelined.state                                                                              | BD_i/axi_smc/inst/s00_entry_pipeline/s00_si_converter/inst/areset                                                                                                                             |                1 |              3 |         3.00 |
|  BD_i/zynq_ultra_ps_e_0/inst/pl_clk0 | BD_i/axi_smc/inst/s01_entry_pipeline/s01_si_converter/inst/converter.wrap_narrow_inst/ar_reg_slice/state                                                                                                     | BD_i/axi_smc/inst/s01_entry_pipeline/s01_si_converter/inst/areset                                                                                                                             |                1 |              3 |         3.00 |
|  BD_i/zynq_ultra_ps_e_0/inst/pl_clk0 | BD_i/ChaosCoreTop_0/inst/chiptop/system/sbus/coupler_to_port_named_mmio_port_axi4/axi4deint/qs_queue_8/deq_ptr_value[2]_i_1__11_n_0                                                                          | BD_i/ChaosCoreTop_0/inst/chiptop/system/chipyard_prcictrl_domain/resetSynchronizer/nodeOut_member_allClocks_uncore_reset_catcher/io_sync_reset_chain/output_chain/sync_0_reg_0                |                1 |              3 |         3.00 |
|  BD_i/zynq_ultra_ps_e_0/inst/pl_clk0 | BD_i/axi_smc/inst/s01_entry_pipeline/s01_si_converter/inst/converter.wrap_narrow_inst/gen_thread_loop[0].r_payld_fifo/cmd_fifo/gen_pipelined.state                                                           | BD_i/axi_smc/inst/s01_entry_pipeline/s01_si_converter/inst/areset                                                                                                                             |                1 |              3 |         3.00 |
|  BD_i/zynq_ultra_ps_e_0/inst/pl_clk0 | BD_i/axi_smc/inst/s01_entry_pipeline/s01_si_converter/inst/converter.wrap_narrow_inst/gen_thread_loop[0].r_cmd_fifo/gen_pipelined.state_reg[1]_0[0]                                                          | BD_i/axi_smc/inst/s01_entry_pipeline/s01_si_converter/inst/areset                                                                                                                             |                1 |              3 |         3.00 |
|  BD_i/zynq_ultra_ps_e_0/inst/pl_clk0 | BD_i/ChaosCoreTop_0/inst/chiptop/system/coh_wrapper/l2/inclusive_cache_bank_sched/sinkD/d_q/ram_ext/bad_grant_i_2__5_0[0]                                                                                    |                                                                                                                                                                                               |                1 |              3 |         3.00 |
|  BD_i/zynq_ultra_ps_e_0/inst/pl_clk0 | BD_i/ChaosCoreTop_0/inst/chiptop/system/sbus/coupler_to_port_named_mmio_port_axi4/axi4deint/qs_queue_7/deq_ptr_value[2]_i_1__16_n_0                                                                          | BD_i/ChaosCoreTop_0/inst/chiptop/system/chipyard_prcictrl_domain/resetSynchronizer/nodeOut_member_allClocks_uncore_reset_catcher/io_sync_reset_chain/output_chain/sync_0_reg_0                |                2 |              3 |         1.50 |
|  BD_i/zynq_ultra_ps_e_0/inst/pl_clk0 | BD_i/ChaosCoreTop_0/inst/chiptop/system/cbus/buffer/nodeIn_d_q/full_reg[0]                                                                                                                                   | BD_i/ChaosCoreTop_0/inst/chiptop/system/chipyard_prcictrl_domain/resetSynchronizer/nodeOut_member_allClocks_uncore_reset_catcher/io_sync_reset_chain/output_chain/sync_0_reg_0                |                2 |              3 |         1.50 |
|  BD_i/zynq_ultra_ps_e_0/inst/pl_clk0 | BD_i/ChaosCoreTop_0/inst/chiptop/system/cbus/buffer/nodeIn_d_q/state_5_reg[0]                                                                                                                                | BD_i/ChaosCoreTop_0/inst/chiptop/system/chipyard_prcictrl_domain/resetSynchronizer/nodeOut_member_allClocks_uncore_reset_catcher/io_sync_reset_chain/output_chain/sync_0_reg_0                |                1 |              3 |         3.00 |
|  BD_i/zynq_ultra_ps_e_0/inst/pl_clk0 | BD_i/ChaosCoreTop_0/inst/chiptop/system/sbus/coupler_to_port_named_mmio_port_axi4/axi4deint/qs_queue_6/deq_ptr_value[2]_i_1__20_n_0                                                                          | BD_i/ChaosCoreTop_0/inst/chiptop/system/chipyard_prcictrl_domain/resetSynchronizer/nodeOut_member_allClocks_uncore_reset_catcher/io_sync_reset_chain/output_chain/sync_0_reg_0                |                1 |              3 |         3.00 |
|  BD_i/zynq_ultra_ps_e_0/inst/pl_clk0 | BD_i/ChaosCoreTop_0/inst/chiptop/system/cbus/coupler_to_plic/fragmenter/_GEN_1                                                                                                                               |                                                                                                                                                                                               |                3 |              3 |         1.00 |
|  BD_i/zynq_ultra_ps_e_0/inst/pl_clk0 | BD_i/ChaosCoreTop_0/inst/chiptop/system/tile_prci_domain/element_reset_domain_ChaosCore_tile/core/backend/execution_engine/MOB/MOB_12_MOB_STATE[2]_i_1_n_0                                                   |                                                                                                                                                                                               |                1 |              3 |         3.00 |
|  BD_i/zynq_ultra_ps_e_0/inst/pl_clk0 | BD_i/ChaosCoreTop_0/inst/chiptop/system/pbus/buffer/nodeIn_d_q/p_7_in                                                                                                                                        | BD_i/ChaosCoreTop_0/inst/chiptop/system/pbus/atomics/d_first_counter[2]_i_1__1_n_0                                                                                                            |                2 |              3 |         1.50 |
|  BD_i/zynq_ultra_ps_e_0/inst/pl_clk0 | BD_i/ChaosCoreTop_0/inst/chiptop/system/coh_wrapper/l2/inclusive_cache_bank_sched/sinkD/d_q/ram_ext/clock_uncore_1                                                                                           |                                                                                                                                                                                               |                2 |              3 |         1.50 |
|  BD_i/zynq_ultra_ps_e_0/inst/pl_clk0 | BD_i/ChaosCoreTop_0/inst/chiptop/system/coh_wrapper/l2/inclusive_cache_bank_sched/sinkD/d_q/ram_ext/clock_uncore_0                                                                                           |                                                                                                                                                                                               |                1 |              3 |         3.00 |
|  BD_i/zynq_ultra_ps_e_0/inst/pl_clk0 | BD_i/ChaosCoreTop_0/inst/chiptop/system/coh_wrapper/l2/inclusive_cache_bank_sched/sinkD/d_q/ram_ext/r_counter_reg[1]                                                                                         |                                                                                                                                                                                               |                1 |              3 |         3.00 |
|  BD_i/zynq_ultra_ps_e_0/inst/pl_clk0 | BD_i/ChaosCoreTop_0/inst/chiptop/system/coh_wrapper/l2/inclusive_cache_bank_sched/sinkD/d_q/ram_ext/r_counter_reg[1]_0                                                                                       |                                                                                                                                                                                               |                1 |              3 |         3.00 |
|  BD_i/zynq_ultra_ps_e_0/inst/pl_clk0 | BD_i/ChaosCoreTop_0/inst/chiptop/system/coh_wrapper/l2/inclusive_cache_bank_sched/sinkD/d_q/ram_ext/r_counter_reg[1]_1                                                                                       |                                                                                                                                                                                               |                1 |              3 |         3.00 |
|  BD_i/zynq_ultra_ps_e_0/inst/pl_clk0 | BD_i/ChaosCoreTop_0/inst/chiptop/system/coh_wrapper/l2/inclusive_cache_bank_sched/sinkD/d_q/ram_ext/r_counter_reg[2]                                                                                         | BD_i/ChaosCoreTop_0/inst/chiptop/system/chipyard_prcictrl_domain/resetSynchronizer/nodeOut_member_allClocks_uncore_reset_catcher/io_sync_reset_chain/output_chain/sync_0_reg_0                |                3 |              3 |         1.00 |
|  BD_i/zynq_ultra_ps_e_0/inst/pl_clk0 | BD_i/smartconnect_0/inst/m00_exit_pipeline/m00_exit/inst/r_reg/state                                                                                                                                         | BD_i/smartconnect_0/inst/m00_exit_pipeline/m00_exit/inst/areset                                                                                                                               |                1 |              3 |         3.00 |
|  BD_i/zynq_ultra_ps_e_0/inst/pl_clk0 | BD_i/smartconnect_0/inst/m00_exit_pipeline/m00_exit/inst/w_reg/state                                                                                                                                         | BD_i/smartconnect_0/inst/m00_exit_pipeline/m00_exit/inst/areset                                                                                                                               |                1 |              3 |         3.00 |
|  BD_i/zynq_ultra_ps_e_0/inst/pl_clk0 | BD_i/ChaosCoreTop_0/inst/chiptop/system/cbus/buffer/nodeOut_a_q/ram_ext/full_reg_11[0]                                                                                                                       | BD_i/ChaosCoreTop_0/inst/chiptop/system/chipyard_prcictrl_domain/resetSynchronizer/nodeOut_member_allClocks_uncore_reset_catcher/io_sync_reset_chain/output_chain/sync_0_reg_0                |                2 |              3 |         1.50 |
|  BD_i/zynq_ultra_ps_e_0/inst/pl_clk0 | BD_i/axi_smc/inst/s01_entry_pipeline/s01_si_converter/inst/converter.wrap_narrow_inst/gen_thread_loop[0].r_cmd_fifo/gen_pipelined.state                                                                      | BD_i/axi_smc/inst/s01_entry_pipeline/s01_si_converter/inst/areset                                                                                                                             |                1 |              3 |         3.00 |
|  BD_i/zynq_ultra_ps_e_0/inst/pl_clk0 | BD_i/axi_smc/inst/s01_entry_pipeline/s01_mmu/inst/gen_endpoint.decerr_slave_inst/FSM_onehot_gen_axi.gen_write.write_cs[2]_i_1_n_0                                                                            | BD_i/axi_smc/inst/s01_entry_pipeline/s01_mmu/inst/areset                                                                                                                                      |                1 |              3 |         3.00 |
|  BD_i/zynq_ultra_ps_e_0/inst/pl_clk0 | BD_i/axi_smc/inst/m01_exit_pipeline/m01_exit/inst/splitter_inst/gen_axi4lite.axilite_conv/w_state                                                                                                            | BD_i/axi_smc/inst/m01_exit_pipeline/m01_exit/inst/areset                                                                                                                                      |                2 |              3 |         1.50 |
|  BD_i/zynq_ultra_ps_e_0/inst/pl_clk0 | BD_i/ChaosCoreTop_0/inst/chiptop/system/coh_wrapper/l2/inclusive_cache_bank_sched/sinkC/io_bs_adr_q/p_2_in_15                                                                                                | BD_i/ChaosCoreTop_0/inst/chiptop/system/coh_wrapper/l2/inclusive_cache_bank_sched/sourceC/beat[2]_i_1_n_0                                                                                     |                1 |              3 |         3.00 |
|  BD_i/zynq_ultra_ps_e_0/inst/pl_clk0 | BD_i/ChaosCoreTop_0/inst/chiptop/system/cbus/coupler_to_l2_ctrl/buffer/nodeIn_d_q/state_1_reg[0]                                                                                                             | BD_i/ChaosCoreTop_0/inst/chiptop/system/chipyard_prcictrl_domain/resetSynchronizer/nodeOut_member_allClocks_uncore_reset_catcher/io_sync_reset_chain/output_chain/sync_0_reg_0                |                2 |              3 |         1.50 |
|  BD_i/zynq_ultra_ps_e_0/inst/pl_clk0 | BD_i/ChaosCoreTop_0/inst/chiptop/system/chipyard_prcictrl_domain/fragmenter/dOrig[2]_i_1__0_n_0                                                                                                              |                                                                                                                                                                                               |                1 |              3 |         3.00 |
|  BD_i/zynq_ultra_ps_e_0/inst/pl_clk0 | BD_i/ChaosCoreTop_0/inst/chiptop/system/cbus/coupler_to_l2_ctrl/fragmenter/_GEN_1                                                                                                                            |                                                                                                                                                                                               |                2 |              3 |         1.50 |
|  BD_i/zynq_ultra_ps_e_0/inst/pl_clk0 | BD_i/ChaosCoreTop_0/inst/chiptop/system/cbus/buffer/nodeOut_a_q/ram_ext/full_reg_6[0]                                                                                                                        | BD_i/ChaosCoreTop_0/inst/chiptop/system/chipyard_prcictrl_domain/resetSynchronizer/nodeOut_member_allClocks_uncore_reset_catcher/io_sync_reset_chain/output_chain/sync_0_reg_0                |                1 |              3 |         3.00 |
|  BD_i/zynq_ultra_ps_e_0/inst/pl_clk0 | BD_i/ChaosCoreTop_0/inst/chiptop/system/sbus/coupler_to_port_named_mmio_port_axi4/axi4buf/nodeIn_r_deq_q/ram_ext/do_enq_26                                                                                   | BD_i/ChaosCoreTop_0/inst/chiptop/system/chipyard_prcictrl_domain/resetSynchronizer/nodeOut_member_allClocks_uncore_reset_catcher/io_sync_reset_chain/output_chain/sync_0_reg_0                |                2 |              3 |         1.50 |
|  BD_i/zynq_ultra_ps_e_0/inst/pl_clk0 | BD_i/ChaosCoreTop_0/inst/chiptop/system/sbus/coupler_to_port_named_mmio_port_axi4/axi4buf/nodeIn_r_deq_q/ram_ext/do_enq_18                                                                                   | BD_i/ChaosCoreTop_0/inst/chiptop/system/chipyard_prcictrl_domain/resetSynchronizer/nodeOut_member_allClocks_uncore_reset_catcher/io_sync_reset_chain/output_chain/sync_0_reg_0                |                1 |              3 |         3.00 |
|  BD_i/zynq_ultra_ps_e_0/inst/pl_clk0 | BD_i/ChaosCoreTop_0/inst/chiptop/system/sbus/coupler_to_port_named_mmio_port_axi4/axi4buf/nodeIn_r_deq_q/ram_ext/do_enq_19                                                                                   | BD_i/ChaosCoreTop_0/inst/chiptop/system/chipyard_prcictrl_domain/resetSynchronizer/nodeOut_member_allClocks_uncore_reset_catcher/io_sync_reset_chain/output_chain/sync_0_reg_0                |                1 |              3 |         3.00 |
|  BD_i/zynq_ultra_ps_e_0/inst/pl_clk0 | BD_i/ChaosCoreTop_0/inst/chiptop/system/sbus/coupler_to_port_named_mmio_port_axi4/axi4buf/nodeIn_r_deq_q/ram_ext/do_enq_20                                                                                   | BD_i/ChaosCoreTop_0/inst/chiptop/system/chipyard_prcictrl_domain/resetSynchronizer/nodeOut_member_allClocks_uncore_reset_catcher/io_sync_reset_chain/output_chain/sync_0_reg_0                |                2 |              3 |         1.50 |
|  BD_i/zynq_ultra_ps_e_0/inst/pl_clk0 | BD_i/ChaosCoreTop_0/inst/chiptop/system/sbus/coupler_to_port_named_mmio_port_axi4/axi4buf/nodeIn_r_deq_q/ram_ext/do_enq_21                                                                                   | BD_i/ChaosCoreTop_0/inst/chiptop/system/chipyard_prcictrl_domain/resetSynchronizer/nodeOut_member_allClocks_uncore_reset_catcher/io_sync_reset_chain/output_chain/sync_0_reg_0                |                2 |              3 |         1.50 |
|  BD_i/zynq_ultra_ps_e_0/inst/pl_clk0 | BD_i/ChaosCoreTop_0/inst/chiptop/system/sbus/coupler_to_port_named_mmio_port_axi4/axi4buf/nodeIn_r_deq_q/ram_ext/do_enq_22                                                                                   | BD_i/ChaosCoreTop_0/inst/chiptop/system/chipyard_prcictrl_domain/resetSynchronizer/nodeOut_member_allClocks_uncore_reset_catcher/io_sync_reset_chain/output_chain/sync_0_reg_0                |                2 |              3 |         1.50 |
|  BD_i/zynq_ultra_ps_e_0/inst/pl_clk0 | BD_i/ChaosCoreTop_0/inst/chiptop/system/sbus/coupler_to_port_named_mmio_port_axi4/axi4buf/nodeIn_r_deq_q/ram_ext/do_enq_23                                                                                   | BD_i/ChaosCoreTop_0/inst/chiptop/system/chipyard_prcictrl_domain/resetSynchronizer/nodeOut_member_allClocks_uncore_reset_catcher/io_sync_reset_chain/output_chain/sync_0_reg_0                |                1 |              3 |         3.00 |
|  BD_i/zynq_ultra_ps_e_0/inst/pl_clk0 | BD_i/ChaosCoreTop_0/inst/chiptop/system/sbus/coupler_to_port_named_mmio_port_axi4/axi4buf/nodeIn_r_deq_q/ram_ext/do_enq_24                                                                                   | BD_i/ChaosCoreTop_0/inst/chiptop/system/chipyard_prcictrl_domain/resetSynchronizer/nodeOut_member_allClocks_uncore_reset_catcher/io_sync_reset_chain/output_chain/sync_0_reg_0                |                1 |              3 |         3.00 |
|  BD_i/zynq_ultra_ps_e_0/inst/pl_clk0 | BD_i/ChaosCoreTop_0/inst/chiptop/system/sbus/coupler_to_port_named_mmio_port_axi4/axi4buf/nodeIn_r_deq_q/ram_ext/do_enq_25                                                                                   | BD_i/ChaosCoreTop_0/inst/chiptop/system/chipyard_prcictrl_domain/resetSynchronizer/nodeOut_member_allClocks_uncore_reset_catcher/io_sync_reset_chain/output_chain/sync_0_reg_0                |                1 |              3 |         3.00 |
|  BD_i/zynq_ultra_ps_e_0/inst/pl_clk0 | BD_i/ChaosCoreTop_0/inst/chiptop/system/sbus/coupler_to_port_named_mmio_port_axi4/axi4buf/nodeIn_r_deq_q/ram_ext/do_enq_13                                                                                   | BD_i/ChaosCoreTop_0/inst/chiptop/system/chipyard_prcictrl_domain/resetSynchronizer/nodeOut_member_allClocks_uncore_reset_catcher/io_sync_reset_chain/output_chain/sync_0_reg_0                |                1 |              3 |         3.00 |
|  BD_i/zynq_ultra_ps_e_0/inst/pl_clk0 | BD_i/ChaosCoreTop_0/inst/chiptop/system/sbus/coupler_to_port_named_mmio_port_axi4/axi4buf/nodeIn_r_deq_q/ram_ext/do_enq_27                                                                                   | BD_i/ChaosCoreTop_0/inst/chiptop/system/chipyard_prcictrl_domain/resetSynchronizer/nodeOut_member_allClocks_uncore_reset_catcher/io_sync_reset_chain/output_chain/sync_0_reg_0                |                2 |              3 |         1.50 |
|  BD_i/zynq_ultra_ps_e_0/inst/pl_clk0 | BD_i/ChaosCoreTop_0/inst/chiptop/system/pbus/coupler_to_device_named_uart_0/fragmenter/dOrig[2]_i_1__7_n_0                                                                                                   |                                                                                                                                                                                               |                1 |              3 |         3.00 |
|  BD_i/zynq_ultra_ps_e_0/inst/pl_clk0 | BD_i/ChaosCoreTop_0/inst/chiptop/system/pbus/coupler_to_device_named_uart_0/fragmenter/repeater/full_reg_4[0]                                                                                                | BD_i/ChaosCoreTop_0/inst/chiptop/system/chipyard_prcictrl_domain/resetSynchronizer/nodeOut_member_allClocks_uncore_reset_catcher/io_sync_reset_chain/output_chain/sync_0_reg_0                |                1 |              3 |         3.00 |
|  BD_i/zynq_ultra_ps_e_0/inst/pl_clk0 | BD_i/axi_smc/inst/s01_entry_pipeline/s01_mmu/inst/aw_reg_stall/state                                                                                                                                         | BD_i/axi_smc/inst/s01_entry_pipeline/s01_mmu/inst/areset                                                                                                                                      |                1 |              3 |         3.00 |
|  BD_i/zynq_ultra_ps_e_0/inst/pl_clk0 | BD_i/axi_smc/inst/s01_entry_pipeline/s01_mmu/inst/ar_reg_stall/state                                                                                                                                         | BD_i/axi_smc/inst/s01_entry_pipeline/s01_mmu/inst/areset                                                                                                                                      |                1 |              3 |         3.00 |
|  BD_i/zynq_ultra_ps_e_0/inst/pl_clk0 | BD_i/ChaosCoreTop_0/inst/chiptop/system/pbus/coupler_to_device_named_uart_0/fragmenter/repeater/E[0]                                                                                                         | BD_i/ChaosCoreTop_0/inst/chiptop/system/chipyard_prcictrl_domain/resetSynchronizer/nodeOut_member_allClocks_uncore_reset_catcher/io_sync_reset_chain/output_chain/sync_0_reg_0                |                1 |              3 |         3.00 |
|  BD_i/zynq_ultra_ps_e_0/inst/pl_clk0 | BD_i/ChaosCoreTop_0/inst/chiptop/system/pbus/coupler_to_bootaddressreg/fragmenter/dOrig[2]_i_1__6_n_0                                                                                                        |                                                                                                                                                                                               |                2 |              3 |         1.50 |
|  BD_i/zynq_ultra_ps_e_0/inst/pl_clk0 | BD_i/ChaosCoreTop_0/inst/chiptop/system/coh_wrapper/l2/inclusive_cache_bank_sched/requests/data_ext/directoryFanout_reg[1]_1[0]                                                                              |                                                                                                                                                                                               |                2 |              3 |         1.50 |
|  BD_i/zynq_ultra_ps_e_0/inst/pl_clk0 | BD_i/ChaosCoreTop_0/inst/chiptop/system/sbus/coupler_to_port_named_mmio_port_axi4/axi4deint/qs_queue_10/deq_ptr_value[2]_i_1__22_n_0                                                                         | BD_i/ChaosCoreTop_0/inst/chiptop/system/chipyard_prcictrl_domain/resetSynchronizer/nodeOut_member_allClocks_uncore_reset_catcher/io_sync_reset_chain/output_chain/sync_0_reg_0                |                1 |              3 |         3.00 |
|  BD_i/zynq_ultra_ps_e_0/inst/pl_clk0 | BD_i/ChaosCoreTop_0/inst/chiptop/system/sbus/coupler_to_port_named_mmio_port_axi4/axi4deint/qs_queue_4/deq_ptr_value[2]_i_1__8_n_0                                                                           | BD_i/ChaosCoreTop_0/inst/chiptop/system/chipyard_prcictrl_domain/resetSynchronizer/nodeOut_member_allClocks_uncore_reset_catcher/io_sync_reset_chain/output_chain/sync_0_reg_0                |                2 |              3 |         1.50 |
|  BD_i/zynq_ultra_ps_e_0/inst/pl_clk0 | BD_i/ChaosCoreTop_0/inst/chiptop/system/sbus/coupler_to_port_named_mmio_port_axi4/axi4deint/qs_queue_3/deq_ptr_value[2]_i_1__19_n_0                                                                          | BD_i/ChaosCoreTop_0/inst/chiptop/system/chipyard_prcictrl_domain/resetSynchronizer/nodeOut_member_allClocks_uncore_reset_catcher/io_sync_reset_chain/output_chain/sync_0_reg_0                |                2 |              3 |         1.50 |
|  BD_i/zynq_ultra_ps_e_0/inst/pl_clk0 | BD_i/ChaosCoreTop_0/inst/chiptop/system/sbus/coupler_to_port_named_mmio_port_axi4/axi4deint/qs_queue_2/deq_ptr_value[2]_i_1__23_n_0                                                                          | BD_i/ChaosCoreTop_0/inst/chiptop/system/chipyard_prcictrl_domain/resetSynchronizer/nodeOut_member_allClocks_uncore_reset_catcher/io_sync_reset_chain/output_chain/sync_0_reg_0                |                1 |              3 |         3.00 |
|  BD_i/zynq_ultra_ps_e_0/inst/pl_clk0 | BD_i/ChaosCoreTop_0/inst/chiptop/system/sbus/coupler_to_port_named_mmio_port_axi4/axi4deint/qs_queue_15/deq_ptr_value[2]_i_1__17_n_0                                                                         | BD_i/ChaosCoreTop_0/inst/chiptop/system/chipyard_prcictrl_domain/resetSynchronizer/nodeOut_member_allClocks_uncore_reset_catcher/io_sync_reset_chain/output_chain/sync_0_reg_0                |                1 |              3 |         3.00 |
|  BD_i/zynq_ultra_ps_e_0/inst/pl_clk0 | BD_i/ChaosCoreTop_0/inst/chiptop/system/sbus/coupler_to_port_named_mmio_port_axi4/axi4deint/qs_queue_14/deq_ptr_value[2]_i_1__21_n_0                                                                         | BD_i/ChaosCoreTop_0/inst/chiptop/system/chipyard_prcictrl_domain/resetSynchronizer/nodeOut_member_allClocks_uncore_reset_catcher/io_sync_reset_chain/output_chain/sync_0_reg_0                |                1 |              3 |         3.00 |
|  BD_i/zynq_ultra_ps_e_0/inst/pl_clk0 | BD_i/ChaosCoreTop_0/inst/chiptop/system/sbus/coupler_to_port_named_mmio_port_axi4/axi4deint/qs_queue_13/deq_ptr_value[2]_i_1__13_n_0                                                                         | BD_i/ChaosCoreTop_0/inst/chiptop/system/chipyard_prcictrl_domain/resetSynchronizer/nodeOut_member_allClocks_uncore_reset_catcher/io_sync_reset_chain/output_chain/sync_0_reg_0                |                1 |              3 |         3.00 |
|  BD_i/zynq_ultra_ps_e_0/inst/pl_clk0 | BD_i/ChaosCoreTop_0/inst/chiptop/system/sbus/coupler_to_port_named_mmio_port_axi4/axi4deint/qs_queue_12/deq_ptr_value[2]_i_1__9_n_0                                                                          | BD_i/ChaosCoreTop_0/inst/chiptop/system/chipyard_prcictrl_domain/resetSynchronizer/nodeOut_member_allClocks_uncore_reset_catcher/io_sync_reset_chain/output_chain/sync_0_reg_0                |                1 |              3 |         3.00 |
|  BD_i/zynq_ultra_ps_e_0/inst/pl_clk0 | BD_i/ChaosCoreTop_0/inst/chiptop/system/sbus/coupler_to_port_named_mmio_port_axi4/axi4deint/qs_queue_11/deq_ptr_value[2]_i_1__18_n_0                                                                         | BD_i/ChaosCoreTop_0/inst/chiptop/system/chipyard_prcictrl_domain/resetSynchronizer/nodeOut_member_allClocks_uncore_reset_catcher/io_sync_reset_chain/output_chain/sync_0_reg_0                |                1 |              3 |         3.00 |
|  BD_i/zynq_ultra_ps_e_0/inst/pl_clk0 | BD_i/ChaosCoreTop_0/inst/chiptop/system/sbus/coupler_to_port_named_mmio_port_axi4/axi4deint/qs_queue_5/deq_ptr_value[2]_i_1__12_n_0                                                                          | BD_i/ChaosCoreTop_0/inst/chiptop/system/chipyard_prcictrl_domain/resetSynchronizer/nodeOut_member_allClocks_uncore_reset_catcher/io_sync_reset_chain/output_chain/sync_0_reg_0                |                1 |              3 |         3.00 |
|  BD_i/zynq_ultra_ps_e_0/inst/pl_clk0 | BD_i/ChaosCoreTop_0/inst/chiptop/system/sbus/coupler_to_port_named_mmio_port_axi4/axi4deint/qs_queue_1/deq_ptr_value[2]_i_1__14_n_0                                                                          | BD_i/ChaosCoreTop_0/inst/chiptop/system/chipyard_prcictrl_domain/resetSynchronizer/nodeOut_member_allClocks_uncore_reset_catcher/io_sync_reset_chain/output_chain/sync_0_reg_0                |                1 |              3 |         3.00 |
|  BD_i/zynq_ultra_ps_e_0/inst/pl_clk0 | BD_i/ChaosCoreTop_0/inst/chiptop/system/sbus/coupler_to_port_named_mmio_port_axi4/axi4deint/qs_queue_0/do_deq                                                                                                | BD_i/ChaosCoreTop_0/inst/chiptop/system/chipyard_prcictrl_domain/resetSynchronizer/nodeOut_member_allClocks_uncore_reset_catcher/io_sync_reset_chain/output_chain/sync_0_reg_0                |                1 |              3 |         3.00 |
|  BD_i/zynq_ultra_ps_e_0/inst/pl_clk0 | BD_i/ChaosCoreTop_0/inst/chiptop/system/sbus/coupler_to_port_named_mmio_port_axi4/axi4buf/nodeIn_r_deq_q/ram_ext/do_enq_16                                                                                   | BD_i/ChaosCoreTop_0/inst/chiptop/system/chipyard_prcictrl_domain/resetSynchronizer/nodeOut_member_allClocks_uncore_reset_catcher/io_sync_reset_chain/output_chain/sync_0_reg_0                |                2 |              3 |         1.50 |
|  BD_i/zynq_ultra_ps_e_0/inst/pl_clk0 | BD_i/ChaosCoreTop_0/inst/chiptop/system/sbus/coupler_to_port_named_mmio_port_axi4/axi4buf/nodeIn_r_deq_q/ram_ext/do_enq_17                                                                                   | BD_i/ChaosCoreTop_0/inst/chiptop/system/chipyard_prcictrl_domain/resetSynchronizer/nodeOut_member_allClocks_uncore_reset_catcher/io_sync_reset_chain/output_chain/sync_0_reg_0                |                2 |              3 |         1.50 |
|  BD_i/zynq_ultra_ps_e_0/inst/pl_clk0 | BD_i/ChaosCoreTop_0/inst/chiptop/system/sbus/coupler_to_port_named_mmio_port_axi4/axi4buf/nodeIn_r_deq_q/ram_ext/do_enq                                                                                      | BD_i/ChaosCoreTop_0/inst/chiptop/system/chipyard_prcictrl_domain/resetSynchronizer/nodeOut_member_allClocks_uncore_reset_catcher/io_sync_reset_chain/output_chain/sync_0_reg_0                |                2 |              3 |         1.50 |
|  BD_i/zynq_ultra_ps_e_0/inst/pl_clk0 | BD_i/ChaosCoreTop_0/inst/chiptop/system/sbus/coupler_to_port_named_mmio_port_axi4/axi4buf/nodeIn_r_deq_q/ram_ext/do_enq_15                                                                                   | BD_i/ChaosCoreTop_0/inst/chiptop/system/chipyard_prcictrl_domain/resetSynchronizer/nodeOut_member_allClocks_uncore_reset_catcher/io_sync_reset_chain/output_chain/sync_0_reg_0                |                2 |              3 |         1.50 |
|  BD_i/zynq_ultra_ps_e_0/inst/pl_clk0 | BD_i/ChaosCoreTop_0/inst/chiptop/system/sbus/coupler_to_port_named_mmio_port_axi4/axi4buf/nodeIn_r_deq_q/ram_ext/do_enq_14                                                                                   | BD_i/ChaosCoreTop_0/inst/chiptop/system/chipyard_prcictrl_domain/resetSynchronizer/nodeOut_member_allClocks_uncore_reset_catcher/io_sync_reset_chain/output_chain/sync_0_reg_0                |                1 |              3 |         3.00 |
|  BD_i/zynq_ultra_ps_e_0/inst/pl_clk0 | BD_i/ChaosCoreTop_0/inst/chiptop/system/coh_wrapper/l2/inclusive_cache_bank_sched/sourceD/s4_latch                                                                                                           | BD_i/ChaosCoreTop_0/inst/chiptop/system/coh_wrapper/l2/inclusive_cache_bank_sched/sourceD/s4_adjusted_opcode                                                                                  |                1 |              3 |         3.00 |
|  BD_i/zynq_ultra_ps_e_0/inst/pl_clk0 | BD_i/ChaosCoreTop_0/inst/chiptop/system/coh_wrapper/InclusiveCache_inner_TLBuffer/nodeOut_a_q/E[0]                                                                                                           | BD_i/ChaosCoreTop_0/inst/chiptop/system/coh_wrapper/InclusiveCache_inner_TLBuffer/nodeOut_a_q/SR[0]                                                                                           |                1 |              3 |         3.00 |
|  BD_i/zynq_ultra_ps_e_0/inst/pl_clk0 | BD_i/axi_smc/inst/s00_entry_pipeline/s00_mmu/inst/aw_reg_stall/state                                                                                                                                         | BD_i/axi_smc/inst/s00_entry_pipeline/s00_mmu/inst/areset                                                                                                                                      |                1 |              3 |         3.00 |
|  BD_i/zynq_ultra_ps_e_0/inst/pl_clk0 | BD_i/ChaosCoreTop_0/inst/chiptop/system/tile_prci_domain/element_reset_domain_ChaosCore_tile/core/backend/execution_engine/MOB/MOB_7_MOB_STATE[2]_i_1_n_0                                                    |                                                                                                                                                                                               |                1 |              3 |         3.00 |
|  BD_i/zynq_ultra_ps_e_0/inst/pl_clk0 | BD_i/ChaosCoreTop_0/inst/chiptop/system/coh_wrapper/l2/inclusive_cache_bank_sched/sourceD/s2_latch                                                                                                           | BD_i/ChaosCoreTop_0/inst/chiptop/system/coh_wrapper/l2/inclusive_cache_bank_sched/sourceD/s1_counter[2]_i_1_n_0                                                                               |                2 |              3 |         1.50 |
|  BD_i/zynq_ultra_ps_e_0/inst/pl_clk0 | BD_i/ChaosCoreTop_0/inst/chiptop/system/tlDM/dmInner/dmInner/sb2tlOpt/d_q/maybe_full_reg_0[0]                                                                                                                | BD_i/ChaosCoreTop_0/inst/chiptop/system/fbus/coupler_from_debug_sb/widget/repeated_repeater/SR[0]                                                                                             |                1 |              3 |         3.00 |
|  BD_i/zynq_ultra_ps_e_0/inst/pl_clk0 | BD_i/ChaosCoreTop_0/inst/chiptop/system/tile_prci_domain/element_reset_domain_ChaosCore_tile/core/backend/execution_engine/MOB/MOB_6_MOB_STATE[2]_i_1_n_0                                                    |                                                                                                                                                                                               |                1 |              3 |         3.00 |
|  BD_i/zynq_ultra_ps_e_0/inst/pl_clk0 | BD_i/axi_smc/inst/s00_entry_pipeline/s00_mmu/inst/ar_reg_stall/state                                                                                                                                         | BD_i/axi_smc/inst/s00_entry_pipeline/s00_mmu/inst/areset                                                                                                                                      |                2 |              3 |         1.50 |
|  BD_i/zynq_ultra_ps_e_0/inst/pl_clk0 | BD_i/smartconnect_0/inst/m00_nodes/m00_aw_node/inst/inst_si_handler/gen_m_axis_arb_fifo.inst_axis_arb_fifo/gen_pipelined.state[1]_i_1_n_0                                                                    | BD_i/smartconnect_0/inst/m00_nodes/m00_aw_node/inst/inst_si_handler/areset_r                                                                                                                  |                2 |              3 |         1.50 |
|  BD_i/zynq_ultra_ps_e_0/inst/pl_clk0 | BD_i/ChaosCoreTop_0/inst/chiptop/system/tile_prci_domain/element_reset_domain_ChaosCore_tile/core/backend/execution_engine/MOB/MOB_8_MOB_STATE[2]_i_1_n_0                                                    |                                                                                                                                                                                               |                2 |              3 |         1.50 |
|  BD_i/zynq_ultra_ps_e_0/inst/pl_clk0 | BD_i/ChaosCoreTop_0/inst/chiptop/system/tile_prci_domain/element_reset_domain_ChaosCore_tile/core/backend/execution_engine/MOB/MOB_5_MOB_STATE[2]_i_1_n_0                                                    |                                                                                                                                                                                               |                2 |              3 |         1.50 |
|  BD_i/zynq_ultra_ps_e_0/inst/pl_clk0 | BD_i/ChaosCoreTop_0/inst/chiptop/system/coh_wrapper/l2/inclusive_cache_bank_sched/sourceE/io_e_q/sync_0_reg[0]                                                                                               |                                                                                                                                                                                               |                1 |              3 |         3.00 |
|  BD_i/zynq_ultra_ps_e_0/inst/pl_clk0 | BD_i/axi_smc/inst/s00_entry_pipeline/s00_si_converter/inst/converter.wrap_narrow_inst/w_cmd_fifo/gen_pipelined.state                                                                                         | BD_i/axi_smc/inst/s00_entry_pipeline/s00_si_converter/inst/areset                                                                                                                             |                1 |              3 |         3.00 |
|  BD_i/zynq_ultra_ps_e_0/inst/pl_clk0 | BD_i/ChaosCoreTop_0/inst/chiptop/system/tile_prci_domain/element_reset_domain_ChaosCore_tile/core/backend/execution_engine/MOB/MOB_0_MOB_STATE[2]_i_1_n_0                                                    |                                                                                                                                                                                               |                1 |              3 |         3.00 |
|  BD_i/zynq_ultra_ps_e_0/inst/pl_clk0 | BD_i/ChaosCoreTop_0/inst/chiptop/system/tile_prci_domain/element_reset_domain_ChaosCore_tile/core/backend/execution_engine/MOB/MOB_4_MOB_STATE[2]_i_1_n_0                                                    |                                                                                                                                                                                               |                1 |              3 |         3.00 |
|  BD_i/zynq_ultra_ps_e_0/inst/pl_clk0 | BD_i/ChaosCoreTop_0/inst/chiptop/system/tile_prci_domain/element_reset_domain_ChaosCore_tile/core/backend/execution_engine/MOB/MOB_10_MOB_STATE[2]_i_1_n_0                                                   |                                                                                                                                                                                               |                2 |              3 |         1.50 |
|  BD_i/zynq_ultra_ps_e_0/inst/pl_clk0 | BD_i/smartconnect_0/inst/m00_nodes/m00_w_node/inst/inst_si_handler/gen_si_handler.gen_axis_packet_slave_normal_area.inst_allow_transfer_late/E[0]                                                            | BD_i/smartconnect_0/inst/m00_nodes/m00_w_node/inst/inst_si_handler/areset_r                                                                                                                   |                1 |              3 |         3.00 |
|  BD_i/zynq_ultra_ps_e_0/inst/pl_clk0 | BD_i/smartconnect_0/inst/m00_exit_pipeline/m00_exit/inst/b_reg/state                                                                                                                                         | BD_i/smartconnect_0/inst/m00_exit_pipeline/m00_exit/inst/areset                                                                                                                               |                2 |              3 |         1.50 |
|  BD_i/zynq_ultra_ps_e_0/inst/pl_clk0 | BD_i/axi_smc/inst/switchboards/i_nodes/i_aw_node/inst/inst_si_handler/gen_m_axis_arb_fifo.inst_axis_arb_fifo/gen_pipelined.state[1]_i_1_n_0                                                                  | BD_i/axi_smc/inst/switchboards/i_nodes/i_aw_node/inst/inst_si_handler/areset_r                                                                                                                |                2 |              3 |         1.50 |
|  BD_i/zynq_ultra_ps_e_0/inst/pl_clk0 | BD_i/axi_smc/inst/switchboards/i_nodes/i_w_node/inst/inst_mi_handler/gen_normal_area.gen_fi_regulator.inst_fi_regulator/E[0]                                                                                 | BD_i/axi_smc/inst/switchboards/i_nodes/i_w_node/inst/inst_si_handler/areset_r                                                                                                                 |                1 |              3 |         3.00 |
|  BD_i/zynq_ultra_ps_e_0/inst/pl_clk0 | BD_i/axi_smc/inst/switchboards/i_nodes/i_w_node/inst/inst_si_handler/gen_si_handler.gen_request_fifos.gen_req_fifo[0].inst_req_fifo/gen_xpm_memory_fifo.inst_fifo/gen_mem_rep[0].inst_rd_addrb/E[0]          | BD_i/axi_smc/inst/switchboards/i_nodes/i_w_node/inst/inst_si_handler/areset_r                                                                                                                 |                2 |              3 |         1.50 |
|  BD_i/zynq_ultra_ps_e_0/inst/pl_clk0 | BD_i/axi_smc/inst/s00_entry_pipeline/s00_si_converter/inst/converter.wrap_narrow_inst/gen_thread_loop[0].r_cmd_fifo/gen_pipelined.state                                                                      | BD_i/axi_smc/inst/s00_entry_pipeline/s00_si_converter/inst/areset                                                                                                                             |                1 |              3 |         3.00 |
|  BD_i/zynq_ultra_ps_e_0/inst/pl_clk0 | BD_i/axi_smc/inst/s00_entry_pipeline/s00_si_converter/inst/converter.wrap_narrow_inst/aw_reg_slice/state                                                                                                     | BD_i/axi_smc/inst/s00_entry_pipeline/s00_si_converter/inst/areset                                                                                                                             |                1 |              3 |         3.00 |
|  BD_i/zynq_ultra_ps_e_0/inst/pl_clk0 | BD_i/axi_smc/inst/s00_entry_pipeline/s00_si_converter/inst/gen_normal.splitter_inst/ar_cmd_reg/state                                                                                                         | BD_i/axi_smc/inst/s00_entry_pipeline/s00_si_converter/inst/areset                                                                                                                             |                1 |              3 |         3.00 |
|  BD_i/zynq_ultra_ps_e_0/inst/pl_clk0 | BD_i/smartconnect_0/inst/m00_exit_pipeline/m00_exit/inst/aw_reg/state                                                                                                                                        | BD_i/smartconnect_0/inst/m00_exit_pipeline/m00_exit/inst/areset                                                                                                                               |                2 |              3 |         1.50 |
|  BD_i/zynq_ultra_ps_e_0/inst/pl_clk0 | BD_i/axi_smc/inst/s01_entry_pipeline/s01_si_converter/inst/converter.wrap_narrow_inst/w_payld_fifo/cmd_fifo/gen_pipelined.state                                                                              | BD_i/axi_smc/inst/s01_entry_pipeline/s01_si_converter/inst/areset                                                                                                                             |                2 |              3 |         1.50 |
|  BD_i/zynq_ultra_ps_e_0/inst/pl_clk0 | BD_i/smartconnect_0/inst/m00_nodes/m00_w_node/inst/inst_si_handler/gen_si_handler.gen_axis_packet_slave_normal_area.inst_allow_transfer_late/gen_AB_reg_slice.payld_o_reg[0][0]                              | BD_i/smartconnect_0/inst/m00_nodes/m00_w_node/inst/inst_si_handler/areset_r                                                                                                                   |                1 |              3 |         3.00 |
|  BD_i/zynq_ultra_ps_e_0/inst/pl_clk0 | BD_i/axi_smc/inst/s00_entry_pipeline/s00_si_converter/inst/gen_normal.splitter_inst/gen_wsplitter.gen_wthread_loop[0].b_split_fifo/gen_pipelined.state                                                       | BD_i/axi_smc/inst/s00_entry_pipeline/s00_si_converter/inst/areset                                                                                                                             |                2 |              3 |         1.50 |
|  BD_i/zynq_ultra_ps_e_0/inst/pl_clk0 | BD_i/axi_smc/inst/s00_entry_pipeline/s00_si_converter/inst/gen_normal.splitter_inst/gen_wsplitter.w_split_fifo/gen_pipelined.state                                                                           | BD_i/axi_smc/inst/s00_entry_pipeline/s00_si_converter/inst/areset                                                                                                                             |                2 |              3 |         1.50 |
|  BD_i/zynq_ultra_ps_e_0/inst/pl_clk0 | BD_i/axi_smc/inst/s01_entry_pipeline/s01_si_converter/inst/converter.wrap_narrow_inst/w_cmd_fifo/gen_pipelined.state                                                                                         | BD_i/axi_smc/inst/s01_entry_pipeline/s01_si_converter/inst/areset                                                                                                                             |                1 |              3 |         3.00 |
|  BD_i/zynq_ultra_ps_e_0/inst/pl_clk0 | BD_i/axi_smc/inst/s00_entry_pipeline/s00_si_converter/inst/converter.wrap_narrow_inst/gen_thread_loop[0].r_payld_fifo/cmd_fifo/gen_pipelined.state                                                           | BD_i/axi_smc/inst/s00_entry_pipeline/s00_si_converter/inst/areset                                                                                                                             |                1 |              3 |         3.00 |
|  BD_i/zynq_ultra_ps_e_0/inst/pl_clk0 | BD_i/ChaosCoreTop_0/inst/chiptop/system/uartClockDomainWrapper/uart_0/txq/E[0]                                                                                                                               | BD_i/ChaosCoreTop_0/inst/chiptop/system/chipyard_prcictrl_domain/resetSynchronizer/nodeOut_member_allClocks_uncore_reset_catcher/io_sync_reset_chain/output_chain/sync_0_reg_0                |                1 |              3 |         3.00 |
|  BD_i/zynq_ultra_ps_e_0/inst/pl_clk0 | BD_i/ChaosCoreTop_0/inst/chiptop/system/tile_prci_domain/element_reset_domain_ChaosCore_tile/core/backend/execution_engine/MOB/MOB_9_MOB_STATE[2]_i_1_n_0                                                    |                                                                                                                                                                                               |                1 |              3 |         3.00 |
|  BD_i/zynq_ultra_ps_e_0/inst/pl_clk0 | BD_i/ChaosCoreTop_0/inst/chiptop/system/uartClockDomainWrapper/uart_0/rxq/do_enq                                                                                                                             | BD_i/ChaosCoreTop_0/inst/chiptop/system/chipyard_prcictrl_domain/resetSynchronizer/nodeOut_member_allClocks_uncore_reset_catcher/io_sync_reset_chain/output_chain/sync_0_reg_0                |                1 |              3 |         3.00 |
|  BD_i/zynq_ultra_ps_e_0/inst/pl_clk0 | BD_i/ChaosCoreTop_0/inst/chiptop/system/coh_wrapper/l2/inclusive_cache_bank_sched/sinkC/c_q/ram_ext/directoryFanout_reg[6]_2[0]                                                                              |                                                                                                                                                                                               |                2 |              3 |         1.50 |
|  BD_i/zynq_ultra_ps_e_0/inst/pl_clk0 | BD_i/ChaosCoreTop_0/inst/chiptop/system/bank/buffer/nodeOut_a_q/p_1_in                                                                                                                                       | BD_i/ChaosCoreTop_0/inst/chiptop/system/chipyard_prcictrl_domain/resetSynchronizer/nodeOut_member_allClocks_uncore_reset_catcher/io_sync_reset_chain/output_chain/sync_0_reg_0                |                2 |              3 |         1.50 |
|  BD_i/zynq_ultra_ps_e_0/inst/pl_clk0 | BD_i/ChaosCoreTop_0/inst/chiptop/system/bank/fragmenter/dOrig[2]_i_1__1_n_0                                                                                                                                  |                                                                                                                                                                                               |                1 |              3 |         3.00 |
|  BD_i/zynq_ultra_ps_e_0/inst/pl_clk0 | BD_i/ChaosCoreTop_0/inst/chiptop/system/bank/ram/r_read_reg_0[0]                                                                                                                                             | BD_i/ChaosCoreTop_0/inst/chiptop/system/chipyard_prcictrl_domain/resetSynchronizer/nodeOut_member_allClocks_uncore_reset_catcher/io_sync_reset_chain/output_chain/sync_0_reg_0                |                1 |              3 |         3.00 |
|  BD_i/zynq_ultra_ps_e_0/inst/pl_clk0 | BD_i/smartconnect_0/inst/s00_entry_pipeline/s00_mmu/inst/r_sreg/state                                                                                                                                        | BD_i/smartconnect_0/inst/s00_entry_pipeline/s00_mmu/inst/areset                                                                                                                               |                1 |              3 |         3.00 |
|  BD_i/zynq_ultra_ps_e_0/inst/pl_clk0 | BD_i/smartconnect_0/inst/s00_entry_pipeline/s00_mmu/inst/w_sreg/state                                                                                                                                        | BD_i/smartconnect_0/inst/s00_entry_pipeline/s00_mmu/inst/areset                                                                                                                               |                2 |              3 |         1.50 |
|  BD_i/zynq_ultra_ps_e_0/inst/pl_clk0 | BD_i/smartconnect_0/inst/s00_entry_pipeline/s00_si_converter/inst/converter.wrap_narrow_inst/ar_reg_slice/state                                                                                              | BD_i/smartconnect_0/inst/s00_entry_pipeline/s00_si_converter/inst/areset                                                                                                                      |                1 |              3 |         3.00 |
|  BD_i/zynq_ultra_ps_e_0/inst/pl_clk0 | BD_i/smartconnect_0/inst/m00_exit_pipeline/m00_exit/inst/exit_inst/gen_r_cmd_fifo.r_cmd_fifo/gen_pipelined.state                                                                                             | BD_i/smartconnect_0/inst/m00_exit_pipeline/m00_exit/inst/areset                                                                                                                               |                2 |              3 |         1.50 |
|  BD_i/zynq_ultra_ps_e_0/inst/pl_clk0 | BD_i/ChaosCoreTop_0/inst/chiptop/system/coh_wrapper/l2/inclusive_cache_bank_sched/sinkC/c_q/ram_ext/r_counter_reg[2][0]                                                                                      | BD_i/ChaosCoreTop_0/inst/chiptop/system/chipyard_prcictrl_domain/resetSynchronizer/nodeOut_member_allClocks_uncore_reset_catcher/io_sync_reset_chain/output_chain/sync_0_reg_0                |                2 |              3 |         1.50 |
|  BD_i/zynq_ultra_ps_e_0/inst/pl_clk0 | BD_i/ChaosCoreTop_0/inst/chiptop/system/coh_wrapper/l2/inclusive_cache_bank_sched/requests/data_ext/directoryFanout_reg[0]_1[0]                                                                              |                                                                                                                                                                                               |                2 |              3 |         1.50 |
|  BD_i/zynq_ultra_ps_e_0/inst/pl_clk0 | BD_i/ChaosCoreTop_0/inst/chiptop/system/coh_wrapper/l2/inclusive_cache_bank_sched/sinkC/c_q/ram_ext/directoryFanout_reg[5]_2[0]                                                                              |                                                                                                                                                                                               |                2 |              3 |         1.50 |
|  BD_i/zynq_ultra_ps_e_0/inst/pl_clk0 | BD_i/ChaosCoreTop_0/inst/chiptop/system/coh_wrapper/l2/inclusive_cache_bank_sched/sinkC/c_q/ram_ext/directoryFanout_reg[4]_1[0]                                                                              |                                                                                                                                                                                               |                1 |              3 |         3.00 |
|  BD_i/zynq_ultra_ps_e_0/inst/pl_clk0 | BD_i/ChaosCoreTop_0/inst/chiptop/system/tile_prci_domain/element_reset_domain_ChaosCore_tile/core/backend/execution_engine/MOB/MOB_14_MOB_STATE[2]_i_1_n_0                                                   |                                                                                                                                                                                               |                1 |              3 |         3.00 |
|  BD_i/zynq_ultra_ps_e_0/inst/pl_clk0 | BD_i/ChaosCoreTop_0/inst/chiptop/system/tile_prci_domain/element_reset_domain_ChaosCore_tile/core/backend/execution_engine/MOB/MOB_13_MOB_STATE[2]_i_1_n_0                                                   |                                                                                                                                                                                               |                2 |              3 |         1.50 |
|  BD_i/zynq_ultra_ps_e_0/inst/pl_clk0 | BD_i/ChaosCoreTop_0/inst/chiptop/system/coh_wrapper/l2/inclusive_cache_bank_sched/sinkD/d_q/maybe_full_reg_3[0]                                                                                              | BD_i/ChaosCoreTop_0/inst/chiptop/system/coh_wrapper/cork/q/ram_ext/SR[0]                                                                                                                      |                2 |              3 |         1.50 |
|  BD_i/zynq_ultra_ps_e_0/inst/pl_clk0 | BD_i/ChaosCoreTop_0/inst/chiptop/system/coh_wrapper/l2/inclusive_cache_bank_sched/sinkD/d_q/_d_q_io_deq_valid                                                                                                |                                                                                                                                                                                               |                2 |              3 |         1.50 |
|  BD_i/zynq_ultra_ps_e_0/inst/pl_clk0 | BD_i/smartconnect_0/inst/m00_exit_pipeline/m00_exit/inst/exit_inst/gen_w_cmd_fifo.w_cmd_fifo/gen_pipelined.state                                                                                             | BD_i/smartconnect_0/inst/m00_exit_pipeline/m00_exit/inst/areset                                                                                                                               |                2 |              3 |         1.50 |
|  BD_i/zynq_ultra_ps_e_0/inst/pl_clk0 | BD_i/ChaosCoreTop_0/inst/chiptop/system/tile_prci_domain/element_reset_domain_ChaosCore_tile/core/backend/execution_engine/MOB/MOB_1_MOB_STATE[2]_i_1_n_0                                                    |                                                                                                                                                                                               |                1 |              3 |         3.00 |
|  BD_i/zynq_ultra_ps_e_0/inst/pl_clk0 | BD_i/ChaosCoreTop_0/inst/chiptop/system/tile_prci_domain/element_reset_domain_ChaosCore_tile/core/backend/execution_engine/MOB/MOB_3_MOB_STATE[2]_i_1_n_0                                                    |                                                                                                                                                                                               |                2 |              3 |         1.50 |
|  BD_i/zynq_ultra_ps_e_0/inst/pl_clk0 | BD_i/smartconnect_0/inst/s00_entry_pipeline/s00_mmu/inst/b_sreg/state                                                                                                                                        | BD_i/smartconnect_0/inst/s00_entry_pipeline/s00_mmu/inst/areset                                                                                                                               |                1 |              3 |         3.00 |
|  BD_i/zynq_ultra_ps_e_0/inst/pl_clk0 | BD_i/smartconnect_0/inst/s00_entry_pipeline/s00_mmu/inst/aw_sreg/state                                                                                                                                       | BD_i/smartconnect_0/inst/s00_entry_pipeline/s00_mmu/inst/areset                                                                                                                               |                1 |              3 |         3.00 |
|  BD_i/zynq_ultra_ps_e_0/inst/pl_clk0 | BD_i/smartconnect_0/inst/s00_entry_pipeline/s00_mmu/inst/ar_sreg/state                                                                                                                                       | BD_i/smartconnect_0/inst/s00_entry_pipeline/s00_mmu/inst/areset                                                                                                                               |                1 |              3 |         3.00 |
|  BD_i/zynq_ultra_ps_e_0/inst/pl_clk0 | BD_i/ChaosCoreTop_0/inst/chiptop/system/tile_prci_domain/element_reset_domain_ChaosCore_tile/core/backend/execution_engine/MOB/MOB_2_MOB_STATE[2]_i_1_n_0                                                    |                                                                                                                                                                                               |                1 |              3 |         3.00 |
|  BD_i/zynq_ultra_ps_e_0/inst/pl_clk0 | BD_i/axi_smc/inst/s00_entry_pipeline/s00_si_converter/inst/converter.wrap_narrow_inst/ar_reg_slice/state                                                                                                     | BD_i/axi_smc/inst/s00_entry_pipeline/s00_si_converter/inst/areset                                                                                                                             |                1 |              3 |         3.00 |
|  BD_i/zynq_ultra_ps_e_0/inst/pl_clk0 | BD_i/ChaosCoreTop_0/inst/chiptop/system/tile_prci_domain/element_reset_domain_ChaosCore_tile/core/backend/execution_engine/MOB/MOB_11_MOB_STATE[2]_i_1_n_0                                                   |                                                                                                                                                                                               |                2 |              3 |         1.50 |
|  BD_i/zynq_ultra_ps_e_0/inst/pl_clk0 | BD_i/ChaosCoreTop_0/inst/chiptop/system/chipyard_prcictrl_domain/fragmenter_1/dOrig[2]_i_1_n_0                                                                                                               |                                                                                                                                                                                               |                2 |              3 |         1.50 |
|  BD_i/zynq_ultra_ps_e_0/inst/pl_clk0 | BD_i/ChaosCoreTop_0/inst/chiptop/system/coh_wrapper/l2/inclusive_cache_bank_sched/sinkD/d_q/ram_ext/clock_uncore_2[0]                                                                                        |                                                                                                                                                                                               |                1 |              3 |         3.00 |
|  BD_i/zynq_ultra_ps_e_0/inst/pl_clk0 | BD_i/smartconnect_0/inst/s00_entry_pipeline/s00_mmu/inst/aw_reg_stall/state                                                                                                                                  | BD_i/smartconnect_0/inst/s00_entry_pipeline/s00_mmu/inst/areset                                                                                                                               |                1 |              3 |         3.00 |
|  BD_i/zynq_ultra_ps_e_0/inst/pl_clk0 | BD_i/axi_smc/inst/m00_exit_pipeline/m00_exit/inst/splitter_inst/gen_axi4lite.axilite_conv/w_state                                                                                                            | BD_i/axi_smc/inst/m00_exit_pipeline/m00_exit/inst/areset                                                                                                                                      |                2 |              3 |         1.50 |
|  BD_i/zynq_ultra_ps_e_0/inst/pl_clk0 | BD_i/smartconnect_0/inst/s00_entry_pipeline/s00_mmu/inst/gen_endpoint.decerr_slave_inst/FSM_onehot_gen_axi.gen_write.write_cs[2]_i_1_n_0                                                                     | BD_i/smartconnect_0/inst/s00_entry_pipeline/s00_mmu/inst/areset                                                                                                                               |                1 |              3 |         3.00 |
|  BD_i/zynq_ultra_ps_e_0/inst/pl_clk0 | BD_i/smartconnect_0/inst/s00_entry_pipeline/s00_mmu/inst/ar_reg_stall/state                                                                                                                                  | BD_i/smartconnect_0/inst/s00_entry_pipeline/s00_mmu/inst/areset                                                                                                                               |                1 |              3 |         3.00 |
|  BD_i/zynq_ultra_ps_e_0/inst/pl_clk0 | BD_i/ChaosCoreTop_0/inst/chiptop/system/tile_prci_domain/element_reset_domain_ChaosCore_tile/core/backend/execution_engine/MOB/MOB_15_MOB_STATE[2]_i_1_n_0                                                   |                                                                                                                                                                                               |                1 |              3 |         3.00 |
|  BD_i/zynq_ultra_ps_e_0/inst/pl_clk0 | BD_i/ChaosCoreTop_0/inst/chiptop/system/coh_wrapper/l2/inclusive_cache_bank_sched/requests/data_ext/directoryFanout_reg[3]_1[0]                                                                              |                                                                                                                                                                                               |                1 |              3 |         3.00 |
|  BD_i/zynq_ultra_ps_e_0/inst/pl_clk0 | BD_i/ChaosCoreTop_0/inst/chiptop/system/coh_wrapper/l2/inclusive_cache_bank_sched/requests/data_ext/directoryFanout_reg[2]_1[0]                                                                              |                                                                                                                                                                                               |                2 |              3 |         1.50 |
|  BD_i/zynq_ultra_ps_e_0/inst/pl_clk0 | BD_i/ChaosCoreTop_0/inst/chiptop/system/tile_prci_domain/element_reset_domain_ChaosCore_tile/dcache/prober/state[2]_i_2_n_0                                                                                  | BD_i/ChaosCoreTop_0/inst/chiptop/system/tile_prci_domain/element_reset_domain_ChaosCore_tile/dcache/prober/state[2]_i_1__4_n_0                                                                |                1 |              3 |         3.00 |
|  BD_i/zynq_ultra_ps_e_0/inst/pl_clk0 | BD_i/smartconnect_0/inst/s01_entry_pipeline/s01_mmu/inst/b_sreg/state                                                                                                                                        | BD_i/smartconnect_0/inst/s01_entry_pipeline/s01_mmu/inst/areset                                                                                                                               |                1 |              3 |         3.00 |
|  BD_i/zynq_ultra_ps_e_0/inst/pl_clk0 | BD_i/smartconnect_0/inst/s01_entry_pipeline/s01_transaction_regulator/inst/gen_endpoint.gen_r_singleorder.r_singleorder/gen_cmd_reg.cmd_reg/state                                                            | BD_i/smartconnect_0/inst/s01_entry_pipeline/s01_transaction_regulator/inst/areset                                                                                                             |                1 |              3 |         3.00 |
|  BD_i/zynq_ultra_ps_e_0/inst/pl_clk0 | BD_i/ChaosCoreTop_0/inst/chiptop/system/tile_prci_domain/element_reset_domain_ChaosCore_tile/dcache/mshrs/mshrs_0/grantackq/do_enq                                                                           |                                                                                                                                                                                               |                2 |              3 |         1.50 |
|  BD_i/zynq_ultra_ps_e_0/inst/pl_clk0 | BD_i/smartconnect_0/inst/s01_entry_pipeline/s01_mmu/inst/gen_endpoint.decerr_slave_inst/FSM_onehot_gen_axi.gen_write.write_cs[2]_i_1_n_0                                                                     | BD_i/smartconnect_0/inst/s01_entry_pipeline/s01_mmu/inst/areset                                                                                                                               |                1 |              3 |         3.00 |
|  BD_i/zynq_ultra_ps_e_0/inst/pl_clk0 | BD_i/axi_smc/inst/s00_entry_pipeline/s00_si_converter/inst/gen_normal.splitter_inst/gen_wsplitter.wsplit_last_offset_fifo/gen_pipelined.state                                                                | BD_i/axi_smc/inst/s00_entry_pipeline/s00_si_converter/inst/areset                                                                                                                             |                2 |              3 |         1.50 |
|  BD_i/zynq_ultra_ps_e_0/inst/pl_clk0 | BD_i/smartconnect_0/inst/s01_entry_pipeline/s01_mmu/inst/ar_reg_stall/state                                                                                                                                  | BD_i/smartconnect_0/inst/s01_entry_pipeline/s01_mmu/inst/areset                                                                                                                               |                1 |              3 |         3.00 |
|  BD_i/zynq_ultra_ps_e_0/inst/pl_clk0 | BD_i/smartconnect_0/inst/s01_entry_pipeline/s01_mmu/inst/r_sreg/state                                                                                                                                        | BD_i/smartconnect_0/inst/s01_entry_pipeline/s01_mmu/inst/areset                                                                                                                               |                1 |              3 |         3.00 |
|  BD_i/zynq_ultra_ps_e_0/inst/pl_clk0 | BD_i/smartconnect_0/inst/s01_entry_pipeline/s01_mmu/inst/w_sreg/state                                                                                                                                        | BD_i/smartconnect_0/inst/s01_entry_pipeline/s01_mmu/inst/areset                                                                                                                               |                1 |              3 |         3.00 |
|  BD_i/zynq_ultra_ps_e_0/inst/pl_clk0 | BD_i/axi_smc/inst/s00_entry_pipeline/s00_si_converter/inst/gen_normal.splitter_inst/gen_wsplitter.wsplit_first_offset_fifo/gen_pipelined.state                                                               | BD_i/axi_smc/inst/s00_entry_pipeline/s00_si_converter/inst/areset                                                                                                                             |                1 |              3 |         3.00 |
|  BD_i/zynq_ultra_ps_e_0/inst/pl_clk0 | BD_i/smartconnect_0/inst/s00_entry_pipeline/s00_si_converter/inst/converter.wrap_narrow_inst/gen_thread_loop[0].r_cmd_fifo/gen_pipelined.state                                                               | BD_i/smartconnect_0/inst/s00_entry_pipeline/s00_si_converter/inst/areset                                                                                                                      |                1 |              3 |         3.00 |
|  BD_i/zynq_ultra_ps_e_0/inst/pl_clk0 | BD_i/smartconnect_0/inst/s00_entry_pipeline/s00_transaction_regulator/inst/gen_endpoint.gen_w_singleorder.w_singleorder/gen_id_fifo.singleorder_fifo/gen_pipelined.state                                     | BD_i/smartconnect_0/inst/s00_entry_pipeline/s00_transaction_regulator/inst/areset                                                                                                             |                1 |              3 |         3.00 |
|  BD_i/zynq_ultra_ps_e_0/inst/pl_clk0 | BD_i/smartconnect_0/inst/s01_entry_pipeline/s01_si_converter/inst/converter.wrap_narrow_inst/ar_reg_slice/state                                                                                              | BD_i/smartconnect_0/inst/s01_entry_pipeline/s01_si_converter/inst/areset                                                                                                                      |                1 |              3 |         3.00 |
|  BD_i/zynq_ultra_ps_e_0/inst/pl_clk0 | BD_i/ChaosCoreTop_0/inst/chiptop/system/tile_prci_domain/element_reset_domain_ChaosCore_tile/dcache/mshrs/mshrs_1/grantackq/do_enq                                                                           |                                                                                                                                                                                               |                2 |              3 |         1.50 |
|  BD_i/zynq_ultra_ps_e_0/inst/pl_clk0 | BD_i/smartconnect_0/inst/s01_entry_pipeline/s01_si_converter/inst/converter.wrap_narrow_inst/gen_thread_loop[0].r_cmd_fifo/gen_pipelined.state                                                               | BD_i/smartconnect_0/inst/s01_entry_pipeline/s01_si_converter/inst/areset                                                                                                                      |                1 |              3 |         3.00 |
|  BD_i/zynq_ultra_ps_e_0/inst/pl_clk0 | BD_i/smartconnect_0/inst/s01_entry_pipeline/s01_si_converter/inst/converter.wrap_narrow_inst/gen_thread_loop[0].r_cmd_fifo/gen_pipelined.state_reg[1]_0[0]                                                   | BD_i/smartconnect_0/inst/s01_entry_pipeline/s01_si_converter/inst/areset                                                                                                                      |                1 |              3 |         3.00 |
|  BD_i/zynq_ultra_ps_e_0/inst/pl_clk0 | BD_i/smartconnect_0/inst/s01_entry_pipeline/s01_si_converter/inst/converter.wrap_narrow_inst/gen_thread_loop[0].r_payld_fifo/cmd_fifo/gen_pipelined.state                                                    | BD_i/smartconnect_0/inst/s01_entry_pipeline/s01_si_converter/inst/areset                                                                                                                      |                1 |              3 |         3.00 |
|  BD_i/zynq_ultra_ps_e_0/inst/pl_clk0 |                                                                                                                                                                                                              | BD_i/smartconnect_0/inst/m00_nodes/m00_w_node/inst/inst_mi_handler/areset_r                                                                                                                   |                3 |              3 |         1.00 |
|  BD_i/zynq_ultra_ps_e_0/inst/pl_clk0 |                                                                                                                                                                                                              | BD_i/smartconnect_0/inst/m00_nodes/m00_r_node/inst/inst_mi_handler/areset_r                                                                                                                   |                2 |              3 |         1.50 |
|  BD_i/zynq_ultra_ps_e_0/inst/pl_clk0 |                                                                                                                                                                                                              | BD_i/smartconnect_0/inst/m00_nodes/m00_b_node/inst/inst_mi_handler/areset_r                                                                                                                   |                3 |              3 |         1.00 |
|  BD_i/zynq_ultra_ps_e_0/inst/pl_clk0 | BD_i/smartconnect_0/inst/s01_entry_pipeline/s01_transaction_regulator/inst/gen_endpoint.gen_w_singleorder.w_singleorder/gen_cmd_reg.cmd_reg/state                                                            | BD_i/smartconnect_0/inst/s01_entry_pipeline/s01_transaction_regulator/inst/areset                                                                                                             |                1 |              3 |         3.00 |
|  BD_i/zynq_ultra_ps_e_0/inst/pl_clk0 | BD_i/smartconnect_0/inst/s00_entry_pipeline/s00_si_converter/inst/gen_normal.splitter_inst/gen_no_wsplitter.gen_endpoint_woffset.gen_wbypass_offset_fifo.wbypass_offset_fifo/gen_pipelined.state             | BD_i/smartconnect_0/inst/s00_entry_pipeline/s00_si_converter/inst/areset                                                                                                                      |                2 |              3 |         1.50 |
|  BD_i/zynq_ultra_ps_e_0/inst/pl_clk0 | BD_i/ChaosCoreTop_0/inst/chiptop/system/tile_prci_domain/element_reset_domain_ChaosCore_tile/dcache/mshrs/mshrs_3/grantackq/do_enq                                                                           |                                                                                                                                                                                               |                2 |              3 |         1.50 |
|  BD_i/zynq_ultra_ps_e_0/inst/pl_clk0 | BD_i/smartconnect_0/inst/s00_entry_pipeline/s00_transaction_regulator/inst/gen_endpoint.gen_r_singleorder.r_singleorder/gen_cmd_reg.cmd_reg/state                                                            | BD_i/smartconnect_0/inst/s00_entry_pipeline/s00_transaction_regulator/inst/areset                                                                                                             |                2 |              3 |         1.50 |
|  BD_i/zynq_ultra_ps_e_0/inst/pl_clk0 | BD_i/smartconnect_0/inst/s00_entry_pipeline/s00_si_converter/inst/converter.wrap_narrow_inst/w_payld_fifo/cmd_fifo/gen_pipelined.state                                                                       | BD_i/smartconnect_0/inst/s00_entry_pipeline/s00_si_converter/inst/areset                                                                                                                      |                1 |              3 |         3.00 |
|  BD_i/zynq_ultra_ps_e_0/inst/pl_clk0 | BD_i/smartconnect_0/inst/s00_entry_pipeline/s00_si_converter/inst/converter.wrap_narrow_inst/w_cmd_fifo/w_payld_push85_out                                                                                   | BD_i/smartconnect_0/inst/s00_entry_pipeline/s00_si_converter/inst/converter.wrap_narrow_inst/w_cmd_fifo/SR[0]                                                                                 |                2 |              3 |         1.50 |
|  BD_i/zynq_ultra_ps_e_0/inst/pl_clk0 | BD_i/smartconnect_0/inst/s00_entry_pipeline/s00_transaction_regulator/inst/gen_endpoint.gen_r_singleorder.r_singleorder/gen_id_fifo.singleorder_fifo/gen_pipelined.state                                     | BD_i/smartconnect_0/inst/s00_entry_pipeline/s00_transaction_regulator/inst/areset                                                                                                             |                2 |              3 |         1.50 |
|  BD_i/zynq_ultra_ps_e_0/inst/pl_clk0 | BD_i/smartconnect_0/inst/s01_entry_pipeline/s01_transaction_regulator/inst/gen_endpoint.gen_w_singleorder.w_singleorder/gen_id_fifo.singleorder_fifo/gen_pipelined.state                                     | BD_i/smartconnect_0/inst/s01_entry_pipeline/s01_transaction_regulator/inst/areset                                                                                                             |                1 |              3 |         3.00 |
|  BD_i/zynq_ultra_ps_e_0/inst/pl_clk0 | BD_i/ChaosCoreTop_0/inst/chiptop/system/cbus/coupler_to_debug/fragmenter/_GEN_1                                                                                                                              |                                                                                                                                                                                               |                2 |              3 |         1.50 |
|  BD_i/zynq_ultra_ps_e_0/inst/pl_clk0 | BD_i/smartconnect_0/inst/s00_entry_pipeline/s00_si_converter/inst/converter.wrap_narrow_inst/w_cmd_fifo/gen_pipelined.state                                                                                  | BD_i/smartconnect_0/inst/s00_entry_pipeline/s00_si_converter/inst/areset                                                                                                                      |                2 |              3 |         1.50 |
|  BD_i/zynq_ultra_ps_e_0/inst/pl_clk0 |                                                                                                                                                                                                              | BD_i/smartconnect_0/inst/m00_nodes/m00_ar_node/inst/inst_mi_handler/areset_r                                                                                                                  |                3 |              3 |         1.00 |
|  BD_i/zynq_ultra_ps_e_0/inst/pl_clk0 | BD_i/smartconnect_0/inst/s00_entry_pipeline/s00_si_converter/inst/converter.wrap_narrow_inst/gen_thread_loop[0].r_payld_fifo/cmd_fifo/gen_pipelined.state                                                    | BD_i/smartconnect_0/inst/s00_entry_pipeline/s00_si_converter/inst/areset                                                                                                                      |                1 |              3 |         3.00 |
|  BD_i/zynq_ultra_ps_e_0/inst/pl_clk0 | BD_i/ChaosCoreTop_0/inst/chiptop/system/tile_prci_domain/element_reset_domain_ChaosCore_tile/dcache/mshrs/mshrs_2/grantackq/do_enq                                                                           |                                                                                                                                                                                               |                2 |              3 |         1.50 |
|  BD_i/zynq_ultra_ps_e_0/inst/pl_clk0 | BD_i/smartconnect_0/inst/s00_entry_pipeline/s00_transaction_regulator/inst/gen_endpoint.gen_w_singleorder.w_singleorder/gen_cmd_reg.cmd_reg/state                                                            | BD_i/smartconnect_0/inst/s00_entry_pipeline/s00_transaction_regulator/inst/areset                                                                                                             |                1 |              3 |         3.00 |
|  BD_i/zynq_ultra_ps_e_0/inst/pl_clk0 | BD_i/smartconnect_0/inst/s01_entry_pipeline/s01_mmu/inst/ar_sreg/state                                                                                                                                       | BD_i/smartconnect_0/inst/s01_entry_pipeline/s01_mmu/inst/areset                                                                                                                               |                1 |              3 |         3.00 |
|  BD_i/zynq_ultra_ps_e_0/inst/pl_clk0 | BD_i/ChaosCoreTop_0/inst/chiptop/system/cbus/coupler_to_clint/fragmenter/_GEN_1                                                                                                                              |                                                                                                                                                                                               |                1 |              3 |         3.00 |
|  BD_i/zynq_ultra_ps_e_0/inst/pl_clk0 | BD_i/smartconnect_0/inst/s01_entry_pipeline/s01_transaction_regulator/inst/gen_endpoint.gen_r_singleorder.r_singleorder/gen_id_fifo.singleorder_fifo/gen_pipelined.state                                     | BD_i/smartconnect_0/inst/s01_entry_pipeline/s01_transaction_regulator/inst/areset                                                                                                             |                1 |              3 |         3.00 |
|  BD_i/zynq_ultra_ps_e_0/inst/pl_clk0 | BD_i/smartconnect_0/inst/s01_entry_pipeline/s01_mmu/inst/aw_reg_stall/state                                                                                                                                  | BD_i/smartconnect_0/inst/s01_entry_pipeline/s01_mmu/inst/areset                                                                                                                               |                1 |              3 |         3.00 |
|  BD_i/zynq_ultra_ps_e_0/inst/pl_clk0 | BD_i/smartconnect_0/inst/s01_entry_pipeline/s01_mmu/inst/aw_sreg/state                                                                                                                                       | BD_i/smartconnect_0/inst/s01_entry_pipeline/s01_mmu/inst/areset                                                                                                                               |                1 |              3 |         3.00 |
|  BD_i/zynq_ultra_ps_e_0/inst/pl_clk0 |                                                                                                                                                                                                              | BD_i/ChaosCoreTop_0/inst/chiptop/system/mbus/mbus_xbar/SR[0]                                                                                                                                  |                1 |              3 |         3.00 |
|  BD_i/zynq_ultra_ps_e_0/inst/pl_clk0 |                                                                                                                                                                                                              | BD_i/smartconnect_0/inst/s01_nodes/s01_r_node/inst/inst_mi_handler/m_sc_areset_r                                                                                                              |                2 |              3 |         1.50 |
|  BD_i/zynq_ultra_ps_e_0/inst/pl_clk0 |                                                                                                                                                                                                              | BD_i/smartconnect_0/inst/s01_nodes/s01_r_node/inst/inst_mi_handler/areset_r                                                                                                                   |                2 |              3 |         1.50 |
|  BD_i/zynq_ultra_ps_e_0/inst/pl_clk0 |                                                                                                                                                                                                              | BD_i/ChaosCoreTop_0/inst/chiptop/system/pbus/buffer_1/nodeOut_a_q/ram_ext/SR[0]                                                                                                               |                1 |              3 |         3.00 |
|  BD_i/zynq_ultra_ps_e_0/inst/pl_clk0 |                                                                                                                                                                                                              | BD_i/ChaosCoreTop_0/inst/chiptop/system/sbus/coupler_to_port_named_mmio_port_axi4/axi4buf/nodeIn_b_deq_q/ram_ext/SR[0]                                                                        |                1 |              3 |         3.00 |
|  BD_i/zynq_ultra_ps_e_0/inst/pl_clk0 | BD_i/smartconnect_0/inst/s01_entry_pipeline/s01_si_converter/inst/converter.wrap_narrow_inst/w_payld_fifo/cmd_fifo/gen_pipelined.state                                                                       | BD_i/smartconnect_0/inst/s01_entry_pipeline/s01_si_converter/inst/areset                                                                                                                      |                2 |              3 |         1.50 |
|  BD_i/zynq_ultra_ps_e_0/inst/pl_clk0 | BD_i/smartconnect_0/inst/s01_entry_pipeline/s01_si_converter/inst/converter.wrap_narrow_inst/w_cmd_fifo/w_payld_push85_out                                                                                   | BD_i/smartconnect_0/inst/s01_entry_pipeline/s01_si_converter/inst/converter.wrap_narrow_inst/w_cmd_fifo/SR[0]                                                                                 |                1 |              3 |         3.00 |
|  BD_i/zynq_ultra_ps_e_0/inst/pl_clk0 | BD_i/axi_smc/inst/s00_entry_pipeline/s00_si_converter/inst/converter.wrap_narrow_inst/gen_thread_loop[0].r_payld_fifo/m_valid_i_reg_1[0]                                                                     | BD_i/axi_smc/inst/s00_entry_pipeline/s00_si_converter/inst/areset                                                                                                                             |                1 |              3 |         3.00 |
|  BD_i/zynq_ultra_ps_e_0/inst/pl_clk0 |                                                                                                                                                                                                              | BD_i/smartconnect_0/inst/m00_nodes/m00_aw_node/inst/inst_si_handler/areset_r                                                                                                                  |                3 |              3 |         1.00 |
|  BD_i/zynq_ultra_ps_e_0/inst/pl_clk0 |                                                                                                                                                                                                              | BD_i/smartconnect_0/inst/s01_nodes/s01_b_node/inst/inst_mi_handler/areset_r                                                                                                                   |                3 |              3 |         1.00 |
|  BD_i/zynq_ultra_ps_e_0/inst/pl_clk0 | BD_i/ChaosCoreTop_0/inst/chiptop/system/cbus/buffer/nodeOut_a_q/ram_ext/do_enq_2                                                                                                                             | BD_i/ChaosCoreTop_0/inst/chiptop/system/chipyard_prcictrl_domain/resetSynchronizer/nodeOut_member_allClocks_uncore_reset_catcher/io_sync_reset_chain/output_chain/sync_0_reg_0                |                2 |              3 |         1.50 |
|  BD_i/zynq_ultra_ps_e_0/inst/pl_clk0 | BD_i/axi_smc/inst/s00_entry_pipeline/s00_mmu/inst/gen_endpoint.decerr_slave_inst/FSM_onehot_gen_axi.gen_write.write_cs[2]_i_1_n_0                                                                            | BD_i/axi_smc/inst/s00_entry_pipeline/s00_mmu/inst/areset                                                                                                                                      |                1 |              3 |         3.00 |
|  BD_i/zynq_ultra_ps_e_0/inst/pl_clk0 |                                                                                                                                                                                                              | BD_i/ChaosCoreTop_0/inst/chiptop/system/mbus/coupler_to_memory_controller_port_named_axi4/tl2axi4/b_delay[2]_i_1_n_0                                                                          |                1 |              3 |         3.00 |
|  BD_i/zynq_ultra_ps_e_0/inst/pl_clk0 |                                                                                                                                                                                                              | BD_i/smartconnect_0/inst/s00_nodes/s00_r_node/inst/inst_mi_handler/areset_r                                                                                                                   |                3 |              3 |         1.00 |
|  BD_i/zynq_ultra_ps_e_0/inst/pl_clk0 |                                                                                                                                                                                                              | BD_i/smartconnect_0/inst/m00_nodes/m00_aw_node/inst/inst_mi_handler/areset_r                                                                                                                  |                3 |              3 |         1.00 |
|  BD_i/zynq_ultra_ps_e_0/inst/pl_clk0 | BD_i/ChaosCoreTop_0/inst/chiptop/system/cbus/coupler_to_bootrom/fragmenter/_GEN_1                                                                                                                            |                                                                                                                                                                                               |                1 |              3 |         3.00 |
|  BD_i/zynq_ultra_ps_e_0/inst/pl_clk0 |                                                                                                                                                                                                              | BD_i/axi_smc/inst/switchboards/i_nodes/i_r_node/inst/inst_mi_handler/areset_r                                                                                                                 |                2 |              3 |         1.50 |
|  BD_i/zynq_ultra_ps_e_0/inst/pl_clk0 | BD_i/smartconnect_0/inst/s01_entry_pipeline/s01_si_converter/inst/converter.wrap_narrow_inst/w_cmd_fifo/gen_pipelined.state                                                                                  | BD_i/smartconnect_0/inst/s01_entry_pipeline/s01_si_converter/inst/areset                                                                                                                      |                2 |              3 |         1.50 |
|  BD_i/zynq_ultra_ps_e_0/inst/pl_clk0 |                                                                                                                                                                                                              | BD_i/smartconnect_0/inst/s00_nodes/s00_b_node/inst/inst_mi_handler/areset_r                                                                                                                   |                2 |              3 |         1.50 |
|  BD_i/zynq_ultra_ps_e_0/inst/pl_clk0 | BD_i/ChaosCoreTop_0/inst/chiptop/system/tile_prci_domain/element_reset_domain_ChaosCore_tile/dcache/wb/data_req_cnt                                                                                          | BD_i/ChaosCoreTop_0/inst/chiptop/system/chipyard_prcictrl_domain/resetSynchronizer/nodeOut_member_allClocks_uncore_reset_catcher/io_sync_reset_chain/output_chain/sync_0_reg_4[0]             |                1 |              3 |         3.00 |
|  BD_i/zynq_ultra_ps_e_0/inst/pl_clk0 | BD_i/smartconnect_0/inst/s01_entry_pipeline/s01_si_converter/inst/gen_normal.splitter_inst/gen_no_wsplitter.gen_endpoint_woffset.gen_wbypass_offset_fifo.wbypass_offset_fifo/gen_pipelined.state             | BD_i/smartconnect_0/inst/s01_entry_pipeline/s01_si_converter/inst/areset                                                                                                                      |                2 |              3 |         1.50 |
|  BD_i/zynq_ultra_ps_e_0/inst/pl_clk0 |                                                                                                                                                                                                              | BD_i/axi_smc/inst/switchboards/i_nodes/i_aw_node/inst/inst_si_handler/areset_r                                                                                                                |                2 |              3 |         1.50 |
|  BD_i/zynq_ultra_ps_e_0/inst/pl_clk0 | BD_i/ChaosCoreTop_0/inst/chiptop/system/tile_prci_domain/element_reset_domain_ChaosCore_tile/core/backend/execution_engine/MOB/back_pointer_reg[5]_rep_34[0]                                                 | BD_i/ChaosCoreTop_0/inst/chiptop/system/chipyard_prcictrl_domain/resetSynchronizer/nodeOut_member_allClocks_uncore_reset_catcher/io_sync_reset_chain/output_chain/sync_0_reg_16[0]            |                1 |              4 |         4.00 |
|  BD_i/zynq_ultra_ps_e_0/inst/pl_clk0 | BD_i/ChaosCoreTop_0/inst/chiptop/system/tile_prci_domain/element_reset_domain_ChaosCore_tile/core/backend/execution_engine/MOB/back_pointer_reg[5]_rep_49[0]                                                 | BD_i/ChaosCoreTop_0/inst/chiptop/system/chipyard_prcictrl_domain/resetSynchronizer/nodeOut_member_allClocks_uncore_reset_catcher/io_sync_reset_chain/output_chain/sync_0_reg_52[0]            |                2 |              4 |         2.00 |
|  BD_i/zynq_ultra_ps_e_0/inst/pl_clk0 | BD_i/axi_smc/inst/s00_entry_pipeline/s00_si_converter/inst/gen_normal.splitter_inst/gen_wsplitter.wsplit_first_offset_fifo/fifoaddr[3]_i_1__1_n_0                                                            | BD_i/axi_smc/inst/s00_entry_pipeline/s00_si_converter/inst/areset                                                                                                                             |                1 |              4 |         4.00 |
|  BD_i/zynq_ultra_ps_e_0/inst/pl_clk0 | BD_i/ChaosCoreTop_0/inst/chiptop/system/tile_prci_domain/element_reset_domain_ChaosCore_tile/core/backend/execution_engine/MOB/back_pointer_reg[5]_rep_13[0]                                                 | BD_i/ChaosCoreTop_0/inst/chiptop/system/chipyard_prcictrl_domain/resetSynchronizer/nodeOut_member_allClocks_uncore_reset_catcher/io_sync_reset_chain/output_chain/sync_0_reg_42[0]            |                1 |              4 |         4.00 |
|  BD_i/zynq_ultra_ps_e_0/inst/pl_clk0 | BD_i/ChaosCoreTop_0/inst/chiptop/system/tile_prci_domain/element_reset_domain_ChaosCore_tile/core/backend/execution_engine/MOB/back_pointer_reg[5]_rep_33[0]                                                 | BD_i/ChaosCoreTop_0/inst/chiptop/system/chipyard_prcictrl_domain/resetSynchronizer/nodeOut_member_allClocks_uncore_reset_catcher/io_sync_reset_chain/output_chain/sync_0_reg_20[0]            |                1 |              4 |         4.00 |
|  BD_i/zynq_ultra_ps_e_0/inst/pl_clk0 | BD_i/ChaosCoreTop_0/inst/chiptop/system/tile_prci_domain/element_reset_domain_ChaosCore_tile/core/backend/execution_engine/MOB/back_pointer_reg[5]_rep_44[0]                                                 | BD_i/ChaosCoreTop_0/inst/chiptop/system/chipyard_prcictrl_domain/resetSynchronizer/nodeOut_member_allClocks_uncore_reset_catcher/io_sync_reset_chain/output_chain/sync_0_reg_58[0]            |                1 |              4 |         4.00 |
|  BD_i/zynq_ultra_ps_e_0/inst/pl_clk0 | BD_i/ChaosCoreTop_0/inst/chiptop/system/tile_prci_domain/element_reset_domain_ChaosCore_tile/core/backend/execution_engine/MOB/back_pointer_reg[5]_rep_17[0]                                                 | BD_i/ChaosCoreTop_0/inst/chiptop/system/chipyard_prcictrl_domain/resetSynchronizer/nodeOut_member_allClocks_uncore_reset_catcher/io_sync_reset_chain/output_chain/sync_0_reg_66[0]            |                1 |              4 |         4.00 |
|  BD_i/zynq_ultra_ps_e_0/inst/pl_clk0 | BD_i/ChaosCoreTop_0/inst/chiptop/system/tile_prci_domain/element_reset_domain_ChaosCore_tile/core/backend/execution_engine/MOB/back_pointer_reg[5]_rep_16[0]                                                 | BD_i/ChaosCoreTop_0/inst/chiptop/system/chipyard_prcictrl_domain/resetSynchronizer/nodeOut_member_allClocks_uncore_reset_catcher/io_sync_reset_chain/output_chain/sync_0_reg_50[0]            |                1 |              4 |         4.00 |
|  BD_i/zynq_ultra_ps_e_0/inst/pl_clk0 | BD_i/ChaosCoreTop_0/inst/chiptop/system/tile_prci_domain/element_reset_domain_ChaosCore_tile/core/backend/execution_engine/MOB/back_pointer_reg[5]_rep_45[0]                                                 | BD_i/ChaosCoreTop_0/inst/chiptop/system/chipyard_prcictrl_domain/resetSynchronizer/nodeOut_member_allClocks_uncore_reset_catcher/io_sync_reset_chain/output_chain/sync_0_reg_56[0]            |                2 |              4 |         2.00 |
|  BD_i/zynq_ultra_ps_e_0/inst/pl_clk0 | BD_i/ChaosCoreTop_0/inst/chiptop/system/tile_prci_domain/element_reset_domain_ChaosCore_tile/core/backend/execution_engine/MOB/back_pointer_reg[5]_rep_14[0]                                                 | BD_i/ChaosCoreTop_0/inst/chiptop/system/chipyard_prcictrl_domain/resetSynchronizer/nodeOut_member_allClocks_uncore_reset_catcher/io_sync_reset_chain/output_chain/sync_0_reg_44[0]            |                2 |              4 |         2.00 |
|  BD_i/zynq_ultra_ps_e_0/inst/pl_clk0 | BD_i/ChaosCoreTop_0/inst/chiptop/system/tile_prci_domain/element_reset_domain_ChaosCore_tile/core/backend/execution_engine/MOB/back_pointer_reg[5]_rep_30[0]                                                 | BD_i/ChaosCoreTop_0/inst/chiptop/system/chipyard_prcictrl_domain/resetSynchronizer/nodeOut_member_allClocks_uncore_reset_catcher/io_sync_reset_chain/output_chain/sync_0_reg_27[0]            |                1 |              4 |         4.00 |
|  BD_i/zynq_ultra_ps_e_0/inst/pl_clk0 | BD_i/ChaosCoreTop_0/inst/chiptop/system/tile_prci_domain/element_reset_domain_ChaosCore_tile/core/backend/execution_engine/MOB/back_pointer_reg[5]_rep_15[0]                                                 | BD_i/ChaosCoreTop_0/inst/chiptop/system/chipyard_prcictrl_domain/resetSynchronizer/nodeOut_member_allClocks_uncore_reset_catcher/io_sync_reset_chain/output_chain/sync_0_reg_46[0]            |                1 |              4 |         4.00 |
|  BD_i/zynq_ultra_ps_e_0/inst/pl_clk0 | BD_i/ChaosCoreTop_0/inst/chiptop/system/tile_prci_domain/element_reset_domain_ChaosCore_tile/core/backend/execution_engine/MOB/back_pointer_reg[5]_rep_46[0]                                                 | BD_i/ChaosCoreTop_0/inst/chiptop/system/chipyard_prcictrl_domain/resetSynchronizer/nodeOut_member_allClocks_uncore_reset_catcher/io_sync_reset_chain/output_chain/sync_0_reg_55[0]            |                1 |              4 |         4.00 |
|  BD_i/zynq_ultra_ps_e_0/inst/pl_clk0 | BD_i/ChaosCoreTop_0/inst/chiptop/system/tile_prci_domain/element_reset_domain_ChaosCore_tile/core/backend/execution_engine/MOB/back_pointer_reg[5]_rep_26[0]                                                 | BD_i/ChaosCoreTop_0/inst/chiptop/system/chipyard_prcictrl_domain/resetSynchronizer/nodeOut_member_allClocks_uncore_reset_catcher/io_sync_reset_chain/output_chain/sync_0_reg_37[0]            |                1 |              4 |         4.00 |
|  BD_i/zynq_ultra_ps_e_0/inst/pl_clk0 | BD_i/ChaosCoreTop_0/inst/chiptop/system/tile_prci_domain/element_reset_domain_ChaosCore_tile/core/backend/execution_engine/MOB/back_pointer_reg[5]_rep_23[0]                                                 | BD_i/ChaosCoreTop_0/inst/chiptop/system/chipyard_prcictrl_domain/resetSynchronizer/nodeOut_member_allClocks_uncore_reset_catcher/io_sync_reset_chain/output_chain/sync_0_reg_45[0]            |                2 |              4 |         2.00 |
|  BD_i/zynq_ultra_ps_e_0/inst/pl_clk0 | BD_i/ChaosCoreTop_0/inst/chiptop/system/tile_prci_domain/element_reset_domain_ChaosCore_tile/core/backend/execution_engine/MOB/back_pointer_reg[5]_rep_24[0]                                                 | BD_i/ChaosCoreTop_0/inst/chiptop/system/chipyard_prcictrl_domain/resetSynchronizer/nodeOut_member_allClocks_uncore_reset_catcher/io_sync_reset_chain/output_chain/sync_0_reg_43[0]            |                1 |              4 |         4.00 |
|  BD_i/zynq_ultra_ps_e_0/inst/pl_clk0 | BD_i/ChaosCoreTop_0/inst/chiptop/system/tile_prci_domain/element_reset_domain_ChaosCore_tile/core/backend/execution_engine/MOB/back_pointer_reg[5]_rep_22[0]                                                 | BD_i/ChaosCoreTop_0/inst/chiptop/system/chipyard_prcictrl_domain/resetSynchronizer/nodeOut_member_allClocks_uncore_reset_catcher/io_sync_reset_chain/output_chain/sync_0_reg_47[0]            |                1 |              4 |         4.00 |
|  BD_i/zynq_ultra_ps_e_0/inst/pl_clk0 | BD_i/ChaosCoreTop_0/inst/chiptop/system/tile_prci_domain/element_reset_domain_ChaosCore_tile/core/backend/execution_engine/MOB/back_pointer_reg[5]_rep_51[0]                                                 | BD_i/ChaosCoreTop_0/inst/chiptop/system/chipyard_prcictrl_domain/resetSynchronizer/nodeOut_member_allClocks_uncore_reset_catcher/io_sync_reset_chain/output_chain/sync_0_reg_48[0]            |                2 |              4 |         2.00 |
|  BD_i/zynq_ultra_ps_e_0/inst/pl_clk0 | BD_i/ChaosCoreTop_0/inst/chiptop/system/tile_prci_domain/element_reset_domain_ChaosCore_tile/core/backend/execution_engine/MOB/back_pointer_reg[5]_rep_21[0]                                                 | BD_i/ChaosCoreTop_0/inst/chiptop/system/chipyard_prcictrl_domain/resetSynchronizer/nodeOut_member_allClocks_uncore_reset_catcher/io_sync_reset_chain/output_chain/sync_0_reg_67[0]            |                2 |              4 |         2.00 |
|  BD_i/zynq_ultra_ps_e_0/inst/pl_clk0 | BD_i/ChaosCoreTop_0/inst/chiptop/system/tile_prci_domain/element_reset_domain_ChaosCore_tile/core/backend/execution_engine/MOB/back_pointer_reg[5]_rep_20[0]                                                 | BD_i/ChaosCoreTop_0/inst/chiptop/system/chipyard_prcictrl_domain/resetSynchronizer/nodeOut_member_allClocks_uncore_reset_catcher/io_sync_reset_chain/output_chain/sync_0_reg_70[0]            |                2 |              4 |         2.00 |
|  BD_i/zynq_ultra_ps_e_0/inst/pl_clk0 | BD_i/ChaosCoreTop_0/inst/chiptop/system/tile_prci_domain/element_reset_domain_ChaosCore_tile/core/backend/execution_engine/MOB/back_pointer_reg[5]_rep_25[0]                                                 | BD_i/ChaosCoreTop_0/inst/chiptop/system/chipyard_prcictrl_domain/resetSynchronizer/nodeOut_member_allClocks_uncore_reset_catcher/io_sync_reset_chain/output_chain/sync_0_reg_39[0]            |                1 |              4 |         4.00 |
|  BD_i/zynq_ultra_ps_e_0/inst/pl_clk0 | BD_i/ChaosCoreTop_0/inst/chiptop/system/tile_prci_domain/element_reset_domain_ChaosCore_tile/core/backend/execution_engine/MOB/back_pointer_reg[5]_rep_2[0]                                                  | BD_i/ChaosCoreTop_0/inst/chiptop/system/chipyard_prcictrl_domain/resetSynchronizer/nodeOut_member_allClocks_uncore_reset_catcher/io_sync_reset_chain/output_chain/sync_0_reg_21[0]            |                2 |              4 |         2.00 |
|  BD_i/zynq_ultra_ps_e_0/inst/pl_clk0 | BD_i/ChaosCoreTop_0/inst/chiptop/system/tile_prci_domain/element_reset_domain_ChaosCore_tile/core/backend/execution_engine/MOB/back_pointer_reg[5]_rep_32[0]                                                 | BD_i/ChaosCoreTop_0/inst/chiptop/system/chipyard_prcictrl_domain/resetSynchronizer/nodeOut_member_allClocks_uncore_reset_catcher/io_sync_reset_chain/output_chain/sync_0_reg_22[0]            |                2 |              4 |         2.00 |
|  BD_i/zynq_ultra_ps_e_0/inst/pl_clk0 | BD_i/ChaosCoreTop_0/inst/chiptop/system/tile_prci_domain/element_reset_domain_ChaosCore_tile/core/backend/execution_engine/MOB/back_pointer_reg[5]_rep_27[0]                                                 | BD_i/ChaosCoreTop_0/inst/chiptop/system/chipyard_prcictrl_domain/resetSynchronizer/nodeOut_member_allClocks_uncore_reset_catcher/io_sync_reset_chain/output_chain/sync_0_reg_35[0]            |                1 |              4 |         4.00 |
|  BD_i/zynq_ultra_ps_e_0/inst/pl_clk0 | BD_i/ChaosCoreTop_0/inst/chiptop/system/tile_prci_domain/element_reset_domain_ChaosCore_tile/core/backend/execution_engine/MOB/back_pointer_reg[5]_rep_19[0]                                                 | BD_i/ChaosCoreTop_0/inst/chiptop/system/chipyard_prcictrl_domain/resetSynchronizer/nodeOut_member_allClocks_uncore_reset_catcher/io_sync_reset_chain/output_chain/sync_0_reg_69[0]            |                1 |              4 |         4.00 |
|  BD_i/zynq_ultra_ps_e_0/inst/pl_clk0 | BD_i/ChaosCoreTop_0/inst/chiptop/system/tile_prci_domain/element_reset_domain_ChaosCore_tile/core/backend/execution_engine/MOB/back_pointer_reg[5]_rep_18[0]                                                 | BD_i/ChaosCoreTop_0/inst/chiptop/system/chipyard_prcictrl_domain/resetSynchronizer/nodeOut_member_allClocks_uncore_reset_catcher/io_sync_reset_chain/output_chain/sync_0_reg_68[0]            |                2 |              4 |         2.00 |
|  BD_i/zynq_ultra_ps_e_0/inst/pl_clk0 | BD_i/ChaosCoreTop_0/inst/chiptop/system/tile_prci_domain/element_reset_domain_ChaosCore_tile/core/backend/execution_engine/MOB/back_pointer_reg[5]_rep_28[0]                                                 | BD_i/ChaosCoreTop_0/inst/chiptop/system/chipyard_prcictrl_domain/resetSynchronizer/nodeOut_member_allClocks_uncore_reset_catcher/io_sync_reset_chain/output_chain/sync_0_reg_31[0]            |                1 |              4 |         4.00 |
|  BD_i/zynq_ultra_ps_e_0/inst/pl_clk0 | BD_i/ChaosCoreTop_0/inst/chiptop/system/tile_prci_domain/element_reset_domain_ChaosCore_tile/core/backend/execution_engine/MOB/back_pointer_reg[5]_rep_29[0]                                                 | BD_i/ChaosCoreTop_0/inst/chiptop/system/chipyard_prcictrl_domain/resetSynchronizer/nodeOut_member_allClocks_uncore_reset_catcher/io_sync_reset_chain/output_chain/sync_0_reg_29[0]            |                2 |              4 |         2.00 |
|  BD_i/zynq_ultra_ps_e_0/inst/pl_clk0 | BD_i/ChaosCoreTop_0/inst/chiptop/system/tile_prci_domain/element_reset_domain_ChaosCore_tile/core/backend/execution_engine/MOB/back_pointer_reg[5]_rep_3[0]                                                  | BD_i/ChaosCoreTop_0/inst/chiptop/system/chipyard_prcictrl_domain/resetSynchronizer/nodeOut_member_allClocks_uncore_reset_catcher/io_sync_reset_chain/output_chain/sync_0_reg_23[0]            |                2 |              4 |         2.00 |
|  BD_i/zynq_ultra_ps_e_0/inst/pl_clk0 | BD_i/ChaosCoreTop_0/inst/chiptop/system/tile_prci_domain/element_reset_domain_ChaosCore_tile/core/backend/execution_engine/MOB/back_pointer_reg[5]_rep_31[0]                                                 | BD_i/ChaosCoreTop_0/inst/chiptop/system/chipyard_prcictrl_domain/resetSynchronizer/nodeOut_member_allClocks_uncore_reset_catcher/io_sync_reset_chain/output_chain/sync_0_reg_24[0]            |                2 |              4 |         2.00 |
|  BD_i/zynq_ultra_ps_e_0/inst/pl_clk0 | BD_i/smartconnect_0/inst/s01_entry_pipeline/s01_si_converter/inst/converter.wrap_narrow_inst/w_cmd_fifo/fifoaddr[3]_i_1__2_n_0                                                                               | BD_i/smartconnect_0/inst/s01_entry_pipeline/s01_si_converter/inst/areset                                                                                                                      |                1 |              4 |         4.00 |
|  BD_i/zynq_ultra_ps_e_0/inst/pl_clk0 | BD_i/ChaosCoreTop_0/inst/chiptop/system/tile_prci_domain/element_reset_domain_ChaosCore_tile/dcache/mshrs/mshrs_0/rpq/do_deq                                                                                 | BD_i/ChaosCoreTop_0/inst/chiptop/system/chipyard_prcictrl_domain/resetSynchronizer/nodeOut_member_allClocks_uncore_reset_catcher/io_sync_reset_chain/output_chain/sync_0_reg_0                |                1 |              4 |         4.00 |
|  BD_i/zynq_ultra_ps_e_0/inst/pl_clk0 | BD_i/ChaosCoreTop_0/inst/chiptop/system/tile_prci_domain/element_reset_domain_ChaosCore_tile/core/backend/execution_engine/MOB/back_pointer_reg[2]_rep_5[0]                                                  | BD_i/ChaosCoreTop_0/inst/chiptop/system/chipyard_prcictrl_domain/resetSynchronizer/nodeOut_member_allClocks_uncore_reset_catcher/io_sync_reset_chain/output_chain/sync_0_reg_7[0]             |                1 |              4 |         4.00 |
|  BD_i/zynq_ultra_ps_e_0/inst/pl_clk0 | BD_i/ChaosCoreTop_0/inst/chiptop/system/tile_prci_domain/element_reset_domain_ChaosCore_tile/core/backend/execution_engine/MOB/back_pointer_reg[2]_rep_4[0]                                                  | BD_i/ChaosCoreTop_0/inst/chiptop/system/chipyard_prcictrl_domain/resetSynchronizer/nodeOut_member_allClocks_uncore_reset_catcher/io_sync_reset_chain/output_chain/sync_0_reg_49[0]            |                2 |              4 |         2.00 |
|  BD_i/zynq_ultra_ps_e_0/inst/pl_clk0 | BD_i/ChaosCoreTop_0/inst/chiptop/system/tile_prci_domain/element_reset_domain_ChaosCore_tile/core/backend/execution_engine/MOB/back_pointer_reg[2]_rep_3[0]                                                  | BD_i/ChaosCoreTop_0/inst/chiptop/system/chipyard_prcictrl_domain/resetSynchronizer/nodeOut_member_allClocks_uncore_reset_catcher/io_sync_reset_chain/output_chain/sync_0_reg_57[0]            |                1 |              4 |         4.00 |
|  BD_i/zynq_ultra_ps_e_0/inst/pl_clk0 | BD_i/ChaosCoreTop_0/inst/chiptop/system/tile_prci_domain/element_reset_domain_ChaosCore_tile/core/backend/execution_engine/MOB/back_pointer_reg[2]_rep_2[0]                                                  | BD_i/ChaosCoreTop_0/inst/chiptop/system/chipyard_prcictrl_domain/resetSynchronizer/nodeOut_member_allClocks_uncore_reset_catcher/io_sync_reset_chain/output_chain/sync_0_reg_65[0]            |                2 |              4 |         2.00 |
|  BD_i/zynq_ultra_ps_e_0/inst/pl_clk0 | BD_i/ChaosCoreTop_0/inst/chiptop/system/tile_prci_domain/element_reset_domain_ChaosCore_tile/core/backend/execution_engine/MOB/back_pointer_reg[2]_rep_1[0]                                                  | BD_i/ChaosCoreTop_0/inst/chiptop/system/chipyard_prcictrl_domain/resetSynchronizer/nodeOut_member_allClocks_uncore_reset_catcher/io_sync_reset_chain/output_chain/sync_0_reg_18[0]            |                1 |              4 |         4.00 |
|  BD_i/zynq_ultra_ps_e_0/inst/pl_clk0 | BD_i/ChaosCoreTop_0/inst/chiptop/system/tile_prci_domain/element_reset_domain_ChaosCore_tile/core/backend/execution_engine/MOB/back_pointer_reg[2]_rep_0[0]                                                  | BD_i/ChaosCoreTop_0/inst/chiptop/system/chipyard_prcictrl_domain/resetSynchronizer/nodeOut_member_allClocks_uncore_reset_catcher/io_sync_reset_chain/output_chain/sync_0_reg_33[0]            |                1 |              4 |         4.00 |
|  BD_i/zynq_ultra_ps_e_0/inst/pl_clk0 | BD_i/ChaosCoreTop_0/inst/chiptop/system/tile_prci_domain/element_reset_domain_ChaosCore_tile/core/backend/execution_engine/MOB/back_pointer_reg[2]_rep[0]                                                    | BD_i/ChaosCoreTop_0/inst/chiptop/system/chipyard_prcictrl_domain/resetSynchronizer/nodeOut_member_allClocks_uncore_reset_catcher/io_sync_reset_chain/output_chain/sync_0_reg_41[0]            |                1 |              4 |         4.00 |
|  BD_i/zynq_ultra_ps_e_0/inst/pl_clk0 | BD_i/smartconnect_0/inst/s01_entry_pipeline/s01_si_converter/inst/converter.wrap_narrow_inst/gen_thread_loop[0].r_payld_fifo/cmd_fifo/E[0]                                                                   |                                                                                                                                                                                               |                2 |              4 |         2.00 |
|  BD_i/zynq_ultra_ps_e_0/inst/pl_clk0 | BD_i/axi_smc/inst/s00_entry_pipeline/s00_si_converter/inst/converter.wrap_narrow_inst/w_payld_fifo/w_payld_push119_out                                                                                       | BD_i/axi_smc/inst/s00_entry_pipeline/s00_si_converter/inst/converter.wrap_narrow_inst/w_cmd_fifo/SR[0]                                                                                        |                2 |              4 |         2.00 |
|  BD_i/zynq_ultra_ps_e_0/inst/pl_clk0 | BD_i/axi_smc/inst/s00_entry_pipeline/s00_si_converter/inst/converter.wrap_narrow_inst/w_payld_fifo/w_accum_continue_d                                                                                        | BD_i/axi_smc/inst/s00_entry_pipeline/s00_si_converter/inst/areset                                                                                                                             |                3 |              4 |         1.33 |
|  BD_i/zynq_ultra_ps_e_0/inst/pl_clk0 | BD_i/smartconnect_0/inst/s01_entry_pipeline/s01_si_converter/inst/converter.wrap_narrow_inst/w_payld_fifo/cmd_fifo/fifoaddr[3]_i_1__3_n_0                                                                    | BD_i/smartconnect_0/inst/s01_entry_pipeline/s01_si_converter/inst/areset                                                                                                                      |                2 |              4 |         2.00 |
|  BD_i/zynq_ultra_ps_e_0/inst/pl_clk0 | BD_i/ChaosCoreTop_0/inst/chiptop/system/tile_prci_domain/element_reset_domain_ChaosCore_tile/core/frontend/decoders/decoded_fetch_packet_out_Q/do_enq                                                        | BD_i/ChaosCoreTop_0/inst/chiptop/system/chipyard_prcictrl_domain/resetSynchronizer/nodeOut_member_allClocks_uncore_reset_catcher/io_sync_reset_chain/output_chain/sync_0_reg_6[0]             |                1 |              4 |         4.00 |
|  BD_i/zynq_ultra_ps_e_0/inst/pl_clk0 | BD_i/axi_smc/inst/s00_entry_pipeline/s00_si_converter/inst/converter.wrap_narrow_inst/ar_reg_slice/skid_buffer[1136]_i_1__2_n_0                                                                              | BD_i/axi_smc/inst/s00_entry_pipeline/s00_si_converter/inst/converter.wrap_narrow_inst/ar_reg_slice/skid_buffer[1132]_i_1_n_0                                                                  |                2 |              4 |         2.00 |
|  BD_i/zynq_ultra_ps_e_0/inst/pl_clk0 | BD_i/axi_gpio_1/U0/AXI_LITE_IPIF_I/I_SLAVE_ATTACHMENT/start2                                                                                                                                                 | BD_i/axi_gpio_1/U0/AXI_LITE_IPIF_I/I_SLAVE_ATTACHMENT/I_DECODER/cs_ce_clr                                                                                                                     |                1 |              4 |         4.00 |
|  BD_i/zynq_ultra_ps_e_0/inst/pl_clk0 | BD_i/smartconnect_0/inst/s01_entry_pipeline/s01_si_converter/inst/converter.wrap_narrow_inst/w_payld_fifo/cmd_fifo/E[0]                                                                                      |                                                                                                                                                                                               |                2 |              4 |         2.00 |
|  BD_i/zynq_ultra_ps_e_0/inst/pl_clk0 | BD_i/smartconnect_0/inst/s01_entry_pipeline/s01_si_converter/inst/converter.wrap_narrow_inst/w_payld_fifo/w_payld_push_d                                                                                     | BD_i/smartconnect_0/inst/s01_entry_pipeline/s01_si_converter/inst/areset                                                                                                                      |                2 |              4 |         2.00 |
|  BD_i/zynq_ultra_ps_e_0/inst/pl_clk0 | BD_i/ChaosCoreTop_0/inst/chiptop/system/tile_prci_domain/element_reset_domain_ChaosCore_tile/dcache/mshrs/mshrs_2/rpq/ram_ext/E[0]                                                                           | BD_i/ChaosCoreTop_0/inst/chiptop/system/chipyard_prcictrl_domain/resetSynchronizer/nodeOut_member_allClocks_uncore_reset_catcher/io_sync_reset_chain/output_chain/sync_0_reg_0                |                1 |              4 |         4.00 |
|  BD_i/zynq_ultra_ps_e_0/inst/pl_clk0 | BD_i/axi_smc/inst/s00_entry_pipeline/s00_si_converter/inst/gen_normal.splitter_inst/gen_wsplitter.w_split_fifo/fifoaddr[3]_i_1__2_n_0                                                                        | BD_i/axi_smc/inst/s00_entry_pipeline/s00_si_converter/inst/areset                                                                                                                             |                1 |              4 |         4.00 |
|  BD_i/zynq_ultra_ps_e_0/inst/pl_clk0 | BD_i/axi_smc/inst/s00_entry_pipeline/s00_si_converter/inst/gen_normal.splitter_inst/gen_wsplitter.gen_wthread_loop[0].b_split_fifo/fifoaddr[3]_i_1_n_0                                                       | BD_i/axi_smc/inst/s00_entry_pipeline/s00_si_converter/inst/areset                                                                                                                             |                1 |              4 |         4.00 |
|  BD_i/zynq_ultra_ps_e_0/inst/pl_clk0 | BD_i/ChaosCoreTop_0/inst/chiptop/system/tile_prci_domain/element_reset_domain_ChaosCore_tile/core/backend/execution_engine/MOB/back_pointer_reg[5]_rep_11[0]                                                 | BD_i/ChaosCoreTop_0/inst/chiptop/system/chipyard_prcictrl_domain/resetSynchronizer/nodeOut_member_allClocks_uncore_reset_catcher/io_sync_reset_chain/output_chain/sync_0_reg_38[0]            |                2 |              4 |         2.00 |
|  BD_i/zynq_ultra_ps_e_0/inst/pl_clk0 | BD_i/ChaosCoreTop_0/inst/chiptop/system/tile_prci_domain/element_reset_domain_ChaosCore_tile/core/backend/execution_engine/MOB/back_pointer_reg[5]_rep_10[0]                                                 | BD_i/ChaosCoreTop_0/inst/chiptop/system/chipyard_prcictrl_domain/resetSynchronizer/nodeOut_member_allClocks_uncore_reset_catcher/io_sync_reset_chain/output_chain/sync_0_reg_36[0]            |                1 |              4 |         4.00 |
|  BD_i/zynq_ultra_ps_e_0/inst/pl_clk0 | BD_i/ChaosCoreTop_0/inst/chiptop/system/tile_prci_domain/element_reset_domain_ChaosCore_tile/core/backend/execution_engine/MOB/back_pointer_reg[5]_rep_1[0]                                                  | BD_i/ChaosCoreTop_0/inst/chiptop/system/chipyard_prcictrl_domain/resetSynchronizer/nodeOut_member_allClocks_uncore_reset_catcher/io_sync_reset_chain/output_chain/sync_0_reg_19[0]            |                1 |              4 |         4.00 |
|  BD_i/zynq_ultra_ps_e_0/inst/pl_clk0 | BD_i/ChaosCoreTop_0/inst/chiptop/system/tile_prci_domain/element_reset_domain_ChaosCore_tile/core/backend/execution_engine/MOB/back_pointer_reg[5]_rep_0[0]                                                  | BD_i/ChaosCoreTop_0/inst/chiptop/system/chipyard_prcictrl_domain/resetSynchronizer/nodeOut_member_allClocks_uncore_reset_catcher/io_sync_reset_chain/output_chain/sync_0_reg_17[0]            |                1 |              4 |         4.00 |
|  BD_i/zynq_ultra_ps_e_0/inst/pl_clk0 | BD_i/ChaosCoreTop_0/inst/chiptop/system/tile_prci_domain/element_reset_domain_ChaosCore_tile/core/backend/execution_engine/MOB/back_pointer_reg[5]_rep[0]                                                    | BD_i/ChaosCoreTop_0/inst/chiptop/system/chipyard_prcictrl_domain/resetSynchronizer/nodeOut_member_allClocks_uncore_reset_catcher/io_sync_reset_chain/output_chain/sync_0_reg_14[0]            |                1 |              4 |         4.00 |
|  BD_i/zynq_ultra_ps_e_0/inst/pl_clk0 | BD_i/ChaosCoreTop_0/inst/chiptop/system/tile_prci_domain/element_reset_domain_ChaosCore_tile/dcache/mshrs/mshrs_2/rpq/do_deq                                                                                 | BD_i/ChaosCoreTop_0/inst/chiptop/system/chipyard_prcictrl_domain/resetSynchronizer/nodeOut_member_allClocks_uncore_reset_catcher/io_sync_reset_chain/output_chain/sync_0_reg_0                |                1 |              4 |         4.00 |
|  BD_i/zynq_ultra_ps_e_0/inst/pl_clk0 | BD_i/ChaosCoreTop_0/inst/chiptop/system/tile_prci_domain/element_reset_domain_ChaosCore_tile/core/backend/execution_engine/MOB/back_pointer_reg[5]_rep_12[0]                                                 | BD_i/ChaosCoreTop_0/inst/chiptop/system/chipyard_prcictrl_domain/resetSynchronizer/nodeOut_member_allClocks_uncore_reset_catcher/io_sync_reset_chain/output_chain/sync_0_reg_40[0]            |                1 |              4 |         4.00 |
|  BD_i/zynq_ultra_ps_e_0/inst/pl_clk0 | BD_i/smartconnect_0/inst/s01_entry_pipeline/s01_mmu/inst/ar_sreg/E[0]                                                                                                                                        | BD_i/smartconnect_0/inst/s01_entry_pipeline/s01_mmu/inst/areset                                                                                                                               |                1 |              4 |         4.00 |
|  BD_i/zynq_ultra_ps_e_0/inst/pl_clk0 | BD_i/smartconnect_0/inst/s01_entry_pipeline/s01_mmu/inst/gen_endpoint.decerr_slave_inst/gen_axi.gen_write.s_axi_bid_i[3]_i_1_n_0                                                                             | BD_i/smartconnect_0/inst/s01_entry_pipeline/s01_mmu/inst/areset                                                                                                                               |                1 |              4 |         4.00 |
|  BD_i/zynq_ultra_ps_e_0/inst/pl_clk0 | BD_i/smartconnect_0/inst/s01_entry_pipeline/s01_mmu/inst/gen_endpoint.decerr_slave_inst/gen_axi.gen_read.s_axi_rid_i                                                                                         | BD_i/smartconnect_0/inst/s01_entry_pipeline/s01_mmu/inst/areset                                                                                                                               |                2 |              4 |         2.00 |
|  BD_i/zynq_ultra_ps_e_0/inst/pl_clk0 | BD_i/ChaosCoreTop_0/inst/chiptop/system/tile_prci_domain/element_reset_domain_ChaosCore_tile/dcache/mshrs/mshrs_1/rpq/do_deq                                                                                 | BD_i/ChaosCoreTop_0/inst/chiptop/system/chipyard_prcictrl_domain/resetSynchronizer/nodeOut_member_allClocks_uncore_reset_catcher/io_sync_reset_chain/output_chain/sync_0_reg_0                |                2 |              4 |         2.00 |
|  BD_i/zynq_ultra_ps_e_0/inst/pl_clk0 | BD_i/ChaosCoreTop_0/inst/chiptop/system/tile_prci_domain/element_reset_domain_ChaosCore_tile/dcache/mshrs/mshrs_1/rpq/ram_ext/E[0]                                                                           | BD_i/ChaosCoreTop_0/inst/chiptop/system/chipyard_prcictrl_domain/resetSynchronizer/nodeOut_member_allClocks_uncore_reset_catcher/io_sync_reset_chain/output_chain/sync_0_reg_0                |                1 |              4 |         4.00 |
|  BD_i/zynq_ultra_ps_e_0/inst/pl_clk0 | BD_i/smartconnect_0/inst/s01_entry_pipeline/s01_si_converter/inst/converter.wrap_narrow_inst/ar_reg_slice/E[0]                                                                                               | BD_i/smartconnect_0/inst/s01_entry_pipeline/s01_si_converter/inst/areset                                                                                                                      |                1 |              4 |         4.00 |
|  BD_i/zynq_ultra_ps_e_0/inst/pl_clk0 | BD_i/smartconnect_0/inst/s01_entry_pipeline/s01_si_converter/inst/converter.wrap_narrow_inst/gen_thread_loop[0].r_cmd_fifo/fifoaddr[3]_i_1_n_0                                                               | BD_i/smartconnect_0/inst/s01_entry_pipeline/s01_si_converter/inst/areset                                                                                                                      |                1 |              4 |         4.00 |
|  BD_i/zynq_ultra_ps_e_0/inst/pl_clk0 | BD_i/smartconnect_0/inst/s01_entry_pipeline/s01_si_converter/inst/converter.wrap_narrow_inst/gen_thread_loop[0].r_payld_fifo/cmd_fifo/fifoaddr[3]_i_1__0_n_0                                                 | BD_i/smartconnect_0/inst/s01_entry_pipeline/s01_si_converter/inst/areset                                                                                                                      |                1 |              4 |         4.00 |
|  BD_i/zynq_ultra_ps_e_0/inst/pl_clk0 | BD_i/axi_smc/inst/s01_entry_pipeline/s01_si_converter/inst/gen_normal.splitter_inst/gen_no_wsplitter.gen_endpoint_woffset.gen_wbypass_offset_reg.woffset_vacancy_i_reg_0                                     |                                                                                                                                                                                               |                3 |              4 |         1.33 |
|  BD_i/zynq_ultra_ps_e_0/inst/pl_clk0 |                                                                                                                                                                                                              | BD_i/smartconnect_0/inst/m00_nodes/m00_aw_node/inst/inst_mi_handler/m_sc_areset_r                                                                                                             |                4 |              4 |         1.00 |
|  BD_i/zynq_ultra_ps_e_0/inst/pl_clk0 |                                                                                                                                                                                                              | BD_i/smartconnect_0/inst/m00_nodes/m00_w_node/inst/inst_mi_handler/m_sc_areset_r                                                                                                              |                4 |              4 |         1.00 |
|  BD_i/zynq_ultra_ps_e_0/inst/pl_clk0 |                                                                                                                                                                                                              | BD_i/smartconnect_0/inst/m00_nodes/m00_w_node/inst/inst_si_handler/areset_r                                                                                                                   |                2 |              4 |         2.00 |
|  BD_i/zynq_ultra_ps_e_0/inst/pl_clk0 |                                                                                                                                                                                                              | BD_i/smartconnect_0/inst/m00_nodes/m00_ar_node/inst/inst_mi_handler/m_sc_areset_r                                                                                                             |                3 |              4 |         1.33 |
|  BD_i/zynq_ultra_ps_e_0/inst/pl_clk0 |                                                                                                                                                                                                              | BD_i/smartconnect_0/inst/clk_map/psr0/U0/EXT_LPF/lpf_int                                                                                                                                      |                2 |              4 |         2.00 |
|  BD_i/zynq_ultra_ps_e_0/inst/pl_clk0 | BD_i/axi_smc/inst/s00_entry_pipeline/s00_si_converter/inst/converter.wrap_narrow_inst/gen_thread_loop[0].r_cmd_fifo/fifoaddr[3]_i_1__3_n_0                                                                   | BD_i/axi_smc/inst/s00_entry_pipeline/s00_si_converter/inst/areset                                                                                                                             |                1 |              4 |         4.00 |
|  BD_i/zynq_ultra_ps_e_0/inst/pl_clk0 | BD_i/ChaosCoreTop_0/inst/chiptop/system/tile_prci_domain/element_reset_domain_ChaosCore_tile/core/backend/execution_engine/INT_FUs_2/ALU/FU_output/ram_ext/wb_mem_63_complete_i_3[0]                         | BD_i/ChaosCoreTop_0/inst/chiptop/system/chipyard_prcictrl_domain/resetSynchronizer/nodeOut_member_allClocks_uncore_reset_catcher/io_sync_reset_chain/output_chain/sync_0_reg_13[0]            |                1 |              4 |         4.00 |
|  BD_i/zynq_ultra_ps_e_0/inst/pl_clk0 | BD_i/axi_smc/inst/s00_entry_pipeline/s00_si_converter/inst/converter.wrap_narrow_inst/gen_thread_loop[0].r_payld_fifo/cmd_fifo/E[0]                                                                          |                                                                                                                                                                                               |                2 |              4 |         2.00 |
|  BD_i/zynq_ultra_ps_e_0/inst/pl_clk0 | BD_i/axi_smc/inst/switchboards/i_nodes/i_b_node/inst/inst_si_handler/gen_si_handler.gen_arbiter_rr_minimal_area.inst_arbiter/s_sc_valid                                                                      |                                                                                                                                                                                               |                2 |              4 |         2.00 |
|  BD_i/zynq_ultra_ps_e_0/inst/pl_clk0 | BD_i/ChaosCoreTop_0/inst/chiptop/system/tile_prci_domain/element_reset_domain_ChaosCore_tile/dcache/wb/_readArb_io_out_valid                                                                                 |                                                                                                                                                                                               |                1 |              4 |         4.00 |
|  BD_i/zynq_ultra_ps_e_0/inst/pl_clk0 | BD_i/axi_smc/inst/switchboards/i_nodes/i_aw_node/inst/inst_si_handler/gen_m_axis_arb_fifo.inst_axis_arb_fifo/fifoaddr[3]_i_1_n_0                                                                             | BD_i/axi_smc/inst/switchboards/i_nodes/i_aw_node/inst/inst_si_handler/areset_r                                                                                                                |                1 |              4 |         4.00 |
|  BD_i/zynq_ultra_ps_e_0/inst/pl_clk0 |                                                                                                                                                                                                              | BD_i/axi_smc/inst/switchboards/i_nodes/i_w_node/inst/inst_si_handler/areset_r                                                                                                                 |                2 |              4 |         2.00 |
|  BD_i/zynq_ultra_ps_e_0/inst/pl_clk0 | BD_i/axi_smc/inst/s01_entry_pipeline/s01_si_converter/inst/converter.wrap_narrow_inst/w_payld_fifo/cmd_fifo/E[0]                                                                                             |                                                                                                                                                                                               |                2 |              4 |         2.00 |
|  BD_i/zynq_ultra_ps_e_0/inst/pl_clk0 | BD_i/axi_smc/inst/s00_entry_pipeline/s00_si_converter/inst/gen_normal.splitter_inst/gen_wsplitter.wsplit_last_offset_fifo/fifoaddr[3]_i_1__0_n_0                                                             | BD_i/axi_smc/inst/s00_entry_pipeline/s00_si_converter/inst/areset                                                                                                                             |                2 |              4 |         2.00 |
|  BD_i/zynq_ultra_ps_e_0/inst/pl_clk0 | BD_i/axi_smc/inst/s01_entry_pipeline/s01_si_converter/inst/converter.wrap_narrow_inst/w_payld_fifo/cmd_fifo/fifoaddr[3]_i_1__3_n_0                                                                           | BD_i/axi_smc/inst/s01_entry_pipeline/s01_si_converter/inst/areset                                                                                                                             |                2 |              4 |         2.00 |
|  BD_i/zynq_ultra_ps_e_0/inst/pl_clk0 | BD_i/axi_smc/inst/s01_entry_pipeline/s01_si_converter/inst/converter.wrap_narrow_inst/w_cmd_fifo/fifoaddr[3]_i_1__2_n_0                                                                                      | BD_i/axi_smc/inst/s01_entry_pipeline/s01_si_converter/inst/areset                                                                                                                             |                3 |              4 |         1.33 |
|  BD_i/zynq_ultra_ps_e_0/inst/pl_clk0 | BD_i/axi_smc/inst/s01_entry_pipeline/s01_si_converter/inst/converter.wrap_narrow_inst/gen_thread_loop[0].r_payld_fifo/r_acceptance_reg[0][0]                                                                 | BD_i/axi_smc/inst/s01_entry_pipeline/s01_si_converter/inst/areset                                                                                                                             |                1 |              4 |         4.00 |
|  BD_i/zynq_ultra_ps_e_0/inst/pl_clk0 | BD_i/axi_smc/inst/s01_entry_pipeline/s01_si_converter/inst/converter.wrap_narrow_inst/gen_thread_loop[0].r_payld_fifo/areset_reg[0]                                                                          |                                                                                                                                                                                               |                2 |              4 |         2.00 |
|  BD_i/zynq_ultra_ps_e_0/inst/pl_clk0 | BD_i/axi_smc/inst/s00_entry_pipeline/s00_si_converter/inst/converter.wrap_narrow_inst/gen_thread_loop[0].r_payld_fifo/cmd_fifo/fifoaddr[3]_i_1__5_n_0                                                        | BD_i/axi_smc/inst/s00_entry_pipeline/s00_si_converter/inst/areset                                                                                                                             |                2 |              4 |         2.00 |
|  BD_i/zynq_ultra_ps_e_0/inst/pl_clk0 | BD_i/ChaosCoreTop_0/inst/chiptop/system/uartClockDomainWrapper/uart_0/txm/counter[3]_i_1_n_0                                                                                                                 | BD_i/ChaosCoreTop_0/inst/chiptop/system/chipyard_prcictrl_domain/resetSynchronizer/nodeOut_member_allClocks_uncore_reset_catcher/io_sync_reset_chain/output_chain/sync_0_reg_0                |                2 |              4 |         2.00 |
|  BD_i/zynq_ultra_ps_e_0/inst/pl_clk0 | BD_i/smartconnect_0/inst/s00_entry_pipeline/s00_si_converter/inst/converter.wrap_narrow_inst/gen_thread_loop[0].r_cmd_fifo/fifoaddr[3]_i_1_n_0                                                               | BD_i/smartconnect_0/inst/s00_entry_pipeline/s00_si_converter/inst/areset                                                                                                                      |                2 |              4 |         2.00 |
|  BD_i/zynq_ultra_ps_e_0/inst/pl_clk0 | BD_i/smartconnect_0/inst/s00_entry_pipeline/s00_si_converter/inst/converter.wrap_narrow_inst/gen_thread_loop[0].r_payld_fifo/cmd_fifo/gen_srls[11].srl_nx1/shift_qual                                        |                                                                                                                                                                                               |                1 |              4 |         4.00 |
|  BD_i/zynq_ultra_ps_e_0/inst/pl_clk0 | BD_i/smartconnect_0/inst/s00_entry_pipeline/s00_mmu/inst/gen_endpoint.decerr_slave_inst/gen_axi.gen_write.s_axi_bid_i[3]_i_1_n_0                                                                             | BD_i/smartconnect_0/inst/s00_entry_pipeline/s00_mmu/inst/areset                                                                                                                               |                1 |              4 |         4.00 |
|  BD_i/zynq_ultra_ps_e_0/inst/pl_clk0 | BD_i/axi_smc/inst/s01_entry_pipeline/s01_mmu/inst/ar_reg_stall/E[0]                                                                                                                                          | BD_i/axi_smc/inst/s01_entry_pipeline/s01_mmu/inst/areset                                                                                                                                      |                2 |              4 |         2.00 |
|  BD_i/zynq_ultra_ps_e_0/inst/pl_clk0 |                                                                                                                                                                                                              | BD_i/smartconnect_0/inst/s00_nodes/s00_b_node/inst/inst_mi_handler/m_sc_areset_r                                                                                                              |                3 |              4 |         1.33 |
|  BD_i/zynq_ultra_ps_e_0/inst/pl_clk0 | BD_i/axi_smc/inst/s01_entry_pipeline/s01_si_converter/inst/converter.wrap_narrow_inst/gen_thread_loop[0].r_payld_fifo/cmd_fifo/fifoaddr[3]_i_1__1_n_0                                                        | BD_i/axi_smc/inst/s01_entry_pipeline/s01_si_converter/inst/areset                                                                                                                             |                1 |              4 |         4.00 |
|  BD_i/zynq_ultra_ps_e_0/inst/pl_clk0 | BD_i/axi_smc/inst/s01_entry_pipeline/s01_si_converter/inst/converter.wrap_narrow_inst/gen_thread_loop[0].r_payld_fifo/cmd_fifo/E[0]                                                                          |                                                                                                                                                                                               |                1 |              4 |         4.00 |
|  BD_i/zynq_ultra_ps_e_0/inst/pl_clk0 | BD_i/axi_smc/inst/s01_entry_pipeline/s01_si_converter/inst/converter.wrap_narrow_inst/gen_thread_loop[0].r_cmd_fifo/fifoaddr[3]_i_1_n_0                                                                      | BD_i/axi_smc/inst/s01_entry_pipeline/s01_si_converter/inst/areset                                                                                                                             |                2 |              4 |         2.00 |
|  BD_i/zynq_ultra_ps_e_0/inst/pl_clk0 | BD_i/smartconnect_0/inst/m00_exit_pipeline/m00_exit/inst/exit_inst/gen_w_cmd_fifo.w_cmd_fifo/fifoaddr[3]_i_1__0_n_0                                                                                          | BD_i/smartconnect_0/inst/m00_exit_pipeline/m00_exit/inst/areset                                                                                                                               |                2 |              4 |         2.00 |
|  BD_i/zynq_ultra_ps_e_0/inst/pl_clk0 | BD_i/smartconnect_0/inst/m00_exit_pipeline/m00_exit/inst/exit_inst/gen_r_cmd_fifo.r_cmd_fifo/fifoaddr[3]_i_1_n_0                                                                                             | BD_i/smartconnect_0/inst/m00_exit_pipeline/m00_exit/inst/areset                                                                                                                               |                2 |              4 |         2.00 |
|  BD_i/zynq_ultra_ps_e_0/inst/pl_clk0 | BD_i/smartconnect_0/inst/s00_entry_pipeline/s00_si_converter/inst/converter.wrap_narrow_inst/ar_reg_slice/E[0]                                                                                               | BD_i/smartconnect_0/inst/s00_entry_pipeline/s00_si_converter/inst/areset                                                                                                                      |                4 |              4 |         1.00 |
|  BD_i/zynq_ultra_ps_e_0/inst/pl_clk0 | BD_i/axi_smc/inst/s00_entry_pipeline/s00_si_converter/inst/converter.wrap_narrow_inst/gen_thread_loop[0].r_payld_fifo/areset_reg_0[0]                                                                        |                                                                                                                                                                                               |                1 |              4 |         4.00 |
|  BD_i/zynq_ultra_ps_e_0/inst/pl_clk0 | BD_i/smartconnect_0/inst/s00_entry_pipeline/s00_mmu/inst/gen_endpoint.decerr_slave_inst/gen_axi.gen_read.s_axi_rid_i                                                                                         | BD_i/smartconnect_0/inst/s00_entry_pipeline/s00_mmu/inst/areset                                                                                                                               |                1 |              4 |         4.00 |
|  BD_i/zynq_ultra_ps_e_0/inst/pl_clk0 | BD_i/smartconnect_0/inst/s00_entry_pipeline/s00_si_converter/inst/converter.wrap_narrow_inst/gen_thread_loop[0].r_payld_fifo/cmd_fifo/fifoaddr[3]_i_1__0_n_0                                                 | BD_i/smartconnect_0/inst/s00_entry_pipeline/s00_si_converter/inst/areset                                                                                                                      |                2 |              4 |         2.00 |
|  BD_i/zynq_ultra_ps_e_0/inst/pl_clk0 |                                                                                                                                                                                                              | BD_i/axi_smc/inst/clk_map/psr_aclk/U0/EXT_LPF/lpf_int                                                                                                                                         |                1 |              4 |         4.00 |
|  BD_i/zynq_ultra_ps_e_0/inst/pl_clk0 | BD_i/axi_smc/inst/s00_entry_pipeline/s00_si_converter/inst/converter.wrap_narrow_inst/gen_thread_loop[0].r_payld_fifo/r_acceptance_reg[2][0]                                                                 | BD_i/axi_smc/inst/s00_entry_pipeline/s00_si_converter/inst/areset                                                                                                                             |                1 |              4 |         4.00 |
|  BD_i/zynq_ultra_ps_e_0/inst/pl_clk0 | BD_i/smartconnect_0/inst/s00_entry_pipeline/s00_mmu/inst/ar_sreg/E[0]                                                                                                                                        | BD_i/smartconnect_0/inst/s00_entry_pipeline/s00_mmu/inst/areset                                                                                                                               |                1 |              4 |         4.00 |
|  BD_i/zynq_ultra_ps_e_0/inst/pl_clk0 |                                                                                                                                                                                                              | BD_i/smartconnect_0/inst/clk_map/psr_aclk1/U0/EXT_LPF/lpf_int_reg_0                                                                                                                           |                3 |              4 |         1.33 |
|  BD_i/zynq_ultra_ps_e_0/inst/pl_clk0 | BD_i/ChaosCoreTop_0/inst/chiptop/system/cbus/atomics/p_1_in5_out                                                                                                                                             | BD_i/ChaosCoreTop_0/inst/chiptop/system/cbus/in_xbar/readys_mask_reg[0]_2                                                                                                                     |                2 |              4 |         2.00 |
|  BD_i/zynq_ultra_ps_e_0/inst/pl_clk0 |                                                                                                                                                                                                              | BD_i/axi_gpio_1/U0/AXI_LITE_IPIF_I/I_SLAVE_ATTACHMENT/clear                                                                                                                                   |                1 |              4 |         4.00 |
|  BD_i/zynq_ultra_ps_e_0/inst/pl_clk0 |                                                                                                                                                                                                              | BD_i/axi_gpio_0/U0/AXI_LITE_IPIF_I/I_SLAVE_ATTACHMENT/clear                                                                                                                                   |                2 |              4 |         2.00 |
|  BD_i/zynq_ultra_ps_e_0/inst/pl_clk0 |                                                                                                                                                                                                              | BD_i/rst_ps8_0_100M/U0/EXT_LPF/lpf_int                                                                                                                                                        |                2 |              4 |         2.00 |
|  BD_i/zynq_ultra_ps_e_0/inst/pl_clk0 | BD_i/smartconnect_0/inst/m00_nodes/m00_aw_node/inst/inst_si_handler/gen_m_axis_arb_fifo.inst_axis_arb_fifo/fifoaddr[3]_i_1_n_0                                                                               | BD_i/smartconnect_0/inst/m00_nodes/m00_aw_node/inst/inst_si_handler/areset_r                                                                                                                  |                1 |              4 |         4.00 |
|  BD_i/zynq_ultra_ps_e_0/inst/pl_clk0 |                                                                                                                                                                                                              | BD_i/smartconnect_0/inst/clk_map/psr_aclk/U0/EXT_LPF/lpf_int_reg_0                                                                                                                            |                2 |              4 |         2.00 |
|  BD_i/zynq_ultra_ps_e_0/inst/pl_clk0 | BD_i/ChaosCoreTop_0/inst/chiptop/system/tile_prci_domain/element_reset_domain_ChaosCore_tile/core/backend/execution_engine/MOB/back_pointer_reg[5]_rep_39[0]                                                 | BD_i/ChaosCoreTop_0/inst/chiptop/system/chipyard_prcictrl_domain/resetSynchronizer/nodeOut_member_allClocks_uncore_reset_catcher/io_sync_reset_chain/output_chain/sync_0_reg_63[0]            |                2 |              4 |         2.00 |
|  BD_i/zynq_ultra_ps_e_0/inst/pl_clk0 | BD_i/smartconnect_0/inst/s00_entry_pipeline/s00_transaction_regulator/inst/gen_endpoint.gen_w_singleorder.w_singleorder/gen_id_fifo.singleorder_fifo/fifoaddr[3]_i_1_n_0                                     | BD_i/smartconnect_0/inst/s00_entry_pipeline/s00_transaction_regulator/inst/areset                                                                                                             |                1 |              4 |         4.00 |
|  BD_i/zynq_ultra_ps_e_0/inst/pl_clk0 | BD_i/smartconnect_0/inst/s00_entry_pipeline/s00_transaction_regulator/inst/gen_endpoint.gen_w_singleorder.w_singleorder/gen_id_fifo.singleorder_fifo/gen_pipelined.mesg_reg                                  |                                                                                                                                                                                               |                1 |              4 |         4.00 |
|  BD_i/zynq_ultra_ps_e_0/inst/pl_clk0 | BD_i/ChaosCoreTop_0/inst/chiptop/system/tile_prci_domain/element_reset_domain_ChaosCore_tile/core/backend/execution_engine/MOB/back_pointer_reg[5]_rep_47[0]                                                 | BD_i/ChaosCoreTop_0/inst/chiptop/system/chipyard_prcictrl_domain/resetSynchronizer/nodeOut_member_allClocks_uncore_reset_catcher/io_sync_reset_chain/output_chain/sync_0_reg_54[0]            |                1 |              4 |         4.00 |
|  BD_i/zynq_ultra_ps_e_0/inst/pl_clk0 | BD_i/ChaosCoreTop_0/inst/chiptop/system/tile_prci_domain/element_reset_domain_ChaosCore_tile/core/backend/execution_engine/MOB/back_pointer_reg[5]_rep_48[0]                                                 | BD_i/ChaosCoreTop_0/inst/chiptop/system/chipyard_prcictrl_domain/resetSynchronizer/nodeOut_member_allClocks_uncore_reset_catcher/io_sync_reset_chain/output_chain/sync_0_reg_53[0]            |                1 |              4 |         4.00 |
|  BD_i/zynq_ultra_ps_e_0/inst/pl_clk0 | BD_i/ChaosCoreTop_0/inst/chiptop/system/tile_prci_domain/element_reset_domain_ChaosCore_tile/core/backend/execution_engine/MOB/back_pointer_reg[5]_rep_6[0]                                                  | BD_i/ChaosCoreTop_0/inst/chiptop/system/chipyard_prcictrl_domain/resetSynchronizer/nodeOut_member_allClocks_uncore_reset_catcher/io_sync_reset_chain/output_chain/sync_0_reg_28[0]            |                1 |              4 |         4.00 |
|  BD_i/zynq_ultra_ps_e_0/inst/pl_clk0 | BD_i/ChaosCoreTop_0/inst/chiptop/system/tile_prci_domain/element_reset_domain_ChaosCore_tile/core/backend/execution_engine/MOB/back_pointer_reg[5]_rep_5[0]                                                  | BD_i/ChaosCoreTop_0/inst/chiptop/system/chipyard_prcictrl_domain/resetSynchronizer/nodeOut_member_allClocks_uncore_reset_catcher/io_sync_reset_chain/output_chain/sync_0_reg_26[0]            |                1 |              4 |         4.00 |
|  BD_i/zynq_ultra_ps_e_0/inst/pl_clk0 | BD_i/ChaosCoreTop_0/inst/chiptop/system/tile_prci_domain/element_reset_domain_ChaosCore_tile/core/backend/execution_engine/MOB/back_pointer_reg[5]_rep_50[0]                                                 | BD_i/ChaosCoreTop_0/inst/chiptop/system/chipyard_prcictrl_domain/resetSynchronizer/nodeOut_member_allClocks_uncore_reset_catcher/io_sync_reset_chain/output_chain/sync_0_reg_51[0]            |                1 |              4 |         4.00 |
|  BD_i/zynq_ultra_ps_e_0/inst/pl_clk0 | BD_i/ChaosCoreTop_0/inst/chiptop/system/tile_prci_domain/element_reset_domain_ChaosCore_tile/core/backend/execution_engine/MOB/back_pointer_reg[5]_rep_35[0]                                                 | BD_i/ChaosCoreTop_0/inst/chiptop/system/chipyard_prcictrl_domain/resetSynchronizer/nodeOut_member_allClocks_uncore_reset_catcher/io_sync_reset_chain/output_chain/sync_0_reg_15[0]            |                1 |              4 |         4.00 |
|  BD_i/zynq_ultra_ps_e_0/inst/pl_clk0 | BD_i/ChaosCoreTop_0/inst/chiptop/system/tile_prci_domain/element_reset_domain_ChaosCore_tile/core/backend/execution_engine/MOB/back_pointer_reg[5]_rep_36[0]                                                 | BD_i/ChaosCoreTop_0/inst/chiptop/system/chipyard_prcictrl_domain/resetSynchronizer/nodeOut_member_allClocks_uncore_reset_catcher/io_sync_reset_chain/output_chain/sync_0_reg_11[0]            |                1 |              4 |         4.00 |
|  BD_i/zynq_ultra_ps_e_0/inst/pl_clk0 | BD_i/ChaosCoreTop_0/inst/chiptop/system/tile_prci_domain/element_reset_domain_ChaosCore_tile/core/backend/execution_engine/MOB/back_pointer_reg[5]_rep_37[0]                                                 | BD_i/ChaosCoreTop_0/inst/chiptop/system/chipyard_prcictrl_domain/resetSynchronizer/nodeOut_member_allClocks_uncore_reset_catcher/io_sync_reset_chain/output_chain/sync_0_reg_12[0]            |                1 |              4 |         4.00 |
|  BD_i/zynq_ultra_ps_e_0/inst/pl_clk0 | BD_i/ChaosCoreTop_0/inst/chiptop/system/tile_prci_domain/element_reset_domain_ChaosCore_tile/core/backend/execution_engine/MOB/back_pointer_reg[5]_rep_38[0]                                                 | BD_i/ChaosCoreTop_0/inst/chiptop/system/chipyard_prcictrl_domain/resetSynchronizer/nodeOut_member_allClocks_uncore_reset_catcher/io_sync_reset_chain/output_chain/sync_0_reg_64[0]            |                1 |              4 |         4.00 |
|  BD_i/zynq_ultra_ps_e_0/inst/pl_clk0 | BD_i/smartconnect_0/inst/s00_entry_pipeline/s00_transaction_regulator/inst/gen_endpoint.gen_w_singleorder.w_singleorder/gen_id_fifo.singleorder_fifo/gen_srls[3].srl_nx1/shift_qual                          |                                                                                                                                                                                               |                1 |              4 |         4.00 |
|  BD_i/zynq_ultra_ps_e_0/inst/pl_clk0 | BD_i/ChaosCoreTop_0/inst/chiptop/system/tile_prci_domain/element_reset_domain_ChaosCore_tile/core/backend/execution_engine/MOB/back_pointer_reg[5]_rep_4[0]                                                  | BD_i/ChaosCoreTop_0/inst/chiptop/system/chipyard_prcictrl_domain/resetSynchronizer/nodeOut_member_allClocks_uncore_reset_catcher/io_sync_reset_chain/output_chain/sync_0_reg_25[0]            |                2 |              4 |         2.00 |
|  BD_i/zynq_ultra_ps_e_0/inst/pl_clk0 | BD_i/ChaosCoreTop_0/inst/chiptop/system/tile_prci_domain/element_reset_domain_ChaosCore_tile/core/backend/execution_engine/MOB/back_pointer_reg[5]_rep_40[0]                                                 | BD_i/ChaosCoreTop_0/inst/chiptop/system/chipyard_prcictrl_domain/resetSynchronizer/nodeOut_member_allClocks_uncore_reset_catcher/io_sync_reset_chain/output_chain/sync_0_reg_62[0]            |                1 |              4 |         4.00 |
|  BD_i/zynq_ultra_ps_e_0/inst/pl_clk0 | BD_i/ChaosCoreTop_0/inst/chiptop/system/tile_prci_domain/element_reset_domain_ChaosCore_tile/core/backend/execution_engine/MOB/back_pointer_reg[5]_rep_41[0]                                                 | BD_i/ChaosCoreTop_0/inst/chiptop/system/chipyard_prcictrl_domain/resetSynchronizer/nodeOut_member_allClocks_uncore_reset_catcher/io_sync_reset_chain/output_chain/sync_0_reg_61[0]            |                1 |              4 |         4.00 |
|  BD_i/zynq_ultra_ps_e_0/inst/pl_clk0 | BD_i/ChaosCoreTop_0/inst/chiptop/system/tile_prci_domain/element_reset_domain_ChaosCore_tile/core/backend/execution_engine/MOB/back_pointer_reg[5]_rep_42[0]                                                 | BD_i/ChaosCoreTop_0/inst/chiptop/system/chipyard_prcictrl_domain/resetSynchronizer/nodeOut_member_allClocks_uncore_reset_catcher/io_sync_reset_chain/output_chain/sync_0_reg_60[0]            |                1 |              4 |         4.00 |
|  BD_i/zynq_ultra_ps_e_0/inst/pl_clk0 | BD_i/ChaosCoreTop_0/inst/chiptop/system/tile_prci_domain/element_reset_domain_ChaosCore_tile/core/backend/execution_engine/MOB/back_pointer_reg[5]_rep_43[0]                                                 | BD_i/ChaosCoreTop_0/inst/chiptop/system/chipyard_prcictrl_domain/resetSynchronizer/nodeOut_member_allClocks_uncore_reset_catcher/io_sync_reset_chain/output_chain/sync_0_reg_59[0]            |                1 |              4 |         4.00 |
|  BD_i/zynq_ultra_ps_e_0/inst/pl_clk0 | BD_i/ChaosCoreTop_0/inst/chiptop/system/tile_prci_domain/element_reset_domain_ChaosCore_tile/core/backend/execution_engine/MOB/back_pointer_reg[5]_rep_9[0]                                                  | BD_i/ChaosCoreTop_0/inst/chiptop/system/chipyard_prcictrl_domain/resetSynchronizer/nodeOut_member_allClocks_uncore_reset_catcher/io_sync_reset_chain/output_chain/sync_0_reg_34[0]            |                1 |              4 |         4.00 |
|  BD_i/zynq_ultra_ps_e_0/inst/pl_clk0 | BD_i/ChaosCoreTop_0/inst/chiptop/system/tile_prci_domain/element_reset_domain_ChaosCore_tile/core/backend/execution_engine/MOB/back_pointer_reg[5]_rep_8[0]                                                  | BD_i/ChaosCoreTop_0/inst/chiptop/system/chipyard_prcictrl_domain/resetSynchronizer/nodeOut_member_allClocks_uncore_reset_catcher/io_sync_reset_chain/output_chain/sync_0_reg_32[0]            |                1 |              4 |         4.00 |
|  BD_i/zynq_ultra_ps_e_0/inst/pl_clk0 | BD_i/ChaosCoreTop_0/inst/chiptop/system/tile_prci_domain/element_reset_domain_ChaosCore_tile/core/backend/execution_engine/MOB/back_pointer_reg[5]_rep_7[0]                                                  | BD_i/ChaosCoreTop_0/inst/chiptop/system/chipyard_prcictrl_domain/resetSynchronizer/nodeOut_member_allClocks_uncore_reset_catcher/io_sync_reset_chain/output_chain/sync_0_reg_30[0]            |                1 |              4 |         4.00 |
|  BD_i/zynq_ultra_ps_e_0/inst/pl_clk0 | BD_i/ChaosCoreTop_0/inst/chiptop/system/tile_prci_domain/element_reset_domain_ChaosCore_tile/core/backend/execution_engine/MOB/back_pointer_reg[5]_rep_53[0]                                                 | BD_i/ChaosCoreTop_0/inst/chiptop/system/chipyard_prcictrl_domain/resetSynchronizer/nodeOut_member_allClocks_uncore_reset_catcher/io_sync_reset_chain/output_chain/sync_0_reg_9[0]             |                1 |              4 |         4.00 |
|  BD_i/zynq_ultra_ps_e_0/inst/pl_clk0 | BD_i/ChaosCoreTop_0/inst/chiptop/system/tile_prci_domain/element_reset_domain_ChaosCore_tile/core/backend/execution_engine/MOB/back_pointer_reg[5]_rep_52[0]                                                 | BD_i/ChaosCoreTop_0/inst/chiptop/system/chipyard_prcictrl_domain/resetSynchronizer/nodeOut_member_allClocks_uncore_reset_catcher/io_sync_reset_chain/output_chain/sync_0_reg_8[0]             |                1 |              4 |         4.00 |
|  BD_i/zynq_ultra_ps_e_0/inst/pl_clk0 | BD_i/smartconnect_0/inst/s00_entry_pipeline/s00_si_converter/inst/converter.wrap_narrow_inst/w_payld_fifo/cmd_fifo/gen_pipelined.mesg_reg                                                                    |                                                                                                                                                                                               |                1 |              4 |         4.00 |
|  BD_i/zynq_ultra_ps_e_0/inst/pl_clk0 | BD_i/axi_smc/inst/s00_entry_pipeline/s00_mmu/inst/ar_reg_stall/E[0]                                                                                                                                          | BD_i/axi_smc/inst/s00_entry_pipeline/s00_mmu/inst/areset                                                                                                                                      |                1 |              4 |         4.00 |
|  BD_i/zynq_ultra_ps_e_0/inst/pl_clk0 | BD_i/smartconnect_0/inst/s00_entry_pipeline/s00_si_converter/inst/converter.wrap_narrow_inst/gen_thread_loop[0].r_payld_fifo/cmd_fifo/gen_pipelined.mesg_reg                                                 |                                                                                                                                                                                               |                1 |              4 |         4.00 |
|  BD_i/zynq_ultra_ps_e_0/inst/pl_clk0 | BD_i/axi_smc/inst/s00_entry_pipeline/s00_si_converter/inst/converter.wrap_narrow_inst/w_cmd_fifo/fifoaddr[3]_i_1__6_n_0                                                                                      | BD_i/axi_smc/inst/s00_entry_pipeline/s00_si_converter/inst/areset                                                                                                                             |                2 |              4 |         2.00 |
|  BD_i/zynq_ultra_ps_e_0/inst/pl_clk0 | BD_i/smartconnect_0/inst/s00_entry_pipeline/s00_si_converter/inst/converter.wrap_narrow_inst/gen_thread_loop[0].r_payld_fifo/cmd_fifo/E[0]                                                                   |                                                                                                                                                                                               |                2 |              4 |         2.00 |
|  BD_i/zynq_ultra_ps_e_0/inst/pl_clk0 | BD_i/axi_gpio_0/U0/AXI_LITE_IPIF_I/I_SLAVE_ATTACHMENT/bus2ip_addr_i[8]_i_1_n_0                                                                                                                               | BD_i/axi_gpio_1/U0/AXI_LITE_IPIF_I/I_SLAVE_ATTACHMENT/SR[0]                                                                                                                                   |                3 |              4 |         1.33 |
|  BD_i/zynq_ultra_ps_e_0/inst/pl_clk0 | BD_i/axi_gpio_1/U0/AXI_LITE_IPIF_I/I_SLAVE_ATTACHMENT/bus2ip_addr_i[8]_i_1_n_0                                                                                                                               | BD_i/axi_gpio_1/U0/AXI_LITE_IPIF_I/I_SLAVE_ATTACHMENT/SR[0]                                                                                                                                   |                2 |              4 |         2.00 |
|  BD_i/zynq_ultra_ps_e_0/inst/pl_clk0 | BD_i/smartconnect_0/inst/s00_entry_pipeline/s00_si_converter/inst/converter.wrap_narrow_inst/w_cmd_fifo/fifoaddr[3]_i_1__2_n_0                                                                               | BD_i/smartconnect_0/inst/s00_entry_pipeline/s00_si_converter/inst/areset                                                                                                                      |                1 |              4 |         4.00 |
|  BD_i/zynq_ultra_ps_e_0/inst/pl_clk0 | BD_i/axi_smc/inst/m01_exit_pipeline/m01_exit/inst/splitter_inst/gen_axi4lite.axilite_conv/m_axi_arprot_i[2]_i_1_n_0                                                                                          | BD_i/axi_smc/inst/m01_exit_pipeline/m01_exit/inst/areset                                                                                                                                      |                2 |              4 |         2.00 |
|  BD_i/zynq_ultra_ps_e_0/inst/pl_clk0 | BD_i/smartconnect_0/inst/s00_entry_pipeline/s00_si_converter/inst/converter.wrap_narrow_inst/w_payld_fifo/cmd_fifo/gen_srls[11].srl_nx1/shift_qual                                                           |                                                                                                                                                                                               |                1 |              4 |         4.00 |
|  BD_i/zynq_ultra_ps_e_0/inst/pl_clk0 | BD_i/smartconnect_0/inst/s00_entry_pipeline/s00_si_converter/inst/converter.wrap_narrow_inst/w_payld_fifo/cmd_fifo/fifoaddr[3]_i_1__3_n_0                                                                    | BD_i/smartconnect_0/inst/s00_entry_pipeline/s00_si_converter/inst/areset                                                                                                                      |                2 |              4 |         2.00 |
|  BD_i/zynq_ultra_ps_e_0/inst/pl_clk0 | BD_i/ChaosCoreTop_0/inst/chiptop/system/tile_prci_domain/element_reset_domain_ChaosCore_tile/core/backend/execution_engine/MOB/back_pointer_reg[5]_rep_54[0]                                                 | BD_i/ChaosCoreTop_0/inst/chiptop/system/chipyard_prcictrl_domain/resetSynchronizer/nodeOut_member_allClocks_uncore_reset_catcher/io_sync_reset_chain/output_chain/sync_0_reg_10[0]            |                2 |              4 |         2.00 |
|  BD_i/zynq_ultra_ps_e_0/inst/pl_clk0 | BD_i/smartconnect_0/inst/s00_entry_pipeline/s00_si_converter/inst/converter.wrap_narrow_inst/w_payld_fifo/cmd_fifo/E[0]                                                                                      |                                                                                                                                                                                               |                2 |              4 |         2.00 |
|  BD_i/zynq_ultra_ps_e_0/inst/pl_clk0 | BD_i/smartconnect_0/inst/s00_entry_pipeline/s00_si_converter/inst/converter.wrap_narrow_inst/w_payld_fifo/w_payld_push_d                                                                                     | BD_i/smartconnect_0/inst/s00_entry_pipeline/s00_si_converter/inst/areset                                                                                                                      |                2 |              4 |         2.00 |
|  BD_i/zynq_ultra_ps_e_0/inst/pl_clk0 | BD_i/ChaosCoreTop_0/inst/chiptop/system/mbus/coupler_to_memory_controller_port_named_axi4/tl2axi4/nodeOut_w_deq_q/E[0]                                                                                       | BD_i/ChaosCoreTop_0/inst/chiptop/system/chipyard_prcictrl_domain/resetSynchronizer/nodeOut_member_allClocks_uncore_reset_catcher/io_sync_reset_chain/output_chain/sync_0_reg_0                |                2 |              4 |         2.00 |
|  BD_i/zynq_ultra_ps_e_0/inst/pl_clk0 | BD_i/ChaosCoreTop_0/inst/chiptop/system/tile_prci_domain/element_reset_domain_ChaosCore_tile/dcache/mshrs/mshrs_3/rpq/do_deq                                                                                 | BD_i/ChaosCoreTop_0/inst/chiptop/system/chipyard_prcictrl_domain/resetSynchronizer/nodeOut_member_allClocks_uncore_reset_catcher/io_sync_reset_chain/output_chain/sync_0_reg_0                |                1 |              4 |         4.00 |
|  BD_i/zynq_ultra_ps_e_0/inst/pl_clk0 | BD_i/smartconnect_0/inst/s00_entry_pipeline/s00_si_converter/inst/gen_normal.splitter_inst/gen_no_wsplitter.gen_endpoint_woffset.gen_wbypass_offset_fifo.wbypass_offset_fifo/fifoaddr[3]_i_1__5_n_0          | BD_i/smartconnect_0/inst/s00_entry_pipeline/s00_si_converter/inst/areset                                                                                                                      |                2 |              4 |         2.00 |
|  BD_i/zynq_ultra_ps_e_0/inst/pl_clk0 | BD_i/ChaosCoreTop_0/inst/chiptop/system/tile_prci_domain/element_reset_domain_ChaosCore_tile/dcache/mshrs/mshrs_3/rpq/ram_ext/E[0]                                                                           | BD_i/ChaosCoreTop_0/inst/chiptop/system/chipyard_prcictrl_domain/resetSynchronizer/nodeOut_member_allClocks_uncore_reset_catcher/io_sync_reset_chain/output_chain/sync_0_reg_0                |                1 |              4 |         4.00 |
|  BD_i/zynq_ultra_ps_e_0/inst/pl_clk0 | BD_i/smartconnect_0/inst/s00_entry_pipeline/s00_transaction_regulator/inst/gen_endpoint.gen_r_singleorder.r_singleorder/gen_id_fifo.singleorder_fifo/gen_srls[3].srl_nx1/shift_qual                          |                                                                                                                                                                                               |                1 |              4 |         4.00 |
|  BD_i/zynq_ultra_ps_e_0/inst/pl_clk0 | BD_i/smartconnect_0/inst/s00_entry_pipeline/s00_transaction_regulator/inst/gen_endpoint.gen_r_singleorder.r_singleorder/gen_id_fifo.singleorder_fifo/fifoaddr[3]_i_1__0_n_0                                  | BD_i/smartconnect_0/inst/s00_entry_pipeline/s00_transaction_regulator/inst/areset                                                                                                             |                1 |              4 |         4.00 |
|  BD_i/zynq_ultra_ps_e_0/inst/pl_clk0 | BD_i/smartconnect_0/inst/s00_entry_pipeline/s00_transaction_regulator/inst/gen_endpoint.gen_r_singleorder.r_singleorder/gen_id_fifo.singleorder_fifo/gen_pipelined.mesg_reg                                  |                                                                                                                                                                                               |                1 |              4 |         4.00 |
|  BD_i/zynq_ultra_ps_e_0/inst/pl_clk0 | BD_i/axi_smc/inst/s00_entry_pipeline/s00_si_converter/inst/converter.wrap_narrow_inst/w_payld_fifo/cmd_fifo/E[0]                                                                                             |                                                                                                                                                                                               |                1 |              4 |         4.00 |
|  BD_i/zynq_ultra_ps_e_0/inst/pl_clk0 | BD_i/smartconnect_0/inst/s01_entry_pipeline/s01_transaction_regulator/inst/gen_endpoint.gen_w_singleorder.w_singleorder/gen_id_fifo.singleorder_fifo/gen_srls[3].srl_nx1/shift_qual                          |                                                                                                                                                                                               |                1 |              4 |         4.00 |
|  BD_i/zynq_ultra_ps_e_0/inst/pl_clk0 | BD_i/ChaosCoreTop_0/inst/chiptop/system/coh_wrapper/l2/inclusive_cache_bank_sched/sourceC/queue/ram_ext/do_enq                                                                                               | BD_i/ChaosCoreTop_0/inst/chiptop/system/chipyard_prcictrl_domain/resetSynchronizer/nodeOut_member_allClocks_uncore_reset_catcher/io_sync_reset_chain/output_chain/sync_0_reg_0                |                2 |              4 |         2.00 |
|  BD_i/zynq_ultra_ps_e_0/inst/pl_clk0 | BD_i/ChaosCoreTop_0/inst/chiptop/system/coh_wrapper/l2/inclusive_cache_bank_sched/sourceC/queue/ram_ext/do_deq                                                                                               | BD_i/ChaosCoreTop_0/inst/chiptop/system/chipyard_prcictrl_domain/resetSynchronizer/nodeOut_member_allClocks_uncore_reset_catcher/io_sync_reset_chain/output_chain/sync_0_reg_0                |                1 |              4 |         4.00 |
|  BD_i/zynq_ultra_ps_e_0/inst/pl_clk0 | BD_i/smartconnect_0/inst/s01_entry_pipeline/s01_si_converter/inst/gen_normal.splitter_inst/gen_no_wsplitter.gen_endpoint_woffset.gen_wbypass_offset_fifo.wbypass_offset_fifo/fifoaddr[3]_i_1__5_n_0          | BD_i/smartconnect_0/inst/s01_entry_pipeline/s01_si_converter/inst/areset                                                                                                                      |                2 |              4 |         2.00 |
|  BD_i/zynq_ultra_ps_e_0/inst/pl_clk0 | BD_i/axi_gpio_0/U0/AXI_LITE_IPIF_I/I_SLAVE_ATTACHMENT/start2                                                                                                                                                 | BD_i/axi_gpio_0/U0/AXI_LITE_IPIF_I/I_SLAVE_ATTACHMENT/I_DECODER/cs_ce_clr                                                                                                                     |                1 |              4 |         4.00 |
|  BD_i/zynq_ultra_ps_e_0/inst/pl_clk0 | BD_i/ChaosCoreTop_0/inst/chiptop/system/tile_prci_domain/element_reset_domain_ChaosCore_tile/dcache/mshrs/mshrs_0/rpq/ram_ext/E[0]                                                                           | BD_i/ChaosCoreTop_0/inst/chiptop/system/chipyard_prcictrl_domain/resetSynchronizer/nodeOut_member_allClocks_uncore_reset_catcher/io_sync_reset_chain/output_chain/sync_0_reg_0                |                2 |              4 |         2.00 |
|  BD_i/zynq_ultra_ps_e_0/inst/pl_clk0 | BD_i/ChaosCoreTop_0/inst/chiptop/system/sbus/coupler_to_port_named_mmio_port_axi4/axi4deint/qs_queue_11/ram_ext/E[0]                                                                                         |                                                                                                                                                                                               |                3 |              4 |         1.33 |
|  BD_i/zynq_ultra_ps_e_0/inst/pl_clk0 | BD_i/smartconnect_0/inst/s01_entry_pipeline/s01_transaction_regulator/inst/gen_endpoint.gen_r_singleorder.r_singleorder/gen_id_fifo.singleorder_fifo/gen_srls[3].srl_nx1/shift_qual                          |                                                                                                                                                                                               |                1 |              4 |         4.00 |
|  BD_i/zynq_ultra_ps_e_0/inst/pl_clk0 | BD_i/smartconnect_0/inst/s01_entry_pipeline/s01_transaction_regulator/inst/gen_endpoint.gen_w_singleorder.w_singleorder/gen_id_fifo.singleorder_fifo/gen_pipelined.mesg_reg                                  |                                                                                                                                                                                               |                1 |              4 |         4.00 |
|  BD_i/zynq_ultra_ps_e_0/inst/pl_clk0 | BD_i/smartconnect_0/inst/s01_entry_pipeline/s01_transaction_regulator/inst/gen_endpoint.gen_r_singleorder.r_singleorder/gen_id_fifo.singleorder_fifo/fifoaddr[3]_i_1__0_n_0                                  | BD_i/smartconnect_0/inst/s01_entry_pipeline/s01_transaction_regulator/inst/areset                                                                                                             |                1 |              4 |         4.00 |
|  BD_i/zynq_ultra_ps_e_0/inst/pl_clk0 | BD_i/axi_smc/inst/s00_entry_pipeline/s00_si_converter/inst/converter.wrap_narrow_inst/w_payld_fifo/cmd_fifo/fifoaddr[3]_i_1__8_n_0                                                                           | BD_i/axi_smc/inst/s00_entry_pipeline/s00_si_converter/inst/areset                                                                                                                             |                1 |              4 |         4.00 |
|  BD_i/zynq_ultra_ps_e_0/inst/pl_clk0 | BD_i/smartconnect_0/inst/s01_entry_pipeline/s01_transaction_regulator/inst/gen_endpoint.gen_r_singleorder.r_singleorder/gen_id_fifo.singleorder_fifo/gen_pipelined.mesg_reg                                  |                                                                                                                                                                                               |                2 |              4 |         2.00 |
|  BD_i/zynq_ultra_ps_e_0/inst/pl_clk0 | BD_i/axi_smc/inst/m00_exit_pipeline/m00_exit/inst/splitter_inst/gen_axi4lite.axilite_conv/m_axi_arprot_i[2]_i_1_n_0                                                                                          | BD_i/axi_smc/inst/m00_exit_pipeline/m00_exit/inst/areset                                                                                                                                      |                3 |              4 |         1.33 |
|  BD_i/zynq_ultra_ps_e_0/inst/pl_clk0 | BD_i/ChaosCoreTop_0/inst/chiptop/system/pbus/coupler_to_device_named_uart_0/fragmenter/repeater/full_reg_2[0]                                                                                                | BD_i/ChaosCoreTop_0/inst/chiptop/system/chipyard_prcictrl_domain/resetSynchronizer/nodeOut_member_allClocks_uncore_reset_catcher/io_sync_reset_chain/output_chain/sync_0_reg_0                |                1 |              4 |         4.00 |
|  BD_i/zynq_ultra_ps_e_0/inst/pl_clk0 | BD_i/ChaosCoreTop_0/inst/chiptop/system/pbus/coupler_to_device_named_uart_0/fragmenter/repeater/full_reg_1[0]                                                                                                | BD_i/ChaosCoreTop_0/inst/chiptop/system/chipyard_prcictrl_domain/resetSynchronizer/nodeOut_member_allClocks_uncore_reset_catcher/io_sync_reset_chain/output_chain/sync_0_reg_0                |                1 |              4 |         4.00 |
|  BD_i/zynq_ultra_ps_e_0/inst/pl_clk0 | BD_i/ChaosCoreTop_0/inst/chiptop/system/tile_prci_domain/element_reset_domain_ChaosCore_tile/core/frontend/instruction_queue/do_deq                                                                          | BD_i/ChaosCoreTop_0/inst/chiptop/system/chipyard_prcictrl_domain/resetSynchronizer/nodeOut_member_allClocks_uncore_reset_catcher/io_sync_reset_chain/output_chain/sync_0_reg_6[0]             |                1 |              4 |         4.00 |
|  BD_i/zynq_ultra_ps_e_0/inst/pl_clk0 | BD_i/ChaosCoreTop_0/inst/chiptop/system/sbus/coupler_to_port_named_mmio_port_axi4/tl2axi4/nodeOut_w_deq_q/full_reg_3[0]                                                                                      | BD_i/ChaosCoreTop_0/inst/chiptop/system/chipyard_prcictrl_domain/resetSynchronizer/nodeOut_member_allClocks_uncore_reset_catcher/io_sync_reset_chain/output_chain/sync_0_reg_0                |                2 |              4 |         2.00 |
|  BD_i/zynq_ultra_ps_e_0/inst/pl_clk0 | BD_i/smartconnect_0/inst/s01_entry_pipeline/s01_transaction_regulator/inst/gen_endpoint.gen_w_singleorder.w_singleorder/gen_id_fifo.singleorder_fifo/fifoaddr[3]_i_1_n_0                                     | BD_i/smartconnect_0/inst/s01_entry_pipeline/s01_transaction_regulator/inst/areset                                                                                                             |                1 |              4 |         4.00 |
|  BD_i/zynq_ultra_ps_e_0/inst/pl_clk0 |                                                                                                                                                                                                              | BD_i/smartconnect_0/inst/m00_exit_pipeline/m00_exit/inst/areset                                                                                                                               |                4 |              5 |         1.25 |
|  BD_i/zynq_ultra_ps_e_0/inst/pl_clk0 | BD_i/smartconnect_0/inst/s01_nodes/s01_r_node/inst/inst_mi_handler/inst_ingress/inst_pipeline_valid/E[0]                                                                                                     | BD_i/smartconnect_0/inst/s01_nodes/s01_r_node/inst/inst_mi_handler/areset_r                                                                                                                   |                1 |              5 |         5.00 |
|  BD_i/zynq_ultra_ps_e_0/inst/pl_clk0 | BD_i/axi_smc/inst/s00_entry_pipeline/s00_si_converter/inst/gen_normal.splitter_inst/aw_cmd_reg/E[0]                                                                                                          | BD_i/axi_smc/inst/s00_entry_pipeline/s00_si_converter/inst/areset                                                                                                                             |                1 |              5 |         5.00 |
|  BD_i/zynq_ultra_ps_e_0/inst/pl_clk0 | BD_i/smartconnect_0/inst/s00_entry_pipeline/s00_si_converter/inst/converter.wrap_narrow_inst/w_payld_fifo/fifoaddr                                                                                           | BD_i/smartconnect_0/inst/s00_entry_pipeline/s00_si_converter/inst/areset                                                                                                                      |                1 |              5 |         5.00 |
|  BD_i/zynq_ultra_ps_e_0/inst/pl_clk0 | BD_i/axi_smc/inst/s00_entry_pipeline/s00_si_converter/inst/gen_normal.splitter_inst/ar_cmd_reg/E[0]                                                                                                          | BD_i/axi_smc/inst/s00_entry_pipeline/s00_si_converter/inst/areset                                                                                                                             |                1 |              5 |         5.00 |
|  BD_i/zynq_ultra_ps_e_0/inst/pl_clk0 | BD_i/axi_smc/inst/s00_entry_pipeline/s00_si_converter/inst/converter.wrap_narrow_inst/w_payld_fifo/fifoaddr                                                                                                  | BD_i/axi_smc/inst/s00_entry_pipeline/s00_si_converter/inst/areset                                                                                                                             |                2 |              5 |         2.50 |
|  BD_i/zynq_ultra_ps_e_0/inst/pl_clk0 | BD_i/smartconnect_0/inst/s00_entry_pipeline/s00_si_converter/inst/converter.wrap_narrow_inst/gen_thread_loop[0].r_payld_fifo/cmd_fifo/cmd_len_qq                                                             | BD_i/smartconnect_0/inst/s00_entry_pipeline/s00_si_converter/inst/areset                                                                                                                      |                2 |              5 |         2.50 |
|  BD_i/zynq_ultra_ps_e_0/inst/pl_clk0 | BD_i/ChaosCoreTop_0/inst/chiptop/system/tile_prci_domain/element_reset_domain_ChaosCore_tile/dcache/mshrs/mshrs_1/lrsc_count_reg[2]                                                                          | BD_i/ChaosCoreTop_0/inst/chiptop/system/tile_prci_domain/element_reset_domain_ChaosCore_tile/dcache/mshrs/mshrs_1/sync_0_reg_0                                                                |                3 |              5 |         1.67 |
|  BD_i/zynq_ultra_ps_e_0/inst/pl_clk0 | BD_i/smartconnect_0/inst/s01_entry_pipeline/s01_si_converter/inst/converter.wrap_narrow_inst/gen_thread_loop[0].r_payld_fifo/fifoaddr                                                                        | BD_i/smartconnect_0/inst/s01_entry_pipeline/s01_si_converter/inst/areset                                                                                                                      |                3 |              5 |         1.67 |
|  BD_i/zynq_ultra_ps_e_0/inst/pl_clk0 | BD_i/ChaosCoreTop_0/inst/chiptop/system/tile_prci_domain/element_reset_domain_ChaosCore_tile/dcache/mshrs/mshrs_0/rpq/ram_ext/s1_req_cmd[4]_i_2_0                                                            |                                                                                                                                                                                               |                4 |              5 |         1.25 |
|  BD_i/zynq_ultra_ps_e_0/inst/pl_clk0 | BD_i/ChaosCoreTop_0/inst/chiptop/system/serial_tl_domain/phy/out_phits_out_async_io_enq_q_1/E[0]                                                                                                             | BD_i/ChaosCoreTop_0/inst/chiptop/system/chipyard_prcictrl_domain/resetSynchronizer/nodeOut_member_allClocks_uncore_reset_catcher/io_sync_reset_chain/output_chain/sync_0_reg_0                |                2 |              5 |         2.50 |
|  BD_i/zynq_ultra_ps_e_0/inst/pl_clk0 | BD_i/smartconnect_0/inst/s01_entry_pipeline/s01_mmu/inst/ar_sreg/state_reg[s_ready_i]_0[0]                                                                                                                   | BD_i/smartconnect_0/inst/s01_entry_pipeline/s01_mmu/inst/areset                                                                                                                               |                1 |              5 |         5.00 |
|  BD_i/zynq_ultra_ps_e_0/inst/pl_clk0 | BD_i/smartconnect_0/inst/s01_entry_pipeline/s01_mmu/inst/aw_sreg/E[0]                                                                                                                                        | BD_i/smartconnect_0/inst/s01_entry_pipeline/s01_mmu/inst/areset_d                                                                                                                             |                1 |              5 |         5.00 |
|  BD_i/zynq_ultra_ps_e_0/inst/pl_clk0 |                                                                                                                                                                                                              | BD_i/smartconnect_0/inst/s00_nodes/s00_r_node/inst/inst_mi_handler/m_sc_areset_r                                                                                                              |                3 |              5 |         1.67 |
|  BD_i/zynq_ultra_ps_e_0/inst/pl_clk0 | BD_i/smartconnect_0/inst/s01_entry_pipeline/s01_si_converter/inst/converter.wrap_narrow_inst/gen_thread_loop[0].r_payld_fifo/cmd_fifo/gen_srls[11].srl_nx1/shift_qual                                        |                                                                                                                                                                                               |                1 |              5 |         5.00 |
|  BD_i/zynq_ultra_ps_e_0/inst/pl_clk0 | BD_i/axi_smc/inst/s01_entry_pipeline/s01_si_converter/inst/converter.wrap_narrow_inst/gen_thread_loop[0].r_payld_fifo/fifoaddr                                                                               | BD_i/axi_smc/inst/s01_entry_pipeline/s01_si_converter/inst/areset                                                                                                                             |                2 |              5 |         2.50 |
|  BD_i/zynq_ultra_ps_e_0/inst/pl_clk0 |                                                                                                                                                                                                              | BD_i/smartconnect_0/inst/s00_nodes/s00_w_node/inst/inst_mi_handler/areset_r                                                                                                                   |                3 |              5 |         1.67 |
|  BD_i/zynq_ultra_ps_e_0/inst/pl_clk0 | BD_i/smartconnect_0/inst/s01_nodes/s01_b_node/inst/inst_mi_handler/inst_ingress/inst_pipeline_valid/E[0]                                                                                                     | BD_i/smartconnect_0/inst/s01_nodes/s01_b_node/inst/inst_mi_handler/areset_r                                                                                                                   |                1 |              5 |         5.00 |
|  BD_i/zynq_ultra_ps_e_0/inst/pl_clk0 | BD_i/smartconnect_0/inst/s01_entry_pipeline/s01_si_converter/inst/converter.wrap_narrow_inst/gen_thread_loop[0].r_payld_fifo/cmd_fifo/gen_pipelined.mesg_reg                                                 |                                                                                                                                                                                               |                3 |              5 |         1.67 |
|  BD_i/zynq_ultra_ps_e_0/inst/pl_clk0 | BD_i/smartconnect_0/inst/s01_entry_pipeline/s01_si_converter/inst/converter.wrap_narrow_inst/w_payld_fifo/cmd_fifo/gen_srls[11].srl_nx1/shift_qual                                                           |                                                                                                                                                                                               |                1 |              5 |         5.00 |
|  BD_i/zynq_ultra_ps_e_0/inst/pl_clk0 | BD_i/axi_smc/inst/s01_entry_pipeline/s01_si_converter/inst/converter.wrap_narrow_inst/w_payld_fifo/fifoaddr                                                                                                  | BD_i/axi_smc/inst/s01_entry_pipeline/s01_si_converter/inst/areset                                                                                                                             |                2 |              5 |         2.50 |
|  BD_i/zynq_ultra_ps_e_0/inst/pl_clk0 | BD_i/smartconnect_0/inst/s00_entry_pipeline/s00_mmu/inst/ar_sreg/state_reg[s_ready_i]_0[0]                                                                                                                   | BD_i/smartconnect_0/inst/s00_entry_pipeline/s00_mmu/inst/areset                                                                                                                               |                1 |              5 |         5.00 |
|  BD_i/zynq_ultra_ps_e_0/inst/pl_clk0 | BD_i/axi_gpio_1/U0/AXI_LITE_IPIF_I/I_SLAVE_ATTACHMENT/s_axi_rresp_i                                                                                                                                          | BD_i/axi_gpio_0/U0/AXI_LITE_IPIF_I/I_SLAVE_ATTACHMENT/SR[0]                                                                                                                                   |                2 |              5 |         2.50 |
|  BD_i/zynq_ultra_ps_e_0/inst/pl_clk0 |                                                                                                                                                                                                              | BD_i/smartconnect_0/inst/s01_nodes/s01_w_node/inst/inst_mi_handler/areset_r                                                                                                                   |                4 |              5 |         1.25 |
|  BD_i/zynq_ultra_ps_e_0/inst/pl_clk0 | BD_i/smartconnect_0/inst/s01_entry_pipeline/s01_si_converter/inst/converter.wrap_narrow_inst/w_payld_fifo/fifoaddr                                                                                           | BD_i/smartconnect_0/inst/s01_entry_pipeline/s01_si_converter/inst/areset                                                                                                                      |                2 |              5 |         2.50 |
|  BD_i/zynq_ultra_ps_e_0/inst/pl_clk0 | BD_i/ChaosCoreTop_0/inst/chiptop/system/fbus/coupler_from_port_named_serial_tl_0_in/buffer/nodeIn_d_q/full_reg_0[0]                                                                                          |                                                                                                                                                                                               |                2 |              5 |         2.50 |
|  BD_i/zynq_ultra_ps_e_0/inst/pl_clk0 | BD_i/smartconnect_0/inst/s01_entry_pipeline/s01_si_converter/inst/converter.wrap_narrow_inst/w_payld_fifo/cmd_fifo/gen_pipelined.mesg_reg                                                                    |                                                                                                                                                                                               |                4 |              5 |         1.25 |
|  BD_i/zynq_ultra_ps_e_0/inst/pl_clk0 | BD_i/smartconnect_0/inst/s00_entry_pipeline/s00_mmu/inst/w_sreg/E[0]                                                                                                                                         | BD_i/smartconnect_0/inst/s00_entry_pipeline/s00_mmu/inst/areset_d                                                                                                                             |                1 |              5 |         5.00 |
|  BD_i/zynq_ultra_ps_e_0/inst/pl_clk0 | BD_i/ChaosCoreTop_0/inst/chiptop/system/tile_prci_domain/element_reset_domain_ChaosCore_tile/dcache/mshrs/mshrs_1/rpq/s2_req_cmd_reg[3]_1[0]                                                                 |                                                                                                                                                                                               |                1 |              5 |         5.00 |
|  BD_i/zynq_ultra_ps_e_0/inst/pl_clk0 | BD_i/ChaosCoreTop_0/inst/chiptop/system/fbus/coupler_from_debug_sb/widget/repeated_repeater/_GEN                                                                                                             |                                                                                                                                                                                               |                1 |              5 |         5.00 |
|  BD_i/zynq_ultra_ps_e_0/inst/pl_clk0 | BD_i/ChaosCoreTop_0/inst/chiptop/system/cbus/buffer/nodeOut_a_q/ram_ext/do_enq                                                                                                                               | BD_i/ChaosCoreTop_0/inst/chiptop/system/cbus/coupler_to_plic/fragmenter/repeater/full_reg_1                                                                                                   |                2 |              5 |         2.50 |
|  BD_i/zynq_ultra_ps_e_0/inst/pl_clk0 |                                                                                                                                                                                                              | BD_i/axi_gpio_0/U0/gpio_core_1/gpio_io_o[0]                                                                                                                                                   |                4 |              5 |         1.25 |
|  BD_i/zynq_ultra_ps_e_0/inst/pl_clk0 | BD_i/smartconnect_0/inst/s00_entry_pipeline/s00_si_converter/inst/converter.wrap_narrow_inst/gen_thread_loop[0].r_payld_fifo/fifoaddr                                                                        | BD_i/smartconnect_0/inst/s00_entry_pipeline/s00_si_converter/inst/areset                                                                                                                      |                3 |              5 |         1.67 |
|  BD_i/zynq_ultra_ps_e_0/inst/pl_clk0 | BD_i/axi_smc/inst/s00_entry_pipeline/s00_si_converter/inst/converter.wrap_narrow_inst/gen_thread_loop[0].r_payld_fifo/fifoaddr                                                                               | BD_i/axi_smc/inst/s00_entry_pipeline/s00_si_converter/inst/areset                                                                                                                             |                2 |              5 |         2.50 |
|  BD_i/zynq_ultra_ps_e_0/inst/pl_clk0 | BD_i/ChaosCoreTop_0/inst/chiptop/system/tile_prci_domain/element_reset_domain_ChaosCore_tile/dcache/mshrs/mshrs_1/rpq/s2_req_cmd_reg[3]_0[0]                                                                 |                                                                                                                                                                                               |                1 |              5 |         5.00 |
|  BD_i/zynq_ultra_ps_e_0/inst/pl_clk0 | BD_i/ChaosCoreTop_0/inst/chiptop/system/tile_prci_domain/element_reset_domain_ChaosCore_tile/dcache/mshrs/mshrs_1/rpq/s2_req_cmd_reg[3][0]                                                                   |                                                                                                                                                                                               |                1 |              5 |         5.00 |
|  BD_i/zynq_ultra_ps_e_0/inst/pl_clk0 | BD_i/smartconnect_0/inst/s00_entry_pipeline/s00_mmu/inst/aw_sreg/E[0]                                                                                                                                        | BD_i/smartconnect_0/inst/s00_entry_pipeline/s00_mmu/inst/areset_d                                                                                                                             |                1 |              5 |         5.00 |
|  BD_i/zynq_ultra_ps_e_0/inst/pl_clk0 | BD_i/ChaosCoreTop_0/inst/chiptop/system/tile_prci_domain/element_reset_domain_ChaosCore_tile/dcache/mshrs/mshrs_1/rpq/E[0]                                                                                   |                                                                                                                                                                                               |                1 |              5 |         5.00 |
|  BD_i/zynq_ultra_ps_e_0/inst/pl_clk0 | BD_i/smartconnect_0/inst/s01_entry_pipeline/s01_mmu/inst/w_sreg/E[0]                                                                                                                                         | BD_i/smartconnect_0/inst/s01_entry_pipeline/s01_mmu/inst/areset_d                                                                                                                             |                1 |              5 |         5.00 |
|  BD_i/zynq_ultra_ps_e_0/inst/pl_clk0 | BD_i/smartconnect_0/inst/s00_entry_pipeline/s00_si_converter/inst/converter.wrap_narrow_inst/w_payld_fifo/cmd_fifo/cmd_len_qq                                                                                | BD_i/smartconnect_0/inst/s00_entry_pipeline/s00_si_converter/inst/areset                                                                                                                      |                4 |              5 |         1.25 |
|  BD_i/zynq_ultra_ps_e_0/inst/pl_clk0 | BD_i/ChaosCoreTop_0/inst/chiptop/system/tile_prci_domain/element_reset_domain_ChaosCore_tile/core/backend/FP_RS_1/_GEN_328_11                                                                                | BD_i/ChaosCoreTop_0/inst/chiptop/system/tile_prci_domain/element_reset_domain_ChaosCore_tile/core/backend/FP_RS_1/reservation_station_7_decoded_instruction_ROB_index[5]_i_1__0_n_0           |                1 |              6 |         6.00 |
|  BD_i/zynq_ultra_ps_e_0/inst/pl_clk0 | BD_i/smartconnect_0/inst/s01_nodes/s01_w_node/inst/inst_mi_handler/gen_normal_area.gen_fifo_req.inst_fifo_req/gen_xpm_memory_fifo.inst_fifo/gen_mem_rep[0].inst_rd_addrb/rd_addrb_incr                       | BD_i/smartconnect_0/inst/s01_nodes/s01_w_node/inst/inst_mi_handler/m_sc_areset_r                                                                                                              |                1 |              6 |         6.00 |
|  BD_i/zynq_ultra_ps_e_0/inst/pl_clk0 | BD_i/ChaosCoreTop_0/inst/chiptop/system/tile_prci_domain/element_reset_domain_ChaosCore_tile/core/backend/FP_RS_1/reservation_station_1_decoded_instruction_ROB_index[5]_i_2__3_n_0                          | BD_i/ChaosCoreTop_0/inst/chiptop/system/tile_prci_domain/element_reset_domain_ChaosCore_tile/core/backend/FP_RS_1/reservation_station_1_decoded_instruction_ROB_index[5]_i_1__0_n_0           |                1 |              6 |         6.00 |
|  BD_i/zynq_ultra_ps_e_0/inst/pl_clk0 | BD_i/smartconnect_0/inst/s00_nodes/s00_ar_node/inst/inst_mi_handler/gen_normal_area.gen_fifo_req.inst_fifo_req/gen_xpm_memory_fifo.inst_fifo/gen_mem_rep[0].inst_rd_addrb/rd_addrb_incr                      | BD_i/smartconnect_0/inst/s00_nodes/s00_ar_node/inst/inst_mi_handler/m_sc_areset_r                                                                                                             |                3 |              6 |         2.00 |
|  BD_i/zynq_ultra_ps_e_0/inst/pl_clk0 | BD_i/ChaosCoreTop_0/inst/chiptop/system/tile_prci_domain/element_reset_domain_ChaosCore_tile/core/backend/FP_RS_1/_GEN_172__0                                                                                | BD_i/ChaosCoreTop_0/inst/chiptop/system/tile_prci_domain/element_reset_domain_ChaosCore_tile/core/backend/FP_RS_1/reservation_station_3_decoded_instruction_ROB_index[5]_i_1__0_n_0           |                1 |              6 |         6.00 |
|  BD_i/zynq_ultra_ps_e_0/inst/pl_clk0 | BD_i/ChaosCoreTop_0/inst/chiptop/system/tile_prci_domain/element_reset_domain_ChaosCore_tile/core/backend/FP_RS_1/_GEN_55__0                                                                                 | BD_i/ChaosCoreTop_0/inst/chiptop/system/tile_prci_domain/element_reset_domain_ChaosCore_tile/core/backend/FP_RS_1/reservation_station_0_decoded_instruction_ROB_index[5]_i_1__0_n_0           |                1 |              6 |         6.00 |
|  BD_i/zynq_ultra_ps_e_0/inst/pl_clk0 | BD_i/smartconnect_0/inst/s00_entry_pipeline/s00_si_converter/inst/converter.wrap_narrow_inst/w_cmd_fifo/gen_pipelined.mesg_reg                                                                               |                                                                                                                                                                                               |                1 |              6 |         6.00 |
|  BD_i/zynq_ultra_ps_e_0/inst/pl_clk0 | BD_i/ChaosCoreTop_0/inst/chiptop/system/tile_prci_domain/element_reset_domain_ChaosCore_tile/core/backend/FP_RS_1/_GEN_289__0                                                                                | BD_i/ChaosCoreTop_0/inst/chiptop/system/tile_prci_domain/element_reset_domain_ChaosCore_tile/core/backend/FP_RS_1/reservation_station_6_decoded_instruction_ROB_index[5]_i_1__0_n_0           |                1 |              6 |         6.00 |
|  BD_i/zynq_ultra_ps_e_0/inst/pl_clk0 | BD_i/ChaosCoreTop_0/inst/chiptop/system/cbus/buffer/nodeIn_d_q/state_6_reg[0]                                                                                                                                | BD_i/ChaosCoreTop_0/inst/chiptop/system/chipyard_prcictrl_domain/resetSynchronizer/nodeOut_member_allClocks_uncore_reset_catcher/io_sync_reset_chain/output_chain/sync_0_reg_0                |                2 |              6 |         3.00 |
|  BD_i/zynq_ultra_ps_e_0/inst/pl_clk0 | BD_i/ChaosCoreTop_0/inst/chiptop/system/tile_prci_domain/element_reset_domain_ChaosCore_tile/core/backend/FP_RS_1/_GEN_250__0                                                                                | BD_i/ChaosCoreTop_0/inst/chiptop/system/tile_prci_domain/element_reset_domain_ChaosCore_tile/core/backend/FP_RS_1/reservation_station_5_decoded_instruction_ROB_index[5]_i_1__0_n_0           |                1 |              6 |         6.00 |
|  BD_i/zynq_ultra_ps_e_0/inst/pl_clk0 | BD_i/ChaosCoreTop_0/inst/chiptop/system/tile_prci_domain/element_reset_domain_ChaosCore_tile/core/backend/FP_RS_1/_GEN_211                                                                                   | BD_i/ChaosCoreTop_0/inst/chiptop/system/tile_prci_domain/element_reset_domain_ChaosCore_tile/core/backend/FP_RS_1/reservation_station_4_decoded_instruction_ROB_index[5]_i_1__0_n_0           |                1 |              6 |         6.00 |
|  BD_i/zynq_ultra_ps_e_0/inst/pl_clk0 | BD_i/ChaosCoreTop_0/inst/chiptop/system/tile_prci_domain/element_reset_domain_ChaosCore_tile/core/backend/FP_RS_1/_GEN_133__0                                                                                | BD_i/ChaosCoreTop_0/inst/chiptop/system/tile_prci_domain/element_reset_domain_ChaosCore_tile/core/backend/FP_RS_1/reservation_station_2_decoded_instruction_ROB_index[5]_i_1__0_n_0           |                1 |              6 |         6.00 |
|  BD_i/zynq_ultra_ps_e_0/inst/pl_clk0 | BD_i/smartconnect_0/inst/s01_entry_pipeline/s01_si_converter/inst/converter.wrap_narrow_inst/gen_thread_loop[0].r_payld_fifo/cmd_fifo/cmd_len_qq                                                             | BD_i/smartconnect_0/inst/s01_entry_pipeline/s01_si_converter/inst/areset                                                                                                                      |                2 |              6 |         3.00 |
|  BD_i/zynq_ultra_ps_e_0/inst/pl_clk0 | BD_i/ChaosCoreTop_0/inst/chiptop/system/tile_prci_domain/element_reset_domain_ChaosCore_tile/core/backend/execution_engine/INT_FUs_1/div/decoded_instr_q/ram_ext/do_enq_0                                    | BD_i/ChaosCoreTop_0/inst/chiptop/system/chipyard_prcictrl_domain/resetSynchronizer/nodeOut_member_allClocks_uncore_reset_catcher/io_sync_reset_chain/output_chain/sync_0_reg_87[0]            |                2 |              6 |         3.00 |
|  BD_i/zynq_ultra_ps_e_0/inst/pl_clk0 | BD_i/ChaosCoreTop_0/inst/chiptop/system/tile_prci_domain/element_reset_domain_ChaosCore_tile/core/backend/FP_RS_0/reservation_station_1_decoded_instruction_ROB_index[5]_i_2__4_n_0                          | BD_i/ChaosCoreTop_0/inst/chiptop/system/tile_prci_domain/element_reset_domain_ChaosCore_tile/core/backend/FP_RS_0/reservation_station_1_decoded_instruction_ROB_index[5]_i_1_n_0              |                1 |              6 |         6.00 |
|  BD_i/zynq_ultra_ps_e_0/inst/pl_clk0 | BD_i/ChaosCoreTop_0/inst/chiptop/system/tile_prci_domain/element_reset_domain_ChaosCore_tile/core/backend/FP_RS_0/reservation_station_0_decoded_instruction_ROB_index[5]_i_2__3_n_0                          | BD_i/ChaosCoreTop_0/inst/chiptop/system/tile_prci_domain/element_reset_domain_ChaosCore_tile/core/backend/FP_RS_0/reservation_station_0_decoded_instruction_ROB_index[5]_i_1_n_0              |                1 |              6 |         6.00 |
|  BD_i/zynq_ultra_ps_e_0/inst/pl_clk0 | BD_i/smartconnect_0/inst/s00_nodes/s00_w_node/inst/inst_mi_handler/gen_normal_area.inst_fifo_send/m_sc_req[0]                                                                                                | BD_i/smartconnect_0/inst/m00_nodes/m00_w_node/inst/inst_si_handler/areset_r                                                                                                                   |                2 |              6 |         3.00 |
|  BD_i/zynq_ultra_ps_e_0/inst/pl_clk0 | BD_i/ChaosCoreTop_0/inst/chiptop/system/tile_prci_domain/element_reset_domain_ChaosCore_tile/core/backend/FP_RS_0/reservation_station_5_decoded_instruction_ROB_index[5]_i_2__3_n_0                          | BD_i/ChaosCoreTop_0/inst/chiptop/system/tile_prci_domain/element_reset_domain_ChaosCore_tile/core/backend/FP_RS_0/reservation_station_5_decoded_instruction_ROB_index[5]_i_1_n_0              |                1 |              6 |         6.00 |
|  BD_i/zynq_ultra_ps_e_0/inst/pl_clk0 | BD_i/ChaosCoreTop_0/inst/chiptop/system/tile_prci_domain/element_reset_domain_ChaosCore_tile/core/backend/FP_RS_0/reservation_station_2_decoded_instruction_ROB_index[5]_i_2__3_n_0                          | BD_i/ChaosCoreTop_0/inst/chiptop/system/tile_prci_domain/element_reset_domain_ChaosCore_tile/core/backend/FP_RS_0/reservation_station_2_decoded_instruction_ROB_index[5]_i_1_n_0              |                1 |              6 |         6.00 |
|  BD_i/zynq_ultra_ps_e_0/inst/pl_clk0 | BD_i/ChaosCoreTop_0/inst/chiptop/system/tile_prci_domain/element_reset_domain_ChaosCore_tile/core/backend/FP_RS_0/reservation_station_3_decoded_instruction_ROB_index[5]_i_2__4_n_0                          | BD_i/ChaosCoreTop_0/inst/chiptop/system/tile_prci_domain/element_reset_domain_ChaosCore_tile/core/backend/FP_RS_0/reservation_station_3_decoded_instruction_ROB_index[5]_i_1_n_0              |                1 |              6 |         6.00 |
|  BD_i/zynq_ultra_ps_e_0/inst/pl_clk0 | BD_i/ChaosCoreTop_0/inst/chiptop/system/tile_prci_domain/element_reset_domain_ChaosCore_tile/core/backend/FP_RS_0/reservation_station_4_decoded_instruction_ROB_index[5]_i_2__3_n_0                          | BD_i/ChaosCoreTop_0/inst/chiptop/system/tile_prci_domain/element_reset_domain_ChaosCore_tile/core/backend/FP_RS_0/reservation_station_4_decoded_instruction_ROB_index[5]_i_1_n_0              |                1 |              6 |         6.00 |
|  BD_i/zynq_ultra_ps_e_0/inst/pl_clk0 | BD_i/ChaosCoreTop_0/inst/chiptop/system/tile_prci_domain/element_reset_domain_ChaosCore_tile/core/backend/FP_RS_0/reservation_station_6_decoded_instruction_ROB_index[5]_i_2__3_n_0                          | BD_i/ChaosCoreTop_0/inst/chiptop/system/tile_prci_domain/element_reset_domain_ChaosCore_tile/core/backend/FP_RS_0/reservation_station_6_decoded_instruction_ROB_index[5]_i_1_n_0              |                2 |              6 |         3.00 |
|  BD_i/zynq_ultra_ps_e_0/inst/pl_clk0 | BD_i/ChaosCoreTop_0/inst/chiptop/system/tile_prci_domain/element_reset_domain_ChaosCore_tile/core/backend/execution_engine/INT_FUs_1/div/FU_output/do_deq                                                    | BD_i/ChaosCoreTop_0/inst/chiptop/system/chipyard_prcictrl_domain/resetSynchronizer/nodeOut_member_allClocks_uncore_reset_catcher/io_sync_reset_chain/output_chain/sync_0_reg_87[0]            |                2 |              6 |         3.00 |
|  BD_i/zynq_ultra_ps_e_0/inst/pl_clk0 | BD_i/ChaosCoreTop_0/inst/chiptop/system/tile_prci_domain/element_reset_domain_ChaosCore_tile/core/backend/FP_RS_0/reservation_station_7_decoded_instruction_ROB_index[5]_i_2__3_n_0                          | BD_i/ChaosCoreTop_0/inst/chiptop/system/tile_prci_domain/element_reset_domain_ChaosCore_tile/core/backend/FP_RS_0/reservation_station_7_decoded_instruction_ROB_index[5]_i_1_n_0              |                1 |              6 |         6.00 |
|  BD_i/zynq_ultra_ps_e_0/inst/pl_clk0 | BD_i/ChaosCoreTop_0/inst/chiptop/system/coh_wrapper/l2/inclusive_cache_bank_sched/sourceC/queue/ram_ext/E[0]                                                                                                 | BD_i/ChaosCoreTop_0/inst/chiptop/system/chipyard_prcictrl_domain/resetSynchronizer/nodeOut_member_allClocks_uncore_reset_catcher/io_sync_reset_chain/output_chain/sync_0_reg_0                |                2 |              6 |         3.00 |
|  BD_i/zynq_ultra_ps_e_0/inst/pl_clk0 | BD_i/smartconnect_0/inst/m00_nodes/m00_w_node/inst/inst_mi_handler/gen_normal_area.gen_node_prog_full.inst_node_prog_full/gen_xpm_memory_fifo.inst_fifo/gen_mem_rep[0].inst_rd_addrb/rd_addrb_incr           | BD_i/smartconnect_0/inst/m00_nodes/m00_w_node/inst/inst_mi_handler/m_sc_areset_r                                                                                                              |                2 |              6 |         3.00 |
|  BD_i/zynq_ultra_ps_e_0/inst/pl_clk0 | BD_i/axi_smc/inst/clk_map/psr_aclk/U0/SEQ/seq_cnt_en                                                                                                                                                         | BD_i/axi_smc/inst/clk_map/psr_aclk/U0/SEQ/seq_clr                                                                                                                                             |                2 |              6 |         3.00 |
|  BD_i/zynq_ultra_ps_e_0/inst/pl_clk0 | BD_i/axi_smc/inst/s00_nodes/s00_w_node/inst/inst_mi_handler/m_sc_req[0]                                                                                                                                      | BD_i/axi_smc/inst/switchboards/i_nodes/i_w_node/inst/inst_si_handler/areset_r                                                                                                                 |                2 |              6 |         3.00 |
|  BD_i/zynq_ultra_ps_e_0/inst/pl_clk0 | BD_i/smartconnect_0/inst/m00_nodes/m00_aw_node/inst/inst_mi_handler/gen_normal_area.gen_node_prog_full.inst_node_prog_full/gen_xpm_memory_fifo.inst_fifo/gen_mem_rep[0].inst_rd_addrb/rd_addrb_incr          | BD_i/smartconnect_0/inst/m00_nodes/m00_aw_node/inst/inst_mi_handler/m_sc_areset_r                                                                                                             |                3 |              6 |         2.00 |
|  BD_i/zynq_ultra_ps_e_0/inst/pl_clk0 | BD_i/smartconnect_0/inst/s00_nodes/s00_w_node/inst/inst_mi_handler/gen_normal_area.gen_fifo_req.inst_fifo_req/gen_xpm_memory_fifo.inst_fifo/gen_mem_rep[0].inst_rd_addrb/rd_addrb_incr                       | BD_i/smartconnect_0/inst/s00_nodes/s00_w_node/inst/inst_mi_handler/m_sc_areset_r                                                                                                              |                1 |              6 |         6.00 |
|  BD_i/zynq_ultra_ps_e_0/inst/pl_clk0 | BD_i/smartconnect_0/inst/s01_nodes/s01_aw_node/inst/inst_mi_handler/gen_normal_area.gen_fifo_req.inst_fifo_req/gen_xpm_memory_fifo.inst_fifo/gen_mem_rep[0].inst_rd_addrb/rd_addrb_incr                      | BD_i/smartconnect_0/inst/s01_nodes/s01_aw_node/inst/inst_mi_handler/m_sc_areset_r                                                                                                             |                2 |              6 |         3.00 |
|  BD_i/zynq_ultra_ps_e_0/inst/pl_clk0 | BD_i/smartconnect_0/inst/m00_nodes/m00_ar_node/inst/inst_mi_handler/gen_normal_area.gen_node_prog_full.inst_node_prog_full/gen_xpm_memory_fifo.inst_fifo/gen_mem_rep[0].inst_rd_addrb/rd_addrb_incr          | BD_i/smartconnect_0/inst/m00_nodes/m00_ar_node/inst/inst_mi_handler/m_sc_areset_r                                                                                                             |                2 |              6 |         3.00 |
|  BD_i/zynq_ultra_ps_e_0/inst/pl_clk0 | BD_i/smartconnect_0/inst/s01_entry_pipeline/s01_si_converter/inst/converter.wrap_narrow_inst/w_payld_fifo/cmd_fifo/cmd_len_qq                                                                                | BD_i/smartconnect_0/inst/s01_entry_pipeline/s01_si_converter/inst/areset                                                                                                                      |                3 |              6 |         2.00 |
|  BD_i/zynq_ultra_ps_e_0/inst/pl_clk0 | BD_i/ChaosCoreTop_0/inst/chiptop/system/pbus/buffer/nodeOut_a_q/ram_ext/wrap_reg_2[0]                                                                                                                        | BD_i/ChaosCoreTop_0/inst/chiptop/system/chipyard_prcictrl_domain/resetSynchronizer/nodeOut_member_allClocks_uncore_reset_catcher/io_sync_reset_chain/output_chain/sync_0_reg_0                |                2 |              6 |         3.00 |
|  BD_i/zynq_ultra_ps_e_0/inst/pl_clk0 | BD_i/smartconnect_0/inst/s00_entry_pipeline/s00_si_converter/inst/converter.wrap_narrow_inst/w_cmd_fifo/gen_srls[17].srl_nx1/shift_qual                                                                      |                                                                                                                                                                                               |                2 |              6 |         3.00 |
|  BD_i/zynq_ultra_ps_e_0/inst/pl_clk0 | BD_i/smartconnect_0/inst/s00_entry_pipeline/s00_mmu/inst/b_sreg/skid_buffer[1057]_i_1_n_0                                                                                                                    |                                                                                                                                                                                               |                2 |              6 |         3.00 |
|  BD_i/zynq_ultra_ps_e_0/inst/pl_clk0 | BD_i/smartconnect_0/inst/s00_entry_pipeline/s00_mmu/inst/b_sreg/m_vector_i                                                                                                                                   |                                                                                                                                                                                               |                2 |              6 |         3.00 |
|  BD_i/zynq_ultra_ps_e_0/inst/pl_clk0 | BD_i/ChaosCoreTop_0/inst/chiptop/system/tile_prci_domain/element_reset_domain_ChaosCore_tile/core/frontend/instruction_fetch/BTB/mem/mem_ext/mem_0_0/s1_entry_valid_reg                                      | BD_i/ChaosCoreTop_0/inst/chiptop/system/chipyard_prcictrl_domain/resetSynchronizer/nodeOut_member_allClocks_uncore_reset_catcher/io_sync_reset_chain/output_chain/sync_0_reg_0                |                2 |              6 |         3.00 |
|  BD_i/zynq_ultra_ps_e_0/inst/pl_clk0 | BD_i/ChaosCoreTop_0/inst/chiptop/system/cbus/coupler_to_prci_ctrl/buffer/nodeOut_a_q/ram_ext/full_reg_0[0]                                                                                                   | BD_i/ChaosCoreTop_0/inst/chiptop/system/chipyard_prcictrl_domain/resetSynchronizer/nodeOut_member_allClocks_uncore_reset_catcher/io_sync_reset_chain/output_chain/sync_0_reg_0                |                2 |              6 |         3.00 |
|  BD_i/zynq_ultra_ps_e_0/inst/pl_clk0 | BD_i/ChaosCoreTop_0/inst/chiptop/system/cbus/coupler_to_prci_ctrl/buffer/nodeOut_a_q/ram_ext/full_reg[0]                                                                                                     | BD_i/ChaosCoreTop_0/inst/chiptop/system/chipyard_prcictrl_domain/resetSynchronizer/nodeOut_member_allClocks_uncore_reset_catcher/io_sync_reset_chain/output_chain/sync_0_reg_0                |                2 |              6 |         3.00 |
|  BD_i/zynq_ultra_ps_e_0/inst/pl_clk0 | BD_i/ChaosCoreTop_0/inst/chiptop/system/cbus/buffer/nodeIn_d_q/ram_ext/FSM_onehot_state_reg[0][0]                                                                                                            | BD_i/ChaosCoreTop_0/inst/chiptop/system/chipyard_prcictrl_domain/resetSynchronizer/nodeOut_member_allClocks_uncore_reset_catcher/io_sync_reset_chain/output_chain/sync_0_reg_0                |                1 |              6 |         6.00 |
|  BD_i/zynq_ultra_ps_e_0/inst/pl_clk0 |                                                                                                                                                                                                              | BD_i/ChaosCoreTop_0/inst/chiptop/system/coh_wrapper/l2/inclusive_cache_bank_sched/mshrs_4/directoryFanout00_in[0]                                                                             |                4 |              6 |         1.50 |
|  BD_i/zynq_ultra_ps_e_0/inst/pl_clk0 | BD_i/smartconnect_0/inst/s01_nodes/s01_ar_node/inst/inst_mi_handler/gen_normal_area.gen_fifo_req.inst_fifo_req/gen_xpm_memory_fifo.inst_fifo/gen_mem_rep[0].inst_rd_addrb/rd_addrb_incr                      | BD_i/smartconnect_0/inst/s01_nodes/s01_ar_node/inst/inst_mi_handler/m_sc_areset_r                                                                                                             |                3 |              6 |         2.00 |
|  BD_i/zynq_ultra_ps_e_0/inst/pl_clk0 | BD_i/smartconnect_0/inst/s01_nodes/s01_w_node/inst/inst_mi_handler/gen_normal_area.inst_fifo_send/m_sc_req[0]                                                                                                | BD_i/smartconnect_0/inst/m00_nodes/m00_w_node/inst/inst_si_handler/areset_r                                                                                                                   |                2 |              6 |         3.00 |
|  BD_i/zynq_ultra_ps_e_0/inst/pl_clk0 | BD_i/smartconnect_0/inst/clk_map/psr_aclk1/U0/SEQ/seq_cnt_en                                                                                                                                                 | BD_i/smartconnect_0/inst/clk_map/psr_aclk1/U0/SEQ/seq_clr_reg_n_0                                                                                                                             |                1 |              6 |         6.00 |
|  BD_i/zynq_ultra_ps_e_0/inst/pl_clk0 | BD_i/smartconnect_0/inst/s00_nodes/s00_aw_node/inst/inst_mi_handler/gen_normal_area.gen_fifo_req.inst_fifo_req/gen_xpm_memory_fifo.inst_fifo/gen_mem_rep[0].inst_rd_addrb/rd_addrb_incr                      | BD_i/smartconnect_0/inst/s00_nodes/s00_aw_node/inst/inst_mi_handler/m_sc_areset_r                                                                                                             |                4 |              6 |         1.50 |
|  BD_i/zynq_ultra_ps_e_0/inst/pl_clk0 | BD_i/ChaosCoreTop_0/inst/chiptop/system/pbus/buffer/nodeOut_a_q/ram_ext/gennum0                                                                                                                              | BD_i/ChaosCoreTop_0/inst/chiptop/system/chipyard_prcictrl_domain/resetSynchronizer/nodeOut_member_allClocks_uncore_reset_catcher/io_sync_reset_chain/output_chain/sync_0_reg_0                |                2 |              6 |         3.00 |
|  BD_i/zynq_ultra_ps_e_0/inst/pl_clk0 | BD_i/smartconnect_0/inst/s00_nodes/s00_r_node/inst/inst_mi_handler/gen_normal_area.gen_node_prog_full.inst_node_prog_full/gen_xpm_memory_fifo.inst_fifo/gen_mem_rep[0].inst_rd_addrb/rd_addrb_incr           | BD_i/smartconnect_0/inst/s00_nodes/s00_r_node/inst/inst_mi_handler/m_sc_areset_r                                                                                                              |                2 |              6 |         3.00 |
|  BD_i/zynq_ultra_ps_e_0/inst/pl_clk0 | BD_i/smartconnect_0/inst/clk_map/psr_aclk/U0/SEQ/seq_cnt_en                                                                                                                                                  | BD_i/smartconnect_0/inst/clk_map/psr_aclk/U0/SEQ/seq_clr_reg_n_0                                                                                                                              |                1 |              6 |         6.00 |
|  BD_i/zynq_ultra_ps_e_0/inst/pl_clk0 | BD_i/smartconnect_0/inst/s01_entry_pipeline/s01_mmu/inst/b_sreg/skid_buffer[1057]_i_1_n_0                                                                                                                    |                                                                                                                                                                                               |                2 |              6 |         3.00 |
|  BD_i/zynq_ultra_ps_e_0/inst/pl_clk0 | BD_i/smartconnect_0/inst/s01_entry_pipeline/s01_mmu/inst/b_sreg/m_vector_i                                                                                                                                   |                                                                                                                                                                                               |                2 |              6 |         3.00 |
|  BD_i/zynq_ultra_ps_e_0/inst/pl_clk0 | BD_i/smartconnect_0/inst/s00_nodes/s00_b_node/inst/inst_mi_handler/gen_normal_area.gen_node_prog_full.inst_node_prog_full/gen_xpm_memory_fifo.inst_fifo/gen_mem_rep[0].inst_rd_addrb/rd_addrb_incr           | BD_i/smartconnect_0/inst/s00_nodes/s00_b_node/inst/inst_mi_handler/m_sc_areset_r                                                                                                              |                2 |              6 |         3.00 |
|  BD_i/zynq_ultra_ps_e_0/inst/pl_clk0 | BD_i/rst_ps8_0_100M/U0/SEQ/seq_cnt_en                                                                                                                                                                        | BD_i/rst_ps8_0_100M/U0/SEQ/seq_clr                                                                                                                                                            |                1 |              6 |         6.00 |
|  BD_i/zynq_ultra_ps_e_0/inst/pl_clk0 | BD_i/axi_smc/inst/s01_nodes/s01_w_node/inst/inst_mi_handler/m_sc_req[0]                                                                                                                                      | BD_i/axi_smc/inst/switchboards/i_nodes/i_w_node/inst/inst_si_handler/areset_r                                                                                                                 |                3 |              6 |         2.00 |
|  BD_i/zynq_ultra_ps_e_0/inst/pl_clk0 | BD_i/smartconnect_0/inst/clk_map/psr0/U0/SEQ/seq_cnt_en                                                                                                                                                      | BD_i/smartconnect_0/inst/clk_map/psr0/U0/SEQ/seq_clr                                                                                                                                          |                1 |              6 |         6.00 |
|  BD_i/zynq_ultra_ps_e_0/inst/pl_clk0 | BD_i/ChaosCoreTop_0/inst/chiptop/system/cbus/buffer/nodeOut_a_q/ram_ext/full_reg_9[0]                                                                                                                        | BD_i/ChaosCoreTop_0/inst/chiptop/system/chipyard_prcictrl_domain/resetSynchronizer/nodeOut_member_allClocks_uncore_reset_catcher/io_sync_reset_chain/output_chain/sync_0_reg_0                |                2 |              6 |         3.00 |
|  BD_i/zynq_ultra_ps_e_0/inst/pl_clk0 | BD_i/ChaosCoreTop_0/inst/chiptop/system/tile_prci_domain/element_reset_domain_ChaosCore_tile/dcache/wb/ram_RW_0_r_addr_pipe_00                                                                               |                                                                                                                                                                                               |                2 |              6 |         3.00 |
|  BD_i/zynq_ultra_ps_e_0/inst/pl_clk0 |                                                                                                                                                                                                              | BD_i/ChaosCoreTop_0/inst/chiptop/system/chipyard_prcictrl_domain/resetSynchronizer/nodeOut_member_allClocks_uncore_reset_catcher/io_sync_reset_chain/output_chain/sync_0_reg_5[0]             |                1 |              6 |         6.00 |
|  BD_i/zynq_ultra_ps_e_0/inst/pl_clk0 | BD_i/ChaosCoreTop_0/inst/chiptop/system/tile_prci_domain/buffer/nodeIn_d_q/ram_ext/ram_RW_0_r_addr_pipe_00                                                                                                   |                                                                                                                                                                                               |                2 |              6 |         3.00 |
|  BD_i/zynq_ultra_ps_e_0/inst/pl_clk0 | BD_i/ChaosCoreTop_0/inst/chiptop/system/tile_prci_domain/element_reset_domain_ChaosCore_tile/core/ROB/ROB_instruction_banks_0/insn_mem/insn_mem_ext/mem_0_0/clock_uncore_30                                  | BD_i/ChaosCoreTop_0/inst/chiptop/system/chipyard_prcictrl_domain/resetSynchronizer/nodeOut_member_allClocks_uncore_reset_catcher/io_sync_reset_chain/output_chain/sync_0_reg_0                |                4 |              7 |         1.75 |
|  BD_i/zynq_ultra_ps_e_0/inst/pl_clk0 | BD_i/ChaosCoreTop_0/inst/chiptop/system/tile_prci_domain/element_reset_domain_ChaosCore_tile/core/ROB/ROB_instruction_banks_0/insn_mem/insn_mem_ext/mem_0_0/clock_uncore_7                                   | BD_i/ChaosCoreTop_0/inst/chiptop/system/chipyard_prcictrl_domain/resetSynchronizer/nodeOut_member_allClocks_uncore_reset_catcher/io_sync_reset_chain/output_chain/sync_0_reg_0                |                5 |              7 |         1.40 |
|  BD_i/zynq_ultra_ps_e_0/inst/pl_clk0 | BD_i/ChaosCoreTop_0/inst/chiptop/system/tile_prci_domain/element_reset_domain_ChaosCore_tile/core/ROB/ROB_instruction_banks_0/insn_mem/insn_mem_ext/mem_0_0/clock_uncore_48                                  | BD_i/ChaosCoreTop_0/inst/chiptop/system/chipyard_prcictrl_domain/resetSynchronizer/nodeOut_member_allClocks_uncore_reset_catcher/io_sync_reset_chain/output_chain/sync_0_reg_0                |                6 |              7 |         1.17 |
|  BD_i/zynq_ultra_ps_e_0/inst/pl_clk0 | BD_i/ChaosCoreTop_0/inst/chiptop/system/tile_prci_domain/element_reset_domain_ChaosCore_tile/core/frontend/instruction_queue/ram/ram_ext/mem_0_0/interrupt_reg_34[0]                                         | BD_i/ChaosCoreTop_0/inst/chiptop/system/chipyard_prcictrl_domain/resetSynchronizer/nodeOut_member_allClocks_uncore_reset_catcher/io_sync_reset_chain/output_chain/sync_0_reg_0                |                2 |              7 |         3.50 |
|  BD_i/zynq_ultra_ps_e_0/inst/pl_clk0 | BD_i/ChaosCoreTop_0/inst/chiptop/system/tile_prci_domain/element_reset_domain_ChaosCore_tile/core/ROB/ROB_instruction_banks_0/insn_mem/insn_mem_ext/mem_0_0/clock_uncore_60                                  | BD_i/ChaosCoreTop_0/inst/chiptop/system/chipyard_prcictrl_domain/resetSynchronizer/nodeOut_member_allClocks_uncore_reset_catcher/io_sync_reset_chain/output_chain/sync_0_reg_0                |                2 |              7 |         3.50 |
|  BD_i/zynq_ultra_ps_e_0/inst/pl_clk0 | BD_i/ChaosCoreTop_0/inst/chiptop/system/tile_prci_domain/element_reset_domain_ChaosCore_tile/core/ROB/ROB_instruction_banks_0/insn_mem/insn_mem_ext/mem_0_0/clock_uncore_41                                  | BD_i/ChaosCoreTop_0/inst/chiptop/system/chipyard_prcictrl_domain/resetSynchronizer/nodeOut_member_allClocks_uncore_reset_catcher/io_sync_reset_chain/output_chain/sync_0_reg_0                |                6 |              7 |         1.17 |
|  BD_i/zynq_ultra_ps_e_0/inst/pl_clk0 | BD_i/ChaosCoreTop_0/inst/chiptop/system/tile_prci_domain/element_reset_domain_ChaosCore_tile/core/ROB/ROB_instruction_banks_0/insn_mem/insn_mem_ext/mem_0_0/clock_uncore_42                                  | BD_i/ChaosCoreTop_0/inst/chiptop/system/chipyard_prcictrl_domain/resetSynchronizer/nodeOut_member_allClocks_uncore_reset_catcher/io_sync_reset_chain/output_chain/sync_0_reg_0                |                3 |              7 |         2.33 |
|  BD_i/zynq_ultra_ps_e_0/inst/pl_clk0 | BD_i/ChaosCoreTop_0/inst/chiptop/system/tile_prci_domain/element_reset_domain_ChaosCore_tile/core/ROB/ROB_instruction_banks_0/insn_mem/insn_mem_ext/mem_0_0/clock_uncore_43                                  | BD_i/ChaosCoreTop_0/inst/chiptop/system/chipyard_prcictrl_domain/resetSynchronizer/nodeOut_member_allClocks_uncore_reset_catcher/io_sync_reset_chain/output_chain/sync_0_reg_0                |                5 |              7 |         1.40 |
|  BD_i/zynq_ultra_ps_e_0/inst/pl_clk0 | BD_i/ChaosCoreTop_0/inst/chiptop/system/tile_prci_domain/element_reset_domain_ChaosCore_tile/core/ROB/ROB_instruction_banks_0/insn_mem/insn_mem_ext/mem_0_0/clock_uncore_44                                  | BD_i/ChaosCoreTop_0/inst/chiptop/system/chipyard_prcictrl_domain/resetSynchronizer/nodeOut_member_allClocks_uncore_reset_catcher/io_sync_reset_chain/output_chain/sync_0_reg_0                |                4 |              7 |         1.75 |
|  BD_i/zynq_ultra_ps_e_0/inst/pl_clk0 | BD_i/ChaosCoreTop_0/inst/chiptop/system/tile_prci_domain/element_reset_domain_ChaosCore_tile/core/ROB/ROB_instruction_banks_0/insn_mem/insn_mem_ext/mem_0_0/clock_uncore_45                                  | BD_i/ChaosCoreTop_0/inst/chiptop/system/chipyard_prcictrl_domain/resetSynchronizer/nodeOut_member_allClocks_uncore_reset_catcher/io_sync_reset_chain/output_chain/sync_0_reg_0                |                3 |              7 |         2.33 |
|  BD_i/zynq_ultra_ps_e_0/inst/pl_clk0 | BD_i/ChaosCoreTop_0/inst/chiptop/system/tile_prci_domain/element_reset_domain_ChaosCore_tile/core/ROB/ROB_instruction_banks_0/insn_mem/insn_mem_ext/mem_0_0/clock_uncore_46                                  | BD_i/ChaosCoreTop_0/inst/chiptop/system/chipyard_prcictrl_domain/resetSynchronizer/nodeOut_member_allClocks_uncore_reset_catcher/io_sync_reset_chain/output_chain/sync_0_reg_0                |                3 |              7 |         2.33 |
|  BD_i/zynq_ultra_ps_e_0/inst/pl_clk0 | BD_i/ChaosCoreTop_0/inst/chiptop/system/tile_prci_domain/element_reset_domain_ChaosCore_tile/core/ROB/ROB_instruction_banks_0/insn_mem/insn_mem_ext/mem_0_0/clock_uncore_47                                  | BD_i/ChaosCoreTop_0/inst/chiptop/system/chipyard_prcictrl_domain/resetSynchronizer/nodeOut_member_allClocks_uncore_reset_catcher/io_sync_reset_chain/output_chain/sync_0_reg_0                |                4 |              7 |         1.75 |
|  BD_i/zynq_ultra_ps_e_0/inst/pl_clk0 | BD_i/ChaosCoreTop_0/inst/chiptop/system/tile_prci_domain/element_reset_domain_ChaosCore_tile/core/ROB/ROB_instruction_banks_0/insn_mem/insn_mem_ext/mem_0_0/clock_uncore_70                                  | BD_i/ChaosCoreTop_0/inst/chiptop/system/chipyard_prcictrl_domain/resetSynchronizer/nodeOut_member_allClocks_uncore_reset_catcher/io_sync_reset_chain/output_chain/sync_0_reg_0                |                4 |              7 |         1.75 |
|  BD_i/zynq_ultra_ps_e_0/inst/pl_clk0 | BD_i/ChaosCoreTop_0/inst/chiptop/system/tile_prci_domain/element_reset_domain_ChaosCore_tile/core/ROB/ROB_instruction_banks_0/insn_mem/insn_mem_ext/mem_0_0/clock_uncore_49                                  | BD_i/ChaosCoreTop_0/inst/chiptop/system/chipyard_prcictrl_domain/resetSynchronizer/nodeOut_member_allClocks_uncore_reset_catcher/io_sync_reset_chain/output_chain/sync_0_reg_0                |                5 |              7 |         1.40 |
|  BD_i/zynq_ultra_ps_e_0/inst/pl_clk0 | BD_i/ChaosCoreTop_0/inst/chiptop/system/tile_prci_domain/element_reset_domain_ChaosCore_tile/core/ROB/ROB_instruction_banks_0/insn_mem/insn_mem_ext/mem_0_0/clock_uncore_26                                  | BD_i/ChaosCoreTop_0/inst/chiptop/system/chipyard_prcictrl_domain/resetSynchronizer/nodeOut_member_allClocks_uncore_reset_catcher/io_sync_reset_chain/output_chain/sync_0_reg_0                |                3 |              7 |         2.33 |
|  BD_i/zynq_ultra_ps_e_0/inst/pl_clk0 | BD_i/ChaosCoreTop_0/inst/chiptop/system/tile_prci_domain/element_reset_domain_ChaosCore_tile/core/ROB/ROB_instruction_banks_0/insn_mem/insn_mem_ext/mem_0_0/clock_uncore_27                                  | BD_i/ChaosCoreTop_0/inst/chiptop/system/chipyard_prcictrl_domain/resetSynchronizer/nodeOut_member_allClocks_uncore_reset_catcher/io_sync_reset_chain/output_chain/sync_0_reg_0                |                3 |              7 |         2.33 |
|  BD_i/zynq_ultra_ps_e_0/inst/pl_clk0 | BD_i/ChaosCoreTop_0/inst/chiptop/system/tile_prci_domain/element_reset_domain_ChaosCore_tile/core/ROB/ROB_instruction_banks_0/insn_mem/insn_mem_ext/mem_0_0/clock_uncore_61                                  | BD_i/ChaosCoreTop_0/inst/chiptop/system/chipyard_prcictrl_domain/resetSynchronizer/nodeOut_member_allClocks_uncore_reset_catcher/io_sync_reset_chain/output_chain/sync_0_reg_0                |                2 |              7 |         3.50 |
|  BD_i/zynq_ultra_ps_e_0/inst/pl_clk0 | BD_i/ChaosCoreTop_0/inst/chiptop/system/tile_prci_domain/element_reset_domain_ChaosCore_tile/core/ROB/ROB_instruction_banks_0/insn_mem/insn_mem_ext/mem_0_0/clock_uncore_28                                  | BD_i/ChaosCoreTop_0/inst/chiptop/system/chipyard_prcictrl_domain/resetSynchronizer/nodeOut_member_allClocks_uncore_reset_catcher/io_sync_reset_chain/output_chain/sync_0_reg_0                |                4 |              7 |         1.75 |
|  BD_i/zynq_ultra_ps_e_0/inst/pl_clk0 | BD_i/ChaosCoreTop_0/inst/chiptop/system/tile_prci_domain/element_reset_domain_ChaosCore_tile/core/ROB/ROB_instruction_banks_0/insn_mem/insn_mem_ext/mem_0_0/clock_uncore_29                                  | BD_i/ChaosCoreTop_0/inst/chiptop/system/chipyard_prcictrl_domain/resetSynchronizer/nodeOut_member_allClocks_uncore_reset_catcher/io_sync_reset_chain/output_chain/sync_0_reg_0                |                3 |              7 |         2.33 |
|  BD_i/zynq_ultra_ps_e_0/inst/pl_clk0 | BD_i/ChaosCoreTop_0/inst/chiptop/system/tile_prci_domain/element_reset_domain_ChaosCore_tile/core/ROB/ROB_instruction_banks_0/insn_mem/insn_mem_ext/mem_0_0/clock_uncore_38                                  | BD_i/ChaosCoreTop_0/inst/chiptop/system/chipyard_prcictrl_domain/resetSynchronizer/nodeOut_member_allClocks_uncore_reset_catcher/io_sync_reset_chain/output_chain/sync_0_reg_0                |                2 |              7 |         3.50 |
|  BD_i/zynq_ultra_ps_e_0/inst/pl_clk0 | BD_i/ChaosCoreTop_0/inst/chiptop/system/tile_prci_domain/element_reset_domain_ChaosCore_tile/core/ROB/ROB_instruction_banks_0/insn_mem/insn_mem_ext/mem_0_0/clock_uncore_39                                  | BD_i/ChaosCoreTop_0/inst/chiptop/system/chipyard_prcictrl_domain/resetSynchronizer/nodeOut_member_allClocks_uncore_reset_catcher/io_sync_reset_chain/output_chain/sync_0_reg_0                |                2 |              7 |         3.50 |
|  BD_i/zynq_ultra_ps_e_0/inst/pl_clk0 | BD_i/ChaosCoreTop_0/inst/chiptop/system/tile_prci_domain/element_reset_domain_ChaosCore_tile/core/ROB/ROB_instruction_banks_0/insn_mem/insn_mem_ext/mem_0_0/clock_uncore_71                                  | BD_i/ChaosCoreTop_0/inst/chiptop/system/chipyard_prcictrl_domain/resetSynchronizer/nodeOut_member_allClocks_uncore_reset_catcher/io_sync_reset_chain/output_chain/sync_0_reg_0                |                5 |              7 |         1.40 |
|  BD_i/zynq_ultra_ps_e_0/inst/pl_clk0 | BD_i/ChaosCoreTop_0/inst/chiptop/system/mbus/coupler_to_memory_controller_port_named_axi4/tl2axi4/queue_arw_deq_q/full_reg_11[0]                                                                             |                                                                                                                                                                                               |                4 |              7 |         1.75 |
|  BD_i/zynq_ultra_ps_e_0/inst/pl_clk0 | BD_i/ChaosCoreTop_0/inst/chiptop/system/mbus/coupler_to_memory_controller_port_named_axi4/tl2axi4/queue_arw_deq_q/full_reg_26[0]                                                                             |                                                                                                                                                                                               |                4 |              7 |         1.75 |
|  BD_i/zynq_ultra_ps_e_0/inst/pl_clk0 | BD_i/ChaosCoreTop_0/inst/chiptop/system/mbus/coupler_to_memory_controller_port_named_axi4/tl2axi4/queue_arw_deq_q/full_reg_20[0]                                                                             |                                                                                                                                                                                               |                3 |              7 |         2.33 |
|  BD_i/zynq_ultra_ps_e_0/inst/pl_clk0 | BD_i/ChaosCoreTop_0/inst/chiptop/system/mbus/coupler_to_memory_controller_port_named_axi4/tl2axi4/queue_arw_deq_q/full_reg_2[0]                                                                              |                                                                                                                                                                                               |                7 |              7 |         1.00 |
|  BD_i/zynq_ultra_ps_e_0/inst/pl_clk0 | BD_i/ChaosCoreTop_0/inst/chiptop/system/mbus/coupler_to_memory_controller_port_named_axi4/tl2axi4/queue_arw_deq_q/full_reg_19[0]                                                                             |                                                                                                                                                                                               |                5 |              7 |         1.40 |
|  BD_i/zynq_ultra_ps_e_0/inst/pl_clk0 | BD_i/ChaosCoreTop_0/inst/chiptop/system/mbus/coupler_to_memory_controller_port_named_axi4/tl2axi4/queue_arw_deq_q/full_reg_17[0]                                                                             |                                                                                                                                                                                               |                2 |              7 |         3.50 |
|  BD_i/zynq_ultra_ps_e_0/inst/pl_clk0 | BD_i/ChaosCoreTop_0/inst/chiptop/system/mbus/coupler_to_memory_controller_port_named_axi4/tl2axi4/queue_arw_deq_q/full_reg_15[0]                                                                             |                                                                                                                                                                                               |                4 |              7 |         1.75 |
|  BD_i/zynq_ultra_ps_e_0/inst/pl_clk0 | BD_i/ChaosCoreTop_0/inst/chiptop/system/mbus/coupler_to_memory_controller_port_named_axi4/tl2axi4/queue_arw_deq_q/full_reg_14[0]                                                                             |                                                                                                                                                                                               |                3 |              7 |         2.33 |
|  BD_i/zynq_ultra_ps_e_0/inst/pl_clk0 | BD_i/ChaosCoreTop_0/inst/chiptop/system/mbus/coupler_to_memory_controller_port_named_axi4/tl2axi4/queue_arw_deq_q/full_reg_13[0]                                                                             |                                                                                                                                                                                               |                3 |              7 |         2.33 |
|  BD_i/zynq_ultra_ps_e_0/inst/pl_clk0 | BD_i/ChaosCoreTop_0/inst/chiptop/system/mbus/coupler_to_memory_controller_port_named_axi4/tl2axi4/queue_arw_deq_q/full_reg_27[0]                                                                             |                                                                                                                                                                                               |                3 |              7 |         2.33 |
|  BD_i/zynq_ultra_ps_e_0/inst/pl_clk0 | BD_i/ChaosCoreTop_0/inst/chiptop/system/mbus/coupler_to_memory_controller_port_named_axi4/tl2axi4/queue_arw_deq_q/full_reg_10[0]                                                                             |                                                                                                                                                                                               |                5 |              7 |         1.40 |
|  BD_i/zynq_ultra_ps_e_0/inst/pl_clk0 | BD_i/ChaosCoreTop_0/inst/chiptop/system/mbus/coupler_to_memory_controller_port_named_axi4/tl2axi4/queue_arw_deq_q/full_reg_1[0]                                                                              |                                                                                                                                                                                               |                4 |              7 |         1.75 |
|  BD_i/zynq_ultra_ps_e_0/inst/pl_clk0 | BD_i/ChaosCoreTop_0/inst/chiptop/system/mbus/coupler_to_memory_controller_port_named_axi4/tl2axi4/queue_arw_deq_q/full_reg_25[0]                                                                             |                                                                                                                                                                                               |                4 |              7 |         1.75 |
|  BD_i/zynq_ultra_ps_e_0/inst/pl_clk0 | BD_i/ChaosCoreTop_0/inst/chiptop/system/mbus/coupler_to_memory_controller_port_named_axi4/tl2axi4/queue_arw_deq_q/E[0]                                                                                       |                                                                                                                                                                                               |                2 |              7 |         3.50 |
|  BD_i/zynq_ultra_ps_e_0/inst/pl_clk0 | BD_i/ChaosCoreTop_0/inst/chiptop/system/tile_prci_domain/element_reset_domain_ChaosCore_tile/core/frontend/instruction_queue/ram/ram_ext/mem_0_0/interrupt_reg_37[0]                                         | BD_i/ChaosCoreTop_0/inst/chiptop/system/chipyard_prcictrl_domain/resetSynchronizer/nodeOut_member_allClocks_uncore_reset_catcher/io_sync_reset_chain/output_chain/sync_0_reg_0                |                2 |              7 |         3.50 |
|  BD_i/zynq_ultra_ps_e_0/inst/pl_clk0 | BD_i/ChaosCoreTop_0/inst/chiptop/system/tile_prci_domain/element_reset_domain_ChaosCore_tile/core/frontend/instruction_queue/ram/ram_ext/mem_0_0/interrupt_reg_36[0]                                         | BD_i/ChaosCoreTop_0/inst/chiptop/system/chipyard_prcictrl_domain/resetSynchronizer/nodeOut_member_allClocks_uncore_reset_catcher/io_sync_reset_chain/output_chain/sync_0_reg_0                |                5 |              7 |         1.40 |
|  BD_i/zynq_ultra_ps_e_0/inst/pl_clk0 | BD_i/ChaosCoreTop_0/inst/chiptop/system/tile_prci_domain/element_reset_domain_ChaosCore_tile/core/frontend/instruction_queue/ram/ram_ext/mem_0_0/interrupt_reg_35[0]                                         | BD_i/ChaosCoreTop_0/inst/chiptop/system/chipyard_prcictrl_domain/resetSynchronizer/nodeOut_member_allClocks_uncore_reset_catcher/io_sync_reset_chain/output_chain/sync_0_reg_0                |                7 |              7 |         1.00 |
|  BD_i/zynq_ultra_ps_e_0/inst/pl_clk0 | BD_i/ChaosCoreTop_0/inst/chiptop/system/tile_prci_domain/element_reset_domain_ChaosCore_tile/core/ROB/ROB_instruction_banks_0/insn_mem/insn_mem_ext/mem_0_0/clock_uncore_69                                  | BD_i/ChaosCoreTop_0/inst/chiptop/system/chipyard_prcictrl_domain/resetSynchronizer/nodeOut_member_allClocks_uncore_reset_catcher/io_sync_reset_chain/output_chain/sync_0_reg_0                |                2 |              7 |         3.50 |
|  BD_i/zynq_ultra_ps_e_0/inst/pl_clk0 | BD_i/ChaosCoreTop_0/inst/chiptop/system/tile_prci_domain/element_reset_domain_ChaosCore_tile/core/ROB/ROB_instruction_banks_0/insn_mem/insn_mem_ext/mem_0_0/clock_uncore_53                                  | BD_i/ChaosCoreTop_0/inst/chiptop/system/chipyard_prcictrl_domain/resetSynchronizer/nodeOut_member_allClocks_uncore_reset_catcher/io_sync_reset_chain/output_chain/sync_0_reg_0                |                2 |              7 |         3.50 |
|  BD_i/zynq_ultra_ps_e_0/inst/pl_clk0 | BD_i/ChaosCoreTop_0/inst/chiptop/system/tile_prci_domain/element_reset_domain_ChaosCore_tile/core/ROB/ROB_instruction_banks_0/insn_mem/insn_mem_ext/mem_0_0/clock_uncore_67                                  | BD_i/ChaosCoreTop_0/inst/chiptop/system/chipyard_prcictrl_domain/resetSynchronizer/nodeOut_member_allClocks_uncore_reset_catcher/io_sync_reset_chain/output_chain/sync_0_reg_0                |                3 |              7 |         2.33 |
|  BD_i/zynq_ultra_ps_e_0/inst/pl_clk0 | BD_i/ChaosCoreTop_0/inst/chiptop/system/tile_prci_domain/element_reset_domain_ChaosCore_tile/core/ROB/ROB_instruction_banks_0/insn_mem/insn_mem_ext/mem_0_0/clock_uncore_66                                  | BD_i/ChaosCoreTop_0/inst/chiptop/system/chipyard_prcictrl_domain/resetSynchronizer/nodeOut_member_allClocks_uncore_reset_catcher/io_sync_reset_chain/output_chain/sync_0_reg_0                |                4 |              7 |         1.75 |
|  BD_i/zynq_ultra_ps_e_0/inst/pl_clk0 | BD_i/ChaosCoreTop_0/inst/chiptop/system/tile_prci_domain/element_reset_domain_ChaosCore_tile/core/ROB/ROB_instruction_banks_0/insn_mem/insn_mem_ext/mem_0_0/clock_uncore_65                                  | BD_i/ChaosCoreTop_0/inst/chiptop/system/chipyard_prcictrl_domain/resetSynchronizer/nodeOut_member_allClocks_uncore_reset_catcher/io_sync_reset_chain/output_chain/sync_0_reg_0                |                4 |              7 |         1.75 |
|  BD_i/zynq_ultra_ps_e_0/inst/pl_clk0 | BD_i/ChaosCoreTop_0/inst/chiptop/system/tile_prci_domain/element_reset_domain_ChaosCore_tile/core/ROB/ROB_instruction_banks_0/insn_mem/insn_mem_ext/mem_0_0/clock_uncore_64                                  | BD_i/ChaosCoreTop_0/inst/chiptop/system/chipyard_prcictrl_domain/resetSynchronizer/nodeOut_member_allClocks_uncore_reset_catcher/io_sync_reset_chain/output_chain/sync_0_reg_0                |                4 |              7 |         1.75 |
|  BD_i/zynq_ultra_ps_e_0/inst/pl_clk0 | BD_i/ChaosCoreTop_0/inst/chiptop/system/tile_prci_domain/element_reset_domain_ChaosCore_tile/core/ROB/ROB_instruction_banks_0/insn_mem/insn_mem_ext/mem_0_0/clock_uncore_50                                  | BD_i/ChaosCoreTop_0/inst/chiptop/system/chipyard_prcictrl_domain/resetSynchronizer/nodeOut_member_allClocks_uncore_reset_catcher/io_sync_reset_chain/output_chain/sync_0_reg_0                |                3 |              7 |         2.33 |
|  BD_i/zynq_ultra_ps_e_0/inst/pl_clk0 | BD_i/ChaosCoreTop_0/inst/chiptop/system/tile_prci_domain/element_reset_domain_ChaosCore_tile/core/ROB/ROB_instruction_banks_0/insn_mem/insn_mem_ext/mem_0_0/clock_uncore_51                                  | BD_i/ChaosCoreTop_0/inst/chiptop/system/chipyard_prcictrl_domain/resetSynchronizer/nodeOut_member_allClocks_uncore_reset_catcher/io_sync_reset_chain/output_chain/sync_0_reg_0                |                4 |              7 |         1.75 |
|  BD_i/zynq_ultra_ps_e_0/inst/pl_clk0 | BD_i/ChaosCoreTop_0/inst/chiptop/system/tile_prci_domain/element_reset_domain_ChaosCore_tile/core/ROB/ROB_instruction_banks_0/insn_mem/insn_mem_ext/mem_0_0/clock_uncore_52                                  | BD_i/ChaosCoreTop_0/inst/chiptop/system/chipyard_prcictrl_domain/resetSynchronizer/nodeOut_member_allClocks_uncore_reset_catcher/io_sync_reset_chain/output_chain/sync_0_reg_0                |                4 |              7 |         1.75 |
|  BD_i/zynq_ultra_ps_e_0/inst/pl_clk0 | BD_i/ChaosCoreTop_0/inst/chiptop/system/tile_prci_domain/element_reset_domain_ChaosCore_tile/core/ROB/ROB_instruction_banks_0/insn_mem/insn_mem_ext/mem_0_0/clock_uncore_54                                  | BD_i/ChaosCoreTop_0/inst/chiptop/system/chipyard_prcictrl_domain/resetSynchronizer/nodeOut_member_allClocks_uncore_reset_catcher/io_sync_reset_chain/output_chain/sync_0_reg_0                |                3 |              7 |         2.33 |
|  BD_i/zynq_ultra_ps_e_0/inst/pl_clk0 | BD_i/ChaosCoreTop_0/inst/chiptop/system/tile_prci_domain/element_reset_domain_ChaosCore_tile/core/ROB/ROB_instruction_banks_0/insn_mem/insn_mem_ext/mem_0_0/clock_uncore_68                                  | BD_i/ChaosCoreTop_0/inst/chiptop/system/chipyard_prcictrl_domain/resetSynchronizer/nodeOut_member_allClocks_uncore_reset_catcher/io_sync_reset_chain/output_chain/sync_0_reg_0                |                7 |              7 |         1.00 |
|  BD_i/zynq_ultra_ps_e_0/inst/pl_clk0 | BD_i/ChaosCoreTop_0/inst/chiptop/system/tile_prci_domain/element_reset_domain_ChaosCore_tile/core/ROB/ROB_instruction_banks_0/insn_mem/insn_mem_ext/mem_0_0/clock_uncore_56                                  | BD_i/ChaosCoreTop_0/inst/chiptop/system/chipyard_prcictrl_domain/resetSynchronizer/nodeOut_member_allClocks_uncore_reset_catcher/io_sync_reset_chain/output_chain/sync_0_reg_0                |                2 |              7 |         3.50 |
|  BD_i/zynq_ultra_ps_e_0/inst/pl_clk0 | BD_i/ChaosCoreTop_0/inst/chiptop/system/tile_prci_domain/element_reset_domain_ChaosCore_tile/core/ROB/ROB_instruction_banks_0/insn_mem/insn_mem_ext/mem_0_0/clock_uncore_55                                  | BD_i/ChaosCoreTop_0/inst/chiptop/system/chipyard_prcictrl_domain/resetSynchronizer/nodeOut_member_allClocks_uncore_reset_catcher/io_sync_reset_chain/output_chain/sync_0_reg_0                |                2 |              7 |         3.50 |
|  BD_i/zynq_ultra_ps_e_0/inst/pl_clk0 | BD_i/ChaosCoreTop_0/inst/chiptop/system/mbus/coupler_to_memory_controller_port_named_axi4/tl2axi4/queue_arw_deq_q/full_reg_8[0]                                                                              |                                                                                                                                                                                               |                3 |              7 |         2.33 |
|  BD_i/zynq_ultra_ps_e_0/inst/pl_clk0 | BD_i/ChaosCoreTop_0/inst/chiptop/system/mbus/coupler_to_memory_controller_port_named_axi4/tl2axi4/queue_arw_deq_q/full_reg_7[0]                                                                              |                                                                                                                                                                                               |                5 |              7 |         1.40 |
|  BD_i/zynq_ultra_ps_e_0/inst/pl_clk0 | BD_i/ChaosCoreTop_0/inst/chiptop/system/mbus/coupler_to_memory_controller_port_named_axi4/tl2axi4/queue_arw_deq_q/full_reg_6[0]                                                                              |                                                                                                                                                                                               |                5 |              7 |         1.40 |
|  BD_i/zynq_ultra_ps_e_0/inst/pl_clk0 | BD_i/ChaosCoreTop_0/inst/chiptop/system/mbus/coupler_to_memory_controller_port_named_axi4/tl2axi4/queue_arw_deq_q/full_reg_5[0]                                                                              |                                                                                                                                                                                               |                5 |              7 |         1.40 |
|  BD_i/zynq_ultra_ps_e_0/inst/pl_clk0 | BD_i/ChaosCoreTop_0/inst/chiptop/system/mbus/coupler_to_memory_controller_port_named_axi4/tl2axi4/queue_arw_deq_q/full_reg_4[0]                                                                              |                                                                                                                                                                                               |                5 |              7 |         1.40 |
|  BD_i/zynq_ultra_ps_e_0/inst/pl_clk0 | BD_i/ChaosCoreTop_0/inst/chiptop/system/mbus/coupler_to_memory_controller_port_named_axi4/tl2axi4/queue_arw_deq_q/full_reg_3[0]                                                                              |                                                                                                                                                                                               |                6 |              7 |         1.17 |
|  BD_i/zynq_ultra_ps_e_0/inst/pl_clk0 | BD_i/ChaosCoreTop_0/inst/chiptop/system/tile_prci_domain/element_reset_domain_ChaosCore_tile/core/frontend/instruction_queue/ram/ram_ext/mem_0_0/interrupt_reg_46[0]                                         | BD_i/ChaosCoreTop_0/inst/chiptop/system/chipyard_prcictrl_domain/resetSynchronizer/nodeOut_member_allClocks_uncore_reset_catcher/io_sync_reset_chain/output_chain/sync_0_reg_0                |                2 |              7 |         3.50 |
|  BD_i/zynq_ultra_ps_e_0/inst/pl_clk0 | BD_i/ChaosCoreTop_0/inst/chiptop/system/tile_prci_domain/element_reset_domain_ChaosCore_tile/core/frontend/instruction_queue/ram/ram_ext/mem_0_0/interrupt_reg_53[0]                                         | BD_i/ChaosCoreTop_0/inst/chiptop/system/chipyard_prcictrl_domain/resetSynchronizer/nodeOut_member_allClocks_uncore_reset_catcher/io_sync_reset_chain/output_chain/sync_0_reg_0                |                5 |              7 |         1.40 |
|  BD_i/zynq_ultra_ps_e_0/inst/pl_clk0 | BD_i/ChaosCoreTop_0/inst/chiptop/system/tile_prci_domain/element_reset_domain_ChaosCore_tile/core/frontend/instruction_queue/ram/ram_ext/mem_0_0/interrupt_reg_52[0]                                         | BD_i/ChaosCoreTop_0/inst/chiptop/system/chipyard_prcictrl_domain/resetSynchronizer/nodeOut_member_allClocks_uncore_reset_catcher/io_sync_reset_chain/output_chain/sync_0_reg_0                |                2 |              7 |         3.50 |
|  BD_i/zynq_ultra_ps_e_0/inst/pl_clk0 | BD_i/ChaosCoreTop_0/inst/chiptop/system/tile_prci_domain/element_reset_domain_ChaosCore_tile/core/frontend/instruction_queue/ram/ram_ext/mem_0_0/interrupt_reg_51[0]                                         | BD_i/ChaosCoreTop_0/inst/chiptop/system/chipyard_prcictrl_domain/resetSynchronizer/nodeOut_member_allClocks_uncore_reset_catcher/io_sync_reset_chain/output_chain/sync_0_reg_0                |                2 |              7 |         3.50 |
|  BD_i/zynq_ultra_ps_e_0/inst/pl_clk0 | BD_i/ChaosCoreTop_0/inst/chiptop/system/tile_prci_domain/element_reset_domain_ChaosCore_tile/core/frontend/instruction_queue/ram/ram_ext/mem_0_0/interrupt_reg_50[0]                                         | BD_i/ChaosCoreTop_0/inst/chiptop/system/chipyard_prcictrl_domain/resetSynchronizer/nodeOut_member_allClocks_uncore_reset_catcher/io_sync_reset_chain/output_chain/sync_0_reg_0                |                4 |              7 |         1.75 |
|  BD_i/zynq_ultra_ps_e_0/inst/pl_clk0 | BD_i/ChaosCoreTop_0/inst/chiptop/system/tile_prci_domain/element_reset_domain_ChaosCore_tile/core/frontend/instruction_queue/ram/ram_ext/mem_0_0/interrupt_reg_5[0]                                          | BD_i/ChaosCoreTop_0/inst/chiptop/system/chipyard_prcictrl_domain/resetSynchronizer/nodeOut_member_allClocks_uncore_reset_catcher/io_sync_reset_chain/output_chain/sync_0_reg_0                |                6 |              7 |         1.17 |
|  BD_i/zynq_ultra_ps_e_0/inst/pl_clk0 | BD_i/ChaosCoreTop_0/inst/chiptop/system/tile_prci_domain/element_reset_domain_ChaosCore_tile/core/frontend/instruction_queue/ram/ram_ext/mem_0_0/interrupt_reg_49[0]                                         | BD_i/ChaosCoreTop_0/inst/chiptop/system/chipyard_prcictrl_domain/resetSynchronizer/nodeOut_member_allClocks_uncore_reset_catcher/io_sync_reset_chain/output_chain/sync_0_reg_0                |                4 |              7 |         1.75 |
|  BD_i/zynq_ultra_ps_e_0/inst/pl_clk0 | BD_i/ChaosCoreTop_0/inst/chiptop/system/tile_prci_domain/element_reset_domain_ChaosCore_tile/core/frontend/instruction_queue/ram/ram_ext/mem_0_0/interrupt_reg_48[0]                                         | BD_i/ChaosCoreTop_0/inst/chiptop/system/chipyard_prcictrl_domain/resetSynchronizer/nodeOut_member_allClocks_uncore_reset_catcher/io_sync_reset_chain/output_chain/sync_0_reg_0                |                4 |              7 |         1.75 |
|  BD_i/zynq_ultra_ps_e_0/inst/pl_clk0 | BD_i/ChaosCoreTop_0/inst/chiptop/system/tile_prci_domain/element_reset_domain_ChaosCore_tile/core/frontend/instruction_queue/ram/ram_ext/mem_0_0/interrupt_reg_47[0]                                         | BD_i/ChaosCoreTop_0/inst/chiptop/system/chipyard_prcictrl_domain/resetSynchronizer/nodeOut_member_allClocks_uncore_reset_catcher/io_sync_reset_chain/output_chain/sync_0_reg_0                |                6 |              7 |         1.17 |
|  BD_i/zynq_ultra_ps_e_0/inst/pl_clk0 | BD_i/ChaosCoreTop_0/inst/chiptop/system/tile_prci_domain/element_reset_domain_ChaosCore_tile/core/frontend/instruction_queue/ram/ram_ext/mem_0_0/interrupt_reg_54[0]                                         | BD_i/ChaosCoreTop_0/inst/chiptop/system/chipyard_prcictrl_domain/resetSynchronizer/nodeOut_member_allClocks_uncore_reset_catcher/io_sync_reset_chain/output_chain/sync_0_reg_0                |                4 |              7 |         1.75 |
|  BD_i/zynq_ultra_ps_e_0/inst/pl_clk0 | BD_i/ChaosCoreTop_0/inst/chiptop/system/tile_prci_domain/element_reset_domain_ChaosCore_tile/core/frontend/instruction_queue/ram/ram_ext/mem_0_0/interrupt_reg_45[0]                                         | BD_i/ChaosCoreTop_0/inst/chiptop/system/chipyard_prcictrl_domain/resetSynchronizer/nodeOut_member_allClocks_uncore_reset_catcher/io_sync_reset_chain/output_chain/sync_0_reg_0                |                5 |              7 |         1.40 |
|  BD_i/zynq_ultra_ps_e_0/inst/pl_clk0 | BD_i/ChaosCoreTop_0/inst/chiptop/system/tile_prci_domain/element_reset_domain_ChaosCore_tile/core/frontend/instruction_queue/ram/ram_ext/mem_0_0/interrupt_reg_44[0]                                         | BD_i/ChaosCoreTop_0/inst/chiptop/system/chipyard_prcictrl_domain/resetSynchronizer/nodeOut_member_allClocks_uncore_reset_catcher/io_sync_reset_chain/output_chain/sync_0_reg_0                |                3 |              7 |         2.33 |
|  BD_i/zynq_ultra_ps_e_0/inst/pl_clk0 | BD_i/ChaosCoreTop_0/inst/chiptop/system/tile_prci_domain/element_reset_domain_ChaosCore_tile/core/frontend/instruction_queue/ram/ram_ext/mem_0_0/interrupt_reg_43[0]                                         | BD_i/ChaosCoreTop_0/inst/chiptop/system/chipyard_prcictrl_domain/resetSynchronizer/nodeOut_member_allClocks_uncore_reset_catcher/io_sync_reset_chain/output_chain/sync_0_reg_0                |                4 |              7 |         1.75 |
|  BD_i/zynq_ultra_ps_e_0/inst/pl_clk0 | BD_i/ChaosCoreTop_0/inst/chiptop/system/tile_prci_domain/element_reset_domain_ChaosCore_tile/core/frontend/instruction_queue/ram/ram_ext/mem_0_0/interrupt_reg_42[0]                                         | BD_i/ChaosCoreTop_0/inst/chiptop/system/chipyard_prcictrl_domain/resetSynchronizer/nodeOut_member_allClocks_uncore_reset_catcher/io_sync_reset_chain/output_chain/sync_0_reg_0                |                3 |              7 |         2.33 |
|  BD_i/zynq_ultra_ps_e_0/inst/pl_clk0 | BD_i/ChaosCoreTop_0/inst/chiptop/system/tile_prci_domain/element_reset_domain_ChaosCore_tile/core/frontend/instruction_queue/ram/ram_ext/mem_0_0/interrupt_reg_41[0]                                         | BD_i/ChaosCoreTop_0/inst/chiptop/system/chipyard_prcictrl_domain/resetSynchronizer/nodeOut_member_allClocks_uncore_reset_catcher/io_sync_reset_chain/output_chain/sync_0_reg_0                |                4 |              7 |         1.75 |
|  BD_i/zynq_ultra_ps_e_0/inst/pl_clk0 | BD_i/ChaosCoreTop_0/inst/chiptop/system/tile_prci_domain/element_reset_domain_ChaosCore_tile/core/frontend/instruction_queue/ram/ram_ext/mem_0_0/interrupt_reg_40[0]                                         | BD_i/ChaosCoreTop_0/inst/chiptop/system/chipyard_prcictrl_domain/resetSynchronizer/nodeOut_member_allClocks_uncore_reset_catcher/io_sync_reset_chain/output_chain/sync_0_reg_0                |                4 |              7 |         1.75 |
|  BD_i/zynq_ultra_ps_e_0/inst/pl_clk0 | BD_i/ChaosCoreTop_0/inst/chiptop/system/tile_prci_domain/element_reset_domain_ChaosCore_tile/core/frontend/instruction_queue/ram/ram_ext/mem_0_0/interrupt_reg_4[0]                                          | BD_i/ChaosCoreTop_0/inst/chiptop/system/chipyard_prcictrl_domain/resetSynchronizer/nodeOut_member_allClocks_uncore_reset_catcher/io_sync_reset_chain/output_chain/sync_0_reg_0                |                3 |              7 |         2.33 |
|  BD_i/zynq_ultra_ps_e_0/inst/pl_clk0 | BD_i/ChaosCoreTop_0/inst/chiptop/system/tile_prci_domain/element_reset_domain_ChaosCore_tile/core/frontend/instruction_queue/ram/ram_ext/mem_0_0/interrupt_reg_39[0]                                         | BD_i/ChaosCoreTop_0/inst/chiptop/system/chipyard_prcictrl_domain/resetSynchronizer/nodeOut_member_allClocks_uncore_reset_catcher/io_sync_reset_chain/output_chain/sync_0_reg_0                |                3 |              7 |         2.33 |
|  BD_i/zynq_ultra_ps_e_0/inst/pl_clk0 | BD_i/ChaosCoreTop_0/inst/chiptop/system/tile_prci_domain/element_reset_domain_ChaosCore_tile/core/frontend/instruction_queue/ram/ram_ext/mem_0_0/interrupt_reg_60[0]                                         | BD_i/ChaosCoreTop_0/inst/chiptop/system/chipyard_prcictrl_domain/resetSynchronizer/nodeOut_member_allClocks_uncore_reset_catcher/io_sync_reset_chain/output_chain/sync_0_reg_0                |                5 |              7 |         1.40 |
|  BD_i/zynq_ultra_ps_e_0/inst/pl_clk0 | BD_i/ChaosCoreTop_0/inst/chiptop/system/tile_prci_domain/element_reset_domain_ChaosCore_tile/core/frontend/instruction_queue/ram/ram_ext/mem_0_0/interrupt_reg_8[0]                                          | BD_i/ChaosCoreTop_0/inst/chiptop/system/chipyard_prcictrl_domain/resetSynchronizer/nodeOut_member_allClocks_uncore_reset_catcher/io_sync_reset_chain/output_chain/sync_0_reg_0                |                4 |              7 |         1.75 |
|  BD_i/zynq_ultra_ps_e_0/inst/pl_clk0 |                                                                                                                                                                                                              | BD_i/smartconnect_0/inst/s00_nodes/s00_ar_node/inst/inst_mi_handler/m_sc_areset_r                                                                                                             |                4 |              7 |         1.75 |
|  BD_i/zynq_ultra_ps_e_0/inst/pl_clk0 |                                                                                                                                                                                                              | BD_i/smartconnect_0/inst/s00_nodes/s00_aw_node/inst/inst_mi_handler/m_sc_areset_r                                                                                                             |                4 |              7 |         1.75 |
|  BD_i/zynq_ultra_ps_e_0/inst/pl_clk0 | BD_i/ChaosCoreTop_0/inst/chiptop/system/tile_prci_domain/element_reset_domain_ChaosCore_tile/core/frontend/instruction_queue/ram/ram_ext/mem_0_0/interrupt_reg_9[0]                                          | BD_i/ChaosCoreTop_0/inst/chiptop/system/chipyard_prcictrl_domain/resetSynchronizer/nodeOut_member_allClocks_uncore_reset_catcher/io_sync_reset_chain/output_chain/sync_0_reg_0                |                4 |              7 |         1.75 |
|  BD_i/zynq_ultra_ps_e_0/inst/pl_clk0 | BD_i/ChaosCoreTop_0/inst/chiptop/system/tile_prci_domain/element_reset_domain_ChaosCore_tile/core/frontend/instruction_queue/ram/ram_ext/mem_0_0/interrupt_reg_7[0]                                          | BD_i/ChaosCoreTop_0/inst/chiptop/system/chipyard_prcictrl_domain/resetSynchronizer/nodeOut_member_allClocks_uncore_reset_catcher/io_sync_reset_chain/output_chain/sync_0_reg_0                |                2 |              7 |         3.50 |
|  BD_i/zynq_ultra_ps_e_0/inst/pl_clk0 |                                                                                                                                                                                                              | BD_i/smartconnect_0/inst/s00_nodes/s00_w_node/inst/inst_mi_handler/m_sc_areset_r                                                                                                              |                4 |              7 |         1.75 |
|  BD_i/zynq_ultra_ps_e_0/inst/pl_clk0 |                                                                                                                                                                                                              | BD_i/smartconnect_0/inst/s01_nodes/s01_ar_node/inst/inst_mi_handler/m_sc_areset_r                                                                                                             |                4 |              7 |         1.75 |
|  BD_i/zynq_ultra_ps_e_0/inst/pl_clk0 |                                                                                                                                                                                                              | BD_i/smartconnect_0/inst/s01_nodes/s01_aw_node/inst/inst_mi_handler/m_sc_areset_r                                                                                                             |                4 |              7 |         1.75 |
|  BD_i/zynq_ultra_ps_e_0/inst/pl_clk0 | BD_i/ChaosCoreTop_0/inst/chiptop/system/tile_prci_domain/element_reset_domain_ChaosCore_tile/core/frontend/instruction_queue/ram/ram_ext/mem_0_0/interrupt_reg_38[0]                                         | BD_i/ChaosCoreTop_0/inst/chiptop/system/chipyard_prcictrl_domain/resetSynchronizer/nodeOut_member_allClocks_uncore_reset_catcher/io_sync_reset_chain/output_chain/sync_0_reg_0                |                2 |              7 |         3.50 |
|  BD_i/zynq_ultra_ps_e_0/inst/pl_clk0 | BD_i/ChaosCoreTop_0/inst/chiptop/system/coh_wrapper/l2/inclusive_cache_bank_sched/mshrs_1/E[0]                                                                                                               | BD_i/ChaosCoreTop_0/inst/chiptop/system/chipyard_prcictrl_domain/resetSynchronizer/nodeOut_member_allClocks_uncore_reset_catcher/io_sync_reset_chain/output_chain/sync_0_reg_0                |                3 |              7 |         2.33 |
|  BD_i/zynq_ultra_ps_e_0/inst/pl_clk0 |                                                                                                                                                                                                              | BD_i/smartconnect_0/inst/s01_nodes/s01_w_node/inst/inst_mi_handler/m_sc_areset_r                                                                                                              |                4 |              7 |         1.75 |
|  BD_i/zynq_ultra_ps_e_0/inst/pl_clk0 | BD_i/ChaosCoreTop_0/inst/chiptop/system/tile_prci_domain/element_reset_domain_ChaosCore_tile/core/frontend/instruction_queue/ram/ram_ext/mem_0_0/interrupt_reg_6[0]                                          | BD_i/ChaosCoreTop_0/inst/chiptop/system/chipyard_prcictrl_domain/resetSynchronizer/nodeOut_member_allClocks_uncore_reset_catcher/io_sync_reset_chain/output_chain/sync_0_reg_0                |                5 |              7 |         1.40 |
|  BD_i/zynq_ultra_ps_e_0/inst/pl_clk0 | BD_i/ChaosCoreTop_0/inst/chiptop/system/tile_prci_domain/element_reset_domain_ChaosCore_tile/core/frontend/instruction_queue/ram/ram_ext/mem_0_0/interrupt_reg_59[0]                                         | BD_i/ChaosCoreTop_0/inst/chiptop/system/chipyard_prcictrl_domain/resetSynchronizer/nodeOut_member_allClocks_uncore_reset_catcher/io_sync_reset_chain/output_chain/sync_0_reg_0                |                3 |              7 |         2.33 |
|  BD_i/zynq_ultra_ps_e_0/inst/pl_clk0 | BD_i/ChaosCoreTop_0/inst/chiptop/system/tile_prci_domain/element_reset_domain_ChaosCore_tile/core/frontend/instruction_queue/ram/ram_ext/mem_0_0/interrupt_reg_58[0]                                         | BD_i/ChaosCoreTop_0/inst/chiptop/system/chipyard_prcictrl_domain/resetSynchronizer/nodeOut_member_allClocks_uncore_reset_catcher/io_sync_reset_chain/output_chain/sync_0_reg_0                |                3 |              7 |         2.33 |
|  BD_i/zynq_ultra_ps_e_0/inst/pl_clk0 | BD_i/ChaosCoreTop_0/inst/chiptop/system/tile_prci_domain/element_reset_domain_ChaosCore_tile/core/frontend/instruction_queue/ram/ram_ext/mem_0_0/interrupt_reg_57[0]                                         | BD_i/ChaosCoreTop_0/inst/chiptop/system/chipyard_prcictrl_domain/resetSynchronizer/nodeOut_member_allClocks_uncore_reset_catcher/io_sync_reset_chain/output_chain/sync_0_reg_0                |                5 |              7 |         1.40 |
|  BD_i/zynq_ultra_ps_e_0/inst/pl_clk0 | BD_i/ChaosCoreTop_0/inst/chiptop/system/tile_prci_domain/element_reset_domain_ChaosCore_tile/core/frontend/instruction_queue/ram/ram_ext/mem_0_0/interrupt_reg_56[0]                                         | BD_i/ChaosCoreTop_0/inst/chiptop/system/chipyard_prcictrl_domain/resetSynchronizer/nodeOut_member_allClocks_uncore_reset_catcher/io_sync_reset_chain/output_chain/sync_0_reg_0                |                2 |              7 |         3.50 |
|  BD_i/zynq_ultra_ps_e_0/inst/pl_clk0 | BD_i/ChaosCoreTop_0/inst/chiptop/system/tile_prci_domain/element_reset_domain_ChaosCore_tile/core/frontend/instruction_queue/ram/ram_ext/mem_0_0/interrupt_reg_55[0]                                         | BD_i/ChaosCoreTop_0/inst/chiptop/system/chipyard_prcictrl_domain/resetSynchronizer/nodeOut_member_allClocks_uncore_reset_catcher/io_sync_reset_chain/output_chain/sync_0_reg_0                |                4 |              7 |         1.75 |
|  BD_i/zynq_ultra_ps_e_0/inst/pl_clk0 | BD_i/ChaosCoreTop_0/inst/chiptop/system/tile_prci_domain/element_reset_domain_ChaosCore_tile/core/ROB/ROB_instruction_banks_0/insn_mem/insn_mem_ext/mem_0_0/clock_uncore_13                                  | BD_i/ChaosCoreTop_0/inst/chiptop/system/chipyard_prcictrl_domain/resetSynchronizer/nodeOut_member_allClocks_uncore_reset_catcher/io_sync_reset_chain/output_chain/sync_0_reg_0                |                3 |              7 |         2.33 |
|  BD_i/zynq_ultra_ps_e_0/inst/pl_clk0 | BD_i/ChaosCoreTop_0/inst/chiptop/system/tile_prci_domain/element_reset_domain_ChaosCore_tile/core/ROB/ROB_instruction_banks_0/insn_mem/insn_mem_ext/mem_0_0/clock_uncore_40                                  | BD_i/ChaosCoreTop_0/inst/chiptop/system/chipyard_prcictrl_domain/resetSynchronizer/nodeOut_member_allClocks_uncore_reset_catcher/io_sync_reset_chain/output_chain/sync_0_reg_0                |                2 |              7 |         3.50 |
|  BD_i/zynq_ultra_ps_e_0/inst/pl_clk0 | BD_i/ChaosCoreTop_0/inst/chiptop/system/tile_prci_domain/element_reset_domain_ChaosCore_tile/core/ROB/ROB_instruction_banks_0/insn_mem/insn_mem_ext/mem_0_0/clock_uncore_21                                  | BD_i/ChaosCoreTop_0/inst/chiptop/system/chipyard_prcictrl_domain/resetSynchronizer/nodeOut_member_allClocks_uncore_reset_catcher/io_sync_reset_chain/output_chain/sync_0_reg_0                |                4 |              7 |         1.75 |
|  BD_i/zynq_ultra_ps_e_0/inst/pl_clk0 | BD_i/ChaosCoreTop_0/inst/chiptop/system/tile_prci_domain/element_reset_domain_ChaosCore_tile/core/ROB/ROB_instruction_banks_0/insn_mem/insn_mem_ext/mem_0_0/clock_uncore_19                                  | BD_i/ChaosCoreTop_0/inst/chiptop/system/chipyard_prcictrl_domain/resetSynchronizer/nodeOut_member_allClocks_uncore_reset_catcher/io_sync_reset_chain/output_chain/sync_0_reg_0                |                3 |              7 |         2.33 |
|  BD_i/zynq_ultra_ps_e_0/inst/pl_clk0 | BD_i/ChaosCoreTop_0/inst/chiptop/system/tile_prci_domain/element_reset_domain_ChaosCore_tile/core/ROB/ROB_instruction_banks_0/insn_mem/insn_mem_ext/mem_0_0/clock_uncore_18                                  | BD_i/ChaosCoreTop_0/inst/chiptop/system/chipyard_prcictrl_domain/resetSynchronizer/nodeOut_member_allClocks_uncore_reset_catcher/io_sync_reset_chain/output_chain/sync_0_reg_0                |                3 |              7 |         2.33 |
|  BD_i/zynq_ultra_ps_e_0/inst/pl_clk0 | BD_i/ChaosCoreTop_0/inst/chiptop/system/tile_prci_domain/element_reset_domain_ChaosCore_tile/core/ROB/ROB_instruction_banks_0/insn_mem/insn_mem_ext/mem_0_0/clock_uncore_17                                  | BD_i/ChaosCoreTop_0/inst/chiptop/system/chipyard_prcictrl_domain/resetSynchronizer/nodeOut_member_allClocks_uncore_reset_catcher/io_sync_reset_chain/output_chain/sync_0_reg_0                |                2 |              7 |         3.50 |
|  BD_i/zynq_ultra_ps_e_0/inst/pl_clk0 | BD_i/ChaosCoreTop_0/inst/chiptop/system/tile_prci_domain/element_reset_domain_ChaosCore_tile/core/ROB/ROB_instruction_banks_0/insn_mem/insn_mem_ext/mem_0_0/clock_uncore_16                                  | BD_i/ChaosCoreTop_0/inst/chiptop/system/chipyard_prcictrl_domain/resetSynchronizer/nodeOut_member_allClocks_uncore_reset_catcher/io_sync_reset_chain/output_chain/sync_0_reg_0                |                5 |              7 |         1.40 |
|  BD_i/zynq_ultra_ps_e_0/inst/pl_clk0 | BD_i/ChaosCoreTop_0/inst/chiptop/system/tile_prci_domain/element_reset_domain_ChaosCore_tile/core/ROB/ROB_instruction_banks_0/insn_mem/insn_mem_ext/mem_0_0/clock_uncore_15                                  | BD_i/ChaosCoreTop_0/inst/chiptop/system/chipyard_prcictrl_domain/resetSynchronizer/nodeOut_member_allClocks_uncore_reset_catcher/io_sync_reset_chain/output_chain/sync_0_reg_0                |                4 |              7 |         1.75 |
|  BD_i/zynq_ultra_ps_e_0/inst/pl_clk0 | BD_i/ChaosCoreTop_0/inst/chiptop/system/tile_prci_domain/element_reset_domain_ChaosCore_tile/core/ROB/ROB_instruction_banks_0/insn_mem/insn_mem_ext/mem_0_0/clock_uncore_8                                   | BD_i/ChaosCoreTop_0/inst/chiptop/system/chipyard_prcictrl_domain/resetSynchronizer/nodeOut_member_allClocks_uncore_reset_catcher/io_sync_reset_chain/output_chain/sync_0_reg_0                |                6 |              7 |         1.17 |
|  BD_i/zynq_ultra_ps_e_0/inst/pl_clk0 | BD_i/ChaosCoreTop_0/inst/chiptop/system/tile_prci_domain/element_reset_domain_ChaosCore_tile/core/ROB/ROB_instruction_banks_0/insn_mem/insn_mem_ext/mem_0_0/clock_uncore_57                                  | BD_i/ChaosCoreTop_0/inst/chiptop/system/chipyard_prcictrl_domain/resetSynchronizer/nodeOut_member_allClocks_uncore_reset_catcher/io_sync_reset_chain/output_chain/sync_0_reg_0                |                5 |              7 |         1.40 |
|  BD_i/zynq_ultra_ps_e_0/inst/pl_clk0 | BD_i/ChaosCoreTop_0/inst/chiptop/system/tile_prci_domain/element_reset_domain_ChaosCore_tile/core/ROB/ROB_instruction_banks_0/insn_mem/insn_mem_ext/mem_0_0/clock_uncore_14                                  | BD_i/ChaosCoreTop_0/inst/chiptop/system/chipyard_prcictrl_domain/resetSynchronizer/nodeOut_member_allClocks_uncore_reset_catcher/io_sync_reset_chain/output_chain/sync_0_reg_0                |                2 |              7 |         3.50 |
|  BD_i/zynq_ultra_ps_e_0/inst/pl_clk0 | BD_i/ChaosCoreTop_0/inst/chiptop/system/tile_prci_domain/element_reset_domain_ChaosCore_tile/core/ROB/ROB_instruction_banks_0/insn_mem/insn_mem_ext/mem_0_0/clock_uncore_12                                  | BD_i/ChaosCoreTop_0/inst/chiptop/system/chipyard_prcictrl_domain/resetSynchronizer/nodeOut_member_allClocks_uncore_reset_catcher/io_sync_reset_chain/output_chain/sync_0_reg_0                |                2 |              7 |         3.50 |
|  BD_i/zynq_ultra_ps_e_0/inst/pl_clk0 | BD_i/ChaosCoreTop_0/inst/chiptop/system/tile_prci_domain/element_reset_domain_ChaosCore_tile/core/ROB/ROB_instruction_banks_0/insn_mem/insn_mem_ext/mem_0_0/clock_uncore_11                                  | BD_i/ChaosCoreTop_0/inst/chiptop/system/chipyard_prcictrl_domain/resetSynchronizer/nodeOut_member_allClocks_uncore_reset_catcher/io_sync_reset_chain/output_chain/sync_0_reg_0                |                2 |              7 |         3.50 |
|  BD_i/zynq_ultra_ps_e_0/inst/pl_clk0 | BD_i/ChaosCoreTop_0/inst/chiptop/system/tile_prci_domain/element_reset_domain_ChaosCore_tile/core/ROB/ROB_instruction_banks_0/insn_mem/insn_mem_ext/mem_0_0/clock_uncore_10                                  | BD_i/ChaosCoreTop_0/inst/chiptop/system/chipyard_prcictrl_domain/resetSynchronizer/nodeOut_member_allClocks_uncore_reset_catcher/io_sync_reset_chain/output_chain/sync_0_reg_0                |                2 |              7 |         3.50 |
|  BD_i/zynq_ultra_ps_e_0/inst/pl_clk0 | BD_i/ChaosCoreTop_0/inst/chiptop/system/tile_prci_domain/element_reset_domain_ChaosCore_tile/core/ROB/ROB_instruction_banks_0/insn_mem/insn_mem_ext/mem_0_0/clock_uncore_22                                  | BD_i/ChaosCoreTop_0/inst/chiptop/system/chipyard_prcictrl_domain/resetSynchronizer/nodeOut_member_allClocks_uncore_reset_catcher/io_sync_reset_chain/output_chain/sync_0_reg_0                |                4 |              7 |         1.75 |
|  BD_i/zynq_ultra_ps_e_0/inst/pl_clk0 | BD_i/ChaosCoreTop_0/inst/chiptop/system/tile_prci_domain/element_reset_domain_ChaosCore_tile/core/ROB/ROB_instruction_banks_0/insn_mem/insn_mem_ext/mem_0_0/clock_uncore_58                                  | BD_i/ChaosCoreTop_0/inst/chiptop/system/chipyard_prcictrl_domain/resetSynchronizer/nodeOut_member_allClocks_uncore_reset_catcher/io_sync_reset_chain/output_chain/sync_0_reg_0                |                6 |              7 |         1.17 |
|  BD_i/zynq_ultra_ps_e_0/inst/pl_clk0 | BD_i/ChaosCoreTop_0/inst/chiptop/system/tile_prci_domain/element_reset_domain_ChaosCore_tile/core/ROB/ROB_instruction_banks_0/insn_mem/insn_mem_ext/mem_0_0/clock_uncore_59                                  | BD_i/ChaosCoreTop_0/inst/chiptop/system/chipyard_prcictrl_domain/resetSynchronizer/nodeOut_member_allClocks_uncore_reset_catcher/io_sync_reset_chain/output_chain/sync_0_reg_0                |                4 |              7 |         1.75 |
|  BD_i/zynq_ultra_ps_e_0/inst/pl_clk0 | BD_i/ChaosCoreTop_0/inst/chiptop/system/tile_prci_domain/element_reset_domain_ChaosCore_tile/core/ROB/ROB_instruction_banks_0/insn_mem/insn_mem_ext/mem_0_0/clock_uncore_63                                  | BD_i/ChaosCoreTop_0/inst/chiptop/system/chipyard_prcictrl_domain/resetSynchronizer/nodeOut_member_allClocks_uncore_reset_catcher/io_sync_reset_chain/output_chain/sync_0_reg_0                |                6 |              7 |         1.17 |
|  BD_i/zynq_ultra_ps_e_0/inst/pl_clk0 | BD_i/ChaosCoreTop_0/inst/chiptop/system/tile_prci_domain/element_reset_domain_ChaosCore_tile/core/ROB/ROB_instruction_banks_0/insn_mem/insn_mem_ext/mem_0_0/clock_uncore_9                                   | BD_i/ChaosCoreTop_0/inst/chiptop/system/chipyard_prcictrl_domain/resetSynchronizer/nodeOut_member_allClocks_uncore_reset_catcher/io_sync_reset_chain/output_chain/sync_0_reg_0                |                2 |              7 |         3.50 |
|  BD_i/zynq_ultra_ps_e_0/inst/pl_clk0 | BD_i/axi_gpio_1/U0/AXI_LITE_IPIF_I/I_SLAVE_ATTACHMENT/I_DECODER/E[0]                                                                                                                                         | BD_i/axi_gpio_0/U0/AXI_LITE_IPIF_I/I_SLAVE_ATTACHMENT/SR[0]                                                                                                                                   |                4 |              7 |         1.75 |
|  BD_i/zynq_ultra_ps_e_0/inst/pl_clk0 | BD_i/axi_smc/inst/m01_exit_pipeline/m01_exit/inst/splitter_inst/gen_axi4lite.axilite_conv/aw_addr[8]_i_1_n_0                                                                                                 | BD_i/axi_smc/inst/m01_exit_pipeline/m01_exit/inst/areset                                                                                                                                      |                3 |              7 |         2.33 |
|  BD_i/zynq_ultra_ps_e_0/inst/pl_clk0 | BD_i/smartconnect_0/inst/s01_nodes/s01_w_node/inst/inst_mi_handler/gen_normal_area.gen_upsizer.inst_upsizer/first_xfer                                                                                       |                                                                                                                                                                                               |                1 |              7 |         7.00 |
|  BD_i/zynq_ultra_ps_e_0/inst/pl_clk0 | BD_i/axi_smc/inst/m01_exit_pipeline/m01_exit/inst/splitter_inst/gen_axi4lite.axilite_conv/ar_addr_d[8]_i_1_n_0                                                                                               | BD_i/axi_smc/inst/m01_exit_pipeline/m01_exit/inst/areset                                                                                                                                      |                2 |              7 |         3.50 |
|  BD_i/zynq_ultra_ps_e_0/inst/pl_clk0 | BD_i/ChaosCoreTop_0/inst/chiptop/system/tile_prci_domain/element_reset_domain_ChaosCore_tile/dcache/meta/wen0                                                                                                | BD_i/ChaosCoreTop_0/inst/chiptop/system/chipyard_prcictrl_domain/resetSynchronizer/nodeOut_member_allClocks_uncore_reset_catcher/io_sync_reset_chain/output_chain/sync_0_reg_0                |                1 |              7 |         7.00 |
|  BD_i/zynq_ultra_ps_e_0/inst/pl_clk0 | BD_i/ChaosCoreTop_0/inst/chiptop/system/tile_prci_domain/element_reset_domain_ChaosCore_tile/dcache/mshrs/mshrs_3/rpq/s1_req_dprv                                                                            | BD_i/ChaosCoreTop_0/inst/chiptop/system/tile_prci_domain/element_reset_domain_ChaosCore_tile/core/backend/execution_engine/MOB/sdq_val[16]_i_3                                                |                3 |              7 |         2.33 |
|  BD_i/zynq_ultra_ps_e_0/inst/pl_clk0 | BD_i/ChaosCoreTop_0/inst/chiptop/system/tile_prci_domain/element_reset_domain_ChaosCore_tile/core/ROB/ROB_instruction_banks_0/insn_mem/insn_mem_ext/mem_0_0/commit_RAT_31[6]_i_8_1                           | BD_i/ChaosCoreTop_0/inst/chiptop/system/chipyard_prcictrl_domain/resetSynchronizer/nodeOut_member_allClocks_uncore_reset_catcher/io_sync_reset_chain/output_chain/sync_0_reg_0                |                2 |              7 |         3.50 |
|  BD_i/zynq_ultra_ps_e_0/inst/pl_clk0 | BD_i/ChaosCoreTop_0/inst/chiptop/system/tile_prci_domain/element_reset_domain_ChaosCore_tile/core/ROB/ROB_instruction_banks_0/insn_mem/insn_mem_ext/mem_0_0/commit_RAT_31[6]_i_8_0                           | BD_i/ChaosCoreTop_0/inst/chiptop/system/chipyard_prcictrl_domain/resetSynchronizer/nodeOut_member_allClocks_uncore_reset_catcher/io_sync_reset_chain/output_chain/sync_0_reg_0                |                6 |              7 |         1.17 |
|  BD_i/zynq_ultra_ps_e_0/inst/pl_clk0 | BD_i/ChaosCoreTop_0/inst/chiptop/system/tile_prci_domain/element_reset_domain_ChaosCore_tile/core/ROB/ROB_instruction_banks_0/insn_mem/insn_mem_ext/mem_0_0/clock_uncore_62                                  | BD_i/ChaosCoreTop_0/inst/chiptop/system/chipyard_prcictrl_domain/resetSynchronizer/nodeOut_member_allClocks_uncore_reset_catcher/io_sync_reset_chain/output_chain/sync_0_reg_0                |                4 |              7 |         1.75 |
|  BD_i/zynq_ultra_ps_e_0/inst/pl_clk0 | BD_i/ChaosCoreTop_0/inst/chiptop/system/tile_prci_domain/element_reset_domain_ChaosCore_tile/core/ROB/ROB_instruction_banks_0/insn_mem/insn_mem_ext/mem_0_0/clock_uncore_37                                  | BD_i/ChaosCoreTop_0/inst/chiptop/system/chipyard_prcictrl_domain/resetSynchronizer/nodeOut_member_allClocks_uncore_reset_catcher/io_sync_reset_chain/output_chain/sync_0_reg_0                |                2 |              7 |         3.50 |
|  BD_i/zynq_ultra_ps_e_0/inst/pl_clk0 | BD_i/ChaosCoreTop_0/inst/chiptop/system/tile_prci_domain/element_reset_domain_ChaosCore_tile/core/ROB/ROB_instruction_banks_0/insn_mem/insn_mem_ext/mem_0_0/clock_uncore_36                                  | BD_i/ChaosCoreTop_0/inst/chiptop/system/chipyard_prcictrl_domain/resetSynchronizer/nodeOut_member_allClocks_uncore_reset_catcher/io_sync_reset_chain/output_chain/sync_0_reg_0                |                3 |              7 |         2.33 |
|  BD_i/zynq_ultra_ps_e_0/inst/pl_clk0 | BD_i/ChaosCoreTop_0/inst/chiptop/system/tile_prci_domain/element_reset_domain_ChaosCore_tile/core/ROB/ROB_instruction_banks_0/insn_mem/insn_mem_ext/mem_0_0/clock_uncore_35                                  | BD_i/ChaosCoreTop_0/inst/chiptop/system/chipyard_prcictrl_domain/resetSynchronizer/nodeOut_member_allClocks_uncore_reset_catcher/io_sync_reset_chain/output_chain/sync_0_reg_0                |                3 |              7 |         2.33 |
|  BD_i/zynq_ultra_ps_e_0/inst/pl_clk0 | BD_i/ChaosCoreTop_0/inst/chiptop/system/tile_prci_domain/element_reset_domain_ChaosCore_tile/core/ROB/ROB_instruction_banks_0/insn_mem/insn_mem_ext/mem_0_0/clock_uncore_34                                  | BD_i/ChaosCoreTop_0/inst/chiptop/system/chipyard_prcictrl_domain/resetSynchronizer/nodeOut_member_allClocks_uncore_reset_catcher/io_sync_reset_chain/output_chain/sync_0_reg_0                |                3 |              7 |         2.33 |
|  BD_i/zynq_ultra_ps_e_0/inst/pl_clk0 | BD_i/ChaosCoreTop_0/inst/chiptop/system/tile_prci_domain/element_reset_domain_ChaosCore_tile/core/ROB/ROB_instruction_banks_0/insn_mem/insn_mem_ext/mem_0_0/clock_uncore_33                                  | BD_i/ChaosCoreTop_0/inst/chiptop/system/chipyard_prcictrl_domain/resetSynchronizer/nodeOut_member_allClocks_uncore_reset_catcher/io_sync_reset_chain/output_chain/sync_0_reg_0                |                4 |              7 |         1.75 |
|  BD_i/zynq_ultra_ps_e_0/inst/pl_clk0 | BD_i/ChaosCoreTop_0/inst/chiptop/system/tile_prci_domain/element_reset_domain_ChaosCore_tile/core/ROB/ROB_instruction_banks_0/insn_mem/insn_mem_ext/mem_0_0/clock_uncore_32                                  | BD_i/ChaosCoreTop_0/inst/chiptop/system/chipyard_prcictrl_domain/resetSynchronizer/nodeOut_member_allClocks_uncore_reset_catcher/io_sync_reset_chain/output_chain/sync_0_reg_0                |                5 |              7 |         1.40 |
|  BD_i/zynq_ultra_ps_e_0/inst/pl_clk0 | BD_i/ChaosCoreTop_0/inst/chiptop/system/tile_prci_domain/element_reset_domain_ChaosCore_tile/core/ROB/ROB_instruction_banks_0/insn_mem/insn_mem_ext/mem_0_0/clock_uncore_31                                  | BD_i/ChaosCoreTop_0/inst/chiptop/system/chipyard_prcictrl_domain/resetSynchronizer/nodeOut_member_allClocks_uncore_reset_catcher/io_sync_reset_chain/output_chain/sync_0_reg_0                |                4 |              7 |         1.75 |
|  BD_i/zynq_ultra_ps_e_0/inst/pl_clk0 | BD_i/ChaosCoreTop_0/inst/chiptop/system/tile_prci_domain/element_reset_domain_ChaosCore_tile/core/ROB/ROB_instruction_banks_0/insn_mem/insn_mem_ext/mem_0_0/clock_uncore_20                                  | BD_i/ChaosCoreTop_0/inst/chiptop/system/chipyard_prcictrl_domain/resetSynchronizer/nodeOut_member_allClocks_uncore_reset_catcher/io_sync_reset_chain/output_chain/sync_0_reg_0                |                3 |              7 |         2.33 |
|  BD_i/zynq_ultra_ps_e_0/inst/pl_clk0 | BD_i/ChaosCoreTop_0/inst/chiptop/system/tile_prci_domain/element_reset_domain_ChaosCore_tile/core/frontend/instruction_queue/ram/ram_ext/mem_0_0/interrupt_reg_33[0]                                         | BD_i/ChaosCoreTop_0/inst/chiptop/system/chipyard_prcictrl_domain/resetSynchronizer/nodeOut_member_allClocks_uncore_reset_catcher/io_sync_reset_chain/output_chain/sync_0_reg_0                |                2 |              7 |         3.50 |
|  BD_i/zynq_ultra_ps_e_0/inst/pl_clk0 | BD_i/ChaosCoreTop_0/inst/chiptop/system/tile_prci_domain/element_reset_domain_ChaosCore_tile/core/frontend/instruction_queue/ram/ram_ext/mem_0_0/interrupt_reg_14[0]                                         | BD_i/ChaosCoreTop_0/inst/chiptop/system/chipyard_prcictrl_domain/resetSynchronizer/nodeOut_member_allClocks_uncore_reset_catcher/io_sync_reset_chain/output_chain/sync_0_reg_0                |                3 |              7 |         2.33 |
|  BD_i/zynq_ultra_ps_e_0/inst/pl_clk0 | BD_i/ChaosCoreTop_0/inst/chiptop/system/tile_prci_domain/element_reset_domain_ChaosCore_tile/core/frontend/instruction_queue/ram/ram_ext/mem_0_0/interrupt_reg_13[0]                                         | BD_i/ChaosCoreTop_0/inst/chiptop/system/chipyard_prcictrl_domain/resetSynchronizer/nodeOut_member_allClocks_uncore_reset_catcher/io_sync_reset_chain/output_chain/sync_0_reg_0                |                2 |              7 |         3.50 |
|  BD_i/zynq_ultra_ps_e_0/inst/pl_clk0 | BD_i/ChaosCoreTop_0/inst/chiptop/system/tile_prci_domain/element_reset_domain_ChaosCore_tile/core/frontend/instruction_queue/ram/ram_ext/mem_0_0/interrupt_reg_12[0]                                         | BD_i/ChaosCoreTop_0/inst/chiptop/system/chipyard_prcictrl_domain/resetSynchronizer/nodeOut_member_allClocks_uncore_reset_catcher/io_sync_reset_chain/output_chain/sync_0_reg_0                |                6 |              7 |         1.17 |
|  BD_i/zynq_ultra_ps_e_0/inst/pl_clk0 | BD_i/ChaosCoreTop_0/inst/chiptop/system/tile_prci_domain/element_reset_domain_ChaosCore_tile/core/frontend/instruction_queue/ram/ram_ext/mem_0_0/interrupt_reg_11[0]                                         | BD_i/ChaosCoreTop_0/inst/chiptop/system/chipyard_prcictrl_domain/resetSynchronizer/nodeOut_member_allClocks_uncore_reset_catcher/io_sync_reset_chain/output_chain/sync_0_reg_0                |                3 |              7 |         2.33 |
|  BD_i/zynq_ultra_ps_e_0/inst/pl_clk0 | BD_i/ChaosCoreTop_0/inst/chiptop/system/tile_prci_domain/element_reset_domain_ChaosCore_tile/core/frontend/instruction_queue/ram/ram_ext/mem_0_0/interrupt_reg_10[0]                                         | BD_i/ChaosCoreTop_0/inst/chiptop/system/chipyard_prcictrl_domain/resetSynchronizer/nodeOut_member_allClocks_uncore_reset_catcher/io_sync_reset_chain/output_chain/sync_0_reg_0                |                3 |              7 |         2.33 |
|  BD_i/zynq_ultra_ps_e_0/inst/pl_clk0 | BD_i/ChaosCoreTop_0/inst/chiptop/system/tile_prci_domain/element_reset_domain_ChaosCore_tile/core/frontend/instruction_queue/ram/ram_ext/mem_0_0/interrupt_reg_1[0]                                          | BD_i/ChaosCoreTop_0/inst/chiptop/system/chipyard_prcictrl_domain/resetSynchronizer/nodeOut_member_allClocks_uncore_reset_catcher/io_sync_reset_chain/output_chain/sync_0_reg_0                |                4 |              7 |         1.75 |
|  BD_i/zynq_ultra_ps_e_0/inst/pl_clk0 | BD_i/ChaosCoreTop_0/inst/chiptop/system/tile_prci_domain/element_reset_domain_ChaosCore_tile/core/frontend/instruction_queue/ram/ram_ext/mem_0_0/interrupt_reg_0[0]                                          | BD_i/ChaosCoreTop_0/inst/chiptop/system/chipyard_prcictrl_domain/resetSynchronizer/nodeOut_member_allClocks_uncore_reset_catcher/io_sync_reset_chain/output_chain/sync_0_reg_0                |                3 |              7 |         2.33 |
|  BD_i/zynq_ultra_ps_e_0/inst/pl_clk0 | BD_i/ChaosCoreTop_0/inst/chiptop/system/tile_prci_domain/element_reset_domain_ChaosCore_tile/core/frontend/instruction_queue/ram/ram_ext/mem_0_0/interrupt_reg[0]                                            | BD_i/ChaosCoreTop_0/inst/chiptop/system/chipyard_prcictrl_domain/resetSynchronizer/nodeOut_member_allClocks_uncore_reset_catcher/io_sync_reset_chain/output_chain/sync_0_reg_0                |                4 |              7 |         1.75 |
|  BD_i/zynq_ultra_ps_e_0/inst/pl_clk0 | BD_i/ChaosCoreTop_0/inst/chiptop/system/tile_prci_domain/element_reset_domain_ChaosCore_tile/core/frontend/instruction_queue/ram/ram_ext/mem_0_0/clock_uncore_16[0]                                          | BD_i/ChaosCoreTop_0/inst/chiptop/system/chipyard_prcictrl_domain/resetSynchronizer/nodeOut_member_allClocks_uncore_reset_catcher/io_sync_reset_chain/output_chain/sync_0_reg_0                |                2 |              7 |         3.50 |
|  BD_i/zynq_ultra_ps_e_0/inst/pl_clk0 | BD_i/ChaosCoreTop_0/inst/chiptop/system/tile_prci_domain/element_reset_domain_ChaosCore_tile/core/frontend/instruction_queue/ram/ram_ext/mem_0_0/E[0]                                                        | BD_i/ChaosCoreTop_0/inst/chiptop/system/chipyard_prcictrl_domain/resetSynchronizer/nodeOut_member_allClocks_uncore_reset_catcher/io_sync_reset_chain/output_chain/sync_0_reg_0                |                6 |              7 |         1.17 |
|  BD_i/zynq_ultra_ps_e_0/inst/pl_clk0 | BD_i/axi_smc/inst/m00_exit_pipeline/m00_exit/inst/splitter_inst/gen_axi4lite.axilite_conv/aw_addr[8]_i_1_n_0                                                                                                 | BD_i/axi_smc/inst/m00_exit_pipeline/m00_exit/inst/areset                                                                                                                                      |                2 |              7 |         3.50 |
|  BD_i/zynq_ultra_ps_e_0/inst/pl_clk0 | BD_i/ChaosCoreTop_0/inst/chiptop/system/tile_prci_domain/element_reset_domain_ChaosCore_tile/core/frontend/instruction_queue/ram/ram_ext/mem_0_0/interrupt_reg_21[0]                                         | BD_i/ChaosCoreTop_0/inst/chiptop/system/chipyard_prcictrl_domain/resetSynchronizer/nodeOut_member_allClocks_uncore_reset_catcher/io_sync_reset_chain/output_chain/sync_0_reg_0                |                2 |              7 |         3.50 |
|  BD_i/zynq_ultra_ps_e_0/inst/pl_clk0 | BD_i/axi_smc/inst/m00_exit_pipeline/m00_exit/inst/splitter_inst/gen_axi4lite.axilite_conv/ar_addr_d[8]_i_1_n_0                                                                                               | BD_i/axi_smc/inst/m00_exit_pipeline/m00_exit/inst/areset                                                                                                                                      |                2 |              7 |         3.50 |
|  BD_i/zynq_ultra_ps_e_0/inst/pl_clk0 | BD_i/ChaosCoreTop_0/inst/chiptop/system/tile_prci_domain/element_reset_domain_ChaosCore_tile/core/frontend/instruction_queue/ram/ram_ext/mem_0_0/interrupt_reg_32[0]                                         | BD_i/ChaosCoreTop_0/inst/chiptop/system/chipyard_prcictrl_domain/resetSynchronizer/nodeOut_member_allClocks_uncore_reset_catcher/io_sync_reset_chain/output_chain/sync_0_reg_0                |                5 |              7 |         1.40 |
|  BD_i/zynq_ultra_ps_e_0/inst/pl_clk0 | BD_i/ChaosCoreTop_0/inst/chiptop/system/tile_prci_domain/element_reset_domain_ChaosCore_tile/core/frontend/instruction_queue/ram/ram_ext/mem_0_0/interrupt_reg_31[0]                                         | BD_i/ChaosCoreTop_0/inst/chiptop/system/chipyard_prcictrl_domain/resetSynchronizer/nodeOut_member_allClocks_uncore_reset_catcher/io_sync_reset_chain/output_chain/sync_0_reg_0                |                2 |              7 |         3.50 |
|  BD_i/zynq_ultra_ps_e_0/inst/pl_clk0 | BD_i/ChaosCoreTop_0/inst/chiptop/system/tile_prci_domain/element_reset_domain_ChaosCore_tile/core/frontend/instruction_queue/ram/ram_ext/mem_0_0/interrupt_reg_30[0]                                         | BD_i/ChaosCoreTop_0/inst/chiptop/system/chipyard_prcictrl_domain/resetSynchronizer/nodeOut_member_allClocks_uncore_reset_catcher/io_sync_reset_chain/output_chain/sync_0_reg_0                |                3 |              7 |         2.33 |
|  BD_i/zynq_ultra_ps_e_0/inst/pl_clk0 | BD_i/axi_smc/inst/s00_entry_pipeline/s00_si_converter/inst/gen_normal.splitter_inst/gen_wsplitter.w_split_fifo/gen_srls[6].srl_nx1/shift_qual                                                                |                                                                                                                                                                                               |                1 |              7 |         7.00 |
|  BD_i/zynq_ultra_ps_e_0/inst/pl_clk0 | BD_i/axi_smc/inst/s00_entry_pipeline/s00_si_converter/inst/gen_normal.splitter_inst/gen_wsplitter.w_split_fifo/gen_pipelined.mesg_reg                                                                        |                                                                                                                                                                                               |                2 |              7 |         3.50 |
|  BD_i/zynq_ultra_ps_e_0/inst/pl_clk0 | BD_i/ChaosCoreTop_0/inst/chiptop/system/tile_prci_domain/element_reset_domain_ChaosCore_tile/core/frontend/instruction_queue/ram/ram_ext/mem_0_0/interrupt_reg_27[0]                                         | BD_i/ChaosCoreTop_0/inst/chiptop/system/chipyard_prcictrl_domain/resetSynchronizer/nodeOut_member_allClocks_uncore_reset_catcher/io_sync_reset_chain/output_chain/sync_0_reg_0                |                4 |              7 |         1.75 |
|  BD_i/zynq_ultra_ps_e_0/inst/pl_clk0 | BD_i/ChaosCoreTop_0/inst/chiptop/system/tile_prci_domain/element_reset_domain_ChaosCore_tile/core/frontend/instruction_queue/ram/ram_ext/mem_0_0/interrupt_reg_28[0]                                         | BD_i/ChaosCoreTop_0/inst/chiptop/system/chipyard_prcictrl_domain/resetSynchronizer/nodeOut_member_allClocks_uncore_reset_catcher/io_sync_reset_chain/output_chain/sync_0_reg_0                |                2 |              7 |         3.50 |
|  BD_i/zynq_ultra_ps_e_0/inst/pl_clk0 | BD_i/ChaosCoreTop_0/inst/chiptop/system/tile_prci_domain/element_reset_domain_ChaosCore_tile/core/frontend/instruction_queue/ram/ram_ext/mem_0_0/interrupt_reg_3[0]                                          | BD_i/ChaosCoreTop_0/inst/chiptop/system/chipyard_prcictrl_domain/resetSynchronizer/nodeOut_member_allClocks_uncore_reset_catcher/io_sync_reset_chain/output_chain/sync_0_reg_0                |                4 |              7 |         1.75 |
|  BD_i/zynq_ultra_ps_e_0/inst/pl_clk0 | BD_i/ChaosCoreTop_0/inst/chiptop/system/tile_prci_domain/element_reset_domain_ChaosCore_tile/core/frontend/instruction_queue/ram/ram_ext/mem_0_0/interrupt_reg_29[0]                                         | BD_i/ChaosCoreTop_0/inst/chiptop/system/chipyard_prcictrl_domain/resetSynchronizer/nodeOut_member_allClocks_uncore_reset_catcher/io_sync_reset_chain/output_chain/sync_0_reg_0                |                3 |              7 |         2.33 |
|  BD_i/zynq_ultra_ps_e_0/inst/pl_clk0 | BD_i/ChaosCoreTop_0/inst/chiptop/system/tile_prci_domain/element_reset_domain_ChaosCore_tile/core/frontend/instruction_queue/ram/ram_ext/mem_0_0/interrupt_reg_18[0]                                         | BD_i/ChaosCoreTop_0/inst/chiptop/system/chipyard_prcictrl_domain/resetSynchronizer/nodeOut_member_allClocks_uncore_reset_catcher/io_sync_reset_chain/output_chain/sync_0_reg_0                |                2 |              7 |         3.50 |
|  BD_i/zynq_ultra_ps_e_0/inst/pl_clk0 | BD_i/ChaosCoreTop_0/inst/chiptop/system/tile_prci_domain/element_reset_domain_ChaosCore_tile/core/frontend/instruction_queue/ram/ram_ext/mem_0_0/interrupt_reg_24[0]                                         | BD_i/ChaosCoreTop_0/inst/chiptop/system/chipyard_prcictrl_domain/resetSynchronizer/nodeOut_member_allClocks_uncore_reset_catcher/io_sync_reset_chain/output_chain/sync_0_reg_0                |                4 |              7 |         1.75 |
|  BD_i/zynq_ultra_ps_e_0/inst/pl_clk0 | BD_i/ChaosCoreTop_0/inst/chiptop/system/tile_prci_domain/element_reset_domain_ChaosCore_tile/core/frontend/instruction_queue/ram/ram_ext/mem_0_0/interrupt_reg_22[0]                                         | BD_i/ChaosCoreTop_0/inst/chiptop/system/chipyard_prcictrl_domain/resetSynchronizer/nodeOut_member_allClocks_uncore_reset_catcher/io_sync_reset_chain/output_chain/sync_0_reg_0                |                3 |              7 |         2.33 |
|  BD_i/zynq_ultra_ps_e_0/inst/pl_clk0 | BD_i/ChaosCoreTop_0/inst/chiptop/system/tile_prci_domain/element_reset_domain_ChaosCore_tile/core/frontend/instruction_queue/ram/ram_ext/mem_0_0/interrupt_reg_17[0]                                         | BD_i/ChaosCoreTop_0/inst/chiptop/system/chipyard_prcictrl_domain/resetSynchronizer/nodeOut_member_allClocks_uncore_reset_catcher/io_sync_reset_chain/output_chain/sync_0_reg_0                |                6 |              7 |         1.17 |
|  BD_i/zynq_ultra_ps_e_0/inst/pl_clk0 | BD_i/ChaosCoreTop_0/inst/chiptop/system/tile_prci_domain/element_reset_domain_ChaosCore_tile/core/frontend/instruction_queue/ram/ram_ext/mem_0_0/interrupt_reg_2[0]                                          | BD_i/ChaosCoreTop_0/inst/chiptop/system/chipyard_prcictrl_domain/resetSynchronizer/nodeOut_member_allClocks_uncore_reset_catcher/io_sync_reset_chain/output_chain/sync_0_reg_0                |                5 |              7 |         1.40 |
|  BD_i/zynq_ultra_ps_e_0/inst/pl_clk0 | BD_i/ChaosCoreTop_0/inst/chiptop/system/tile_prci_domain/element_reset_domain_ChaosCore_tile/core/frontend/instruction_queue/ram/ram_ext/mem_0_0/interrupt_reg_16[0]                                         | BD_i/ChaosCoreTop_0/inst/chiptop/system/chipyard_prcictrl_domain/resetSynchronizer/nodeOut_member_allClocks_uncore_reset_catcher/io_sync_reset_chain/output_chain/sync_0_reg_0                |                2 |              7 |         3.50 |
|  BD_i/zynq_ultra_ps_e_0/inst/pl_clk0 | BD_i/ChaosCoreTop_0/inst/chiptop/system/tile_prci_domain/element_reset_domain_ChaosCore_tile/core/frontend/instruction_queue/ram/ram_ext/mem_0_0/interrupt_reg_23[0]                                         | BD_i/ChaosCoreTop_0/inst/chiptop/system/chipyard_prcictrl_domain/resetSynchronizer/nodeOut_member_allClocks_uncore_reset_catcher/io_sync_reset_chain/output_chain/sync_0_reg_0                |                3 |              7 |         2.33 |
|  BD_i/zynq_ultra_ps_e_0/inst/pl_clk0 | BD_i/ChaosCoreTop_0/inst/chiptop/system/tile_prci_domain/element_reset_domain_ChaosCore_tile/core/frontend/instruction_queue/ram/ram_ext/mem_0_0/interrupt_reg_25[0]                                         | BD_i/ChaosCoreTop_0/inst/chiptop/system/chipyard_prcictrl_domain/resetSynchronizer/nodeOut_member_allClocks_uncore_reset_catcher/io_sync_reset_chain/output_chain/sync_0_reg_0                |                2 |              7 |         3.50 |
|  BD_i/zynq_ultra_ps_e_0/inst/pl_clk0 | BD_i/ChaosCoreTop_0/inst/chiptop/system/tile_prci_domain/element_reset_domain_ChaosCore_tile/core/frontend/instruction_queue/ram/ram_ext/mem_0_0/interrupt_reg_20[0]                                         | BD_i/ChaosCoreTop_0/inst/chiptop/system/chipyard_prcictrl_domain/resetSynchronizer/nodeOut_member_allClocks_uncore_reset_catcher/io_sync_reset_chain/output_chain/sync_0_reg_0                |                2 |              7 |         3.50 |
|  BD_i/zynq_ultra_ps_e_0/inst/pl_clk0 | BD_i/ChaosCoreTop_0/inst/chiptop/system/tile_prci_domain/element_reset_domain_ChaosCore_tile/core/frontend/instruction_queue/ram/ram_ext/mem_0_0/interrupt_reg_19[0]                                         | BD_i/ChaosCoreTop_0/inst/chiptop/system/chipyard_prcictrl_domain/resetSynchronizer/nodeOut_member_allClocks_uncore_reset_catcher/io_sync_reset_chain/output_chain/sync_0_reg_0                |                3 |              7 |         2.33 |
|  BD_i/zynq_ultra_ps_e_0/inst/pl_clk0 | BD_i/ChaosCoreTop_0/inst/chiptop/system/tile_prci_domain/element_reset_domain_ChaosCore_tile/core/frontend/instruction_queue/ram/ram_ext/mem_0_0/interrupt_reg_26[0]                                         | BD_i/ChaosCoreTop_0/inst/chiptop/system/chipyard_prcictrl_domain/resetSynchronizer/nodeOut_member_allClocks_uncore_reset_catcher/io_sync_reset_chain/output_chain/sync_0_reg_0                |                3 |              7 |         2.33 |
|  BD_i/zynq_ultra_ps_e_0/inst/pl_clk0 | BD_i/ChaosCoreTop_0/inst/chiptop/system/tile_prci_domain/element_reset_domain_ChaosCore_tile/core/frontend/instruction_queue/ram/ram_ext/mem_0_0/interrupt_reg_15[0]                                         | BD_i/ChaosCoreTop_0/inst/chiptop/system/chipyard_prcictrl_domain/resetSynchronizer/nodeOut_member_allClocks_uncore_reset_catcher/io_sync_reset_chain/output_chain/sync_0_reg_0                |                2 |              7 |         3.50 |
|  BD_i/zynq_ultra_ps_e_0/inst/pl_clk0 | BD_i/ChaosCoreTop_0/inst/chiptop/system/cbus/buffer/nodeOut_a_q/ram_ext/full_reg_3[4]                                                                                                                        | BD_i/ChaosCoreTop_0/inst/chiptop/system/chipyard_prcictrl_domain/resetSynchronizer/nodeOut_member_allClocks_uncore_reset_catcher/io_sync_reset_chain/output_chain/sync_0_reg_0                |                2 |              8 |         4.00 |
|  BD_i/zynq_ultra_ps_e_0/inst/pl_clk0 | BD_i/ChaosCoreTop_0/inst/chiptop/system/sbus/coupler_to_port_named_mmio_port_axi4/axi4buf/nodeIn_b_deq_q/ram_ext/do_enq                                                                                      |                                                                                                                                                                                               |                1 |              8 |         8.00 |
|  BD_i/zynq_ultra_ps_e_0/inst/pl_clk0 | BD_i/axi_smc/inst/s00_entry_pipeline/s00_mmu/inst/gen_endpoint.decerr_slave_inst/gen_axi.gen_read.read_cnt[7]_i_1_n_0                                                                                        | BD_i/axi_smc/inst/s00_entry_pipeline/s00_mmu/inst/areset                                                                                                                                      |                2 |              8 |         4.00 |
|  BD_i/zynq_ultra_ps_e_0/inst/pl_clk0 | BD_i/axi_smc/inst/s00_entry_pipeline/s00_si_converter/inst/gen_normal.splitter_inst/ar_cmd_reg/state_reg[m_valid_i]_1[0]                                                                                     |                                                                                                                                                                                               |                2 |              8 |         4.00 |
|  BD_i/zynq_ultra_ps_e_0/inst/pl_clk0 | BD_i/axi_smc/inst/s00_entry_pipeline/s00_si_converter/inst/gen_normal.splitter_inst/aw_cmd_reg/state_reg[m_valid_i]_1[0]                                                                                     |                                                                                                                                                                                               |                4 |              8 |         2.00 |
|  BD_i/zynq_ultra_ps_e_0/inst/pl_clk0 | BD_i/smartconnect_0/inst/s01_entry_pipeline/s01_si_converter/inst/converter.wrap_narrow_inst/gen_thread_loop[0].r_cmd_fifo/gen_thread_loop[0].r_word_cnt_reg[0][6][0]                                        | BD_i/smartconnect_0/inst/s01_entry_pipeline/s01_si_converter/inst/areset                                                                                                                      |                3 |              8 |         2.67 |
|  BD_i/zynq_ultra_ps_e_0/inst/pl_clk0 | BD_i/ChaosCoreTop_0/inst/chiptop/system/cbus/buffer/nodeOut_a_q/ram_ext/full_reg_3[1]                                                                                                                        | BD_i/ChaosCoreTop_0/inst/chiptop/system/chipyard_prcictrl_domain/resetSynchronizer/nodeOut_member_allClocks_uncore_reset_catcher/io_sync_reset_chain/output_chain/sync_0_reg_0                |                3 |              8 |         2.67 |
|  BD_i/zynq_ultra_ps_e_0/inst/pl_clk0 | BD_i/ChaosCoreTop_0/inst/chiptop/system/cbus/buffer/nodeOut_a_q/ram_ext/full_reg_3[2]                                                                                                                        | BD_i/ChaosCoreTop_0/inst/chiptop/system/chipyard_prcictrl_domain/resetSynchronizer/nodeOut_member_allClocks_uncore_reset_catcher/io_sync_reset_chain/output_chain/sync_0_reg_0                |                3 |              8 |         2.67 |
|  BD_i/zynq_ultra_ps_e_0/inst/pl_clk0 | BD_i/ChaosCoreTop_0/inst/chiptop/system/cbus/wrapped_error_device/buffer/nodeIn_d_q/wrap_1_reg_0[0]                                                                                                          | BD_i/ChaosCoreTop_0/inst/chiptop/system/chipyard_prcictrl_domain/resetSynchronizer/nodeOut_member_allClocks_uncore_reset_catcher/io_sync_reset_chain/output_chain/sync_0_reg_0                |                2 |              8 |         4.00 |
|  BD_i/zynq_ultra_ps_e_0/inst/pl_clk0 |                                                                                                                                                                                                              | BD_i/smartconnect_0/inst/s00_entry_pipeline/s00_mmu/inst/areset                                                                                                                               |                6 |              8 |         1.33 |
|  BD_i/zynq_ultra_ps_e_0/inst/pl_clk0 | BD_i/ChaosCoreTop_0/inst/chiptop/system/cbus/buffer/nodeOut_a_q/ram_ext/full_reg_3[0]                                                                                                                        | BD_i/ChaosCoreTop_0/inst/chiptop/system/chipyard_prcictrl_domain/resetSynchronizer/nodeOut_member_allClocks_uncore_reset_catcher/io_sync_reset_chain/output_chain/sync_0_reg_0                |                4 |              8 |         2.00 |
|  BD_i/zynq_ultra_ps_e_0/inst/pl_clk0 | BD_i/axi_smc/inst/m01_exit_pipeline/m01_exit/inst/splitter_inst/gen_axi4lite.axilite_conv/r_beats[7]_i_1_n_0                                                                                                 | BD_i/axi_smc/inst/m01_exit_pipeline/m01_exit/inst/areset                                                                                                                                      |                2 |              8 |         4.00 |
|  BD_i/zynq_ultra_ps_e_0/inst/pl_clk0 | BD_i/axi_smc/inst/m01_exit_pipeline/m01_exit/inst/splitter_inst/gen_axi4lite.axilite_conv/ar_cnt[7]_i_1_n_0                                                                                                  | BD_i/axi_smc/inst/m01_exit_pipeline/m01_exit/inst/areset                                                                                                                                      |                2 |              8 |         4.00 |
|  BD_i/zynq_ultra_ps_e_0/inst/pl_clk0 | BD_i/ChaosCoreTop_0/inst/chiptop/system/cbus/buffer/nodeOut_a_q/ram_ext/full_reg_3[3]                                                                                                                        | BD_i/ChaosCoreTop_0/inst/chiptop/system/chipyard_prcictrl_domain/resetSynchronizer/nodeOut_member_allClocks_uncore_reset_catcher/io_sync_reset_chain/output_chain/sync_0_reg_0                |                6 |              8 |         1.33 |
|  BD_i/zynq_ultra_ps_e_0/inst/pl_clk0 | BD_i/ChaosCoreTop_0/inst/chiptop/system/coh_wrapper/l2/inclusive_cache_bank_sched/sinkC/putbuffer/next_ext/p_4_in                                                                                            |                                                                                                                                                                                               |                1 |              8 |         8.00 |
|  BD_i/zynq_ultra_ps_e_0/inst/pl_clk0 | BD_i/ChaosCoreTop_0/inst/chiptop/system/cbus/buffer/nodeOut_a_q/ram_ext/full_reg_3[7]                                                                                                                        | BD_i/ChaosCoreTop_0/inst/chiptop/system/chipyard_prcictrl_domain/resetSynchronizer/nodeOut_member_allClocks_uncore_reset_catcher/io_sync_reset_chain/output_chain/sync_0_reg_0                |                4 |              8 |         2.00 |
|  BD_i/zynq_ultra_ps_e_0/inst/pl_clk0 | BD_i/ChaosCoreTop_0/inst/chiptop/system/cbus/buffer/nodeOut_a_q/ram_ext/full_reg_3[5]                                                                                                                        | BD_i/ChaosCoreTop_0/inst/chiptop/system/chipyard_prcictrl_domain/resetSynchronizer/nodeOut_member_allClocks_uncore_reset_catcher/io_sync_reset_chain/output_chain/sync_0_reg_0                |                3 |              8 |         2.67 |
|  BD_i/zynq_ultra_ps_e_0/inst/pl_clk0 | BD_i/ChaosCoreTop_0/inst/chiptop/system/cbus/buffer/nodeOut_a_q/ram_ext/full_reg_3[6]                                                                                                                        | BD_i/ChaosCoreTop_0/inst/chiptop/system/chipyard_prcictrl_domain/resetSynchronizer/nodeOut_member_allClocks_uncore_reset_catcher/io_sync_reset_chain/output_chain/sync_0_reg_0                |                4 |              8 |         2.00 |
|  BD_i/zynq_ultra_ps_e_0/inst/pl_clk0 | BD_i/smartconnect_0/inst/s00_entry_pipeline/s00_si_converter/inst/converter.wrap_narrow_inst/w_cmd_fifo/E[0]                                                                                                 | BD_i/smartconnect_0/inst/s00_entry_pipeline/s00_si_converter/inst/areset                                                                                                                      |                2 |              8 |         4.00 |
|  BD_i/zynq_ultra_ps_e_0/inst/pl_clk0 | BD_i/smartconnect_0/inst/s00_entry_pipeline/s00_si_converter/inst/converter.wrap_narrow_inst/gen_thread_loop[0].r_cmd_fifo/gen_thread_loop[0].r_word_cnt_reg[0][6][0]                                        | BD_i/smartconnect_0/inst/s00_entry_pipeline/s00_si_converter/inst/areset                                                                                                                      |                3 |              8 |         2.67 |
|  BD_i/zynq_ultra_ps_e_0/inst/pl_clk0 | BD_i/axi_smc/inst/s01_entry_pipeline/s01_si_converter/inst/converter.wrap_narrow_inst/gen_thread_loop[0].r_payld_fifo/E[0]                                                                                   | BD_i/axi_smc/inst/s01_entry_pipeline/s01_si_converter/inst/areset                                                                                                                             |                3 |              8 |         2.67 |
|  BD_i/zynq_ultra_ps_e_0/inst/pl_clk0 | BD_i/ChaosCoreTop_0/inst/chiptop/system/cbus/coupler_to_clint/fragmenter/repeater/full_reg_4[2]                                                                                                              |                                                                                                                                                                                               |                4 |              8 |         2.00 |
|  BD_i/zynq_ultra_ps_e_0/inst/pl_clk0 | BD_i/axi_smc/inst/m00_exit_pipeline/m00_exit/inst/splitter_inst/gen_axi4lite.axilite_conv/r_beats[7]_i_1_n_0                                                                                                 | BD_i/axi_smc/inst/m00_exit_pipeline/m00_exit/inst/areset                                                                                                                                      |                2 |              8 |         4.00 |
|  BD_i/zynq_ultra_ps_e_0/inst/pl_clk0 | BD_i/axi_smc/inst/m00_exit_pipeline/m00_exit/inst/splitter_inst/gen_axi4lite.axilite_conv/ar_cnt[7]_i_1_n_0                                                                                                  | BD_i/axi_smc/inst/m00_exit_pipeline/m00_exit/inst/areset                                                                                                                                      |                2 |              8 |         4.00 |
|  BD_i/zynq_ultra_ps_e_0/inst/pl_clk0 | BD_i/axi_smc/inst/s01_entry_pipeline/s01_si_converter/inst/converter.wrap_narrow_inst/w_cmd_fifo/gen_srls[8].srl_nx1/shift_qual                                                                              |                                                                                                                                                                                               |                1 |              8 |         8.00 |
|  BD_i/zynq_ultra_ps_e_0/inst/pl_clk0 | BD_i/ChaosCoreTop_0/inst/chiptop/system/cbus/coupler_to_clint/fragmenter/repeater/full_reg_4[3]                                                                                                              |                                                                                                                                                                                               |                3 |              8 |         2.67 |
|  BD_i/zynq_ultra_ps_e_0/inst/pl_clk0 | BD_i/ChaosCoreTop_0/inst/chiptop/system/uartClockDomainWrapper/uart_0/rxm/data_count_1                                                                                                                       | BD_i/ChaosCoreTop_0/inst/chiptop/system/uartClockDomainWrapper/uart_0/rxm/data_count[3]_i_1_n_0                                                                                               |                1 |              8 |         8.00 |
|  BD_i/zynq_ultra_ps_e_0/inst/pl_clk0 | BD_i/axi_smc/inst/s01_entry_pipeline/s01_si_converter/inst/converter.wrap_narrow_inst/w_cmd_fifo/gen_pipelined.mesg_reg                                                                                      |                                                                                                                                                                                               |                2 |              8 |         4.00 |
|  BD_i/zynq_ultra_ps_e_0/inst/pl_clk0 | BD_i/axi_smc/inst/s01_entry_pipeline/s01_si_converter/inst/converter.wrap_narrow_inst/w_cmd_fifo/E[0]                                                                                                        | BD_i/axi_smc/inst/s01_entry_pipeline/s01_si_converter/inst/areset                                                                                                                             |                2 |              8 |         4.00 |
|  BD_i/zynq_ultra_ps_e_0/inst/pl_clk0 | BD_i/smartconnect_0/inst/s01_entry_pipeline/s01_mmu/inst/gen_endpoint.decerr_slave_inst/gen_axi.gen_read.read_cnt[7]_i_1_n_0                                                                                 | BD_i/smartconnect_0/inst/s01_entry_pipeline/s01_mmu/inst/areset                                                                                                                               |                2 |              8 |         4.00 |
|  BD_i/zynq_ultra_ps_e_0/inst/pl_clk0 | BD_i/axi_smc/inst/s00_entry_pipeline/s00_si_converter/inst/converter.wrap_narrow_inst/w_cmd_fifo/E[0]                                                                                                        | BD_i/axi_smc/inst/s00_entry_pipeline/s00_si_converter/inst/areset                                                                                                                             |                4 |              8 |         2.00 |
|  BD_i/zynq_ultra_ps_e_0/inst/pl_clk0 | BD_i/ChaosCoreTop_0/inst/chiptop/system/cbus/coupler_to_clint/fragmenter/repeater/full_reg_4[1]                                                                                                              |                                                                                                                                                                                               |                4 |              8 |         2.00 |
|  BD_i/zynq_ultra_ps_e_0/inst/pl_clk0 | BD_i/smartconnect_0/inst/s01_entry_pipeline/s01_si_converter/inst/converter.wrap_narrow_inst/w_cmd_fifo/E[0]                                                                                                 | BD_i/smartconnect_0/inst/s01_entry_pipeline/s01_si_converter/inst/areset                                                                                                                      |                3 |              8 |         2.67 |
|  BD_i/zynq_ultra_ps_e_0/inst/pl_clk0 | BD_i/ChaosCoreTop_0/inst/chiptop/system/cbus/coupler_to_clint/fragmenter/repeater/full_reg_4[0]                                                                                                              |                                                                                                                                                                                               |                4 |              8 |         2.00 |
|  BD_i/zynq_ultra_ps_e_0/inst/pl_clk0 | BD_i/smartconnect_0/inst/s00_nodes/s00_b_node/inst/inst_mi_handler/gen_normal_area.inst_fifo_node_payld/gen_xpm_memory_fifo.inst_fifo/gen_mem_rep[0].inst_rd_addrb/rd_addrb_incr                             | BD_i/smartconnect_0/inst/s00_nodes/s00_b_node/inst/inst_mi_handler/m_sc_areset_r                                                                                                              |                3 |              8 |         2.67 |
|  BD_i/zynq_ultra_ps_e_0/inst/pl_clk0 | BD_i/ChaosCoreTop_0/inst/chiptop/system/cbus/coupler_to_clint/fragmenter/repeater/full_reg_4[7]                                                                                                              |                                                                                                                                                                                               |                4 |              8 |         2.00 |
|  BD_i/zynq_ultra_ps_e_0/inst/pl_clk0 | BD_i/ChaosCoreTop_0/inst/chiptop/system/cbus/coupler_to_clint/fragmenter/repeater/full_reg_4[4]                                                                                                              |                                                                                                                                                                                               |                1 |              8 |         8.00 |
|  BD_i/zynq_ultra_ps_e_0/inst/pl_clk0 | BD_i/ChaosCoreTop_0/inst/chiptop/system/cbus/coupler_to_clint/fragmenter/repeater/full_reg_4[5]                                                                                                              |                                                                                                                                                                                               |                3 |              8 |         2.67 |
|  BD_i/zynq_ultra_ps_e_0/inst/pl_clk0 | BD_i/ChaosCoreTop_0/inst/chiptop/system/cbus/coupler_to_clint/fragmenter/repeater/full_reg_4[6]                                                                                                              |                                                                                                                                                                                               |                2 |              8 |         4.00 |
|  BD_i/zynq_ultra_ps_e_0/inst/pl_clk0 |                                                                                                                                                                                                              | BD_i/ChaosCoreTop_0/inst/chiptop/system/tile_prci_domain/element_reset_domain_ChaosCore_tile/core/backend/execution_engine/INT_FUs_2/ALU/FU_output/ram_ext/ram_reg_0_63_0_6_i_10__1_0         |                8 |              8 |         1.00 |
|  BD_i/zynq_ultra_ps_e_0/inst/pl_clk0 | BD_i/ChaosCoreTop_0/inst/chiptop/system/tile_prci_domain/element_reset_domain_ChaosCore_tile/dcache/wb/req_way_en_reg[6]_0                                                                                   |                                                                                                                                                                                               |                6 |              8 |         1.33 |
|  BD_i/zynq_ultra_ps_e_0/inst/pl_clk0 | BD_i/ChaosCoreTop_0/inst/chiptop/system/tile_prci_domain/buffer/nodeIn_d_q/ram_ext/s3_valid_reg_1                                                                                                            | BD_i/ChaosCoreTop_0/inst/chiptop/system/chipyard_prcictrl_domain/resetSynchronizer/nodeOut_member_allClocks_uncore_reset_catcher/io_sync_reset_chain/output_chain/sync_0_reg_0                |                3 |              8 |         2.67 |
|  BD_i/zynq_ultra_ps_e_0/inst/pl_clk0 | BD_i/ChaosCoreTop_0/inst/chiptop/system/pbus/coupler_to_bootaddressreg/fragmenter/repeater/E[2]                                                                                                              | BD_i/ChaosCoreTop_0/inst/chiptop/system/chipyard_prcictrl_domain/resetSynchronizer/nodeOut_member_allClocks_uncore_reset_catcher/io_sync_reset_chain/output_chain/sync_0_reg_0                |                2 |              8 |         4.00 |
|  BD_i/zynq_ultra_ps_e_0/inst/pl_clk0 | BD_i/ChaosCoreTop_0/inst/chiptop/system/pbus/coupler_to_bootaddressreg/fragmenter/repeater/E[3]                                                                                                              | BD_i/ChaosCoreTop_0/inst/chiptop/system/chipyard_prcictrl_domain/resetSynchronizer/nodeOut_member_allClocks_uncore_reset_catcher/io_sync_reset_chain/output_chain/sync_0_reg_0                |                3 |              8 |         2.67 |
|  BD_i/zynq_ultra_ps_e_0/inst/pl_clk0 | BD_i/ChaosCoreTop_0/inst/chiptop/system/pbus/coupler_to_bootaddressreg/fragmenter/repeater/E[1]                                                                                                              | BD_i/ChaosCoreTop_0/inst/chiptop/system/chipyard_prcictrl_domain/resetSynchronizer/nodeOut_member_allClocks_uncore_reset_catcher/io_sync_reset_chain/output_chain/sync_0_reg_0                |                2 |              8 |         4.00 |
|  BD_i/zynq_ultra_ps_e_0/inst/pl_clk0 | BD_i/ChaosCoreTop_0/inst/chiptop/system/tile_prci_domain/buffer/nodeIn_d_q/ram_ext/s3_valid_reg_0                                                                                                            | BD_i/ChaosCoreTop_0/inst/chiptop/system/chipyard_prcictrl_domain/resetSynchronizer/nodeOut_member_allClocks_uncore_reset_catcher/io_sync_reset_chain/output_chain/sync_0_reg_0                |                5 |              8 |         1.60 |
|  BD_i/zynq_ultra_ps_e_0/inst/pl_clk0 | BD_i/ChaosCoreTop_0/inst/chiptop/system/tile_prci_domain/element_reset_domain_ChaosCore_tile/core/frontend/instruction_fetch/BTB/mem/mem_ext/mem_0_0/ram_RW_0_r_addr_pipe_00_4                               |                                                                                                                                                                                               |                5 |              8 |         1.60 |
|  BD_i/zynq_ultra_ps_e_0/inst/pl_clk0 | BD_i/ChaosCoreTop_0/inst/chiptop/system/tile_prci_domain/element_reset_domain_ChaosCore_tile/dcache/wb/req_way_en_reg[2]_0                                                                                   |                                                                                                                                                                                               |                6 |              8 |         1.33 |
|  BD_i/zynq_ultra_ps_e_0/inst/pl_clk0 | BD_i/ChaosCoreTop_0/inst/chiptop/system/pbus/coupler_to_bootaddressreg/fragmenter/repeater/E[0]                                                                                                              | BD_i/ChaosCoreTop_0/inst/chiptop/system/chipyard_prcictrl_domain/resetSynchronizer/nodeOut_member_allClocks_uncore_reset_catcher/io_sync_reset_chain/output_chain/sync_0_reg_0                |                5 |              8 |         1.60 |
|  BD_i/zynq_ultra_ps_e_0/inst/pl_clk0 |                                                                                                                                                                                                              | BD_i/ChaosCoreTop_0/inst/chiptop/system/tile_prci_domain/element_reset_domain_ChaosCore_tile/core/backend/execution_engine/INT_FUs_1/div/FU_output/ram_reg_0_63_0_6_i_23__0_0                 |                8 |              8 |         1.00 |
|  BD_i/zynq_ultra_ps_e_0/inst/pl_clk0 | BD_i/ChaosCoreTop_0/inst/chiptop/system/pbus/coupler_to_bootaddressreg/fragmenter/repeater/E[4]                                                                                                              | BD_i/ChaosCoreTop_0/inst/chiptop/system/chipyard_prcictrl_domain/resetSynchronizer/nodeOut_member_allClocks_uncore_reset_catcher/io_sync_reset_chain/output_chain/sync_0_reg_0                |                2 |              8 |         4.00 |
|  BD_i/zynq_ultra_ps_e_0/inst/pl_clk0 | BD_i/ChaosCoreTop_0/inst/chiptop/system/tile_prci_domain/element_reset_domain_ChaosCore_tile/core/frontend/instruction_fetch/BTB/mem/mem_ext/mem_0_0/ram_RW_0_r_addr_pipe_00_3                               |                                                                                                                                                                                               |                3 |              8 |         2.67 |
|  BD_i/zynq_ultra_ps_e_0/inst/pl_clk0 | BD_i/ChaosCoreTop_0/inst/chiptop/system/cbus/buffer/nodeOut_a_q/ram_ext/do_enq_2                                                                                                                             | BD_i/ChaosCoreTop_0/inst/chiptop/system/cbus/coupler_to_l2_ctrl/fragmenter/repeater/full_reg_1                                                                                                |                1 |              8 |         8.00 |
|  BD_i/zynq_ultra_ps_e_0/inst/pl_clk0 | BD_i/ChaosCoreTop_0/inst/chiptop/system/pbus/coupler_to_bootaddressreg/fragmenter/repeater/E[5]                                                                                                              | BD_i/ChaosCoreTop_0/inst/chiptop/system/chipyard_prcictrl_domain/resetSynchronizer/nodeOut_member_allClocks_uncore_reset_catcher/io_sync_reset_chain/output_chain/sync_0_reg_0                |                3 |              8 |         2.67 |
|  BD_i/zynq_ultra_ps_e_0/inst/pl_clk0 | BD_i/ChaosCoreTop_0/inst/chiptop/system/coh_wrapper/l2/inclusive_cache_bank_sched/mshrs_6/do_enq_4                                                                                                           |                                                                                                                                                                                               |                1 |              8 |         8.00 |
|  BD_i/zynq_ultra_ps_e_0/inst/pl_clk0 | BD_i/ChaosCoreTop_0/inst/chiptop/system/tile_prci_domain/element_reset_domain_ChaosCore_tile/core/frontend/instruction_fetch/BTB/mem/mem_ext/mem_0_0/ram_RW_0_r_addr_pipe_00_5                               |                                                                                                                                                                                               |                4 |              8 |         2.00 |
|  BD_i/zynq_ultra_ps_e_0/inst/pl_clk0 | BD_i/ChaosCoreTop_0/inst/chiptop/system/coh_wrapper/l2/inclusive_cache_bank_sched/sinkA/putbuffer/next_ext/p_4_in_1                                                                                          |                                                                                                                                                                                               |                1 |              8 |         8.00 |
|  BD_i/zynq_ultra_ps_e_0/inst/pl_clk0 | BD_i/ChaosCoreTop_0/inst/chiptop/system/tile_prci_domain/element_reset_domain_ChaosCore_tile/core/frontend/instruction_fetch/BTB/mem/mem_ext/mem_0_0/ram_RW_0_r_addr_pipe_00_6                               |                                                                                                                                                                                               |                2 |              8 |         4.00 |
|  BD_i/zynq_ultra_ps_e_0/inst/pl_clk0 | BD_i/axi_smc/inst/s00_entry_pipeline/s00_si_converter/inst/converter.wrap_narrow_inst/gen_thread_loop[0].r_payld_fifo/E[0]                                                                                   | BD_i/axi_smc/inst/s00_entry_pipeline/s00_si_converter/inst/areset                                                                                                                             |                4 |              8 |         2.00 |
|  BD_i/zynq_ultra_ps_e_0/inst/pl_clk0 | BD_i/ChaosCoreTop_0/inst/chiptop/system/tile_prci_domain/element_reset_domain_ChaosCore_tile/dcache/mshrs/mshrs_3/rpq/s1_req_dprv                                                                            |                                                                                                                                                                                               |                5 |              8 |         1.60 |
|  BD_i/zynq_ultra_ps_e_0/inst/pl_clk0 |                                                                                                                                                                                                              | BD_i/ChaosCoreTop_0/inst/chiptop/system/tile_prci_domain/element_reset_domain_ChaosCore_tile/core/backend/execution_engine/INT_FUs_0/ALU/FU_output/ram_ext/ram_reg_0_63_0_6_i_10__2_0         |                8 |              8 |         1.00 |
|  BD_i/zynq_ultra_ps_e_0/inst/pl_clk0 | BD_i/smartconnect_0/inst/s00_entry_pipeline/s00_si_converter/inst/gen_normal.splitter_inst/gen_no_wsplitter.gen_endpoint_woffset.gen_wbypass_offset_fifo.wbypass_offset_fifo/gen_srls[13].srl_nx1/shift_qual |                                                                                                                                                                                               |                1 |              8 |         8.00 |
|  BD_i/zynq_ultra_ps_e_0/inst/pl_clk0 | BD_i/smartconnect_0/inst/s00_entry_pipeline/s00_mmu/inst/gen_endpoint.decerr_slave_inst/gen_axi.gen_read.read_cnt[7]_i_1_n_0                                                                                 | BD_i/smartconnect_0/inst/s00_entry_pipeline/s00_mmu/inst/areset                                                                                                                               |                2 |              8 |         4.00 |
|  BD_i/zynq_ultra_ps_e_0/inst/pl_clk0 | BD_i/ChaosCoreTop_0/inst/chiptop/system/pbus/coupler_to_bootaddressreg/fragmenter/repeater/E[7]                                                                                                              | BD_i/ChaosCoreTop_0/inst/chiptop/system/chipyard_prcictrl_domain/resetSynchronizer/nodeOut_member_allClocks_uncore_reset_catcher/io_sync_reset_chain/output_chain/sync_0_reg_0                |                2 |              8 |         4.00 |
|  BD_i/zynq_ultra_ps_e_0/inst/pl_clk0 | BD_i/smartconnect_0/inst/s00_entry_pipeline/s00_si_converter/inst/gen_normal.splitter_inst/gen_no_wsplitter.gen_endpoint_woffset.gen_wbypass_offset_fifo.wbypass_offset_fifo/gen_pipelined.mesg_reg_0        |                                                                                                                                                                                               |                3 |              8 |         2.67 |
|  BD_i/zynq_ultra_ps_e_0/inst/pl_clk0 | BD_i/ChaosCoreTop_0/inst/chiptop/system/pbus/coupler_to_bootaddressreg/fragmenter/repeater/E[6]                                                                                                              | BD_i/ChaosCoreTop_0/inst/chiptop/system/chipyard_prcictrl_domain/resetSynchronizer/nodeOut_member_allClocks_uncore_reset_catcher/io_sync_reset_chain/output_chain/sync_0_reg_0                |                2 |              8 |         4.00 |
|  BD_i/zynq_ultra_ps_e_0/inst/pl_clk0 | BD_i/ChaosCoreTop_0/inst/chiptop/system/coh_wrapper/l2/inclusive_cache_bank_sched/sourceD/s2_valid_pb                                                                                                        | BD_i/ChaosCoreTop_0/inst/chiptop/system/coh_wrapper/l2/inclusive_cache_bank_sched/sourceD/s2_pdata_r_mask[7]_i_1_n_0                                                                          |                3 |              8 |         2.67 |
|  BD_i/zynq_ultra_ps_e_0/inst/pl_clk0 | BD_i/ChaosCoreTop_0/inst/chiptop/system/tile_prci_domain/buffer/nodeIn_d_q/ram_ext/count_reg_0[0]                                                                                                            | BD_i/ChaosCoreTop_0/inst/chiptop/system/chipyard_prcictrl_domain/resetSynchronizer/nodeOut_member_allClocks_uncore_reset_catcher/io_sync_reset_chain/output_chain/sync_0_reg_0                |                5 |              8 |         1.60 |
|  BD_i/zynq_ultra_ps_e_0/inst/pl_clk0 | BD_i/smartconnect_0/inst/m00_nodes/m00_b_node/inst/inst_mi_handler/gen_normal_area.gen_fifo_req.inst_fifo_req/gen_xpm_memory_fifo.inst_fifo/gen_mem_rep[0].inst_rd_addrb/rd_addrb_incr                       | BD_i/smartconnect_0/inst/m00_nodes/m00_b_node/inst/inst_mi_handler/m_sc_areset_r                                                                                                              |                3 |              8 |         2.67 |
|  BD_i/zynq_ultra_ps_e_0/inst/pl_clk0 |                                                                                                                                                                                                              | BD_i/ChaosCoreTop_0/inst/chiptop/system/tile_prci_domain/element_reset_domain_ChaosCore_tile/dcache/mshrs/mmios_0/SR[0]                                                                       |                2 |              8 |         4.00 |
|  BD_i/zynq_ultra_ps_e_0/inst/pl_clk0 | BD_i/axi_smc/inst/s01_entry_pipeline/s01_mmu/inst/gen_endpoint.decerr_slave_inst/gen_axi.gen_read.read_cnt[7]_i_1_n_0                                                                                        | BD_i/axi_smc/inst/s01_entry_pipeline/s01_mmu/inst/areset                                                                                                                                      |                2 |              8 |         4.00 |
|  BD_i/zynq_ultra_ps_e_0/inst/pl_clk0 |                                                                                                                                                                                                              | BD_i/smartconnect_0/inst/s01_entry_pipeline/s01_mmu/inst/areset                                                                                                                               |                5 |              8 |         1.60 |
|  BD_i/zynq_ultra_ps_e_0/inst/pl_clk0 | BD_i/ChaosCoreTop_0/inst/chiptop/system/tile_prci_domain/buffer/nodeOut_e_q/ram_sink_ext/do_enq                                                                                                              |                                                                                                                                                                                               |                1 |              8 |         8.00 |
|  BD_i/zynq_ultra_ps_e_0/inst/pl_clk0 |                                                                                                                                                                                                              | BD_i/ChaosCoreTop_0/inst/chiptop/system/tile_prci_domain/element_reset_domain_ChaosCore_tile/dcache/mshrs/mmios_0/ram_reg_0_63_0_6_i_37_0                                                     |                8 |              8 |         1.00 |
|  BD_i/zynq_ultra_ps_e_0/inst/pl_clk0 | BD_i/ChaosCoreTop_0/inst/chiptop/system/coh_wrapper/l2/inclusive_cache_bank_sched/requests/next_ext/p_4_in                                                                                                   |                                                                                                                                                                                               |                1 |              8 |         8.00 |
|  BD_i/zynq_ultra_ps_e_0/inst/pl_clk0 |                                                                                                                                                                                                              | BD_i/ChaosCoreTop_0/inst/chiptop/system/tile_prci_domain/element_reset_domain_ChaosCore_tile/icache/SR[0]                                                                                     |                2 |              8 |         4.00 |
|  BD_i/zynq_ultra_ps_e_0/inst/pl_clk0 | BD_i/smartconnect_0/inst/m00_nodes/m00_r_node/inst/inst_mi_handler/gen_normal_area.gen_fifo_req.inst_fifo_req/gen_xpm_memory_fifo.inst_fifo/gen_mem_rep[0].inst_rd_addrb/rd_addrb_incr                       | BD_i/smartconnect_0/inst/m00_nodes/m00_r_node/inst/inst_mi_handler/m_sc_areset_r                                                                                                              |                3 |              8 |         2.67 |
|  BD_i/zynq_ultra_ps_e_0/inst/pl_clk0 | BD_i/smartconnect_0/inst/s01_nodes/s01_b_node/inst/inst_mi_handler/gen_normal_area.inst_fifo_node_payld/gen_xpm_memory_fifo.inst_fifo/gen_mem_rep[0].inst_rd_addrb/rd_addrb_incr                             | BD_i/smartconnect_0/inst/s01_nodes/s01_b_node/inst/inst_mi_handler/m_sc_areset_r                                                                                                              |                4 |              8 |         2.00 |
|  BD_i/zynq_ultra_ps_e_0/inst/pl_clk0 | BD_i/ChaosCoreTop_0/inst/chiptop/system/tile_prci_domain/buffer/nodeIn_d_q/ram_ext/s3_valid_reg_4                                                                                                            | BD_i/ChaosCoreTop_0/inst/chiptop/system/chipyard_prcictrl_domain/resetSynchronizer/nodeOut_member_allClocks_uncore_reset_catcher/io_sync_reset_chain/output_chain/sync_0_reg_0                |                3 |              8 |         2.67 |
|  BD_i/zynq_ultra_ps_e_0/inst/pl_clk0 | BD_i/ChaosCoreTop_0/inst/chiptop/system/tile_prci_domain/buffer/nodeIn_d_q/ram_ext/s3_valid_reg_3                                                                                                            | BD_i/ChaosCoreTop_0/inst/chiptop/system/chipyard_prcictrl_domain/resetSynchronizer/nodeOut_member_allClocks_uncore_reset_catcher/io_sync_reset_chain/output_chain/sync_0_reg_0                |                4 |              8 |         2.00 |
|  BD_i/zynq_ultra_ps_e_0/inst/pl_clk0 | BD_i/smartconnect_0/inst/s01_entry_pipeline/s01_si_converter/inst/converter.wrap_narrow_inst/w_payld_fifo/w_subst_mask_reg[7][3]                                                                             |                                                                                                                                                                                               |                4 |              9 |         2.25 |
|  BD_i/zynq_ultra_ps_e_0/inst/pl_clk0 | BD_i/axi_smc/inst/s01_entry_pipeline/s01_si_converter/inst/converter.wrap_narrow_inst/aw_reg_slice/m_vector_i                                                                                                |                                                                                                                                                                                               |                3 |              9 |         3.00 |
|  BD_i/zynq_ultra_ps_e_0/inst/pl_clk0 | BD_i/axi_smc/inst/m01_exit_pipeline/m01_exit/inst/splitter_inst/gen_axi4lite.axilite_conv/w_cnt[8]_i_1_n_0                                                                                                   | BD_i/axi_smc/inst/m01_exit_pipeline/m01_exit/inst/areset                                                                                                                                      |                3 |              9 |         3.00 |
|  BD_i/zynq_ultra_ps_e_0/inst/pl_clk0 | BD_i/smartconnect_0/inst/s01_entry_pipeline/s01_si_converter/inst/converter.wrap_narrow_inst/w_payld_fifo/s_ready_i_reg_1                                                                                    | BD_i/smartconnect_0/inst/s01_entry_pipeline/s01_si_converter/inst/converter.wrap_narrow_inst/w_payld_fifo/w_accum_continue_d_reg                                                              |                3 |              9 |         3.00 |
|  BD_i/zynq_ultra_ps_e_0/inst/pl_clk0 | BD_i/axi_smc/inst/m01_exit_pipeline/m01_exit/inst/splitter_inst/gen_axi4lite.axilite_conv/b_cnt                                                                                                              | BD_i/axi_smc/inst/m01_exit_pipeline/m01_exit/inst/splitter_inst/gen_axi4lite.axilite_conv/b_cnt[8]_i_1_n_0                                                                                    |                2 |              9 |         4.50 |
|  BD_i/zynq_ultra_ps_e_0/inst/pl_clk0 | BD_i/axi_smc/inst/s01_entry_pipeline/s01_si_converter/inst/converter.wrap_narrow_inst/aw_reg_slice/skid_buffer[1136]_i_1_n_0                                                                                 |                                                                                                                                                                                               |                3 |              9 |         3.00 |
|  BD_i/zynq_ultra_ps_e_0/inst/pl_clk0 | BD_i/ChaosCoreTop_0/inst/chiptop/system/cbus/atomics/p_1_in5_out                                                                                                                                             |                                                                                                                                                                                               |                5 |              9 |         1.80 |
|  BD_i/zynq_ultra_ps_e_0/inst/pl_clk0 | BD_i/axi_smc/inst/s01_entry_pipeline/s01_si_converter/inst/converter.wrap_narrow_inst/gen_thread_loop[0].r_payld_fifo/cmd_fifo/last_beat_reg[0]                                                              | BD_i/axi_smc/inst/s01_entry_pipeline/s01_si_converter/inst/areset                                                                                                                             |                3 |              9 |         3.00 |
|  BD_i/zynq_ultra_ps_e_0/inst/pl_clk0 | BD_i/smartconnect_0/inst/s01_entry_pipeline/s01_si_converter/inst/converter.wrap_narrow_inst/w_payld_fifo/cmd_fifo/cmd_active_reg[0]                                                                         | BD_i/smartconnect_0/inst/s01_entry_pipeline/s01_si_converter/inst/areset                                                                                                                      |                2 |              9 |         4.50 |
|  BD_i/zynq_ultra_ps_e_0/inst/pl_clk0 | BD_i/smartconnect_0/inst/s01_entry_pipeline/s01_si_converter/inst/converter.wrap_narrow_inst/w_payld_fifo/w_subst_mask_reg[7][1]                                                                             |                                                                                                                                                                                               |                3 |              9 |         3.00 |
|  BD_i/zynq_ultra_ps_e_0/inst/pl_clk0 | BD_i/smartconnect_0/inst/s01_entry_pipeline/s01_si_converter/inst/converter.wrap_narrow_inst/w_payld_fifo/w_subst_mask_reg[7][6]                                                                             |                                                                                                                                                                                               |                2 |              9 |         4.50 |
|  BD_i/zynq_ultra_ps_e_0/inst/pl_clk0 | BD_i/ChaosCoreTop_0/inst/chiptop/system/cbus/buffer/nodeIn_d_q/ram_ext/wrap_1_reg_1                                                                                                                          | BD_i/ChaosCoreTop_0/inst/chiptop/system/cbus/buffer/nodeIn_d_q/ram_ext/SR[0]                                                                                                                  |                2 |              9 |         4.50 |
|  BD_i/zynq_ultra_ps_e_0/inst/pl_clk0 | BD_i/smartconnect_0/inst/s01_entry_pipeline/s01_si_converter/inst/converter.wrap_narrow_inst/w_payld_fifo/w_subst_mask_reg[7][5]                                                                             |                                                                                                                                                                                               |                2 |              9 |         4.50 |
|  BD_i/zynq_ultra_ps_e_0/inst/pl_clk0 | BD_i/smartconnect_0/inst/s00_entry_pipeline/s00_si_converter/inst/converter.wrap_narrow_inst/gen_thread_loop[0].r_payld_fifo/cmd_fifo/cmd_active_reg[0]                                                      | BD_i/smartconnect_0/inst/s00_entry_pipeline/s00_si_converter/inst/areset                                                                                                                      |                2 |              9 |         4.50 |
|  BD_i/zynq_ultra_ps_e_0/inst/pl_clk0 | BD_i/axi_gpio_1/U0/AXI_LITE_IPIF_I/I_SLAVE_ATTACHMENT/I_DECODER/bus2ip_rnw_i_reg[0]                                                                                                                          | BD_i/axi_gpio_0/U0/AXI_LITE_IPIF_I/I_SLAVE_ATTACHMENT/SR[0]                                                                                                                                   |                5 |              9 |         1.80 |
|  BD_i/zynq_ultra_ps_e_0/inst/pl_clk0 | BD_i/ChaosCoreTop_0/inst/chiptop/system/cbus/wrapped_error_device/error/a_q/E[0]                                                                                                                             | BD_i/ChaosCoreTop_0/inst/chiptop/system/chipyard_prcictrl_domain/resetSynchronizer/nodeOut_member_allClocks_uncore_reset_catcher/io_sync_reset_chain/output_chain/sync_0_reg_0                |                3 |              9 |         3.00 |
|  BD_i/zynq_ultra_ps_e_0/inst/pl_clk0 | BD_i/smartconnect_0/inst/s01_entry_pipeline/s01_si_converter/inst/converter.wrap_narrow_inst/w_payld_fifo/w_subst_mask_reg[7][2]                                                                             |                                                                                                                                                                                               |                4 |              9 |         2.25 |
|  BD_i/zynq_ultra_ps_e_0/inst/pl_clk0 | BD_i/axi_smc/inst/s00_entry_pipeline/s00_si_converter/inst/converter.wrap_narrow_inst/w_payld_fifo/w_subst_mask_reg[15][7]                                                                                   |                                                                                                                                                                                               |                2 |              9 |         4.50 |
|  BD_i/zynq_ultra_ps_e_0/inst/pl_clk0 | BD_i/axi_smc/inst/s00_entry_pipeline/s00_si_converter/inst/converter.wrap_narrow_inst/w_payld_fifo/w_subst_mask_reg[15][1]                                                                                   |                                                                                                                                                                                               |                2 |              9 |         4.50 |
|  BD_i/zynq_ultra_ps_e_0/inst/pl_clk0 | BD_i/axi_smc/inst/s00_entry_pipeline/s00_si_converter/inst/converter.wrap_narrow_inst/w_payld_fifo/w_subst_mask_reg[15][0]                                                                                   |                                                                                                                                                                                               |                2 |              9 |         4.50 |
|  BD_i/zynq_ultra_ps_e_0/inst/pl_clk0 | BD_i/axi_smc/inst/s00_entry_pipeline/s00_si_converter/inst/converter.wrap_narrow_inst/w_payld_fifo/w_subst_mask_reg[0]                                                                                       | BD_i/axi_smc/inst/s00_entry_pipeline/s00_si_converter/inst/converter.wrap_narrow_inst/w_payld_fifo/s_ready_i_reg_0                                                                            |                2 |              9 |         4.50 |
|  BD_i/zynq_ultra_ps_e_0/inst/pl_clk0 | BD_i/smartconnect_0/inst/s01_entry_pipeline/s01_si_converter/inst/converter.wrap_narrow_inst/w_payld_fifo/w_subst_mask_reg[7][0]                                                                             |                                                                                                                                                                                               |                2 |              9 |         4.50 |
|  BD_i/zynq_ultra_ps_e_0/inst/pl_clk0 | BD_i/axi_smc/inst/s00_entry_pipeline/s00_si_converter/inst/converter.wrap_narrow_inst/w_payld_fifo/w_subst_mask_reg[15][2]                                                                                   |                                                                                                                                                                                               |                2 |              9 |         4.50 |
|  BD_i/zynq_ultra_ps_e_0/inst/pl_clk0 | BD_i/axi_smc/inst/s00_entry_pipeline/s00_si_converter/inst/converter.wrap_narrow_inst/w_payld_fifo/w_subst_mask_reg[15][3]                                                                                   |                                                                                                                                                                                               |                2 |              9 |         4.50 |
|  BD_i/zynq_ultra_ps_e_0/inst/pl_clk0 |                                                                                                                                                                                                              | BD_i/smartconnect_0/inst/m00_nodes/m00_b_node/inst/inst_mi_handler/m_sc_areset_r                                                                                                              |                6 |              9 |         1.50 |
|  BD_i/zynq_ultra_ps_e_0/inst/pl_clk0 | BD_i/axi_smc/inst/s00_entry_pipeline/s00_si_converter/inst/converter.wrap_narrow_inst/w_payld_fifo/w_subst_mask_reg[15][4]                                                                                   |                                                                                                                                                                                               |                2 |              9 |         4.50 |
|  BD_i/zynq_ultra_ps_e_0/inst/pl_clk0 |                                                                                                                                                                                                              | BD_i/smartconnect_0/inst/m00_nodes/m00_r_node/inst/inst_mi_handler/m_sc_areset_r                                                                                                              |                4 |              9 |         2.25 |
|  BD_i/zynq_ultra_ps_e_0/inst/pl_clk0 | BD_i/axi_smc/inst/s00_entry_pipeline/s00_si_converter/inst/converter.wrap_narrow_inst/w_payld_fifo/w_subst_mask_reg[15][5]                                                                                   |                                                                                                                                                                                               |                2 |              9 |         4.50 |
|  BD_i/zynq_ultra_ps_e_0/inst/pl_clk0 | BD_i/smartconnect_0/inst/s01_entry_pipeline/s01_si_converter/inst/converter.wrap_narrow_inst/w_payld_fifo/w_subst_mask_reg[7][4]                                                                             |                                                                                                                                                                                               |                2 |              9 |         4.50 |
|  BD_i/zynq_ultra_ps_e_0/inst/pl_clk0 | BD_i/axi_smc/inst/s00_entry_pipeline/s00_si_converter/inst/converter.wrap_narrow_inst/w_payld_fifo/w_subst_mask_reg[15][6]                                                                                   |                                                                                                                                                                                               |                3 |              9 |         3.00 |
|  BD_i/zynq_ultra_ps_e_0/inst/pl_clk0 | BD_i/axi_smc/inst/s00_entry_pipeline/s00_si_converter/inst/converter.wrap_narrow_inst/w_payld_fifo/w_subst_mask_reg[15][9]                                                                                   |                                                                                                                                                                                               |                2 |              9 |         4.50 |
|  BD_i/zynq_ultra_ps_e_0/inst/pl_clk0 | BD_i/axi_smc/inst/s01_entry_pipeline/s01_si_converter/inst/converter.wrap_narrow_inst/w_payld_fifo/cmd_fifo/cmd_active_reg[0]                                                                                | BD_i/axi_smc/inst/s01_entry_pipeline/s01_si_converter/inst/areset                                                                                                                             |                3 |              9 |         3.00 |
|  BD_i/zynq_ultra_ps_e_0/inst/pl_clk0 | BD_i/ChaosCoreTop_0/inst/chiptop/system/cbus/wrapped_error_device/buffer/nodeIn_d_q/E[0]                                                                                                                     | BD_i/ChaosCoreTop_0/inst/chiptop/system/chipyard_prcictrl_domain/resetSynchronizer/nodeOut_member_allClocks_uncore_reset_catcher/io_sync_reset_chain/output_chain/sync_0_reg_0                |                3 |              9 |         3.00 |
|  BD_i/zynq_ultra_ps_e_0/inst/pl_clk0 | BD_i/axi_smc/inst/s00_entry_pipeline/s00_si_converter/inst/converter.wrap_narrow_inst/w_payld_fifo/w_subst_mask_reg[15][8]                                                                                   |                                                                                                                                                                                               |                3 |              9 |         3.00 |
|  BD_i/zynq_ultra_ps_e_0/inst/pl_clk0 | BD_i/axi_smc/inst/s00_entry_pipeline/s00_si_converter/inst/converter.wrap_narrow_inst/gen_thread_loop[0].r_payld_fifo/cmd_fifo/last_beat_reg[0]                                                              | BD_i/axi_smc/inst/s00_entry_pipeline/s00_si_converter/inst/areset                                                                                                                             |                3 |              9 |         3.00 |
|  BD_i/zynq_ultra_ps_e_0/inst/pl_clk0 |                                                                                                                                                                                                              | BD_i/ChaosCoreTop_0/inst/chiptop/system/cbus/in_xbar/beatsLeft[8]_i_1__2_n_0                                                                                                                  |                5 |              9 |         1.80 |
|  BD_i/zynq_ultra_ps_e_0/inst/pl_clk0 | BD_i/axi_smc/inst/s00_entry_pipeline/s00_si_converter/inst/converter.wrap_narrow_inst/w_payld_fifo/w_subst_mask_reg[15][10]                                                                                  |                                                                                                                                                                                               |                2 |              9 |         4.50 |
|  BD_i/zynq_ultra_ps_e_0/inst/pl_clk0 | BD_i/axi_smc/inst/s00_entry_pipeline/s00_si_converter/inst/converter.wrap_narrow_inst/w_payld_fifo/w_subst_mask_reg[15][11]                                                                                  |                                                                                                                                                                                               |                3 |              9 |         3.00 |
|  BD_i/zynq_ultra_ps_e_0/inst/pl_clk0 | BD_i/axi_smc/inst/s00_entry_pipeline/s00_si_converter/inst/converter.wrap_narrow_inst/w_payld_fifo/w_subst_mask_reg[15][12]                                                                                  |                                                                                                                                                                                               |                2 |              9 |         4.50 |
|  BD_i/zynq_ultra_ps_e_0/inst/pl_clk0 |                                                                                                                                                                                                              | BD_i/ChaosCoreTop_0/inst/chiptop/system/cbus/atomics/beatsLeft[8]_i_1__3_n_0                                                                                                                  |                4 |              9 |         2.25 |
|  BD_i/zynq_ultra_ps_e_0/inst/pl_clk0 | BD_i/axi_smc/inst/s00_entry_pipeline/s00_si_converter/inst/converter.wrap_narrow_inst/w_payld_fifo/w_subst_mask_reg[15][13]                                                                                  |                                                                                                                                                                                               |                2 |              9 |         4.50 |
|  BD_i/zynq_ultra_ps_e_0/inst/pl_clk0 | BD_i/axi_smc/inst/s00_entry_pipeline/s00_si_converter/inst/converter.wrap_narrow_inst/w_payld_fifo/w_subst_mask_reg[15][14]                                                                                  |                                                                                                                                                                                               |                2 |              9 |         4.50 |
|  BD_i/zynq_ultra_ps_e_0/inst/pl_clk0 | BD_i/axi_smc/inst/m00_exit_pipeline/m00_exit/inst/splitter_inst/gen_axi4lite.axilite_conv/w_cnt[8]_i_1_n_0                                                                                                   | BD_i/axi_smc/inst/m00_exit_pipeline/m00_exit/inst/areset                                                                                                                                      |                4 |              9 |         2.25 |
|  BD_i/zynq_ultra_ps_e_0/inst/pl_clk0 | BD_i/axi_smc/inst/m00_exit_pipeline/m00_exit/inst/splitter_inst/gen_axi4lite.axilite_conv/b_cnt                                                                                                              | BD_i/axi_smc/inst/m00_exit_pipeline/m00_exit/inst/splitter_inst/gen_axi4lite.axilite_conv/b_cnt[8]_i_1_n_0                                                                                    |                4 |              9 |         2.25 |
|  BD_i/zynq_ultra_ps_e_0/inst/pl_clk0 | BD_i/smartconnect_0/inst/s00_entry_pipeline/s00_si_converter/inst/converter.wrap_narrow_inst/w_payld_fifo/w_subst_mask_reg[7][4]                                                                             |                                                                                                                                                                                               |                3 |              9 |         3.00 |
|  BD_i/zynq_ultra_ps_e_0/inst/pl_clk0 | BD_i/smartconnect_0/inst/s00_entry_pipeline/s00_si_converter/inst/converter.wrap_narrow_inst/w_payld_fifo/w_subst_mask_reg[7][5]                                                                             |                                                                                                                                                                                               |                2 |              9 |         4.50 |
|  BD_i/zynq_ultra_ps_e_0/inst/pl_clk0 | BD_i/smartconnect_0/inst/s00_entry_pipeline/s00_si_converter/inst/converter.wrap_narrow_inst/w_payld_fifo/w_subst_mask_reg[7][6]                                                                             |                                                                                                                                                                                               |                2 |              9 |         4.50 |
|  BD_i/zynq_ultra_ps_e_0/inst/pl_clk0 | BD_i/smartconnect_0/inst/s00_entry_pipeline/s00_si_converter/inst/converter.wrap_narrow_inst/w_payld_fifo/s_ready_i_reg_1                                                                                    | BD_i/smartconnect_0/inst/s00_entry_pipeline/s00_si_converter/inst/converter.wrap_narrow_inst/w_payld_fifo/w_accum_continue_d_reg                                                              |                1 |              9 |         9.00 |
|  BD_i/zynq_ultra_ps_e_0/inst/pl_clk0 | BD_i/smartconnect_0/inst/s00_entry_pipeline/s00_si_converter/inst/converter.wrap_narrow_inst/w_payld_fifo/cmd_fifo/cmd_active_reg[0]                                                                         | BD_i/smartconnect_0/inst/s00_entry_pipeline/s00_si_converter/inst/areset                                                                                                                      |                4 |              9 |         2.25 |
|  BD_i/zynq_ultra_ps_e_0/inst/pl_clk0 | BD_i/ChaosCoreTop_0/inst/chiptop/system/sbus/coupler_to_port_named_mmio_port_axi4/tl2axi4/queue_arw_deq_q/E[0]                                                                                               |                                                                                                                                                                                               |                4 |              9 |         2.25 |
|  BD_i/zynq_ultra_ps_e_0/inst/pl_clk0 | BD_i/ChaosCoreTop_0/inst/chiptop/system/sbus/coupler_to_port_named_mmio_port_axi4/tl2axi4/queue_arw_deq_q/full_reg_8[0]                                                                                      |                                                                                                                                                                                               |                6 |              9 |         1.50 |
|  BD_i/zynq_ultra_ps_e_0/inst/pl_clk0 | BD_i/axi_smc/inst/s00_entry_pipeline/s00_si_converter/inst/gen_normal.splitter_inst/aw_cmd_reg/m_vector_i                                                                                                    |                                                                                                                                                                                               |                3 |              9 |         3.00 |
|  BD_i/zynq_ultra_ps_e_0/inst/pl_clk0 | BD_i/ChaosCoreTop_0/inst/chiptop/system/coh_wrapper/l2/inclusive_cache_bank_sched/sourceE/io_e_q/wrap_1_reg_0[0]                                                                                             | BD_i/ChaosCoreTop_0/inst/chiptop/system/chipyard_prcictrl_domain/resetSynchronizer/nodeOut_member_allClocks_uncore_reset_catcher/io_sync_reset_chain/output_chain/sync_0_reg_0                |                5 |              9 |         1.80 |
|  BD_i/zynq_ultra_ps_e_0/inst/pl_clk0 | BD_i/axi_smc/inst/s00_entry_pipeline/s00_si_converter/inst/gen_normal.splitter_inst/aw_cmd_reg/skid_buffer[1136]_i_1_n_0                                                                                     |                                                                                                                                                                                               |                3 |              9 |         3.00 |
|  BD_i/zynq_ultra_ps_e_0/inst/pl_clk0 | BD_i/smartconnect_0/inst/s00_entry_pipeline/s00_si_converter/inst/converter.wrap_narrow_inst/w_payld_fifo/w_subst_mask_reg[7][3]                                                                             |                                                                                                                                                                                               |                2 |              9 |         4.50 |
|  BD_i/zynq_ultra_ps_e_0/inst/pl_clk0 | BD_i/smartconnect_0/inst/s00_entry_pipeline/s00_si_converter/inst/converter.wrap_narrow_inst/w_payld_fifo/w_subst_mask_reg[7][2]                                                                             |                                                                                                                                                                                               |                4 |              9 |         2.25 |
|  BD_i/zynq_ultra_ps_e_0/inst/pl_clk0 | BD_i/axi_smc/inst/s00_entry_pipeline/s00_si_converter/inst/gen_normal.splitter_inst/gen_wsplitter.w_split_fifo/E[0]                                                                                          | BD_i/axi_smc/inst/s00_entry_pipeline/s00_si_converter/inst/areset                                                                                                                             |                3 |              9 |         3.00 |
|  BD_i/zynq_ultra_ps_e_0/inst/pl_clk0 | BD_i/smartconnect_0/inst/s01_entry_pipeline/s01_si_converter/inst/converter.wrap_narrow_inst/gen_thread_loop[0].r_payld_fifo/cmd_fifo/cmd_active_reg[0]                                                      | BD_i/smartconnect_0/inst/s01_entry_pipeline/s01_si_converter/inst/areset                                                                                                                      |                3 |              9 |         3.00 |
|  BD_i/zynq_ultra_ps_e_0/inst/pl_clk0 | BD_i/smartconnect_0/inst/s00_entry_pipeline/s00_si_converter/inst/converter.wrap_narrow_inst/w_payld_fifo/w_subst_mask_reg[7][1]                                                                             |                                                                                                                                                                                               |                3 |              9 |         3.00 |
|  BD_i/zynq_ultra_ps_e_0/inst/pl_clk0 | BD_i/smartconnect_0/inst/s00_entry_pipeline/s00_si_converter/inst/converter.wrap_narrow_inst/w_payld_fifo/w_subst_mask_reg[7][0]                                                                             |                                                                                                                                                                                               |                2 |              9 |         4.50 |
|  BD_i/zynq_ultra_ps_e_0/inst/pl_clk0 | BD_i/axi_smc/inst/s00_entry_pipeline/s00_si_converter/inst/converter.wrap_narrow_inst/w_payld_fifo/cmd_fifo/last_beat_reg[0]                                                                                 | BD_i/axi_smc/inst/s00_entry_pipeline/s00_si_converter/inst/areset                                                                                                                             |                2 |              9 |         4.50 |
|  BD_i/zynq_ultra_ps_e_0/inst/pl_clk0 | BD_i/smartconnect_0/inst/s00_entry_pipeline/s00_si_converter/inst/converter.wrap_narrow_inst/gen_thread_loop[0].r_cmd_fifo/gen_srls[21].srl_nx1/shift_qual                                                   |                                                                                                                                                                                               |                2 |             10 |         5.00 |
|  BD_i/zynq_ultra_ps_e_0/inst/pl_clk0 |                                                                                                                                                                                                              | BD_i/axi_smc/inst/s00_entry_pipeline/s00_mmu/inst/areset                                                                                                                                      |                5 |             10 |         2.00 |
|  BD_i/zynq_ultra_ps_e_0/inst/pl_clk0 | BD_i/smartconnect_0/inst/s00_entry_pipeline/s00_si_converter/inst/converter.wrap_narrow_inst/gen_thread_loop[0].r_cmd_fifo/gen_pipelined.mesg_reg                                                            |                                                                                                                                                                                               |                4 |             10 |         2.50 |
|  BD_i/zynq_ultra_ps_e_0/inst/pl_clk0 | BD_i/axi_smc/inst/s00_entry_pipeline/s00_si_converter/inst/converter.wrap_narrow_inst/aw_reg_slice/gen_wsplitter.s_axi_awid_d                                                                                |                                                                                                                                                                                               |                4 |             10 |         2.50 |
|  BD_i/zynq_ultra_ps_e_0/inst/pl_clk0 | BD_i/axi_smc/inst/s00_entry_pipeline/s00_si_converter/inst/converter.wrap_narrow_inst/ar_reg_slice/gen_rsplitter.ar_split_state_reg[0]                                                                       |                                                                                                                                                                                               |                5 |             10 |         2.00 |
|  BD_i/zynq_ultra_ps_e_0/inst/pl_clk0 | BD_i/ChaosCoreTop_0/inst/chiptop/system/tile_prci_domain/element_reset_domain_ChaosCore_tile/dcache/prober/_GEN_1                                                                                            |                                                                                                                                                                                               |                6 |             10 |         1.67 |
|  BD_i/zynq_ultra_ps_e_0/inst/pl_clk0 | BD_i/axi_smc/inst/s01_entry_pipeline/s01_si_converter/inst/converter.wrap_narrow_inst/gen_thread_loop[0].r_payld_fifo/S01_AXI_rready_1[0]                                                                    | BD_i/axi_smc/inst/s01_entry_pipeline/s01_si_converter/inst/areset                                                                                                                             |                3 |             10 |         3.33 |
|  BD_i/zynq_ultra_ps_e_0/inst/pl_clk0 | BD_i/ChaosCoreTop_0/inst/chiptop/system/tile_prci_domain/element_reset_domain_ChaosCore_tile/core/backend/execution_engine/MOB/front_pointer0                                                                | BD_i/ChaosCoreTop_0/inst/chiptop/system/chipyard_prcictrl_domain/resetSynchronizer/nodeOut_member_allClocks_uncore_reset_catcher/io_sync_reset_chain/output_chain/sync_0_reg_0                |                6 |             10 |         1.67 |
|  BD_i/zynq_ultra_ps_e_0/inst/pl_clk0 | BD_i/axi_smc/inst/s00_entry_pipeline/s00_si_converter/inst/converter.wrap_narrow_inst/gen_thread_loop[0].r_payld_fifo/S00_AXI_rready[0]                                                                      | BD_i/axi_smc/inst/s00_entry_pipeline/s00_si_converter/inst/areset                                                                                                                             |                4 |             10 |         2.50 |
|  BD_i/zynq_ultra_ps_e_0/inst/pl_clk0 | BD_i/smartconnect_0/inst/s01_entry_pipeline/s01_si_converter/inst/converter.wrap_narrow_inst/gen_thread_loop[0].r_payld_fifo/E[0]                                                                            | BD_i/smartconnect_0/inst/s01_entry_pipeline/s01_si_converter/inst/areset                                                                                                                      |                4 |             10 |         2.50 |
|  BD_i/zynq_ultra_ps_e_0/inst/pl_clk0 |                                                                                                                                                                                                              | BD_i/ChaosCoreTop_0/inst/chiptop/system/chipyard_prcictrl_domain/resetSynchronizer/nodeOut_member_allClocks_uncore_reset_catcher/io_sync_reset_chain/output_chain/sync_0_reg_3[0]             |                3 |             10 |         3.33 |
|  BD_i/zynq_ultra_ps_e_0/inst/pl_clk0 |                                                                                                                                                                                                              | BD_i/axi_smc/inst/s01_entry_pipeline/s01_mmu/inst/areset                                                                                                                                      |                5 |             10 |         2.00 |
|  BD_i/zynq_ultra_ps_e_0/inst/pl_clk0 | BD_i/smartconnect_0/inst/s01_entry_pipeline/s01_si_converter/inst/converter.wrap_narrow_inst/w_cmd_fifo/gen_srls[17].srl_nx1/shift_qual                                                                      |                                                                                                                                                                                               |                2 |             10 |         5.00 |
|  BD_i/zynq_ultra_ps_e_0/inst/pl_clk0 | BD_i/smartconnect_0/inst/s00_entry_pipeline/s00_si_converter/inst/converter.wrap_narrow_inst/gen_thread_loop[0].r_payld_fifo/E[0]                                                                            | BD_i/smartconnect_0/inst/s00_entry_pipeline/s00_si_converter/inst/areset                                                                                                                      |                4 |             10 |         2.50 |
|  BD_i/zynq_ultra_ps_e_0/inst/pl_clk0 | BD_i/smartconnect_0/inst/s01_entry_pipeline/s01_si_converter/inst/converter.wrap_narrow_inst/w_cmd_fifo/gen_pipelined.mesg_reg                                                                               |                                                                                                                                                                                               |                3 |             10 |         3.33 |
|  BD_i/zynq_ultra_ps_e_0/inst/pl_clk0 | BD_i/ChaosCoreTop_0/inst/chiptop/system/bank/buffer/nodeOut_a_q/p_1_in                                                                                                                                       |                                                                                                                                                                                               |                5 |             10 |         2.00 |
|  BD_i/zynq_ultra_ps_e_0/inst/pl_clk0 | BD_i/ChaosCoreTop_0/inst/chiptop/system/coh_wrapper/l2/inclusive_cache_bank_sched/directory/wipeCount[10]_i_1_n_0                                                                                            | BD_i/ChaosCoreTop_0/inst/chiptop/system/chipyard_prcictrl_domain/resetSynchronizer/nodeOut_member_allClocks_uncore_reset_catcher/io_sync_reset_chain/output_chain/sync_0_reg_0                |                4 |             11 |         2.75 |
|  BD_i/zynq_ultra_ps_e_0/inst/pl_clk0 | BD_i/axi_smc/inst/switchboards/i_nodes/i_aw_node/inst/inst_si_handler/gen_si_handler.gen_arbiter_rr_minimal_area.inst_arbiter/s_sc_valid                                                                     |                                                                                                                                                                                               |                4 |             11 |         2.75 |
|  BD_i/zynq_ultra_ps_e_0/inst/pl_clk0 | BD_i/smartconnect_0/inst/s00_nodes/s00_b_node/inst/inst_mi_handler/inst_ingress/inst_pipeline_valid/ingress_valid                                                                                            | BD_i/smartconnect_0/inst/s00_nodes/s00_b_node/inst/inst_mi_handler/areset_r                                                                                                                   |                4 |             12 |         3.00 |
|  BD_i/zynq_ultra_ps_e_0/inst/pl_clk0 | BD_i/ChaosCoreTop_0/inst/chiptop/system/coh_wrapper/l2/inclusive_cache_bank_sched/mshrs_0/Memory_reg_0_15_0_0_i_11                                                                                           |                                                                                                                                                                                               |                1 |             12 |        12.00 |
|  BD_i/zynq_ultra_ps_e_0/inst/pl_clk0 | BD_i/axi_smc/inst/s00_entry_pipeline/s00_si_converter/inst/converter.wrap_narrow_inst/w_payld_fifo/cmd_fifo/gen_pipelined.mesg_reg                                                                           |                                                                                                                                                                                               |                5 |             12 |         2.40 |
|  BD_i/zynq_ultra_ps_e_0/inst/pl_clk0 | BD_i/ChaosCoreTop_0/inst/chiptop/system/bank/buffer/nodeOut_a_q/maybe_full_reg_1                                                                                                                             |                                                                                                                                                                                               |                6 |             12 |         2.00 |
|  BD_i/zynq_ultra_ps_e_0/inst/pl_clk0 | BD_i/smartconnect_0/inst/s00_nodes/s00_r_node/inst/inst_si_handler/s_sc_valid                                                                                                                                | BD_i/smartconnect_0/inst/s00_nodes/s00_r_node/inst/inst_mi_handler/areset_r                                                                                                                   |                4 |             12 |         3.00 |
|  BD_i/zynq_ultra_ps_e_0/inst/pl_clk0 | BD_i/smartconnect_0/inst/m00_nodes/m00_ar_node/inst/inst_si_handler/gen_si_handler.gen_arbiter_rr_normal_area.inst_arbiter/s_sc_valid                                                                        | BD_i/smartconnect_0/inst/m00_nodes/m00_ar_node/inst/inst_mi_handler/areset_r                                                                                                                  |                4 |             12 |         3.00 |
|  BD_i/zynq_ultra_ps_e_0/inst/pl_clk0 | BD_i/axi_smc/inst/s01_entry_pipeline/s01_si_converter/inst/converter.wrap_narrow_inst/w_payld_fifo/cmd_fifo/gen_srls[11].srl_nx1/shift_qual                                                                  |                                                                                                                                                                                               |                2 |             12 |         6.00 |
|  BD_i/zynq_ultra_ps_e_0/inst/pl_clk0 | BD_i/smartconnect_0/inst/s00_nodes/s00_r_node/inst/inst_mi_handler/inst_ingress/inst_pipeline_valid/ingress_valid                                                                                            | BD_i/smartconnect_0/inst/s00_nodes/s00_r_node/inst/inst_mi_handler/areset_r                                                                                                                   |                3 |             12 |         4.00 |
|  BD_i/zynq_ultra_ps_e_0/inst/pl_clk0 | BD_i/axi_smc/inst/s01_entry_pipeline/s01_si_converter/inst/converter.wrap_narrow_inst/w_payld_fifo/cmd_fifo/gen_pipelined.mesg_reg                                                                           |                                                                                                                                                                                               |                8 |             12 |         1.50 |
|  BD_i/zynq_ultra_ps_e_0/inst/pl_clk0 | BD_i/smartconnect_0/inst/s00_nodes/s00_b_node/inst/inst_si_handler/s_sc_valid                                                                                                                                | BD_i/smartconnect_0/inst/s00_nodes/s00_b_node/inst/inst_mi_handler/areset_r                                                                                                                   |                5 |             12 |         2.40 |
|  BD_i/zynq_ultra_ps_e_0/inst/pl_clk0 | BD_i/axi_smc/inst/s00_entry_pipeline/s00_si_converter/inst/converter.wrap_narrow_inst/gen_thread_loop[0].r_payld_fifo/cmd_fifo/gen_pipelined.mesg_reg                                                        |                                                                                                                                                                                               |                5 |             12 |         2.40 |
|  BD_i/zynq_ultra_ps_e_0/inst/pl_clk0 | BD_i/smartconnect_0/inst/s01_nodes/s01_b_node/inst/inst_mi_handler/inst_ingress/inst_pipeline_valid/ingress_valid                                                                                            | BD_i/smartconnect_0/inst/s01_nodes/s01_b_node/inst/inst_mi_handler/areset_r                                                                                                                   |                3 |             12 |         4.00 |
|  BD_i/zynq_ultra_ps_e_0/inst/pl_clk0 | BD_i/axi_smc/inst/s00_entry_pipeline/s00_si_converter/inst/converter.wrap_narrow_inst/gen_thread_loop[0].r_payld_fifo/cmd_fifo/gen_srls[11].srl_nx1/shift_qual                                               |                                                                                                                                                                                               |                2 |             12 |         6.00 |
|  BD_i/zynq_ultra_ps_e_0/inst/pl_clk0 | BD_i/smartconnect_0/inst/m00_nodes/m00_w_node/inst/inst_si_handler/gen_si_handler.gen_axis_packet_slave_normal_area.inst_allow_transfer_late/s_sc_valid                                                      | BD_i/smartconnect_0/inst/m00_nodes/m00_w_node/inst/inst_mi_handler/areset_r                                                                                                                   |                4 |             12 |         3.00 |
|  BD_i/zynq_ultra_ps_e_0/inst/pl_clk0 | BD_i/smartconnect_0/inst/m00_nodes/m00_w_node/inst/inst_mi_handler/inst_ingress/inst_pipeline_valid/ingress_valid                                                                                            | BD_i/smartconnect_0/inst/m00_nodes/m00_w_node/inst/inst_mi_handler/areset_r                                                                                                                   |                3 |             12 |         4.00 |
|  BD_i/zynq_ultra_ps_e_0/inst/pl_clk0 | BD_i/smartconnect_0/inst/m00_nodes/m00_aw_node/inst/inst_mi_handler/inst_ingress/inst_pipeline_valid/ingress_valid                                                                                           | BD_i/smartconnect_0/inst/m00_nodes/m00_aw_node/inst/inst_mi_handler/areset_r                                                                                                                  |                3 |             12 |         4.00 |
|  BD_i/zynq_ultra_ps_e_0/inst/pl_clk0 | BD_i/smartconnect_0/inst/s01_nodes/s01_r_node/inst/inst_mi_handler/inst_ingress/inst_pipeline_valid/ingress_valid                                                                                            | BD_i/smartconnect_0/inst/s01_nodes/s01_r_node/inst/inst_mi_handler/areset_r                                                                                                                   |                2 |             12 |         6.00 |
|  BD_i/zynq_ultra_ps_e_0/inst/pl_clk0 | BD_i/axi_smc/inst/s01_entry_pipeline/s01_si_converter/inst/converter.wrap_narrow_inst/gen_thread_loop[0].r_payld_fifo/cmd_fifo/gen_pipelined.mesg_reg                                                        |                                                                                                                                                                                               |                5 |             12 |         2.40 |
|  BD_i/zynq_ultra_ps_e_0/inst/pl_clk0 | BD_i/smartconnect_0/inst/m00_nodes/m00_b_node/inst/inst_mi_handler/gen_normal_area.inst_fifo_send/rd_addrb_incr                                                                                              | BD_i/smartconnect_0/inst/m00_nodes/m00_b_node/inst/inst_mi_handler/m_sc_areset_r                                                                                                              |                4 |             12 |         3.00 |
|  BD_i/zynq_ultra_ps_e_0/inst/pl_clk0 | BD_i/ChaosCoreTop_0/inst/chiptop/system/coh_wrapper/l2/inclusive_cache_bank_sched/sinkA/putbuffer/tail_ext/Memory_reg_0_15_0_0_i_1_n_0                                                                       |                                                                                                                                                                                               |                1 |             12 |        12.00 |
|  BD_i/zynq_ultra_ps_e_0/inst/pl_clk0 | BD_i/ChaosCoreTop_0/inst/chiptop/system/coh_wrapper/l2/inclusive_cache_bank_sched/sinkA/putbuffer/tail_ext/Memory_reg_0_31_0_0_i_2_n_0                                                                       |                                                                                                                                                                                               |                1 |             12 |        12.00 |
|  BD_i/zynq_ultra_ps_e_0/inst/pl_clk0 | BD_i/smartconnect_0/inst/m00_nodes/m00_aw_node/inst/inst_si_handler/gen_si_handler.gen_arbiter_rr_normal_area.inst_arbiter/s_sc_valid                                                                        | BD_i/smartconnect_0/inst/m00_nodes/m00_aw_node/inst/inst_mi_handler/areset_r                                                                                                                  |                4 |             12 |         3.00 |
|  BD_i/zynq_ultra_ps_e_0/inst/pl_clk0 | BD_i/ChaosCoreTop_0/inst/chiptop/system/coh_wrapper/l2/inclusive_cache_bank_sched/mshrs_0/Memory_reg_0_15_0_0_i_11_0                                                                                         |                                                                                                                                                                                               |                1 |             12 |        12.00 |
|  BD_i/zynq_ultra_ps_e_0/inst/pl_clk0 | BD_i/axi_smc/inst/s00_entry_pipeline/s00_si_converter/inst/converter.wrap_narrow_inst/w_payld_fifo/cmd_fifo/gen_srls[0].srl_nx1/gen_pipelined.state_reg[1]                                                   |                                                                                                                                                                                               |                2 |             12 |         6.00 |
|  BD_i/zynq_ultra_ps_e_0/inst/pl_clk0 | BD_i/axi_smc/inst/s01_entry_pipeline/s01_si_converter/inst/converter.wrap_narrow_inst/gen_thread_loop[0].r_payld_fifo/cmd_fifo/gen_srls[11].srl_nx1/shift_qual                                               |                                                                                                                                                                                               |                2 |             12 |         6.00 |
|  BD_i/zynq_ultra_ps_e_0/inst/pl_clk0 | BD_i/smartconnect_0/inst/m00_nodes/m00_ar_node/inst/inst_mi_handler/inst_ingress/inst_pipeline_valid/ingress_valid                                                                                           | BD_i/smartconnect_0/inst/m00_nodes/m00_ar_node/inst/inst_mi_handler/areset_r                                                                                                                  |                4 |             12 |         3.00 |
|  BD_i/zynq_ultra_ps_e_0/inst/pl_clk0 | BD_i/ChaosCoreTop_0/inst/chiptop/system/coh_wrapper/l2/inclusive_cache_bank_sched/mshrs_5/meta_tag                                                                                                           |                                                                                                                                                                                               |               11 |             13 |         1.18 |
|  BD_i/zynq_ultra_ps_e_0/inst/pl_clk0 | BD_i/axi_smc/inst/s01_entry_pipeline/s01_si_converter/inst/converter.wrap_narrow_inst/gen_thread_loop[0].r_payld_fifo/cmd_fifo/cmd_active_reg[0]                                                             | BD_i/axi_smc/inst/s01_entry_pipeline/s01_si_converter/inst/areset                                                                                                                             |                3 |             13 |         4.33 |
|  BD_i/zynq_ultra_ps_e_0/inst/pl_clk0 | BD_i/ChaosCoreTop_0/inst/chiptop/system/coh_wrapper/l2/inclusive_cache_bank_sched/mshrs_1/meta_tag                                                                                                           |                                                                                                                                                                                               |               11 |             13 |         1.18 |
|  BD_i/zynq_ultra_ps_e_0/inst/pl_clk0 | BD_i/ChaosCoreTop_0/inst/chiptop/system/coh_wrapper/l2/inclusive_cache_bank_sched/mshrs_2/meta_tag                                                                                                           |                                                                                                                                                                                               |                7 |             13 |         1.86 |
|  BD_i/zynq_ultra_ps_e_0/inst/pl_clk0 | BD_i/ChaosCoreTop_0/inst/chiptop/system/coh_wrapper/l2/inclusive_cache_bank_sched/mshrs_6/meta_tag                                                                                                           |                                                                                                                                                                                               |               11 |             13 |         1.18 |
|  BD_i/zynq_ultra_ps_e_0/inst/pl_clk0 | BD_i/ChaosCoreTop_0/inst/chiptop/system/uartClockDomainWrapper/uart_0/rxm/_GEN_0                                                                                                                             |                                                                                                                                                                                               |                2 |             13 |         6.50 |
|  BD_i/zynq_ultra_ps_e_0/inst/pl_clk0 | BD_i/ChaosCoreTop_0/inst/chiptop/system/coh_wrapper/l2/inclusive_cache_bank_sched/mshrs_3/meta_tag                                                                                                           |                                                                                                                                                                                               |                6 |             13 |         2.17 |
|  BD_i/zynq_ultra_ps_e_0/inst/pl_clk0 | BD_i/ChaosCoreTop_0/inst/chiptop/system/coh_wrapper/l2/inclusive_cache_bank_sched/mshrs_0/meta_tag                                                                                                           |                                                                                                                                                                                               |                6 |             13 |         2.17 |
|  BD_i/zynq_ultra_ps_e_0/inst/pl_clk0 | BD_i/axi_smc/inst/s00_entry_pipeline/s00_si_converter/inst/converter.wrap_narrow_inst/w_payld_fifo/cmd_fifo/cmd_len_qq                                                                                       | BD_i/axi_smc/inst/s00_entry_pipeline/s00_si_converter/inst/areset                                                                                                                             |                2 |             13 |         6.50 |
|  BD_i/zynq_ultra_ps_e_0/inst/pl_clk0 | BD_i/ChaosCoreTop_0/inst/chiptop/system/chipyard_prcictrl_domain/fragmenter_1/repeater/_GEN                                                                                                                  |                                                                                                                                                                                               |                4 |             13 |         3.25 |
|  BD_i/zynq_ultra_ps_e_0/inst/pl_clk0 | BD_i/axi_smc/inst/s00_entry_pipeline/s00_si_converter/inst/converter.wrap_narrow_inst/gen_thread_loop[0].r_payld_fifo/cmd_fifo/cmd_active_reg[0]                                                             | BD_i/axi_smc/inst/s00_entry_pipeline/s00_si_converter/inst/areset                                                                                                                             |                3 |             13 |         4.33 |
|  BD_i/zynq_ultra_ps_e_0/inst/pl_clk0 | BD_i/axi_smc/inst/s01_entry_pipeline/s01_si_converter/inst/converter.wrap_narrow_inst/w_payld_fifo/cmd_fifo/cmd_len_qq                                                                                       | BD_i/axi_smc/inst/s01_entry_pipeline/s01_si_converter/inst/areset                                                                                                                             |                3 |             13 |         4.33 |
|  BD_i/zynq_ultra_ps_e_0/inst/pl_clk0 | BD_i/ChaosCoreTop_0/inst/chiptop/system/coh_wrapper/l2/inclusive_cache_bank_sched/sinkC/c_q/_c_q_io_deq_valid                                                                                                |                                                                                                                                                                                               |                9 |             13 |         1.44 |
|  BD_i/zynq_ultra_ps_e_0/inst/pl_clk0 | BD_i/ChaosCoreTop_0/inst/chiptop/system/coh_wrapper/l2/inclusive_cache_bank_sched/mshrs_4/meta_tag                                                                                                           |                                                                                                                                                                                               |                7 |             13 |         1.86 |
|  BD_i/zynq_ultra_ps_e_0/inst/pl_clk0 | BD_i/ChaosCoreTop_0/inst/chiptop/system/coh_wrapper/l2/inclusive_cache_bank_sched/sinkC/io_bs_adr_q/ram_reg[14]_3                                                                                            |                                                                                                                                                                                               |                9 |             14 |         1.56 |
|  BD_i/zynq_ultra_ps_e_0/inst/pl_clk0 | BD_i/smartconnect_0/inst/s01_entry_pipeline/s01_si_converter/inst/gen_normal.splitter_inst/gen_no_wsplitter.gen_endpoint_woffset.gen_wbypass_offset_fifo.wbypass_offset_fifo/gen_srls[13].srl_nx1/shift_qual |                                                                                                                                                                                               |                3 |             14 |         4.67 |
|  BD_i/zynq_ultra_ps_e_0/inst/pl_clk0 | BD_i/smartconnect_0/inst/s01_entry_pipeline/s01_si_converter/inst/gen_normal.splitter_inst/gen_no_wsplitter.gen_endpoint_woffset.gen_wbypass_offset_fifo.wbypass_offset_fifo/gen_pipelined.mesg_reg_0        |                                                                                                                                                                                               |                6 |             14 |         2.33 |
|  BD_i/zynq_ultra_ps_e_0/inst/pl_clk0 | BD_i/ChaosCoreTop_0/inst/chiptop/system/coh_wrapper/l2/inclusive_cache_bank_sched/sinkC/io_bs_adr_q/ram_reg[14]_9                                                                                            |                                                                                                                                                                                               |                5 |             14 |         2.80 |
|  BD_i/zynq_ultra_ps_e_0/inst/pl_clk0 | BD_i/ChaosCoreTop_0/inst/chiptop/system/coh_wrapper/l2/ctrls/out_back_front_q/full_reg_2[0]                                                                                                                  |                                                                                                                                                                                               |               10 |             14 |         1.40 |
|  BD_i/zynq_ultra_ps_e_0/inst/pl_clk0 |                                                                                                                                                                                                              | BD_i/axi_smc/inst/m01_exit_pipeline/m01_exit/inst/areset                                                                                                                                      |                8 |             14 |         1.75 |
|  BD_i/zynq_ultra_ps_e_0/inst/pl_clk0 | BD_i/ChaosCoreTop_0/inst/chiptop/system/cbus/wrapped_error_device/buffer/nodeOut_a_q/wrap_1_reg_0[0]                                                                                                         |                                                                                                                                                                                               |                2 |             14 |         7.00 |
|  BD_i/zynq_ultra_ps_e_0/inst/pl_clk0 |                                                                                                                                                                                                              | BD_i/axi_smc/inst/m00_exit_pipeline/m00_exit/inst/areset                                                                                                                                      |                7 |             14 |         2.00 |
|  BD_i/zynq_ultra_ps_e_0/inst/pl_clk0 | BD_i/ChaosCoreTop_0/inst/chiptop/system/coh_wrapper/l2/inclusive_cache_bank_sched/sinkC/io_bs_adr_q/ram_reg[14]_6                                                                                            |                                                                                                                                                                                               |                8 |             14 |         1.75 |
|  BD_i/zynq_ultra_ps_e_0/inst/pl_clk0 | BD_i/ChaosCoreTop_0/inst/chiptop/system/coh_wrapper/l2/inclusive_cache_bank_sched/sinkC/io_bs_adr_q/ram_reg[14]_0                                                                                            |                                                                                                                                                                                               |                8 |             14 |         1.75 |
|  BD_i/zynq_ultra_ps_e_0/inst/pl_clk0 | BD_i/smartconnect_0/inst/s01_entry_pipeline/s01_si_converter/inst/converter.wrap_narrow_inst/gen_thread_loop[0].r_cmd_fifo/gen_srls[21].srl_nx1/shift_qual                                                   |                                                                                                                                                                                               |                2 |             15 |         7.50 |
|  BD_i/zynq_ultra_ps_e_0/inst/pl_clk0 | BD_i/axi_smc/inst/s01_entry_pipeline/s01_si_converter/inst/converter.wrap_narrow_inst/ar_reg_slice/m_vector_i                                                                                                |                                                                                                                                                                                               |                6 |             15 |         2.50 |
|  BD_i/zynq_ultra_ps_e_0/inst/pl_clk0 | BD_i/smartconnect_0/inst/s00_entry_pipeline/s00_si_converter/inst/converter.wrap_narrow_inst/w_cmd_fifo/w_payld_push85_out                                                                                   |                                                                                                                                                                                               |                6 |             15 |         2.50 |
|  BD_i/zynq_ultra_ps_e_0/inst/pl_clk0 | BD_i/smartconnect_0/inst/s01_entry_pipeline/s01_si_converter/inst/converter.wrap_narrow_inst/gen_thread_loop[0].r_cmd_fifo/gen_pipelined.mesg_reg                                                            |                                                                                                                                                                                               |                6 |             15 |         2.50 |
|  BD_i/zynq_ultra_ps_e_0/inst/pl_clk0 | BD_i/axi_smc/inst/s01_entry_pipeline/s01_si_converter/inst/converter.wrap_narrow_inst/ar_reg_slice/skid_buffer[1136]_i_1__0_n_0                                                                              |                                                                                                                                                                                               |                7 |             15 |         2.14 |
|  BD_i/zynq_ultra_ps_e_0/inst/pl_clk0 | BD_i/smartconnect_0/inst/s01_entry_pipeline/s01_si_converter/inst/converter.wrap_narrow_inst/w_cmd_fifo/w_payld_push85_out                                                                                   |                                                                                                                                                                                               |                6 |             15 |         2.50 |
|  BD_i/zynq_ultra_ps_e_0/inst/pl_clk0 | BD_i/smartconnect_0/inst/m00_exit_pipeline/m00_exit/inst/exit_inst/gen_r_cmd_fifo.r_cmd_fifo/gen_pipelined.mesg_reg                                                                                          |                                                                                                                                                                                               |                5 |             16 |         3.20 |
|  BD_i/zynq_ultra_ps_e_0/inst/pl_clk0 | BD_i/smartconnect_0/inst/m00_nodes/m00_b_node/inst/inst_mi_handler/gen_normal_area.inst_fifo_node_payld/gen_xpm_memory_fifo.inst_fifo/wr_wea                                                                 |                                                                                                                                                                                               |                1 |             16 |        16.00 |
|  BD_i/zynq_ultra_ps_e_0/inst/pl_clk0 | BD_i/ChaosCoreTop_0/inst/chiptop/system/sbus/coupler_to_port_named_mmio_port_axi4/tl2axi4/queue_arw_deq_q/do_enq_9                                                                                           |                                                                                                                                                                                               |                1 |             16 |        16.00 |
|  BD_i/zynq_ultra_ps_e_0/inst/pl_clk0 | BD_i/smartconnect_0/inst/m00_exit_pipeline/m00_exit/inst/exit_inst/gen_r_cmd_fifo.r_cmd_fifo/gen_srls[16].srl_nx1/shift_qual                                                                                 |                                                                                                                                                                                               |                2 |             16 |         8.00 |
|  BD_i/zynq_ultra_ps_e_0/inst/pl_clk0 | BD_i/smartconnect_0/inst/m00_nodes/m00_b_node/inst/inst_mi_handler/gen_normal_area.gen_fifo_req.inst_fifo_req/gen_xpm_memory_fifo.inst_fifo/wr_wea                                                           |                                                                                                                                                                                               |                1 |             16 |        16.00 |
|  BD_i/zynq_ultra_ps_e_0/inst/pl_clk0 | BD_i/ChaosCoreTop_0/inst/chiptop/system/coh_wrapper/l2/inclusive_cache_bank_sched/mshrs_4/request_valid_reg_0                                                                                                | BD_i/ChaosCoreTop_0/inst/chiptop/system/chipyard_prcictrl_domain/resetSynchronizer/nodeOut_member_allClocks_uncore_reset_catcher/io_sync_reset_chain/output_chain/sync_0_reg_0                |                8 |             16 |         2.00 |
|  BD_i/zynq_ultra_ps_e_0/inst/pl_clk0 | BD_i/ChaosCoreTop_0/inst/chiptop/system/sbus/coupler_to_port_named_mmio_port_axi4/tl2axi4/queue_arw_deq_q/do_enq_8                                                                                           |                                                                                                                                                                                               |                1 |             16 |        16.00 |
|  BD_i/zynq_ultra_ps_e_0/inst/pl_clk0 | BD_i/ChaosCoreTop_0/inst/chiptop/system/sbus/coupler_to_port_named_mmio_port_axi4/tl2axi4/queue_arw_deq_q/do_enq_4                                                                                           |                                                                                                                                                                                               |                1 |             16 |        16.00 |
|  BD_i/zynq_ultra_ps_e_0/inst/pl_clk0 | BD_i/smartconnect_0/inst/s01_nodes/s01_b_node/inst/inst_mi_handler/gen_normal_area.inst_fifo_node_payld/gen_xpm_memory_fifo.inst_fifo/wr_wea                                                                 |                                                                                                                                                                                               |                1 |             16 |        16.00 |
|  BD_i/zynq_ultra_ps_e_0/inst/pl_clk0 | BD_i/ChaosCoreTop_0/inst/chiptop/system/sbus/coupler_to_port_named_mmio_port_axi4/tl2axi4/queue_arw_deq_q/do_enq_5                                                                                           |                                                                                                                                                                                               |                1 |             16 |        16.00 |
|  BD_i/zynq_ultra_ps_e_0/inst/pl_clk0 | BD_i/ChaosCoreTop_0/inst/chiptop/system/sbus/coupler_to_port_named_mmio_port_axi4/axi4yank/Queue2_BundleMap_1/ram_ext/do_enq                                                                                 |                                                                                                                                                                                               |                1 |             16 |        16.00 |
|  BD_i/zynq_ultra_ps_e_0/inst/pl_clk0 | BD_i/ChaosCoreTop_0/inst/chiptop/system/sbus/coupler_to_port_named_mmio_port_axi4/tl2axi4/queue_arw_deq_q/do_enq_1                                                                                           |                                                                                                                                                                                               |                1 |             16 |        16.00 |
|  BD_i/zynq_ultra_ps_e_0/inst/pl_clk0 | BD_i/axi_smc/inst/s01_entry_pipeline/s01_mmu/inst/gen_endpoint.decerr_slave_inst/gen_axi.gen_read.s_axi_rid_i_0                                                                                              | BD_i/axi_smc/inst/s01_entry_pipeline/s01_mmu/inst/areset                                                                                                                                      |                5 |             16 |         3.20 |
|  BD_i/zynq_ultra_ps_e_0/inst/pl_clk0 | BD_i/ChaosCoreTop_0/inst/chiptop/system/sbus/coupler_to_port_named_mmio_port_axi4/axi4yank/Queue2_BundleMap/ram_ext/do_enq                                                                                   |                                                                                                                                                                                               |                1 |             16 |        16.00 |
|  BD_i/zynq_ultra_ps_e_0/inst/pl_clk0 | BD_i/ChaosCoreTop_0/inst/chiptop/system/fbus/coupler_from_port_named_serial_tl_0_in/buffer/nodeIn_d_q/ram_ext/do_enq                                                                                         |                                                                                                                                                                                               |                1 |             16 |        16.00 |
|  BD_i/zynq_ultra_ps_e_0/inst/pl_clk0 | BD_i/axi_smc/inst/s00_entry_pipeline/s00_transaction_regulator/inst/gen_endpoint.gen_r_singleorder.r_singleorder/gen_id_reg.s_rid_i0                                                                         |                                                                                                                                                                                               |                2 |             16 |         8.00 |
|  BD_i/zynq_ultra_ps_e_0/inst/pl_clk0 | BD_i/axi_smc/inst/s00_entry_pipeline/s00_transaction_regulator/inst/gen_endpoint.gen_w_singleorder.w_singleorder/gen_id_reg.s_rid_i0                                                                         |                                                                                                                                                                                               |                4 |             16 |         4.00 |
|  BD_i/zynq_ultra_ps_e_0/inst/pl_clk0 | BD_i/ChaosCoreTop_0/inst/chiptop/system/sbus/coupler_to_port_named_mmio_port_axi4/axi4yank/Queue2_BundleMap_4/ram_ext/do_enq                                                                                 |                                                                                                                                                                                               |                1 |             16 |        16.00 |
|  BD_i/zynq_ultra_ps_e_0/inst/pl_clk0 | BD_i/ChaosCoreTop_0/inst/chiptop/system/sbus/coupler_to_port_named_mmio_port_axi4/tl2axi4/queue_arw_deq_q/do_enq_2                                                                                           |                                                                                                                                                                                               |                1 |             16 |        16.00 |
|  BD_i/zynq_ultra_ps_e_0/inst/pl_clk0 | BD_i/axi_smc/inst/s01_entry_pipeline/s01_mmu/inst/gen_endpoint.decerr_slave_inst/gen_axi.gen_write.s_axi_bid_i[15]_i_1_n_0                                                                                   | BD_i/axi_smc/inst/s01_entry_pipeline/s01_mmu/inst/areset                                                                                                                                      |                5 |             16 |         3.20 |
|  BD_i/zynq_ultra_ps_e_0/inst/pl_clk0 | BD_i/ChaosCoreTop_0/inst/chiptop/system/sbus/coupler_to_port_named_mmio_port_axi4/tl2axi4/queue_arw_deq_q/do_enq_3                                                                                           |                                                                                                                                                                                               |                1 |             16 |        16.00 |
|  BD_i/zynq_ultra_ps_e_0/inst/pl_clk0 | BD_i/ChaosCoreTop_0/inst/chiptop/system/sbus/coupler_to_port_named_mmio_port_axi4/axi4yank/Queue2_BundleMap_5/ram_ext/do_enq                                                                                 |                                                                                                                                                                                               |                1 |             16 |        16.00 |
|  BD_i/zynq_ultra_ps_e_0/inst/pl_clk0 | BD_i/ChaosCoreTop_0/inst/chiptop/system/sbus/coupler_to_port_named_mmio_port_axi4/tl2axi4/queue_arw_deq_q/do_enq_0                                                                                           |                                                                                                                                                                                               |                1 |             16 |        16.00 |
|  BD_i/zynq_ultra_ps_e_0/inst/pl_clk0 | BD_i/ChaosCoreTop_0/inst/chiptop/system/pbus/coupler_to_device_named_uart_0/fragmenter/repeater/full_reg_3[0]                                                                                                | BD_i/ChaosCoreTop_0/inst/chiptop/system/chipyard_prcictrl_domain/resetSynchronizer/nodeOut_member_allClocks_uncore_reset_catcher/io_sync_reset_chain/output_chain/sync_0_reg_0                |                5 |             16 |         3.20 |
|  BD_i/zynq_ultra_ps_e_0/inst/pl_clk0 | BD_i/ChaosCoreTop_0/inst/chiptop/system/sbus/coupler_to_port_named_mmio_port_axi4/tl2axi4/queue_arw_deq_q/do_enq_11                                                                                          |                                                                                                                                                                                               |                1 |             16 |        16.00 |
|  BD_i/zynq_ultra_ps_e_0/inst/pl_clk0 | BD_i/axi_smc/inst/s00_entry_pipeline/s00_si_converter/inst/converter.wrap_narrow_inst/ar_reg_slice/skid_buffer[1136]_i_1__2_n_0                                                                              |                                                                                                                                                                                               |                7 |             16 |         2.29 |
|  BD_i/zynq_ultra_ps_e_0/inst/pl_clk0 | BD_i/ChaosCoreTop_0/inst/chiptop/system/sbus/coupler_to_port_named_mmio_port_axi4/tl2axi4/queue_arw_deq_q/do_enq_10                                                                                          |                                                                                                                                                                                               |                1 |             16 |        16.00 |
|  BD_i/zynq_ultra_ps_e_0/inst/pl_clk0 | BD_i/axi_smc/inst/s00_entry_pipeline/s00_mmu/inst/gen_endpoint.decerr_slave_inst/gen_axi.gen_read.s_axi_rid_i_0                                                                                              | BD_i/axi_smc/inst/s00_entry_pipeline/s00_mmu/inst/areset                                                                                                                                      |                2 |             16 |         8.00 |
|  BD_i/zynq_ultra_ps_e_0/inst/pl_clk0 | BD_i/smartconnect_0/inst/m00_nodes/m00_r_node/inst/inst_mi_handler/gen_normal_area.gen_fifo_req.inst_fifo_req/gen_xpm_memory_fifo.inst_fifo/wr_wea                                                           |                                                                                                                                                                                               |                1 |             16 |        16.00 |
|  BD_i/zynq_ultra_ps_e_0/inst/pl_clk0 | BD_i/ChaosCoreTop_0/inst/chiptop/system/tile_prci_domain/element_reset_domain_ChaosCore_tile/dcache/mshrs/mshrs_1/io_increment0                                                                              | BD_i/ChaosCoreTop_0/inst/chiptop/system/chipyard_prcictrl_domain/resetSynchronizer/nodeOut_member_allClocks_uncore_reset_catcher/io_sync_reset_chain/output_chain/sync_0_reg_0                |                3 |             16 |         5.33 |
|  BD_i/zynq_ultra_ps_e_0/inst/pl_clk0 | BD_i/axi_smc/inst/s00_entry_pipeline/s00_mmu/inst/gen_endpoint.decerr_slave_inst/gen_axi.gen_write.s_axi_bid_i[15]_i_1_n_0                                                                                   | BD_i/axi_smc/inst/s00_entry_pipeline/s00_mmu/inst/areset                                                                                                                                      |                4 |             16 |         4.00 |
|  BD_i/zynq_ultra_ps_e_0/inst/pl_clk0 |                                                                                                                                                                                                              | BD_i/ChaosCoreTop_0/inst/chiptop/system/tile_prci_domain/element_reset_domain_ChaosCore_tile/core/backend/execution_engine/INT_FUs_3/AGU/FU_output_io_enq_bits_wr_data_REG[31]_i_1_n_0        |               15 |             16 |         1.07 |
|  BD_i/zynq_ultra_ps_e_0/inst/pl_clk0 | BD_i/ChaosCoreTop_0/inst/chiptop/system/uartClockDomainWrapper/uart_0/txm/counter_reg[3]_0[0]                                                                                                                | BD_i/ChaosCoreTop_0/inst/chiptop/system/chipyard_prcictrl_domain/resetSynchronizer/nodeOut_member_allClocks_uncore_reset_catcher/io_sync_reset_chain/output_chain/sync_0_reg_0                |                5 |             16 |         3.20 |
|  BD_i/zynq_ultra_ps_e_0/inst/pl_clk0 | BD_i/smartconnect_0/inst/s00_nodes/s00_b_node/inst/inst_mi_handler/gen_normal_area.inst_fifo_node_payld/gen_xpm_memory_fifo.inst_fifo/wr_wea                                                                 |                                                                                                                                                                                               |                1 |             16 |        16.00 |
|  BD_i/zynq_ultra_ps_e_0/inst/pl_clk0 | BD_i/axi_smc/inst/s01_entry_pipeline/s01_transaction_regulator/inst/gen_endpoint.gen_w_singleorder.w_singleorder/gen_id_reg.s_rid_i0                                                                         |                                                                                                                                                                                               |                5 |             16 |         3.20 |
|  BD_i/zynq_ultra_ps_e_0/inst/pl_clk0 | BD_i/axi_smc/inst/s01_entry_pipeline/s01_transaction_regulator/inst/gen_endpoint.gen_r_singleorder.r_singleorder/gen_id_reg.s_rid_i0                                                                         |                                                                                                                                                                                               |                5 |             16 |         3.20 |
|  BD_i/zynq_ultra_ps_e_0/inst/pl_clk0 | BD_i/smartconnect_0/inst/s01_nodes/s01_w_node/inst/inst_mi_handler/gen_normal_area.gen_fifo_req.inst_fifo_req/gen_xpm_memory_fifo.inst_fifo/wr_wea                                                           |                                                                                                                                                                                               |                1 |             16 |        16.00 |
|  BD_i/zynq_ultra_ps_e_0/inst/pl_clk0 | BD_i/ChaosCoreTop_0/inst/chiptop/system/coh_wrapper/cork/q_1/ram_ext/do_enq                                                                                                                                  |                                                                                                                                                                                               |                1 |             16 |        16.00 |
|  BD_i/zynq_ultra_ps_e_0/inst/pl_clk0 | BD_i/ChaosCoreTop_0/inst/chiptop/system/tile_prci_domain/element_reset_domain_ChaosCore_tile/tlMasterXbar/state_0_reg_2                                                                                      | BD_i/ChaosCoreTop_0/inst/chiptop/system/chipyard_prcictrl_domain/resetSynchronizer/nodeOut_member_allClocks_uncore_reset_catcher/io_sync_reset_chain/output_chain/sync_0_reg_0                |                3 |             16 |         5.33 |
|  BD_i/zynq_ultra_ps_e_0/inst/pl_clk0 | BD_i/smartconnect_0/inst/s00_nodes/s00_w_node/inst/inst_mi_handler/gen_normal_area.gen_fifo_req.inst_fifo_req/gen_xpm_memory_fifo.inst_fifo/wr_wea                                                           |                                                                                                                                                                                               |                1 |             16 |        16.00 |
|  BD_i/zynq_ultra_ps_e_0/inst/pl_clk0 | BD_i/ChaosCoreTop_0/inst/chiptop/system/coh_wrapper/l2/inclusive_cache_bank_sched/sourceC/queue/ram_ext/do_enq_2                                                                                             |                                                                                                                                                                                               |                1 |             16 |        16.00 |
|  BD_i/zynq_ultra_ps_e_0/inst/pl_clk0 | BD_i/axi_smc/inst/s00_entry_pipeline/s00_si_converter/inst/gen_normal.splitter_inst/ar_cmd_reg/skid_buffer[1136]_i_1__0_n_0                                                                                  |                                                                                                                                                                                               |                7 |             17 |         2.43 |
|  BD_i/zynq_ultra_ps_e_0/inst/pl_clk0 | BD_i/ChaosCoreTop_0/inst/chiptop/system/tile_prci_domain/element_reset_domain_ChaosCore_tile/dcache/mshrs/mshrs_3/rpq/Memory_reg_0_31_0_13_i_1[0]                                                            | BD_i/ChaosCoreTop_0/inst/chiptop/system/chipyard_prcictrl_domain/resetSynchronizer/nodeOut_member_allClocks_uncore_reset_catcher/io_sync_reset_chain/output_chain/sync_0_reg_0                |                8 |             17 |         2.12 |
|  BD_i/zynq_ultra_ps_e_0/inst/pl_clk0 | BD_i/axi_smc/inst/s00_entry_pipeline/s00_si_converter/inst/gen_normal.splitter_inst/ar_cmd_reg/m_vector_i                                                                                                    |                                                                                                                                                                                               |                7 |             17 |         2.43 |
|  BD_i/zynq_ultra_ps_e_0/inst/pl_clk0 | BD_i/ChaosCoreTop_0/inst/chiptop/system/tile_prci_domain/element_reset_domain_ChaosCore_tile/core/backend/execution_engine/MOB/back_pointer_reg[0]_1                                                         | BD_i/ChaosCoreTop_0/inst/chiptop/system/chipyard_prcictrl_domain/resetSynchronizer/nodeOut_member_allClocks_uncore_reset_catcher/io_sync_reset_chain/output_chain/sync_0_reg_112[0]           |                9 |             18 |         2.00 |
|  BD_i/zynq_ultra_ps_e_0/inst/pl_clk0 | BD_i/ChaosCoreTop_0/inst/chiptop/system/tile_prci_domain/element_reset_domain_ChaosCore_tile/core/backend/execution_engine/MOB/back_pointer_reg[0]_2                                                         | BD_i/ChaosCoreTop_0/inst/chiptop/system/chipyard_prcictrl_domain/resetSynchronizer/nodeOut_member_allClocks_uncore_reset_catcher/io_sync_reset_chain/output_chain/sync_0_reg_114[0]           |                9 |             18 |         2.00 |
|  BD_i/zynq_ultra_ps_e_0/inst/pl_clk0 | BD_i/ChaosCoreTop_0/inst/chiptop/system/fbus/coupler_from_port_named_serial_tl_0_in/buffer/nodeIn_d_q/E[0]                                                                                                   | BD_i/ChaosCoreTop_0/inst/chiptop/system/chipyard_prcictrl_domain/resetSynchronizer/nodeOut_member_allClocks_uncore_reset_catcher/io_sync_reset_chain/output_chain/sync_0_reg_0                |                5 |             18 |         3.60 |
|  BD_i/zynq_ultra_ps_e_0/inst/pl_clk0 | BD_i/ChaosCoreTop_0/inst/chiptop/system/tile_prci_domain/element_reset_domain_ChaosCore_tile/core/backend/execution_engine/MOB/back_pointer_reg[0]_0                                                         | BD_i/ChaosCoreTop_0/inst/chiptop/system/chipyard_prcictrl_domain/resetSynchronizer/nodeOut_member_allClocks_uncore_reset_catcher/io_sync_reset_chain/output_chain/sync_0_reg_98[0]            |                8 |             18 |         2.25 |
|  BD_i/zynq_ultra_ps_e_0/inst/pl_clk0 | BD_i/ChaosCoreTop_0/inst/chiptop/system/tile_prci_domain/element_reset_domain_ChaosCore_tile/core/backend/execution_engine/MOB/back_pointer_reg[1]_1                                                         | BD_i/ChaosCoreTop_0/inst/chiptop/system/chipyard_prcictrl_domain/resetSynchronizer/nodeOut_member_allClocks_uncore_reset_catcher/io_sync_reset_chain/output_chain/sync_0_reg_100[0]           |                9 |             18 |         2.00 |
|  BD_i/zynq_ultra_ps_e_0/inst/pl_clk0 | BD_i/ChaosCoreTop_0/inst/chiptop/system/tile_prci_domain/element_reset_domain_ChaosCore_tile/core/backend/execution_engine/MOB/back_pointer_reg[1]_0                                                         | BD_i/ChaosCoreTop_0/inst/chiptop/system/chipyard_prcictrl_domain/resetSynchronizer/nodeOut_member_allClocks_uncore_reset_catcher/io_sync_reset_chain/output_chain/sync_0_reg_102[0]           |               12 |             18 |         1.50 |
|  BD_i/zynq_ultra_ps_e_0/inst/pl_clk0 | BD_i/ChaosCoreTop_0/inst/chiptop/system/tile_prci_domain/element_reset_domain_ChaosCore_tile/core/backend/execution_engine/MOB/back_pointer_reg[1]_2                                                         | BD_i/ChaosCoreTop_0/inst/chiptop/system/chipyard_prcictrl_domain/resetSynchronizer/nodeOut_member_allClocks_uncore_reset_catcher/io_sync_reset_chain/output_chain/sync_0_reg_96[0]            |                6 |             18 |         3.00 |
|  BD_i/zynq_ultra_ps_e_0/inst/pl_clk0 | BD_i/ChaosCoreTop_0/inst/chiptop/system/tile_prci_domain/element_reset_domain_ChaosCore_tile/core/backend/execution_engine/MOB/back_pointer_reg[2]_0                                                         | BD_i/ChaosCoreTop_0/inst/chiptop/system/chipyard_prcictrl_domain/resetSynchronizer/nodeOut_member_allClocks_uncore_reset_catcher/io_sync_reset_chain/output_chain/sync_0_reg_116[0]           |                8 |             18 |         2.25 |
|  BD_i/zynq_ultra_ps_e_0/inst/pl_clk0 | BD_i/ChaosCoreTop_0/inst/chiptop/system/tile_prci_domain/element_reset_domain_ChaosCore_tile/core/backend/execution_engine/MOB/back_pointer_reg[2]_1                                                         | BD_i/ChaosCoreTop_0/inst/chiptop/system/chipyard_prcictrl_domain/resetSynchronizer/nodeOut_member_allClocks_uncore_reset_catcher/io_sync_reset_chain/output_chain/sync_0_reg_118[0]           |               11 |             18 |         1.64 |
|  BD_i/zynq_ultra_ps_e_0/inst/pl_clk0 | BD_i/ChaosCoreTop_0/inst/chiptop/system/tile_prci_domain/element_reset_domain_ChaosCore_tile/core/backend/execution_engine/MOB/back_pointer_reg[3]_7                                                         | BD_i/ChaosCoreTop_0/inst/chiptop/system/chipyard_prcictrl_domain/resetSynchronizer/nodeOut_member_allClocks_uncore_reset_catcher/io_sync_reset_chain/output_chain/sync_0_reg_108[0]           |                8 |             18 |         2.25 |
|  BD_i/zynq_ultra_ps_e_0/inst/pl_clk0 | BD_i/ChaosCoreTop_0/inst/chiptop/system/tile_prci_domain/element_reset_domain_ChaosCore_tile/core/backend/execution_engine/MOB/back_pointer_reg[3]_4                                                         | BD_i/ChaosCoreTop_0/inst/chiptop/system/chipyard_prcictrl_domain/resetSynchronizer/nodeOut_member_allClocks_uncore_reset_catcher/io_sync_reset_chain/output_chain/sync_0_reg_90[0]            |                9 |             18 |         2.00 |
|  BD_i/zynq_ultra_ps_e_0/inst/pl_clk0 | BD_i/ChaosCoreTop_0/inst/chiptop/system/tile_prci_domain/element_reset_domain_ChaosCore_tile/core/backend/execution_engine/MOB/back_pointer_reg[3]_6                                                         | BD_i/ChaosCoreTop_0/inst/chiptop/system/chipyard_prcictrl_domain/resetSynchronizer/nodeOut_member_allClocks_uncore_reset_catcher/io_sync_reset_chain/output_chain/sync_0_reg_92[0]            |                7 |             18 |         2.57 |
|  BD_i/zynq_ultra_ps_e_0/inst/pl_clk0 | BD_i/ChaosCoreTop_0/inst/chiptop/system/tile_prci_domain/element_reset_domain_ChaosCore_tile/core/backend/execution_engine/MOB/back_pointer_reg[3]_3                                                         | BD_i/ChaosCoreTop_0/inst/chiptop/system/chipyard_prcictrl_domain/resetSynchronizer/nodeOut_member_allClocks_uncore_reset_catcher/io_sync_reset_chain/output_chain/sync_0_reg_120[0]           |                7 |             18 |         2.57 |
|  BD_i/zynq_ultra_ps_e_0/inst/pl_clk0 | BD_i/ChaosCoreTop_0/inst/chiptop/system/tile_prci_domain/element_reset_domain_ChaosCore_tile/core/backend/execution_engine/MOB/back_pointer_reg[3]_2                                                         | BD_i/ChaosCoreTop_0/inst/chiptop/system/chipyard_prcictrl_domain/resetSynchronizer/nodeOut_member_allClocks_uncore_reset_catcher/io_sync_reset_chain/output_chain/sync_0_reg_110[0]           |               10 |             18 |         1.80 |
|  BD_i/zynq_ultra_ps_e_0/inst/pl_clk0 | BD_i/ChaosCoreTop_0/inst/chiptop/system/tile_prci_domain/element_reset_domain_ChaosCore_tile/core/backend/execution_engine/MOB/back_pointer_reg[3]_1                                                         | BD_i/ChaosCoreTop_0/inst/chiptop/system/chipyard_prcictrl_domain/resetSynchronizer/nodeOut_member_allClocks_uncore_reset_catcher/io_sync_reset_chain/output_chain/sync_0_reg_94[0]            |                7 |             18 |         2.57 |
|  BD_i/zynq_ultra_ps_e_0/inst/pl_clk0 | BD_i/ChaosCoreTop_0/inst/chiptop/system/tile_prci_domain/element_reset_domain_ChaosCore_tile/core/backend/execution_engine/MOB/back_pointer_reg[3]_5                                                         | BD_i/ChaosCoreTop_0/inst/chiptop/system/chipyard_prcictrl_domain/resetSynchronizer/nodeOut_member_allClocks_uncore_reset_catcher/io_sync_reset_chain/output_chain/sync_0_reg_104[0]           |                6 |             18 |         3.00 |
|  BD_i/zynq_ultra_ps_e_0/inst/pl_clk0 | BD_i/ChaosCoreTop_0/inst/chiptop/system/tile_prci_domain/element_reset_domain_ChaosCore_tile/core/backend/execution_engine/MOB/back_pointer_reg[3]_0                                                         | BD_i/ChaosCoreTop_0/inst/chiptop/system/chipyard_prcictrl_domain/resetSynchronizer/nodeOut_member_allClocks_uncore_reset_catcher/io_sync_reset_chain/output_chain/sync_0_reg_106[0]           |               10 |             18 |         1.80 |
|  BD_i/zynq_ultra_ps_e_0/inst/pl_clk0 | BD_i/smartconnect_0/inst/s01_nodes/s01_ar_node/inst/inst_si_handler/E[0]                                                                                                                                     | BD_i/smartconnect_0/inst/s01_nodes/s01_ar_node/inst/inst_mi_handler/areset_r                                                                                                                  |                5 |             18 |         3.60 |
|  BD_i/zynq_ultra_ps_e_0/inst/pl_clk0 | BD_i/smartconnect_0/inst/s01_nodes/s01_aw_node/inst/inst_si_handler/E[0]                                                                                                                                     | BD_i/smartconnect_0/inst/s01_nodes/s01_aw_node/inst/inst_mi_handler/areset_r                                                                                                                  |                5 |             18 |         3.60 |
|  BD_i/zynq_ultra_ps_e_0/inst/pl_clk0 | BD_i/ChaosCoreTop_0/inst/chiptop/system/tile_prci_domain/element_reset_domain_ChaosCore_tile/widget_1/repeated_repeater/_GEN                                                                                 | BD_i/ChaosCoreTop_0/inst/chiptop/system/tile_prci_domain/element_reset_domain_ChaosCore_tile/widget_1/repeated_repeater/saved_size[1]_i_1_n_0                                                 |                9 |             19 |         2.11 |
|  BD_i/zynq_ultra_ps_e_0/inst/pl_clk0 |                                                                                                                                                                                                              | BD_i/smartconnect_0/inst/s00_entry_pipeline/s00_si_converter/inst/areset                                                                                                                      |               16 |             19 |         1.19 |
|  BD_i/zynq_ultra_ps_e_0/inst/pl_clk0 |                                                                                                                                                                                                              | BD_i/smartconnect_0/inst/s01_entry_pipeline/s01_si_converter/inst/areset                                                                                                                      |               15 |             19 |         1.27 |
|  BD_i/zynq_ultra_ps_e_0/inst/pl_clk0 | BD_i/axi_smc/inst/switchboards/i_nodes/i_ar_node/inst/inst_si_handler/gen_si_handler.gen_arbiter_rr_minimal_area.inst_arbiter/s_sc_valid                                                                     |                                                                                                                                                                                               |                5 |             19 |         3.80 |
|  BD_i/zynq_ultra_ps_e_0/inst/pl_clk0 | BD_i/axi_smc/inst/s00_entry_pipeline/s00_si_converter/inst/converter.wrap_narrow_inst/ar_reg_slice/m_vector_i                                                                                                |                                                                                                                                                                                               |                9 |             20 |         2.22 |
|  BD_i/zynq_ultra_ps_e_0/inst/pl_clk0 |                                                                                                                                                                                                              | BD_i/axi_smc/inst/s01_entry_pipeline/s01_si_converter/inst/areset                                                                                                                             |               14 |             20 |         1.43 |
|  BD_i/zynq_ultra_ps_e_0/inst/pl_clk0 | BD_i/axi_smc/inst/s00_entry_pipeline/s00_si_converter/inst/converter.wrap_narrow_inst/aw_reg_slice/skid_buffer[1136]_i_1__1_n_0                                                                              |                                                                                                                                                                                               |                8 |             20 |         2.50 |
|  BD_i/zynq_ultra_ps_e_0/inst/pl_clk0 |                                                                                                                                                                                                              | BD_i/ChaosCoreTop_0/inst/chiptop/system/chipyard_prcictrl_domain/resetSynchronizer/nodeOut_member_allClocks_uncore_reset_catcher/io_sync_reset_chain/output_chain/back_pointer                |                5 |             20 |         4.00 |
|  BD_i/zynq_ultra_ps_e_0/inst/pl_clk0 | BD_i/axi_smc/inst/s00_entry_pipeline/s00_si_converter/inst/converter.wrap_narrow_inst/w_cmd_fifo/gen_srls[19].srl_nx1/shift_qual                                                                             |                                                                                                                                                                                               |                3 |             20 |         6.67 |
|  BD_i/zynq_ultra_ps_e_0/inst/pl_clk0 | BD_i/axi_smc/inst/s00_entry_pipeline/s00_si_converter/inst/converter.wrap_narrow_inst/w_cmd_fifo/gen_pipelined.mesg_reg                                                                                      |                                                                                                                                                                                               |                8 |             20 |         2.50 |
|  BD_i/zynq_ultra_ps_e_0/inst/pl_clk0 | BD_i/axi_smc/inst/s00_entry_pipeline/s00_si_converter/inst/converter.wrap_narrow_inst/aw_reg_slice/m_vector_i                                                                                                |                                                                                                                                                                                               |                8 |             20 |         2.50 |
|  BD_i/zynq_ultra_ps_e_0/inst/pl_clk0 | BD_i/ChaosCoreTop_0/inst/chiptop/system/bank/buffer/nodeOut_a_q/E[0]                                                                                                                                         |                                                                                                                                                                                               |               10 |             21 |         2.10 |
|  BD_i/zynq_ultra_ps_e_0/inst/pl_clk0 | BD_i/ChaosCoreTop_0/inst/chiptop/system/cbus/buffer/nodeOut_a_q/ram_ext/full_reg_12[0]                                                                                                                       |                                                                                                                                                                                               |                9 |             22 |         2.44 |
|  BD_i/zynq_ultra_ps_e_0/inst/pl_clk0 | BD_i/ChaosCoreTop_0/inst/chiptop/system/chipyard_prcictrl_domain/fragmenter/repeater/_GEN                                                                                                                    |                                                                                                                                                                                               |                5 |             22 |         4.40 |
|  BD_i/zynq_ultra_ps_e_0/inst/pl_clk0 | BD_i/ChaosCoreTop_0/inst/chiptop/system/tile_prci_domain/element_reset_domain_ChaosCore_tile/dcache/lfsr_prng/E[0]                                                                                           |                                                                                                                                                                                               |               14 |             22 |         1.57 |
|  BD_i/zynq_ultra_ps_e_0/inst/pl_clk0 | BD_i/ChaosCoreTop_0/inst/chiptop/system/tile_prci_domain/element_reset_domain_ChaosCore_tile/dcache/lfsr_prng/state_0_reg_0[0]                                                                               |                                                                                                                                                                                               |               17 |             22 |         1.29 |
|  BD_i/zynq_ultra_ps_e_0/inst/pl_clk0 | BD_i/ChaosCoreTop_0/inst/chiptop/system/tile_prci_domain/element_reset_domain_ChaosCore_tile/dcache/lfsr_prng/state_1_reg_0[0]                                                                               |                                                                                                                                                                                               |               13 |             22 |         1.69 |
|  BD_i/zynq_ultra_ps_e_0/inst/pl_clk0 | BD_i/ChaosCoreTop_0/inst/chiptop/system/tile_prci_domain/element_reset_domain_ChaosCore_tile/dcache/lfsr_prng/state_1_reg_3[0]                                                                               |                                                                                                                                                                                               |               16 |             22 |         1.38 |
|  BD_i/zynq_ultra_ps_e_0/inst/pl_clk0 | BD_i/ChaosCoreTop_0/inst/chiptop/system/tile_prci_domain/element_reset_domain_ChaosCore_tile/dcache/lfsr_prng/state_1_reg_2[0]                                                                               |                                                                                                                                                                                               |               15 |             22 |         1.47 |
|  BD_i/zynq_ultra_ps_e_0/inst/pl_clk0 | BD_i/ChaosCoreTop_0/inst/chiptop/system/tile_prci_domain/element_reset_domain_ChaosCore_tile/dcache/lfsr_prng/state_0_reg_1[0]                                                                               |                                                                                                                                                                                               |               14 |             22 |         1.57 |
|  BD_i/zynq_ultra_ps_e_0/inst/pl_clk0 | BD_i/ChaosCoreTop_0/inst/chiptop/system/tile_prci_domain/element_reset_domain_ChaosCore_tile/dcache/lfsr_prng/state_0_reg_2[0]                                                                               |                                                                                                                                                                                               |               11 |             22 |         2.00 |
|  BD_i/zynq_ultra_ps_e_0/inst/pl_clk0 | BD_i/ChaosCoreTop_0/inst/chiptop/system/cbus/coupler_to_l2_ctrl/fragmenter/repeater/_GEN                                                                                                                     |                                                                                                                                                                                               |                7 |             22 |         3.14 |
|  BD_i/zynq_ultra_ps_e_0/inst/pl_clk0 | BD_i/ChaosCoreTop_0/inst/chiptop/system/pbus/buffer/nodeOut_a_q/ram_ext/full_reg_4[0]                                                                                                                        |                                                                                                                                                                                               |                8 |             22 |         2.75 |
|  BD_i/zynq_ultra_ps_e_0/inst/pl_clk0 | BD_i/ChaosCoreTop_0/inst/chiptop/system/tile_prci_domain/element_reset_domain_ChaosCore_tile/dcache/lfsr_prng/state_1_reg_1[0]                                                                               |                                                                                                                                                                                               |               16 |             22 |         1.38 |
|  BD_i/zynq_ultra_ps_e_0/inst/pl_clk0 | BD_i/ChaosCoreTop_0/inst/chiptop/system/pbus/buffer/nodeOut_a_q/ram_ext/full_reg_3[0]                                                                                                                        |                                                                                                                                                                                               |                8 |             22 |         2.75 |
|  BD_i/zynq_ultra_ps_e_0/inst/pl_clk0 | BD_i/axi_smc/inst/s00_entry_pipeline/s00_si_converter/inst/converter.wrap_narrow_inst/gen_thread_loop[0].r_cmd_fifo/gen_srls[22].srl_nx1/shift_qual                                                          |                                                                                                                                                                                               |                3 |             23 |         7.67 |
|  BD_i/zynq_ultra_ps_e_0/inst/pl_clk0 | BD_i/axi_smc/inst/s01_entry_pipeline/s01_si_converter/inst/converter.wrap_narrow_inst/gen_thread_loop[0].r_cmd_fifo/gen_srls[22].srl_nx1/shift_qual                                                          |                                                                                                                                                                                               |                3 |             23 |         7.67 |
|  BD_i/zynq_ultra_ps_e_0/inst/pl_clk0 | BD_i/axi_smc/inst/s01_entry_pipeline/s01_si_converter/inst/converter.wrap_narrow_inst/gen_thread_loop[0].r_cmd_fifo/gen_pipelined.mesg_reg                                                                   |                                                                                                                                                                                               |                8 |             23 |         2.88 |
|  BD_i/zynq_ultra_ps_e_0/inst/pl_clk0 | BD_i/ChaosCoreTop_0/inst/chiptop/system/coh_wrapper/l2/ctrls/E[0]                                                                                                                                            |                                                                                                                                                                                               |                9 |             23 |         2.56 |
|  BD_i/zynq_ultra_ps_e_0/inst/pl_clk0 | BD_i/axi_smc/inst/s00_entry_pipeline/s00_si_converter/inst/converter.wrap_narrow_inst/gen_thread_loop[0].r_cmd_fifo/gen_pipelined.mesg_reg                                                                   |                                                                                                                                                                                               |                6 |             23 |         3.83 |
|  BD_i/zynq_ultra_ps_e_0/inst/pl_clk0 | BD_i/axi_gpio_1/U0/AXI_LITE_IPIF_I/I_SLAVE_ATTACHMENT/I_DECODER/bus2ip_rnw_i_reg[0]                                                                                                                          | BD_i/axi_gpio_1/U0/AXI_LITE_IPIF_I/I_SLAVE_ATTACHMENT/SR[0]                                                                                                                                   |               11 |             23 |         2.09 |
|  BD_i/zynq_ultra_ps_e_0/inst/pl_clk0 | BD_i/ChaosCoreTop_0/inst/chiptop/system/cbus/buffer/nodeOut_a_q/ram_ext/state_6_reg[0]                                                                                                                       |                                                                                                                                                                                               |               11 |             23 |         2.09 |
|  BD_i/zynq_ultra_ps_e_0/inst/pl_clk0 | BD_i/ChaosCoreTop_0/inst/chiptop/system/tile_prci_domain/element_reset_domain_ChaosCore_tile/icache/repl_way_v0_prng/state_0_reg_0                                                                           |                                                                                                                                                                                               |                3 |             24 |         8.00 |
|  BD_i/zynq_ultra_ps_e_0/inst/pl_clk0 | BD_i/ChaosCoreTop_0/inst/chiptop/system/tile_prci_domain/element_reset_domain_ChaosCore_tile/icache/repl_way_v0_prng/state_0_reg_1                                                                           |                                                                                                                                                                                               |                3 |             24 |         8.00 |
|  BD_i/zynq_ultra_ps_e_0/inst/pl_clk0 | BD_i/ChaosCoreTop_0/inst/chiptop/system/tile_prci_domain/element_reset_domain_ChaosCore_tile/icache/repl_way_v0_prng/p_0_in1_out__5                                                                          |                                                                                                                                                                                               |                3 |             24 |         8.00 |
|  BD_i/zynq_ultra_ps_e_0/inst/pl_clk0 | BD_i/ChaosCoreTop_0/inst/chiptop/system/tile_prci_domain/element_reset_domain_ChaosCore_tile/icache/repl_way_v0_prng/p_0_in1_out                                                                             |                                                                                                                                                                                               |                3 |             24 |         8.00 |
|  BD_i/zynq_ultra_ps_e_0/inst/pl_clk0 | BD_i/smartconnect_0/inst/s01_nodes/s01_w_node/inst/inst_mi_handler/gen_normal_area.gen_upsizer.inst_upsizer/gen_normal_area.upsizer_valid                                                                    | BD_i/smartconnect_0/inst/s01_nodes/s01_w_node/inst/inst_mi_handler/areset_r                                                                                                                   |                8 |             24 |         3.00 |
|  BD_i/zynq_ultra_ps_e_0/inst/pl_clk0 | BD_i/ChaosCoreTop_0/inst/chiptop/system/tile_prci_domain/element_reset_domain_ChaosCore_tile/icache/repl_way_v0_prng/state_1_reg_2                                                                           |                                                                                                                                                                                               |                3 |             24 |         8.00 |
|  BD_i/zynq_ultra_ps_e_0/inst/pl_clk0 | BD_i/ChaosCoreTop_0/inst/chiptop/system/tile_prci_domain/element_reset_domain_ChaosCore_tile/icache/repl_way_v0_prng/state_1_reg_1                                                                           |                                                                                                                                                                                               |                3 |             24 |         8.00 |
|  BD_i/zynq_ultra_ps_e_0/inst/pl_clk0 | BD_i/ChaosCoreTop_0/inst/chiptop/system/tile_prci_domain/element_reset_domain_ChaosCore_tile/icache/repl_way_v0_prng/state_1_reg_0                                                                           |                                                                                                                                                                                               |                3 |             24 |         8.00 |
|  BD_i/zynq_ultra_ps_e_0/inst/pl_clk0 | BD_i/smartconnect_0/inst/s00_nodes/s00_aw_node/inst/inst_si_handler/s_sc_valid                                                                                                                               | BD_i/smartconnect_0/inst/s00_nodes/s00_aw_node/inst/inst_mi_handler/areset_r                                                                                                                  |                5 |             24 |         4.80 |
|  BD_i/zynq_ultra_ps_e_0/inst/pl_clk0 | BD_i/ChaosCoreTop_0/inst/chiptop/system/tile_prci_domain/element_reset_domain_ChaosCore_tile/icache/repl_way_v0_prng/p_0_in1_out__6                                                                          |                                                                                                                                                                                               |                3 |             24 |         8.00 |
|  BD_i/zynq_ultra_ps_e_0/inst/pl_clk0 | BD_i/smartconnect_0/inst/m00_nodes/m00_r_node/inst/inst_si_handler/s_sc_valid                                                                                                                                | BD_i/smartconnect_0/inst/m00_nodes/m00_r_node/inst/inst_mi_handler/areset_r                                                                                                                   |                7 |             24 |         3.43 |
|  BD_i/zynq_ultra_ps_e_0/inst/pl_clk0 | BD_i/smartconnect_0/inst/s00_nodes/s00_w_node/inst/inst_mi_handler/gen_normal_area.gen_upsizer.inst_upsizer/gen_normal_area.upsizer_valid                                                                    | BD_i/smartconnect_0/inst/s00_nodes/s00_w_node/inst/inst_mi_handler/areset_r                                                                                                                   |                7 |             24 |         3.43 |
|  BD_i/zynq_ultra_ps_e_0/inst/pl_clk0 | BD_i/ChaosCoreTop_0/inst/chiptop/system/cbus/coupler_to_prci_ctrl/buffer/nodeIn_d_q/ram_ext/do_enq                                                                                                           |                                                                                                                                                                                               |                2 |             24 |        12.00 |
|  BD_i/zynq_ultra_ps_e_0/inst/pl_clk0 |                                                                                                                                                                                                              | BD_i/smartconnect_0/inst/clk_map/psr_aclk1/U0/S01_ARESETN[0]                                                                                                                                  |                8 |             24 |         3.00 |
|  BD_i/zynq_ultra_ps_e_0/inst/pl_clk0 | BD_i/ChaosCoreTop_0/inst/chiptop/system/cbus/wrapped_error_device/buffer/nodeIn_d_q/E[0]                                                                                                                     |                                                                                                                                                                                               |                2 |             24 |        12.00 |
|  BD_i/zynq_ultra_ps_e_0/inst/pl_clk0 | BD_i/smartconnect_0/inst/m00_nodes/m00_b_node/inst/inst_si_handler/s_sc_valid                                                                                                                                | BD_i/smartconnect_0/inst/m00_nodes/m00_b_node/inst/inst_mi_handler/areset_r                                                                                                                   |                8 |             24 |         3.00 |
|  BD_i/zynq_ultra_ps_e_0/inst/pl_clk0 | BD_i/smartconnect_0/inst/s00_nodes/s00_ar_node/inst/inst_si_handler/s_sc_valid                                                                                                                               | BD_i/smartconnect_0/inst/s00_nodes/s00_ar_node/inst/inst_mi_handler/areset_r                                                                                                                  |                5 |             24 |         4.80 |
|  BD_i/zynq_ultra_ps_e_0/inst/pl_clk0 | BD_i/ChaosCoreTop_0/inst/chiptop/system/tile_prci_domain/element_reset_domain_ChaosCore_tile/core/backend/execution_engine/INT_FUs_1/CSR/mstatus_reg_SD                                                      | BD_i/ChaosCoreTop_0/inst/chiptop/system/chipyard_prcictrl_domain/resetSynchronizer/nodeOut_member_allClocks_uncore_reset_catcher/io_sync_reset_chain/output_chain/sync_0_reg_0                |               13 |             25 |         1.92 |
|  BD_i/zynq_ultra_ps_e_0/inst/pl_clk0 | BD_i/axi_gpio_1/U0/AXI_LITE_IPIF_I/I_SLAVE_ATTACHMENT/I_DECODER/E[0]                                                                                                                                         | BD_i/axi_gpio_1/U0/AXI_LITE_IPIF_I/I_SLAVE_ATTACHMENT/SR[0]                                                                                                                                   |               14 |             25 |         1.79 |
|  BD_i/zynq_ultra_ps_e_0/inst/pl_clk0 | BD_i/ChaosCoreTop_0/inst/chiptop/system/coh_wrapper/l2/inclusive_cache_bank_sched/mshrs_6/E[0]                                                                                                               |                                                                                                                                                                                               |                8 |             25 |         3.12 |
|  BD_i/zynq_ultra_ps_e_0/inst/pl_clk0 | BD_i/ChaosCoreTop_0/inst/chiptop/system/cbus/buffer/nodeOut_a_q/ram_ext/full_reg_10[0]                                                                                                                       |                                                                                                                                                                                               |               13 |             26 |         2.00 |
|  BD_i/zynq_ultra_ps_e_0/inst/pl_clk0 | BD_i/ChaosCoreTop_0/inst/chiptop/system/tile_prci_domain/element_reset_domain_ChaosCore_tile/dcache/mshrs/mshrs_2/p_0_in1_out__2                                                                             |                                                                                                                                                                                               |                4 |             26 |         6.50 |
|  BD_i/zynq_ultra_ps_e_0/inst/pl_clk0 | BD_i/ChaosCoreTop_0/inst/chiptop/system/tile_prci_domain/element_reset_domain_ChaosCore_tile/dcache/mshrs/mshrs_2/p_0_in1_out__6                                                                             |                                                                                                                                                                                               |                4 |             26 |         6.50 |
|  BD_i/zynq_ultra_ps_e_0/inst/pl_clk0 | BD_i/ChaosCoreTop_0/inst/chiptop/system/tile_prci_domain/element_reset_domain_ChaosCore_tile/dcache/mshrs/mshrs_2/p_0_in1_out__1                                                                             |                                                                                                                                                                                               |                4 |             26 |         6.50 |
|  BD_i/zynq_ultra_ps_e_0/inst/pl_clk0 | BD_i/ChaosCoreTop_0/inst/chiptop/system/tile_prci_domain/element_reset_domain_ChaosCore_tile/dcache/mshrs/mshrs_2/p_0_in1_out__0                                                                             |                                                                                                                                                                                               |                4 |             26 |         6.50 |
|  BD_i/zynq_ultra_ps_e_0/inst/pl_clk0 | BD_i/ChaosCoreTop_0/inst/chiptop/system/tile_prci_domain/element_reset_domain_ChaosCore_tile/dcache/mshrs/mshrs_2/p_0_in1_out__5                                                                             |                                                                                                                                                                                               |                4 |             26 |         6.50 |
|  BD_i/zynq_ultra_ps_e_0/inst/pl_clk0 | BD_i/ChaosCoreTop_0/inst/chiptop/system/tile_prci_domain/element_reset_domain_ChaosCore_tile/dcache/mshrs/mshrs_1/s2_req_cmd_reg[1][0]                                                                       |                                                                                                                                                                                               |                4 |             26 |         6.50 |
|  BD_i/zynq_ultra_ps_e_0/inst/pl_clk0 | BD_i/ChaosCoreTop_0/inst/chiptop/system/tile_prci_domain/element_reset_domain_ChaosCore_tile/dcache/mshrs/mshrs_2/p_0_in1_out__3                                                                             |                                                                                                                                                                                               |                4 |             26 |         6.50 |
|  BD_i/zynq_ultra_ps_e_0/inst/pl_clk0 | BD_i/ChaosCoreTop_0/inst/chiptop/system/tile_prci_domain/element_reset_domain_ChaosCore_tile/dcache/mshrs/mshrs_2/p_0_in1_out                                                                                |                                                                                                                                                                                               |                4 |             26 |         6.50 |
|  BD_i/zynq_ultra_ps_e_0/inst/pl_clk0 | BD_i/ChaosCoreTop_0/inst/chiptop/system/tile_prci_domain/element_reset_domain_ChaosCore_tile/icache/refill_paddr[31]_i_1_n_0                                                                                 |                                                                                                                                                                                               |                9 |             26 |         2.89 |
|  BD_i/zynq_ultra_ps_e_0/inst/pl_clk0 | BD_i/ChaosCoreTop_0/inst/chiptop/system/tile_prci_domain/element_reset_domain_ChaosCore_tile/dcache/mshrs/mshrs_2/p_0_in1_out__4                                                                             |                                                                                                                                                                                               |                4 |             26 |         6.50 |
|  BD_i/zynq_ultra_ps_e_0/inst/pl_clk0 | BD_i/axi_gpio_1/U0/AXI_LITE_IPIF_I/I_SLAVE_ATTACHMENT/s_axi_rresp_i                                                                                                                                          | BD_i/axi_gpio_1/U0/AXI_LITE_IPIF_I/I_SLAVE_ATTACHMENT/SR[0]                                                                                                                                   |                9 |             27 |         3.00 |
|  BD_i/zynq_ultra_ps_e_0/inst/pl_clk0 | BD_i/ChaosCoreTop_0/inst/chiptop/system/cbus/coupler_to_l2_ctrl/buffer/nodeOut_a_q/full_reg_2                                                                                                                | BD_i/ChaosCoreTop_0/inst/chiptop/system/cbus/coupler_to_l2_ctrl/buffer/nodeOut_a_q/full_reg_1                                                                                                 |                4 |             28 |         7.00 |
|  BD_i/zynq_ultra_ps_e_0/inst/pl_clk0 | BD_i/ChaosCoreTop_0/inst/chiptop/system/tile_prci_domain/element_reset_domain_ChaosCore_tile/core/backend/execution_engine/INT_FUs_1/CSR/mip_reg_SGEIP                                                       | BD_i/ChaosCoreTop_0/inst/chiptop/system/chipyard_prcictrl_domain/resetSynchronizer/nodeOut_member_allClocks_uncore_reset_catcher/io_sync_reset_chain/output_chain/sync_0_reg_0                |               17 |             29 |         1.71 |
|  BD_i/zynq_ultra_ps_e_0/inst/pl_clk0 | BD_i/ChaosCoreTop_0/inst/chiptop/system/coh_wrapper/l2/inclusive_cache_bank_sched/sourceC/s2_valid                                                                                                           |                                                                                                                                                                                               |               15 |             30 |         2.00 |
|  BD_i/zynq_ultra_ps_e_0/inst/pl_clk0 | BD_i/ChaosCoreTop_0/inst/chiptop/system/tile_prci_domain/element_reset_domain_ChaosCore_tile/dcache/prober/p_1_in                                                                                            |                                                                                                                                                                                               |                3 |             30 |        10.00 |
|  BD_i/zynq_ultra_ps_e_0/inst/pl_clk0 |                                                                                                                                                                                                              | BD_i/axi_smc/inst/s00_entry_pipeline/s00_si_converter/inst/areset                                                                                                                             |               26 |             30 |         1.15 |
|  BD_i/zynq_ultra_ps_e_0/inst/pl_clk0 | BD_i/ChaosCoreTop_0/inst/chiptop/system/coh_wrapper/l2/inclusive_cache_bank_sched/sourceC/s2_latch                                                                                                           |                                                                                                                                                                                               |               15 |             30 |         2.00 |
|  BD_i/zynq_ultra_ps_e_0/inst/pl_clk0 | BD_i/ChaosCoreTop_0/inst/chiptop/system/cbus/coupler_to_l2_ctrl/buffer/nodeOut_a_q/E[0]                                                                                                                      |                                                                                                                                                                                               |               11 |             30 |         2.73 |
|  BD_i/zynq_ultra_ps_e_0/inst/pl_clk0 | BD_i/ChaosCoreTop_0/inst/chiptop/system/coh_wrapper/l2/inclusive_cache_bank_sched/mshrs_0/full_reg[0]                                                                                                        |                                                                                                                                                                                               |               22 |             30 |         1.36 |
|  BD_i/zynq_ultra_ps_e_0/inst/pl_clk0 | BD_i/ChaosCoreTop_0/inst/chiptop/system/cbus/coupler_to_l2_ctrl/buffer/nodeOut_a_q/full_reg_2                                                                                                                |                                                                                                                                                                                               |                9 |             30 |         3.33 |
|  BD_i/zynq_ultra_ps_e_0/inst/pl_clk0 | BD_i/ChaosCoreTop_0/inst/chiptop/system/tile_prci_domain/element_reset_domain_ChaosCore_tile/core/ROB/ROB_shared_bank/shared_mem/shared_mem_ext/mem_0_0/ram_R_1_addr_pipe_0_reg[5]_0                         | BD_i/axi_gpio_0/U0/gpio_core_1/gpio_io_o[0]                                                                                                                                                   |               18 |             30 |         1.67 |
|  BD_i/zynq_ultra_ps_e_0/inst/pl_clk0 | BD_i/axi_gpio_0/U0/AXI_LITE_IPIF_I/I_SLAVE_ATTACHMENT/s_axi_rresp_i                                                                                                                                          | BD_i/axi_gpio_0/U0/AXI_LITE_IPIF_I/I_SLAVE_ATTACHMENT/SR[0]                                                                                                                                   |                7 |             31 |         4.43 |
|  BD_i/zynq_ultra_ps_e_0/inst/pl_clk0 | BD_i/ChaosCoreTop_0/inst/chiptop/system/tile_prci_domain/element_reset_domain_ChaosCore_tile/core/backend/execution_engine/INT_FUs_1/CSR/mcause_reg_CODE[30]_i_1_n_0                                         | BD_i/ChaosCoreTop_0/inst/chiptop/system/chipyard_prcictrl_domain/resetSynchronizer/nodeOut_member_allClocks_uncore_reset_catcher/io_sync_reset_chain/output_chain/sync_0_reg_0                |               16 |             31 |         1.94 |
|  BD_i/zynq_ultra_ps_e_0/inst/pl_clk0 | BD_i/axi_smc/inst/s00_entry_pipeline/s00_si_converter/inst/converter.wrap_narrow_inst/w_payld_fifo/w_payld_push119_out                                                                                       |                                                                                                                                                                                               |               12 |             31 |         2.58 |
|  BD_i/zynq_ultra_ps_e_0/inst/pl_clk0 | BD_i/ChaosCoreTop_0/inst/chiptop/system/tile_prci_domain/element_reset_domain_ChaosCore_tile/dcache/mshrs/mshrs_1/s4_valid_reg[0]                                                                            |                                                                                                                                                                                               |               21 |             32 |         1.52 |
|  BD_i/zynq_ultra_ps_e_0/inst/pl_clk0 | BD_i/ChaosCoreTop_0/inst/chiptop/system/tile_prci_domain/element_reset_domain_ChaosCore_tile/dcache/meta/tag_array/tag_array_ext/mem_0_3/s1_clk_en_reg_0[0]                                                  |                                                                                                                                                                                               |               12 |             32 |         2.67 |
|  BD_i/zynq_ultra_ps_e_0/inst/pl_clk0 | BD_i/ChaosCoreTop_0/inst/chiptop/system/tile_prci_domain/element_reset_domain_ChaosCore_tile/core/frontend/instruction_fetch/prediction_T_NT0                                                                | BD_i/ChaosCoreTop_0/inst/chiptop/system/chipyard_prcictrl_domain/resetSynchronizer/nodeOut_member_allClocks_uncore_reset_catcher/io_sync_reset_chain/output_chain/sync_0_reg_0                |               11 |             32 |         2.91 |
|  BD_i/zynq_ultra_ps_e_0/inst/pl_clk0 | BD_i/ChaosCoreTop_0/inst/chiptop/system/tile_prci_domain/element_reset_domain_ChaosCore_tile/dcache/meta/tag_array/tag_array_ext/mem_0_7/s1_clk_en_reg_0[0]                                                  |                                                                                                                                                                                               |               17 |             32 |         1.88 |
|  BD_i/zynq_ultra_ps_e_0/inst/pl_clk0 | BD_i/ChaosCoreTop_0/inst/chiptop/system/tile_prci_domain/element_reset_domain_ChaosCore_tile/dcache/s2_req_data0                                                                                             |                                                                                                                                                                                               |                8 |             32 |         4.00 |
|  BD_i/zynq_ultra_ps_e_0/inst/pl_clk0 | BD_i/ChaosCoreTop_0/inst/chiptop/system/tile_prci_domain/element_reset_domain_ChaosCore_tile/dcache/wb/data_req_cnt_reg[2]_0[0]                                                                              |                                                                                                                                                                                               |               25 |             32 |         1.28 |
|  BD_i/zynq_ultra_ps_e_0/inst/pl_clk0 | BD_i/ChaosCoreTop_0/inst/chiptop/system/tile_prci_domain/element_reset_domain_ChaosCore_tile/dcache/meta/tag_array/tag_array_ext/mem_0_4/s1_clk_en_reg_0[0]                                                  |                                                                                                                                                                                               |               26 |             32 |         1.23 |
|  BD_i/zynq_ultra_ps_e_0/inst/pl_clk0 | BD_i/ChaosCoreTop_0/inst/chiptop/system/tile_prci_domain/element_reset_domain_ChaosCore_tile/dcache/meta/tag_array/tag_array_ext/mem_0_6/s1_clk_en_reg_0[0]                                                  |                                                                                                                                                                                               |               14 |             32 |         2.29 |
|  BD_i/zynq_ultra_ps_e_0/inst/pl_clk0 | BD_i/ChaosCoreTop_0/inst/chiptop/system/tile_prci_domain/element_reset_domain_ChaosCore_tile/dcache/meta/tag_array/tag_array_ext/mem_0_5/s1_clk_en_reg_0[0]                                                  |                                                                                                                                                                                               |               13 |             32 |         2.46 |
|  BD_i/zynq_ultra_ps_e_0/inst/pl_clk0 | BD_i/ChaosCoreTop_0/inst/chiptop/system/tile_prci_domain/element_reset_domain_ChaosCore_tile/dcache/meta/tag_array/tag_array_ext/mem_0_0/s1_clk_en_reg[0]                                                    |                                                                                                                                                                                               |               16 |             32 |         2.00 |
|  BD_i/zynq_ultra_ps_e_0/inst/pl_clk0 | BD_i/ChaosCoreTop_0/inst/chiptop/system/tile_prci_domain/element_reset_domain_ChaosCore_tile/dcache/meta/tag_array/tag_array_ext/mem_0_2/s1_clk_en_reg_0[0]                                                  |                                                                                                                                                                                               |               12 |             32 |         2.67 |
|  BD_i/zynq_ultra_ps_e_0/inst/pl_clk0 | BD_i/ChaosCoreTop_0/inst/chiptop/system/tile_prci_domain/element_reset_domain_ChaosCore_tile/dcache/meta/tag_array/tag_array_ext/mem_0_1/s1_clk_en_reg_0[0]                                                  |                                                                                                                                                                                               |                9 |             32 |         3.56 |
|  BD_i/zynq_ultra_ps_e_0/inst/pl_clk0 | BD_i/ChaosCoreTop_0/inst/chiptop/system/tile_prci_domain/element_reset_domain_ChaosCore_tile/core/backend/execution_engine/INT_FUs_1/CSR/mseccfg_reg_WPRI1                                                   | BD_i/ChaosCoreTop_0/inst/chiptop/system/chipyard_prcictrl_domain/resetSynchronizer/nodeOut_member_allClocks_uncore_reset_catcher/io_sync_reset_chain/output_chain/sync_0_reg_0                |               29 |             32 |         1.10 |
|  BD_i/zynq_ultra_ps_e_0/inst/pl_clk0 | BD_i/ChaosCoreTop_0/inst/chiptop/system/tile_prci_domain/element_reset_domain_ChaosCore_tile/core/backend/execution_engine/INT_FUs_1/CSR/scountinhibit_reg_WPRI                                              | BD_i/ChaosCoreTop_0/inst/chiptop/system/chipyard_prcictrl_domain/resetSynchronizer/nodeOut_member_allClocks_uncore_reset_catcher/io_sync_reset_chain/output_chain/sync_0_reg_0                |               20 |             32 |         1.60 |
|  BD_i/zynq_ultra_ps_e_0/inst/pl_clk0 | BD_i/ChaosCoreTop_0/inst/chiptop/system/tile_prci_domain/element_reset_domain_ChaosCore_tile/core/backend/execution_engine/INT_FUs_1/CSR/sstateen1_reg0                                                      | BD_i/ChaosCoreTop_0/inst/chiptop/system/chipyard_prcictrl_domain/resetSynchronizer/nodeOut_member_allClocks_uncore_reset_catcher/io_sync_reset_chain/output_chain/sync_0_reg_0                |               16 |             32 |         2.00 |
|  BD_i/zynq_ultra_ps_e_0/inst/pl_clk0 | BD_i/ChaosCoreTop_0/inst/chiptop/system/tile_prci_domain/element_reset_domain_ChaosCore_tile/core/backend/execution_engine/INT_FUs_1/CSR/sstateen0_reg0                                                      | BD_i/ChaosCoreTop_0/inst/chiptop/system/chipyard_prcictrl_domain/resetSynchronizer/nodeOut_member_allClocks_uncore_reset_catcher/io_sync_reset_chain/output_chain/sync_0_reg_0                |               22 |             32 |         1.45 |
|  BD_i/zynq_ultra_ps_e_0/inst/pl_clk0 | BD_i/ChaosCoreTop_0/inst/chiptop/system/tile_prci_domain/element_reset_domain_ChaosCore_tile/core/backend/execution_engine/INT_FUs_1/CSR/sscratch_reg_scratch0                                               | BD_i/ChaosCoreTop_0/inst/chiptop/system/chipyard_prcictrl_domain/resetSynchronizer/nodeOut_member_allClocks_uncore_reset_catcher/io_sync_reset_chain/output_chain/sync_0_reg_0                |               11 |             32 |         2.91 |
|  BD_i/zynq_ultra_ps_e_0/inst/pl_clk0 | BD_i/ChaosCoreTop_0/inst/chiptop/system/tile_prci_domain/element_reset_domain_ChaosCore_tile/core/backend/execution_engine/INT_FUs_1/CSR/sip_reg_SGEIP                                                       | BD_i/ChaosCoreTop_0/inst/chiptop/system/chipyard_prcictrl_domain/resetSynchronizer/nodeOut_member_allClocks_uncore_reset_catcher/io_sync_reset_chain/output_chain/sync_0_reg_0                |               16 |             32 |         2.00 |
|  BD_i/zynq_ultra_ps_e_0/inst/pl_clk0 | BD_i/ChaosCoreTop_0/inst/chiptop/system/tile_prci_domain/element_reset_domain_ChaosCore_tile/core/backend/execution_engine/INT_FUs_1/CSR/sie_reg_SGEIE                                                       | BD_i/ChaosCoreTop_0/inst/chiptop/system/chipyard_prcictrl_domain/resetSynchronizer/nodeOut_member_allClocks_uncore_reset_catcher/io_sync_reset_chain/output_chain/sync_0_reg_0                |               20 |             32 |         1.60 |
|  BD_i/zynq_ultra_ps_e_0/inst/pl_clk0 | BD_i/ChaosCoreTop_0/inst/chiptop/system/tile_prci_domain/element_reset_domain_ChaosCore_tile/core/backend/execution_engine/INT_FUs_1/CSR/sepc_reg_PC0                                                        | BD_i/ChaosCoreTop_0/inst/chiptop/system/chipyard_prcictrl_domain/resetSynchronizer/nodeOut_member_allClocks_uncore_reset_catcher/io_sync_reset_chain/output_chain/sync_0_reg_0                |                6 |             32 |         5.33 |
|  BD_i/zynq_ultra_ps_e_0/inst/pl_clk0 | BD_i/ChaosCoreTop_0/inst/chiptop/system/tile_prci_domain/element_reset_domain_ChaosCore_tile/core/backend/execution_engine/INT_FUs_1/CSR/senvcfg_reg_WPRI1                                                   | BD_i/ChaosCoreTop_0/inst/chiptop/system/chipyard_prcictrl_domain/resetSynchronizer/nodeOut_member_allClocks_uncore_reset_catcher/io_sync_reset_chain/output_chain/sync_0_reg_0                |               28 |             32 |         1.14 |
|  BD_i/zynq_ultra_ps_e_0/inst/pl_clk0 | BD_i/ChaosCoreTop_0/inst/chiptop/system/tile_prci_domain/element_reset_domain_ChaosCore_tile/core/backend/execution_engine/INT_FUs_1/CSR/scountovf_reg0                                                      | BD_i/ChaosCoreTop_0/inst/chiptop/system/chipyard_prcictrl_domain/resetSynchronizer/nodeOut_member_allClocks_uncore_reset_catcher/io_sync_reset_chain/output_chain/sync_0_reg_0                |               19 |             32 |         1.68 |
|  BD_i/zynq_ultra_ps_e_0/inst/pl_clk0 | BD_i/ChaosCoreTop_0/inst/chiptop/system/tile_prci_domain/element_reset_domain_ChaosCore_tile/core/backend/execution_engine/INT_FUs_1/CSR/satp_reg_NA0                                                        | BD_i/ChaosCoreTop_0/inst/chiptop/system/chipyard_prcictrl_domain/resetSynchronizer/nodeOut_member_allClocks_uncore_reset_catcher/io_sync_reset_chain/output_chain/sync_0_reg_0                |               12 |             32 |         2.67 |
|  BD_i/zynq_ultra_ps_e_0/inst/pl_clk0 | BD_i/ChaosCoreTop_0/inst/chiptop/system/tile_prci_domain/element_reset_domain_ChaosCore_tile/core/backend/execution_engine/INT_FUs_1/CSR/scause_reg_CODE                                                     | BD_i/ChaosCoreTop_0/inst/chiptop/system/chipyard_prcictrl_domain/resetSynchronizer/nodeOut_member_allClocks_uncore_reset_catcher/io_sync_reset_chain/output_chain/sync_0_reg_0                |               23 |             32 |         1.39 |
|  BD_i/zynq_ultra_ps_e_0/inst/pl_clk0 | BD_i/ChaosCoreTop_0/inst/chiptop/system/tile_prci_domain/element_reset_domain_ChaosCore_tile/core/backend/execution_engine/INT_FUs_1/CSR/scounteren_reg_WPRI                                                 | BD_i/ChaosCoreTop_0/inst/chiptop/system/chipyard_prcictrl_domain/resetSynchronizer/nodeOut_member_allClocks_uncore_reset_catcher/io_sync_reset_chain/output_chain/sync_0_reg_0                |               20 |             32 |         1.60 |
|  BD_i/zynq_ultra_ps_e_0/inst/pl_clk0 | BD_i/ChaosCoreTop_0/inst/chiptop/system/tile_prci_domain/element_reset_domain_ChaosCore_tile/core/backend/execution_engine/INT_FUs_1/CSR/sstateen2_reg0                                                      | BD_i/ChaosCoreTop_0/inst/chiptop/system/chipyard_prcictrl_domain/resetSynchronizer/nodeOut_member_allClocks_uncore_reset_catcher/io_sync_reset_chain/output_chain/sync_0_reg_0                |               15 |             32 |         2.13 |
|  BD_i/zynq_ultra_ps_e_0/inst/pl_clk0 | BD_i/axi_smc/inst/switchboards/i_nodes/i_r_node/inst/inst_mi_handler/gen_normal_area.gen_upsizer.inst_upsizer/gen_r_ch.accum[bytes][8][userdata][7]_i_1_n_0                                                  |                                                                                                                                                                                               |               19 |             32 |         1.68 |
|  BD_i/zynq_ultra_ps_e_0/inst/pl_clk0 | BD_i/ChaosCoreTop_0/inst/chiptop/system/tile_prci_domain/element_reset_domain_ChaosCore_tile/core/backend/execution_engine/INT_FUs_1/CSR/scontext_reg0                                                       | BD_i/ChaosCoreTop_0/inst/chiptop/system/chipyard_prcictrl_domain/resetSynchronizer/nodeOut_member_allClocks_uncore_reset_catcher/io_sync_reset_chain/output_chain/sync_0_reg_0                |               17 |             32 |         1.88 |
|  BD_i/zynq_ultra_ps_e_0/inst/pl_clk0 | BD_i/axi_smc/inst/switchboards/i_nodes/i_r_node/inst/inst_mi_handler/gen_normal_area.gen_upsizer.inst_upsizer/gen_r_ch.accum[bytes][4][userdata][7]_i_1_n_0                                                  |                                                                                                                                                                                               |               20 |             32 |         1.60 |
|  BD_i/zynq_ultra_ps_e_0/inst/pl_clk0 | BD_i/axi_smc/inst/switchboards/i_nodes/i_r_node/inst/inst_mi_handler/gen_normal_area.gen_upsizer.inst_upsizer/gen_r_ch.accum[bytes][0][userdata][7]_i_1_n_0                                                  |                                                                                                                                                                                               |               20 |             32 |         1.60 |
|  BD_i/zynq_ultra_ps_e_0/inst/pl_clk0 | BD_i/axi_smc/inst/switchboards/i_nodes/i_r_node/inst/inst_mi_handler/gen_normal_area.gen_upsizer.inst_upsizer/gen_r_ch.accum                                                                                 |                                                                                                                                                                                               |               16 |             32 |         2.00 |
|  BD_i/zynq_ultra_ps_e_0/inst/pl_clk0 | BD_i/ChaosCoreTop_0/inst/chiptop/system/tile_prci_domain/element_reset_domain_ChaosCore_tile/core/backend/execution_engine/INT_FUs_1/CSR/mvendorid_reg_Offset                                                | BD_i/ChaosCoreTop_0/inst/chiptop/system/chipyard_prcictrl_domain/resetSynchronizer/nodeOut_member_allClocks_uncore_reset_catcher/io_sync_reset_chain/output_chain/sync_0_reg_0                |               23 |             32 |         1.39 |
|  BD_i/zynq_ultra_ps_e_0/inst/pl_clk0 | BD_i/ChaosCoreTop_0/inst/chiptop/system/tile_prci_domain/element_reset_domain_ChaosCore_tile/core/backend/execution_engine/INT_FUs_1/CSR/mtvec_reg_BASE                                                      | BD_i/ChaosCoreTop_0/inst/chiptop/system/chipyard_prcictrl_domain/resetSynchronizer/nodeOut_member_allClocks_uncore_reset_catcher/io_sync_reset_chain/output_chain/sync_0_reg_0                |               27 |             32 |         1.19 |
|  BD_i/zynq_ultra_ps_e_0/inst/pl_clk0 | BD_i/ChaosCoreTop_0/inst/chiptop/system/tile_prci_domain/element_reset_domain_ChaosCore_tile/core/backend/execution_engine/INT_FUs_1/CSR/mtval_reg_badaddr0                                                  | BD_i/ChaosCoreTop_0/inst/chiptop/system/chipyard_prcictrl_domain/resetSynchronizer/nodeOut_member_allClocks_uncore_reset_catcher/io_sync_reset_chain/output_chain/sync_0_reg_0                |               19 |             32 |         1.68 |
|  BD_i/zynq_ultra_ps_e_0/inst/pl_clk0 | BD_i/ChaosCoreTop_0/inst/chiptop/system/tile_prci_domain/element_reset_domain_ChaosCore_tile/core/backend/execution_engine/INT_FUs_1/CSR/mtval2_reg_badaddr0                                                 | BD_i/ChaosCoreTop_0/inst/chiptop/system/chipyard_prcictrl_domain/resetSynchronizer/nodeOut_member_allClocks_uncore_reset_catcher/io_sync_reset_chain/output_chain/sync_0_reg_0                |               15 |             32 |         2.13 |
|  BD_i/zynq_ultra_ps_e_0/inst/pl_clk0 | BD_i/ChaosCoreTop_0/inst/chiptop/system/tile_prci_domain/element_reset_domain_ChaosCore_tile/core/backend/execution_engine/INT_FUs_1/CSR/mtinst_reg0                                                         | BD_i/ChaosCoreTop_0/inst/chiptop/system/chipyard_prcictrl_domain/resetSynchronizer/nodeOut_member_allClocks_uncore_reset_catcher/io_sync_reset_chain/output_chain/sync_0_reg_0                |               13 |             32 |         2.46 |
|  BD_i/zynq_ultra_ps_e_0/inst/pl_clk0 | BD_i/ChaosCoreTop_0/inst/chiptop/system/tile_prci_domain/element_reset_domain_ChaosCore_tile/core/backend/execution_engine/INT_FUs_1/CSR/mtime_reg[31]_i_1_n_0                                               | BD_i/ChaosCoreTop_0/inst/chiptop/system/chipyard_prcictrl_domain/resetSynchronizer/nodeOut_member_allClocks_uncore_reset_catcher/io_sync_reset_chain/output_chain/sync_0_reg_0                |               18 |             32 |         1.78 |
|  BD_i/zynq_ultra_ps_e_0/inst/pl_clk0 | BD_i/ChaosCoreTop_0/inst/chiptop/system/tile_prci_domain/element_reset_domain_ChaosCore_tile/widget_1/repeated_repeater/_GEN                                                                                 |                                                                                                                                                                                               |               19 |             32 |         1.68 |
|  BD_i/zynq_ultra_ps_e_0/inst/pl_clk0 | BD_i/ChaosCoreTop_0/inst/chiptop/system/fbus/buffer/nodeIn_d_q/ram_ext/Memory_reg_0_1_0_13_i_1__31_n_0                                                                                                       |                                                                                                                                                                                               |                2 |             32 |        16.00 |
|  BD_i/zynq_ultra_ps_e_0/inst/pl_clk0 | BD_i/ChaosCoreTop_0/inst/chiptop/system/tile_prci_domain/element_reset_domain_ChaosCore_tile/core/backend/execution_engine/INT_FUs_1/CSR/dcsr_reg0                                                           | BD_i/ChaosCoreTop_0/inst/chiptop/system/chipyard_prcictrl_domain/resetSynchronizer/nodeOut_member_allClocks_uncore_reset_catcher/io_sync_reset_chain/output_chain/sync_0_reg_0                |               14 |             32 |         2.29 |
|  BD_i/zynq_ultra_ps_e_0/inst/pl_clk0 | BD_i/ChaosCoreTop_0/inst/chiptop/system/tile_prci_domain/element_reset_domain_ChaosCore_tile/core/backend/execution_engine/INT_FUs_1/CSR/dpc_reg0                                                            | BD_i/ChaosCoreTop_0/inst/chiptop/system/chipyard_prcictrl_domain/resetSynchronizer/nodeOut_member_allClocks_uncore_reset_catcher/io_sync_reset_chain/output_chain/sync_0_reg_0                |               14 |             32 |         2.29 |
|  BD_i/zynq_ultra_ps_e_0/inst/pl_clk0 | BD_i/ChaosCoreTop_0/inst/chiptop/system/tile_prci_domain/element_reset_domain_ChaosCore_tile/core/backend/execution_engine/INT_FUs_1/CSR/dscratch0_reg0                                                      | BD_i/ChaosCoreTop_0/inst/chiptop/system/chipyard_prcictrl_domain/resetSynchronizer/nodeOut_member_allClocks_uncore_reset_catcher/io_sync_reset_chain/output_chain/sync_0_reg_0                |               14 |             32 |         2.29 |
|  BD_i/zynq_ultra_ps_e_0/inst/pl_clk0 | BD_i/axi_smc/inst/m01_exit_pipeline/m01_exit/inst/splitter_inst/gen_axi4lite.axilite_conv/s_axi_rdata_i[31]_i_1_n_0                                                                                          | BD_i/axi_smc/inst/m01_exit_pipeline/m01_exit/inst/areset                                                                                                                                      |                8 |             32 |         4.00 |
|  BD_i/zynq_ultra_ps_e_0/inst/pl_clk0 | BD_i/ChaosCoreTop_0/inst/chiptop/system/tile_prci_domain/element_reset_domain_ChaosCore_tile/core/backend/execution_engine/INT_FUs_1/CSR/dscratch1_reg0                                                      | BD_i/ChaosCoreTop_0/inst/chiptop/system/chipyard_prcictrl_domain/resetSynchronizer/nodeOut_member_allClocks_uncore_reset_catcher/io_sync_reset_chain/output_chain/sync_0_reg_0                |               16 |             32 |         2.00 |
|  BD_i/zynq_ultra_ps_e_0/inst/pl_clk0 | BD_i/ChaosCoreTop_0/inst/chiptop/system/tile_prci_domain/element_reset_domain_ChaosCore_tile/core/backend/execution_engine/INT_FUs_1/CSR/marchid_reg_archID0                                                 | BD_i/ChaosCoreTop_0/inst/chiptop/system/chipyard_prcictrl_domain/resetSynchronizer/nodeOut_member_allClocks_uncore_reset_catcher/io_sync_reset_chain/output_chain/sync_0_reg_0                |               12 |             32 |         2.67 |
|  BD_i/zynq_ultra_ps_e_0/inst/pl_clk0 | BD_i/ChaosCoreTop_0/inst/chiptop/system/tile_prci_domain/element_reset_domain_ChaosCore_tile/dcache/mshrs/mmios_0/grant_word[31]_i_1_n_0                                                                     |                                                                                                                                                                                               |               16 |             32 |         2.00 |
|  BD_i/zynq_ultra_ps_e_0/inst/pl_clk0 | BD_i/ChaosCoreTop_0/inst/chiptop/system/tile_prci_domain/element_reset_domain_ChaosCore_tile/core/backend/execution_engine/INT_FUs_1/CSR/frm_reg0                                                            | BD_i/ChaosCoreTop_0/inst/chiptop/system/chipyard_prcictrl_domain/resetSynchronizer/nodeOut_member_allClocks_uncore_reset_catcher/io_sync_reset_chain/output_chain/sync_0_reg_0                |               13 |             32 |         2.46 |
|  BD_i/zynq_ultra_ps_e_0/inst/pl_clk0 | BD_i/ChaosCoreTop_0/inst/chiptop/system/tile_prci_domain/element_reset_domain_ChaosCore_tile/core/backend/execution_engine/INT_FUs_1/CSR/fflags_reg0                                                         | BD_i/ChaosCoreTop_0/inst/chiptop/system/chipyard_prcictrl_domain/resetSynchronizer/nodeOut_member_allClocks_uncore_reset_catcher/io_sync_reset_chain/output_chain/sync_0_reg_0                |               15 |             32 |         2.13 |
|  BD_i/zynq_ultra_ps_e_0/inst/pl_clk0 | BD_i/ChaosCoreTop_0/inst/chiptop/system/tile_prci_domain/element_reset_domain_ChaosCore_tile/core/backend/execution_engine/INT_FUs_1/CSR/fcsr_reg0                                                           | BD_i/ChaosCoreTop_0/inst/chiptop/system/chipyard_prcictrl_domain/resetSynchronizer/nodeOut_member_allClocks_uncore_reset_catcher/io_sync_reset_chain/output_chain/sync_0_reg_0                |               17 |             32 |         1.88 |
|  BD_i/zynq_ultra_ps_e_0/inst/pl_clk0 | BD_i/ChaosCoreTop_0/inst/chiptop/system/tile_prci_domain/element_reset_domain_ChaosCore_tile/core/backend/execution_engine/INT_FUs_1/CSR/mtimeh_reg[31]_i_1_n_0                                              | BD_i/ChaosCoreTop_0/inst/chiptop/system/chipyard_prcictrl_domain/resetSynchronizer/nodeOut_member_allClocks_uncore_reset_catcher/io_sync_reset_chain/output_chain/sync_0_reg_0                |               11 |             32 |         2.91 |
|  BD_i/zynq_ultra_ps_e_0/inst/pl_clk0 | BD_i/ChaosCoreTop_0/inst/chiptop/system/tile_prci_domain/element_reset_domain_ChaosCore_tile/core/backend/execution_engine/INT_FUs_1/CSR/mconfigptr_reg_ptr0                                                 | BD_i/ChaosCoreTop_0/inst/chiptop/system/chipyard_prcictrl_domain/resetSynchronizer/nodeOut_member_allClocks_uncore_reset_catcher/io_sync_reset_chain/output_chain/sync_0_reg_0                |               12 |             32 |         2.67 |
|  BD_i/zynq_ultra_ps_e_0/inst/pl_clk0 | BD_i/ChaosCoreTop_0/inst/chiptop/system/tile_prci_domain/element_reset_domain_ChaosCore_tile/widget_1/repeated_repeater_1/_GEN                                                                               |                                                                                                                                                                                               |               17 |             32 |         1.88 |
|  BD_i/zynq_ultra_ps_e_0/inst/pl_clk0 | BD_i/ChaosCoreTop_0/inst/chiptop/system/tile_prci_domain/element_reset_domain_ChaosCore_tile/core/backend/execution_engine/INT_FUs_1/CSR/mcontext_reg0                                                       | BD_i/ChaosCoreTop_0/inst/chiptop/system/chipyard_prcictrl_domain/resetSynchronizer/nodeOut_member_allClocks_uncore_reset_catcher/io_sync_reset_chain/output_chain/sync_0_reg_0                |               18 |             32 |         1.78 |
|  BD_i/zynq_ultra_ps_e_0/inst/pl_clk0 | BD_i/ChaosCoreTop_0/inst/chiptop/system/tile_prci_domain/element_reset_domain_ChaosCore_tile/core/backend/execution_engine/INT_FUs_1/CSR/tselect_reg0                                                        | BD_i/ChaosCoreTop_0/inst/chiptop/system/chipyard_prcictrl_domain/resetSynchronizer/nodeOut_member_allClocks_uncore_reset_catcher/io_sync_reset_chain/output_chain/sync_0_reg_0                |               20 |             32 |         1.60 |
|  BD_i/zynq_ultra_ps_e_0/inst/pl_clk0 | BD_i/ChaosCoreTop_0/inst/chiptop/system/tile_prci_domain/element_reset_domain_ChaosCore_tile/core/backend/execution_engine/INT_FUs_1/CSR/tdata3_reg0                                                         | BD_i/ChaosCoreTop_0/inst/chiptop/system/chipyard_prcictrl_domain/resetSynchronizer/nodeOut_member_allClocks_uncore_reset_catcher/io_sync_reset_chain/output_chain/sync_0_reg_0                |               19 |             32 |         1.68 |
|  BD_i/zynq_ultra_ps_e_0/inst/pl_clk0 | BD_i/ChaosCoreTop_0/inst/chiptop/system/tile_prci_domain/element_reset_domain_ChaosCore_tile/core/backend/execution_engine/INT_FUs_1/CSR/tdata2_reg0                                                         | BD_i/ChaosCoreTop_0/inst/chiptop/system/chipyard_prcictrl_domain/resetSynchronizer/nodeOut_member_allClocks_uncore_reset_catcher/io_sync_reset_chain/output_chain/sync_0_reg_0                |               13 |             32 |         2.46 |
|  BD_i/zynq_ultra_ps_e_0/inst/pl_clk0 | BD_i/ChaosCoreTop_0/inst/chiptop/system/tile_prci_domain/element_reset_domain_ChaosCore_tile/core/backend/execution_engine/INT_FUs_1/CSR/tdata1_reg0                                                         | BD_i/ChaosCoreTop_0/inst/chiptop/system/chipyard_prcictrl_domain/resetSynchronizer/nodeOut_member_allClocks_uncore_reset_catcher/io_sync_reset_chain/output_chain/sync_0_reg_0                |               14 |             32 |         2.29 |
|  BD_i/zynq_ultra_ps_e_0/inst/pl_clk0 | BD_i/ChaosCoreTop_0/inst/chiptop/system/tile_prci_domain/element_reset_domain_ChaosCore_tile/core/backend/execution_engine/INT_FUs_1/CSR/stvec_reg_BASE                                                      | BD_i/ChaosCoreTop_0/inst/chiptop/system/chipyard_prcictrl_domain/resetSynchronizer/nodeOut_member_allClocks_uncore_reset_catcher/io_sync_reset_chain/output_chain/sync_0_reg_0                |               15 |             32 |         2.13 |
|  BD_i/zynq_ultra_ps_e_0/inst/pl_clk0 | BD_i/ChaosCoreTop_0/inst/chiptop/system/tile_prci_domain/element_reset_domain_ChaosCore_tile/core/backend/execution_engine/INT_FUs_1/CSR/stval_reg_badaddr0                                                  | BD_i/ChaosCoreTop_0/inst/chiptop/system/chipyard_prcictrl_domain/resetSynchronizer/nodeOut_member_allClocks_uncore_reset_catcher/io_sync_reset_chain/output_chain/sync_0_reg_0                |               12 |             32 |         2.67 |
|  BD_i/zynq_ultra_ps_e_0/inst/pl_clk0 | BD_i/ChaosCoreTop_0/inst/chiptop/system/tile_prci_domain/element_reset_domain_ChaosCore_tile/core/backend/execution_engine/INT_FUs_1/CSR/sstatus_reg_SD                                                      | BD_i/ChaosCoreTop_0/inst/chiptop/system/chipyard_prcictrl_domain/resetSynchronizer/nodeOut_member_allClocks_uncore_reset_catcher/io_sync_reset_chain/output_chain/sync_0_reg_0                |               14 |             32 |         2.29 |
|  BD_i/zynq_ultra_ps_e_0/inst/pl_clk0 | BD_i/ChaosCoreTop_0/inst/chiptop/system/tile_prci_domain/element_reset_domain_ChaosCore_tile/core/backend/execution_engine/INT_FUs_1/CSR/sstateen3_reg0                                                      | BD_i/ChaosCoreTop_0/inst/chiptop/system/chipyard_prcictrl_domain/resetSynchronizer/nodeOut_member_allClocks_uncore_reset_catcher/io_sync_reset_chain/output_chain/sync_0_reg_0                |               20 |             32 |         1.60 |
|  BD_i/zynq_ultra_ps_e_0/inst/pl_clk0 | BD_i/ChaosCoreTop_0/inst/chiptop/system/tile_prci_domain/element_reset_domain_ChaosCore_tile/core/backend/execution_engine/INT_FUs_1/CSR/medelegh_reg0                                                       | BD_i/ChaosCoreTop_0/inst/chiptop/system/chipyard_prcictrl_domain/resetSynchronizer/nodeOut_member_allClocks_uncore_reset_catcher/io_sync_reset_chain/output_chain/sync_0_reg_0                |               15 |             32 |         2.13 |
|  BD_i/zynq_ultra_ps_e_0/inst/pl_clk0 | BD_i/ChaosCoreTop_0/inst/chiptop/system/tile_prci_domain/element_reset_domain_ChaosCore_tile/core/backend/execution_engine/INT_FUs_1/CSR/mseccfgh_reg_NA0                                                    | BD_i/ChaosCoreTop_0/inst/chiptop/system/chipyard_prcictrl_domain/resetSynchronizer/nodeOut_member_allClocks_uncore_reset_catcher/io_sync_reset_chain/output_chain/sync_0_reg_0                |               17 |             32 |         1.88 |
|  BD_i/zynq_ultra_ps_e_0/inst/pl_clk0 | BD_i/ChaosCoreTop_0/inst/chiptop/system/tile_prci_domain/element_reset_domain_ChaosCore_tile/core/backend/execution_engine/INT_FUs_1/CSR/mscratch_reg_scratch0                                               | BD_i/ChaosCoreTop_0/inst/chiptop/system/chipyard_prcictrl_domain/resetSynchronizer/nodeOut_member_allClocks_uncore_reset_catcher/io_sync_reset_chain/output_chain/sync_0_reg_0                |               19 |             32 |         1.68 |
|  BD_i/zynq_ultra_ps_e_0/inst/pl_clk0 | BD_i/ChaosCoreTop_0/inst/chiptop/system/tile_prci_domain/element_reset_domain_ChaosCore_tile/core/backend/execution_engine/INT_FUs_1/CSR/misa_reg_WPRI                                                       | BD_i/ChaosCoreTop_0/inst/chiptop/system/chipyard_prcictrl_domain/resetSynchronizer/nodeOut_member_allClocks_uncore_reset_catcher/io_sync_reset_chain/output_chain/sync_0_reg_0                |               19 |             32 |         1.68 |
|  BD_i/zynq_ultra_ps_e_0/inst/pl_clk0 | BD_i/ChaosCoreTop_0/inst/chiptop/system/tile_prci_domain/element_reset_domain_ChaosCore_tile/core/backend/execution_engine/INT_FUs_1/CSR/minstreth_reg[31]_i_1_n_0                                           | BD_i/ChaosCoreTop_0/inst/chiptop/system/chipyard_prcictrl_domain/resetSynchronizer/nodeOut_member_allClocks_uncore_reset_catcher/io_sync_reset_chain/output_chain/sync_0_reg_0                |               11 |             32 |         2.91 |
|  BD_i/zynq_ultra_ps_e_0/inst/pl_clk0 | BD_i/ChaosCoreTop_0/inst/chiptop/system/tile_prci_domain/element_reset_domain_ChaosCore_tile/core/backend/execution_engine/INT_FUs_1/CSR/minstret_reg[31]_i_1_n_0                                            | BD_i/ChaosCoreTop_0/inst/chiptop/system/chipyard_prcictrl_domain/resetSynchronizer/nodeOut_member_allClocks_uncore_reset_catcher/io_sync_reset_chain/output_chain/sync_0_reg_0                |                4 |             32 |         8.00 |
|  BD_i/zynq_ultra_ps_e_0/inst/pl_clk0 | BD_i/ChaosCoreTop_0/inst/chiptop/system/tile_prci_domain/element_reset_domain_ChaosCore_tile/core/backend/execution_engine/INT_FUs_1/CSR/mimpid_reg0                                                         | BD_i/ChaosCoreTop_0/inst/chiptop/system/chipyard_prcictrl_domain/resetSynchronizer/nodeOut_member_allClocks_uncore_reset_catcher/io_sync_reset_chain/output_chain/sync_0_reg_0                |               16 |             32 |         2.00 |
|  BD_i/zynq_ultra_ps_e_0/inst/pl_clk0 | BD_i/ChaosCoreTop_0/inst/chiptop/system/tile_prci_domain/element_reset_domain_ChaosCore_tile/core/backend/execution_engine/INT_FUs_1/CSR/mie_reg_SGEIE                                                       | BD_i/ChaosCoreTop_0/inst/chiptop/system/chipyard_prcictrl_domain/resetSynchronizer/nodeOut_member_allClocks_uncore_reset_catcher/io_sync_reset_chain/output_chain/sync_0_reg_0                |               19 |             32 |         1.68 |
|  BD_i/zynq_ultra_ps_e_0/inst/pl_clk0 | BD_i/ChaosCoreTop_0/inst/chiptop/system/tile_prci_domain/element_reset_domain_ChaosCore_tile/core/backend/execution_engine/INT_FUs_1/CSR/mideleg_reg0                                                        | BD_i/ChaosCoreTop_0/inst/chiptop/system/chipyard_prcictrl_domain/resetSynchronizer/nodeOut_member_allClocks_uncore_reset_catcher/io_sync_reset_chain/output_chain/sync_0_reg_0                |               13 |             32 |         2.46 |
|  BD_i/zynq_ultra_ps_e_0/inst/pl_clk0 | BD_i/ChaosCoreTop_0/inst/chiptop/system/tile_prci_domain/element_reset_domain_ChaosCore_tile/core/backend/execution_engine/INT_FUs_1/CSR/mhartid_reg0                                                        | BD_i/ChaosCoreTop_0/inst/chiptop/system/chipyard_prcictrl_domain/resetSynchronizer/nodeOut_member_allClocks_uncore_reset_catcher/io_sync_reset_chain/output_chain/sync_0_reg_0                |               20 |             32 |         1.60 |
|  BD_i/zynq_ultra_ps_e_0/inst/pl_clk0 | BD_i/ChaosCoreTop_0/inst/chiptop/system/tile_prci_domain/element_reset_domain_ChaosCore_tile/core/backend/execution_engine/INT_FUs_1/CSR/mepc_reg_PC[31]_i_1_n_0                                             | BD_i/ChaosCoreTop_0/inst/chiptop/system/chipyard_prcictrl_domain/resetSynchronizer/nodeOut_member_allClocks_uncore_reset_catcher/io_sync_reset_chain/output_chain/sync_0_reg_0                |               13 |             32 |         2.46 |
|  BD_i/zynq_ultra_ps_e_0/inst/pl_clk0 | BD_i/ChaosCoreTop_0/inst/chiptop/system/tile_prci_domain/element_reset_domain_ChaosCore_tile/core/backend/execution_engine/INT_FUs_1/CSR/menvcfgh_reg_WPRI1                                                  | BD_i/ChaosCoreTop_0/inst/chiptop/system/chipyard_prcictrl_domain/resetSynchronizer/nodeOut_member_allClocks_uncore_reset_catcher/io_sync_reset_chain/output_chain/sync_0_reg_0                |               23 |             32 |         1.39 |
|  BD_i/zynq_ultra_ps_e_0/inst/pl_clk0 | BD_i/ChaosCoreTop_0/inst/chiptop/system/tile_prci_domain/element_reset_domain_ChaosCore_tile/core/backend/execution_engine/INT_FUs_1/CSR/mstateen3h_reg0                                                     | BD_i/ChaosCoreTop_0/inst/chiptop/system/chipyard_prcictrl_domain/resetSynchronizer/nodeOut_member_allClocks_uncore_reset_catcher/io_sync_reset_chain/output_chain/sync_0_reg_0                |               14 |             32 |         2.29 |
|  BD_i/zynq_ultra_ps_e_0/inst/pl_clk0 | BD_i/ChaosCoreTop_0/inst/chiptop/system/tile_prci_domain/element_reset_domain_ChaosCore_tile/core/backend/execution_engine/INT_FUs_1/CSR/medeleg_reg0                                                        | BD_i/ChaosCoreTop_0/inst/chiptop/system/chipyard_prcictrl_domain/resetSynchronizer/nodeOut_member_allClocks_uncore_reset_catcher/io_sync_reset_chain/output_chain/sync_0_reg_0                |               15 |             32 |         2.13 |
|  BD_i/zynq_ultra_ps_e_0/inst/pl_clk0 | BD_i/ChaosCoreTop_0/inst/chiptop/system/tile_prci_domain/element_reset_domain_ChaosCore_tile/core/backend/execution_engine/INT_FUs_1/CSR/mcountinhibit_reg_WPRI[28]_i_1_n_0                                  | BD_i/ChaosCoreTop_0/inst/chiptop/system/chipyard_prcictrl_domain/resetSynchronizer/nodeOut_member_allClocks_uncore_reset_catcher/io_sync_reset_chain/output_chain/sync_0_reg_0                |               15 |             32 |         2.13 |
|  BD_i/zynq_ultra_ps_e_0/inst/pl_clk0 |                                                                                                                                                                                                              | BD_i/ChaosCoreTop_0/inst/chiptop/system/tile_prci_domain/element_reset_domain_ChaosCore_tile/core/backend/execution_engine/INT_FUs_1/CSR/FU_output_io_enq_bits_REG_target_address[31]_i_1_n_0 |                9 |             32 |         3.56 |
|  BD_i/zynq_ultra_ps_e_0/inst/pl_clk0 |                                                                                                                                                                                                              | BD_i/ChaosCoreTop_0/inst/chiptop/system/tile_prci_domain/element_reset_domain_ChaosCore_tile/core/backend/execution_engine/INT_FUs_1/CSR/FU_output_io_enq_bits_REG_RD_data[31]_i_1_n_0        |               17 |             32 |         1.88 |
|  BD_i/zynq_ultra_ps_e_0/inst/pl_clk0 |                                                                                                                                                                                                              | BD_i/ChaosCoreTop_0/inst/chiptop/system/tile_prci_domain/element_reset_domain_ChaosCore_tile/core/backend/execution_engine/INT_FUs_0/ALU/FU_output/ram_ext/ram_reg_0_63_0_6_i_9__2_0          |               20 |             32 |         1.60 |
|  BD_i/zynq_ultra_ps_e_0/inst/pl_clk0 | BD_i/ChaosCoreTop_0/inst/chiptop/system/tile_prci_domain/element_reset_domain_ChaosCore_tile/core/backend/execution_engine/INT_FUs_1/CSR/mcounteren_reg_WPRI                                                 | BD_i/ChaosCoreTop_0/inst/chiptop/system/chipyard_prcictrl_domain/resetSynchronizer/nodeOut_member_allClocks_uncore_reset_catcher/io_sync_reset_chain/output_chain/sync_0_reg_0                |               29 |             32 |         1.10 |
|  BD_i/zynq_ultra_ps_e_0/inst/pl_clk0 | BD_i/axi_smc/inst/m00_exit_pipeline/m00_exit/inst/splitter_inst/gen_axi4lite.axilite_conv/s_axi_rdata_i[31]_i_1_n_0                                                                                          | BD_i/axi_smc/inst/m00_exit_pipeline/m00_exit/inst/areset                                                                                                                                      |                7 |             32 |         4.57 |
|  BD_i/zynq_ultra_ps_e_0/inst/pl_clk0 | BD_i/axi_gpio_0/U0/AXI_LITE_IPIF_I/I_SLAVE_ATTACHMENT/I_DECODER/bus2ip_rnw_i_reg[0]                                                                                                                          | BD_i/axi_gpio_0/U0/AXI_LITE_IPIF_I/I_SLAVE_ATTACHMENT/SR[0]                                                                                                                                   |               11 |             32 |         2.91 |
|  BD_i/zynq_ultra_ps_e_0/inst/pl_clk0 | BD_i/axi_gpio_0/U0/AXI_LITE_IPIF_I/I_SLAVE_ATTACHMENT/I_DECODER/E[0]                                                                                                                                         | BD_i/axi_gpio_0/U0/AXI_LITE_IPIF_I/I_SLAVE_ATTACHMENT/SR[0]                                                                                                                                   |               10 |             32 |         3.20 |
|  BD_i/zynq_ultra_ps_e_0/inst/pl_clk0 | BD_i/ChaosCoreTop_0/inst/chiptop/system/cbus/buffer/nodeOut_a_q/ram_ext/Memory_reg_0_1_0_13_i_2__12_0                                                                                                        |                                                                                                                                                                                               |                2 |             32 |        16.00 |
|  BD_i/zynq_ultra_ps_e_0/inst/pl_clk0 |                                                                                                                                                                                                              | BD_i/ChaosCoreTop_0/inst/chiptop/system/tile_prci_domain/element_reset_domain_ChaosCore_tile/core/backend/execution_engine/MOB/ram_reg_0_63_0_6_i_17__1_0                                     |               11 |             32 |         2.91 |
|  BD_i/zynq_ultra_ps_e_0/inst/pl_clk0 | BD_i/ChaosCoreTop_0/inst/chiptop/system/tile_prci_domain/element_reset_domain_ChaosCore_tile/core/backend/execution_engine/INT_FUs_1/CSR/mstateen1_reg0                                                      | BD_i/ChaosCoreTop_0/inst/chiptop/system/chipyard_prcictrl_domain/resetSynchronizer/nodeOut_member_allClocks_uncore_reset_catcher/io_sync_reset_chain/output_chain/sync_0_reg_0                |               19 |             32 |         1.68 |
|  BD_i/zynq_ultra_ps_e_0/inst/pl_clk0 | BD_i/ChaosCoreTop_0/inst/chiptop/system/tile_prci_domain/element_reset_domain_ChaosCore_tile/core/backend/execution_engine/INT_FUs_1/CSR/mstateen1h_reg0                                                     | BD_i/ChaosCoreTop_0/inst/chiptop/system/chipyard_prcictrl_domain/resetSynchronizer/nodeOut_member_allClocks_uncore_reset_catcher/io_sync_reset_chain/output_chain/sync_0_reg_0                |               14 |             32 |         2.29 |
|  BD_i/zynq_ultra_ps_e_0/inst/pl_clk0 | BD_i/ChaosCoreTop_0/inst/chiptop/system/tile_prci_domain/element_reset_domain_ChaosCore_tile/core/backend/execution_engine/INT_FUs_1/CSR/mstateen2_reg0                                                      | BD_i/ChaosCoreTop_0/inst/chiptop/system/chipyard_prcictrl_domain/resetSynchronizer/nodeOut_member_allClocks_uncore_reset_catcher/io_sync_reset_chain/output_chain/sync_0_reg_0                |               14 |             32 |         2.29 |
|  BD_i/zynq_ultra_ps_e_0/inst/pl_clk0 |                                                                                                                                                                                                              | BD_i/ChaosCoreTop_0/inst/chiptop/system/tile_prci_domain/element_reset_domain_ChaosCore_tile/core/backend/execution_engine/INT_FUs_2/ALU/FU_output/ram_ext/ram_reg_0_63_0_6_i_9__1_0          |               16 |             32 |         2.00 |
|  BD_i/zynq_ultra_ps_e_0/inst/pl_clk0 |                                                                                                                                                                                                              | BD_i/ChaosCoreTop_0/inst/chiptop/system/tile_prci_domain/element_reset_domain_ChaosCore_tile/core/backend/execution_engine/INT_FUs_1/mul/FU_output_io_enq_bits_RD_data_REG0                   |                9 |             32 |         3.56 |
|  BD_i/zynq_ultra_ps_e_0/inst/pl_clk0 |                                                                                                                                                                                                              | BD_i/ChaosCoreTop_0/inst/chiptop/system/tile_prci_domain/element_reset_domain_ChaosCore_tile/core/backend/INT_PRF/LVTBanks_0/memories_3/memories_0_ext/mem_0_0/SR[0]                          |                4 |             32 |         8.00 |
|  BD_i/zynq_ultra_ps_e_0/inst/pl_clk0 |                                                                                                                                                                                                              | BD_i/axi_gpio_0/U0/AXI_LITE_IPIF_I/I_SLAVE_ATTACHMENT/SR[0]                                                                                                                                   |               13 |             32 |         2.46 |
|  BD_i/zynq_ultra_ps_e_0/inst/pl_clk0 |                                                                                                                                                                                                              | BD_i/ChaosCoreTop_0/inst/chiptop/system/tile_prci_domain/element_reset_domain_ChaosCore_tile/core/backend/execution_engine/INT_FUs_1/branch_unit/FU_output/ram_ext/ram_reg_0_63_0_6_i_15__0_0 |               16 |             32 |         2.00 |
|  BD_i/zynq_ultra_ps_e_0/inst/pl_clk0 | BD_i/ChaosCoreTop_0/inst/chiptop/system/tile_prci_domain/element_reset_domain_ChaosCore_tile/core/backend/execution_engine/INT_FUs_1/CSR/mstateen3_reg0                                                      | BD_i/ChaosCoreTop_0/inst/chiptop/system/chipyard_prcictrl_domain/resetSynchronizer/nodeOut_member_allClocks_uncore_reset_catcher/io_sync_reset_chain/output_chain/sync_0_reg_0                |               16 |             32 |         2.00 |
|  BD_i/zynq_ultra_ps_e_0/inst/pl_clk0 | BD_i/ChaosCoreTop_0/inst/chiptop/system/tile_prci_domain/element_reset_domain_ChaosCore_tile/core/backend/execution_engine/INT_FUs_1/CSR/mstatush_reg_NA0                                                    | BD_i/ChaosCoreTop_0/inst/chiptop/system/chipyard_prcictrl_domain/resetSynchronizer/nodeOut_member_allClocks_uncore_reset_catcher/io_sync_reset_chain/output_chain/sync_0_reg_0                |               16 |             32 |         2.00 |
|  BD_i/zynq_ultra_ps_e_0/inst/pl_clk0 | BD_i/ChaosCoreTop_0/inst/chiptop/system/tile_prci_domain/element_reset_domain_ChaosCore_tile/core/backend/execution_engine/INT_FUs_1/CSR/mstateen0_reg                                                       | BD_i/ChaosCoreTop_0/inst/chiptop/system/chipyard_prcictrl_domain/resetSynchronizer/nodeOut_member_allClocks_uncore_reset_catcher/io_sync_reset_chain/output_chain/sync_0_reg_0                |               16 |             32 |         2.00 |
|  BD_i/zynq_ultra_ps_e_0/inst/pl_clk0 | BD_i/ChaosCoreTop_0/inst/chiptop/system/tile_prci_domain/element_reset_domain_ChaosCore_tile/core/backend/execution_engine/INT_FUs_1/CSR/mstateen2h_reg0                                                     | BD_i/ChaosCoreTop_0/inst/chiptop/system/chipyard_prcictrl_domain/resetSynchronizer/nodeOut_member_allClocks_uncore_reset_catcher/io_sync_reset_chain/output_chain/sync_0_reg_0                |               13 |             32 |         2.46 |
|  BD_i/zynq_ultra_ps_e_0/inst/pl_clk0 | BD_i/ChaosCoreTop_0/inst/chiptop/system/coh_wrapper/l2/inclusive_cache_bank_sched/mshrs_0/busy_reg[0]                                                                                                        |                                                                                                                                                                                               |               20 |             33 |         1.65 |
|  BD_i/zynq_ultra_ps_e_0/inst/pl_clk0 | BD_i/ChaosCoreTop_0/inst/chiptop/system/coh_wrapper/l2/inclusive_cache_bank_sched/mshrs_4/request_valid_reg_0                                                                                                |                                                                                                                                                                                               |               14 |             33 |         2.36 |
|  BD_i/zynq_ultra_ps_e_0/inst/pl_clk0 |                                                                                                                                                                                                              | BD_i/ChaosCoreTop_0/inst/chiptop/system/tile_prci_domain/element_reset_domain_ChaosCore_tile/core/backend/execution_engine/INT_FUs_1/branch_unit/FU_output/ram_ext/maybe_full_reg_1           |               17 |             33 |         1.94 |
|  BD_i/zynq_ultra_ps_e_0/inst/pl_clk0 | BD_i/smartconnect_0/inst/s00_entry_pipeline/s00_mmu/inst/aw_sreg/skid_buffer[1144]_i_1__2_n_0                                                                                                                |                                                                                                                                                                                               |                6 |             35 |         5.83 |
|  BD_i/zynq_ultra_ps_e_0/inst/pl_clk0 | BD_i/smartconnect_0/inst/s00_entry_pipeline/s00_mmu/inst/ar_sreg/m_vector_i                                                                                                                                  |                                                                                                                                                                                               |               10 |             35 |         3.50 |
|  BD_i/zynq_ultra_ps_e_0/inst/pl_clk0 | BD_i/smartconnect_0/inst/s00_entry_pipeline/s00_mmu/inst/ar_sreg/skid_buffer[1144]_i_1__1_n_0                                                                                                                |                                                                                                                                                                                               |                9 |             35 |         3.89 |
|  BD_i/zynq_ultra_ps_e_0/inst/pl_clk0 | BD_i/smartconnect_0/inst/s00_entry_pipeline/s00_mmu/inst/aw_reg_stall/m_vector_i                                                                                                                             |                                                                                                                                                                                               |                9 |             35 |         3.89 |
|  BD_i/zynq_ultra_ps_e_0/inst/pl_clk0 | BD_i/smartconnect_0/inst/s00_entry_pipeline/s00_mmu/inst/aw_reg_stall/skid_buffer[1144]_i_1__0_n_0                                                                                                           |                                                                                                                                                                                               |                9 |             35 |         3.89 |
|  BD_i/zynq_ultra_ps_e_0/inst/pl_clk0 | BD_i/smartconnect_0/inst/s00_entry_pipeline/s00_mmu/inst/aw_sreg/m_vector_i                                                                                                                                  |                                                                                                                                                                                               |                6 |             35 |         5.83 |
|  BD_i/zynq_ultra_ps_e_0/inst/pl_clk0 | BD_i/smartconnect_0/inst/s00_entry_pipeline/s00_mmu/inst/ar_reg_stall/skid_buffer[1144]_i_1_n_0                                                                                                              |                                                                                                                                                                                               |                8 |             35 |         4.38 |
|  BD_i/zynq_ultra_ps_e_0/inst/pl_clk0 | BD_i/smartconnect_0/inst/s00_entry_pipeline/s00_mmu/inst/ar_reg_stall/m_vector_i                                                                                                                             |                                                                                                                                                                                               |                8 |             35 |         4.38 |
|  BD_i/zynq_ultra_ps_e_0/inst/pl_clk0 | BD_i/ChaosCoreTop_0/inst/chiptop/system/cbus/buffer/nodeOut_a_q/ram_ext/full_reg_7[0]                                                                                                                        |                                                                                                                                                                                               |               11 |             36 |         3.27 |
|  BD_i/zynq_ultra_ps_e_0/inst/pl_clk0 | BD_i/ChaosCoreTop_0/inst/chiptop/system/coh_wrapper/l2/inclusive_cache_bank_sched/bankedStore/regout_REG                                                                                                     |                                                                                                                                                                                               |                6 |             36 |         6.00 |
|  BD_i/zynq_ultra_ps_e_0/inst/pl_clk0 | BD_i/ChaosCoreTop_0/inst/chiptop/system/coh_wrapper/l2/inclusive_cache_bank_sched/bankedStore/regout_REG_1                                                                                                   |                                                                                                                                                                                               |                4 |             36 |         9.00 |
|  BD_i/zynq_ultra_ps_e_0/inst/pl_clk0 | BD_i/ChaosCoreTop_0/inst/chiptop/system/coh_wrapper/l2/inclusive_cache_bank_sched/bankedStore/regout_REG_2                                                                                                   |                                                                                                                                                                                               |                4 |             36 |         9.00 |
|  BD_i/zynq_ultra_ps_e_0/inst/pl_clk0 | BD_i/ChaosCoreTop_0/inst/chiptop/system/coh_wrapper/l2/inclusive_cache_bank_sched/bankedStore/regout_REG_3                                                                                                   |                                                                                                                                                                                               |                6 |             36 |         6.00 |
|  BD_i/zynq_ultra_ps_e_0/inst/pl_clk0 | BD_i/axi_smc/inst/s01_entry_pipeline/s01_mmu/inst/ar_reg_stall/m_vector_i                                                                                                                                    |                                                                                                                                                                                               |               10 |             38 |         3.80 |
|  BD_i/zynq_ultra_ps_e_0/inst/pl_clk0 | BD_i/axi_smc/inst/s01_entry_pipeline/s01_mmu/inst/aw_reg_stall/m_vector_i                                                                                                                                    |                                                                                                                                                                                               |                8 |             38 |         4.75 |
|  BD_i/zynq_ultra_ps_e_0/inst/pl_clk0 | BD_i/axi_smc/inst/s01_entry_pipeline/s01_mmu/inst/aw_reg_stall/skid_buffer[1136]_i_1__0_n_0                                                                                                                  |                                                                                                                                                                                               |                8 |             38 |         4.75 |
|  BD_i/zynq_ultra_ps_e_0/inst/pl_clk0 | BD_i/axi_smc/inst/s01_entry_pipeline/s01_mmu/inst/ar_reg_stall/skid_buffer[1136]_i_1_n_0                                                                                                                     |                                                                                                                                                                                               |               11 |             38 |         3.45 |
|  BD_i/zynq_ultra_ps_e_0/inst/pl_clk0 | BD_i/smartconnect_0/inst/s00_entry_pipeline/s00_transaction_regulator/inst/gen_endpoint.gen_r_singleorder.r_singleorder/gen_cmd_reg.cmd_reg/i___0_n_0                                                        |                                                                                                                                                                                               |               10 |             39 |         3.90 |
|  BD_i/zynq_ultra_ps_e_0/inst/pl_clk0 | BD_i/ChaosCoreTop_0/inst/chiptop/system/cbus/buffer/nodeOut_a_q/ram_ext/do_enq                                                                                                                               |                                                                                                                                                                                               |               16 |             39 |         2.44 |
|  BD_i/zynq_ultra_ps_e_0/inst/pl_clk0 | BD_i/smartconnect_0/inst/s00_entry_pipeline/s00_transaction_regulator/inst/gen_endpoint.gen_r_singleorder.r_singleorder/gen_cmd_reg.cmd_reg/m_vector_i                                                       |                                                                                                                                                                                               |               10 |             39 |         3.90 |
|  BD_i/zynq_ultra_ps_e_0/inst/pl_clk0 | BD_i/smartconnect_0/inst/s00_entry_pipeline/s00_transaction_regulator/inst/gen_endpoint.gen_w_singleorder.w_singleorder/gen_cmd_reg.cmd_reg/i___0_n_0                                                        |                                                                                                                                                                                               |                9 |             39 |         4.33 |
|  BD_i/zynq_ultra_ps_e_0/inst/pl_clk0 | BD_i/smartconnect_0/inst/s00_entry_pipeline/s00_transaction_regulator/inst/gen_endpoint.gen_w_singleorder.w_singleorder/gen_cmd_reg.cmd_reg/m_vector_i                                                       |                                                                                                                                                                                               |                9 |             39 |         4.33 |
|  BD_i/zynq_ultra_ps_e_0/inst/pl_clk0 | BD_i/ChaosCoreTop_0/inst/chiptop/system/tile_prci_domain/element_reset_domain_ChaosCore_tile/dcache/mshrs/mshrs_1/sdq_enq                                                                                    |                                                                                                                                                                                               |                3 |             40 |        13.33 |
|  BD_i/zynq_ultra_ps_e_0/inst/pl_clk0 | BD_i/ChaosCoreTop_0/inst/chiptop/system/coh_wrapper/l2/inclusive_cache_bank_sched/sourceA/io_a_q/ram_ext/full_reg_8[0]                                                                                       |                                                                                                                                                                                               |               17 |             40 |         2.35 |
|  BD_i/zynq_ultra_ps_e_0/inst/pl_clk0 | BD_i/ChaosCoreTop_0/inst/chiptop/system/tile_prci_domain/element_reset_domain_ChaosCore_tile/dcache/mshrs/mshrs_2/E[0]                                                                                       |                                                                                                                                                                                               |               28 |             40 |         1.43 |
|  BD_i/zynq_ultra_ps_e_0/inst/pl_clk0 | BD_i/ChaosCoreTop_0/inst/chiptop/system/tile_prci_domain/element_reset_domain_ChaosCore_tile/core/backend/execution_engine/INT_FUs_1/branch_unit/FU_output/ram_ext/_arbiter_io_out_valid                     |                                                                                                                                                                                               |                5 |             40 |         8.00 |
|  BD_i/zynq_ultra_ps_e_0/inst/pl_clk0 | BD_i/axi_smc/inst/s00_entry_pipeline/s00_mmu/inst/ar_reg_stall/skid_buffer[1136]_i_1_n_0                                                                                                                     |                                                                                                                                                                                               |               10 |             41 |         4.10 |
|  BD_i/zynq_ultra_ps_e_0/inst/pl_clk0 | BD_i/ChaosCoreTop_0/inst/chiptop/system/tile_prci_domain/element_reset_domain_ChaosCore_tile/widget_1/repeated_repeater/_GEN                                                                                 | BD_i/ChaosCoreTop_0/inst/chiptop/system/tile_prci_domain/element_reset_domain_ChaosCore_tile/widget_1/repeated_repeater/saved_size[0]_i_1_n_0                                                 |               16 |             41 |         2.56 |
|  BD_i/zynq_ultra_ps_e_0/inst/pl_clk0 | BD_i/axi_smc/inst/s00_entry_pipeline/s00_mmu/inst/ar_reg_stall/m_vector_i                                                                                                                                    |                                                                                                                                                                                               |                9 |             41 |         4.56 |
|  BD_i/zynq_ultra_ps_e_0/inst/pl_clk0 | BD_i/axi_smc/inst/s00_entry_pipeline/s00_mmu/inst/aw_reg_stall/skid_buffer[1136]_i_1__0_n_0                                                                                                                  |                                                                                                                                                                                               |               12 |             41 |         3.42 |
|  BD_i/zynq_ultra_ps_e_0/inst/pl_clk0 | BD_i/axi_smc/inst/s00_entry_pipeline/s00_mmu/inst/aw_reg_stall/m_vector_i                                                                                                                                    |                                                                                                                                                                                               |               12 |             41 |         3.42 |
|  BD_i/zynq_ultra_ps_e_0/inst/pl_clk0 | BD_i/ChaosCoreTop_0/inst/chiptop/system/coh_wrapper/l2/inclusive_cache_bank_sched/mshrs_0/E[0]                                                                                                               |                                                                                                                                                                                               |               19 |             42 |         2.21 |
|  BD_i/zynq_ultra_ps_e_0/inst/pl_clk0 | BD_i/smartconnect_0/inst/s00_entry_pipeline/s00_si_converter/inst/converter.wrap_narrow_inst/aw_reg_slice/i___0_n_0                                                                                          |                                                                                                                                                                                               |               12 |             42 |         3.50 |
|  BD_i/zynq_ultra_ps_e_0/inst/pl_clk0 | BD_i/smartconnect_0/inst/s00_entry_pipeline/s00_si_converter/inst/converter.wrap_narrow_inst/ar_reg_slice/m_vector_i                                                                                         |                                                                                                                                                                                               |               13 |             42 |         3.23 |
|  BD_i/zynq_ultra_ps_e_0/inst/pl_clk0 | BD_i/smartconnect_0/inst/s00_entry_pipeline/s00_si_converter/inst/converter.wrap_narrow_inst/ar_reg_slice/i__n_0                                                                                             |                                                                                                                                                                                               |               13 |             42 |         3.23 |
|  BD_i/zynq_ultra_ps_e_0/inst/pl_clk0 | BD_i/smartconnect_0/inst/s00_entry_pipeline/s00_si_converter/inst/converter.wrap_narrow_inst/aw_reg_slice/m_vector_i                                                                                         |                                                                                                                                                                                               |               10 |             42 |         4.20 |
|  BD_i/zynq_ultra_ps_e_0/inst/pl_clk0 | BD_i/ChaosCoreTop_0/inst/chiptop/system/coh_wrapper/l2/inclusive_cache_bank_sched/requests/io_allocate_valid080_out                                                                                          |                                                                                                                                                                                               |               29 |             43 |         1.48 |
|  BD_i/zynq_ultra_ps_e_0/inst/pl_clk0 | BD_i/ChaosCoreTop_0/inst/chiptop/system/coh_wrapper/l2/inclusive_cache_bank_sched/requests/io_allocate_valid090_out                                                                                          |                                                                                                                                                                                               |               23 |             43 |         1.87 |
|  BD_i/zynq_ultra_ps_e_0/inst/pl_clk0 | BD_i/ChaosCoreTop_0/inst/chiptop/system/coh_wrapper/l2/inclusive_cache_bank_sched/requests/io_allocate_valid063_out                                                                                          |                                                                                                                                                                                               |               28 |             44 |         1.57 |
|  BD_i/zynq_ultra_ps_e_0/inst/pl_clk0 | BD_i/ChaosCoreTop_0/inst/chiptop/system/coh_wrapper/l2/inclusive_cache_bank_sched/requests/io_allocate_valid0                                                                                                |                                                                                                                                                                                               |               22 |             44 |         2.00 |
|  BD_i/zynq_ultra_ps_e_0/inst/pl_clk0 | BD_i/ChaosCoreTop_0/inst/chiptop/system/coh_wrapper/l2/inclusive_cache_bank_sched/requests/io_allocate_valid074_out                                                                                          |                                                                                                                                                                                               |               19 |             44 |         2.32 |
|  BD_i/zynq_ultra_ps_e_0/inst/pl_clk0 | BD_i/ChaosCoreTop_0/inst/chiptop/system/coh_wrapper/l2/inclusive_cache_bank_sched/requests/io_allocate_valid068_out                                                                                          |                                                                                                                                                                                               |               27 |             44 |         1.63 |
|  BD_i/zynq_ultra_ps_e_0/inst/pl_clk0 | BD_i/ChaosCoreTop_0/inst/chiptop/system/coh_wrapper/l2/inclusive_cache_bank_sched/requests/io_allocate_valid085_out                                                                                          |                                                                                                                                                                                               |               25 |             44 |         1.76 |
|  BD_i/zynq_ultra_ps_e_0/inst/pl_clk0 | BD_i/ChaosCoreTop_0/inst/chiptop/system/tile_prci_domain/element_reset_domain_ChaosCore_tile/dcache/mshrs/mshrs_3/rpq/ram_ext/E[0]                                                                           |                                                                                                                                                                                               |                3 |             48 |        16.00 |
|  BD_i/zynq_ultra_ps_e_0/inst/pl_clk0 | BD_i/ChaosCoreTop_0/inst/chiptop/system/tile_prci_domain/element_reset_domain_ChaosCore_tile/dcache/mshrs/mshrs_1/rpq/ram_ext/E[0]                                                                           |                                                                                                                                                                                               |                3 |             48 |        16.00 |
|  BD_i/zynq_ultra_ps_e_0/inst/pl_clk0 | BD_i/ChaosCoreTop_0/inst/chiptop/system/tile_prci_domain/element_reset_domain_ChaosCore_tile/dcache/mshrs/mshrs_0/rpq/ram_ext/E[0]                                                                           |                                                                                                                                                                                               |                3 |             48 |        16.00 |
|  BD_i/zynq_ultra_ps_e_0/inst/pl_clk0 | BD_i/ChaosCoreTop_0/inst/chiptop/system/coh_wrapper/l2/inclusive_cache_bank_sched/sourceD/s2_latch                                                                                                           |                                                                                                                                                                                               |               25 |             48 |         1.92 |
|  BD_i/zynq_ultra_ps_e_0/inst/pl_clk0 | BD_i/ChaosCoreTop_0/inst/chiptop/system/coh_wrapper/l2/inclusive_cache_bank_sched/sourceA/io_a_q/ram_ext/do_enq                                                                                              |                                                                                                                                                                                               |                3 |             48 |        16.00 |
|  BD_i/zynq_ultra_ps_e_0/inst/pl_clk0 | BD_i/ChaosCoreTop_0/inst/chiptop/system/tile_prci_domain/element_reset_domain_ChaosCore_tile/dcache/mshrs/mshrs_2/rpq/ram_ext/E[0]                                                                           |                                                                                                                                                                                               |                3 |             48 |        16.00 |
|  BD_i/zynq_ultra_ps_e_0/inst/pl_clk0 | BD_i/ChaosCoreTop_0/inst/chiptop/system/tile_prci_domain/buffer/nodeIn_b_q/ram_ext/do_enq                                                                                                                    |                                                                                                                                                                                               |                3 |             48 |        16.00 |
|  BD_i/zynq_ultra_ps_e_0/inst/pl_clk0 | BD_i/smartconnect_0/inst/s01_entry_pipeline/s01_mmu/inst/ar_sreg/skid_buffer[1144]_i_1__1_n_0                                                                                                                |                                                                                                                                                                                               |                8 |             50 |         6.25 |
|  BD_i/zynq_ultra_ps_e_0/inst/pl_clk0 | BD_i/smartconnect_0/inst/s01_entry_pipeline/s01_mmu/inst/aw_sreg/skid_buffer[1144]_i_1__2_n_0                                                                                                                |                                                                                                                                                                                               |               11 |             50 |         4.55 |
|  BD_i/zynq_ultra_ps_e_0/inst/pl_clk0 | BD_i/smartconnect_0/inst/s01_entry_pipeline/s01_mmu/inst/aw_sreg/m_vector_i                                                                                                                                  |                                                                                                                                                                                               |               11 |             50 |         4.55 |
|  BD_i/zynq_ultra_ps_e_0/inst/pl_clk0 | BD_i/smartconnect_0/inst/s01_entry_pipeline/s01_mmu/inst/aw_reg_stall/skid_buffer[1144]_i_1__0_n_0                                                                                                           |                                                                                                                                                                                               |               10 |             50 |         5.00 |
|  BD_i/zynq_ultra_ps_e_0/inst/pl_clk0 | BD_i/smartconnect_0/inst/s01_entry_pipeline/s01_mmu/inst/ar_reg_stall/m_vector_i                                                                                                                             |                                                                                                                                                                                               |               10 |             50 |         5.00 |
|  BD_i/zynq_ultra_ps_e_0/inst/pl_clk0 | BD_i/smartconnect_0/inst/s01_entry_pipeline/s01_mmu/inst/aw_reg_stall/m_vector_i                                                                                                                             |                                                                                                                                                                                               |               10 |             50 |         5.00 |
|  BD_i/zynq_ultra_ps_e_0/inst/pl_clk0 | BD_i/smartconnect_0/inst/s01_entry_pipeline/s01_mmu/inst/ar_reg_stall/skid_buffer[1144]_i_1_n_0                                                                                                              |                                                                                                                                                                                               |               10 |             50 |         5.00 |
|  BD_i/zynq_ultra_ps_e_0/inst/pl_clk0 | BD_i/smartconnect_0/inst/s01_entry_pipeline/s01_mmu/inst/ar_sreg/m_vector_i                                                                                                                                  |                                                                                                                                                                                               |                8 |             50 |         6.25 |
|  BD_i/zynq_ultra_ps_e_0/inst/pl_clk0 | BD_i/ChaosCoreTop_0/inst/chiptop/system/tile_prci_domain/element_reset_domain_ChaosCore_tile/core/backend/execution_engine/INT_FUs_1/div/decoded_instr_q/ram_ext/do_enq_0                                    |                                                                                                                                                                                               |                7 |             52 |         7.43 |
|  BD_i/zynq_ultra_ps_e_0/inst/pl_clk0 | BD_i/ChaosCoreTop_0/inst/chiptop/system/coh_wrapper/l2/inclusive_cache_bank_sched/mshrs_0/p_2_in_0                                                                                                           |                                                                                                                                                                                               |                7 |             52 |         7.43 |
|  BD_i/zynq_ultra_ps_e_0/inst/pl_clk0 | BD_i/ChaosCoreTop_0/inst/chiptop/system/tile_prci_domain/element_reset_domain_ChaosCore_tile/core/backend/INT_RS_3/reservation_station_3_valid_reg_7[0]                                                      | BD_i/ChaosCoreTop_0/inst/chiptop/system/tile_prci_domain/element_reset_domain_ChaosCore_tile/core/backend/INT_RS_3/reservation_station_0_decoded_instruction_ROB_index[5]_i_1__4_n_0          |               30 |             53 |         1.77 |
|  BD_i/zynq_ultra_ps_e_0/inst/pl_clk0 | BD_i/ChaosCoreTop_0/inst/chiptop/system/tile_prci_domain/element_reset_domain_ChaosCore_tile/core/backend/INT_RS_3/reservation_station_3_valid_reg_6[0]                                                      | BD_i/ChaosCoreTop_0/inst/chiptop/system/tile_prci_domain/element_reset_domain_ChaosCore_tile/core/backend/INT_RS_3/reservation_station_2_decoded_instruction_ROB_index[5]_i_1__4_n_0          |               32 |             53 |         1.66 |
|  BD_i/zynq_ultra_ps_e_0/inst/pl_clk0 | BD_i/ChaosCoreTop_0/inst/chiptop/system/tile_prci_domain/element_reset_domain_ChaosCore_tile/core/backend/INT_RS_3/reservation_station_3_valid_reg_5[0]                                                      | BD_i/ChaosCoreTop_0/inst/chiptop/system/tile_prci_domain/element_reset_domain_ChaosCore_tile/core/backend/INT_RS_3/reservation_station_3_decoded_instruction_ROB_index[5]_i_1__4_n_0          |               28 |             53 |         1.89 |
|  BD_i/zynq_ultra_ps_e_0/inst/pl_clk0 | BD_i/ChaosCoreTop_0/inst/chiptop/system/tile_prci_domain/element_reset_domain_ChaosCore_tile/core/backend/INT_RS_3/E[0]                                                                                      | BD_i/ChaosCoreTop_0/inst/chiptop/system/tile_prci_domain/element_reset_domain_ChaosCore_tile/core/backend/INT_RS_3/reservation_station_4_decoded_instruction_ROB_index[5]_i_1__4_n_0          |               26 |             53 |         2.04 |
|  BD_i/zynq_ultra_ps_e_0/inst/pl_clk0 | BD_i/ChaosCoreTop_0/inst/chiptop/system/tile_prci_domain/element_reset_domain_ChaosCore_tile/core/backend/INT_RS_3/reservation_station_3_valid_reg_4[0]                                                      | BD_i/ChaosCoreTop_0/inst/chiptop/system/tile_prci_domain/element_reset_domain_ChaosCore_tile/core/backend/INT_RS_3/reservation_station_5_decoded_instruction_ROB_index[5]_i_1__4_n_0          |               27 |             53 |         1.96 |
|  BD_i/zynq_ultra_ps_e_0/inst/pl_clk0 | BD_i/ChaosCoreTop_0/inst/chiptop/system/tile_prci_domain/element_reset_domain_ChaosCore_tile/core/backend/INT_RS_3/reservation_station_3_valid_reg_3[0]                                                      | BD_i/ChaosCoreTop_0/inst/chiptop/system/tile_prci_domain/element_reset_domain_ChaosCore_tile/core/backend/INT_RS_3/reservation_station_6_decoded_instruction_ROB_index[5]_i_1__4_n_0          |               25 |             53 |         2.12 |
|  BD_i/zynq_ultra_ps_e_0/inst/pl_clk0 | BD_i/ChaosCoreTop_0/inst/chiptop/system/tile_prci_domain/element_reset_domain_ChaosCore_tile/core/backend/INT_RS_3/reservation_station_3_valid_reg_2[0]                                                      | BD_i/ChaosCoreTop_0/inst/chiptop/system/tile_prci_domain/element_reset_domain_ChaosCore_tile/core/backend/INT_RS_3/reservation_station_7_decoded_instruction_ROB_index[5]_i_1__4_n_0          |               26 |             53 |         2.04 |
|  BD_i/zynq_ultra_ps_e_0/inst/pl_clk0 | BD_i/ChaosCoreTop_0/inst/chiptop/system/tile_prci_domain/element_reset_domain_ChaosCore_tile/core/backend/INT_RS_3/reservation_station_3_valid_reg_1[0]                                                      | BD_i/ChaosCoreTop_0/inst/chiptop/system/tile_prci_domain/element_reset_domain_ChaosCore_tile/core/backend/INT_RS_3/reservation_station_1_decoded_instruction_ROB_index[5]_i_1__4_n_0          |               30 |             53 |         1.77 |
|  BD_i/zynq_ultra_ps_e_0/inst/pl_clk0 | BD_i/smartconnect_0/inst/m00_exit_pipeline/m00_exit/inst/ar_reg/skid_buffer[1144]_i_1_n_0                                                                                                                    |                                                                                                                                                                                               |               13 |             54 |         4.15 |
|  BD_i/zynq_ultra_ps_e_0/inst/pl_clk0 | BD_i/smartconnect_0/inst/m00_exit_pipeline/m00_exit/inst/ar_reg/m_vector_i                                                                                                                                   |                                                                                                                                                                                               |               13 |             54 |         4.15 |
|  BD_i/zynq_ultra_ps_e_0/inst/pl_clk0 | BD_i/smartconnect_0/inst/m00_exit_pipeline/m00_exit/inst/aw_reg/m_vector_i                                                                                                                                   |                                                                                                                                                                                               |               10 |             54 |         5.40 |
|  BD_i/zynq_ultra_ps_e_0/inst/pl_clk0 | BD_i/smartconnect_0/inst/m00_exit_pipeline/m00_exit/inst/aw_reg/skid_buffer[1144]_i_1__0_n_0                                                                                                                 |                                                                                                                                                                                               |               10 |             54 |         5.40 |
|  BD_i/zynq_ultra_ps_e_0/inst/pl_clk0 | BD_i/ChaosCoreTop_0/inst/chiptop/system/sbus/coupler_to_port_named_mmio_port_axi4/tl2axi4/queue_arw_deq_q/do_enq                                                                                             |                                                                                                                                                                                               |               21 |             55 |         2.62 |
|  BD_i/zynq_ultra_ps_e_0/inst/pl_clk0 | BD_i/smartconnect_0/inst/s01_entry_pipeline/s01_transaction_regulator/inst/gen_endpoint.gen_r_singleorder.r_singleorder/gen_cmd_reg.cmd_reg/i___0_n_0                                                        |                                                                                                                                                                                               |               11 |             55 |         5.00 |
|  BD_i/zynq_ultra_ps_e_0/inst/pl_clk0 | BD_i/smartconnect_0/inst/s01_entry_pipeline/s01_transaction_regulator/inst/gen_endpoint.gen_r_singleorder.r_singleorder/gen_cmd_reg.cmd_reg/m_vector_i                                                       |                                                                                                                                                                                               |               11 |             55 |         5.00 |
|  BD_i/zynq_ultra_ps_e_0/inst/pl_clk0 | BD_i/smartconnect_0/inst/s01_entry_pipeline/s01_transaction_regulator/inst/gen_endpoint.gen_w_singleorder.w_singleorder/gen_cmd_reg.cmd_reg/i___0_n_0                                                        |                                                                                                                                                                                               |               13 |             55 |         4.23 |
|  BD_i/zynq_ultra_ps_e_0/inst/pl_clk0 | BD_i/smartconnect_0/inst/s01_entry_pipeline/s01_transaction_regulator/inst/gen_endpoint.gen_w_singleorder.w_singleorder/gen_cmd_reg.cmd_reg/m_vector_i                                                       |                                                                                                                                                                                               |               13 |             55 |         4.23 |
|  BD_i/zynq_ultra_ps_e_0/inst/pl_clk0 | BD_i/ChaosCoreTop_0/inst/chiptop/system/tile_prci_domain/element_reset_domain_ChaosCore_tile/dcache/mshrs/mshrs_1/rpq/ram_ext/_rpq_io_enq_valid_T_1                                                          |                                                                                                                                                                                               |               38 |             56 |         1.47 |
|  BD_i/zynq_ultra_ps_e_0/inst/pl_clk0 | BD_i/ChaosCoreTop_0/inst/chiptop/system/tile_prci_domain/element_reset_domain_ChaosCore_tile/dcache/mshrs/mshrs_1/rpq/ram_ext/_rpq_io_enq_valid_T                                                            |                                                                                                                                                                                               |               40 |             56 |         1.40 |
|  BD_i/zynq_ultra_ps_e_0/inst/pl_clk0 | BD_i/ChaosCoreTop_0/inst/chiptop/system/tile_prci_domain/element_reset_domain_ChaosCore_tile/dcache/mshrs/mshrs_1/rpq/ram_ext/_rpq_io_enq_valid_T_0                                                          |                                                                                                                                                                                               |               36 |             56 |         1.56 |
|  BD_i/zynq_ultra_ps_e_0/inst/pl_clk0 | BD_i/ChaosCoreTop_0/inst/chiptop/system/tile_prci_domain/element_reset_domain_ChaosCore_tile/dcache/mshrs/mshrs_1/rpq/ram_ext/state_reg[3]                                                                   |                                                                                                                                                                                               |               36 |             56 |         1.56 |
|  BD_i/zynq_ultra_ps_e_0/inst/pl_clk0 | BD_i/ChaosCoreTop_0/inst/chiptop/system/tile_prci_domain/element_reset_domain_ChaosCore_tile/core/backend/INT_RS_0/reservation_station_3_valid_reg_7[0]                                                      | BD_i/ChaosCoreTop_0/inst/chiptop/system/tile_prci_domain/element_reset_domain_ChaosCore_tile/core/backend/INT_RS_0/reservation_station_0_decoded_instruction_assigned_port                    |               29 |             57 |         1.97 |
|  BD_i/zynq_ultra_ps_e_0/inst/pl_clk0 | BD_i/ChaosCoreTop_0/inst/chiptop/system/tile_prci_domain/element_reset_domain_ChaosCore_tile/core/backend/INT_RS_2/reservation_station_3_valid_reg_7[0]                                                      | BD_i/ChaosCoreTop_0/inst/chiptop/system/tile_prci_domain/element_reset_domain_ChaosCore_tile/core/backend/INT_RS_2/reservation_station_0_decoded_instruction_ROB_index[5]_i_1__3_n_0          |               31 |             57 |         1.84 |
|  BD_i/zynq_ultra_ps_e_0/inst/pl_clk0 | BD_i/ChaosCoreTop_0/inst/chiptop/system/tile_prci_domain/element_reset_domain_ChaosCore_tile/core/backend/INT_RS_0/reservation_station_3_valid_reg_6[0]                                                      | BD_i/ChaosCoreTop_0/inst/chiptop/system/tile_prci_domain/element_reset_domain_ChaosCore_tile/core/backend/INT_RS_0/reservation_station_2_decoded_instruction_assigned_port                    |               28 |             57 |         2.04 |
|  BD_i/zynq_ultra_ps_e_0/inst/pl_clk0 | BD_i/ChaosCoreTop_0/inst/chiptop/system/tile_prci_domain/element_reset_domain_ChaosCore_tile/core/backend/INT_RS_0/reservation_station_3_valid_reg_5[0]                                                      | BD_i/ChaosCoreTop_0/inst/chiptop/system/tile_prci_domain/element_reset_domain_ChaosCore_tile/core/backend/INT_RS_0/reservation_station_3_decoded_instruction_assigned_port                    |               26 |             57 |         2.19 |
|  BD_i/zynq_ultra_ps_e_0/inst/pl_clk0 | BD_i/ChaosCoreTop_0/inst/chiptop/system/tile_prci_domain/element_reset_domain_ChaosCore_tile/core/backend/INT_RS_0/reservation_station_3_valid_reg_4[0]                                                      | BD_i/ChaosCoreTop_0/inst/chiptop/system/tile_prci_domain/element_reset_domain_ChaosCore_tile/core/backend/INT_RS_0/reservation_station_5_decoded_instruction_assigned_port                    |               29 |             57 |         1.97 |
|  BD_i/zynq_ultra_ps_e_0/inst/pl_clk0 | BD_i/ChaosCoreTop_0/inst/chiptop/system/tile_prci_domain/element_reset_domain_ChaosCore_tile/core/backend/INT_RS_0/reservation_station_3_valid_reg_3[0]                                                      | BD_i/ChaosCoreTop_0/inst/chiptop/system/tile_prci_domain/element_reset_domain_ChaosCore_tile/core/backend/INT_RS_0/reservation_station_6_decoded_instruction_assigned_port                    |               28 |             57 |         2.04 |
|  BD_i/zynq_ultra_ps_e_0/inst/pl_clk0 | BD_i/ChaosCoreTop_0/inst/chiptop/system/tile_prci_domain/element_reset_domain_ChaosCore_tile/core/backend/INT_RS_0/reservation_station_3_valid_reg_1[0]                                                      | BD_i/ChaosCoreTop_0/inst/chiptop/system/tile_prci_domain/element_reset_domain_ChaosCore_tile/core/backend/INT_RS_0/reservation_station_1_decoded_instruction_assigned_port                    |               29 |             57 |         1.97 |
|  BD_i/zynq_ultra_ps_e_0/inst/pl_clk0 | BD_i/ChaosCoreTop_0/inst/chiptop/system/tile_prci_domain/element_reset_domain_ChaosCore_tile/core/backend/INT_RS_2/E[0]                                                                                      | BD_i/ChaosCoreTop_0/inst/chiptop/system/tile_prci_domain/element_reset_domain_ChaosCore_tile/core/backend/INT_RS_2/reservation_station_4_decoded_instruction_ROB_index[5]_i_1__3_n_0          |               30 |             57 |         1.90 |
|  BD_i/zynq_ultra_ps_e_0/inst/pl_clk0 | BD_i/ChaosCoreTop_0/inst/chiptop/system/tile_prci_domain/element_reset_domain_ChaosCore_tile/core/backend/INT_RS_2/reservation_station_3_valid_reg_1[0]                                                      | BD_i/ChaosCoreTop_0/inst/chiptop/system/tile_prci_domain/element_reset_domain_ChaosCore_tile/core/backend/INT_RS_2/reservation_station_1_decoded_instruction_ROB_index[5]_i_1__3_n_0          |               30 |             57 |         1.90 |
|  BD_i/zynq_ultra_ps_e_0/inst/pl_clk0 | BD_i/ChaosCoreTop_0/inst/chiptop/system/tile_prci_domain/element_reset_domain_ChaosCore_tile/core/backend/INT_RS_2/reservation_station_3_valid_reg_2[0]                                                      | BD_i/ChaosCoreTop_0/inst/chiptop/system/tile_prci_domain/element_reset_domain_ChaosCore_tile/core/backend/INT_RS_2/reservation_station_7_decoded_instruction_ROB_index[5]_i_1__3_n_0          |               28 |             57 |         2.04 |
|  BD_i/zynq_ultra_ps_e_0/inst/pl_clk0 | BD_i/ChaosCoreTop_0/inst/chiptop/system/tile_prci_domain/element_reset_domain_ChaosCore_tile/core/backend/INT_RS_2/reservation_station_3_valid_reg_3[0]                                                      | BD_i/ChaosCoreTop_0/inst/chiptop/system/tile_prci_domain/element_reset_domain_ChaosCore_tile/core/backend/INT_RS_2/reservation_station_6_decoded_instruction_ROB_index[5]_i_1__3_n_0          |               29 |             57 |         1.97 |
|  BD_i/zynq_ultra_ps_e_0/inst/pl_clk0 | BD_i/ChaosCoreTop_0/inst/chiptop/system/tile_prci_domain/element_reset_domain_ChaosCore_tile/core/backend/INT_RS_2/reservation_station_3_valid_reg_4[0]                                                      | BD_i/ChaosCoreTop_0/inst/chiptop/system/tile_prci_domain/element_reset_domain_ChaosCore_tile/core/backend/INT_RS_2/reservation_station_5_decoded_instruction_ROB_index[5]_i_1__3_n_0          |               30 |             57 |         1.90 |
|  BD_i/zynq_ultra_ps_e_0/inst/pl_clk0 |                                                                                                                                                                                                              | BD_i/smartconnect_0/inst/clk_map/psr_aclk/U0/M00_ARESETN[0]                                                                                                                                   |               19 |             57 |         3.00 |
|  BD_i/zynq_ultra_ps_e_0/inst/pl_clk0 | BD_i/ChaosCoreTop_0/inst/chiptop/system/tile_prci_domain/element_reset_domain_ChaosCore_tile/core/backend/INT_RS_2/reservation_station_3_valid_reg_5[0]                                                      | BD_i/ChaosCoreTop_0/inst/chiptop/system/tile_prci_domain/element_reset_domain_ChaosCore_tile/core/backend/INT_RS_2/reservation_station_3_decoded_instruction_ROB_index[5]_i_1__3_n_0          |               30 |             57 |         1.90 |
|  BD_i/zynq_ultra_ps_e_0/inst/pl_clk0 | BD_i/ChaosCoreTop_0/inst/chiptop/system/tile_prci_domain/element_reset_domain_ChaosCore_tile/core/backend/INT_RS_2/reservation_station_3_valid_reg_6[0]                                                      | BD_i/ChaosCoreTop_0/inst/chiptop/system/tile_prci_domain/element_reset_domain_ChaosCore_tile/core/backend/INT_RS_2/reservation_station_2_decoded_instruction_ROB_index[5]_i_1__3_n_0          |               32 |             57 |         1.78 |
|  BD_i/zynq_ultra_ps_e_0/inst/pl_clk0 | BD_i/ChaosCoreTop_0/inst/chiptop/system/tile_prci_domain/element_reset_domain_ChaosCore_tile/core/backend/INT_RS_0/reservation_station_3_valid_reg_2[0]                                                      | BD_i/ChaosCoreTop_0/inst/chiptop/system/tile_prci_domain/element_reset_domain_ChaosCore_tile/core/backend/INT_RS_0/reservation_station_7_decoded_instruction_assigned_port                    |               28 |             57 |         2.04 |
|  BD_i/zynq_ultra_ps_e_0/inst/pl_clk0 | BD_i/ChaosCoreTop_0/inst/chiptop/system/tile_prci_domain/element_reset_domain_ChaosCore_tile/core/backend/INT_RS_0/E[0]                                                                                      | BD_i/ChaosCoreTop_0/inst/chiptop/system/tile_prci_domain/element_reset_domain_ChaosCore_tile/core/backend/INT_RS_0/reservation_station_4_decoded_instruction_assigned_port                    |               25 |             57 |         2.28 |
|  BD_i/zynq_ultra_ps_e_0/inst/pl_clk0 |                                                                                                                                                                                                              | BD_i/axi_gpio_1/U0/AXI_LITE_IPIF_I/I_SLAVE_ATTACHMENT/SR[0]                                                                                                                                   |               22 |             58 |         2.64 |
|  BD_i/zynq_ultra_ps_e_0/inst/pl_clk0 | BD_i/ChaosCoreTop_0/inst/chiptop/system/tile_prci_domain/element_reset_domain_ChaosCore_tile/core/backend/INT_RS_1/reservation_station_3_valid_reg_6[0]                                                      | BD_i/ChaosCoreTop_0/inst/chiptop/system/tile_prci_domain/element_reset_domain_ChaosCore_tile/core/backend/INT_RS_1/reservation_station_2_decoded_instruction_ROB_index[5]_i_1__2_n_0          |               30 |             58 |         1.93 |
|  BD_i/zynq_ultra_ps_e_0/inst/pl_clk0 | BD_i/ChaosCoreTop_0/inst/chiptop/system/tile_prci_domain/element_reset_domain_ChaosCore_tile/core/backend/INT_RS_1/reservation_station_3_valid_reg_5[0]                                                      | BD_i/ChaosCoreTop_0/inst/chiptop/system/tile_prci_domain/element_reset_domain_ChaosCore_tile/core/backend/INT_RS_1/reservation_station_3_decoded_instruction_ROB_index[5]_i_1__2_n_0          |               32 |             58 |         1.81 |
|  BD_i/zynq_ultra_ps_e_0/inst/pl_clk0 | BD_i/ChaosCoreTop_0/inst/chiptop/system/tile_prci_domain/element_reset_domain_ChaosCore_tile/core/backend/INT_RS_1/reservation_station_3_valid_reg_7[0]                                                      | BD_i/ChaosCoreTop_0/inst/chiptop/system/tile_prci_domain/element_reset_domain_ChaosCore_tile/core/backend/INT_RS_1/reservation_station_0_decoded_instruction_ROB_index[5]_i_1__2_n_0          |               35 |             58 |         1.66 |
|  BD_i/zynq_ultra_ps_e_0/inst/pl_clk0 | BD_i/ChaosCoreTop_0/inst/chiptop/system/tile_prci_domain/element_reset_domain_ChaosCore_tile/core/backend/INT_RS_1/reservation_station_3_valid_reg_4[0]                                                      | BD_i/ChaosCoreTop_0/inst/chiptop/system/tile_prci_domain/element_reset_domain_ChaosCore_tile/core/backend/INT_RS_1/reservation_station_5_decoded_instruction_ROB_index[5]_i_1__2_n_0          |               33 |             58 |         1.76 |
|  BD_i/zynq_ultra_ps_e_0/inst/pl_clk0 | BD_i/ChaosCoreTop_0/inst/chiptop/system/tile_prci_domain/element_reset_domain_ChaosCore_tile/core/backend/INT_RS_1/reservation_station_3_valid_reg_3[0]                                                      | BD_i/ChaosCoreTop_0/inst/chiptop/system/tile_prci_domain/element_reset_domain_ChaosCore_tile/core/backend/INT_RS_1/reservation_station_6_decoded_instruction_ROB_index[5]_i_1__2_n_0          |               32 |             58 |         1.81 |
|  BD_i/zynq_ultra_ps_e_0/inst/pl_clk0 | BD_i/ChaosCoreTop_0/inst/chiptop/system/tile_prci_domain/element_reset_domain_ChaosCore_tile/core/backend/INT_RS_1/E[0]                                                                                      | BD_i/ChaosCoreTop_0/inst/chiptop/system/tile_prci_domain/element_reset_domain_ChaosCore_tile/core/backend/INT_RS_1/reservation_station_4_decoded_instruction_ROB_index[5]_i_1__2_n_0          |               33 |             58 |         1.76 |
|  BD_i/zynq_ultra_ps_e_0/inst/pl_clk0 | BD_i/ChaosCoreTop_0/inst/chiptop/system/tile_prci_domain/element_reset_domain_ChaosCore_tile/core/backend/INT_RS_1/reservation_station_3_valid_reg_1[0]                                                      | BD_i/ChaosCoreTop_0/inst/chiptop/system/tile_prci_domain/element_reset_domain_ChaosCore_tile/core/backend/INT_RS_1/reservation_station_1_decoded_instruction_ROB_index[5]_i_1__2_n_0          |               31 |             58 |         1.87 |
|  BD_i/zynq_ultra_ps_e_0/inst/pl_clk0 | BD_i/ChaosCoreTop_0/inst/chiptop/system/tile_prci_domain/element_reset_domain_ChaosCore_tile/core/backend/INT_RS_1/reservation_station_3_valid_reg_2[0]                                                      | BD_i/ChaosCoreTop_0/inst/chiptop/system/tile_prci_domain/element_reset_domain_ChaosCore_tile/core/backend/INT_RS_1/reservation_station_7_decoded_instruction_ROB_index[5]_i_1__2_n_0          |               34 |             58 |         1.71 |
|  BD_i/zynq_ultra_ps_e_0/inst/pl_clk0 | BD_i/smartconnect_0/inst/s01_entry_pipeline/s01_si_converter/inst/converter.wrap_narrow_inst/ar_reg_slice/m_vector_i                                                                                         |                                                                                                                                                                                               |               16 |             59 |         3.69 |
|  BD_i/zynq_ultra_ps_e_0/inst/pl_clk0 | BD_i/smartconnect_0/inst/s01_entry_pipeline/s01_si_converter/inst/converter.wrap_narrow_inst/ar_reg_slice/i__n_0                                                                                             |                                                                                                                                                                                               |               17 |             59 |         3.47 |
|  BD_i/zynq_ultra_ps_e_0/inst/pl_clk0 | BD_i/smartconnect_0/inst/s01_entry_pipeline/s01_si_converter/inst/converter.wrap_narrow_inst/aw_reg_slice/m_vector_i                                                                                         |                                                                                                                                                                                               |               14 |             59 |         4.21 |
|  BD_i/zynq_ultra_ps_e_0/inst/pl_clk0 | BD_i/smartconnect_0/inst/s01_entry_pipeline/s01_si_converter/inst/converter.wrap_narrow_inst/aw_reg_slice/i___0_n_0                                                                                          |                                                                                                                                                                                               |               16 |             59 |         3.69 |
|  BD_i/zynq_ultra_ps_e_0/inst/pl_clk0 | BD_i/smartconnect_0/inst/s00_entry_pipeline/s00_si_converter/inst/converter.wrap_narrow_inst/w_shelve_d                                                                                                      |                                                                                                                                                                                               |               17 |             63 |         3.71 |
|  BD_i/zynq_ultra_ps_e_0/inst/pl_clk0 | BD_i/smartconnect_0/inst/s01_entry_pipeline/s01_si_converter/inst/converter.wrap_narrow_inst/w_shelve_d                                                                                                      |                                                                                                                                                                                               |               17 |             63 |         3.71 |
|  BD_i/zynq_ultra_ps_e_0/inst/pl_clk0 | BD_i/ChaosCoreTop_0/inst/chiptop/system/tile_prci_domain/buffer/nodeIn_d_q/ram_ext/count_reg_2[0]                                                                                                            |                                                                                                                                                                                               |               28 |             64 |         2.29 |
|  BD_i/zynq_ultra_ps_e_0/inst/pl_clk0 | BD_i/ChaosCoreTop_0/inst/chiptop/system/coh_wrapper/l2/inclusive_cache_bank_sched/sourceD/s2_valid_pb                                                                                                        |                                                                                                                                                                                               |               20 |             64 |         3.20 |
|  BD_i/zynq_ultra_ps_e_0/inst/pl_clk0 | BD_i/ChaosCoreTop_0/inst/chiptop/system/tile_prci_domain/buffer/nodeIn_d_q/ram_ext/count_reg_1[0]                                                                                                            |                                                                                                                                                                                               |               26 |             64 |         2.46 |
|  BD_i/zynq_ultra_ps_e_0/inst/pl_clk0 | BD_i/ChaosCoreTop_0/inst/chiptop/system/sbus/coupler_to_port_named_mmio_port_axi4/tl2axi4/queue_arw_deq_q/do_enq_7                                                                                           |                                                                                                                                                                                               |                4 |             64 |        16.00 |
|  BD_i/zynq_ultra_ps_e_0/inst/pl_clk0 | BD_i/ChaosCoreTop_0/inst/chiptop/system/sbus/coupler_to_port_named_mmio_port_axi4/tl2axi4/queue_arw_deq_q/do_enq_6                                                                                           |                                                                                                                                                                                               |                4 |             64 |        16.00 |
|  BD_i/zynq_ultra_ps_e_0/inst/pl_clk0 | BD_i/ChaosCoreTop_0/inst/chiptop/system/cbus/buffer/nodeOut_a_q/ram_ext/do_enq_0                                                                                                                             |                                                                                                                                                                                               |                4 |             64 |        16.00 |
|  BD_i/zynq_ultra_ps_e_0/inst/pl_clk0 |                                                                                                                                                                                                              | BD_i/axi_gpio_0/U0/AXI_LITE_IPIF_I/I_SLAVE_ATTACHMENT/I_DECODER/bus2ip_rnw_i_reg_0                                                                                                            |               17 |             64 |         3.76 |
|  BD_i/zynq_ultra_ps_e_0/inst/pl_clk0 | BD_i/ChaosCoreTop_0/inst/chiptop/system/tile_prci_domain/element_reset_domain_ChaosCore_tile/core/backend/execution_engine/INT_FUs_3/AGU/FU_output/ram_ext/clock_uncore_28[0]                                | BD_i/ChaosCoreTop_0/inst/chiptop/system/chipyard_prcictrl_domain/resetSynchronizer/nodeOut_member_allClocks_uncore_reset_catcher/io_sync_reset_chain/output_chain/sync_0_reg_116[0]           |               27 |             64 |         2.37 |
|  BD_i/zynq_ultra_ps_e_0/inst/pl_clk0 | BD_i/ChaosCoreTop_0/inst/chiptop/system/tile_prci_domain/element_reset_domain_ChaosCore_tile/core/backend/execution_engine/INT_FUs_3/AGU/FU_output/ram_ext/E[0]                                              | BD_i/ChaosCoreTop_0/inst/chiptop/system/chipyard_prcictrl_domain/resetSynchronizer/nodeOut_member_allClocks_uncore_reset_catcher/io_sync_reset_chain/output_chain/sync_0_reg_98[0]            |               22 |             64 |         2.91 |
|  BD_i/zynq_ultra_ps_e_0/inst/pl_clk0 | BD_i/ChaosCoreTop_0/inst/chiptop/system/bank/ram/REG                                                                                                                                                         |                                                                                                                                                                                               |               19 |             64 |         3.37 |
|  BD_i/zynq_ultra_ps_e_0/inst/pl_clk0 | BD_i/ChaosCoreTop_0/inst/chiptop/system/tile_prci_domain/element_reset_domain_ChaosCore_tile/core/backend/execution_engine/INT_FUs_3/AGU/FU_output/ram_ext/clock_uncore_4[0]                                 | BD_i/ChaosCoreTop_0/inst/chiptop/system/chipyard_prcictrl_domain/resetSynchronizer/nodeOut_member_allClocks_uncore_reset_catcher/io_sync_reset_chain/output_chain/sync_0_reg_94[0]            |               26 |             64 |         2.46 |
|  BD_i/zynq_ultra_ps_e_0/inst/pl_clk0 | BD_i/ChaosCoreTop_0/inst/chiptop/system/tile_prci_domain/element_reset_domain_ChaosCore_tile/core/backend/execution_engine/INT_FUs_3/AGU/FU_output/ram_ext/clock_uncore_42[0]                                | BD_i/ChaosCoreTop_0/inst/chiptop/system/chipyard_prcictrl_domain/resetSynchronizer/nodeOut_member_allClocks_uncore_reset_catcher/io_sync_reset_chain/output_chain/sync_0_reg_108[0]           |               19 |             64 |         3.37 |
|  BD_i/zynq_ultra_ps_e_0/inst/pl_clk0 | BD_i/ChaosCoreTop_0/inst/chiptop/system/tile_prci_domain/element_reset_domain_ChaosCore_tile/core/backend/execution_engine/INT_FUs_3/AGU/FU_output/ram_ext/clock_uncore_45[0]                                | BD_i/ChaosCoreTop_0/inst/chiptop/system/chipyard_prcictrl_domain/resetSynchronizer/nodeOut_member_allClocks_uncore_reset_catcher/io_sync_reset_chain/output_chain/sync_0_reg_90[0]            |               23 |             64 |         2.78 |
|  BD_i/zynq_ultra_ps_e_0/inst/pl_clk0 | BD_i/ChaosCoreTop_0/inst/chiptop/system/tile_prci_domain/element_reset_domain_ChaosCore_tile/core/backend/execution_engine/INT_FUs_3/AGU/FU_output/ram_ext/clock_uncore_7[0]                                 | BD_i/ChaosCoreTop_0/inst/chiptop/system/chipyard_prcictrl_domain/resetSynchronizer/nodeOut_member_allClocks_uncore_reset_catcher/io_sync_reset_chain/output_chain/sync_0_reg_106[0]           |               24 |             64 |         2.67 |
|  BD_i/zynq_ultra_ps_e_0/inst/pl_clk0 | BD_i/ChaosCoreTop_0/inst/chiptop/system/tile_prci_domain/element_reset_domain_ChaosCore_tile/core/ROB/ROB_instruction_banks_0/insn_mem/insn_mem_ext/mem_0_0/front_pointer_reg[5]                             |                                                                                                                                                                                               |                8 |             64 |         8.00 |
|  BD_i/zynq_ultra_ps_e_0/inst/pl_clk0 | BD_i/ChaosCoreTop_0/inst/chiptop/system/tile_prci_domain/element_reset_domain_ChaosCore_tile/core/backend/execution_engine/INT_FUs_3/AGU/FU_output/ram_ext/clock_uncore_39[0]                                | BD_i/ChaosCoreTop_0/inst/chiptop/system/chipyard_prcictrl_domain/resetSynchronizer/nodeOut_member_allClocks_uncore_reset_catcher/io_sync_reset_chain/output_chain/sync_0_reg_104[0]           |               18 |             64 |         3.56 |
|  BD_i/zynq_ultra_ps_e_0/inst/pl_clk0 | BD_i/ChaosCoreTop_0/inst/chiptop/system/tile_prci_domain/element_reset_domain_ChaosCore_tile/core/backend/execution_engine/INT_FUs_3/AGU/FU_output/ram_ext/clock_uncore_36[0]                                | BD_i/ChaosCoreTop_0/inst/chiptop/system/chipyard_prcictrl_domain/resetSynchronizer/nodeOut_member_allClocks_uncore_reset_catcher/io_sync_reset_chain/output_chain/sync_0_reg_92[0]            |               22 |             64 |         2.91 |
|  BD_i/zynq_ultra_ps_e_0/inst/pl_clk0 | BD_i/ChaosCoreTop_0/inst/chiptop/system/tile_prci_domain/element_reset_domain_ChaosCore_tile/core/backend/execution_engine/INT_FUs_3/AGU/FU_output/ram_ext/clock_uncore_1[0]                                 | BD_i/ChaosCoreTop_0/inst/chiptop/system/chipyard_prcictrl_domain/resetSynchronizer/nodeOut_member_allClocks_uncore_reset_catcher/io_sync_reset_chain/output_chain/sync_0_reg_96[0]            |               22 |             64 |         2.91 |
|  BD_i/zynq_ultra_ps_e_0/inst/pl_clk0 | BD_i/ChaosCoreTop_0/inst/chiptop/system/tile_prci_domain/element_reset_domain_ChaosCore_tile/core/backend/execution_engine/INT_FUs_3/AGU/FU_output/ram_ext/clock_uncore_10[0]                                | BD_i/ChaosCoreTop_0/inst/chiptop/system/chipyard_prcictrl_domain/resetSynchronizer/nodeOut_member_allClocks_uncore_reset_catcher/io_sync_reset_chain/output_chain/sync_0_reg_100[0]           |               24 |             64 |         2.67 |
|  BD_i/zynq_ultra_ps_e_0/inst/pl_clk0 | BD_i/ChaosCoreTop_0/inst/chiptop/system/tile_prci_domain/element_reset_domain_ChaosCore_tile/core/backend/execution_engine/INT_FUs_3/AGU/FU_output/ram_ext/clock_uncore_13[0]                                | BD_i/ChaosCoreTop_0/inst/chiptop/system/chipyard_prcictrl_domain/resetSynchronizer/nodeOut_member_allClocks_uncore_reset_catcher/io_sync_reset_chain/output_chain/sync_0_reg_102[0]           |               25 |             64 |         2.56 |
|  BD_i/zynq_ultra_ps_e_0/inst/pl_clk0 | BD_i/ChaosCoreTop_0/inst/chiptop/system/tile_prci_domain/element_reset_domain_ChaosCore_tile/core/backend/execution_engine/INT_FUs_3/AGU/FU_output/ram_ext/clock_uncore_16[0]                                | BD_i/ChaosCoreTop_0/inst/chiptop/system/chipyard_prcictrl_domain/resetSynchronizer/nodeOut_member_allClocks_uncore_reset_catcher/io_sync_reset_chain/output_chain/sync_0_reg_114[0]           |               25 |             64 |         2.56 |
|  BD_i/zynq_ultra_ps_e_0/inst/pl_clk0 |                                                                                                                                                                                                              | BD_i/axi_gpio_1/U0/AXI_LITE_IPIF_I/I_SLAVE_ATTACHMENT/I_DECODER/bus2ip_rnw_i_reg_0                                                                                                            |               23 |             64 |         2.78 |
|  BD_i/zynq_ultra_ps_e_0/inst/pl_clk0 | BD_i/ChaosCoreTop_0/inst/chiptop/system/tile_prci_domain/element_reset_domain_ChaosCore_tile/core/backend/execution_engine/INT_FUs_3/AGU/FU_output/ram_ext/clock_uncore_19[0]                                | BD_i/ChaosCoreTop_0/inst/chiptop/system/chipyard_prcictrl_domain/resetSynchronizer/nodeOut_member_allClocks_uncore_reset_catcher/io_sync_reset_chain/output_chain/sync_0_reg_112[0]           |               27 |             64 |         2.37 |
|  BD_i/zynq_ultra_ps_e_0/inst/pl_clk0 | BD_i/ChaosCoreTop_0/inst/chiptop/system/tile_prci_domain/element_reset_domain_ChaosCore_tile/core/backend/execution_engine/INT_FUs_3/AGU/FU_output/ram_ext/clock_uncore_22[0]                                | BD_i/ChaosCoreTop_0/inst/chiptop/system/chipyard_prcictrl_domain/resetSynchronizer/nodeOut_member_allClocks_uncore_reset_catcher/io_sync_reset_chain/output_chain/sync_0_reg_110[0]           |               25 |             64 |         2.56 |
|  BD_i/zynq_ultra_ps_e_0/inst/pl_clk0 | BD_i/ChaosCoreTop_0/inst/chiptop/system/tile_prci_domain/element_reset_domain_ChaosCore_tile/core/backend/execution_engine/INT_FUs_3/AGU/FU_output/ram_ext/clock_uncore_25[0]                                | BD_i/ChaosCoreTop_0/inst/chiptop/system/chipyard_prcictrl_domain/resetSynchronizer/nodeOut_member_allClocks_uncore_reset_catcher/io_sync_reset_chain/output_chain/sync_0_reg_120[0]           |               27 |             64 |         2.37 |
|  BD_i/zynq_ultra_ps_e_0/inst/pl_clk0 | BD_i/ChaosCoreTop_0/inst/chiptop/system/tile_prci_domain/element_reset_domain_ChaosCore_tile/core/backend/execution_engine/INT_FUs_3/AGU/FU_output/ram_ext/clock_uncore_31[0]                                | BD_i/ChaosCoreTop_0/inst/chiptop/system/chipyard_prcictrl_domain/resetSynchronizer/nodeOut_member_allClocks_uncore_reset_catcher/io_sync_reset_chain/output_chain/sync_0_reg_118[0]           |               27 |             64 |         2.37 |
|  BD_i/zynq_ultra_ps_e_0/inst/pl_clk0 | BD_i/smartconnect_0/inst/s01_entry_pipeline/s01_si_converter/inst/converter.wrap_narrow_inst/r_shelf                                                                                                         |                                                                                                                                                                                               |               29 |             66 |         2.28 |
|  BD_i/zynq_ultra_ps_e_0/inst/pl_clk0 | BD_i/ChaosCoreTop_0/inst/chiptop/system/pbus/buffer/nodeIn_d_q/E[0]                                                                                                                                          |                                                                                                                                                                                               |               29 |             66 |         2.28 |
|  BD_i/zynq_ultra_ps_e_0/inst/pl_clk0 | BD_i/smartconnect_0/inst/s00_entry_pipeline/s00_si_converter/inst/converter.wrap_narrow_inst/r_shelf                                                                                                         |                                                                                                                                                                                               |               29 |             66 |         2.28 |
|  BD_i/zynq_ultra_ps_e_0/inst/pl_clk0 | BD_i/smartconnect_0/inst/s00_entry_pipeline/s00_si_converter/inst/converter.wrap_narrow_inst/gen_thread_loop[0].r_payld_fifo/gen_srls[75].srl_nx1/push                                                       |                                                                                                                                                                                               |               10 |             66 |         6.60 |
|  BD_i/zynq_ultra_ps_e_0/inst/pl_clk0 | BD_i/smartconnect_0/inst/s00_entry_pipeline/s00_si_converter/inst/converter.wrap_narrow_inst/gen_thread_loop[0].r_payld_fifo/cmd_fifo/gen_thread_loop[0].r_unshelve_reg[0][0]                                |                                                                                                                                                                                               |               10 |             66 |         6.60 |
|  BD_i/zynq_ultra_ps_e_0/inst/pl_clk0 | BD_i/ChaosCoreTop_0/inst/chiptop/system/cbus/buffer/nodeIn_d_q/ram_ext/E[0]                                                                                                                                  |                                                                                                                                                                                               |               35 |             66 |         1.89 |
|  BD_i/zynq_ultra_ps_e_0/inst/pl_clk0 | BD_i/smartconnect_0/inst/s01_entry_pipeline/s01_si_converter/inst/converter.wrap_narrow_inst/gen_thread_loop[0].r_payld_fifo/cmd_fifo/gen_thread_loop[0].r_unshelve_reg[0][0]                                |                                                                                                                                                                                               |               15 |             66 |         4.40 |
|  BD_i/zynq_ultra_ps_e_0/inst/pl_clk0 | BD_i/smartconnect_0/inst/s01_entry_pipeline/s01_si_converter/inst/converter.wrap_narrow_inst/gen_thread_loop[0].r_payld_fifo/gen_srls[75].srl_nx1/push                                                       |                                                                                                                                                                                               |               15 |             66 |         4.40 |
|  BD_i/zynq_ultra_ps_e_0/inst/pl_clk0 | BD_i/ChaosCoreTop_0/inst/chiptop/system/tile_prci_domain/element_reset_domain_ChaosCore_tile/dcache/wb/active_reg_27[0]                                                                                      |                                                                                                                                                                                               |               29 |             67 |         2.31 |
|  BD_i/zynq_ultra_ps_e_0/inst/pl_clk0 | BD_i/ChaosCoreTop_0/inst/chiptop/system/tile_prci_domain/element_reset_domain_ChaosCore_tile/widget_1/repeated_repeater_1/_GEN                                                                               | BD_i/ChaosCoreTop_0/inst/chiptop/system/tile_prci_domain/element_reset_domain_ChaosCore_tile/widget_1/repeated_repeater_1/saved_opcode[1]_i_1__0_n_0                                          |               28 |             67 |         2.39 |
|  BD_i/zynq_ultra_ps_e_0/inst/pl_clk0 | BD_i/smartconnect_0/inst/m00_nodes/m00_aw_node/inst/inst_mi_handler/gen_normal_area.inst_fifo_node_payld/gen_xpm_memory_fifo.inst_fifo/gen_mem_rep[0].inst_rd_addrb/rd_addrb_incr                            | BD_i/smartconnect_0/inst/m00_nodes/m00_aw_node/inst/inst_mi_handler/m_sc_areset_r                                                                                                             |                9 |             70 |         7.78 |
|  BD_i/zynq_ultra_ps_e_0/inst/pl_clk0 | BD_i/ChaosCoreTop_0/inst/chiptop/system/mbus/coupler_to_memory_controller_port_named_axi4/tl2axi4/nodeOut_w_deq_q/do_enq                                                                                     |                                                                                                                                                                                               |               24 |             70 |         2.92 |
|  BD_i/zynq_ultra_ps_e_0/inst/pl_clk0 | BD_i/smartconnect_0/inst/s01_entry_pipeline/s01_mmu/inst/r_sreg/skid_buffer[1122]_i_1_n_0                                                                                                                    |                                                                                                                                                                                               |               34 |             71 |         2.09 |
|  BD_i/zynq_ultra_ps_e_0/inst/pl_clk0 | BD_i/smartconnect_0/inst/s01_entry_pipeline/s01_mmu/inst/r_sreg/m_vector_i                                                                                                                                   |                                                                                                                                                                                               |               34 |             71 |         2.09 |
|  BD_i/zynq_ultra_ps_e_0/inst/pl_clk0 | BD_i/smartconnect_0/inst/s00_entry_pipeline/s00_mmu/inst/r_sreg/m_vector_i                                                                                                                                   |                                                                                                                                                                                               |               33 |             71 |         2.15 |
|  BD_i/zynq_ultra_ps_e_0/inst/pl_clk0 | BD_i/smartconnect_0/inst/s00_entry_pipeline/s00_mmu/inst/r_sreg/skid_buffer[1122]_i_1_n_0                                                                                                                    |                                                                                                                                                                                               |               34 |             71 |         2.09 |
|  BD_i/zynq_ultra_ps_e_0/inst/pl_clk0 | BD_i/smartconnect_0/inst/s00_entry_pipeline/s00_si_converter/inst/converter.wrap_narrow_inst/w_payld_fifo/gen_srls[143].srl_nx1/push                                                                         |                                                                                                                                                                                               |               11 |             72 |         6.55 |
|  BD_i/zynq_ultra_ps_e_0/inst/pl_clk0 | BD_i/smartconnect_0/inst/s00_nodes/s00_w_node/inst/inst_mi_handler/gen_normal_area.gen_upsizer.inst_upsizer/gen_w_ch.accum[bytes][0][userdata][7]_i_1_n_0                                                    |                                                                                                                                                                                               |               24 |             72 |         3.00 |
|  BD_i/zynq_ultra_ps_e_0/inst/pl_clk0 | BD_i/smartconnect_0/inst/s01_entry_pipeline/s01_si_converter/inst/converter.wrap_narrow_inst/w_payld_fifo/gen_srls[143].srl_nx1/push                                                                         |                                                                                                                                                                                               |               11 |             72 |         6.55 |
|  BD_i/zynq_ultra_ps_e_0/inst/pl_clk0 | BD_i/smartconnect_0/inst/s00_nodes/s00_w_node/inst/inst_mi_handler/gen_normal_area.gen_upsizer.inst_upsizer/gen_w_ch.accum                                                                                   |                                                                                                                                                                                               |               17 |             72 |         4.24 |
|  BD_i/zynq_ultra_ps_e_0/inst/pl_clk0 | BD_i/smartconnect_0/inst/s01_nodes/s01_w_node/inst/inst_mi_handler/gen_normal_area.gen_upsizer.inst_upsizer/gen_w_ch.accum[bytes][0][userdata][7]_i_1_n_0                                                    |                                                                                                                                                                                               |               27 |             72 |         2.67 |
|  BD_i/zynq_ultra_ps_e_0/inst/pl_clk0 | BD_i/smartconnect_0/inst/s01_nodes/s01_w_node/inst/inst_mi_handler/gen_normal_area.gen_upsizer.inst_upsizer/gen_w_ch.accum[bytes][10][strb]_i_1_n_0                                                          |                                                                                                                                                                                               |               28 |             72 |         2.57 |
|  BD_i/zynq_ultra_ps_e_0/inst/pl_clk0 | BD_i/smartconnect_0/inst/s01_entry_pipeline/s01_si_converter/inst/gen_normal.splitter_inst/gen_no_wsplitter.gen_endpoint_woffset.gen_wbypass_offset_fifo.wbypass_offset_fifo/E[0]                            |                                                                                                                                                                                               |               12 |             73 |         6.08 |
|  BD_i/zynq_ultra_ps_e_0/inst/pl_clk0 | BD_i/smartconnect_0/inst/s01_entry_pipeline/s01_mmu/inst/w_sreg/m_vector_i                                                                                                                                   |                                                                                                                                                                                               |               16 |             73 |         4.56 |
|  BD_i/zynq_ultra_ps_e_0/inst/pl_clk0 | BD_i/ChaosCoreTop_0/inst/chiptop/system/sbus/coupler_to_port_named_mmio_port_axi4/tl2axi4/nodeOut_w_deq_q/E[0]                                                                                               |                                                                                                                                                                                               |               37 |             73 |         1.97 |
|  BD_i/zynq_ultra_ps_e_0/inst/pl_clk0 | BD_i/smartconnect_0/inst/s01_entry_pipeline/s01_mmu/inst/w_sreg/skid_buffer[2056]_i_1_n_0                                                                                                                    |                                                                                                                                                                                               |               15 |             73 |         4.87 |
|  BD_i/zynq_ultra_ps_e_0/inst/pl_clk0 | BD_i/smartconnect_0/inst/s00_entry_pipeline/s00_mmu/inst/w_sreg/skid_buffer[2056]_i_1_n_0                                                                                                                    |                                                                                                                                                                                               |               21 |             73 |         3.48 |
|  BD_i/zynq_ultra_ps_e_0/inst/pl_clk0 | BD_i/smartconnect_0/inst/s00_entry_pipeline/s00_mmu/inst/w_sreg/m_vector_i                                                                                                                                   |                                                                                                                                                                                               |               21 |             73 |         3.48 |
|  BD_i/zynq_ultra_ps_e_0/inst/pl_clk0 | BD_i/smartconnect_0/inst/s00_entry_pipeline/s00_si_converter/inst/gen_normal.splitter_inst/gen_no_wsplitter.gen_endpoint_woffset.gen_wbypass_offset_fifo.wbypass_offset_fifo/E[0]                            |                                                                                                                                                                                               |               12 |             73 |         6.08 |
|  BD_i/zynq_ultra_ps_e_0/inst/pl_clk0 | BD_i/ChaosCoreTop_0/inst/chiptop/system/tile_prci_domain/element_reset_domain_ChaosCore_tile/dcache/s3_req_addr0                                                                                             |                                                                                                                                                                                               |               38 |             75 |         1.97 |
|  BD_i/zynq_ultra_ps_e_0/inst/pl_clk0 | BD_i/smartconnect_0/inst/m00_nodes/m00_ar_node/inst/inst_mi_handler/gen_normal_area.inst_fifo_node_payld/gen_xpm_memory_fifo.inst_fifo/gen_mem_rep[0].inst_rd_addrb/rd_addrb_incr                            | BD_i/smartconnect_0/inst/m00_nodes/m00_ar_node/inst/inst_mi_handler/m_sc_areset_r                                                                                                             |                8 |             77 |         9.62 |
|  BD_i/zynq_ultra_ps_e_0/inst/pl_clk0 | BD_i/ChaosCoreTop_0/inst/chiptop/system/tile_prci_domain/element_reset_domain_ChaosCore_tile/dcache/mshrs/mmios_0/p_1_in2_out                                                                                |                                                                                                                                                                                               |               44 |             77 |         1.75 |
|  BD_i/zynq_ultra_ps_e_0/inst/pl_clk0 | BD_i/ChaosCoreTop_0/inst/chiptop/system/tile_prci_domain/element_reset_domain_ChaosCore_tile/dcache/s1_clk_en                                                                                                |                                                                                                                                                                                               |               35 |             79 |         2.26 |
|  BD_i/zynq_ultra_ps_e_0/inst/pl_clk0 | BD_i/ChaosCoreTop_0/inst/chiptop/system/tile_prci_domain/element_reset_domain_ChaosCore_tile/core/backend/execution_engine/INT_FUs_2/ALU/FU_output/ram_ext/Memory_reg_0_1_0_13_i_1__4_n_0                    |                                                                                                                                                                                               |                5 |             80 |        16.00 |
|  BD_i/zynq_ultra_ps_e_0/inst/pl_clk0 | BD_i/ChaosCoreTop_0/inst/chiptop/system/tile_prci_domain/element_reset_domain_ChaosCore_tile/core/backend/execution_engine/INT_FUs_0/ALU/FU_output/ram_ext/Memory_reg_0_1_0_13_i_1__3_n_0                    |                                                                                                                                                                                               |                5 |             80 |        16.00 |
|  BD_i/zynq_ultra_ps_e_0/inst/pl_clk0 | BD_i/ChaosCoreTop_0/inst/chiptop/system/coh_wrapper/l2/inclusive_cache_bank_sched/sourceD/queue/do_enq                                                                                                       |                                                                                                                                                                                               |                5 |             80 |        16.00 |
|  BD_i/zynq_ultra_ps_e_0/inst/pl_clk0 | BD_i/ChaosCoreTop_0/inst/chiptop/system/coh_wrapper/InclusiveCache_inner_TLBuffer/nodeIn_d_q/do_enq__0                                                                                                       |                                                                                                                                                                                               |               26 |             81 |         3.12 |
|  BD_i/zynq_ultra_ps_e_0/inst/pl_clk0 | BD_i/ChaosCoreTop_0/inst/chiptop/system/coh_wrapper/l2/inclusive_cache_bank_sched/sinkC/c_q/ram_ext/E[0]                                                                                                     |                                                                                                                                                                                               |               47 |             81 |         1.72 |
|  BD_i/zynq_ultra_ps_e_0/inst/pl_clk0 | BD_i/ChaosCoreTop_0/inst/chiptop/system/sbus/coupler_to_port_named_mmio_port_axi4/axi4buf/nodeIn_r_deq_q/ram_ext/do_enq_0                                                                                    |                                                                                                                                                                                               |                6 |             82 |        13.67 |
|  BD_i/zynq_ultra_ps_e_0/inst/pl_clk0 | BD_i/ChaosCoreTop_0/inst/chiptop/system/coh_wrapper/l2/inclusive_cache_bank_sched/sinkA/putbuffer/data_ext/ram_reg[2]                                                                                        |                                                                                                                                                                                               |               11 |             84 |         7.64 |
|  BD_i/zynq_ultra_ps_e_0/inst/pl_clk0 | BD_i/ChaosCoreTop_0/inst/chiptop/system/cbus/buffer/nodeOut_a_q/ram_ext/do_enq_2                                                                                                                             |                                                                                                                                                                                               |               26 |             86 |         3.31 |
|  BD_i/zynq_ultra_ps_e_0/inst/pl_clk0 | BD_i/ChaosCoreTop_0/inst/chiptop/system/coh_wrapper/l2/inclusive_cache_bank_sched/sinkC/c_q/ram_ext/p_2_in_0                                                                                                 |                                                                                                                                                                                               |                6 |             88 |        14.67 |
|  BD_i/zynq_ultra_ps_e_0/inst/pl_clk0 | BD_i/ChaosCoreTop_0/inst/chiptop/system/sbus/coupler_to_port_named_mmio_port_axi4/tl2axi4/nodeOut_w_deq_q/do_enq                                                                                             |                                                                                                                                                                                               |                6 |             88 |        14.67 |
|  BD_i/zynq_ultra_ps_e_0/inst/pl_clk0 | BD_i/smartconnect_0/inst/s00_nodes/s00_ar_node/inst/inst_mi_handler/gen_normal_area.inst_fifo_node_payld/gen_xpm_memory_fifo.inst_fifo/gen_mem_rep[0].inst_rd_addrb/rd_addrb_incr                            | BD_i/smartconnect_0/inst/s00_nodes/s00_ar_node/inst/inst_mi_handler/m_sc_areset_r                                                                                                             |                9 |             89 |         9.89 |
|  BD_i/zynq_ultra_ps_e_0/inst/pl_clk0 | BD_i/smartconnect_0/inst/s00_nodes/s00_aw_node/inst/inst_mi_handler/gen_normal_area.inst_fifo_node_payld/gen_xpm_memory_fifo.inst_fifo/gen_mem_rep[0].inst_rd_addrb/rd_addrb_incr                            | BD_i/smartconnect_0/inst/s00_nodes/s00_aw_node/inst/inst_mi_handler/m_sc_areset_r                                                                                                             |                8 |             89 |        11.12 |
|  BD_i/zynq_ultra_ps_e_0/inst/pl_clk0 | BD_i/smartconnect_0/inst/s01_nodes/s01_aw_node/inst/inst_mi_handler/gen_normal_area.inst_fifo_node_payld/gen_xpm_memory_fifo.inst_fifo/gen_mem_rep[0].inst_rd_addrb/E[0]                                     | BD_i/smartconnect_0/inst/s01_nodes/s01_aw_node/inst/inst_mi_handler/m_sc_areset_r                                                                                                             |                9 |             89 |         9.89 |
|  BD_i/zynq_ultra_ps_e_0/inst/pl_clk0 | BD_i/smartconnect_0/inst/s01_nodes/s01_ar_node/inst/inst_mi_handler/gen_normal_area.inst_fifo_node_payld/gen_xpm_memory_fifo.inst_fifo/gen_mem_rep[0].inst_rd_addrb/E[0]                                     | BD_i/smartconnect_0/inst/s01_nodes/s01_ar_node/inst/inst_mi_handler/m_sc_areset_r                                                                                                             |                8 |             89 |        11.12 |
|  BD_i/zynq_ultra_ps_e_0/inst/pl_clk0 | BD_i/smartconnect_0/inst/s01_nodes/s01_aw_node/inst/inst_mi_handler/gen_normal_area.inst_fifo_node_payld/gen_xpm_memory_fifo.inst_fifo/wr_wea                                                                |                                                                                                                                                                                               |                6 |             96 |        16.00 |
|  BD_i/zynq_ultra_ps_e_0/inst/pl_clk0 | BD_i/ChaosCoreTop_0/inst/chiptop/system/tile_prci_domain/element_reset_domain_ChaosCore_tile/dcache/meta/tag_array/tag_array_ext/mem_0_3/s1_clk_en_reg[0]                                                    |                                                                                                                                                                                               |               46 |             96 |         2.09 |
|  BD_i/zynq_ultra_ps_e_0/inst/pl_clk0 | BD_i/ChaosCoreTop_0/inst/chiptop/system/tile_prci_domain/element_reset_domain_ChaosCore_tile/dcache/meta/tag_array/tag_array_ext/mem_0_4/s1_clk_en_reg[0]                                                    |                                                                                                                                                                                               |               59 |             96 |         1.63 |
|  BD_i/zynq_ultra_ps_e_0/inst/pl_clk0 | BD_i/ChaosCoreTop_0/inst/chiptop/system/sbus/coupler_to_port_named_mmio_port_axi4/axi4buf/nodeIn_r_deq_q/ram_ext/do_enq_18                                                                                   |                                                                                                                                                                                               |                6 |             96 |        16.00 |
|  BD_i/zynq_ultra_ps_e_0/inst/pl_clk0 | BD_i/ChaosCoreTop_0/inst/chiptop/system/tile_prci_domain/element_reset_domain_ChaosCore_tile/dcache/meta/tag_array/tag_array_ext/mem_0_2/s1_clk_en_reg[0]                                                    |                                                                                                                                                                                               |               54 |             96 |         1.78 |
|  BD_i/zynq_ultra_ps_e_0/inst/pl_clk0 | BD_i/ChaosCoreTop_0/inst/chiptop/system/tile_prci_domain/element_reset_domain_ChaosCore_tile/dcache/meta/tag_array/tag_array_ext/mem_0_5/s1_clk_en_reg[0]                                                    |                                                                                                                                                                                               |               46 |             96 |         2.09 |
|  BD_i/zynq_ultra_ps_e_0/inst/pl_clk0 | BD_i/smartconnect_0/inst/m00_nodes/m00_aw_node/inst/inst_mi_handler/gen_normal_area.inst_fifo_node_payld/gen_xpm_memory_fifo.inst_fifo/wr_wea                                                                |                                                                                                                                                                                               |                6 |             96 |        16.00 |
|  BD_i/zynq_ultra_ps_e_0/inst/pl_clk0 | BD_i/ChaosCoreTop_0/inst/chiptop/system/tile_prci_domain/element_reset_domain_ChaosCore_tile/dcache/meta/tag_array/tag_array_ext/mem_0_6/s1_clk_en_reg[0]                                                    |                                                                                                                                                                                               |               46 |             96 |         2.09 |
|  BD_i/zynq_ultra_ps_e_0/inst/pl_clk0 | BD_i/ChaosCoreTop_0/inst/chiptop/system/tile_prci_domain/element_reset_domain_ChaosCore_tile/dcache/meta/tag_array/tag_array_ext/mem_0_7/s1_clk_en_reg[0]                                                    |                                                                                                                                                                                               |               43 |             96 |         2.23 |
|  BD_i/zynq_ultra_ps_e_0/inst/pl_clk0 | BD_i/ChaosCoreTop_0/inst/chiptop/system/bank/buffer/nodeIn_d_q/do_enq                                                                                                                                        |                                                                                                                                                                                               |                6 |             96 |        16.00 |
|  BD_i/zynq_ultra_ps_e_0/inst/pl_clk0 | BD_i/ChaosCoreTop_0/inst/chiptop/system/cbus/buffer/nodeIn_d_q/ram_ext/do_enq                                                                                                                                |                                                                                                                                                                                               |                6 |             96 |        16.00 |
|  BD_i/zynq_ultra_ps_e_0/inst/pl_clk0 | BD_i/smartconnect_0/inst/s01_nodes/s01_ar_node/inst/inst_mi_handler/gen_normal_area.inst_fifo_node_payld/gen_xpm_memory_fifo.inst_fifo/wr_wea                                                                |                                                                                                                                                                                               |                6 |             96 |        16.00 |
|  BD_i/zynq_ultra_ps_e_0/inst/pl_clk0 | BD_i/ChaosCoreTop_0/inst/chiptop/system/tile_prci_domain/element_reset_domain_ChaosCore_tile/core/backend/execution_engine/INT_FUs_1/mul/FU_output/ram_ext/do_enq                                            |                                                                                                                                                                                               |                6 |             96 |        16.00 |
|  BD_i/zynq_ultra_ps_e_0/inst/pl_clk0 | BD_i/ChaosCoreTop_0/inst/chiptop/system/tile_prci_domain/element_reset_domain_ChaosCore_tile/core/backend/execution_engine/INT_FUs_3/AGU/FU_output/ram_ext/Memory_reg_0_1_140_153_i_1_n_0                    |                                                                                                                                                                                               |                6 |             96 |        16.00 |
|  BD_i/zynq_ultra_ps_e_0/inst/pl_clk0 | BD_i/ChaosCoreTop_0/inst/chiptop/system/tile_prci_domain/element_reset_domain_ChaosCore_tile/core/backend/execution_engine/INT_FUs_1/ALU/FU_output/ram_ext/Memory_reg_0_1_0_13_i_1__2_n_0                    |                                                                                                                                                                                               |                6 |             96 |        16.00 |
|  BD_i/zynq_ultra_ps_e_0/inst/pl_clk0 | BD_i/smartconnect_0/inst/s00_nodes/s00_ar_node/inst/inst_mi_handler/gen_normal_area.inst_fifo_node_payld/gen_xpm_memory_fifo.inst_fifo/wr_wea                                                                |                                                                                                                                                                                               |                6 |             96 |        16.00 |
|  BD_i/zynq_ultra_ps_e_0/inst/pl_clk0 | BD_i/smartconnect_0/inst/s00_nodes/s00_aw_node/inst/inst_mi_handler/gen_normal_area.inst_fifo_node_payld/gen_xpm_memory_fifo.inst_fifo/wr_wea                                                                |                                                                                                                                                                                               |                6 |             96 |        16.00 |
|  BD_i/zynq_ultra_ps_e_0/inst/pl_clk0 | BD_i/ChaosCoreTop_0/inst/chiptop/system/tile_prci_domain/element_reset_domain_ChaosCore_tile/core/backend/execution_engine/INT_FUs_1/div/FU_output/ram_ext/do_enq                                            |                                                                                                                                                                                               |                6 |             96 |        16.00 |
|  BD_i/zynq_ultra_ps_e_0/inst/pl_clk0 | BD_i/ChaosCoreTop_0/inst/chiptop/system/pbus/atomics/do_enq                                                                                                                                                  |                                                                                                                                                                                               |                6 |             96 |        16.00 |
|  BD_i/zynq_ultra_ps_e_0/inst/pl_clk0 | BD_i/ChaosCoreTop_0/inst/chiptop/system/tile_prci_domain/element_reset_domain_ChaosCore_tile/dcache/meta/tag_array/tag_array_ext/mem_0_1/s1_clk_en_reg[0]                                                    |                                                                                                                                                                                               |               52 |             96 |         1.85 |
|  BD_i/zynq_ultra_ps_e_0/inst/pl_clk0 | BD_i/ChaosCoreTop_0/inst/chiptop/system/sbus/coupler_to_port_named_mmio_port_axi4/axi4buf/nodeIn_r_deq_q/ram_ext/do_enq_19                                                                                   |                                                                                                                                                                                               |                6 |             96 |        16.00 |
|  BD_i/zynq_ultra_ps_e_0/inst/pl_clk0 | BD_i/ChaosCoreTop_0/inst/chiptop/system/sbus/coupler_to_port_named_mmio_port_axi4/axi4buf/nodeIn_r_deq_q/ram_ext/do_enq_20                                                                                   |                                                                                                                                                                                               |                6 |             96 |        16.00 |
|  BD_i/zynq_ultra_ps_e_0/inst/pl_clk0 | BD_i/ChaosCoreTop_0/inst/chiptop/system/sbus/coupler_to_port_named_mmio_port_axi4/axi4buf/nodeIn_r_deq_q/ram_ext/do_enq_21                                                                                   |                                                                                                                                                                                               |                6 |             96 |        16.00 |
|  BD_i/zynq_ultra_ps_e_0/inst/pl_clk0 | BD_i/ChaosCoreTop_0/inst/chiptop/system/sbus/coupler_to_port_named_mmio_port_axi4/axi4buf/nodeIn_r_deq_q/ram_ext/do_enq_22                                                                                   |                                                                                                                                                                                               |                6 |             96 |        16.00 |
|  BD_i/zynq_ultra_ps_e_0/inst/pl_clk0 | BD_i/ChaosCoreTop_0/inst/chiptop/system/sbus/coupler_to_port_named_mmio_port_axi4/axi4buf/nodeIn_r_deq_q/ram_ext/do_enq_23                                                                                   |                                                                                                                                                                                               |                6 |             96 |        16.00 |
|  BD_i/zynq_ultra_ps_e_0/inst/pl_clk0 | BD_i/ChaosCoreTop_0/inst/chiptop/system/sbus/coupler_to_port_named_mmio_port_axi4/axi4buf/nodeIn_r_deq_q/ram_ext/do_enq_24                                                                                   |                                                                                                                                                                                               |                6 |             96 |        16.00 |
|  BD_i/zynq_ultra_ps_e_0/inst/pl_clk0 | BD_i/ChaosCoreTop_0/inst/chiptop/system/sbus/coupler_to_port_named_mmio_port_axi4/axi4buf/nodeIn_r_deq_q/ram_ext/do_enq_25                                                                                   |                                                                                                                                                                                               |                6 |             96 |        16.00 |
|  BD_i/zynq_ultra_ps_e_0/inst/pl_clk0 | BD_i/ChaosCoreTop_0/inst/chiptop/system/sbus/coupler_to_port_named_mmio_port_axi4/axi4buf/nodeIn_r_deq_q/ram_ext/do_enq_26                                                                                   |                                                                                                                                                                                               |                6 |             96 |        16.00 |
|  BD_i/zynq_ultra_ps_e_0/inst/pl_clk0 | BD_i/ChaosCoreTop_0/inst/chiptop/system/sbus/coupler_to_port_named_mmio_port_axi4/axi4buf/nodeIn_r_deq_q/ram_ext/do_enq_27                                                                                   |                                                                                                                                                                                               |                6 |             96 |        16.00 |
|  BD_i/zynq_ultra_ps_e_0/inst/pl_clk0 | BD_i/ChaosCoreTop_0/inst/chiptop/system/sbus/coupler_to_port_named_mmio_port_axi4/axi4buf/nodeIn_r_deq_q/ram_ext/do_enq_13                                                                                   |                                                                                                                                                                                               |                6 |             96 |        16.00 |
|  BD_i/zynq_ultra_ps_e_0/inst/pl_clk0 | BD_i/ChaosCoreTop_0/inst/chiptop/system/sbus/coupler_to_port_named_mmio_port_axi4/axi4buf/nodeIn_r_deq_q/ram_ext/do_enq_14                                                                                   |                                                                                                                                                                                               |                6 |             96 |        16.00 |
|  BD_i/zynq_ultra_ps_e_0/inst/pl_clk0 | BD_i/ChaosCoreTop_0/inst/chiptop/system/sbus/coupler_to_port_named_mmio_port_axi4/axi4buf/nodeIn_r_deq_q/ram_ext/do_enq_15                                                                                   |                                                                                                                                                                                               |                6 |             96 |        16.00 |
|  BD_i/zynq_ultra_ps_e_0/inst/pl_clk0 | BD_i/ChaosCoreTop_0/inst/chiptop/system/sbus/coupler_to_port_named_mmio_port_axi4/axi4buf/nodeIn_r_deq_q/ram_ext/do_enq_17                                                                                   |                                                                                                                                                                                               |                6 |             96 |        16.00 |
|  BD_i/zynq_ultra_ps_e_0/inst/pl_clk0 | BD_i/ChaosCoreTop_0/inst/chiptop/system/tile_prci_domain/element_reset_domain_ChaosCore_tile/dcache/meta/tag_array/tag_array_ext/mem_0_0/E[0]                                                                |                                                                                                                                                                                               |               46 |             96 |         2.09 |
|  BD_i/zynq_ultra_ps_e_0/inst/pl_clk0 | BD_i/smartconnect_0/inst/m00_nodes/m00_ar_node/inst/inst_mi_handler/gen_normal_area.inst_fifo_node_payld/gen_xpm_memory_fifo.inst_fifo/wr_wea                                                                |                                                                                                                                                                                               |                6 |             96 |        16.00 |
|  BD_i/zynq_ultra_ps_e_0/inst/pl_clk0 | BD_i/ChaosCoreTop_0/inst/chiptop/system/sbus/coupler_to_port_named_mmio_port_axi4/axi4buf/nodeIn_r_deq_q/ram_ext/do_enq                                                                                      |                                                                                                                                                                                               |                6 |             96 |        16.00 |
|  BD_i/zynq_ultra_ps_e_0/inst/pl_clk0 | BD_i/ChaosCoreTop_0/inst/chiptop/system/coh_wrapper/l2/inclusive_cache_bank_sched/sinkD/d_q/ram_ext/do_enq                                                                                                   |                                                                                                                                                                                               |                6 |             96 |        16.00 |
|  BD_i/zynq_ultra_ps_e_0/inst/pl_clk0 | BD_i/ChaosCoreTop_0/inst/chiptop/system/bank/buffer/nodeIn_d_q/ram_ext/do_enq_0                                                                                                                              |                                                                                                                                                                                               |                6 |             96 |        16.00 |
|  BD_i/zynq_ultra_ps_e_0/inst/pl_clk0 | BD_i/ChaosCoreTop_0/inst/chiptop/system/tile_prci_domain/buffer/nodeIn_d_q/ram_ext/do_enq                                                                                                                    |                                                                                                                                                                                               |                6 |             96 |        16.00 |
|  BD_i/zynq_ultra_ps_e_0/inst/pl_clk0 | BD_i/ChaosCoreTop_0/inst/chiptop/system/pbus/buffer/nodeOut_a_q/ram_ext/do_enq_0                                                                                                                             |                                                                                                                                                                                               |                6 |             96 |        16.00 |
|  BD_i/zynq_ultra_ps_e_0/inst/pl_clk0 | BD_i/ChaosCoreTop_0/inst/chiptop/system/sbus/coupler_to_port_named_mmio_port_axi4/axi4buf/nodeIn_r_deq_q/ram_ext/do_enq_16                                                                                   |                                                                                                                                                                                               |                6 |             96 |        16.00 |
|  BD_i/zynq_ultra_ps_e_0/inst/pl_clk0 | BD_i/ChaosCoreTop_0/inst/chiptop/system/tile_prci_domain/element_reset_domain_ChaosCore_tile/core/backend/execution_engine/INT_FUs_1/div/FU_output/maybe_full_reg_70                                         | BD_i/ChaosCoreTop_0/inst/chiptop/system/chipyard_prcictrl_domain/resetSynchronizer/nodeOut_member_allClocks_uncore_reset_catcher/io_sync_reset_chain/output_chain/sync_0_reg_0                |               31 |             98 |         3.16 |
|  BD_i/zynq_ultra_ps_e_0/inst/pl_clk0 |                                                                                                                                                                                                              | BD_i/axi_smc/inst/clk_map/psr_aclk/U0/interconnect_aresetn[0]                                                                                                                                 |               30 |             99 |         3.30 |
|  BD_i/zynq_ultra_ps_e_0/inst/pl_clk0 | BD_i/ChaosCoreTop_0/inst/chiptop/system/pbus/buffer_1/nodeOut_a_q/ram_ext/p_1_in5_out                                                                                                                        |                                                                                                                                                                                               |               45 |            105 |         2.33 |
|  BD_i/zynq_ultra_ps_e_0/inst/pl_clk0 | BD_i/ChaosCoreTop_0/inst/chiptop/system/cbus/atomics/p_1_in5_out                                                                                                                                             | BD_i/ChaosCoreTop_0/inst/chiptop/system/cbus/atomics/cam_a_0_bits_source[5]_i_1_n_0                                                                                                           |               57 |            106 |         1.86 |
|  BD_i/zynq_ultra_ps_e_0/inst/pl_clk0 | BD_i/ChaosCoreTop_0/inst/chiptop/system/coh_wrapper/l2/inclusive_cache_bank_sched/sourceD/s3_latch                                                                                                           |                                                                                                                                                                                               |               53 |            112 |         2.11 |
|  BD_i/zynq_ultra_ps_e_0/inst/pl_clk0 | BD_i/ChaosCoreTop_0/inst/chiptop/system/coh_wrapper/InclusiveCache_inner_TLBuffer/nodeOut_a_q/do_enq__0                                                                                                      |                                                                                                                                                                                               |               59 |            116 |         1.97 |
|  BD_i/zynq_ultra_ps_e_0/inst/pl_clk0 | BD_i/ChaosCoreTop_0/inst/chiptop/system/pbus/atomics/do_enq_0                                                                                                                                                |                                                                                                                                                                                               |                8 |            120 |        15.00 |
|  BD_i/zynq_ultra_ps_e_0/inst/pl_clk0 | BD_i/ChaosCoreTop_0/inst/chiptop/system/tile_prci_domain/element_reset_domain_ChaosCore_tile/core/backend/execution_engine/INT_FUs_1/div/FU_output/maybe_full_reg_70                                         |                                                                                                                                                                                               |               17 |            120 |         7.06 |
|  BD_i/zynq_ultra_ps_e_0/inst/pl_clk0 | BD_i/ChaosCoreTop_0/inst/chiptop/system/cbus/buffer/nodeOut_a_q/ram_ext/do_enq_1                                                                                                                             |                                                                                                                                                                                               |                8 |            120 |        15.00 |
|  BD_i/zynq_ultra_ps_e_0/inst/pl_clk0 | BD_i/ChaosCoreTop_0/inst/chiptop/system/tile_prci_domain/element_reset_domain_ChaosCore_tile/core/ROB/ROB_shared_bank/shared_mem/shared_mem_ext/mem_0_0/shared_mem_MPORT_en                                  |                                                                                                                                                                                               |               15 |            120 |         8.00 |
|  BD_i/zynq_ultra_ps_e_0/inst/pl_clk0 | BD_i/ChaosCoreTop_0/inst/chiptop/system/tile_prci_domain/buffer/nodeOut_c_q/ram_ext/do_enq                                                                                                                   |                                                                                                                                                                                               |                8 |            128 |        16.00 |
|  BD_i/zynq_ultra_ps_e_0/inst/pl_clk0 | BD_i/axi_smc/inst/s01_entry_pipeline/s01_si_converter/inst/converter.wrap_narrow_inst/gen_thread_loop[0].r_payld_fifo/cmd_fifo/gen_thread_loop[0].r_cmd_active_reg[0][0]                                     |                                                                                                                                                                                               |               18 |            128 |         7.11 |
|  BD_i/zynq_ultra_ps_e_0/inst/pl_clk0 | BD_i/ChaosCoreTop_0/inst/chiptop/system/tile_prci_domain/element_reset_domain_ChaosCore_tile/core/ROB/ROB_shared_bank/shared_mem/shared_mem_ext/mem_0_0/ram_R_1_addr_pipe_0_reg[5]_0                         | BD_i/ChaosCoreTop_0/inst/chiptop/system/chipyard_prcictrl_domain/resetSynchronizer/nodeOut_member_allClocks_uncore_reset_catcher/io_sync_reset_chain/output_chain/sync_0_reg_0                |               87 |            128 |         1.47 |
|  BD_i/zynq_ultra_ps_e_0/inst/pl_clk0 | BD_i/axi_smc/inst/s01_entry_pipeline/s01_si_converter/inst/converter.wrap_narrow_inst/gen_thread_loop[0].r_payld_fifo/gen_srls[147].srl_nx1/s_ready_i_reg                                                    |                                                                                                                                                                                               |               18 |            128 |         7.11 |
|  BD_i/zynq_ultra_ps_e_0/inst/pl_clk0 | BD_i/axi_smc/inst/s01_entry_pipeline/s01_si_converter/inst/converter.wrap_narrow_inst/r_shelf                                                                                                                |                                                                                                                                                                                               |               30 |            128 |         4.27 |
|  BD_i/zynq_ultra_ps_e_0/inst/pl_clk0 | BD_i/ChaosCoreTop_0/inst/chiptop/system/mbus/buffer_1/nodeOut_a_q/ram_ext/do_enq                                                                                                                             |                                                                                                                                                                                               |                8 |            128 |        16.00 |
|  BD_i/zynq_ultra_ps_e_0/inst/pl_clk0 | BD_i/axi_smc/inst/s00_entry_pipeline/s00_si_converter/inst/converter.wrap_narrow_inst/gen_thread_loop[0].r_payld_fifo/cmd_fifo/gen_thread_loop[0].r_packing_boundary_reg[0][0]                               |                                                                                                                                                                                               |               19 |            128 |         6.74 |
|  BD_i/zynq_ultra_ps_e_0/inst/pl_clk0 | BD_i/ChaosCoreTop_0/inst/chiptop/system/mbus/buffer_1/nodeOut_a_q/do_deq                                                                                                                                     |                                                                                                                                                                                               |                8 |            128 |        16.00 |
|  BD_i/zynq_ultra_ps_e_0/inst/pl_clk0 | BD_i/ChaosCoreTop_0/inst/chiptop/system/coh_wrapper/l2/inclusive_cache_bank_sched/sourceC/queue/ram_ext/do_enq                                                                                               |                                                                                                                                                                                               |                8 |            128 |        16.00 |
|  BD_i/zynq_ultra_ps_e_0/inst/pl_clk0 | BD_i/axi_smc/inst/s00_entry_pipeline/s00_si_converter/inst/converter.wrap_narrow_inst/r_shelf                                                                                                                |                                                                                                                                                                                               |               28 |            128 |         4.57 |
|  BD_i/zynq_ultra_ps_e_0/inst/pl_clk0 | BD_i/ChaosCoreTop_0/inst/chiptop/system/coh_wrapper/l2/inclusive_cache_bank_sched/sinkC/c_q/ram_ext/do_enq                                                                                                   |                                                                                                                                                                                               |                8 |            128 |        16.00 |
|  BD_i/zynq_ultra_ps_e_0/inst/pl_clk0 | BD_i/ChaosCoreTop_0/inst/chiptop/system/tile_prci_domain/element_reset_domain_ChaosCore_tile/core/backend/execution_engine/INT_FUs_1/branch_unit/FU_output/ram_ext/do_enq                                    |                                                                                                                                                                                               |                8 |            128 |        16.00 |
|  BD_i/zynq_ultra_ps_e_0/inst/pl_clk0 | BD_i/axi_smc/inst/s00_entry_pipeline/s00_si_converter/inst/converter.wrap_narrow_inst/gen_thread_loop[0].r_payld_fifo/gen_srls[147].srl_nx1/s_ready_i_reg                                                    |                                                                                                                                                                                               |               19 |            128 |         6.74 |
|  BD_i/zynq_ultra_ps_e_0/inst/pl_clk0 | BD_i/smartconnect_0/inst/m00_exit_pipeline/m00_exit/inst/r_reg/m_vector_i                                                                                                                                    |                                                                                                                                                                                               |               22 |            131 |         5.95 |
|  BD_i/zynq_ultra_ps_e_0/inst/pl_clk0 | BD_i/smartconnect_0/inst/m00_exit_pipeline/m00_exit/inst/r_reg/skid_buffer[1186]_i_1_n_0                                                                                                                     |                                                                                                                                                                                               |               24 |            131 |         5.46 |
|  BD_i/zynq_ultra_ps_e_0/inst/pl_clk0 | BD_i/axi_smc/inst/switchboards/i_nodes/i_r_node/inst/inst_mi_handler/gen_normal_area.gen_upsizer.inst_upsizer/gen_normal_area.upsizer_valid                                                                  |                                                                                                                                                                                               |               50 |            131 |         2.62 |
|  BD_i/zynq_ultra_ps_e_0/inst/pl_clk0 | BD_i/axi_smc/inst/s00_entry_pipeline/s00_si_converter/inst/converter.wrap_narrow_inst/w_shelve_d                                                                                                             |                                                                                                                                                                                               |               33 |            135 |         4.09 |
|  BD_i/zynq_ultra_ps_e_0/inst/pl_clk0 | BD_i/ChaosCoreTop_0/inst/chiptop/system/tile_prci_domain/element_reset_domain_ChaosCore_tile/core/backend/execution_engine/INT_FUs_1/CSR/FU_output/ram_ext/Memory_reg_0_1_0_13_i_1__1_n_0                    |                                                                                                                                                                                               |                9 |            136 |        15.11 |
|  BD_i/zynq_ultra_ps_e_0/inst/pl_clk0 | BD_i/smartconnect_0/inst/s00_nodes/s00_r_node/inst/inst_mi_handler/gen_normal_area.inst_fifo_node_payld/gen_xpm_memory_fifo.inst_fifo/gen_mem_rep[0].inst_rd_addrb/rd_addrb_incr                             | BD_i/smartconnect_0/inst/s00_nodes/s00_r_node/inst/inst_mi_handler/m_sc_areset_r                                                                                                              |               13 |            138 |        10.62 |
|  BD_i/zynq_ultra_ps_e_0/inst/pl_clk0 | BD_i/smartconnect_0/inst/s01_nodes/s01_r_node/inst/inst_mi_handler/gen_normal_area.inst_fifo_node_payld/gen_xpm_memory_fifo.inst_fifo/gen_mem_rep[0].inst_rd_addrb/rd_addrb_incr                             | BD_i/smartconnect_0/inst/s01_nodes/s01_r_node/inst/inst_mi_handler/m_sc_areset_r                                                                                                              |               12 |            138 |        11.50 |
|  BD_i/zynq_ultra_ps_e_0/inst/pl_clk0 | BD_i/smartconnect_0/inst/m00_nodes/m00_r_node/inst/inst_mi_handler/gen_normal_area.inst_fifo_send/rd_addrb_incr                                                                                              | BD_i/smartconnect_0/inst/m00_nodes/m00_r_node/inst/inst_mi_handler/m_sc_areset_r                                                                                                              |               14 |            143 |        10.21 |
|  BD_i/zynq_ultra_ps_e_0/inst/pl_clk0 | BD_i/ChaosCoreTop_0/inst/chiptop/system/tile_prci_domain/buffer/nodeOut_a_q/ram_ext/do_enq                                                                                                                   |                                                                                                                                                                                               |                9 |            144 |        16.00 |
|  BD_i/zynq_ultra_ps_e_0/inst/pl_clk0 | BD_i/ChaosCoreTop_0/inst/chiptop/system/cbus/buffer/nodeOut_a_q/ram_ext/do_enq_3                                                                                                                             |                                                                                                                                                                                               |                9 |            144 |        16.00 |
|  BD_i/zynq_ultra_ps_e_0/inst/pl_clk0 | BD_i/smartconnect_0/inst/m00_exit_pipeline/m00_exit/inst/w_reg/skid_buffer[2064]_i_1_n_0                                                                                                                     |                                                                                                                                                                                               |               22 |            145 |         6.59 |
|  BD_i/zynq_ultra_ps_e_0/inst/pl_clk0 | BD_i/smartconnect_0/inst/m00_exit_pipeline/m00_exit/inst/w_reg/m_vector_i                                                                                                                                    |                                                                                                                                                                                               |               22 |            145 |         6.59 |
|  BD_i/zynq_ultra_ps_e_0/inst/pl_clk0 | BD_i/axi_smc/inst/s00_entry_pipeline/s00_si_converter/inst/gen_normal.splitter_inst/gen_wsplitter.w_split_fifo/gen_pipelined.state_reg[1]_1[0]                                                               |                                                                                                                                                                                               |               20 |            146 |         7.30 |
|  BD_i/zynq_ultra_ps_e_0/inst/pl_clk0 | BD_i/axi_smc/inst/s00_entry_pipeline/s00_si_converter/inst/converter.wrap_narrow_inst/w_payld_fifo/gen_srls[223].srl_nx1/w_payld_push_d_reg                                                                  |                                                                                                                                                                                               |               20 |            146 |         7.30 |
|  BD_i/zynq_ultra_ps_e_0/inst/pl_clk0 | BD_i/smartconnect_0/inst/m00_nodes/m00_w_node/inst/inst_mi_handler/gen_normal_area.inst_fifo_node_payld/gen_xpm_memory_fifo.inst_fifo/gen_mem_rep[0].inst_rd_addrb/rd_addrb_incr                             | BD_i/smartconnect_0/inst/m00_nodes/m00_w_node/inst/inst_mi_handler/m_sc_areset_r                                                                                                              |               14 |            151 |        10.79 |
|  BD_i/zynq_ultra_ps_e_0/inst/pl_clk0 | BD_i/axi_smc/inst/switchboards/i_nodes/i_w_node/inst/inst_si_handler/gen_si_handler.gen_request_fifos.gen_req_fifo[0].inst_req_fifo/gen_xpm_memory_fifo.inst_fifo/s_sc_valid                                 |                                                                                                                                                                                               |               23 |            151 |         6.57 |
|  BD_i/zynq_ultra_ps_e_0/inst/pl_clk0 | BD_i/smartconnect_0/inst/s01_nodes/s01_w_node/inst/inst_mi_handler/gen_normal_area.inst_fifo_node_payld/gen_xpm_memory_fifo.inst_fifo/gen_mem_rep[0].inst_rd_addrb/E[0]                                      | BD_i/smartconnect_0/inst/s01_nodes/s01_w_node/inst/inst_mi_handler/m_sc_areset_r                                                                                                              |               15 |            154 |        10.27 |
|  BD_i/zynq_ultra_ps_e_0/inst/pl_clk0 | BD_i/smartconnect_0/inst/s00_nodes/s00_w_node/inst/inst_mi_handler/gen_normal_area.inst_fifo_node_payld/gen_xpm_memory_fifo.inst_fifo/gen_mem_rep[0].inst_rd_addrb/rd_addrb_incr                             | BD_i/smartconnect_0/inst/s00_nodes/s00_w_node/inst/inst_mi_handler/m_sc_areset_r                                                                                                              |               16 |            154 |         9.62 |
|  BD_i/zynq_ultra_ps_e_0/inst/pl_clk0 | BD_i/ChaosCoreTop_0/inst/chiptop/system/coh_wrapper/l2/inclusive_cache_bank_sched/sourceD/s4_latch                                                                                                           |                                                                                                                                                                                               |               57 |            157 |         2.75 |
|  BD_i/zynq_ultra_ps_e_0/inst/pl_clk0 | BD_i/ChaosCoreTop_0/inst/chiptop/system/tile_prci_domain/element_reset_domain_ChaosCore_tile/core/frontend/FP_rename/renamed_decoded_fetch_packet_Q/ram_ext/do_enq                                           |                                                                                                                                                                                               |               10 |            160 |        16.00 |
|  BD_i/zynq_ultra_ps_e_0/inst/pl_clk0 | BD_i/smartconnect_0/inst/s01_nodes/s01_r_node/inst/inst_mi_handler/gen_normal_area.inst_fifo_node_payld/gen_xpm_memory_fifo.inst_fifo/wr_wea                                                                 |                                                                                                                                                                                               |               10 |            160 |        16.00 |
|  BD_i/zynq_ultra_ps_e_0/inst/pl_clk0 | BD_i/smartconnect_0/inst/s00_nodes/s00_r_node/inst/inst_mi_handler/gen_normal_area.inst_fifo_node_payld/gen_xpm_memory_fifo.inst_fifo/wr_wea                                                                 |                                                                                                                                                                                               |               10 |            160 |        16.00 |
|  BD_i/zynq_ultra_ps_e_0/inst/pl_clk0 | BD_i/smartconnect_0/inst/m00_nodes/m00_r_node/inst/inst_mi_handler/gen_normal_area.inst_fifo_node_payld/gen_xpm_memory_fifo.inst_fifo/wr_wea                                                                 |                                                                                                                                                                                               |               11 |            176 |        16.00 |
|  BD_i/zynq_ultra_ps_e_0/inst/pl_clk0 | BD_i/smartconnect_0/inst/m00_nodes/m00_w_node/inst/inst_mi_handler/gen_normal_area.inst_fifo_node_payld/gen_xpm_memory_fifo.inst_fifo/wr_wea                                                                 |                                                                                                                                                                                               |               11 |            176 |        16.00 |
|  BD_i/zynq_ultra_ps_e_0/inst/pl_clk0 | BD_i/smartconnect_0/inst/s01_nodes/s01_w_node/inst/inst_mi_handler/gen_normal_area.inst_fifo_node_payld/gen_xpm_memory_fifo.inst_fifo/wr_wea                                                                 |                                                                                                                                                                                               |               12 |            184 |        15.33 |
|  BD_i/zynq_ultra_ps_e_0/inst/pl_clk0 | BD_i/smartconnect_0/inst/s00_nodes/s00_w_node/inst/inst_mi_handler/gen_normal_area.inst_fifo_node_payld/gen_xpm_memory_fifo.inst_fifo/wr_wea                                                                 |                                                                                                                                                                                               |               12 |            184 |        15.33 |
|  BD_i/zynq_ultra_ps_e_0/inst/pl_clk0 | BD_i/ChaosCoreTop_0/inst/chiptop/system/tile_prci_domain/element_reset_domain_ChaosCore_tile/core/frontend/decoders/decoded_fetch_packet_out_Q/do_enq                                                        |                                                                                                                                                                                               |               13 |            208 |        16.00 |
|  BD_i/zynq_ultra_ps_e_0/inst/pl_clk0 | BD_i/ChaosCoreTop_0/inst/chiptop/system/tile_prci_domain/element_reset_domain_ChaosCore_tile/core/frontend/decoders/decoded_fetch_packet_out_Q/ram_ext/do_enq_0                                              |                                                                                                                                                                                               |               13 |            208 |        16.00 |
|  BD_i/zynq_ultra_ps_e_0/inst/pl_clk0 | BD_i/ChaosCoreTop_0/inst/chiptop/system/tile_prci_domain/element_reset_domain_ChaosCore_tile/core/frontend/INT_rename/renamed_decoded_fetch_packet_Q/ram_ext/do_enq                                          |                                                                                                                                                                                               |               14 |            224 |        16.00 |
|  BD_i/zynq_ultra_ps_e_0/inst/pl_clk0 | BD_i/ChaosCoreTop_0/inst/chiptop/system/coh_wrapper/l2/inclusive_cache_bank_sched/sourceD/retire                                                                                                             |                                                                                                                                                                                               |               51 |            224 |         4.39 |
|  BD_i/zynq_ultra_ps_e_0/inst/pl_clk0 | BD_i/ChaosCoreTop_0/inst/chiptop/system/tile_prci_domain/element_reset_domain_ChaosCore_tile/core/backend/execution_engine/INT_FUs_2/ALU/FU_output/ram_ext/clock_uncore_25                                   |                                                                                                                                                                                               |               40 |            320 |         8.00 |
|  BD_i/zynq_ultra_ps_e_0/inst/pl_clk0 | BD_i/ChaosCoreTop_0/inst/chiptop/system/tile_prci_domain/element_reset_domain_ChaosCore_tile/core/backend/execution_engine/INT_FUs_2/ALU/FU_output/ram_ext/clock_uncore_221                                  |                                                                                                                                                                                               |               40 |            320 |         8.00 |
|  BD_i/zynq_ultra_ps_e_0/inst/pl_clk0 | BD_i/ChaosCoreTop_0/inst/chiptop/system/tile_prci_domain/element_reset_domain_ChaosCore_tile/core/backend/execution_engine/INT_FUs_0/ALU/FU_output/ram_ext/clock_uncore_1                                    |                                                                                                                                                                                               |               40 |            320 |         8.00 |
|  BD_i/zynq_ultra_ps_e_0/inst/pl_clk0 | BD_i/ChaosCoreTop_0/inst/chiptop/system/tile_prci_domain/element_reset_domain_ChaosCore_tile/core/backend/execution_engine/INT_FUs_0/ALU/FU_output/ram_ext/clock_uncore_120                                  |                                                                                                                                                                                               |               40 |            320 |         8.00 |
|  BD_i/zynq_ultra_ps_e_0/inst/pl_clk0 | BD_i/ChaosCoreTop_0/inst/chiptop/system/tile_prci_domain/element_reset_domain_ChaosCore_tile/dcache/mshrs/mmios_0/ram_reg_0_63_0_6_i_38                                                                      |                                                                                                                                                                                               |               40 |            320 |         8.00 |
|  BD_i/zynq_ultra_ps_e_0/inst/pl_clk0 | BD_i/ChaosCoreTop_0/inst/chiptop/system/tile_prci_domain/element_reset_domain_ChaosCore_tile/dcache/mshrs/mmios_0/ram_reg_0_63_0_6_i_38_0                                                                    |                                                                                                                                                                                               |               40 |            320 |         8.00 |
|  BD_i/zynq_ultra_ps_e_0/inst/pl_clk0 | BD_i/ChaosCoreTop_0/inst/chiptop/system/tile_prci_domain/element_reset_domain_ChaosCore_tile/core/backend/execution_engine/INT_FUs_1/div/FU_output/ram_reg_0_63_0_6_i_24_0                                   |                                                                                                                                                                                               |               40 |            320 |         8.00 |
|  BD_i/zynq_ultra_ps_e_0/inst/pl_clk0 | BD_i/ChaosCoreTop_0/inst/chiptop/system/tile_prci_domain/element_reset_domain_ChaosCore_tile/core/backend/execution_engine/INT_FUs_1/div/FU_output/ram_reg_0_63_0_6_i_24                                     |                                                                                                                                                                                               |               40 |            320 |         8.00 |
|  BD_i/zynq_ultra_ps_e_0/inst/pl_clk0 | BD_i/ChaosCoreTop_0/inst/chiptop/system/tile_prci_domain/buffer/nodeIn_d_q/ram_ext/count_reg                                                                                                                 | BD_i/ChaosCoreTop_0/inst/chiptop/system/chipyard_prcictrl_domain/resetSynchronizer/nodeOut_member_allClocks_uncore_reset_catcher/io_sync_reset_chain/output_chain/sync_0_reg_0                |              104 |            512 |         4.92 |
|  BD_i/zynq_ultra_ps_e_0/inst/pl_clk0 | BD_i/ChaosCoreTop_0/inst/chiptop/system/tile_prci_domain/element_reset_domain_ChaosCore_tile/core/backend/execution_engine/INT_FUs_1/div/FU_output/maybe_full_reg_70                                         | BD_i/ChaosCoreTop_0/inst/chiptop/system/chipyard_prcictrl_domain/resetSynchronizer/nodeOut_member_allClocks_uncore_reset_catcher/io_sync_reset_chain/output_chain/dividend_sign_reg           |              304 |           2151 |         7.08 |
|  BD_i/zynq_ultra_ps_e_0/inst/pl_clk0 |                                                                                                                                                                                                              |                                                                                                                                                                                               |              969 |           2996 |         3.09 |
|  BD_i/zynq_ultra_ps_e_0/inst/pl_clk0 |                                                                                                                                                                                                              | BD_i/ChaosCoreTop_0/inst/chiptop/system/chipyard_prcictrl_domain/resetSynchronizer/nodeOut_member_allClocks_uncore_reset_catcher/io_sync_reset_chain/output_chain/sync_0_reg_0                |             1058 |           3033 |         2.87 |
+--------------------------------------+--------------------------------------------------------------------------------------------------------------------------------------------------------------------------------------------------------------+-----------------------------------------------------------------------------------------------------------------------------------------------------------------------------------------------+------------------+----------------+--------------+


