
*** Running vivado
    with args -log BD_wrapper.vdi -applog -m64 -product Vivado -messageDb vivado.pb -mode batch -source BD_wrapper.tcl -notrace


****** Vivado v2024.2 (64-bit)
  **** SW Build 5239630 on Fri Nov 08 22:34:34 MST 2024
  **** IP Build 5239520 on Sun Nov 10 16:12:51 MST 2024
  **** SharedData Build 5239561 on Fri Nov 08 14:39:27 MST 2024
  **** Start of session at: Thu Mar 20 11:52:06 2025
    ** Copyright 1986-2022 Xilinx, Inc. All Rights Reserved.
    ** Copyright 2022-2024 Advanced Micro Devices, Inc. All Rights Reserved.

source BD_wrapper.tcl -notrace
WARNING: [Common 17-1361] You have specified a new message control rule that is equivalent to an existing rule with attributes ' -id {[BD 41-1271]}  -suppress '. The existing rule will be replaced.
WARNING: [Common 17-1361] You have specified a new message control rule that is equivalent to an existing rule with attributes ' -id {[BD 41-1306]}  -suppress '. The existing rule will be replaced.
WARNING: [Common 17-1361] You have specified a new message control rule that is equivalent to an existing rule with attributes ' -id {[BD 41-1271]}  -suppress '. The existing rule will be replaced.
WARNING: [Common 17-1361] You have specified a new message control rule that is equivalent to an existing rule with attributes ' -id {[BD 41-1306]}  -suppress '. The existing rule will be replaced.
WARNING: [Common 17-1361] You have specified a new message control rule that is equivalent to an existing rule with attributes ' -id {[BD 41-1271]}  -suppress '. The existing rule will be replaced.
WARNING: [Common 17-1361] You have specified a new message control rule that is equivalent to an existing rule with attributes ' -id {[BD 41-1306]}  -suppress '. The existing rule will be replaced.
WARNING: [Common 17-1361] You have specified a new message control rule that is equivalent to an existing rule with attributes ' -id {[BD 41-1271]}  -suppress '. The existing rule will be replaced.
WARNING: [Common 17-1361] You have specified a new message control rule that is equivalent to an existing rule with attributes ' -id {[BD 41-1306]}  -suppress '. The existing rule will be replaced.
INFO: [IP_Flow 19-234] Refreshing IP repositories
INFO: [IP_Flow 19-1704] No user IP repositories specified
INFO: [IP_Flow 19-2313] Loaded Vivado IP repository '/tools/Xilinx/Vivado/2024.2/data/ip'.
Command: link_design -top BD_wrapper -part xczu3eg-sbva484-1-i
Design is defaulting to srcset: sources_1
Design is defaulting to constrset: constrs_1
INFO: [Device 21-403] Loading part xczu3eg-sbva484-1-i
INFO: [Project 1-454] Reading design checkpoint '/mnt/Storage/SCHOOL/Capstone/bringup/ChaosCore-FPGA/ChaosCoreFPGAConfig/ChaosCore/ChaosCore.gen/sources_1/bd/BD/ip/BD_AXI_data_snoop_0_0/BD_AXI_data_snoop_0_0.dcp' for cell 'BD_i/AXI_data_snoop_0'
INFO: [Project 1-454] Reading design checkpoint '/mnt/Storage/SCHOOL/Capstone/bringup/ChaosCore-FPGA/ChaosCoreFPGAConfig/ChaosCore/ChaosCore.gen/sources_1/bd/BD/ip/BD_ChaosCoreTop_0_0/BD_ChaosCoreTop_0_0.dcp' for cell 'BD_i/ChaosCoreTop_0'
INFO: [Project 1-454] Reading design checkpoint '/mnt/Storage/SCHOOL/Capstone/bringup/ChaosCore-FPGA/ChaosCoreFPGAConfig/ChaosCore/ChaosCore.gen/sources_1/bd/BD/ip/BD_axi_gpio_0_0/BD_axi_gpio_0_0.dcp' for cell 'BD_i/axi_gpio_0'
INFO: [Project 1-454] Reading design checkpoint '/mnt/Storage/SCHOOL/Capstone/bringup/ChaosCore-FPGA/ChaosCoreFPGAConfig/ChaosCore/ChaosCore.gen/sources_1/bd/BD/ip/BD_axi_gpio_1_0/BD_axi_gpio_1_0.dcp' for cell 'BD_i/axi_gpio_1'
INFO: [Project 1-454] Reading design checkpoint '/mnt/Storage/SCHOOL/Capstone/bringup/ChaosCore-FPGA/ChaosCoreFPGAConfig/ChaosCore/ChaosCore.gen/sources_1/bd/BD/ip/BD_axi_smc_0/BD_axi_smc_0.dcp' for cell 'BD_i/axi_smc'
INFO: [Project 1-454] Reading design checkpoint '/mnt/Storage/SCHOOL/Capstone/bringup/ChaosCore-FPGA/ChaosCoreFPGAConfig/ChaosCore/ChaosCore.gen/sources_1/bd/BD/ip/BD_blink_0_0/BD_blink_0_0.dcp' for cell 'BD_i/blink_0'
INFO: [Project 1-454] Reading design checkpoint '/mnt/Storage/SCHOOL/Capstone/bringup/ChaosCore-FPGA/ChaosCoreFPGAConfig/ChaosCore/ChaosCore.gen/sources_1/bd/BD/ip/BD_ctrl0_0_0/BD_ctrl0_0_0.dcp' for cell 'BD_i/ctrl0_0'
INFO: [Project 1-454] Reading design checkpoint '/mnt/Storage/SCHOOL/Capstone/bringup/ChaosCore-FPGA/ChaosCoreFPGAConfig/ChaosCore/ChaosCore.gen/sources_1/bd/BD/ip/BD_rst_ps8_0_100M_0/BD_rst_ps8_0_100M_0.dcp' for cell 'BD_i/rst_ps8_0_100M'
INFO: [Project 1-454] Reading design checkpoint '/mnt/Storage/SCHOOL/Capstone/bringup/ChaosCore-FPGA/ChaosCoreFPGAConfig/ChaosCore/ChaosCore.gen/sources_1/bd/BD/ip/BD_smartconnect_0_0/BD_smartconnect_0_0.dcp' for cell 'BD_i/smartconnect_0'
INFO: [Project 1-454] Reading design checkpoint '/mnt/Storage/SCHOOL/Capstone/bringup/ChaosCore-FPGA/ChaosCoreFPGAConfig/ChaosCore/ChaosCore.gen/sources_1/bd/BD/ip/BD_zynq_ultra_ps_e_0_0/BD_zynq_ultra_ps_e_0_0.dcp' for cell 'BD_i/zynq_ultra_ps_e_0'
Netlist sorting complete. Time (s): cpu = 00:00:00.77 ; elapsed = 00:00:00.78 . Memory (MB): peak = 2276.379 ; gain = 0.000 ; free physical = 7071 ; free virtual = 22965
INFO: [Netlist 29-17] Analyzing 3627 Unisim elements for replacement
INFO: [Netlist 29-28] Unisim Transformation completed in 0 CPU seconds
INFO: [Project 1-479] Netlist was created with Vivado 2024.2
INFO: [Project 1-570] Preparing netlist for logic optimization
Parsing XDC File [/mnt/Storage/SCHOOL/Capstone/bringup/ChaosCore-FPGA/ChaosCoreFPGAConfig/ChaosCore/ChaosCore.gen/sources_1/bd/BD/ip/BD_rst_ps8_0_100M_0/BD_rst_ps8_0_100M_0_board.xdc] for cell 'BD_i/rst_ps8_0_100M/U0'
Finished Parsing XDC File [/mnt/Storage/SCHOOL/Capstone/bringup/ChaosCore-FPGA/ChaosCoreFPGAConfig/ChaosCore/ChaosCore.gen/sources_1/bd/BD/ip/BD_rst_ps8_0_100M_0/BD_rst_ps8_0_100M_0_board.xdc] for cell 'BD_i/rst_ps8_0_100M/U0'
Parsing XDC File [/mnt/Storage/SCHOOL/Capstone/bringup/ChaosCore-FPGA/ChaosCoreFPGAConfig/ChaosCore/ChaosCore.gen/sources_1/bd/BD/ip/BD_smartconnect_0_0/smartconnect.xdc] for cell 'BD_i/smartconnect_0/inst'
WARNING: [Vivado_Tcl 4-919] Waiver ID 'CDC-1' -from list should not be empty. [/mnt/Storage/SCHOOL/Capstone/bringup/ChaosCore-FPGA/ChaosCoreFPGAConfig/ChaosCore/ChaosCore.gen/sources_1/bd/BD/ip/BD_smartconnect_0_0/smartconnect.xdc:2]
WARNING: [Vivado_Tcl 4-921] Waiver ID 'CDC-1' -to list should not be empty. [/mnt/Storage/SCHOOL/Capstone/bringup/ChaosCore-FPGA/ChaosCoreFPGAConfig/ChaosCore/ChaosCore.gen/sources_1/bd/BD/ip/BD_smartconnect_0_0/smartconnect.xdc:3]
WARNING: [Vivado_Tcl 4-921] Waiver ID 'CDC-1' -to list should not be empty. [/mnt/Storage/SCHOOL/Capstone/bringup/ChaosCore-FPGA/ChaosCoreFPGAConfig/ChaosCore/ChaosCore.gen/sources_1/bd/BD/ip/BD_smartconnect_0_0/smartconnect.xdc:4]
WARNING: [Vivado_Tcl 4-921] Waiver ID 'CDC-1' -to list should not be empty. [/mnt/Storage/SCHOOL/Capstone/bringup/ChaosCore-FPGA/ChaosCoreFPGAConfig/ChaosCore/ChaosCore.gen/sources_1/bd/BD/ip/BD_smartconnect_0_0/smartconnect.xdc:5]
WARNING: [Vivado_Tcl 4-921] Waiver ID 'CDC-1' -to list should not be empty. [/mnt/Storage/SCHOOL/Capstone/bringup/ChaosCore-FPGA/ChaosCoreFPGAConfig/ChaosCore/ChaosCore.gen/sources_1/bd/BD/ip/BD_smartconnect_0_0/smartconnect.xdc:6]
WARNING: [Vivado_Tcl 4-921] Waiver ID 'CDC-1' -to list should not be empty. [/mnt/Storage/SCHOOL/Capstone/bringup/ChaosCore-FPGA/ChaosCoreFPGAConfig/ChaosCore/ChaosCore.gen/sources_1/bd/BD/ip/BD_smartconnect_0_0/smartconnect.xdc:7]
WARNING: [Vivado_Tcl 4-921] Waiver ID 'CDC-1' -to list should not be empty. [/mnt/Storage/SCHOOL/Capstone/bringup/ChaosCore-FPGA/ChaosCoreFPGAConfig/ChaosCore/ChaosCore.gen/sources_1/bd/BD/ip/BD_smartconnect_0_0/smartconnect.xdc:8]
WARNING: [Vivado_Tcl 4-921] Waiver ID 'CDC-1' -to list should not be empty. [/mnt/Storage/SCHOOL/Capstone/bringup/ChaosCore-FPGA/ChaosCoreFPGAConfig/ChaosCore/ChaosCore.gen/sources_1/bd/BD/ip/BD_smartconnect_0_0/smartconnect.xdc:9]
WARNING: [Vivado_Tcl 4-921] Waiver ID 'CDC-1' -to list should not be empty. [/mnt/Storage/SCHOOL/Capstone/bringup/ChaosCore-FPGA/ChaosCoreFPGAConfig/ChaosCore/ChaosCore.gen/sources_1/bd/BD/ip/BD_smartconnect_0_0/smartconnect.xdc:10]
WARNING: [Vivado_Tcl 4-921] Waiver ID 'CDC-1' -to list should not be empty. [/mnt/Storage/SCHOOL/Capstone/bringup/ChaosCore-FPGA/ChaosCoreFPGAConfig/ChaosCore/ChaosCore.gen/sources_1/bd/BD/ip/BD_smartconnect_0_0/smartconnect.xdc:11]
WARNING: [Vivado_Tcl 4-921] Waiver ID 'CDC-1' -to list should not be empty. [/mnt/Storage/SCHOOL/Capstone/bringup/ChaosCore-FPGA/ChaosCoreFPGAConfig/ChaosCore/ChaosCore.gen/sources_1/bd/BD/ip/BD_smartconnect_0_0/smartconnect.xdc:12]
WARNING: [Vivado_Tcl 4-921] Waiver ID 'CDC-1' -to list should not be empty. [/mnt/Storage/SCHOOL/Capstone/bringup/ChaosCore-FPGA/ChaosCoreFPGAConfig/ChaosCore/ChaosCore.gen/sources_1/bd/BD/ip/BD_smartconnect_0_0/smartconnect.xdc:14]
WARNING: [Vivado_Tcl 4-921] Waiver ID 'CDC-1' -to list should not be empty. [/mnt/Storage/SCHOOL/Capstone/bringup/ChaosCore-FPGA/ChaosCoreFPGAConfig/ChaosCore/ChaosCore.gen/sources_1/bd/BD/ip/BD_smartconnect_0_0/smartconnect.xdc:15]
WARNING: [Vivado_Tcl 4-921] Waiver ID 'CDC-1' -to list should not be empty. [/mnt/Storage/SCHOOL/Capstone/bringup/ChaosCore-FPGA/ChaosCoreFPGAConfig/ChaosCore/ChaosCore.gen/sources_1/bd/BD/ip/BD_smartconnect_0_0/smartconnect.xdc:18]
WARNING: [Vivado_Tcl 4-921] Waiver ID 'CDC-1' -to list should not be empty. [/mnt/Storage/SCHOOL/Capstone/bringup/ChaosCore-FPGA/ChaosCoreFPGAConfig/ChaosCore/ChaosCore.gen/sources_1/bd/BD/ip/BD_smartconnect_0_0/smartconnect.xdc:19]
WARNING: [Vivado_Tcl 4-921] Waiver ID 'CDC-1' -to list should not be empty. [/mnt/Storage/SCHOOL/Capstone/bringup/ChaosCore-FPGA/ChaosCoreFPGAConfig/ChaosCore/ChaosCore.gen/sources_1/bd/BD/ip/BD_smartconnect_0_0/smartconnect.xdc:20]
WARNING: [Vivado_Tcl 4-921] Waiver ID 'CDC-1' -to list should not be empty. [/mnt/Storage/SCHOOL/Capstone/bringup/ChaosCore-FPGA/ChaosCoreFPGAConfig/ChaosCore/ChaosCore.gen/sources_1/bd/BD/ip/BD_smartconnect_0_0/smartconnect.xdc:21]
WARNING: [Vivado_Tcl 4-921] Waiver ID 'CDC-1' -to list should not be empty. [/mnt/Storage/SCHOOL/Capstone/bringup/ChaosCore-FPGA/ChaosCoreFPGAConfig/ChaosCore/ChaosCore.gen/sources_1/bd/BD/ip/BD_smartconnect_0_0/smartconnect.xdc:22]
WARNING: [Vivado_Tcl 4-921] Waiver ID 'CDC-1' -to list should not be empty. [/mnt/Storage/SCHOOL/Capstone/bringup/ChaosCore-FPGA/ChaosCoreFPGAConfig/ChaosCore/ChaosCore.gen/sources_1/bd/BD/ip/BD_smartconnect_0_0/smartconnect.xdc:23]
WARNING: [Vivado_Tcl 4-921] Waiver ID 'CDC-1' -to list should not be empty. [/mnt/Storage/SCHOOL/Capstone/bringup/ChaosCore-FPGA/ChaosCoreFPGAConfig/ChaosCore/ChaosCore.gen/sources_1/bd/BD/ip/BD_smartconnect_0_0/smartconnect.xdc:24]
WARNING: [Vivado_Tcl 4-921] Waiver ID 'CDC-1' -to list should not be empty. [/mnt/Storage/SCHOOL/Capstone/bringup/ChaosCore-FPGA/ChaosCoreFPGAConfig/ChaosCore/ChaosCore.gen/sources_1/bd/BD/ip/BD_smartconnect_0_0/smartconnect.xdc:26]
WARNING: [Vivado_Tcl 4-921] Waiver ID 'CDC-1' -to list should not be empty. [/mnt/Storage/SCHOOL/Capstone/bringup/ChaosCore-FPGA/ChaosCoreFPGAConfig/ChaosCore/ChaosCore.gen/sources_1/bd/BD/ip/BD_smartconnect_0_0/smartconnect.xdc:28]
WARNING: [Vivado_Tcl 4-921] Waiver ID 'CDC-1' -to list should not be empty. [/mnt/Storage/SCHOOL/Capstone/bringup/ChaosCore-FPGA/ChaosCoreFPGAConfig/ChaosCore/ChaosCore.gen/sources_1/bd/BD/ip/BD_smartconnect_0_0/smartconnect.xdc:29]
WARNING: [Vivado_Tcl 4-921] Waiver ID 'CDC-1' -to list should not be empty. [/mnt/Storage/SCHOOL/Capstone/bringup/ChaosCore-FPGA/ChaosCoreFPGAConfig/ChaosCore/ChaosCore.gen/sources_1/bd/BD/ip/BD_smartconnect_0_0/smartconnect.xdc:30]
WARNING: [Vivado_Tcl 4-921] Waiver ID 'CDC-1' -to list should not be empty. [/mnt/Storage/SCHOOL/Capstone/bringup/ChaosCore-FPGA/ChaosCoreFPGAConfig/ChaosCore/ChaosCore.gen/sources_1/bd/BD/ip/BD_smartconnect_0_0/smartconnect.xdc:32]
WARNING: [Vivado_Tcl 4-921] Waiver ID 'CDC-1' -to list should not be empty. [/mnt/Storage/SCHOOL/Capstone/bringup/ChaosCore-FPGA/ChaosCoreFPGAConfig/ChaosCore/ChaosCore.gen/sources_1/bd/BD/ip/BD_smartconnect_0_0/smartconnect.xdc:36]
WARNING: [Vivado_Tcl 4-921] Waiver ID 'CDC-1' -to list should not be empty. [/mnt/Storage/SCHOOL/Capstone/bringup/ChaosCore-FPGA/ChaosCoreFPGAConfig/ChaosCore/ChaosCore.gen/sources_1/bd/BD/ip/BD_smartconnect_0_0/smartconnect.xdc:37]
WARNING: [Vivado_Tcl 4-921] Waiver ID 'CDC-2' -to list should not be empty. [/mnt/Storage/SCHOOL/Capstone/bringup/ChaosCore-FPGA/ChaosCoreFPGAConfig/ChaosCore/ChaosCore.gen/sources_1/bd/BD/ip/BD_smartconnect_0_0/smartconnect.xdc:38]
WARNING: [Vivado_Tcl 4-921] Waiver ID 'CDC-2' -to list should not be empty. [/mnt/Storage/SCHOOL/Capstone/bringup/ChaosCore-FPGA/ChaosCoreFPGAConfig/ChaosCore/ChaosCore.gen/sources_1/bd/BD/ip/BD_smartconnect_0_0/smartconnect.xdc:39]
WARNING: [Vivado_Tcl 4-921] Waiver ID 'CDC-2' -to list should not be empty. [/mnt/Storage/SCHOOL/Capstone/bringup/ChaosCore-FPGA/ChaosCoreFPGAConfig/ChaosCore/ChaosCore.gen/sources_1/bd/BD/ip/BD_smartconnect_0_0/smartconnect.xdc:40]
WARNING: [Vivado_Tcl 4-921] Waiver ID 'CDC-10' -to list should not be empty. [/mnt/Storage/SCHOOL/Capstone/bringup/ChaosCore-FPGA/ChaosCoreFPGAConfig/ChaosCore/ChaosCore.gen/sources_1/bd/BD/ip/BD_smartconnect_0_0/smartconnect.xdc:41]
WARNING: [Vivado_Tcl 4-921] Waiver ID 'CDC-10' -to list should not be empty. [/mnt/Storage/SCHOOL/Capstone/bringup/ChaosCore-FPGA/ChaosCoreFPGAConfig/ChaosCore/ChaosCore.gen/sources_1/bd/BD/ip/BD_smartconnect_0_0/smartconnect.xdc:42]
WARNING: [Vivado_Tcl 4-921] Waiver ID 'CDC-10' -to list should not be empty. [/mnt/Storage/SCHOOL/Capstone/bringup/ChaosCore-FPGA/ChaosCoreFPGAConfig/ChaosCore/ChaosCore.gen/sources_1/bd/BD/ip/BD_smartconnect_0_0/smartconnect.xdc:43]
WARNING: [Vivado_Tcl 4-921] Waiver ID 'CDC-4' -to list should not be empty. [/mnt/Storage/SCHOOL/Capstone/bringup/ChaosCore-FPGA/ChaosCoreFPGAConfig/ChaosCore/ChaosCore.gen/sources_1/bd/BD/ip/BD_smartconnect_0_0/smartconnect.xdc:44]
WARNING: [Vivado_Tcl 4-921] Waiver ID 'CDC-4' -to list should not be empty. [/mnt/Storage/SCHOOL/Capstone/bringup/ChaosCore-FPGA/ChaosCoreFPGAConfig/ChaosCore/ChaosCore.gen/sources_1/bd/BD/ip/BD_smartconnect_0_0/smartconnect.xdc:45]
WARNING: [Vivado_Tcl 4-921] Waiver ID 'CDC-4' -to list should not be empty. [/mnt/Storage/SCHOOL/Capstone/bringup/ChaosCore-FPGA/ChaosCoreFPGAConfig/ChaosCore/ChaosCore.gen/sources_1/bd/BD/ip/BD_smartconnect_0_0/smartconnect.xdc:46]
WARNING: [Vivado_Tcl 4-921] Waiver ID 'CDC-13' -to list should not be empty. [/mnt/Storage/SCHOOL/Capstone/bringup/ChaosCore-FPGA/ChaosCoreFPGAConfig/ChaosCore/ChaosCore.gen/sources_1/bd/BD/ip/BD_smartconnect_0_0/smartconnect.xdc:47]
WARNING: [Vivado_Tcl 4-921] Waiver ID 'CDC-13' -to list should not be empty. [/mnt/Storage/SCHOOL/Capstone/bringup/ChaosCore-FPGA/ChaosCoreFPGAConfig/ChaosCore/ChaosCore.gen/sources_1/bd/BD/ip/BD_smartconnect_0_0/smartconnect.xdc:48]
Finished Parsing XDC File [/mnt/Storage/SCHOOL/Capstone/bringup/ChaosCore-FPGA/ChaosCoreFPGAConfig/ChaosCore/ChaosCore.gen/sources_1/bd/BD/ip/BD_smartconnect_0_0/smartconnect.xdc] for cell 'BD_i/smartconnect_0/inst'
Parsing XDC File [/mnt/Storage/SCHOOL/Capstone/bringup/ChaosCore-FPGA/ChaosCoreFPGAConfig/ChaosCore/ChaosCore.gen/sources_1/bd/BD/ip/BD_smartconnect_0_0/bd_0/ip/ip_3/bd_4797_psr_aclk1_0.xdc] for cell 'BD_i/smartconnect_0/inst/clk_map/psr_aclk1/U0'
Finished Parsing XDC File [/mnt/Storage/SCHOOL/Capstone/bringup/ChaosCore-FPGA/ChaosCoreFPGAConfig/ChaosCore/ChaosCore.gen/sources_1/bd/BD/ip/BD_smartconnect_0_0/bd_0/ip/ip_3/bd_4797_psr_aclk1_0.xdc] for cell 'BD_i/smartconnect_0/inst/clk_map/psr_aclk1/U0'
Parsing XDC File [/mnt/Storage/SCHOOL/Capstone/bringup/ChaosCore-FPGA/ChaosCoreFPGAConfig/ChaosCore/ChaosCore.gen/sources_1/bd/BD/ip/BD_smartconnect_0_0/bd_0/ip/ip_3/bd_4797_psr_aclk1_0_board.xdc] for cell 'BD_i/smartconnect_0/inst/clk_map/psr_aclk1/U0'
Finished Parsing XDC File [/mnt/Storage/SCHOOL/Capstone/bringup/ChaosCore-FPGA/ChaosCoreFPGAConfig/ChaosCore/ChaosCore.gen/sources_1/bd/BD/ip/BD_smartconnect_0_0/bd_0/ip/ip_3/bd_4797_psr_aclk1_0_board.xdc] for cell 'BD_i/smartconnect_0/inst/clk_map/psr_aclk1/U0'
Parsing XDC File [/mnt/Storage/SCHOOL/Capstone/bringup/ChaosCore-FPGA/ChaosCoreFPGAConfig/ChaosCore/ChaosCore.gen/sources_1/bd/BD/ip/BD_smartconnect_0_0/bd_0/ip/ip_2/bd_4797_psr_aclk_0.xdc] for cell 'BD_i/smartconnect_0/inst/clk_map/psr_aclk/U0'
Finished Parsing XDC File [/mnt/Storage/SCHOOL/Capstone/bringup/ChaosCore-FPGA/ChaosCoreFPGAConfig/ChaosCore/ChaosCore.gen/sources_1/bd/BD/ip/BD_smartconnect_0_0/bd_0/ip/ip_2/bd_4797_psr_aclk_0.xdc] for cell 'BD_i/smartconnect_0/inst/clk_map/psr_aclk/U0'
Parsing XDC File [/mnt/Storage/SCHOOL/Capstone/bringup/ChaosCore-FPGA/ChaosCoreFPGAConfig/ChaosCore/ChaosCore.gen/sources_1/bd/BD/ip/BD_smartconnect_0_0/bd_0/ip/ip_2/bd_4797_psr_aclk_0_board.xdc] for cell 'BD_i/smartconnect_0/inst/clk_map/psr_aclk/U0'
Finished Parsing XDC File [/mnt/Storage/SCHOOL/Capstone/bringup/ChaosCore-FPGA/ChaosCoreFPGAConfig/ChaosCore/ChaosCore.gen/sources_1/bd/BD/ip/BD_smartconnect_0_0/bd_0/ip/ip_2/bd_4797_psr_aclk_0_board.xdc] for cell 'BD_i/smartconnect_0/inst/clk_map/psr_aclk/U0'
Parsing XDC File [/mnt/Storage/SCHOOL/Capstone/bringup/ChaosCore-FPGA/ChaosCoreFPGAConfig/ChaosCore/ChaosCore.gen/sources_1/bd/BD/ip/BD_smartconnect_0_0/bd_0/ip/ip_1/bd_4797_psr0_0.xdc] for cell 'BD_i/smartconnect_0/inst/clk_map/psr0/U0'
Finished Parsing XDC File [/mnt/Storage/SCHOOL/Capstone/bringup/ChaosCore-FPGA/ChaosCoreFPGAConfig/ChaosCore/ChaosCore.gen/sources_1/bd/BD/ip/BD_smartconnect_0_0/bd_0/ip/ip_1/bd_4797_psr0_0.xdc] for cell 'BD_i/smartconnect_0/inst/clk_map/psr0/U0'
Parsing XDC File [/mnt/Storage/SCHOOL/Capstone/bringup/ChaosCore-FPGA/ChaosCoreFPGAConfig/ChaosCore/ChaosCore.gen/sources_1/bd/BD/ip/BD_smartconnect_0_0/bd_0/ip/ip_1/bd_4797_psr0_0_board.xdc] for cell 'BD_i/smartconnect_0/inst/clk_map/psr0/U0'
Finished Parsing XDC File [/mnt/Storage/SCHOOL/Capstone/bringup/ChaosCore-FPGA/ChaosCoreFPGAConfig/ChaosCore/ChaosCore.gen/sources_1/bd/BD/ip/BD_smartconnect_0_0/bd_0/ip/ip_1/bd_4797_psr0_0_board.xdc] for cell 'BD_i/smartconnect_0/inst/clk_map/psr0/U0'
Parsing XDC File [/mnt/Storage/SCHOOL/Capstone/bringup/ChaosCore-FPGA/ChaosCoreFPGAConfig/ChaosCore/ChaosCore.gen/sources_1/bd/BD/ip/BD_rst_ps8_0_100M_0/BD_rst_ps8_0_100M_0.xdc] for cell 'BD_i/rst_ps8_0_100M/U0'
Finished Parsing XDC File [/mnt/Storage/SCHOOL/Capstone/bringup/ChaosCore-FPGA/ChaosCoreFPGAConfig/ChaosCore/ChaosCore.gen/sources_1/bd/BD/ip/BD_rst_ps8_0_100M_0/BD_rst_ps8_0_100M_0.xdc] for cell 'BD_i/rst_ps8_0_100M/U0'
Parsing XDC File [/mnt/Storage/SCHOOL/Capstone/bringup/ChaosCore-FPGA/ChaosCoreFPGAConfig/ChaosCore/ChaosCore.gen/sources_1/bd/BD/ip/BD_zynq_ultra_ps_e_0_0/BD_zynq_ultra_ps_e_0_0.xdc] for cell 'BD_i/zynq_ultra_ps_e_0/inst'
Finished Parsing XDC File [/mnt/Storage/SCHOOL/Capstone/bringup/ChaosCore-FPGA/ChaosCoreFPGAConfig/ChaosCore/ChaosCore.gen/sources_1/bd/BD/ip/BD_zynq_ultra_ps_e_0_0/BD_zynq_ultra_ps_e_0_0.xdc] for cell 'BD_i/zynq_ultra_ps_e_0/inst'
Parsing XDC File [/mnt/Storage/SCHOOL/Capstone/bringup/ChaosCore-FPGA/ChaosCoreFPGAConfig/ChaosCore/ChaosCore.gen/sources_1/bd/BD/ip/BD_axi_smc_0/smartconnect.xdc] for cell 'BD_i/axi_smc/inst'
Finished Parsing XDC File [/mnt/Storage/SCHOOL/Capstone/bringup/ChaosCore-FPGA/ChaosCoreFPGAConfig/ChaosCore/ChaosCore.gen/sources_1/bd/BD/ip/BD_axi_smc_0/smartconnect.xdc] for cell 'BD_i/axi_smc/inst'
Parsing XDC File [/mnt/Storage/SCHOOL/Capstone/bringup/ChaosCore-FPGA/ChaosCoreFPGAConfig/ChaosCore/ChaosCore.gen/sources_1/bd/BD/ip/BD_axi_smc_0/bd_0/ip/ip_1/bd_5c0d_psr_aclk_0.xdc] for cell 'BD_i/axi_smc/inst/clk_map/psr_aclk/U0'
Finished Parsing XDC File [/mnt/Storage/SCHOOL/Capstone/bringup/ChaosCore-FPGA/ChaosCoreFPGAConfig/ChaosCore/ChaosCore.gen/sources_1/bd/BD/ip/BD_axi_smc_0/bd_0/ip/ip_1/bd_5c0d_psr_aclk_0.xdc] for cell 'BD_i/axi_smc/inst/clk_map/psr_aclk/U0'
Parsing XDC File [/mnt/Storage/SCHOOL/Capstone/bringup/ChaosCore-FPGA/ChaosCoreFPGAConfig/ChaosCore/ChaosCore.gen/sources_1/bd/BD/ip/BD_axi_smc_0/bd_0/ip/ip_1/bd_5c0d_psr_aclk_0_board.xdc] for cell 'BD_i/axi_smc/inst/clk_map/psr_aclk/U0'
Finished Parsing XDC File [/mnt/Storage/SCHOOL/Capstone/bringup/ChaosCore-FPGA/ChaosCoreFPGAConfig/ChaosCore/ChaosCore.gen/sources_1/bd/BD/ip/BD_axi_smc_0/bd_0/ip/ip_1/bd_5c0d_psr_aclk_0_board.xdc] for cell 'BD_i/axi_smc/inst/clk_map/psr_aclk/U0'
Parsing XDC File [/mnt/Storage/SCHOOL/Capstone/bringup/ChaosCore-FPGA/ChaosCoreFPGAConfig/ChaosCore/ChaosCore.gen/sources_1/bd/BD/ip/BD_axi_gpio_1_0/BD_axi_gpio_1_0.xdc] for cell 'BD_i/axi_gpio_1/U0'
Finished Parsing XDC File [/mnt/Storage/SCHOOL/Capstone/bringup/ChaosCore-FPGA/ChaosCoreFPGAConfig/ChaosCore/ChaosCore.gen/sources_1/bd/BD/ip/BD_axi_gpio_1_0/BD_axi_gpio_1_0.xdc] for cell 'BD_i/axi_gpio_1/U0'
Parsing XDC File [/mnt/Storage/SCHOOL/Capstone/bringup/ChaosCore-FPGA/ChaosCoreFPGAConfig/ChaosCore/ChaosCore.gen/sources_1/bd/BD/ip/BD_axi_gpio_1_0/BD_axi_gpio_1_0_board.xdc] for cell 'BD_i/axi_gpio_1/U0'
Finished Parsing XDC File [/mnt/Storage/SCHOOL/Capstone/bringup/ChaosCore-FPGA/ChaosCoreFPGAConfig/ChaosCore/ChaosCore.gen/sources_1/bd/BD/ip/BD_axi_gpio_1_0/BD_axi_gpio_1_0_board.xdc] for cell 'BD_i/axi_gpio_1/U0'
Parsing XDC File [/mnt/Storage/SCHOOL/Capstone/bringup/ChaosCore-FPGA/ChaosCoreFPGAConfig/ChaosCore/ChaosCore.gen/sources_1/bd/BD/ip/BD_axi_gpio_0_0/BD_axi_gpio_0_0.xdc] for cell 'BD_i/axi_gpio_0/U0'
Finished Parsing XDC File [/mnt/Storage/SCHOOL/Capstone/bringup/ChaosCore-FPGA/ChaosCoreFPGAConfig/ChaosCore/ChaosCore.gen/sources_1/bd/BD/ip/BD_axi_gpio_0_0/BD_axi_gpio_0_0.xdc] for cell 'BD_i/axi_gpio_0/U0'
Parsing XDC File [/mnt/Storage/SCHOOL/Capstone/bringup/ChaosCore-FPGA/ChaosCoreFPGAConfig/ChaosCore/ChaosCore.gen/sources_1/bd/BD/ip/BD_axi_gpio_0_0/BD_axi_gpio_0_0_board.xdc] for cell 'BD_i/axi_gpio_0/U0'
Finished Parsing XDC File [/mnt/Storage/SCHOOL/Capstone/bringup/ChaosCore-FPGA/ChaosCoreFPGAConfig/ChaosCore/ChaosCore.gen/sources_1/bd/BD/ip/BD_axi_gpio_0_0/BD_axi_gpio_0_0_board.xdc] for cell 'BD_i/axi_gpio_0/U0'
Parsing XDC File [/mnt/Storage/SCHOOL/Capstone/bringup/ChaosCore-FPGA/ChaosCoreFPGAConfig/ChaosCore/ChaosCore.srcs/constrs_1/new/constraints.xdc]
Finished Parsing XDC File [/mnt/Storage/SCHOOL/Capstone/bringup/ChaosCore-FPGA/ChaosCoreFPGAConfig/ChaosCore/ChaosCore.srcs/constrs_1/new/constraints.xdc]
WARNING: [XPM_CDC_GRAY: TCL-1000] The source and destination clocks are the same. 
     Instance: BD_i/smartconnect_0/inst/m00_nodes/m00_ar_node/inst/inst_mi_handler/gen_normal_area.inst_fifo_node_payld/gen_xpm_memory_fifo.inst_fifo/gen_async_clocks.inst_cdc_addrb_to_wr_clk 
  This will add unnecessary latency to the design. Please check the design for the following: 
 1) Manually instantiated XPM_CDC modules: AMD recommends that you remove these modules. 
 2) AMD IP that contains XPM_CDC modules: Verify the connections to the IP to determine whether you can safely ignore this message.
 [/tools/Xilinx/Vivado/2024.2/data/ip/xpm/xpm_cdc/tcl/xpm_cdc_gray.tcl:16]
WARNING: [XPM_CDC_GRAY: TCL-1000] The source and destination clocks are the same. 
     Instance: BD_i/smartconnect_0/inst/s00_nodes/s00_w_node/inst/inst_mi_handler/gen_normal_area.inst_fifo_node_payld/gen_xpm_memory_fifo.inst_fifo/gen_async_clocks.inst_cdc_addra_to_rd_clk 
  This will add unnecessary latency to the design. Please check the design for the following: 
 1) Manually instantiated XPM_CDC modules: AMD recommends that you remove these modules. 
 2) AMD IP that contains XPM_CDC modules: Verify the connections to the IP to determine whether you can safely ignore this message.
 [/tools/Xilinx/Vivado/2024.2/data/ip/xpm/xpm_cdc/tcl/xpm_cdc_gray.tcl:16]
WARNING: [XPM_CDC_GRAY: TCL-1000] The source and destination clocks are the same. 
     Instance: BD_i/smartconnect_0/inst/s00_nodes/s00_w_node/inst/inst_mi_handler/gen_normal_area.inst_fifo_node_payld/gen_xpm_memory_fifo.inst_fifo/gen_async_clocks.inst_cdc_addrb_to_wr_clk 
  This will add unnecessary latency to the design. Please check the design for the following: 
 1) Manually instantiated XPM_CDC modules: AMD recommends that you remove these modules. 
 2) AMD IP that contains XPM_CDC modules: Verify the connections to the IP to determine whether you can safely ignore this message.
 [/tools/Xilinx/Vivado/2024.2/data/ip/xpm/xpm_cdc/tcl/xpm_cdc_gray.tcl:16]
WARNING: [XPM_CDC_GRAY: TCL-1000] The source and destination clocks are the same. 
     Instance: BD_i/smartconnect_0/inst/s00_nodes/s00_w_node/inst/inst_mi_handler/gen_normal_area.gen_fifo_req.inst_fifo_req/gen_xpm_memory_fifo.inst_fifo/gen_async_clocks.inst_cdc_addra_to_rd_clk 
  This will add unnecessary latency to the design. Please check the design for the following: 
 1) Manually instantiated XPM_CDC modules: AMD recommends that you remove these modules. 
 2) AMD IP that contains XPM_CDC modules: Verify the connections to the IP to determine whether you can safely ignore this message.
 [/tools/Xilinx/Vivado/2024.2/data/ip/xpm/xpm_cdc/tcl/xpm_cdc_gray.tcl:16]
WARNING: [XPM_CDC_GRAY: TCL-1000] The source and destination clocks are the same. 
     Instance: BD_i/smartconnect_0/inst/s00_nodes/s00_w_node/inst/inst_mi_handler/gen_normal_area.gen_fifo_req.inst_fifo_req/gen_xpm_memory_fifo.inst_fifo/gen_async_clocks.inst_cdc_addrb_to_wr_clk 
  This will add unnecessary latency to the design. Please check the design for the following: 
 1) Manually instantiated XPM_CDC modules: AMD recommends that you remove these modules. 
 2) AMD IP that contains XPM_CDC modules: Verify the connections to the IP to determine whether you can safely ignore this message.
 [/tools/Xilinx/Vivado/2024.2/data/ip/xpm/xpm_cdc/tcl/xpm_cdc_gray.tcl:16]
WARNING: [XPM_CDC_GRAY: TCL-1000] The source and destination clocks are the same. 
     Instance: BD_i/smartconnect_0/inst/s00_nodes/s00_r_node/inst/inst_mi_handler/gen_normal_area.inst_fifo_node_payld/gen_xpm_memory_fifo.inst_fifo/gen_async_clocks.inst_cdc_addra_to_rd_clk 
  This will add unnecessary latency to the design. Please check the design for the following: 
 1) Manually instantiated XPM_CDC modules: AMD recommends that you remove these modules. 
 2) AMD IP that contains XPM_CDC modules: Verify the connections to the IP to determine whether you can safely ignore this message.
 [/tools/Xilinx/Vivado/2024.2/data/ip/xpm/xpm_cdc/tcl/xpm_cdc_gray.tcl:16]
WARNING: [XPM_CDC_GRAY: TCL-1000] The source and destination clocks are the same. 
     Instance: BD_i/smartconnect_0/inst/s00_nodes/s00_r_node/inst/inst_mi_handler/gen_normal_area.inst_fifo_node_payld/gen_xpm_memory_fifo.inst_fifo/gen_async_clocks.inst_cdc_addrb_to_wr_clk 
  This will add unnecessary latency to the design. Please check the design for the following: 
 1) Manually instantiated XPM_CDC modules: AMD recommends that you remove these modules. 
 2) AMD IP that contains XPM_CDC modules: Verify the connections to the IP to determine whether you can safely ignore this message.
 [/tools/Xilinx/Vivado/2024.2/data/ip/xpm/xpm_cdc/tcl/xpm_cdc_gray.tcl:16]
WARNING: [XPM_CDC_GRAY: TCL-1000] The source and destination clocks are the same. 
     Instance: BD_i/smartconnect_0/inst/s00_nodes/s00_b_node/inst/inst_mi_handler/gen_normal_area.inst_fifo_node_payld/gen_xpm_memory_fifo.inst_fifo/gen_async_clocks.inst_cdc_addra_to_rd_clk 
  This will add unnecessary latency to the design. Please check the design for the following: 
 1) Manually instantiated XPM_CDC modules: AMD recommends that you remove these modules. 
 2) AMD IP that contains XPM_CDC modules: Verify the connections to the IP to determine whether you can safely ignore this message.
 [/tools/Xilinx/Vivado/2024.2/data/ip/xpm/xpm_cdc/tcl/xpm_cdc_gray.tcl:16]
WARNING: [XPM_CDC_GRAY: TCL-1000] The source and destination clocks are the same. 
     Instance: BD_i/smartconnect_0/inst/s00_nodes/s00_b_node/inst/inst_mi_handler/gen_normal_area.inst_fifo_node_payld/gen_xpm_memory_fifo.inst_fifo/gen_async_clocks.inst_cdc_addrb_to_wr_clk 
  This will add unnecessary latency to the design. Please check the design for the following: 
 1) Manually instantiated XPM_CDC modules: AMD recommends that you remove these modules. 
 2) AMD IP that contains XPM_CDC modules: Verify the connections to the IP to determine whether you can safely ignore this message.
 [/tools/Xilinx/Vivado/2024.2/data/ip/xpm/xpm_cdc/tcl/xpm_cdc_gray.tcl:16]
WARNING: [XPM_CDC_GRAY: TCL-1000] The source and destination clocks are the same. 
     Instance: BD_i/smartconnect_0/inst/s00_nodes/s00_aw_node/inst/inst_mi_handler/gen_normal_area.inst_fifo_node_payld/gen_xpm_memory_fifo.inst_fifo/gen_async_clocks.inst_cdc_addra_to_rd_clk 
  This will add unnecessary latency to the design. Please check the design for the following: 
 1) Manually instantiated XPM_CDC modules: AMD recommends that you remove these modules. 
 2) AMD IP that contains XPM_CDC modules: Verify the connections to the IP to determine whether you can safely ignore this message.
 [/tools/Xilinx/Vivado/2024.2/data/ip/xpm/xpm_cdc/tcl/xpm_cdc_gray.tcl:16]
WARNING: [XPM_CDC_GRAY: TCL-1000] The source and destination clocks are the same. 
     Instance: BD_i/smartconnect_0/inst/s00_nodes/s00_aw_node/inst/inst_mi_handler/gen_normal_area.inst_fifo_node_payld/gen_xpm_memory_fifo.inst_fifo/gen_async_clocks.inst_cdc_addrb_to_wr_clk 
  This will add unnecessary latency to the design. Please check the design for the following: 
 1) Manually instantiated XPM_CDC modules: AMD recommends that you remove these modules. 
 2) AMD IP that contains XPM_CDC modules: Verify the connections to the IP to determine whether you can safely ignore this message.
 [/tools/Xilinx/Vivado/2024.2/data/ip/xpm/xpm_cdc/tcl/xpm_cdc_gray.tcl:16]
WARNING: [XPM_CDC_GRAY: TCL-1000] The source and destination clocks are the same. 
     Instance: BD_i/smartconnect_0/inst/s00_nodes/s00_aw_node/inst/inst_mi_handler/gen_normal_area.gen_fifo_req.inst_fifo_req/gen_xpm_memory_fifo.inst_fifo/gen_async_clocks.inst_cdc_addra_to_rd_clk 
  This will add unnecessary latency to the design. Please check the design for the following: 
 1) Manually instantiated XPM_CDC modules: AMD recommends that you remove these modules. 
 2) AMD IP that contains XPM_CDC modules: Verify the connections to the IP to determine whether you can safely ignore this message.
 [/tools/Xilinx/Vivado/2024.2/data/ip/xpm/xpm_cdc/tcl/xpm_cdc_gray.tcl:16]
WARNING: [XPM_CDC_GRAY: TCL-1000] The source and destination clocks are the same. 
     Instance: BD_i/smartconnect_0/inst/s00_nodes/s00_aw_node/inst/inst_mi_handler/gen_normal_area.gen_fifo_req.inst_fifo_req/gen_xpm_memory_fifo.inst_fifo/gen_async_clocks.inst_cdc_addrb_to_wr_clk 
  This will add unnecessary latency to the design. Please check the design for the following: 
 1) Manually instantiated XPM_CDC modules: AMD recommends that you remove these modules. 
 2) AMD IP that contains XPM_CDC modules: Verify the connections to the IP to determine whether you can safely ignore this message.
 [/tools/Xilinx/Vivado/2024.2/data/ip/xpm/xpm_cdc/tcl/xpm_cdc_gray.tcl:16]
WARNING: [XPM_CDC_GRAY: TCL-1000] The source and destination clocks are the same. 
     Instance: BD_i/smartconnect_0/inst/s00_nodes/s00_ar_node/inst/inst_mi_handler/gen_normal_area.inst_fifo_node_payld/gen_xpm_memory_fifo.inst_fifo/gen_async_clocks.inst_cdc_addra_to_rd_clk 
  This will add unnecessary latency to the design. Please check the design for the following: 
 1) Manually instantiated XPM_CDC modules: AMD recommends that you remove these modules. 
 2) AMD IP that contains XPM_CDC modules: Verify the connections to the IP to determine whether you can safely ignore this message.
 [/tools/Xilinx/Vivado/2024.2/data/ip/xpm/xpm_cdc/tcl/xpm_cdc_gray.tcl:16]
WARNING: [XPM_CDC_GRAY: TCL-1000] The source and destination clocks are the same. 
     Instance: BD_i/smartconnect_0/inst/s00_nodes/s00_ar_node/inst/inst_mi_handler/gen_normal_area.inst_fifo_node_payld/gen_xpm_memory_fifo.inst_fifo/gen_async_clocks.inst_cdc_addrb_to_wr_clk 
  This will add unnecessary latency to the design. Please check the design for the following: 
 1) Manually instantiated XPM_CDC modules: AMD recommends that you remove these modules. 
 2) AMD IP that contains XPM_CDC modules: Verify the connections to the IP to determine whether you can safely ignore this message.
 [/tools/Xilinx/Vivado/2024.2/data/ip/xpm/xpm_cdc/tcl/xpm_cdc_gray.tcl:16]
WARNING: [XPM_CDC_GRAY: TCL-1000] The source and destination clocks are the same. 
     Instance: BD_i/smartconnect_0/inst/s00_nodes/s00_ar_node/inst/inst_mi_handler/gen_normal_area.gen_fifo_req.inst_fifo_req/gen_xpm_memory_fifo.inst_fifo/gen_async_clocks.inst_cdc_addra_to_rd_clk 
  This will add unnecessary latency to the design. Please check the design for the following: 
 1) Manually instantiated XPM_CDC modules: AMD recommends that you remove these modules. 
 2) AMD IP that contains XPM_CDC modules: Verify the connections to the IP to determine whether you can safely ignore this message.
 [/tools/Xilinx/Vivado/2024.2/data/ip/xpm/xpm_cdc/tcl/xpm_cdc_gray.tcl:16]
WARNING: [XPM_CDC_GRAY: TCL-1000] The source and destination clocks are the same. 
     Instance: BD_i/smartconnect_0/inst/s00_nodes/s00_ar_node/inst/inst_mi_handler/gen_normal_area.gen_fifo_req.inst_fifo_req/gen_xpm_memory_fifo.inst_fifo/gen_async_clocks.inst_cdc_addrb_to_wr_clk 
  This will add unnecessary latency to the design. Please check the design for the following: 
 1) Manually instantiated XPM_CDC modules: AMD recommends that you remove these modules. 
 2) AMD IP that contains XPM_CDC modules: Verify the connections to the IP to determine whether you can safely ignore this message.
 [/tools/Xilinx/Vivado/2024.2/data/ip/xpm/xpm_cdc/tcl/xpm_cdc_gray.tcl:16]
WARNING: [XPM_CDC_GRAY: TCL-1000] The source and destination clocks are the same. 
     Instance: BD_i/smartconnect_0/inst/m00_nodes/m00_w_node/inst/inst_mi_handler/gen_normal_area.inst_fifo_node_payld/gen_xpm_memory_fifo.inst_fifo/gen_async_clocks.inst_cdc_addra_to_rd_clk 
  This will add unnecessary latency to the design. Please check the design for the following: 
 1) Manually instantiated XPM_CDC modules: AMD recommends that you remove these modules. 
 2) AMD IP that contains XPM_CDC modules: Verify the connections to the IP to determine whether you can safely ignore this message.
 [/tools/Xilinx/Vivado/2024.2/data/ip/xpm/xpm_cdc/tcl/xpm_cdc_gray.tcl:16]
WARNING: [XPM_CDC_GRAY: TCL-1000] The source and destination clocks are the same. 
     Instance: BD_i/smartconnect_0/inst/m00_nodes/m00_w_node/inst/inst_mi_handler/gen_normal_area.inst_fifo_node_payld/gen_xpm_memory_fifo.inst_fifo/gen_async_clocks.inst_cdc_addrb_to_wr_clk 
  This will add unnecessary latency to the design. Please check the design for the following: 
 1) Manually instantiated XPM_CDC modules: AMD recommends that you remove these modules. 
 2) AMD IP that contains XPM_CDC modules: Verify the connections to the IP to determine whether you can safely ignore this message.
 [/tools/Xilinx/Vivado/2024.2/data/ip/xpm/xpm_cdc/tcl/xpm_cdc_gray.tcl:16]
WARNING: [XPM_CDC_GRAY: TCL-1000] The source and destination clocks are the same. 
     Instance: BD_i/smartconnect_0/inst/m00_nodes/m00_r_node/inst/inst_mi_handler/gen_normal_area.inst_fifo_node_payld/gen_xpm_memory_fifo.inst_fifo/gen_async_clocks.inst_cdc_addra_to_rd_clk 
  This will add unnecessary latency to the design. Please check the design for the following: 
 1) Manually instantiated XPM_CDC modules: AMD recommends that you remove these modules. 
 2) AMD IP that contains XPM_CDC modules: Verify the connections to the IP to determine whether you can safely ignore this message.
 [/tools/Xilinx/Vivado/2024.2/data/ip/xpm/xpm_cdc/tcl/xpm_cdc_gray.tcl:16]
WARNING: [XPM_CDC_GRAY: TCL-1000] The source and destination clocks are the same. 
     Instance: BD_i/smartconnect_0/inst/m00_nodes/m00_r_node/inst/inst_mi_handler/gen_normal_area.inst_fifo_node_payld/gen_xpm_memory_fifo.inst_fifo/gen_async_clocks.inst_cdc_addrb_to_wr_clk 
  This will add unnecessary latency to the design. Please check the design for the following: 
 1) Manually instantiated XPM_CDC modules: AMD recommends that you remove these modules. 
 2) AMD IP that contains XPM_CDC modules: Verify the connections to the IP to determine whether you can safely ignore this message.
 [/tools/Xilinx/Vivado/2024.2/data/ip/xpm/xpm_cdc/tcl/xpm_cdc_gray.tcl:16]
WARNING: [XPM_CDC_GRAY: TCL-1000] The source and destination clocks are the same. 
     Instance: BD_i/smartconnect_0/inst/m00_nodes/m00_r_node/inst/inst_mi_handler/gen_normal_area.gen_fifo_req.inst_fifo_req/gen_xpm_memory_fifo.inst_fifo/gen_async_clocks.inst_cdc_addra_to_rd_clk 
  This will add unnecessary latency to the design. Please check the design for the following: 
 1) Manually instantiated XPM_CDC modules: AMD recommends that you remove these modules. 
 2) AMD IP that contains XPM_CDC modules: Verify the connections to the IP to determine whether you can safely ignore this message.
 [/tools/Xilinx/Vivado/2024.2/data/ip/xpm/xpm_cdc/tcl/xpm_cdc_gray.tcl:16]
WARNING: [XPM_CDC_GRAY: TCL-1000] The source and destination clocks are the same. 
     Instance: BD_i/smartconnect_0/inst/m00_nodes/m00_r_node/inst/inst_mi_handler/gen_normal_area.gen_fifo_req.inst_fifo_req/gen_xpm_memory_fifo.inst_fifo/gen_async_clocks.inst_cdc_addrb_to_wr_clk 
  This will add unnecessary latency to the design. Please check the design for the following: 
 1) Manually instantiated XPM_CDC modules: AMD recommends that you remove these modules. 
 2) AMD IP that contains XPM_CDC modules: Verify the connections to the IP to determine whether you can safely ignore this message.
 [/tools/Xilinx/Vivado/2024.2/data/ip/xpm/xpm_cdc/tcl/xpm_cdc_gray.tcl:16]
WARNING: [XPM_CDC_GRAY: TCL-1000] The source and destination clocks are the same. 
     Instance: BD_i/smartconnect_0/inst/m00_nodes/m00_b_node/inst/inst_mi_handler/gen_normal_area.inst_fifo_node_payld/gen_xpm_memory_fifo.inst_fifo/gen_async_clocks.inst_cdc_addra_to_rd_clk 
  This will add unnecessary latency to the design. Please check the design for the following: 
 1) Manually instantiated XPM_CDC modules: AMD recommends that you remove these modules. 
 2) AMD IP that contains XPM_CDC modules: Verify the connections to the IP to determine whether you can safely ignore this message.
 [/tools/Xilinx/Vivado/2024.2/data/ip/xpm/xpm_cdc/tcl/xpm_cdc_gray.tcl:16]
WARNING: [XPM_CDC_GRAY: TCL-1000] The source and destination clocks are the same. 
     Instance: BD_i/smartconnect_0/inst/m00_nodes/m00_b_node/inst/inst_mi_handler/gen_normal_area.inst_fifo_node_payld/gen_xpm_memory_fifo.inst_fifo/gen_async_clocks.inst_cdc_addrb_to_wr_clk 
  This will add unnecessary latency to the design. Please check the design for the following: 
 1) Manually instantiated XPM_CDC modules: AMD recommends that you remove these modules. 
 2) AMD IP that contains XPM_CDC modules: Verify the connections to the IP to determine whether you can safely ignore this message.
 [/tools/Xilinx/Vivado/2024.2/data/ip/xpm/xpm_cdc/tcl/xpm_cdc_gray.tcl:16]
WARNING: [XPM_CDC_GRAY: TCL-1000] The source and destination clocks are the same. 
     Instance: BD_i/smartconnect_0/inst/m00_nodes/m00_b_node/inst/inst_mi_handler/gen_normal_area.gen_fifo_req.inst_fifo_req/gen_xpm_memory_fifo.inst_fifo/gen_async_clocks.inst_cdc_addra_to_rd_clk 
  This will add unnecessary latency to the design. Please check the design for the following: 
 1) Manually instantiated XPM_CDC modules: AMD recommends that you remove these modules. 
 2) AMD IP that contains XPM_CDC modules: Verify the connections to the IP to determine whether you can safely ignore this message.
 [/tools/Xilinx/Vivado/2024.2/data/ip/xpm/xpm_cdc/tcl/xpm_cdc_gray.tcl:16]
WARNING: [XPM_CDC_GRAY: TCL-1000] The source and destination clocks are the same. 
     Instance: BD_i/smartconnect_0/inst/m00_nodes/m00_b_node/inst/inst_mi_handler/gen_normal_area.gen_fifo_req.inst_fifo_req/gen_xpm_memory_fifo.inst_fifo/gen_async_clocks.inst_cdc_addrb_to_wr_clk 
  This will add unnecessary latency to the design. Please check the design for the following: 
 1) Manually instantiated XPM_CDC modules: AMD recommends that you remove these modules. 
 2) AMD IP that contains XPM_CDC modules: Verify the connections to the IP to determine whether you can safely ignore this message.
 [/tools/Xilinx/Vivado/2024.2/data/ip/xpm/xpm_cdc/tcl/xpm_cdc_gray.tcl:16]
WARNING: [XPM_CDC_GRAY: TCL-1000] The source and destination clocks are the same. 
     Instance: BD_i/smartconnect_0/inst/m00_nodes/m00_aw_node/inst/inst_mi_handler/gen_normal_area.inst_fifo_node_payld/gen_xpm_memory_fifo.inst_fifo/gen_async_clocks.inst_cdc_addra_to_rd_clk 
  This will add unnecessary latency to the design. Please check the design for the following: 
 1) Manually instantiated XPM_CDC modules: AMD recommends that you remove these modules. 
 2) AMD IP that contains XPM_CDC modules: Verify the connections to the IP to determine whether you can safely ignore this message.
 [/tools/Xilinx/Vivado/2024.2/data/ip/xpm/xpm_cdc/tcl/xpm_cdc_gray.tcl:16]
WARNING: [XPM_CDC_GRAY: TCL-1000] The source and destination clocks are the same. 
     Instance: BD_i/smartconnect_0/inst/m00_nodes/m00_aw_node/inst/inst_mi_handler/gen_normal_area.inst_fifo_node_payld/gen_xpm_memory_fifo.inst_fifo/gen_async_clocks.inst_cdc_addrb_to_wr_clk 
  This will add unnecessary latency to the design. Please check the design for the following: 
 1) Manually instantiated XPM_CDC modules: AMD recommends that you remove these modules. 
 2) AMD IP that contains XPM_CDC modules: Verify the connections to the IP to determine whether you can safely ignore this message.
 [/tools/Xilinx/Vivado/2024.2/data/ip/xpm/xpm_cdc/tcl/xpm_cdc_gray.tcl:16]
WARNING: [XPM_CDC_GRAY: TCL-1000] The source and destination clocks are the same. 
     Instance: BD_i/smartconnect_0/inst/m00_nodes/m00_ar_node/inst/inst_mi_handler/gen_normal_area.inst_fifo_node_payld/gen_xpm_memory_fifo.inst_fifo/gen_async_clocks.inst_cdc_addra_to_rd_clk 
  This will add unnecessary latency to the design. Please check the design for the following: 
 1) Manually instantiated XPM_CDC modules: AMD recommends that you remove these modules. 
 2) AMD IP that contains XPM_CDC modules: Verify the connections to the IP to determine whether you can safely ignore this message.
 [/tools/Xilinx/Vivado/2024.2/data/ip/xpm/xpm_cdc/tcl/xpm_cdc_gray.tcl:16]
WARNING: [Constraints 18-401] set_max_delay: 'BD_i/smartconnect_0/inst/s00_nodes/s00_w_node/inst/inst_mi_handler/gen_normal_area.gen_fifo_req.inst_fifo_req/gen_xpm_memory_fifo.inst_fifo/gen_mem_rep[0].inst_xpm_memory/xpm_memory_base_inst/gen_rd_b.gen_rd_b_synth_template.gen_rf_narrow_reg.doutb_reg[0]_i_1' is not a valid endpoint. [/tools/Xilinx/Vivado/2024.2/data/ip/xpm/xpm_memory/tcl/xpm_memory_xdc.tcl:56]
Resolution: A valid end point is a data pin of a sequential cell or a primary output or inout port. Please validate that all the objects returned by your query belong to this list.
INFO: [Project 1-1714] 148 XPM XDC files have been applied to the design.
INFO: [Opt 31-138] Pushed 0 inverter(s) to 0 load pin(s).
INFO: [Project 1-1687] 43 scoped IP constraints or related sub-commands were skipped due to synthesis logic optimizations usually triggered by constant connectivity or unconnected output pins. To review the skipped constraints and messages, run the command 'set_param netlist.IPMsgFiltering false' before opening the design.
Netlist sorting complete. Time (s): cpu = 00:00:00.01 ; elapsed = 00:00:00.01 . Memory (MB): peak = 3491.738 ; gain = 0.000 ; free physical = 6022 ; free virtual = 21928
INFO: [Project 1-111] Unisim Transformation Summary:
  A total of 908 instances were transformed.
  DSP48E2 => DSP48E2 (DSP_ALU, DSP_A_B_DATA, DSP_C_DATA, DSP_MULTIPLIER, DSP_M_DATA, DSP_OUTPUT, DSP_PREADD, DSP_PREADD_DATA): 15 instances
  RAM16X1D => RAM32X1D (RAMD32(x2)): 26 instances
  RAM32M => RAM32M (RAMD32(x6), RAMS32(x2)): 16 instances
  RAM32M16 => RAM32M16 (RAMD32(x14), RAMS32(x2)): 517 instances
  RAM32X1D => RAM32X1D (RAMD32(x2)): 7 instances
  RAM64M => RAM64M (RAMD64E(x4)): 3 instances
  RAM64M8 => RAM64M8 (RAMD64E(x8)): 322 instances
  RAM64X1D => RAM64X1D (RAMD64E(x2)): 2 instances

22 Infos, 77 Warnings, 0 Critical Warnings and 0 Errors encountered.
link_design completed successfully
link_design: Time (s): cpu = 00:00:32 ; elapsed = 00:00:29 . Memory (MB): peak = 3491.738 ; gain = 2051.625 ; free physical = 6022 ; free virtual = 21928
Command: opt_design
Attempting to get a license for feature 'Implementation' and/or device 'xczu3eg'
INFO: [Common 17-349] Got license for feature 'Implementation' and/or device 'xczu3eg'
Running DRC as a precondition to command opt_design

Starting DRC Task
INFO: [DRC 23-27] Running DRC with 8 threads
INFO: [Project 1-461] DRC finished with 0 Errors
INFO: [Project 1-462] Please refer to the DRC report (report_drc) for more information.

Time (s): cpu = 00:00:02 ; elapsed = 00:00:00.5 . Memory (MB): peak = 3491.738 ; gain = 0.000 ; free physical = 6015 ; free virtual = 21922

Starting Cache Timing Information Task
INFO: [Timing 38-35] Done setting XDC timing constraints.
Ending Cache Timing Information Task | Checksum: 10ad4e77c

Time (s): cpu = 00:00:04 ; elapsed = 00:00:02 . Memory (MB): peak = 3491.738 ; gain = 0.000 ; free physical = 5993 ; free virtual = 21902

Starting Logic Optimization Task

Phase 1 Initialization

Phase 1.1 Core Generation And Design Setup
Phase 1.1 Core Generation And Design Setup | Checksum: 10ad4e77c

Time (s): cpu = 00:00:00.12 ; elapsed = 00:00:00.12 . Memory (MB): peak = 3798.637 ; gain = 0.000 ; free physical = 5695 ; free virtual = 21603

Phase 1.2 Setup Constraints And Sort Netlist
Phase 1.2 Setup Constraints And Sort Netlist | Checksum: 10ad4e77c

Time (s): cpu = 00:00:00.14 ; elapsed = 00:00:00.14 . Memory (MB): peak = 3798.637 ; gain = 0.000 ; free physical = 5695 ; free virtual = 21604
Phase 1 Initialization | Checksum: 10ad4e77c

Time (s): cpu = 00:00:00.14 ; elapsed = 00:00:00.15 . Memory (MB): peak = 3798.637 ; gain = 0.000 ; free physical = 5695 ; free virtual = 21604

Phase 2 Timer Update And Timing Data Collection

Phase 2.1 Timer Update
Phase 2.1 Timer Update | Checksum: 10ad4e77c

Time (s): cpu = 00:00:03 ; elapsed = 00:00:00.87 . Memory (MB): peak = 3798.637 ; gain = 0.000 ; free physical = 5696 ; free virtual = 21604

Phase 2.2 Timing Data Collection
Phase 2.2 Timing Data Collection | Checksum: 10ad4e77c

Time (s): cpu = 00:00:03 ; elapsed = 00:00:01 . Memory (MB): peak = 3830.637 ; gain = 32.000 ; free physical = 5672 ; free virtual = 21581
Phase 2 Timer Update And Timing Data Collection | Checksum: 10ad4e77c

Time (s): cpu = 00:00:03 ; elapsed = 00:00:01 . Memory (MB): peak = 3830.637 ; gain = 32.000 ; free physical = 5672 ; free virtual = 21581

Phase 3 Retarget
INFO: [Opt 31-1851] Number of loadless carry chains removed were: 0
INFO: [Opt 31-1834] Total Chains To Be Transformed Were: 0 AND Number of Transformed insts Created are: 0
INFO: [Opt 31-1566] Pulled 55 inverters resulting in an inversion of 1838 pins
INFO: [Opt 31-138] Pushed 125 inverter(s) to 8299 load pin(s).
INFO: [Opt 31-49] Retargeted 0 cell(s).
Phase 3 Retarget | Checksum: abd377f2

Time (s): cpu = 00:00:04 ; elapsed = 00:00:02 . Memory (MB): peak = 3830.637 ; gain = 32.000 ; free physical = 5673 ; free virtual = 21581
Retarget | Checksum: abd377f2
INFO: [Opt 31-389] Phase Retarget created 88 cells and removed 535 cells
INFO: [Opt 31-1021] In phase Retarget, 150 netlist objects are constrained preventing optimization. Please run opt_design with -debug_log to get more detail. 

Phase 4 Constant propagation
INFO: [Opt 31-138] Pushed 8 inverter(s) to 22 load pin(s).
Phase 4 Constant propagation | Checksum: 7b107948

Time (s): cpu = 00:00:05 ; elapsed = 00:00:03 . Memory (MB): peak = 3830.637 ; gain = 32.000 ; free physical = 5675 ; free virtual = 21583
Constant propagation | Checksum: 7b107948
INFO: [Opt 31-389] Phase Constant propagation created 164 cells and removed 1370 cells
INFO: [Opt 31-1021] In phase Constant propagation, 150 netlist objects are constrained preventing optimization. Please run opt_design with -debug_log to get more detail. 

Phase 5 Sweep
INFO: [Constraints 18-11670] Building netlist checker database with flags, 0x8
Done building netlist checker database: Time (s): cpu = 00:00:00.02 ; elapsed = 00:00:00.02 . Memory (MB): peak = 3830.637 ; gain = 0.000 ; free physical = 5675 ; free virtual = 21584
INFO: [Constraints 18-11670] Building netlist checker database with flags, 0x8
Done building netlist checker database: Time (s): cpu = 00:00:00.02 ; elapsed = 00:00:00.02 . Memory (MB): peak = 3830.637 ; gain = 0.000 ; free physical = 5667 ; free virtual = 21576
Phase 5 Sweep | Checksum: a1c8723a

Time (s): cpu = 00:00:07 ; elapsed = 00:00:05 . Memory (MB): peak = 3830.637 ; gain = 32.000 ; free physical = 5668 ; free virtual = 21577
Sweep | Checksum: a1c8723a
INFO: [Opt 31-389] Phase Sweep created 1 cells and removed 495 cells
INFO: [Opt 31-1021] In phase Sweep, 201 netlist objects are constrained preventing optimization. Please run opt_design with -debug_log to get more detail. 

Phase 6 BUFG optimization
INFO: [Opt 31-1077] Phase BUFG optimization inserted 0 global clock buffer(s) for CLOCK_LOW_FANOUT.
Phase 6 BUFG optimization | Checksum: a1c8723a

Time (s): cpu = 00:00:08 ; elapsed = 00:00:05 . Memory (MB): peak = 3862.652 ; gain = 64.016 ; free physical = 5668 ; free virtual = 21577
BUFG optimization | Checksum: a1c8723a
INFO: [Opt 31-662] Phase BUFG optimization created 0 cells of which 0 are BUFGs and removed 0 cells.

Phase 7 Shift Register Optimization
INFO: [Opt 31-1064] SRL Remap converted 0 SRLs to 0 registers and converted 0 registers of register chains to 0 SRLs
Phase 7 Shift Register Optimization | Checksum: a1c8723a

Time (s): cpu = 00:00:08 ; elapsed = 00:00:06 . Memory (MB): peak = 3862.652 ; gain = 64.016 ; free physical = 5668 ; free virtual = 21577
Shift Register Optimization | Checksum: a1c8723a
INFO: [Opt 31-389] Phase Shift Register Optimization created 0 cells and removed 0 cells

Phase 8 Post Processing Netlist
INFO: [Opt 31-1566] Pulled 3 inverters resulting in an inversion of 13 pins
Phase 8 Post Processing Netlist | Checksum: e4eb1361

Time (s): cpu = 00:00:09 ; elapsed = 00:00:06 . Memory (MB): peak = 3862.652 ; gain = 64.016 ; free physical = 5672 ; free virtual = 21580
Post Processing Netlist | Checksum: e4eb1361
INFO: [Opt 31-389] Phase Post Processing Netlist created 0 cells and removed 5 cells
INFO: [Opt 31-1021] In phase Post Processing Netlist, 170 netlist objects are constrained preventing optimization. Please run opt_design with -debug_log to get more detail. 

Phase 9 Finalization

Phase 9.1 Finalizing Design Cores and Updating Shapes
Phase 9.1 Finalizing Design Cores and Updating Shapes | Checksum: 16fda1368

Time (s): cpu = 00:00:09 ; elapsed = 00:00:06 . Memory (MB): peak = 3862.652 ; gain = 64.016 ; free physical = 5638 ; free virtual = 21550

Phase 9.2 Verifying Netlist Connectivity

Starting Connectivity Check Task

Time (s): cpu = 00:00:00.1 ; elapsed = 00:00:00.1 . Memory (MB): peak = 3862.652 ; gain = 0.000 ; free physical = 5638 ; free virtual = 21550
Phase 9.2 Verifying Netlist Connectivity | Checksum: 16fda1368

Time (s): cpu = 00:00:09 ; elapsed = 00:00:06 . Memory (MB): peak = 3862.652 ; gain = 64.016 ; free physical = 5638 ; free virtual = 21550
Phase 9 Finalization | Checksum: 16fda1368

Time (s): cpu = 00:00:09 ; elapsed = 00:00:06 . Memory (MB): peak = 3862.652 ; gain = 64.016 ; free physical = 5638 ; free virtual = 21550
Opt_design Change Summary
=========================


-------------------------------------------------------------------------------------------------------------------------
|  Phase                        |  #Cells created  |  #Cells Removed  |  #Constrained objects preventing optimizations  |
-------------------------------------------------------------------------------------------------------------------------
|  Retarget                     |              88  |             535  |                                            150  |
|  Constant propagation         |             164  |            1370  |                                            150  |
|  Sweep                        |               1  |             495  |                                            201  |
|  BUFG optimization            |               0  |               0  |                                              0  |
|  Shift Register Optimization  |               0  |               0  |                                              0  |
|  Post Processing Netlist      |               0  |               5  |                                            170  |
-------------------------------------------------------------------------------------------------------------------------


Ending Logic Optimization Task | Checksum: 16fda1368

Time (s): cpu = 00:00:09 ; elapsed = 00:00:06 . Memory (MB): peak = 3862.652 ; gain = 64.016 ; free physical = 5638 ; free virtual = 21550

Starting Power Optimization Task
INFO: [Pwropt 34-132] Skipping clock gating for clocks with a period < 2.00 ns.
INFO: [Timing 38-35] Done setting XDC timing constraints.
Running Vector-less Activity Propagation...

Finished Running Vector-less Activity Propagation
INFO: [Pwropt 34-9] Applying IDT optimizations ...
INFO: [Pwropt 34-10] Applying ODC optimizations ...


Starting PowerOpt Patch Enables Task
INFO: [Pwropt 34-162] WRITE_MODE attribute of 0 BRAM(s) out of a total of 190 has been updated to save power. Run report_power_opt to get a complete listing of the BRAMs updated.
INFO: [Pwropt 34-201] Structural ODC has moved 2 WE to EN ports
Number of BRAM Ports augmented: 28 newly gated: 2 Total Ports: 380
Ending PowerOpt Patch Enables Task | Checksum: 1f545cb55

Time (s): cpu = 00:00:00.82 ; elapsed = 00:00:00.8 . Memory (MB): peak = 4563.941 ; gain = 0.000 ; free physical = 5113 ; free virtual = 21026
Ending Power Optimization Task | Checksum: 1f545cb55

Time (s): cpu = 00:00:36 ; elapsed = 00:00:18 . Memory (MB): peak = 4563.941 ; gain = 701.289 ; free physical = 5113 ; free virtual = 21026

Starting Final Cleanup Task
Ending Final Cleanup Task | Checksum: 1f545cb55

Time (s): cpu = 00:00:00.01 ; elapsed = 00:00:00 . Memory (MB): peak = 4563.941 ; gain = 0.000 ; free physical = 5113 ; free virtual = 21026

Starting Netlist Obfuscation Task
Netlist sorting complete. Time (s): cpu = 00:00:00.03 ; elapsed = 00:00:00.03 . Memory (MB): peak = 4563.941 ; gain = 0.000 ; free physical = 5113 ; free virtual = 21026
Ending Netlist Obfuscation Task | Checksum: 1be9687f3

Time (s): cpu = 00:00:00.03 ; elapsed = 00:00:00.04 . Memory (MB): peak = 4563.941 ; gain = 0.000 ; free physical = 5113 ; free virtual = 21026
INFO: [Common 17-83] Releasing license: Implementation
55 Infos, 77 Warnings, 0 Critical Warnings and 0 Errors encountered.
opt_design completed successfully
opt_design: Time (s): cpu = 00:00:53 ; elapsed = 00:00:28 . Memory (MB): peak = 4563.941 ; gain = 1072.203 ; free physical = 5113 ; free virtual = 21026
INFO: [Vivado 12-24828] Executing command : report_drc -file BD_wrapper_drc_opted.rpt -pb BD_wrapper_drc_opted.pb -rpx BD_wrapper_drc_opted.rpx
Command: report_drc -file BD_wrapper_drc_opted.rpt -pb BD_wrapper_drc_opted.pb -rpx BD_wrapper_drc_opted.rpx
INFO: [IP_Flow 19-1839] IP Catalog is up to date.
INFO: [DRC 23-27] Running DRC with 8 threads
INFO: [Vivado_Tcl 2-168] The results of DRC are in file /mnt/Storage/SCHOOL/Capstone/bringup/ChaosCore-FPGA/ChaosCoreFPGAConfig/ChaosCore/ChaosCore.runs/impl_1/BD_wrapper_drc_opted.rpt.
report_drc completed successfully
INFO: [Timing 38-35] Done setting XDC timing constraints.
INFO: [Timing 38-480] Writing timing data to binary archive.
Wrote PlaceDB: Time (s): cpu = 00:00:00 ; elapsed = 00:00:00 . Memory (MB): peak = 4563.941 ; gain = 0.000 ; free physical = 5120 ; free virtual = 21036
Wrote PulsedLatchDB: Time (s): cpu = 00:00:00 ; elapsed = 00:00:00 . Memory (MB): peak = 4563.941 ; gain = 0.000 ; free physical = 5120 ; free virtual = 21036
Writing XDEF routing.
Writing XDEF routing logical nets.
Writing XDEF routing special nets.
Wrote RouteStorage: Time (s): cpu = 00:00:00.69 ; elapsed = 00:00:00.17 . Memory (MB): peak = 4563.941 ; gain = 0.000 ; free physical = 5093 ; free virtual = 21034
Wrote Netlist Cache: Time (s): cpu = 00:00:00 ; elapsed = 00:00:00 . Memory (MB): peak = 4563.941 ; gain = 0.000 ; free physical = 5093 ; free virtual = 21034
Write ShapeDB Complete: Time (s): cpu = 00:00:00.69 ; elapsed = 00:00:00.18 . Memory (MB): peak = 4563.941 ; gain = 0.000 ; free physical = 5093 ; free virtual = 21034
Wrote Device Cache: Time (s): cpu = 00:00:00.1 ; elapsed = 00:00:00.03 . Memory (MB): peak = 4563.941 ; gain = 0.000 ; free physical = 5071 ; free virtual = 21019
Write Physdb Complete: Time (s): cpu = 00:00:00.82 ; elapsed = 00:00:00.22 . Memory (MB): peak = 4563.941 ; gain = 0.000 ; free physical = 5071 ; free virtual = 21019
INFO: [Common 17-1381] The checkpoint '/mnt/Storage/SCHOOL/Capstone/bringup/ChaosCore-FPGA/ChaosCoreFPGAConfig/ChaosCore/ChaosCore.runs/impl_1/BD_wrapper_opt.dcp' has been generated.
write_checkpoint: Time (s): cpu = 00:00:11 ; elapsed = 00:00:06 . Memory (MB): peak = 4563.941 ; gain = 0.000 ; free physical = 4981 ; free virtual = 20996
Command: place_design
Attempting to get a license for feature 'Implementation' and/or device 'xczu3eg'
INFO: [Common 17-349] Got license for feature 'Implementation' and/or device 'xczu3eg'
INFO: [Common 17-83] Releasing license: Implementation
INFO: [DRC 23-27] Running DRC with 8 threads
INFO: [Vivado_Tcl 4-198] DRC finished with 0 Errors
INFO: [Vivado_Tcl 4-199] Please refer to the DRC report (report_drc) for more information.
Running DRC as a precondition to command place_design
INFO: [DRC 23-27] Running DRC with 8 threads
INFO: [Vivado_Tcl 4-198] DRC finished with 0 Errors
INFO: [Vivado_Tcl 4-199] Please refer to the DRC report (report_drc) for more information.
INFO: [Place 30-611] Multithreading enabled for place_design using a maximum of 8 CPUs

Starting Placer Task

Phase 1 Placer Initialization

Phase 1.1 Placer Initialization Netlist Sorting
Netlist sorting complete. Time (s): cpu = 00:00:00.01 ; elapsed = 00:00:00.01 . Memory (MB): peak = 4563.941 ; gain = 0.000 ; free physical = 4986 ; free virtual = 21002
Phase 1.1 Placer Initialization Netlist Sorting | Checksum: 123c7c981

Time (s): cpu = 00:00:00.04 ; elapsed = 00:00:00.05 . Memory (MB): peak = 4563.941 ; gain = 0.000 ; free physical = 4986 ; free virtual = 21002
Netlist sorting complete. Time (s): cpu = 00:00:00 ; elapsed = 00:00:00.01 . Memory (MB): peak = 4563.941 ; gain = 0.000 ; free physical = 4986 ; free virtual = 21002

Phase 1.2 IO Placement/ Clock Placement/ Build Placer Device
Phase 1.2 IO Placement/ Clock Placement/ Build Placer Device | Checksum: e377ce11

Time (s): cpu = 00:00:12 ; elapsed = 00:00:11 . Memory (MB): peak = 4810.070 ; gain = 246.129 ; free physical = 4533 ; free virtual = 20684

Phase 1.3 Build Placer Netlist Model
Phase 1.3 Build Placer Netlist Model | Checksum: 1261fefbe

Time (s): cpu = 00:00:32 ; elapsed = 00:00:21 . Memory (MB): peak = 4842.086 ; gain = 278.145 ; free physical = 4537 ; free virtual = 20690

Phase 1.4 Constrain Clocks/Macros
Phase 1.4 Constrain Clocks/Macros | Checksum: 1261fefbe

Time (s): cpu = 00:00:32 ; elapsed = 00:00:21 . Memory (MB): peak = 4842.086 ; gain = 278.145 ; free physical = 4536 ; free virtual = 20689
Phase 1 Placer Initialization | Checksum: 1261fefbe

Time (s): cpu = 00:00:32 ; elapsed = 00:00:21 . Memory (MB): peak = 4842.086 ; gain = 278.145 ; free physical = 4536 ; free virtual = 20690

Phase 2 Global Placement

Phase 2.1 Floorplanning

Phase 2.1.1 Partition Driven Placement

Phase 2.1.1.1 PBP: Partition Driven Placement
Phase 2.1.1.1 PBP: Partition Driven Placement | Checksum: 18737f42f

Time (s): cpu = 00:01:10 ; elapsed = 00:00:36 . Memory (MB): peak = 4842.086 ; gain = 278.145 ; free physical = 4571 ; free virtual = 20727

Phase 2.1.1.2 PBP: Clock Region Placement
INFO: [Place 30-3162] Check ILP status : ILP-based clock placer completed successfully.
Phase 2.1.1.2 PBP: Clock Region Placement | Checksum: 1305d8b71

Time (s): cpu = 00:01:11 ; elapsed = 00:00:37 . Memory (MB): peak = 4842.086 ; gain = 278.145 ; free physical = 4571 ; free virtual = 20728

Phase 2.1.1.3 PBP: Discrete Incremental
Phase 2.1.1.3 PBP: Discrete Incremental | Checksum: ee160139

Time (s): cpu = 00:01:11 ; elapsed = 00:00:37 . Memory (MB): peak = 4842.086 ; gain = 278.145 ; free physical = 4573 ; free virtual = 20729

Phase 2.1.1.4 PBP: Compute Congestion
Phase 2.1.1.4 PBP: Compute Congestion | Checksum: ee160139

Time (s): cpu = 00:01:21 ; elapsed = 00:00:41 . Memory (MB): peak = 5150.070 ; gain = 586.129 ; free physical = 3750 ; free virtual = 20334

Phase 2.1.1.5 PBP: Macro Placement
Phase 2.1.1.5 PBP: Macro Placement | Checksum: 1185843f7

Time (s): cpu = 00:01:21 ; elapsed = 00:00:42 . Memory (MB): peak = 5150.070 ; gain = 586.129 ; free physical = 3752 ; free virtual = 20336

Phase 2.1.1.6 PBP: UpdateTiming
Phase 2.1.1.6 PBP: UpdateTiming | Checksum: 1837b28dc

Time (s): cpu = 00:01:26 ; elapsed = 00:00:43 . Memory (MB): peak = 5182.086 ; gain = 618.145 ; free physical = 3752 ; free virtual = 20336

Phase 2.1.1.7 PBP: Add part constraints
Phase 2.1.1.7 PBP: Add part constraints | Checksum: 1837b28dc

Time (s): cpu = 00:01:26 ; elapsed = 00:00:43 . Memory (MB): peak = 5182.086 ; gain = 618.145 ; free physical = 3752 ; free virtual = 20336
Phase 2.1.1 Partition Driven Placement | Checksum: 1837b28dc

Time (s): cpu = 00:01:26 ; elapsed = 00:00:43 . Memory (MB): peak = 5182.086 ; gain = 618.145 ; free physical = 3752 ; free virtual = 20337
Phase 2.1 Floorplanning | Checksum: 13e07c0f8

Time (s): cpu = 00:01:26 ; elapsed = 00:00:43 . Memory (MB): peak = 5182.086 ; gain = 618.145 ; free physical = 3752 ; free virtual = 20337

Phase 2.2 Update Timing before SLR Path Opt
Phase 2.2 Update Timing before SLR Path Opt | Checksum: 13e07c0f8

Time (s): cpu = 00:01:26 ; elapsed = 00:00:43 . Memory (MB): peak = 5182.086 ; gain = 618.145 ; free physical = 3752 ; free virtual = 20337

Phase 2.3 Post-Processing in Floorplanning
Phase 2.3 Post-Processing in Floorplanning | Checksum: 13e07c0f8

Time (s): cpu = 00:01:27 ; elapsed = 00:00:44 . Memory (MB): peak = 5182.086 ; gain = 618.145 ; free physical = 3752 ; free virtual = 20337

Phase 2.4 Global Place Phase1
Phase 2.4 Global Place Phase1 | Checksum: aa0bb2ff

Time (s): cpu = 00:02:32 ; elapsed = 00:01:12 . Memory (MB): peak = 5299.086 ; gain = 735.145 ; free physical = 3658 ; free virtual = 20241

Phase 2.5 Global Place Phase2

Phase 2.5.1 UpdateTiming Before Physical Synthesis
Phase 2.5.1 UpdateTiming Before Physical Synthesis | Checksum: aa0bb2ff

Time (s): cpu = 00:02:37 ; elapsed = 00:01:13 . Memory (MB): peak = 5302.086 ; gain = 738.145 ; free physical = 3661 ; free virtual = 20244

Phase 2.5.2 Physical Synthesis In Placer
INFO: [Physopt 32-1035] Found 0 LUTNM shape to break, 1893 LUT instances to create LUTNM shape
INFO: [Physopt 32-1044] Break lutnm for timing: one critical 0, two critical 0, total 0, new lutff created 0
INFO: [Physopt 32-1138] End 1 Pass. Optimized 745 nets or LUTs. Breaked 0 LUT, combined 745 existing LUTs and moved 0 existing LUT
INFO: [Physopt 32-1030] Pass 1. Identified 85 candidate driver sets for equivalent driver rewiring.
INFO: [Physopt 32-661] Optimized 35 nets.  Re-placed 197 instances.
INFO: [Physopt 32-775] End 1 Pass. Optimized 35 nets or cells. Created 0 new cell, deleted 4 existing cells and moved 197 existing cells
Netlist sorting complete. Time (s): cpu = 00:00:00.27 ; elapsed = 00:00:00.27 . Memory (MB): peak = 5302.086 ; gain = 0.000 ; free physical = 3663 ; free virtual = 20248
INFO: [Physopt 32-65] No nets found for high-fanout optimization.
INFO: [Physopt 32-232] Optimized 0 net. Created 0 new instance.
INFO: [Physopt 32-775] End 1 Pass. Optimized 0 net or cell. Created 0 new cell, deleted 0 existing cell and moved 0 existing cell
INFO: [Physopt 32-670] No setup violation found.  DSP Register Optimization was not performed.
INFO: [Physopt 32-670] No setup violation found.  Shift Register to Pipeline Optimization was not performed.
INFO: [Physopt 32-670] No setup violation found.  Shift Register Optimization was not performed.
INFO: [Physopt 32-670] No setup violation found.  BRAM Register Optimization was not performed.
INFO: [Physopt 32-670] No setup violation found.  URAM Register Optimization was not performed.
INFO: [Physopt 32-949] No candidate nets found for dynamic/static region interface net replication
INFO: [Physopt 32-775] End 1 Pass. Optimized 0 net or cell. Created 0 new cell, deleted 0 existing cell and moved 0 existing cell
Netlist sorting complete. Time (s): cpu = 00:00:00.01 ; elapsed = 00:00:00.01 . Memory (MB): peak = 5302.086 ; gain = 0.000 ; free physical = 3663 ; free virtual = 20248

Summary of Physical Synthesis Optimizations
============================================


-----------------------------------------------------------------------------------------------------------------------------------------------------------
|  Optimization                                     |  Added Cells  |  Removed Cells  |  Optimized Cells/Nets  |  Dont Touch  |  Iterations  |  Elapsed   |
-----------------------------------------------------------------------------------------------------------------------------------------------------------
|  LUT Combining                                    |            0  |            745  |                   745  |           0  |           1  |  00:00:02  |
|  Retime                                           |            0  |              0  |                     0  |           0  |           1  |  00:00:00  |
|  Equivalent Driver Rewiring                       |            0  |              4  |                    35  |           0  |           1  |  00:00:03  |
|  Very High Fanout                                 |            0  |              0  |                     0  |           0  |           1  |  00:00:00  |
|  DSP Register                                     |            0  |              0  |                     0  |           0  |           0  |  00:00:00  |
|  Shift Register to Pipeline                       |            0  |              0  |                     0  |           0  |           0  |  00:00:00  |
|  Shift Register                                   |            0  |              0  |                     0  |           0  |           0  |  00:00:00  |
|  BRAM Register                                    |            0  |              0  |                     0  |           0  |           0  |  00:00:00  |
|  URAM Register                                    |            0  |              0  |                     0  |           0  |           0  |  00:00:00  |
|  Dynamic/Static Region Interface Net Replication  |            0  |              0  |                     0  |           0  |           1  |  00:00:00  |
|  Total                                            |            0  |            749  |                   780  |           0  |           5  |  00:00:06  |
-----------------------------------------------------------------------------------------------------------------------------------------------------------


Phase 2.5.2 Physical Synthesis In Placer | Checksum: 1d266dbbb

Time (s): cpu = 00:02:49 ; elapsed = 00:01:22 . Memory (MB): peak = 5302.086 ; gain = 738.145 ; free physical = 3664 ; free virtual = 20249
Phase 2.5 Global Place Phase2 | Checksum: 18c70a20b

Time (s): cpu = 00:03:01 ; elapsed = 00:01:26 . Memory (MB): peak = 5302.086 ; gain = 738.145 ; free physical = 3661 ; free virtual = 20247
Phase 2 Global Placement | Checksum: 18c70a20b

Time (s): cpu = 00:03:01 ; elapsed = 00:01:26 . Memory (MB): peak = 5302.086 ; gain = 738.145 ; free physical = 3661 ; free virtual = 20247

Phase 3 Detail Placement

Phase 3.1 Commit Multi Column Macros
Phase 3.1 Commit Multi Column Macros | Checksum: 1c88a53f6

Time (s): cpu = 00:03:14 ; elapsed = 00:01:30 . Memory (MB): peak = 5302.086 ; gain = 738.145 ; free physical = 3680 ; free virtual = 20265

Phase 3.2 Commit Most Macros & LUTRAMs
Phase 3.2 Commit Most Macros & LUTRAMs | Checksum: 1f4743dab

Time (s): cpu = 00:03:25 ; elapsed = 00:01:35 . Memory (MB): peak = 5302.086 ; gain = 738.145 ; free physical = 3682 ; free virtual = 20268

Phase 3.3 Small Shape DP

Phase 3.3.1 Small Shape Clustering
Phase 3.3.1 Small Shape Clustering | Checksum: 291dcac16

Time (s): cpu = 00:03:35 ; elapsed = 00:01:38 . Memory (MB): peak = 5302.086 ; gain = 738.145 ; free physical = 3662 ; free virtual = 20247

Phase 3.3.2 Slice Area Swap

Phase 3.3.2.1 Slice Area Swap Initial
Phase 3.3.2.1 Slice Area Swap Initial | Checksum: 1b8ec916d

Time (s): cpu = 00:03:41 ; elapsed = 00:01:43 . Memory (MB): peak = 5302.086 ; gain = 738.145 ; free physical = 3664 ; free virtual = 20250
Phase 3.3.2 Slice Area Swap | Checksum: 1b8ec916d

Time (s): cpu = 00:03:41 ; elapsed = 00:01:43 . Memory (MB): peak = 5302.086 ; gain = 738.145 ; free physical = 3664 ; free virtual = 20250
Phase 3.3 Small Shape DP | Checksum: 258918430

Time (s): cpu = 00:03:55 ; elapsed = 00:01:47 . Memory (MB): peak = 5302.086 ; gain = 738.145 ; free physical = 3664 ; free virtual = 20250

Phase 3.4 Re-assign LUT pins
Phase 3.4 Re-assign LUT pins | Checksum: 1f5191a91

Time (s): cpu = 00:03:58 ; elapsed = 00:01:49 . Memory (MB): peak = 5302.086 ; gain = 738.145 ; free physical = 3665 ; free virtual = 20252

Phase 3.5 Pipeline Register Optimization
Phase 3.5 Pipeline Register Optimization | Checksum: 14fb47aa4

Time (s): cpu = 00:03:58 ; elapsed = 00:01:49 . Memory (MB): peak = 5302.086 ; gain = 738.145 ; free physical = 3665 ; free virtual = 20252
Phase 3 Detail Placement | Checksum: 14fb47aa4

Time (s): cpu = 00:03:59 ; elapsed = 00:01:49 . Memory (MB): peak = 5302.086 ; gain = 738.145 ; free physical = 3665 ; free virtual = 20252

Phase 4 Post Placement Optimization and Clean-Up

Phase 4.1 Post Commit Optimization
INFO: [Timing 38-35] Done setting XDC timing constraints.

Phase 4.1.1 Post Placement Optimization
Post Placement Optimization Initialization | Checksum: 152d69569

Phase 4.1.1.1 BUFG Insertion

Starting Physical Synthesis Task

Phase 1 Physical Synthesis Initialization
INFO: [Physopt 32-721] Multithreading enabled for phys_opt_design using a maximum of 8 CPUs
INFO: [Physopt 32-619] Estimated Timing Summary | WNS=85.261 | TNS=0.000 |
Phase 1 Physical Synthesis Initialization | Checksum: 16f53d955

Time (s): cpu = 00:00:03 ; elapsed = 00:00:00.53 . Memory (MB): peak = 5302.086 ; gain = 0.000 ; free physical = 3666 ; free virtual = 20252
INFO: [Place 46-35] Processed net BD_i/ChaosCoreTop_0/inst/chiptop/system/chipyard_prcictrl_domain/resetSynchronizer/nodeOut_member_allClocks_uncore_reset_catcher/io_sync_reset_chain/output_chain/sync_0_reg_0, inserted BUFG to drive 7814 loads.
INFO: [Place 46-45] Replicated bufg driver BD_i/ChaosCoreTop_0/inst/chiptop/system/chipyard_prcictrl_domain/resetSynchronizer/nodeOut_member_allClocks_uncore_reset_catcher/io_sync_reset_chain/output_chain/sync_0_reg_replica
INFO: [Place 46-35] Processed net BD_i/ChaosCoreTop_0/inst/chiptop/system/tile_prci_domain/element_reset_domain_ChaosCore_tile/core/backend/execution_engine/FUs_1/div/FU_output/maybe_full_reg_51, inserted BUFG to drive 2369 loads.
INFO: [Place 46-35] Processed net BD_i/ChaosCoreTop_0/inst/chiptop/system/chipyard_prcictrl_domain/resetSynchronizer/nodeOut_member_allClocks_uncore_reset_catcher/io_sync_reset_chain/output_chain/dividend_sign_reg, inserted BUFG to drive 1578 loads.
INFO: [Place 46-56] BUFG insertion identified 3 candidate nets. Inserted BUFG: 3, Replicated BUFG Driver: 1, Skipped due to Placement/Routing Conflicts: 0, Skipped due to Timing Degradation: 0, Skipped due to netlist editing failed: 0.
Ending Physical Synthesis Task | Checksum: 1acf6aeac

Time (s): cpu = 00:00:07 ; elapsed = 00:00:03 . Memory (MB): peak = 5302.086 ; gain = 0.000 ; free physical = 3664 ; free virtual = 20250
Phase 4.1.1.1 BUFG Insertion | Checksum: 160ee34cc

Time (s): cpu = 00:04:39 ; elapsed = 00:02:04 . Memory (MB): peak = 5302.086 ; gain = 738.145 ; free physical = 3664 ; free virtual = 20250

Phase 4.1.1.2 Post Placement Timing Optimization
INFO: [Place 30-746] Post Placement Timing Summary WNS=85.261. For the most accurate timing information please run report_timing.
Phase 4.1.1.2 Post Placement Timing Optimization | Checksum: 17bfb8567

Time (s): cpu = 00:04:40 ; elapsed = 00:02:04 . Memory (MB): peak = 5302.086 ; gain = 738.145 ; free physical = 3664 ; free virtual = 20251

Time (s): cpu = 00:04:40 ; elapsed = 00:02:04 . Memory (MB): peak = 5302.086 ; gain = 738.145 ; free physical = 3664 ; free virtual = 20251
Phase 4.1 Post Commit Optimization | Checksum: 17bfb8567

Time (s): cpu = 00:04:40 ; elapsed = 00:02:04 . Memory (MB): peak = 5302.086 ; gain = 738.145 ; free physical = 3664 ; free virtual = 20251
Netlist sorting complete. Time (s): cpu = 00:00:00.14 ; elapsed = 00:00:00.15 . Memory (MB): peak = 5315.070 ; gain = 0.000 ; free physical = 3606 ; free virtual = 20192

Phase 4.2 Post Placement Cleanup
Phase 4.2 Post Placement Cleanup | Checksum: 2480bd41a

Time (s): cpu = 00:04:51 ; elapsed = 00:02:08 . Memory (MB): peak = 5315.070 ; gain = 751.129 ; free physical = 3605 ; free virtual = 20192

Phase 4.3 Placer Reporting

Phase 4.3.1 Print Estimated Congestion
INFO: [Place 30-612] Post-Placement Estimated Congestion 
 ________________________________________________________________________
|           | Global Congestion | Long Congestion   | Short Congestion  |
| Direction | Region Size       | Region Size       | Region Size       |
|___________|___________________|___________________|___________________|
|      North|                1x1|                1x1|                8x8|
|___________|___________________|___________________|___________________|
|      South|                1x1|                1x1|                4x4|
|___________|___________________|___________________|___________________|
|       East|                1x1|                1x1|              16x16|
|___________|___________________|___________________|___________________|
|       West|                4x4|                1x1|              16x16|
|___________|___________________|___________________|___________________|

Phase 4.3.1 Print Estimated Congestion | Checksum: 2480bd41a

Time (s): cpu = 00:04:51 ; elapsed = 00:02:08 . Memory (MB): peak = 5315.070 ; gain = 751.129 ; free physical = 3605 ; free virtual = 20192
Phase 4.3 Placer Reporting | Checksum: 2480bd41a

Time (s): cpu = 00:04:52 ; elapsed = 00:02:08 . Memory (MB): peak = 5315.070 ; gain = 751.129 ; free physical = 3606 ; free virtual = 20192

Phase 4.4 Final Placement Cleanup
Netlist sorting complete. Time (s): cpu = 00:00:00.01 ; elapsed = 00:00:00.01 . Memory (MB): peak = 5315.070 ; gain = 0.000 ; free physical = 3604 ; free virtual = 20191

Time (s): cpu = 00:04:52 ; elapsed = 00:02:08 . Memory (MB): peak = 5315.070 ; gain = 751.129 ; free physical = 3604 ; free virtual = 20191
Phase 4 Post Placement Optimization and Clean-Up | Checksum: 2097954c1

Time (s): cpu = 00:04:52 ; elapsed = 00:02:08 . Memory (MB): peak = 5315.070 ; gain = 751.129 ; free physical = 3604 ; free virtual = 20191
Ending Placer Task | Checksum: 164191f70

Time (s): cpu = 00:04:53 ; elapsed = 00:02:08 . Memory (MB): peak = 5315.070 ; gain = 751.129 ; free physical = 3604 ; free virtual = 20191
98 Infos, 77 Warnings, 0 Critical Warnings and 0 Errors encountered.
place_design completed successfully
place_design: Time (s): cpu = 00:04:59 ; elapsed = 00:02:10 . Memory (MB): peak = 5315.070 ; gain = 751.129 ; free physical = 3607 ; free virtual = 20193
INFO: [Vivado 12-24838] Running report commands "report_control_sets, report_io, report_utilization" in parallel.
Running report generation with 3 threads.
INFO: [Vivado 12-24828] Executing command : report_io -file BD_wrapper_io_placed.rpt
report_io: Time (s): cpu = 00:00:00.29 ; elapsed = 00:00:00.17 . Memory (MB): peak = 5315.070 ; gain = 0.000 ; free physical = 3594 ; free virtual = 20181
INFO: [Vivado 12-24828] Executing command : report_control_sets -verbose -file BD_wrapper_control_sets_placed.rpt
report_control_sets: Time (s): cpu = 00:00:00.54 ; elapsed = 00:00:00.36 . Memory (MB): peak = 5315.070 ; gain = 0.000 ; free physical = 3579 ; free virtual = 20167
INFO: [Vivado 12-24828] Executing command : report_utilization -file BD_wrapper_utilization_placed.rpt -pb BD_wrapper_utilization_placed.pb
INFO: [Timing 38-480] Writing timing data to binary archive.
Write ShapeDB Complete: Time (s): cpu = 00:00:01 ; elapsed = 00:00:00.32 . Memory (MB): peak = 5315.070 ; gain = 0.000 ; free physical = 3492 ; free virtual = 20135
Wrote PlaceDB: Time (s): cpu = 00:00:08 ; elapsed = 00:00:03 . Memory (MB): peak = 5315.070 ; gain = 0.000 ; free physical = 3279 ; free virtual = 20077
Wrote PulsedLatchDB: Time (s): cpu = 00:00:00 ; elapsed = 00:00:00 . Memory (MB): peak = 5315.070 ; gain = 0.000 ; free physical = 3279 ; free virtual = 20077
Writing XDEF routing.
Writing XDEF routing logical nets.
Writing XDEF routing special nets.
Wrote RouteStorage: Time (s): cpu = 00:00:00.14 ; elapsed = 00:00:00.15 . Memory (MB): peak = 5315.070 ; gain = 0.000 ; free physical = 3278 ; free virtual = 20077
Wrote Netlist Cache: Time (s): cpu = 00:00:00.07 ; elapsed = 00:00:00.13 . Memory (MB): peak = 5315.070 ; gain = 0.000 ; free physical = 3258 ; free virtual = 20072
Wrote Device Cache: Time (s): cpu = 00:00:00.01 ; elapsed = 00:00:00.04 . Memory (MB): peak = 5315.070 ; gain = 0.000 ; free physical = 3248 ; free virtual = 20069
Write Physdb Complete: Time (s): cpu = 00:00:08 ; elapsed = 00:00:04 . Memory (MB): peak = 5315.070 ; gain = 0.000 ; free physical = 3244 ; free virtual = 20065
INFO: [Common 17-1381] The checkpoint '/mnt/Storage/SCHOOL/Capstone/bringup/ChaosCore-FPGA/ChaosCoreFPGAConfig/ChaosCore/ChaosCore.runs/impl_1/BD_wrapper_placed.dcp' has been generated.
write_checkpoint: Time (s): cpu = 00:00:17 ; elapsed = 00:00:08 . Memory (MB): peak = 5315.070 ; gain = 0.000 ; free physical = 3302 ; free virtual = 20078
Command: phys_opt_design
Attempting to get a license for feature 'Implementation' and/or device 'xczu3eg'
INFO: [Common 17-349] Got license for feature 'Implementation' and/or device 'xczu3eg'

Starting Initial Update Timing Task

Time (s): cpu = 00:00:23 ; elapsed = 00:00:06 . Memory (MB): peak = 5315.070 ; gain = 0.000 ; free physical = 3326 ; free virtual = 20107
INFO: [Vivado_Tcl 4-2279] Estimated Timing Summary | WNS= 85.254 | TNS= 0.000 | 
INFO: [Vivado_Tcl 4-383] Design worst setup slack (WNS) is greater than or equal to 0.000 ns. All physical synthesis setup optimizations will be skipped.
INFO: [Vivado_Tcl 4-232] No setup violation found. The netlist was not modified.
INFO: [Common 17-83] Releasing license: Implementation
109 Infos, 77 Warnings, 0 Critical Warnings and 0 Errors encountered.
phys_opt_design completed successfully
phys_opt_design: Time (s): cpu = 00:00:24 ; elapsed = 00:00:07 . Memory (MB): peak = 5315.070 ; gain = 0.000 ; free physical = 3326 ; free virtual = 20107
INFO: [Timing 38-480] Writing timing data to binary archive.
Write ShapeDB Complete: Time (s): cpu = 00:00:00.99 ; elapsed = 00:00:00.27 . Memory (MB): peak = 5315.070 ; gain = 0.000 ; free physical = 3277 ; free virtual = 20108
Wrote PlaceDB: Time (s): cpu = 00:00:08 ; elapsed = 00:00:03 . Memory (MB): peak = 5315.070 ; gain = 0.000 ; free physical = 3111 ; free virtual = 20099
Wrote PulsedLatchDB: Time (s): cpu = 00:00:00 ; elapsed = 00:00:00 . Memory (MB): peak = 5315.070 ; gain = 0.000 ; free physical = 3111 ; free virtual = 20099
Writing XDEF routing.
Writing XDEF routing logical nets.
Writing XDEF routing special nets.
Wrote RouteStorage: Time (s): cpu = 00:00:00.13 ; elapsed = 00:00:00.14 . Memory (MB): peak = 5315.070 ; gain = 0.000 ; free physical = 3110 ; free virtual = 20099
Wrote Netlist Cache: Time (s): cpu = 00:00:00.07 ; elapsed = 00:00:00.13 . Memory (MB): peak = 5315.070 ; gain = 0.000 ; free physical = 3093 ; free virtual = 20099
Wrote Device Cache: Time (s): cpu = 00:00:00.02 ; elapsed = 00:00:00.04 . Memory (MB): peak = 5315.070 ; gain = 0.000 ; free physical = 3083 ; free virtual = 20095
Write Physdb Complete: Time (s): cpu = 00:00:08 ; elapsed = 00:00:04 . Memory (MB): peak = 5315.070 ; gain = 0.000 ; free physical = 3083 ; free virtual = 20095
INFO: [Common 17-1381] The checkpoint '/mnt/Storage/SCHOOL/Capstone/bringup/ChaosCore-FPGA/ChaosCoreFPGAConfig/ChaosCore/ChaosCore.runs/impl_1/BD_wrapper_physopt.dcp' has been generated.
write_checkpoint: Time (s): cpu = 00:00:10 ; elapsed = 00:00:06 . Memory (MB): peak = 5315.070 ; gain = 0.000 ; free physical = 3070 ; free virtual = 20037
Command: route_design
Attempting to get a license for feature 'Implementation' and/or device 'xczu3eg'
INFO: [Common 17-349] Got license for feature 'Implementation' and/or device 'xczu3eg'


Starting Routing Task
INFO: [Route 35-254] Multithreading enabled for route_design using a maximum of 8 CPUs

Phase 1 Build RT Design
Checksum: PlaceDB: 2447d969 ConstDB: 0 ShapeSum: 542e7f96 RouteDB: eba2c671
Nodegraph reading from file.  Time (s): cpu = 00:00:00.3 ; elapsed = 00:00:00.32 . Memory (MB): peak = 5315.070 ; gain = 0.000 ; free physical = 3102 ; free virtual = 20072
Post Restoration Checksum: NetGraph: 974bc6c3 | NumContArr: ffdf6000 | Constraints: ba50eb43 | Timing: c2a8fa9d
Phase 1 Build RT Design | Checksum: 314250ca3

Time (s): cpu = 00:00:27 ; elapsed = 00:00:05 . Memory (MB): peak = 5315.070 ; gain = 0.000 ; free physical = 3135 ; free virtual = 20106

Phase 2 Router Initialization

Phase 2.1 Fix Topology Constraints
Phase 2.1 Fix Topology Constraints | Checksum: 314250ca3

Time (s): cpu = 00:00:27 ; elapsed = 00:00:05 . Memory (MB): peak = 5315.070 ; gain = 0.000 ; free physical = 3135 ; free virtual = 20106

Phase 2.2 Pre Route Cleanup
Phase 2.2 Pre Route Cleanup | Checksum: 314250ca3

Time (s): cpu = 00:00:27 ; elapsed = 00:00:05 . Memory (MB): peak = 5315.070 ; gain = 0.000 ; free physical = 3135 ; free virtual = 20106

Phase 2.3 Global Clock Net Routing
 Number of Nodes with overlaps = 0
Phase 2.3 Global Clock Net Routing | Checksum: 29c385712

Time (s): cpu = 00:00:31 ; elapsed = 00:00:07 . Memory (MB): peak = 5315.070 ; gain = 0.000 ; free physical = 3140 ; free virtual = 20111

Phase 2.4 Update Timing
Phase 2.4 Update Timing | Checksum: 2118072b0

Time (s): cpu = 00:00:46 ; elapsed = 00:00:11 . Memory (MB): peak = 5315.070 ; gain = 0.000 ; free physical = 3179 ; free virtual = 20151
INFO: [Route 35-416] Intermediate Timing Summary | WNS=85.948 | TNS=0.000  | WHS=-0.070 | THS=-24.218|


Router Utilization Summary
  Global Vertical Routing Utilization    = 0.115422 %
  Global Horizontal Routing Utilization  = 0.122636 %
  Routable Net Status*
  *Does not include unroutable nets such as driverless and loadless.
  Run report_route_status for detailed report.
  Number of Failed Nets               = 85282
    (Failed Nets is the sum of unrouted and partially routed nets)
  Number of Unrouted Nets             = 59675
  Number of Partially Routed Nets     = 25607
  Number of Node Overlaps             = 1781

Phase 2 Router Initialization | Checksum: 24ed44153

Time (s): cpu = 00:01:08 ; elapsed = 00:00:17 . Memory (MB): peak = 5315.070 ; gain = 0.000 ; free physical = 3198 ; free virtual = 20170

Phase 3 Global Routing
Phase 3 Global Routing | Checksum: 24ed44153

Time (s): cpu = 00:01:08 ; elapsed = 00:00:17 . Memory (MB): peak = 5315.070 ; gain = 0.000 ; free physical = 3198 ; free virtual = 20170

Phase 4 Initial Routing

Phase 4.1 Initial Net Routing Pass
Phase 4.1 Initial Net Routing Pass | Checksum: 2beb4cc2f

Time (s): cpu = 00:01:31 ; elapsed = 00:00:25 . Memory (MB): peak = 5315.070 ; gain = 0.000 ; free physical = 3201 ; free virtual = 20177
Phase 4 Initial Routing | Checksum: 287a705ef

Time (s): cpu = 00:01:33 ; elapsed = 00:00:25 . Memory (MB): peak = 5315.070 ; gain = 0.000 ; free physical = 3202 ; free virtual = 20177

Phase 5 Rip-up And Reroute

Phase 5.1 Global Iteration 0
 Number of Nodes with overlaps = 27072
INFO: [Route 35-443] CLB routing congestion detected. Several CLBs have high routing utilization, which can impact timing closure. Congested CLBs and Nets are dumped in: iter_5_CongestedCLBsAndNets.txt
 Number of Nodes with overlaps = 2087
 Number of Nodes with overlaps = 159
 Number of Nodes with overlaps = 23
 Number of Nodes with overlaps = 5
 Number of Nodes with overlaps = 4
 Number of Nodes with overlaps = 1
 Number of Nodes with overlaps = 0
INFO: [Route 35-416] Intermediate Timing Summary | WNS=80.040 | TNS=0.000  | WHS=-0.033 | THS=-2.154 |

Phase 5.1 Global Iteration 0 | Checksum: 211cb9bd2

Time (s): cpu = 00:04:56 ; elapsed = 00:01:40 . Memory (MB): peak = 5315.070 ; gain = 0.000 ; free physical = 3204 ; free virtual = 20182

Phase 5.2 Additional Iteration for Hold
Phase 5.2 Additional Iteration for Hold | Checksum: 2383dc591

Time (s): cpu = 00:04:56 ; elapsed = 00:01:40 . Memory (MB): peak = 5315.070 ; gain = 0.000 ; free physical = 3204 ; free virtual = 20182
Phase 5 Rip-up And Reroute | Checksum: 2383dc591

Time (s): cpu = 00:04:57 ; elapsed = 00:01:40 . Memory (MB): peak = 5315.070 ; gain = 0.000 ; free physical = 3204 ; free virtual = 20182

Phase 6 Delay and Skew Optimization

Phase 6.1 Delay CleanUp
INFO: [Route 35-416] Intermediate Timing Summary | WNS=80.040 | TNS=0.000  | WHS=0.010  | THS=0.000  |

INFO: [Route 35-416] Intermediate Timing Summary | WNS=80.040 | TNS=0.000  | WHS=0.010  | THS=0.000  |

Phase 6.1 Delay CleanUp | Checksum: 1e2511dba

Time (s): cpu = 00:05:12 ; elapsed = 00:01:44 . Memory (MB): peak = 5315.070 ; gain = 0.000 ; free physical = 3206 ; free virtual = 20184

Phase 6.2 Clock Skew Optimization
Phase 6.2 Clock Skew Optimization | Checksum: 1e2511dba

Time (s): cpu = 00:05:12 ; elapsed = 00:01:44 . Memory (MB): peak = 5315.070 ; gain = 0.000 ; free physical = 3206 ; free virtual = 20184
Phase 6 Delay and Skew Optimization | Checksum: 1e2511dba

Time (s): cpu = 00:05:12 ; elapsed = 00:01:44 . Memory (MB): peak = 5315.070 ; gain = 0.000 ; free physical = 3206 ; free virtual = 20184

Phase 7 Post Hold Fix

Phase 7.1 Hold Fix Iter
INFO: [Route 35-416] Intermediate Timing Summary | WNS=80.040 | TNS=0.000  | WHS=0.010  | THS=0.000  |

Phase 7.1 Hold Fix Iter | Checksum: 20afb3dcf

Time (s): cpu = 00:05:23 ; elapsed = 00:01:46 . Memory (MB): peak = 5315.070 ; gain = 0.000 ; free physical = 3205 ; free virtual = 20184
Phase 7 Post Hold Fix | Checksum: 20afb3dcf

Time (s): cpu = 00:05:23 ; elapsed = 00:01:46 . Memory (MB): peak = 5315.070 ; gain = 0.000 ; free physical = 3205 ; free virtual = 20184

Phase 8 Route finalize

Router Utilization Summary
  Global Vertical Routing Utilization    = 24.6888 %
  Global Horizontal Routing Utilization  = 26.5036 %
  Routable Net Status*
  *Does not include unroutable nets such as driverless and loadless.
  Run report_route_status for detailed report.
  Number of Failed Nets               = 0
    (Failed Nets is the sum of unrouted and partially routed nets)
  Number of Unrouted Nets             = 0
  Number of Partially Routed Nets     = 0
  Number of Node Overlaps             = 0

Phase 8 Route finalize | Checksum: 20afb3dcf

Time (s): cpu = 00:05:24 ; elapsed = 00:01:47 . Memory (MB): peak = 5315.070 ; gain = 0.000 ; free physical = 3205 ; free virtual = 20184

Phase 9 Verifying routed nets

 Verification completed successfully
Phase 9 Verifying routed nets | Checksum: 20afb3dcf

Time (s): cpu = 00:05:25 ; elapsed = 00:01:47 . Memory (MB): peak = 5315.070 ; gain = 0.000 ; free physical = 3205 ; free virtual = 20184

Phase 10 Depositing Routes
Phase 10 Depositing Routes | Checksum: 20afb3dcf

Time (s): cpu = 00:05:30 ; elapsed = 00:01:50 . Memory (MB): peak = 5315.070 ; gain = 0.000 ; free physical = 3209 ; free virtual = 20188

Phase 11 Resolve XTalk
Phase 11 Resolve XTalk | Checksum: 20afb3dcf

Time (s): cpu = 00:05:31 ; elapsed = 00:01:50 . Memory (MB): peak = 5315.070 ; gain = 0.000 ; free physical = 3209 ; free virtual = 20188

Phase 12 Post Process Routing
Phase 12 Post Process Routing | Checksum: 20afb3dcf

Time (s): cpu = 00:05:32 ; elapsed = 00:01:50 . Memory (MB): peak = 5315.070 ; gain = 0.000 ; free physical = 3209 ; free virtual = 20188

Phase 13 Post Router Timing
INFO: [Route 35-57] Estimated Timing Summary | WNS=80.040 | TNS=0.000  | WHS=0.010  | THS=0.000  |

INFO: [Route 35-327] The final timing numbers are based on the router estimated timing analysis. For a complete and accurate timing signoff, please run report_timing_summary.
Phase 13 Post Router Timing | Checksum: 20afb3dcf

Time (s): cpu = 00:05:32 ; elapsed = 00:01:50 . Memory (MB): peak = 5315.070 ; gain = 0.000 ; free physical = 3209 ; free virtual = 20187
Total Elapsed time in route_design: 110.42 secs

Phase 14 Post-Route Event Processing
Phase 14 Post-Route Event Processing | Checksum: 11037b00c

Time (s): cpu = 00:05:32 ; elapsed = 00:01:51 . Memory (MB): peak = 5315.070 ; gain = 0.000 ; free physical = 3209 ; free virtual = 20187
INFO: [Route 35-16] Router Completed Successfully
Ending Routing Task | Checksum: 11037b00c

Time (s): cpu = 00:05:33 ; elapsed = 00:01:51 . Memory (MB): peak = 5315.070 ; gain = 0.000 ; free physical = 3209 ; free virtual = 20187

Routing Is Done.
INFO: [Common 17-83] Releasing license: Implementation
123 Infos, 77 Warnings, 0 Critical Warnings and 0 Errors encountered.
route_design completed successfully
route_design: Time (s): cpu = 00:05:34 ; elapsed = 00:01:51 . Memory (MB): peak = 5315.070 ; gain = 0.000 ; free physical = 3208 ; free virtual = 20187
INFO: [Vivado 12-24828] Executing command : report_drc -file BD_wrapper_drc_routed.rpt -pb BD_wrapper_drc_routed.pb -rpx BD_wrapper_drc_routed.rpx
Command: report_drc -file BD_wrapper_drc_routed.rpt -pb BD_wrapper_drc_routed.pb -rpx BD_wrapper_drc_routed.rpx
INFO: [IP_Flow 19-1839] IP Catalog is up to date.
INFO: [DRC 23-27] Running DRC with 8 threads
INFO: [Vivado_Tcl 2-168] The results of DRC are in file /mnt/Storage/SCHOOL/Capstone/bringup/ChaosCore-FPGA/ChaosCoreFPGAConfig/ChaosCore/ChaosCore.runs/impl_1/BD_wrapper_drc_routed.rpt.
report_drc completed successfully
INFO: [Vivado 12-24828] Executing command : report_methodology -file BD_wrapper_methodology_drc_routed.rpt -pb BD_wrapper_methodology_drc_routed.pb -rpx BD_wrapper_methodology_drc_routed.rpx
Command: report_methodology -file BD_wrapper_methodology_drc_routed.rpt -pb BD_wrapper_methodology_drc_routed.pb -rpx BD_wrapper_methodology_drc_routed.rpx
INFO: [Timing 38-35] Done setting XDC timing constraints.
INFO: [DRC 23-133] Running Methodology with 8 threads
INFO: [Vivado_Tcl 2-1520] The results of Report Methodology are in file /mnt/Storage/SCHOOL/Capstone/bringup/ChaosCore-FPGA/ChaosCoreFPGAConfig/ChaosCore/ChaosCore.runs/impl_1/BD_wrapper_methodology_drc_routed.rpt.
report_methodology completed successfully
report_methodology: Time (s): cpu = 00:00:42 ; elapsed = 00:00:08 . Memory (MB): peak = 5315.070 ; gain = 0.000 ; free physical = 3196 ; free virtual = 20178
INFO: [Vivado 12-24828] Executing command : report_timing_summary -max_paths 10 -report_unconstrained -file BD_wrapper_timing_summary_routed.rpt -pb BD_wrapper_timing_summary_routed.pb -rpx BD_wrapper_timing_summary_routed.rpx -warn_on_violation 
INFO: [Timing 38-35] Done setting XDC timing constraints.
INFO: [Timing 38-91] UpdateTimingParams: Speed grade: -1, Temperature grade: I, Delay Type: min_max.
INFO: [Timing 38-191] Multithreading enabled for timing update using a maximum of 8 CPUs
INFO: [Vivado 12-24838] Running report commands "report_bus_skew, report_incremental_reuse, report_route_status" in parallel.
Running report generation with 3 threads.
INFO: [Vivado 12-24828] Executing command : report_incremental_reuse -file BD_wrapper_incremental_reuse_routed.rpt
INFO: [Vivado_Tcl 4-1062] Incremental flow is disabled. No incremental reuse Info to report.
INFO: [Vivado 12-24828] Executing command : report_bus_skew -warn_on_violation -file BD_wrapper_bus_skew_routed.rpt -pb BD_wrapper_bus_skew_routed.pb -rpx BD_wrapper_bus_skew_routed.rpx
INFO: [Timing 38-91] UpdateTimingParams: Speed grade: -1, Temperature grade: I, Delay Type: min_max.
INFO: [Timing 38-191] Multithreading enabled for timing update using a maximum of 8 CPUs
INFO: [Vivado 12-24828] Executing command : report_route_status -file BD_wrapper_route_status.rpt -pb BD_wrapper_route_status.pb
INFO: [Vivado 12-24828] Executing command : report_power -file BD_wrapper_power_routed.rpt -pb BD_wrapper_power_summary_routed.pb -rpx BD_wrapper_power_routed.rpx
Command: report_power -file BD_wrapper_power_routed.rpt -pb BD_wrapper_power_summary_routed.pb -rpx BD_wrapper_power_routed.rpx
Running Vector-less Activity Propagation...

Finished Running Vector-less Activity Propagation
WARNING: [Power 33-332] Found switching activity that implies high-fanout reset nets being asserted for excessive periods of time which may result in inaccurate power analysis.
Resolution: To review and fix problems, please run Power Constraints Advisor in the GUI from Tools > Power Constraints Advisor or run report_power with the -advisory option to generate a text report.
143 Infos, 78 Warnings, 0 Critical Warnings and 0 Errors encountered.
report_power completed successfully
report_power: Time (s): cpu = 00:00:27 ; elapsed = 00:00:14 . Memory (MB): peak = 5371.098 ; gain = 56.027 ; free physical = 3147 ; free virtual = 20159
INFO: [Vivado 12-24828] Executing command : report_clock_utilization -file BD_wrapper_clock_utilization_routed.rpt
generate_parallel_reports: Time (s): cpu = 00:01:42 ; elapsed = 00:00:32 . Memory (MB): peak = 5371.098 ; gain = 56.027 ; free physical = 3145 ; free virtual = 20157
INFO: [Timing 38-480] Writing timing data to binary archive.
Write ShapeDB Complete: Time (s): cpu = 00:00:01 ; elapsed = 00:00:00.31 . Memory (MB): peak = 5371.098 ; gain = 0.000 ; free physical = 3072 ; free virtual = 20146
Wrote PlaceDB: Time (s): cpu = 00:00:08 ; elapsed = 00:00:03 . Memory (MB): peak = 5371.098 ; gain = 0.000 ; free physical = 2890 ; free virtual = 20110
Wrote PulsedLatchDB: Time (s): cpu = 00:00:00 ; elapsed = 00:00:00 . Memory (MB): peak = 5371.098 ; gain = 0.000 ; free physical = 2890 ; free virtual = 20110
Writing XDEF routing.
Writing XDEF routing logical nets.
Writing XDEF routing special nets.
Wrote RouteStorage: Time (s): cpu = 00:00:01 ; elapsed = 00:00:00.8 . Memory (MB): peak = 5371.098 ; gain = 0.000 ; free physical = 2793 ; free virtual = 20054
Wrote Netlist Cache: Time (s): cpu = 00:00:00.08 ; elapsed = 00:00:00.13 . Memory (MB): peak = 5371.098 ; gain = 0.000 ; free physical = 2770 ; free virtual = 20047
Wrote Device Cache: Time (s): cpu = 00:00:00.01 ; elapsed = 00:00:00.04 . Memory (MB): peak = 5371.098 ; gain = 0.000 ; free physical = 2756 ; free virtual = 20038
Write Physdb Complete: Time (s): cpu = 00:00:09 ; elapsed = 00:00:04 . Memory (MB): peak = 5371.098 ; gain = 0.000 ; free physical = 2756 ; free virtual = 20039
INFO: [Common 17-1381] The checkpoint '/mnt/Storage/SCHOOL/Capstone/bringup/ChaosCore-FPGA/ChaosCoreFPGAConfig/ChaosCore/ChaosCore.runs/impl_1/BD_wrapper_routed.dcp' has been generated.
write_checkpoint: Time (s): cpu = 00:00:11 ; elapsed = 00:00:07 . Memory (MB): peak = 5371.098 ; gain = 0.000 ; free physical = 2808 ; free virtual = 20044
INFO: [Memdata 28-167] Found XPM memory block BD_i/smartconnect_0/inst/s01_nodes/s01_w_node/inst/inst_mi_handler/gen_normal_area.inst_fifo_node_payld/gen_xpm_memory_fifo.inst_fifo/gen_mem_rep[0].inst_xpm_memory/xpm_memory_base_inst with a P_MEMORY_PRIMITIVE property set to distributed. A value of block is required. You will not be able to use the updatemem program to update the bitstream with new data for the BD_i/smartconnect_0/inst/s01_nodes/s01_w_node/inst/inst_mi_handler/gen_normal_area.inst_fifo_node_payld/gen_xpm_memory_fifo.inst_fifo/gen_mem_rep[0].inst_xpm_memory/xpm_memory_base_inst block.
INFO: [Memdata 28-167] Found XPM memory block BD_i/smartconnect_0/inst/s01_nodes/s01_w_node/inst/inst_mi_handler/gen_normal_area.gen_fifo_req.inst_fifo_req/gen_xpm_memory_fifo.inst_fifo/gen_mem_rep[0].inst_xpm_memory/xpm_memory_base_inst with a P_MEMORY_PRIMITIVE property set to distributed. A value of block is required. You will not be able to use the updatemem program to update the bitstream with new data for the BD_i/smartconnect_0/inst/s01_nodes/s01_w_node/inst/inst_mi_handler/gen_normal_area.gen_fifo_req.inst_fifo_req/gen_xpm_memory_fifo.inst_fifo/gen_mem_rep[0].inst_xpm_memory/xpm_memory_base_inst block.
INFO: [Memdata 28-167] Found XPM memory block BD_i/smartconnect_0/inst/s01_nodes/s01_r_node/inst/inst_mi_handler/gen_normal_area.inst_fifo_node_payld/gen_xpm_memory_fifo.inst_fifo/gen_mem_rep[0].inst_xpm_memory/xpm_memory_base_inst with a P_MEMORY_PRIMITIVE property set to distributed. A value of block is required. You will not be able to use the updatemem program to update the bitstream with new data for the BD_i/smartconnect_0/inst/s01_nodes/s01_r_node/inst/inst_mi_handler/gen_normal_area.inst_fifo_node_payld/gen_xpm_memory_fifo.inst_fifo/gen_mem_rep[0].inst_xpm_memory/xpm_memory_base_inst block.
INFO: [Memdata 28-167] Found XPM memory block BD_i/smartconnect_0/inst/s01_nodes/s01_b_node/inst/inst_mi_handler/gen_normal_area.inst_fifo_node_payld/gen_xpm_memory_fifo.inst_fifo/gen_mem_rep[0].inst_xpm_memory/xpm_memory_base_inst with a P_MEMORY_PRIMITIVE property set to distributed. A value of block is required. You will not be able to use the updatemem program to update the bitstream with new data for the BD_i/smartconnect_0/inst/s01_nodes/s01_b_node/inst/inst_mi_handler/gen_normal_area.inst_fifo_node_payld/gen_xpm_memory_fifo.inst_fifo/gen_mem_rep[0].inst_xpm_memory/xpm_memory_base_inst block.
INFO: [Memdata 28-167] Found XPM memory block BD_i/smartconnect_0/inst/s01_nodes/s01_aw_node/inst/inst_mi_handler/gen_normal_area.inst_fifo_node_payld/gen_xpm_memory_fifo.inst_fifo/gen_mem_rep[0].inst_xpm_memory/xpm_memory_base_inst with a P_MEMORY_PRIMITIVE property set to distributed. A value of block is required. You will not be able to use the updatemem program to update the bitstream with new data for the BD_i/smartconnect_0/inst/s01_nodes/s01_aw_node/inst/inst_mi_handler/gen_normal_area.inst_fifo_node_payld/gen_xpm_memory_fifo.inst_fifo/gen_mem_rep[0].inst_xpm_memory/xpm_memory_base_inst block.
INFO: [Memdata 28-167] Found XPM memory block BD_i/smartconnect_0/inst/s01_nodes/s01_ar_node/inst/inst_mi_handler/gen_normal_area.inst_fifo_node_payld/gen_xpm_memory_fifo.inst_fifo/gen_mem_rep[0].inst_xpm_memory/xpm_memory_base_inst with a P_MEMORY_PRIMITIVE property set to distributed. A value of block is required. You will not be able to use the updatemem program to update the bitstream with new data for the BD_i/smartconnect_0/inst/s01_nodes/s01_ar_node/inst/inst_mi_handler/gen_normal_area.inst_fifo_node_payld/gen_xpm_memory_fifo.inst_fifo/gen_mem_rep[0].inst_xpm_memory/xpm_memory_base_inst block.
INFO: [Memdata 28-167] Found XPM memory block BD_i/smartconnect_0/inst/s00_nodes/s00_w_node/inst/inst_mi_handler/gen_normal_area.inst_fifo_node_payld/gen_xpm_memory_fifo.inst_fifo/gen_mem_rep[0].inst_xpm_memory/xpm_memory_base_inst with a P_MEMORY_PRIMITIVE property set to distributed. A value of block is required. You will not be able to use the updatemem program to update the bitstream with new data for the BD_i/smartconnect_0/inst/s00_nodes/s00_w_node/inst/inst_mi_handler/gen_normal_area.inst_fifo_node_payld/gen_xpm_memory_fifo.inst_fifo/gen_mem_rep[0].inst_xpm_memory/xpm_memory_base_inst block.
INFO: [Memdata 28-167] Found XPM memory block BD_i/smartconnect_0/inst/s00_nodes/s00_w_node/inst/inst_mi_handler/gen_normal_area.gen_fifo_req.inst_fifo_req/gen_xpm_memory_fifo.inst_fifo/gen_mem_rep[0].inst_xpm_memory/xpm_memory_base_inst with a P_MEMORY_PRIMITIVE property set to distributed. A value of block is required. You will not be able to use the updatemem program to update the bitstream with new data for the BD_i/smartconnect_0/inst/s00_nodes/s00_w_node/inst/inst_mi_handler/gen_normal_area.gen_fifo_req.inst_fifo_req/gen_xpm_memory_fifo.inst_fifo/gen_mem_rep[0].inst_xpm_memory/xpm_memory_base_inst block.
INFO: [Memdata 28-167] Found XPM memory block BD_i/smartconnect_0/inst/s00_nodes/s00_r_node/inst/inst_mi_handler/gen_normal_area.inst_fifo_node_payld/gen_xpm_memory_fifo.inst_fifo/gen_mem_rep[0].inst_xpm_memory/xpm_memory_base_inst with a P_MEMORY_PRIMITIVE property set to distributed. A value of block is required. You will not be able to use the updatemem program to update the bitstream with new data for the BD_i/smartconnect_0/inst/s00_nodes/s00_r_node/inst/inst_mi_handler/gen_normal_area.inst_fifo_node_payld/gen_xpm_memory_fifo.inst_fifo/gen_mem_rep[0].inst_xpm_memory/xpm_memory_base_inst block.
INFO: [Memdata 28-167] Found XPM memory block BD_i/smartconnect_0/inst/s00_nodes/s00_b_node/inst/inst_mi_handler/gen_normal_area.inst_fifo_node_payld/gen_xpm_memory_fifo.inst_fifo/gen_mem_rep[0].inst_xpm_memory/xpm_memory_base_inst with a P_MEMORY_PRIMITIVE property set to distributed. A value of block is required. You will not be able to use the updatemem program to update the bitstream with new data for the BD_i/smartconnect_0/inst/s00_nodes/s00_b_node/inst/inst_mi_handler/gen_normal_area.inst_fifo_node_payld/gen_xpm_memory_fifo.inst_fifo/gen_mem_rep[0].inst_xpm_memory/xpm_memory_base_inst block.
INFO: [Memdata 28-167] Found XPM memory block BD_i/smartconnect_0/inst/s00_nodes/s00_aw_node/inst/inst_mi_handler/gen_normal_area.inst_fifo_node_payld/gen_xpm_memory_fifo.inst_fifo/gen_mem_rep[0].inst_xpm_memory/xpm_memory_base_inst with a P_MEMORY_PRIMITIVE property set to distributed. A value of block is required. You will not be able to use the updatemem program to update the bitstream with new data for the BD_i/smartconnect_0/inst/s00_nodes/s00_aw_node/inst/inst_mi_handler/gen_normal_area.inst_fifo_node_payld/gen_xpm_memory_fifo.inst_fifo/gen_mem_rep[0].inst_xpm_memory/xpm_memory_base_inst block.
INFO: [Memdata 28-167] Found XPM memory block BD_i/smartconnect_0/inst/s00_nodes/s00_ar_node/inst/inst_mi_handler/gen_normal_area.inst_fifo_node_payld/gen_xpm_memory_fifo.inst_fifo/gen_mem_rep[0].inst_xpm_memory/xpm_memory_base_inst with a P_MEMORY_PRIMITIVE property set to distributed. A value of block is required. You will not be able to use the updatemem program to update the bitstream with new data for the BD_i/smartconnect_0/inst/s00_nodes/s00_ar_node/inst/inst_mi_handler/gen_normal_area.inst_fifo_node_payld/gen_xpm_memory_fifo.inst_fifo/gen_mem_rep[0].inst_xpm_memory/xpm_memory_base_inst block.
INFO: [Memdata 28-167] Found XPM memory block BD_i/smartconnect_0/inst/m00_nodes/m00_w_node/inst/inst_si_handler/gen_si_handler.gen_request_fifos.gen_req_fifo[1].inst_req_fifo/gen_xpm_memory_fifo.inst_fifo/gen_mem_rep[0].inst_xpm_memory/xpm_memory_base_inst with a P_MEMORY_PRIMITIVE property set to distributed. A value of block is required. You will not be able to use the updatemem program to update the bitstream with new data for the BD_i/smartconnect_0/inst/m00_nodes/m00_w_node/inst/inst_si_handler/gen_si_handler.gen_request_fifos.gen_req_fifo[1].inst_req_fifo/gen_xpm_memory_fifo.inst_fifo/gen_mem_rep[0].inst_xpm_memory/xpm_memory_base_inst block.
INFO: [Memdata 28-167] Found XPM memory block BD_i/smartconnect_0/inst/m00_nodes/m00_w_node/inst/inst_si_handler/gen_si_handler.gen_request_fifos.gen_req_fifo[0].inst_req_fifo/gen_xpm_memory_fifo.inst_fifo/gen_mem_rep[0].inst_xpm_memory/xpm_memory_base_inst with a P_MEMORY_PRIMITIVE property set to distributed. A value of block is required. You will not be able to use the updatemem program to update the bitstream with new data for the BD_i/smartconnect_0/inst/m00_nodes/m00_w_node/inst/inst_si_handler/gen_si_handler.gen_request_fifos.gen_req_fifo[0].inst_req_fifo/gen_xpm_memory_fifo.inst_fifo/gen_mem_rep[0].inst_xpm_memory/xpm_memory_base_inst block.
INFO: [Memdata 28-167] Found XPM memory block BD_i/smartconnect_0/inst/m00_nodes/m00_w_node/inst/inst_mi_handler/gen_normal_area.inst_fifo_node_payld/gen_xpm_memory_fifo.inst_fifo/gen_mem_rep[0].inst_xpm_memory/xpm_memory_base_inst with a P_MEMORY_PRIMITIVE property set to distributed. A value of block is required. You will not be able to use the updatemem program to update the bitstream with new data for the BD_i/smartconnect_0/inst/m00_nodes/m00_w_node/inst/inst_mi_handler/gen_normal_area.inst_fifo_node_payld/gen_xpm_memory_fifo.inst_fifo/gen_mem_rep[0].inst_xpm_memory/xpm_memory_base_inst block.
INFO: [Memdata 28-167] Found XPM memory block BD_i/smartconnect_0/inst/m00_nodes/m00_r_node/inst/inst_mi_handler/gen_normal_area.inst_fifo_node_payld/gen_xpm_memory_fifo.inst_fifo/gen_mem_rep[0].inst_xpm_memory/xpm_memory_base_inst with a P_MEMORY_PRIMITIVE property set to distributed. A value of block is required. You will not be able to use the updatemem program to update the bitstream with new data for the BD_i/smartconnect_0/inst/m00_nodes/m00_r_node/inst/inst_mi_handler/gen_normal_area.inst_fifo_node_payld/gen_xpm_memory_fifo.inst_fifo/gen_mem_rep[0].inst_xpm_memory/xpm_memory_base_inst block.
INFO: [Memdata 28-167] Found XPM memory block BD_i/smartconnect_0/inst/m00_nodes/m00_r_node/inst/inst_mi_handler/gen_normal_area.gen_fifo_req.inst_fifo_req/gen_xpm_memory_fifo.inst_fifo/gen_mem_rep[0].inst_xpm_memory/xpm_memory_base_inst with a P_MEMORY_PRIMITIVE property set to distributed. A value of block is required. You will not be able to use the updatemem program to update the bitstream with new data for the BD_i/smartconnect_0/inst/m00_nodes/m00_r_node/inst/inst_mi_handler/gen_normal_area.gen_fifo_req.inst_fifo_req/gen_xpm_memory_fifo.inst_fifo/gen_mem_rep[0].inst_xpm_memory/xpm_memory_base_inst block.
INFO: [Memdata 28-167] Found XPM memory block BD_i/smartconnect_0/inst/m00_nodes/m00_b_node/inst/inst_mi_handler/gen_normal_area.inst_fifo_node_payld/gen_xpm_memory_fifo.inst_fifo/gen_mem_rep[0].inst_xpm_memory/xpm_memory_base_inst with a P_MEMORY_PRIMITIVE property set to distributed. A value of block is required. You will not be able to use the updatemem program to update the bitstream with new data for the BD_i/smartconnect_0/inst/m00_nodes/m00_b_node/inst/inst_mi_handler/gen_normal_area.inst_fifo_node_payld/gen_xpm_memory_fifo.inst_fifo/gen_mem_rep[0].inst_xpm_memory/xpm_memory_base_inst block.
INFO: [Memdata 28-167] Found XPM memory block BD_i/smartconnect_0/inst/m00_nodes/m00_b_node/inst/inst_mi_handler/gen_normal_area.gen_fifo_req.inst_fifo_req/gen_xpm_memory_fifo.inst_fifo/gen_mem_rep[0].inst_xpm_memory/xpm_memory_base_inst with a P_MEMORY_PRIMITIVE property set to distributed. A value of block is required. You will not be able to use the updatemem program to update the bitstream with new data for the BD_i/smartconnect_0/inst/m00_nodes/m00_b_node/inst/inst_mi_handler/gen_normal_area.gen_fifo_req.inst_fifo_req/gen_xpm_memory_fifo.inst_fifo/gen_mem_rep[0].inst_xpm_memory/xpm_memory_base_inst block.
INFO: [Memdata 28-167] Found XPM memory block BD_i/smartconnect_0/inst/m00_nodes/m00_aw_node/inst/inst_mi_handler/gen_normal_area.inst_fifo_node_payld/gen_xpm_memory_fifo.inst_fifo/gen_mem_rep[0].inst_xpm_memory/xpm_memory_base_inst with a P_MEMORY_PRIMITIVE property set to distributed. A value of block is required. You will not be able to use the updatemem program to update the bitstream with new data for the BD_i/smartconnect_0/inst/m00_nodes/m00_aw_node/inst/inst_mi_handler/gen_normal_area.inst_fifo_node_payld/gen_xpm_memory_fifo.inst_fifo/gen_mem_rep[0].inst_xpm_memory/xpm_memory_base_inst block.
INFO: [Memdata 28-167] Found XPM memory block BD_i/smartconnect_0/inst/m00_nodes/m00_ar_node/inst/inst_mi_handler/gen_normal_area.inst_fifo_node_payld/gen_xpm_memory_fifo.inst_fifo/gen_mem_rep[0].inst_xpm_memory/xpm_memory_base_inst with a P_MEMORY_PRIMITIVE property set to distributed. A value of block is required. You will not be able to use the updatemem program to update the bitstream with new data for the BD_i/smartconnect_0/inst/m00_nodes/m00_ar_node/inst/inst_mi_handler/gen_normal_area.inst_fifo_node_payld/gen_xpm_memory_fifo.inst_fifo/gen_mem_rep[0].inst_xpm_memory/xpm_memory_base_inst block.
INFO: [Memdata 28-167] Found XPM memory block BD_i/axi_smc/inst/switchboards/i_nodes/i_w_node/inst/inst_si_handler/gen_si_handler.gen_request_fifos.gen_req_fifo[1].inst_req_fifo/gen_xpm_memory_fifo.inst_fifo/gen_mem_rep[0].inst_xpm_memory/xpm_memory_base_inst with a P_MEMORY_PRIMITIVE property set to distributed. A value of block is required. You will not be able to use the updatemem program to update the bitstream with new data for the BD_i/axi_smc/inst/switchboards/i_nodes/i_w_node/inst/inst_si_handler/gen_si_handler.gen_request_fifos.gen_req_fifo[1].inst_req_fifo/gen_xpm_memory_fifo.inst_fifo/gen_mem_rep[0].inst_xpm_memory/xpm_memory_base_inst block.
INFO: [Memdata 28-167] Found XPM memory block BD_i/axi_smc/inst/switchboards/i_nodes/i_w_node/inst/inst_si_handler/gen_si_handler.gen_request_fifos.gen_req_fifo[0].inst_req_fifo/gen_xpm_memory_fifo.inst_fifo/gen_mem_rep[0].inst_xpm_memory/xpm_memory_base_inst with a P_MEMORY_PRIMITIVE property set to distributed. A value of block is required. You will not be able to use the updatemem program to update the bitstream with new data for the BD_i/axi_smc/inst/switchboards/i_nodes/i_w_node/inst/inst_si_handler/gen_si_handler.gen_request_fifos.gen_req_fifo[0].inst_req_fifo/gen_xpm_memory_fifo.inst_fifo/gen_mem_rep[0].inst_xpm_memory/xpm_memory_base_inst block.
Command: write_bitstream -force BD_wrapper.bit
Attempting to get a license for feature 'Implementation' and/or device 'xczu3eg'
INFO: [Common 17-349] Got license for feature 'Implementation' and/or device 'xczu3eg'
Running DRC as a precondition to command write_bitstream
INFO: [IP_Flow 19-1839] IP Catalog is up to date.
INFO: [DRC 23-27] Running DRC with 8 threads
INFO: [Vivado 12-3199] DRC finished with 0 Errors
INFO: [Vivado 12-3200] Please refer to the DRC report (report_drc) for more information.
INFO: [Designutils 20-2272] Running write_bitstream with 8 threads.
Loading data files...
Loading site data...
Loading route data...
Processing options...
Creating bitmap...
Creating bitstream...
Writing bitstream ./BD_wrapper.bit...
INFO: [Vivado 12-1842] Bitgen Completed Successfully.
INFO: [Project 1-1876] WebTalk data collection is mandatory when using a ULT device. To see the specific WebTalk data collected for your design, open the usage_statistics_webtalk.html or usage_statistics_webtalk.xml file in the implementation directory.
INFO: [Common 17-83] Releasing license: Implementation
178 Infos, 78 Warnings, 0 Critical Warnings and 0 Errors encountered.
write_bitstream completed successfully
write_bitstream: Time (s): cpu = 00:00:28 ; elapsed = 00:00:19 . Memory (MB): peak = 5516.445 ; gain = 73.312 ; free physical = 2659 ; free virtual = 19910
INFO: [Common 17-206] Exiting Vivado at Thu Mar 20 11:58:39 2025...
