const char qsort_bin[52640] = {
	0x7f, 0x45, 0x4c, 0x46, 0x01, 0x01, 0x01, 0x00, 0x00, 0x00, 0x00, 
	0x00, 0x00, 0x00, 0x00, 0x00, 0x02, 0x00, 0xf3, 0x00, 0x01, 0x00, 
	0x00, 0x00, 0x00, 0x00, 0x00, 0x40, 0x34, 0x00, 0x00, 0x00, 0xe0, 
	0xc9, 0x00, 0x00, 0x00, 0x00, 0x00, 0x00, 0x34, 0x00, 0x20, 0x00, 
	0x04, 0x00, 0x28, 0x00, 0x18, 0x00, 0x17, 0x00, 0x03, 0x00, 0x00, 
	0x70, 0xb3, 0x89, 0x00, 0x00, 0x00, 0x00, 0x00, 0x00, 0x00, 0x00, 
	0x00, 0x00, 0x37, 0x00, 0x00, 0x00, 0x00, 0x00, 0x00, 0x00, 0x04, 
	0x00, 0x00, 0x00, 0x01, 0x00, 0x00, 0x00, 0x01, 0x00, 0x00, 0x00, 
	0x00, 0x10, 0x00, 0x00, 0x00, 0x00, 0x00, 0x40, 0x00, 0x00, 0x00, 
	0x40, 0x00, 0x02, 0x00, 0x00, 0x00, 0x02, 0x00, 0x00, 0x05, 0x00, 
	0x00, 0x00, 0x00, 0x10, 0x00, 0x00, 0x01, 0x00, 0x00, 0x00, 0x00, 
	0x20, 0x00, 0x00, 0x00, 0x10, 0x00, 0x40, 0x00, 0x10, 0x00, 0x40, 
	0x98, 0x69, 0x00, 0x00, 0xa0, 0x69, 0x00, 0x00, 0x07, 0x00, 0x00, 
	0x00, 0x00, 0x10, 0x00, 0x00, 0x51, 0xe5, 0x74, 0x64, 0x00, 0x00, 
	0x00, 0x00, 0x00, 0x00, 0x00, 0x00, 0x00, 0x00, 0x00, 0x00, 0x00, 
	0x00, 0x00, 0x00, 0x00, 0x00, 0x00, 0x00, 0x06, 0x00, 0x00, 0x00, 
	0x10, 0x00, 0x00, 0x00, 0x00, 0x00, 0x00, 0x00, 0x00, 0x00, 0x00, 
	0x00, 0x00, 0x00, 0x00, 0x00, 0x00, 0x00, 0x00, 0x00, 0x00, 0x00, 
	0x00, 0x00, 0x00, 0x00, 0x00, 0x00, 0x00, 0x00, 0x00, 0x00, 0x00, 
	0x00, 0x00, 0x00, 0x00, 0x00, 0x00, 0x00, 0x00, 0x00, 0x00, 0x00, 
	0x00, 0x00, 0x00, 0x00, 0x00, 0x00, 0x00, 0x00, 0x00, 0x00, 0x00, 
	0x00, 0x00, 0x00, 0x00, 0x00, 0x00, 0x00, 0x00, 0x00, 0x00, 0x00, 
	0x00, 0x00, 0x00, 0x00, 0x00, 0x00, 0x00, 0x00, 0x00, 0x00, 0x00, 
	0x00, 0x00, 0x00, 0x00, 0x00, 0x00, 0x00, 0x00, 0x00, 0x00, 0x00, 
	0x00, 0x00, 0x00, 0x00, 0x00, 0x00, 0x00, 0x00, 0x00, 0x00, 0x00, 
	0x00, 0x00, 0x00, 0x00, 0x00, 0x00, 0x00, 0x00, 0x00, 0x00, 0x00, 
	0x00, 0x00, 0x00, 0x00, 0x00, 0x00, 0x00, 0x00, 0x00, 0x00, 0x00, 
	0x00, 0x00, 0x00, 0x00, 0x00, 0x00, 0x00, 0x00, 0x00, 0x00, 0x00, 
	0x00, 0x00, 0x00, 0x00, 0x00, 0x00, 0x00, 0x00, 0x00, 0x00, 0x00, 
	0x00, 0x00, 0x00, 0x00, 0x00, 0x00, 0x00, 0x00, 0x00, 0x00, 0x00, 
	0x00, 0x00, 0x00, 0x00, 0x00, 0x00, 0x00, 0x00, 0x00, 0x00, 0x00, 
	0x00, 0x00, 0x00, 0x00, 0x00, 0x00, 0x00, 0x00, 0x00, 0x00, 0x00, 
	0x00, 0x00, 0x00, 0x00, 0x00, 0x00, 0x00, 0x00, 0x00, 0x00, 0x00, 
	0x00, 0x00, 0x00, 0x00, 0x00, 0x00, 0x00, 0x00, 0x00, 0x00, 0x00, 
	0x00, 0x00, 0x00, 0x00, 0x00, 0x00, 0x00, 0x00, 0x00, 0x00, 0x00, 
	0x00, 0x00, 0x00, 0x00, 0x00, 0x00, 0x00, 0x00, 0x00, 0x00, 0x00, 
	0x00, 0x00, 0x00, 0x00, 0x00, 0x00, 0x00, 0x00, 0x00, 0x00, 0x00, 
	0x00, 0x00, 0x00, 0x00, 0x00, 0x00, 0x00, 0x00, 0x00, 0x00, 0x00, 
	0x00, 0x00, 0x00, 0x00, 0x00, 0x00, 0x00, 0x00, 0x00, 0x00, 0x00, 
	0x00, 0x00, 0x00, 0x00, 0x00, 0x00, 0x00, 0x00, 0x00, 0x00, 0x00, 
	0x00, 0x00, 0x00, 0x00, 0x00, 0x00, 0x00, 0x00, 0x00, 0x00, 0x00, 
	0x00, 0x00, 0x00, 0x00, 0x00, 0x00, 0x00, 0x00, 0x00, 0x00, 0x00, 
	0x00, 0x00, 0x00, 0x00, 0x00, 0x00, 0x00, 0x00, 0x00, 0x00, 0x00, 
	0x00, 0x00, 0x00, 0x00, 0x00, 0x00, 0x00, 0x00, 0x00, 0x00, 0x00, 
	0x00, 0x00, 0x00, 0x00, 0x00, 0x00, 0x00, 0x00, 0x00, 0x00, 0x00, 
	0x00, 0x00, 0x00, 0x00, 0x00, 0x00, 0x00, 0x00, 0x00, 0x00, 0x00, 
	0x00, 0x00, 0x00, 0x00, 0x00, 0x00, 0x00, 0x00, 0x00, 0x00, 0x00, 
	0x00, 0x00, 0x00, 0x00, 0x00, 0x00, 0x00, 0x00, 0x00, 0x00, 0x00, 
	0x00, 0x00, 0x00, 0x00, 0x00, 0x00, 0x00, 0x00, 0x00, 0x00, 0x00, 
	0x00, 0x00, 0x00, 0x00, 0x00, 0x00, 0x00, 0x00, 0x00, 0x00, 0x00, 
	0x00, 0x00, 0x00, 0x00, 0x00, 0x00, 0x00, 0x00, 0x00, 0x00, 0x00, 
	0x00, 0x00, 0x00, 0x00, 0x00, 0x00, 0x00, 0x00, 0x00, 0x00, 0x00, 
	0x00, 0x00, 0x00, 0x00, 0x00, 0x00, 0x00, 0x00, 0x00, 0x00, 0x00, 
	0x00, 0x00, 0x00, 0x00, 0x00, 0x00, 0x00, 0x00, 0x00, 0x00, 0x00, 
	0x00, 0x00, 0x00, 0x00, 0x00, 0x00, 0x00, 0x00, 0x00, 0x00, 0x00, 
	0x00, 0x00, 0x00, 0x00, 0x00, 0x00, 0x00, 0x00, 0x00, 0x00, 0x00, 
	0x00, 0x00, 0x00, 0x00, 0x00, 0x00, 0x00, 0x00, 0x00, 0x00, 0x00, 
	0x00, 0x00, 0x00, 0x00, 0x00, 0x00, 0x00, 0x00, 0x00, 0x00, 0x00, 
	0x00, 0x00, 0x00, 0x00, 0x00, 0x00, 0x00, 0x00, 0x00, 0x00, 0x00, 
	0x00, 0x00, 0x00, 0x00, 0x00, 0x00, 0x00, 0x00, 0x00, 0x00, 0x00, 
	0x00, 0x00, 0x00, 0x00, 0x00, 0x00, 0x00, 0x00, 0x00, 0x00, 0x00, 
	0x00, 0x00, 0x00, 0x00, 0x00, 0x00, 0x00, 0x00, 0x00, 0x00, 0x00, 
	0x00, 0x00, 0x00, 0x00, 0x00, 0x00, 0x00, 0x00, 0x00, 0x00, 0x00, 
	0x00, 0x00, 0x00, 0x00, 0x00, 0x00, 0x00, 0x00, 0x00, 0x00, 0x00, 
	0x00, 0x00, 0x00, 0x00, 0x00, 0x00, 0x00, 0x00, 0x00, 0x00, 0x00, 
	0x00, 0x00, 0x00, 0x00, 0x00, 0x00, 0x00, 0x00, 0x00, 0x00, 0x00, 
	0x00, 0x00, 0x00, 0x00, 0x00, 0x00, 0x00, 0x00, 0x00, 0x00, 0x00, 
	0x00, 0x00, 0x00, 0x00, 0x00, 0x00, 0x00, 0x00, 0x00, 0x00, 0x00, 
	0x00, 0x00, 0x00, 0x00, 0x00, 0x00, 0x00, 0x00, 0x00, 0x00, 0x00, 
	0x00, 0x00, 0x00, 0x00, 0x00, 0x00, 0x00, 0x00, 0x00, 0x00, 0x00, 
	0x00, 0x00, 0x00, 0x00, 0x00, 0x00, 0x00, 0x00, 0x00, 0x00, 0x00, 
	0x00, 0x00, 0x00, 0x00, 0x00, 0x00, 0x00, 0x00, 0x00, 0x00, 0x00, 
	0x00, 0x00, 0x00, 0x00, 0x00, 0x00, 0x00, 0x00, 0x00, 0x00, 0x00, 
	0x00, 0x00, 0x00, 0x00, 0x00, 0x00, 0x00, 0x00, 0x00, 0x00, 0x00, 
	0x00, 0x00, 0x00, 0x00, 0x00, 0x00, 0x00, 0x00, 0x00, 0x00, 0x00, 
	0x00, 0x00, 0x00, 0x00, 0x00, 0x00, 0x00, 0x00, 0x00, 0x00, 0x00, 
	0x00, 0x00, 0x00, 0x00, 0x00, 0x00, 0x00, 0x00, 0x00, 0x00, 0x00, 
	0x00, 0x00, 0x00, 0x00, 0x00, 0x00, 0x00, 0x00, 0x00, 0x00, 0x00, 
	0x00, 0x00, 0x00, 0x00, 0x00, 0x00, 0x00, 0x00, 0x00, 0x00, 0x00, 
	0x00, 0x00, 0x00, 0x00, 0x00, 0x00, 0x00, 0x00, 0x00, 0x00, 0x00, 
	0x00, 0x00, 0x00, 0x00, 0x00, 0x00, 0x00, 0x00, 0x00, 0x00, 0x00, 
	0x00, 0x00, 0x00, 0x00, 0x00, 0x00, 0x00, 0x00, 0x00, 0x00, 0x00, 
	0x00, 0x00, 0x00, 0x00, 0x00, 0x00, 0x00, 0x00, 0x00, 0x00, 0x00, 
	0x00, 0x00, 0x00, 0x00, 0x00, 0x00, 0x00, 0x00, 0x00, 0x00, 0x00, 
	0x00, 0x00, 0x00, 0x00, 0x00, 0x00, 0x00, 0x00, 0x00, 0x00, 0x00, 
	0x00, 0x00, 0x00, 0x00, 0x00, 0x00, 0x00, 0x00, 0x00, 0x00, 0x00, 
	0x00, 0x00, 0x00, 0x00, 0x00, 0x00, 0x00, 0x00, 0x00, 0x00, 0x00, 
	0x00, 0x00, 0x00, 0x00, 0x00, 0x00, 0x00, 0x00, 0x00, 0x00, 0x00, 
	0x00, 0x00, 0x00, 0x00, 0x00, 0x00, 0x00, 0x00, 0x00, 0x00, 0x00, 
	0x00, 0x00, 0x00, 0x00, 0x00, 0x00, 0x00, 0x00, 0x00, 0x00, 0x00, 
	0x00, 0x00, 0x00, 0x00, 0x00, 0x00, 0x00, 0x00, 0x00, 0x00, 0x00, 
	0x00, 0x00, 0x00, 0x00, 0x00, 0x00, 0x00, 0x00, 0x00, 0x00, 0x00, 
	0x00, 0x00, 0x00, 0x00, 0x00, 0x00, 0x00, 0x00, 0x00, 0x00, 0x00, 
	0x00, 0x00, 0x00, 0x00, 0x00, 0x00, 0x00, 0x00, 0x00, 0x00, 0x00, 
	0x00, 0x00, 0x00, 0x00, 0x00, 0x00, 0x00, 0x00, 0x00, 0x00, 0x00, 
	0x00, 0x00, 0x00, 0x00, 0x00, 0x00, 0x00, 0x00, 0x00, 0x00, 0x00, 
	0x00, 0x00, 0x00, 0x00, 0x00, 0x00, 0x00, 0x00, 0x00, 0x00, 0x00, 
	0x00, 0x00, 0x00, 0x00, 0x00, 0x00, 0x00, 0x00, 0x00, 0x00, 0x00, 
	0x00, 0x00, 0x00, 0x00, 0x00, 0x00, 0x00, 0x00, 0x00, 0x00, 0x00, 
	0x00, 0x00, 0x00, 0x00, 0x00, 0x00, 0x00, 0x00, 0x00, 0x00, 0x00, 
	0x00, 0x00, 0x00, 0x00, 0x00, 0x00, 0x00, 0x00, 0x00, 0x00, 0x00, 
	0x00, 0x00, 0x00, 0x00, 0x00, 0x00, 0x00, 0x00, 0x00, 0x00, 0x00, 
	0x00, 0x00, 0x00, 0x00, 0x00, 0x00, 0x00, 0x00, 0x00, 0x00, 0x00, 
	0x00, 0x00, 0x00, 0x00, 0x00, 0x00, 0x00, 0x00, 0x00, 0x00, 0x00, 
	0x00, 0x00, 0x00, 0x00, 0x00, 0x00, 0x00, 0x00, 0x00, 0x00, 0x00, 
	0x00, 0x00, 0x00, 0x00, 0x00, 0x00, 0x00, 0x00, 0x00, 0x00, 0x00, 
	0x00, 0x00, 0x00, 0x00, 0x00, 0x00, 0x00, 0x00, 0x00, 0x00, 0x00, 
	0x00, 0x00, 0x00, 0x00, 0x00, 0x00, 0x00, 0x00, 0x00, 0x00, 0x00, 
	0x00, 0x00, 0x00, 0x00, 0x00, 0x00, 0x00, 0x00, 0x00, 0x00, 0x00, 
	0x00, 0x00, 0x00, 0x00, 0x00, 0x00, 0x00, 0x00, 0x00, 0x00, 0x00, 
	0x00, 0x00, 0x00, 0x00, 0x00, 0x00, 0x00, 0x00, 0x00, 0x00, 0x00, 
	0x00, 0x00, 0x00, 0x00, 0x00, 0x00, 0x00, 0x00, 0x00, 0x00, 0x00, 
	0x00, 0x00, 0x00, 0x00, 0x00, 0x00, 0x00, 0x00, 0x00, 0x00, 0x00, 
	0x00, 0x00, 0x00, 0x00, 0x00, 0x00, 0x00, 0x00, 0x00, 0x00, 0x00, 
	0x00, 0x00, 0x00, 0x00, 0x00, 0x00, 0x00, 0x00, 0x00, 0x00, 0x00, 
	0x00, 0x00, 0x00, 0x00, 0x00, 0x00, 0x00, 0x00, 0x00, 0x00, 0x00, 
	0x00, 0x00, 0x00, 0x00, 0x00, 0x00, 0x00, 0x00, 0x00, 0x00, 0x00, 
	0x00, 0x00, 0x00, 0x00, 0x00, 0x00, 0x00, 0x00, 0x00, 0x00, 0x00, 
	0x00, 0x00, 0x00, 0x00, 0x00, 0x00, 0x00, 0x00, 0x00, 0x00, 0x00, 
	0x00, 0x00, 0x00, 0x00, 0x00, 0x00, 0x00, 0x00, 0x00, 0x00, 0x00, 
	0x00, 0x00, 0x00, 0x00, 0x00, 0x00, 0x00, 0x00, 0x00, 0x00, 0x00, 
	0x00, 0x00, 0x00, 0x00, 0x00, 0x00, 0x00, 0x00, 0x00, 0x00, 0x00, 
	0x00, 0x00, 0x00, 0x00, 0x00, 0x00, 0x00, 0x00, 0x00, 0x00, 0x00, 
	0x00, 0x00, 0x00, 0x00, 0x00, 0x00, 0x00, 0x00, 0x00, 0x00, 0x00, 
	0x00, 0x00, 0x00, 0x00, 0x00, 0x00, 0x00, 0x00, 0x00, 0x00, 0x00, 
	0x00, 0x00, 0x00, 0x00, 0x00, 0x00, 0x00, 0x00, 0x00, 0x00, 0x00, 
	0x00, 0x00, 0x00, 0x00, 0x00, 0x00, 0x00, 0x00, 0x00, 0x00, 0x00, 
	0x00, 0x00, 0x00, 0x00, 0x00, 0x00, 0x00, 0x00, 0x00, 0x00, 0x00, 
	0x00, 0x00, 0x00, 0x00, 0x00, 0x00, 0x00, 0x00, 0x00, 0x00, 0x00, 
	0x00, 0x00, 0x00, 0x00, 0x00, 0x00, 0x00, 0x00, 0x00, 0x00, 0x00, 
	0x00, 0x00, 0x00, 0x00, 0x00, 0x00, 0x00, 0x00, 0x00, 0x00, 0x00, 
	0x00, 0x00, 0x00, 0x00, 0x00, 0x00, 0x00, 0x00, 0x00, 0x00, 0x00, 
	0x00, 0x00, 0x00, 0x00, 0x00, 0x00, 0x00, 0x00, 0x00, 0x00, 0x00, 
	0x00, 0x00, 0x00, 0x00, 0x00, 0x00, 0x00, 0x00, 0x00, 0x00, 0x00, 
	0x00, 0x00, 0x00, 0x00, 0x00, 0x00, 0x00, 0x00, 0x00, 0x00, 0x00, 
	0x00, 0x00, 0x00, 0x00, 0x00, 0x00, 0x00, 0x00, 0x00, 0x00, 0x00, 
	0x00, 0x00, 0x00, 0x00, 0x00, 0x00, 0x00, 0x00, 0x00, 0x00, 0x00, 
	0x00, 0x00, 0x00, 0x00, 0x00, 0x00, 0x00, 0x00, 0x00, 0x00, 0x00, 
	0x00, 0x00, 0x00, 0x00, 0x00, 0x00, 0x00, 0x00, 0x00, 0x00, 0x00, 
	0x00, 0x00, 0x00, 0x00, 0x00, 0x00, 0x00, 0x00, 0x00, 0x00, 0x00, 
	0x00, 0x00, 0x00, 0x00, 0x00, 0x00, 0x00, 0x00, 0x00, 0x00, 0x00, 
	0x00, 0x00, 0x00, 0x00, 0x00, 0x00, 0x00, 0x00, 0x00, 0x00, 0x00, 
	0x00, 0x00, 0x00, 0x00, 0x00, 0x00, 0x00, 0x00, 0x00, 0x00, 0x00, 
	0x00, 0x00, 0x00, 0x00, 0x00, 0x00, 0x00, 0x00, 0x00, 0x00, 0x00, 
	0x00, 0x00, 0x00, 0x00, 0x00, 0x00, 0x00, 0x00, 0x00, 0x00, 0x00, 
	0x00, 0x00, 0x00, 0x00, 0x00, 0x00, 0x00, 0x00, 0x00, 0x00, 0x00, 
	0x00, 0x00, 0x00, 0x00, 0x00, 0x00, 0x00, 0x00, 0x00, 0x00, 0x00, 
	0x00, 0x00, 0x00, 0x00, 0x00, 0x00, 0x00, 0x00, 0x00, 0x00, 0x00, 
	0x00, 0x00, 0x00, 0x00, 0x00, 0x00, 0x00, 0x00, 0x00, 0x00, 0x00, 
	0x00, 0x00, 0x00, 0x00, 0x00, 0x00, 0x00, 0x00, 0x00, 0x00, 0x00, 
	0x00, 0x00, 0x00, 0x00, 0x00, 0x00, 0x00, 0x00, 0x00, 0x00, 0x00, 
	0x00, 0x00, 0x00, 0x00, 0x00, 0x00, 0x00, 0x00, 0x00, 0x00, 0x00, 
	0x00, 0x00, 0x00, 0x00, 0x00, 0x00, 0x00, 0x00, 0x00, 0x00, 0x00, 
	0x00, 0x00, 0x00, 0x00, 0x00, 0x00, 0x00, 0x00, 0x00, 0x00, 0x00, 
	0x00, 0x00, 0x00, 0x00, 0x00, 0x00, 0x00, 0x00, 0x00, 0x00, 0x00, 
	0x00, 0x00, 0x00, 0x00, 0x00, 0x00, 0x00, 0x00, 0x00, 0x00, 0x00, 
	0x00, 0x00, 0x00, 0x00, 0x00, 0x00, 0x00, 0x00, 0x00, 0x00, 0x00, 
	0x00, 0x00, 0x00, 0x00, 0x00, 0x00, 0x00, 0x00, 0x00, 0x00, 0x00, 
	0x00, 0x00, 0x00, 0x00, 0x00, 0x00, 0x00, 0x00, 0x00, 0x00, 0x00, 
	0x00, 0x00, 0x00, 0x00, 0x00, 0x00, 0x00, 0x00, 0x00, 0x00, 0x00, 
	0x00, 0x00, 0x00, 0x00, 0x00, 0x00, 0x00, 0x00, 0x00, 0x00, 0x00, 
	0x00, 0x00, 0x00, 0x00, 0x00, 0x00, 0x00, 0x00, 0x00, 0x00, 0x00, 
	0x00, 0x00, 0x00, 0x00, 0x00, 0x00, 0x00, 0x00, 0x00, 0x00, 0x00, 
	0x00, 0x00, 0x00, 0x00, 0x00, 0x00, 0x00, 0x00, 0x00, 0x00, 0x00, 
	0x00, 0x00, 0x00, 0x00, 0x00, 0x00, 0x00, 0x00, 0x00, 0x00, 0x00, 
	0x00, 0x00, 0x00, 0x00, 0x00, 0x00, 0x00, 0x00, 0x00, 0x00, 0x00, 
	0x00, 0x00, 0x00, 0x00, 0x00, 0x00, 0x00, 0x00, 0x00, 0x00, 0x00, 
	0x00, 0x00, 0x00, 0x00, 0x00, 0x00, 0x00, 0x00, 0x00, 0x00, 0x00, 
	0x00, 0x00, 0x00, 0x00, 0x00, 0x00, 0x00, 0x00, 0x00, 0x00, 0x00, 
	0x00, 0x00, 0x00, 0x00, 0x00, 0x00, 0x00, 0x00, 0x00, 0x00, 0x00, 
	0x00, 0x00, 0x00, 0x00, 0x00, 0x00, 0x00, 0x00, 0x00, 0x00, 0x00, 
	0x00, 0x00, 0x00, 0x00, 0x00, 0x00, 0x00, 0x00, 0x00, 0x00, 0x00, 
	0x00, 0x00, 0x00, 0x00, 0x00, 0x00, 0x00, 0x00, 0x00, 0x00, 0x00, 
	0x00, 0x00, 0x00, 0x00, 0x00, 0x00, 0x00, 0x00, 0x00, 0x00, 0x00, 
	0x00, 0x00, 0x00, 0x00, 0x00, 0x00, 0x00, 0x00, 0x00, 0x00, 0x00, 
	0x00, 0x00, 0x00, 0x00, 0x00, 0x00, 0x00, 0x00, 0x00, 0x00, 0x00, 
	0x00, 0x00, 0x00, 0x00, 0x00, 0x00, 0x00, 0x00, 0x00, 0x00, 0x00, 
	0x00, 0x00, 0x00, 0x00, 0x00, 0x00, 0x00, 0x00, 0x00, 0x00, 0x00, 
	0x00, 0x00, 0x00, 0x00, 0x00, 0x00, 0x00, 0x00, 0x00, 0x00, 0x00, 
	0x00, 0x00, 0x00, 0x00, 0x00, 0x00, 0x00, 0x00, 0x00, 0x00, 0x00, 
	0x00, 0x00, 0x00, 0x00, 0x00, 0x00, 0x00, 0x00, 0x00, 0x00, 0x00, 
	0x00, 0x00, 0x00, 0x00, 0x00, 0x00, 0x00, 0x00, 0x00, 0x00, 0x00, 
	0x00, 0x00, 0x00, 0x00, 0x00, 0x00, 0x00, 0x00, 0x00, 0x00, 0x00, 
	0x00, 0x00, 0x00, 0x00, 0x00, 0x00, 0x00, 0x00, 0x00, 0x00, 0x00, 
	0x00, 0x00, 0x00, 0x00, 0x00, 0x00, 0x00, 0x00, 0x00, 0x00, 0x00, 
	0x00, 0x00, 0x00, 0x00, 0x00, 0x00, 0x00, 0x00, 0x00, 0x00, 0x00, 
	0x00, 0x00, 0x00, 0x00, 0x00, 0x00, 0x00, 0x00, 0x00, 0x00, 0x00, 
	0x00, 0x00, 0x00, 0x00, 0x00, 0x00, 0x00, 0x00, 0x00, 0x00, 0x00, 
	0x00, 0x00, 0x00, 0x00, 0x00, 0x00, 0x00, 0x00, 0x00, 0x00, 0x00, 
	0x00, 0x00, 0x00, 0x00, 0x00, 0x00, 0x00, 0x00, 0x00, 0x00, 0x00, 
	0x00, 0x00, 0x00, 0x00, 0x00, 0x00, 0x00, 0x00, 0x00, 0x00, 0x00, 
	0x00, 0x00, 0x00, 0x00, 0x00, 0x00, 0x00, 0x00, 0x00, 0x00, 0x00, 
	0x00, 0x00, 0x00, 0x00, 0x00, 0x00, 0x00, 0x00, 0x00, 0x00, 0x00, 
	0x00, 0x00, 0x00, 0x00, 0x00, 0x00, 0x00, 0x00, 0x00, 0x00, 0x00, 
	0x00, 0x00, 0x00, 0x00, 0x00, 0x00, 0x00, 0x00, 0x00, 0x00, 0x00, 
	0x00, 0x00, 0x00, 0x00, 0x00, 0x00, 0x00, 0x00, 0x00, 0x00, 0x00, 
	0x00, 0x00, 0x00, 0x00, 0x00, 0x00, 0x00, 0x00, 0x00, 0x00, 0x00, 
	0x00, 0x00, 0x00, 0x00, 0x00, 0x00, 0x00, 0x00, 0x00, 0x00, 0x00, 
	0x00, 0x00, 0x00, 0x00, 0x00, 0x00, 0x00, 0x00, 0x00, 0x00, 0x00, 
	0x00, 0x00, 0x00, 0x00, 0x00, 0x00, 0x00, 0x00, 0x00, 0x00, 0x00, 
	0x00, 0x00, 0x00, 0x00, 0x00, 0x00, 0x00, 0x00, 0x00, 0x00, 0x00, 
	0x00, 0x00, 0x00, 0x00, 0x00, 0x00, 0x00, 0x00, 0x00, 0x00, 0x00, 
	0x00, 0x00, 0x00, 0x00, 0x00, 0x00, 0x00, 0x00, 0x00, 0x00, 0x00, 
	0x00, 0x00, 0x00, 0x00, 0x00, 0x00, 0x00, 0x00, 0x00, 0x00, 0x00, 
	0x00, 0x00, 0x00, 0x00, 0x00, 0x00, 0x00, 0x00, 0x00, 0x00, 0x00, 
	0x00, 0x00, 0x00, 0x00, 0x00, 0x00, 0x00, 0x00, 0x00, 0x00, 0x00, 
	0x00, 0x00, 0x00, 0x00, 0x00, 0x00, 0x00, 0x00, 0x00, 0x00, 0x00, 
	0x00, 0x00, 0x00, 0x00, 0x00, 0x00, 0x00, 0x00, 0x00, 0x00, 0x00, 
	0x00, 0x00, 0x00, 0x00, 0x00, 0x00, 0x00, 0x00, 0x00, 0x00, 0x00, 
	0x00, 0x00, 0x00, 0x00, 0x00, 0x00, 0x00, 0x00, 0x00, 0x00, 0x00, 
	0x00, 0x00, 0x00, 0x00, 0x00, 0x00, 0x00, 0x00, 0x00, 0x00, 0x00, 
	0x00, 0x00, 0x00, 0x00, 0x00, 0x00, 0x00, 0x00, 0x00, 0x00, 0x00, 
	0x00, 0x00, 0x00, 0x00, 0x00, 0x00, 0x00, 0x00, 0x00, 0x00, 0x00, 
	0x00, 0x00, 0x00, 0x00, 0x00, 0x00, 0x00, 0x00, 0x00, 0x00, 0x00, 
	0x00, 0x00, 0x00, 0x00, 0x00, 0x00, 0x00, 0x00, 0x00, 0x00, 0x00, 
	0x00, 0x00, 0x00, 0x00, 0x00, 0x00, 0x00, 0x00, 0x00, 0x00, 0x00, 
	0x00, 0x00, 0x00, 0x00, 0x00, 0x00, 0x00, 0x00, 0x00, 0x00, 0x00, 
	0x00, 0x00, 0x00, 0x00, 0x00, 0x00, 0x00, 0x00, 0x00, 0x00, 0x00, 
	0x00, 0x00, 0x00, 0x00, 0x00, 0x00, 0x00, 0x00, 0x00, 0x00, 0x00, 
	0x00, 0x00, 0x00, 0x00, 0x00, 0x00, 0x00, 0x00, 0x00, 0x00, 0x00, 
	0x00, 0x00, 0x00, 0x00, 0x00, 0x00, 0x00, 0x00, 0x00, 0x00, 0x00, 
	0x00, 0x00, 0x00, 0x00, 0x00, 0x00, 0x00, 0x00, 0x00, 0x00, 0x00, 
	0x00, 0x00, 0x00, 0x00, 0x00, 0x00, 0x00, 0x00, 0x00, 0x00, 0x00, 
	0x00, 0x00, 0x00, 0x00, 0x00, 0x00, 0x00, 0x00, 0x00, 0x00, 0x00, 
	0x00, 0x00, 0x00, 0x00, 0x00, 0x00, 0x00, 0x00, 0x00, 0x00, 0x00, 
	0x00, 0x00, 0x00, 0x00, 0x00, 0x00, 0x00, 0x00, 0x00, 0x00, 0x00, 
	0x00, 0x00, 0x00, 0x00, 0x00, 0x00, 0x00, 0x00, 0x00, 0x00, 0x00, 
	0x00, 0x00, 0x00, 0x00, 0x00, 0x00, 0x00, 0x00, 0x00, 0x00, 0x00, 
	0x00, 0x00, 0x00, 0x00, 0x00, 0x00, 0x00, 0x00, 0x00, 0x00, 0x00, 
	0x00, 0x00, 0x00, 0x00, 0x00, 0x00, 0x00, 0x00, 0x00, 0x00, 0x00, 
	0x00, 0x00, 0x00, 0x00, 0x00, 0x00, 0x00, 0x00, 0x00, 0x00, 0x00, 
	0x00, 0x00, 0x00, 0x00, 0x00, 0x00, 0x00, 0x00, 0x00, 0x00, 0x00, 
	0x00, 0x00, 0x00, 0x00, 0x00, 0x00, 0x00, 0x00, 0x00, 0x00, 0x00, 
	0x00, 0x00, 0x00, 0x00, 0x00, 0x00, 0x00, 0x00, 0x00, 0x00, 0x00, 
	0x00, 0x00, 0x00, 0x00, 0x00, 0x00, 0x00, 0x00, 0x00, 0x00, 0x00, 
	0x00, 0x00, 0x00, 0x00, 0x00, 0x00, 0x00, 0x00, 0x00, 0x00, 0x00, 
	0x00, 0x00, 0x00, 0x00, 0x00, 0x00, 0x00, 0x00, 0x00, 0x00, 0x00, 
	0x00, 0x00, 0x00, 0x00, 0x00, 0x00, 0x00, 0x00, 0x00, 0x00, 0x00, 
	0x00, 0x00, 0x00, 0x00, 0x00, 0x00, 0x00, 0x00, 0x00, 0x00, 0x00, 
	0x00, 0x00, 0x00, 0x00, 0x00, 0x00, 0x00, 0x00, 0x00, 0x00, 0x00, 
	0x00, 0x00, 0x00, 0x00, 0x00, 0x00, 0x00, 0x00, 0x00, 0x00, 0x00, 
	0x00, 0x00, 0x00, 0x00, 0x00, 0x00, 0x00, 0x00, 0x00, 0x00, 0x00, 
	0x00, 0x00, 0x00, 0x00, 0x00, 0x00, 0x00, 0x00, 0x00, 0x00, 0x00, 
	0x00, 0x00, 0x00, 0x00, 0x00, 0x00, 0x00, 0x00, 0x00, 0x00, 0x00, 
	0x00, 0x00, 0x00, 0x00, 0x00, 0x00, 0x00, 0x00, 0x00, 0x00, 0x00, 
	0x00, 0x00, 0x00, 0x00, 0x00, 0x00, 0x00, 0x00, 0x00, 0x00, 0x00, 
	0x00, 0x00, 0x00, 0x00, 0x00, 0x00, 0x00, 0x00, 0x00, 0x00, 0x00, 
	0x00, 0x00, 0x00, 0x00, 0x00, 0x00, 0x00, 0x00, 0x00, 0x00, 0x00, 
	0x00, 0x00, 0x00, 0x00, 0x00, 0x00, 0x00, 0x00, 0x00, 0x00, 0x00, 
	0x00, 0x00, 0x00, 0x00, 0x00, 0x00, 0x00, 0x00, 0x00, 0x00, 0x00, 
	0x00, 0x00, 0x00, 0x00, 0x00, 0x00, 0x00, 0x00, 0x00, 0x00, 0x00, 
	0x00, 0x00, 0x00, 0x00, 0x00, 0x00, 0x00, 0x00, 0x00, 0x00, 0x00, 
	0x00, 0x00, 0x00, 0x00, 0x00, 0x00, 0x00, 0x00, 0x00, 0x00, 0x00, 
	0x00, 0x00, 0x00, 0x00, 0x00, 0x00, 0x00, 0x00, 0x00, 0x00, 0x00, 
	0x00, 0x00, 0x00, 0x00, 0x00, 0x00, 0x00, 0x00, 0x00, 0x00, 0x00, 
	0x00, 0x00, 0x00, 0x00, 0x00, 0x00, 0x00, 0x00, 0x00, 0x00, 0x00, 
	0x00, 0x00, 0x00, 0x00, 0x00, 0x00, 0x00, 0x00, 0x00, 0x00, 0x00, 
	0x00, 0x00, 0x00, 0x00, 0x00, 0x00, 0x00, 0x00, 0x00, 0x00, 0x00, 
	0x00, 0x00, 0x00, 0x00, 0x00, 0x00, 0x00, 0x00, 0x00, 0x00, 0x00, 
	0x00, 0x00, 0x00, 0x00, 0x00, 0x00, 0x00, 0x00, 0x00, 0x00, 0x00, 
	0x00, 0x00, 0x00, 0x00, 0x00, 0x00, 0x00, 0x00, 0x00, 0x00, 0x00, 
	0x00, 0x00, 0x00, 0x00, 0x00, 0x00, 0x00, 0x00, 0x00, 0x00, 0x00, 
	0x00, 0x00, 0x00, 0x00, 0x00, 0x00, 0x00, 0x00, 0x00, 0x00, 0x00, 
	0x00, 0x00, 0x00, 0x00, 0x00, 0x00, 0x00, 0x00, 0x00, 0x00, 0x00, 
	0x00, 0x00, 0x00, 0x00, 0x00, 0x00, 0x00, 0x00, 0x00, 0x00, 0x00, 
	0x00, 0x00, 0x00, 0x00, 0x00, 0x00, 0x00, 0x00, 0x00, 0x00, 0x00, 
	0x00, 0x00, 0x00, 0x00, 0x00, 0x00, 0x00, 0x00, 0x00, 0x00, 0x00, 
	0x00, 0x00, 0x00, 0x00, 0x00, 0x00, 0x00, 0x00, 0x00, 0x00, 0x00, 
	0x00, 0x00, 0x00, 0x00, 0x00, 0x00, 0x00, 0x00, 0x00, 0x00, 0x00, 
	0x00, 0x00, 0x00, 0x00, 0x00, 0x00, 0x00, 0x00, 0x00, 0x00, 0x00, 
	0x00, 0x00, 0x00, 0x00, 0x00, 0x00, 0x00, 0x00, 0x00, 0x00, 0x00, 
	0x00, 0x00, 0x00, 0x00, 0x00, 0x00, 0x00, 0x00, 0x00, 0x00, 0x00, 
	0x00, 0x00, 0x00, 0x00, 0x00, 0x00, 0x00, 0x00, 0x00, 0x00, 0x00, 
	0x00, 0x00, 0x00, 0x00, 0x00, 0x00, 0x00, 0x00, 0x00, 0x00, 0x00, 
	0x00, 0x00, 0x00, 0x00, 0x00, 0x00, 0x00, 0x00, 0x00, 0x00, 0x00, 
	0x00, 0x00, 0x00, 0x00, 0x00, 0x00, 0x00, 0x00, 0x00, 0x00, 0x00, 
	0x00, 0x00, 0x00, 0x00, 0x00, 0x00, 0x00, 0x00, 0x00, 0x00, 0x00, 
	0x00, 0x00, 0x00, 0x00, 0x00, 0x00, 0x00, 0x00, 0x00, 0x00, 0x00, 
	0x00, 0x00, 0x00, 0x00, 0x00, 0x00, 0x00, 0x00, 0x00, 0x00, 0x00, 
	0x00, 0x00, 0x00, 0x00, 0x00, 0x00, 0x00, 0x00, 0x00, 0x00, 0x00, 
	0x00, 0x00, 0x00, 0x00, 0x00, 0x00, 0x00, 0x00, 0x00, 0x00, 0x00, 
	0x00, 0x00, 0x00, 0x00, 0x00, 0x00, 0x00, 0x00, 0x00, 0x00, 0x00, 
	0x00, 0x00, 0x00, 0x00, 0x00, 0x00, 0x00, 0x00, 0x00, 0x00, 0x00, 
	0x00, 0x00, 0x00, 0x00, 0x00, 0x00, 0x00, 0x00, 0x00, 0x00, 0x00, 
	0x00, 0x00, 0x00, 0x00, 0x00, 0x00, 0x00, 0x00, 0x00, 0x00, 0x00, 
	0x00, 0x00, 0x00, 0x00, 0x00, 0x00, 0x00, 0x00, 0x00, 0x00, 0x00, 
	0x00, 0x00, 0x00, 0x00, 0x00, 0x00, 0x00, 0x00, 0x00, 0x00, 0x00, 
	0x00, 0x00, 0x00, 0x00, 0x00, 0x00, 0x00, 0x00, 0x00, 0x00, 0x00, 
	0x00, 0x00, 0x00, 0x00, 0x00, 0x00, 0x00, 0x00, 0x00, 0x00, 0x00, 
	0x00, 0x00, 0x00, 0x00, 0x00, 0x00, 0x00, 0x00, 0x00, 0x00, 0x00, 
	0x00, 0x00, 0x00, 0x00, 0x00, 0x00, 0x00, 0x00, 0x00, 0x00, 0x00, 
	0x00, 0x00, 0x00, 0x00, 0x00, 0x00, 0x00, 0x00, 0x00, 0x00, 0x00, 
	0x00, 0x00, 0x00, 0x00, 0x00, 0x00, 0x00, 0x00, 0x00, 0x00, 0x00, 
	0x00, 0x00, 0x00, 0x00, 0x00, 0x00, 0x00, 0x00, 0x00, 0x00, 0x00, 
	0x00, 0x00, 0x00, 0x00, 0x00, 0x00, 0x00, 0x00, 0x00, 0x00, 0x00, 
	0x00, 0x00, 0x00, 0x00, 0x00, 0x00, 0x00, 0x00, 0x00, 0x00, 0x00, 
	0x00, 0x00, 0x00, 0x00, 0x00, 0x00, 0x00, 0x00, 0x00, 0x00, 0x00, 
	0x00, 0x00, 0x00, 0x00, 0x00, 0x00, 0x00, 0x00, 0x00, 0x00, 0x00, 
	0x00, 0x00, 0x00, 0x00, 0x00, 0x00, 0x00, 0x00, 0x00, 0x00, 0x00, 
	0x00, 0x00, 0x00, 0x00, 0x00, 0x00, 0x00, 0x00, 0x00, 0x00, 0x00, 
	0x00, 0x00, 0x00, 0x00, 0x00, 0x00, 0x00, 0x00, 0x00, 0x00, 0x00, 
	0x00, 0x00, 0x00, 0x00, 0x00, 0x00, 0x00, 0x00, 0x00, 0x00, 0x00, 
	0x00, 0x00, 0x00, 0x00, 0x00, 0x00, 0x00, 0x00, 0x00, 0x00, 0x00, 
	0x00, 0x00, 0x00, 0x00, 0x00, 0x00, 0x00, 0x00, 0x00, 0x00, 0x00, 
	0x00, 0x00, 0x00, 0x00, 0x00, 0x00, 0x00, 0x00, 0x00, 0x00, 0x00, 
	0x00, 0x00, 0x00, 0x00, 0x00, 0x00, 0x00, 0x00, 0x00, 0x00, 0x00, 
	0x00, 0x00, 0x00, 0x00, 0x00, 0x00, 0x00, 0x00, 0x00, 0x00, 0x00, 
	0x00, 0x00, 0x00, 0x00, 0x00, 0x00, 0x00, 0x00, 0x00, 0x00, 0x00, 
	0x00, 0x00, 0x00, 0x00, 0x00, 0x00, 0x00, 0x00, 0x00, 0x00, 0x00, 
	0x00, 0x00, 0x00, 0x00, 0x00, 0x00, 0x00, 0x00, 0x00, 0x00, 0x00, 
	0x00, 0x00, 0x00, 0x00, 0x00, 0x00, 0x00, 0x00, 0x00, 0x00, 0x00, 
	0x00, 0x00, 0x00, 0x00, 0x00, 0x00, 0x00, 0x00, 0x00, 0x00, 0x00, 
	0x00, 0x00, 0x00, 0x00, 0x00, 0x00, 0x00, 0x00, 0x00, 0x00, 0x00, 
	0x00, 0x00, 0x00, 0x00, 0x00, 0x00, 0x00, 0x00, 0x00, 0x00, 0x00, 
	0x00, 0x00, 0x00, 0x00, 0x00, 0x00, 0x00, 0x00, 0x00, 0x00, 0x00, 
	0x00, 0x00, 0x00, 0x00, 0x00, 0x00, 0x00, 0x00, 0x00, 0x00, 0x00, 
	0x00, 0x00, 0x00, 0x00, 0x00, 0x00, 0x00, 0x00, 0x00, 0x00, 0x00, 
	0x00, 0x00, 0x00, 0x00, 0x00, 0x00, 0x00, 0x00, 0x00, 0x00, 0x00, 
	0x00, 0x00, 0x00, 0x00, 0x00, 0x00, 0x00, 0x00, 0x00, 0x00, 0x00, 
	0x00, 0x00, 0x00, 0x00, 0x00, 0x00, 0x00, 0x00, 0x00, 0x00, 0x00, 
	0x00, 0x00, 0x00, 0x00, 0x00, 0x00, 0x00, 0x00, 0x00, 0x00, 0x00, 
	0x00, 0x00, 0x00, 0x00, 0x00, 0x00, 0x00, 0x00, 0x00, 0x00, 0x00, 
	0x00, 0x00, 0x00, 0x00, 0x00, 0x00, 0x00, 0x00, 0x00, 0x00, 0x00, 
	0x00, 0x00, 0x00, 0x00, 0x00, 0x00, 0x00, 0x00, 0x00, 0x00, 0x00, 
	0x00, 0x00, 0x00, 0x00, 0x00, 0x00, 0x00, 0x00, 0x00, 0x00, 0x00, 
	0x00, 0x00, 0x00, 0x00, 0x00, 0x00, 0x00, 0x00, 0x00, 0x00, 0x00, 
	0x00, 0x00, 0x00, 0x00, 0x00, 0x00, 0x00, 0x00, 0x00, 0x00, 0x00, 
	0x00, 0x00, 0x00, 0x00, 0x00, 0x00, 0x00, 0x00, 0x00, 0x00, 0x00, 
	0x00, 0x00, 0x00, 0x00, 0x00, 0x00, 0x00, 0x00, 0x00, 0x00, 0x00, 
	0x00, 0x00, 0x00, 0x00, 0x00, 0x00, 0x00, 0x00, 0x00, 0x00, 0x00, 
	0x00, 0x00, 0x00, 0x00, 0x00, 0x00, 0x00, 0x00, 0x00, 0x00, 0x00, 
	0x00, 0x00, 0x00, 0x00, 0x00, 0x00, 0x00, 0x00, 0x00, 0x00, 0x00, 
	0x00, 0x00, 0x00, 0x00, 0x00, 0x00, 0x00, 0x00, 0x00, 0x00, 0x00, 
	0x00, 0x00, 0x00, 0x00, 0x00, 0x00, 0x00, 0x00, 0x00, 0x00, 0x00, 
	0x00, 0x00, 0x00, 0x00, 0x00, 0x00, 0x00, 0x00, 0x00, 0x00, 0x00, 
	0x00, 0x00, 0x00, 0x00, 0x00, 0x00, 0x00, 0x00, 0x00, 0x00, 0x00, 
	0x00, 0x00, 0x00, 0x00, 0x00, 0x00, 0x00, 0x00, 0x00, 0x00, 0x00, 
	0x00, 0x00, 0x00, 0x00, 0x00, 0x00, 0x00, 0x00, 0x00, 0x00, 0x00, 
	0x00, 0x00, 0x00, 0x00, 0x00, 0x00, 0x00, 0x00, 0x00, 0x00, 0x00, 
	0x00, 0x00, 0x00, 0x00, 0x00, 0x00, 0x00, 0x00, 0x00, 0x00, 0x00, 
	0x00, 0x00, 0x00, 0x00, 0x00, 0x00, 0x00, 0x00, 0x00, 0x00, 0x00, 
	0x00, 0x00, 0x00, 0x00, 0x00, 0x00, 0x00, 0x00, 0x00, 0x00, 0x00, 
	0x00, 0x00, 0x00, 0x00, 0x00, 0x00, 0x00, 0x00, 0x00, 0x00, 0x00, 
	0x00, 0x00, 0x00, 0x00, 0x00, 0x00, 0x00, 0x00, 0x00, 0x00, 0x00, 
	0x00, 0x00, 0x00, 0x00, 0x00, 0x00, 0x00, 0x00, 0x00, 0x00, 0x00, 
	0x00, 0x00, 0x00, 0x00, 0x00, 0x00, 0x00, 0x00, 0x00, 0x00, 0x00, 
	0x00, 0x00, 0x00, 0x00, 0x00, 0x00, 0x00, 0x00, 0x00, 0x00, 0x00, 
	0x00, 0x00, 0x00, 0x00, 0x00, 0x00, 0x00, 0x00, 0x00, 0x00, 0x00, 
	0x00, 0x00, 0x00, 0x00, 0x00, 0x00, 0x00, 0x00, 0x00, 0x00, 0x00, 
	0x00, 0x00, 0x00, 0x00, 0x00, 0x00, 0x00, 0x00, 0x00, 0x00, 0x00, 
	0x00, 0x00, 0x00, 0x00, 0x00, 0x00, 0x00, 0x00, 0x00, 0x00, 0x00, 
	0x00, 0x00, 0x00, 0x00, 0x00, 0x00, 0x00, 0x00, 0x00, 0x00, 0x00, 
	0x00, 0x00, 0x00, 0x00, 0x00, 0x00, 0x00, 0x00, 0x00, 0x00, 0x00, 
	0x00, 0x00, 0x00, 0x00, 0x00, 0x00, 0x00, 0x00, 0x00, 0x00, 0x00, 
	0x00, 0x00, 0x00, 0x00, 0x00, 0x00, 0x00, 0x00, 0x00, 0x00, 0x00, 
	0x00, 0x00, 0x00, 0x00, 0x00, 0x00, 0x00, 0x00, 0x00, 0x00, 0x00, 
	0x00, 0x00, 0x00, 0x00, 0x00, 0x00, 0x00, 0x00, 0x00, 0x00, 0x00, 
	0x00, 0x00, 0x00, 0x00, 0x00, 0x00, 0x00, 0x00, 0x00, 0x00, 0x00, 
	0x00, 0x00, 0x00, 0x00, 0x00, 0x00, 0x00, 0x00, 0x00, 0x00, 0x00, 
	0x00, 0x00, 0x00, 0x00, 0x00, 0x00, 0x00, 0x00, 0x00, 0x00, 0x00, 
	0x00, 0x00, 0x00, 0x00, 0x00, 0x00, 0x00, 0x00, 0x00, 0x00, 0x00, 
	0x00, 0x00, 0x00, 0x00, 0x00, 0x00, 0x00, 0x00, 0x00, 0x00, 0x00, 
	0x00, 0x00, 0x00, 0x00, 0x00, 0x00, 0x00, 0x00, 0x00, 0x00, 0x00, 
	0x00, 0x00, 0x00, 0x00, 0x00, 0x00, 0x00, 0x00, 0x00, 0x00, 0x00, 
	0x00, 0x00, 0x00, 0x00, 0x00, 0x00, 0x00, 0x00, 0x00, 0x00, 0x00, 
	0x00, 0x00, 0x00, 0x00, 0x00, 0x00, 0x00, 0x00, 0x00, 0x00, 0x00, 
	0x00, 0x00, 0x00, 0x00, 0x00, 0x00, 0x00, 0x00, 0x00, 0x00, 0x00, 
	0x00, 0x00, 0x00, 0x00, 0x00, 0x00, 0x00, 0x00, 0x00, 0x00, 0x00, 
	0x00, 0x00, 0x00, 0x00, 0x00, 0x00, 0x00, 0x00, 0x00, 0x00, 0x00, 
	0x00, 0x00, 0x00, 0x00, 0x00, 0x00, 0x00, 0x00, 0x00, 0x00, 0x00, 
	0x00, 0x00, 0x00, 0x00, 0x00, 0x00, 0x00, 0x00, 0x00, 0x00, 0x00, 
	0x00, 0x00, 0x00, 0x00, 0x00, 0x00, 0x00, 0x00, 0x00, 0x00, 0x00, 
	0x00, 0x00, 0x00, 0x00, 0x93, 0x00, 0x00, 0x00, 0x13, 0x01, 0x00, 
	0x00, 0x93, 0x01, 0x00, 0x00, 0x13, 0x02, 0x00, 0x00, 0x93, 0x02, 
	0x00, 0x00, 0x13, 0x03, 0x00, 0x00, 0x93, 0x03, 0x00, 0x00, 0x13, 
	0x04, 0x00, 0x00, 0x93, 0x04, 0x00, 0x00, 0x13, 0x05, 0x00, 0x00, 
	0x93, 0x05, 0x00, 0x00, 0x13, 0x06, 0x00, 0x00, 0x93, 0x06, 0x00, 
	0x00, 0x13, 0x07, 0x00, 0x00, 0x93, 0x07, 0x00, 0x00, 0x13, 0x08, 
	0x00, 0x00, 0x93, 0x08, 0x00, 0x00, 0x13, 0x09, 0x00, 0x00, 0x93, 
	0x09, 0x00, 0x00, 0x13, 0x0a, 0x00, 0x00, 0x93, 0x0a, 0x00, 0x00, 
	0x13, 0x0b, 0x00, 0x00, 0x93, 0x0b, 0x00, 0x00, 0x13, 0x0c, 0x00, 
	0x00, 0x93, 0x0c, 0x00, 0x00, 0x13, 0x0d, 0x00, 0x00, 0x93, 0x0d, 
	0x00, 0x00, 0x13, 0x0e, 0x00, 0x00, 0x93, 0x0e, 0x00, 0x00, 0x13, 
	0x0f, 0x00, 0x00, 0x93, 0x0f, 0x00, 0x00, 0xb7, 0xe2, 0x01, 0x00, 
	0x93, 0x82, 0x02, 0x60, 0x73, 0xa0, 0x02, 0x30, 0x93, 0x02, 0x10, 
	0x00, 0x93, 0x92, 0xf2, 0x01, 0x63, 0xca, 0x02, 0x00, 0x13, 0x05, 
	0x10, 0x00, 0x97, 0x12, 0x00, 0x00, 0x23, 0xa4, 0xa2, 0xf6, 0x6f, 
	0xf0, 0x5f, 0xff, 0x97, 0x02, 0x00, 0x00, 0x93, 0x82, 0x82, 0x03, 
	0x73, 0x90, 0x52, 0x30, 0x97, 0x81, 0x00, 0x00, 0x93, 0x81, 0x01, 
	0x0e, 0x13, 0x82, 0xf1, 0x84, 0x13, 0x72, 0x02, 0xfc, 0x73, 0x25, 
	0x40, 0xf1, 0x13, 0x01, 0x15, 0x00, 0x13, 0x11, 0x11, 0x01, 0x33, 
	0x01, 0x41, 0x00, 0x13, 0x16, 0x15, 0x01, 0x33, 0x02, 0xc2, 0x00, 
	0x6f, 0x20, 0x90, 0x2f, 0x13, 0x01, 0x01, 0xef, 0x23, 0x22, 0x11, 
	0x00, 0x23, 0x24, 0x21, 0x00, 0x23, 0x26, 0x31, 0x00, 0x23, 0x28, 
	0x41, 0x00, 0x23, 0x2a, 0x51, 0x00, 0x23, 0x2c, 0x61, 0x00, 0x23, 
	0x2e, 0x71, 0x00, 0x23, 0x20, 0x81, 0x02, 0x23, 0x22, 0x91, 0x02, 
	0x23, 0x24, 0xa1, 0x02, 0x23, 0x26, 0xb1, 0x02, 0x23, 0x28, 0xc1, 
	0x02, 0x23, 0x2a, 0xd1, 0x02, 0x23, 0x2c, 0xe1, 0x02, 0x23, 0x2e, 
	0xf1, 0x02, 0x23, 0x20, 0x01, 0x05, 0x23, 0x22, 0x11, 0x05, 0x23, 
	0x24, 0x21, 0x05, 0x23, 0x26, 0x31, 0x05, 0x23, 0x28, 0x41, 0x05, 
	0x23, 0x2a, 0x51, 0x05, 0x23, 0x2c, 0x61, 0x05, 0x23, 0x2e, 0x71, 
	0x05, 0x23, 0x20, 0x81, 0x07, 0x23, 0x22, 0x91, 0x07, 0x23, 0x24, 
	0xa1, 0x07, 0x23, 0x26, 0xb1, 0x07, 0x23, 0x28, 0xc1, 0x07, 0x23, 
	0x2a, 0xd1, 0x07, 0x23, 0x2c, 0xe1, 0x07, 0x23, 0x2e, 0xf1, 0x07, 
	0x73, 0x25, 0x20, 0x34, 0xf3, 0x25, 0x10, 0x34, 0x13, 0x06, 0x01, 
	0x00, 0xef, 0x20, 0x00, 0x76, 0x73, 0x10, 0x15, 0x34, 0xb7, 0x22, 
	0x00, 0x00, 0x93, 0x82, 0x02, 0x80, 0x73, 0xa0, 0x02, 0x30, 0x83, 
	0x20, 0x41, 0x00, 0x03, 0x21, 0x81, 0x00, 0x83, 0x21, 0xc1, 0x00, 
	0x03, 0x22, 0x01, 0x01, 0x83, 0x22, 0x41, 0x01, 0x03, 0x23, 0x81, 
	0x01, 0x83, 0x23, 0xc1, 0x01, 0x03, 0x24, 0x01, 0x02, 0x83, 0x24, 
	0x41, 0x02, 0x03, 0x25, 0x81, 0x02, 0x83, 0x25, 0xc1, 0x02, 0x03, 
	0x26, 0x01, 0x03, 0x83, 0x26, 0x41, 0x03, 0x03, 0x27, 0x81, 0x03, 
	0x83, 0x27, 0xc1, 0x03, 0x03, 0x28, 0x01, 0x04, 0x83, 0x28, 0x41, 
	0x04, 0x03, 0x29, 0x81, 0x04, 0x83, 0x29, 0xc1, 0x04, 0x03, 0x2a, 
	0x01, 0x05, 0x83, 0x2a, 0x41, 0x05, 0x03, 0x2b, 0x81, 0x05, 0x83, 
	0x2b, 0xc1, 0x05, 0x03, 0x2c, 0x01, 0x06, 0x83, 0x2c, 0x41, 0x06, 
	0x03, 0x2d, 0x81, 0x06, 0x83, 0x2d, 0xc1, 0x06, 0x03, 0x2e, 0x01, 
	0x07, 0x83, 0x2e, 0x41, 0x07, 0x03, 0x2f, 0x81, 0x07, 0x83, 0x2f, 
	0xc1, 0x07, 0x13, 0x01, 0x01, 0x11, 0x73, 0x00, 0x20, 0x30, 0x00, 
	0x00, 0x00, 0x00, 0x00, 0x00, 0x00, 0x00, 0x00, 0x00, 0x00, 0x00, 
	0x00, 0x00, 0x00, 0x00, 0x00, 0x00, 0x00, 0x00, 0x00, 0x00, 0x00, 
	0x00, 0x00, 0x00, 0x00, 0x00, 0x00, 0x00, 0x00, 0x00, 0x00, 0x00, 
	0x00, 0x00, 0x00, 0x00, 0x00, 0x00, 0x00, 0x00, 0x00, 0x00, 0x00, 
	0x00, 0x00, 0x00, 0x00, 0x00, 0x00, 0x00, 0x00, 0x00, 0x00, 0x00, 
	0x00, 0x00, 0x00, 0x00, 0x00, 0x00, 0x00, 0x00, 0x00, 0x00, 0x00, 
	0x00, 0x00, 0x00, 0x00, 0x00, 0x00, 0x00, 0x00, 0x00, 0x00, 0x00, 
	0x00, 0x00, 0x00, 0x00, 0x00, 0x00, 0x00, 0x00, 0x00, 0x00, 0x00, 
	0x00, 0x00, 0x00, 0x00, 0x00, 0x00, 0x00, 0x00, 0x00, 0x00, 0x00, 
	0x00, 0x00, 0x00, 0x00, 0x00, 0x00, 0x00, 0x00, 0x00, 0x00, 0x00, 
	0x00, 0x00, 0x00, 0x00, 0x00, 0x00, 0x00, 0x00, 0x00, 0x00, 0x00, 
	0x00, 0x00, 0x00, 0x00, 0x00, 0x00, 0x00, 0x00, 0x00, 0x00, 0x00, 
	0x00, 0x00, 0x00, 0x00, 0x00, 0x00, 0x00, 0x00, 0x00, 0x00, 0x00, 
	0x00, 0x00, 0x00, 0x00, 0x00, 0x00, 0x00, 0x00, 0x00, 0x00, 0x00, 
	0x00, 0x00, 0x00, 0x00, 0x00, 0x00, 0x00, 0x00, 0x00, 0x00, 0x00, 
	0x00, 0x00, 0x00, 0x00, 0x00, 0x00, 0x00, 0x00, 0x00, 0x00, 0x00, 
	0x00, 0x00, 0x00, 0x00, 0x00, 0x00, 0x00, 0x00, 0x00, 0x00, 0x00, 
	0x00, 0x00, 0x00, 0x00, 0x00, 0x00, 0x00, 0x00, 0x00, 0x00, 0x00, 
	0x00, 0x00, 0x00, 0x00, 0x00, 0x00, 0x00, 0x00, 0x00, 0x00, 0x00, 
	0x00, 0x00, 0x00, 0x00, 0x00, 0x00, 0x00, 0x00, 0x00, 0x00, 0x00, 
	0x00, 0x00, 0x00, 0x00, 0x00, 0x00, 0x00, 0x00, 0x00, 0x00, 0x00, 
	0x00, 0x00, 0x00, 0x00, 0x00, 0x00, 0x00, 0x00, 0x00, 0x00, 0x00, 
	0x00, 0x00, 0x00, 0x00, 0x00, 0x00, 0x00, 0x00, 0x00, 0x00, 0x00, 
	0x00, 0x00, 0x00, 0x00, 0x00, 0x00, 0x00, 0x00, 0x00, 0x00, 0x00, 
	0x00, 0x00, 0x00, 0x00, 0x00, 0x00, 0x00, 0x00, 0x00, 0x00, 0x00, 
	0x00, 0x00, 0x00, 0x00, 0x00, 0x00, 0x00, 0x00, 0x00, 0x00, 0x00, 
	0x00, 0x00, 0x00, 0x00, 0x00, 0x00, 0x00, 0x00, 0x00, 0x00, 0x00, 
	0x00, 0x00, 0x00, 0x00, 0x00, 0x00, 0x00, 0x00, 0x00, 0x00, 0x00, 
	0x00, 0x00, 0x00, 0x00, 0x00, 0x00, 0x00, 0x00, 0x00, 0x00, 0x00, 
	0x00, 0x00, 0x00, 0x00, 0x00, 0x00, 0x00, 0x00, 0x00, 0x00, 0x00, 
	0x00, 0x00, 0x00, 0x00, 0x00, 0x00, 0x00, 0x00, 0x00, 0x00, 0x00, 
	0x00, 0x00, 0x00, 0x00, 0x00, 0x00, 0x00, 0x00, 0x00, 0x00, 0x00, 
	0x00, 0x00, 0x00, 0x00, 0x00, 0x00, 0x00, 0x00, 0x00, 0x00, 0x00, 
	0x00, 0x00, 0x00, 0x00, 0x00, 0x00, 0x00, 0x00, 0x00, 0x00, 0x00, 
	0x00, 0x00, 0x00, 0x00, 0x00, 0x00, 0x00, 0x00, 0x00, 0x00, 0x00, 
	0x00, 0x00, 0x00, 0x00, 0x00, 0x00, 0x00, 0x00, 0x00, 0x00, 0x00, 
	0x00, 0x00, 0x00, 0x00, 0x00, 0x00, 0x00, 0x00, 0x00, 0x00, 0x00, 
	0x00, 0x00, 0x00, 0x00, 0x00, 0x00, 0x00, 0x00, 0x00, 0x00, 0x00, 
	0x00, 0x00, 0x00, 0x00, 0x00, 0x00, 0x00, 0x00, 0x00, 0x00, 0x00, 
	0x00, 0x00, 0x00, 0x00, 0x00, 0x00, 0x00, 0x00, 0x00, 0x00, 0x00, 
	0x00, 0x00, 0x00, 0x00, 0x00, 0x00, 0x00, 0x00, 0x00, 0x00, 0x00, 
	0x00, 0x00, 0x00, 0x00, 0x00, 0x00, 0x00, 0x00, 0x00, 0x00, 0x00, 
	0x00, 0x00, 0x00, 0x00, 0x00, 0x00, 0x00, 0x00, 0x00, 0x00, 0x00, 
	0x00, 0x00, 0x00, 0x00, 0x00, 0x00, 0x00, 0x00, 0x00, 0x00, 0x00, 
	0x00, 0x00, 0x00, 0x00, 0x00, 0x00, 0x00, 0x00, 0x00, 0x00, 0x00, 
	0x00, 0x00, 0x00, 0x00, 0x00, 0x00, 0x00, 0x00, 0x00, 0x00, 0x00, 
	0x00, 0x00, 0x00, 0x00, 0x00, 0x00, 0x00, 0x00, 0x00, 0x00, 0x00, 
	0x00, 0x00, 0x00, 0x00, 0x00, 0x00, 0x00, 0x00, 0x00, 0x00, 0x00, 
	0x00, 0x00, 0x00, 0x00, 0x00, 0x00, 0x00, 0x00, 0x00, 0x00, 0x00, 
	0x00, 0x00, 0x00, 0x00, 0x00, 0x00, 0x00, 0x00, 0x00, 0x00, 0x00, 
	0x00, 0x00, 0x00, 0x00, 0x00, 0x00, 0x00, 0x00, 0x00, 0x00, 0x00, 
	0x00, 0x00, 0x00, 0x00, 0x00, 0x00, 0x00, 0x00, 0x00, 0x00, 0x00, 
	0x00, 0x00, 0x00, 0x00, 0x00, 0x00, 0x00, 0x00, 0x00, 0x00, 0x00, 
	0x00, 0x00, 0x00, 0x00, 0x00, 0x00, 0x00, 0x00, 0x00, 0x00, 0x00, 
	0x00, 0x00, 0x00, 0x00, 0x00, 0x00, 0x00, 0x00, 0x00, 0x00, 0x00, 
	0x00, 0x00, 0x00, 0x00, 0x00, 0x00, 0x00, 0x00, 0x00, 0x00, 0x00, 
	0x00, 0x00, 0x00, 0x00, 0x00, 0x00, 0x00, 0x00, 0x00, 0x00, 0x00, 
	0x00, 0x00, 0x00, 0x00, 0x00, 0x00, 0x00, 0x00, 0x00, 0x00, 0x00, 
	0x00, 0x00, 0x00, 0x00, 0x00, 0x00, 0x00, 0x00, 0x00, 0x00, 0x00, 
	0x00, 0x00, 0x00, 0x00, 0x00, 0x00, 0x00, 0x00, 0x00, 0x00, 0x00, 
	0x00, 0x00, 0x00, 0x00, 0x00, 0x00, 0x00, 0x00, 0x00, 0x00, 0x00, 
	0x00, 0x00, 0x00, 0x00, 0x00, 0x00, 0x00, 0x00, 0x00, 0x00, 0x00, 
	0x00, 0x00, 0x00, 0x00, 0x00, 0x00, 0x00, 0x00, 0x00, 0x00, 0x00, 
	0x00, 0x00, 0x00, 0x00, 0x00, 0x00, 0x00, 0x00, 0x00, 0x00, 0x00, 
	0x00, 0x00, 0x00, 0x00, 0x00, 0x00, 0x00, 0x00, 0x00, 0x00, 0x00, 
	0x00, 0x00, 0x00, 0x00, 0x00, 0x00, 0x00, 0x00, 0x00, 0x00, 0x00, 
	0x00, 0x00, 0x00, 0x00, 0x00, 0x00, 0x00, 0x00, 0x00, 0x00, 0x00, 
	0x00, 0x00, 0x00, 0x00, 0x00, 0x00, 0x00, 0x00, 0x00, 0x00, 0x00, 
	0x00, 0x00, 0x00, 0x00, 0x00, 0x00, 0x00, 0x00, 0x00, 0x00, 0x00, 
	0x00, 0x00, 0x00, 0x00, 0x00, 0x00, 0x00, 0x00, 0x00, 0x00, 0x00, 
	0x00, 0x00, 0x00, 0x00, 0x00, 0x00, 0x00, 0x00, 0x00, 0x00, 0x00, 
	0x00, 0x00, 0x00, 0x00, 0x00, 0x00, 0x00, 0x00, 0x00, 0x00, 0x00, 
	0x00, 0x00, 0x00, 0x00, 0x00, 0x00, 0x00, 0x00, 0x00, 0x00, 0x00, 
	0x00, 0x00, 0x00, 0x00, 0x00, 0x00, 0x00, 0x00, 0x00, 0x00, 0x00, 
	0x00, 0x00, 0x00, 0x00, 0x00, 0x00, 0x00, 0x00, 0x00, 0x00, 0x00, 
	0x00, 0x00, 0x00, 0x00, 0x00, 0x00, 0x00, 0x00, 0x00, 0x00, 0x00, 
	0x00, 0x00, 0x00, 0x00, 0x00, 0x00, 0x00, 0x00, 0x00, 0x00, 0x00, 
	0x00, 0x00, 0x00, 0x00, 0x00, 0x00, 0x00, 0x00, 0x00, 0x00, 0x00, 
	0x00, 0x00, 0x00, 0x00, 0x00, 0x00, 0x00, 0x00, 0x00, 0x00, 0x00, 
	0x00, 0x00, 0x00, 0x00, 0x00, 0x00, 0x00, 0x00, 0x00, 0x00, 0x00, 
	0x00, 0x00, 0x00, 0x00, 0x00, 0x00, 0x00, 0x00, 0x00, 0x00, 0x00, 
	0x00, 0x00, 0x00, 0x00, 0x00, 0x00, 0x00, 0x00, 0x00, 0x00, 0x00, 
	0x00, 0x00, 0x00, 0x00, 0x00, 0x00, 0x00, 0x00, 0x00, 0x00, 0x00, 
	0x00, 0x00, 0x00, 0x00, 0x00, 0x00, 0x00, 0x00, 0x00, 0x00, 0x00, 
	0x00, 0x00, 0x00, 0x00, 0x00, 0x00, 0x00, 0x00, 0x00, 0x00, 0x00, 
	0x00, 0x00, 0x00, 0x00, 0x00, 0x00, 0x00, 0x00, 0x00, 0x00, 0x00, 
	0x00, 0x00, 0x00, 0x00, 0x00, 0x00, 0x00, 0x00, 0x00, 0x00, 0x00, 
	0x00, 0x00, 0x00, 0x00, 0x00, 0x00, 0x00, 0x00, 0x00, 0x00, 0x00, 
	0x00, 0x00, 0x00, 0x00, 0x00, 0x00, 0x00, 0x00, 0x00, 0x00, 0x00, 
	0x00, 0x00, 0x00, 0x00, 0x00, 0x00, 0x00, 0x00, 0x00, 0x00, 0x00, 
	0x00, 0x00, 0x00, 0x00, 0x00, 0x00, 0x00, 0x00, 0x00, 0x00, 0x00, 
	0x00, 0x00, 0x00, 0x00, 0x00, 0x00, 0x00, 0x00, 0x00, 0x00, 0x00, 
	0x00, 0x00, 0x00, 0x00, 0x00, 0x00, 0x00, 0x00, 0x00, 0x00, 0x00, 
	0x00, 0x00, 0x00, 0x00, 0x00, 0x00, 0x00, 0x00, 0x00, 0x00, 0x00, 
	0x00, 0x00, 0x00, 0x00, 0x00, 0x00, 0x00, 0x00, 0x00, 0x00, 0x00, 
	0x00, 0x00, 0x00, 0x00, 0x00, 0x00, 0x00, 0x00, 0x00, 0x00, 0x00, 
	0x00, 0x00, 0x00, 0x00, 0x00, 0x00, 0x00, 0x00, 0x00, 0x00, 0x00, 
	0x00, 0x00, 0x00, 0x00, 0x00, 0x00, 0x00, 0x00, 0x00, 0x00, 0x00, 
	0x00, 0x00, 0x00, 0x00, 0x00, 0x00, 0x00, 0x00, 0x00, 0x00, 0x00, 
	0x00, 0x00, 0x00, 0x00, 0x00, 0x00, 0x00, 0x00, 0x00, 0x00, 0x00, 
	0x00, 0x00, 0x00, 0x00, 0x00, 0x00, 0x00, 0x00, 0x00, 0x00, 0x00, 
	0x00, 0x00, 0x00, 0x00, 0x00, 0x00, 0x00, 0x00, 0x00, 0x00, 0x00, 
	0x00, 0x00, 0x00, 0x00, 0x00, 0x00, 0x00, 0x00, 0x00, 0x00, 0x00, 
	0x00, 0x00, 0x00, 0x00, 0x00, 0x00, 0x00, 0x00, 0x00, 0x00, 0x00, 
	0x00, 0x00, 0x00, 0x00, 0x00, 0x00, 0x00, 0x00, 0x00, 0x00, 0x00, 
	0x00, 0x00, 0x00, 0x00, 0x00, 0x00, 0x00, 0x00, 0x00, 0x00, 0x00, 
	0x00, 0x00, 0x00, 0x00, 0x00, 0x00, 0x00, 0x00, 0x00, 0x00, 0x00, 
	0x00, 0x00, 0x00, 0x00, 0x00, 0x00, 0x00, 0x00, 0x00, 0x00, 0x00, 
	0x00, 0x00, 0x00, 0x00, 0x00, 0x00, 0x00, 0x00, 0x00, 0x00, 0x00, 
	0x00, 0x00, 0x00, 0x00, 0x00, 0x00, 0x00, 0x00, 0x00, 0x00, 0x00, 
	0x00, 0x00, 0x00, 0x00, 0x00, 0x00, 0x00, 0x00, 0x00, 0x00, 0x00, 
	0x00, 0x00, 0x00, 0x00, 0x00, 0x00, 0x00, 0x00, 0x00, 0x00, 0x00, 
	0x00, 0x00, 0x00, 0x00, 0x00, 0x00, 0x00, 0x00, 0x00, 0x00, 0x00, 
	0x00, 0x00, 0x00, 0x00, 0x00, 0x00, 0x00, 0x00, 0x00, 0x00, 0x00, 
	0x00, 0x00, 0x00, 0x00, 0x00, 0x00, 0x00, 0x00, 0x00, 0x00, 0x00, 
	0x00, 0x00, 0x00, 0x00, 0x00, 0x00, 0x00, 0x00, 0x00, 0x00, 0x00, 
	0x00, 0x00, 0x00, 0x00, 0x00, 0x00, 0x00, 0x00, 0x00, 0x00, 0x00, 
	0x00, 0x00, 0x00, 0x00, 0x00, 0x00, 0x00, 0x00, 0x00, 0x00, 0x00, 
	0x00, 0x00, 0x00, 0x00, 0x00, 0x00, 0x00, 0x00, 0x00, 0x00, 0x00, 
	0x00, 0x00, 0x00, 0x00, 0x00, 0x00, 0x00, 0x00, 0x00, 0x00, 0x00, 
	0x00, 0x00, 0x00, 0x00, 0x00, 0x00, 0x00, 0x00, 0x00, 0x00, 0x00, 
	0x00, 0x00, 0x00, 0x00, 0x00, 0x00, 0x00, 0x00, 0x00, 0x00, 0x00, 
	0x00, 0x00, 0x00, 0x00, 0x00, 0x00, 0x00, 0x00, 0x00, 0x00, 0x00, 
	0x00, 0x00, 0x00, 0x00, 0x00, 0x00, 0x00, 0x00, 0x00, 0x00, 0x00, 
	0x00, 0x00, 0x00, 0x00, 0x00, 0x00, 0x00, 0x00, 0x00, 0x00, 0x00, 
	0x00, 0x00, 0x00, 0x00, 0x00, 0x00, 0x00, 0x00, 0x00, 0x00, 0x00, 
	0x00, 0x00, 0x00, 0x00, 0x00, 0x00, 0x00, 0x00, 0x00, 0x00, 0x00, 
	0x00, 0x00, 0x00, 0x00, 0x00, 0x00, 0x00, 0x00, 0x00, 0x00, 0x00, 
	0x00, 0x00, 0x00, 0x00, 0x00, 0x00, 0x00, 0x00, 0x00, 0x00, 0x00, 
	0x00, 0x00, 0x00, 0x00, 0x00, 0x00, 0x00, 0x00, 0x00, 0x00, 0x00, 
	0x00, 0x00, 0x00, 0x00, 0x00, 0x00, 0x00, 0x00, 0x00, 0x00, 0x00, 
	0x00, 0x00, 0x00, 0x00, 0x00, 0x00, 0x00, 0x00, 0x00, 0x00, 0x00, 
	0x00, 0x00, 0x00, 0x00, 0x00, 0x00, 0x00, 0x00, 0x00, 0x00, 0x00, 
	0x00, 0x00, 0x00, 0x00, 0x00, 0x00, 0x00, 0x00, 0x00, 0x00, 0x00, 
	0x00, 0x00, 0x00, 0x00, 0x00, 0x00, 0x00, 0x00, 0x00, 0x00, 0x00, 
	0x00, 0x00, 0x00, 0x00, 0x00, 0x00, 0x00, 0x00, 0x00, 0x00, 0x00, 
	0x00, 0x00, 0x00, 0x00, 0x00, 0x00, 0x00, 0x00, 0x00, 0x00, 0x00, 
	0x00, 0x00, 0x00, 0x00, 0x00, 0x00, 0x00, 0x00, 0x00, 0x00, 0x00, 
	0x00, 0x00, 0x00, 0x00, 0x00, 0x00, 0x00, 0x00, 0x00, 0x00, 0x00, 
	0x00, 0x00, 0x00, 0x00, 0x00, 0x00, 0x00, 0x00, 0x00, 0x00, 0x00, 
	0x00, 0x00, 0x00, 0x00, 0x00, 0x00, 0x00, 0x00, 0x00, 0x00, 0x00, 
	0x00, 0x00, 0x00, 0x00, 0x00, 0x00, 0x00, 0x00, 0x00, 0x00, 0x00, 
	0x00, 0x00, 0x00, 0x00, 0x00, 0x00, 0x00, 0x00, 0x00, 0x00, 0x00, 
	0x00, 0x00, 0x00, 0x00, 0x00, 0x00, 0x00, 0x00, 0x00, 0x00, 0x00, 
	0x00, 0x00, 0x00, 0x00, 0x00, 0x00, 0x00, 0x00, 0x00, 0x00, 0x00, 
	0x00, 0x00, 0x00, 0x00, 0x00, 0x00, 0x00, 0x00, 0x00, 0x00, 0x00, 
	0x00, 0x00, 0x00, 0x00, 0x00, 0x00, 0x00, 0x00, 0x00, 0x00, 0x00, 
	0x00, 0x00, 0x00, 0x00, 0x00, 0x00, 0x00, 0x00, 0x00, 0x00, 0x00, 
	0x00, 0x00, 0x00, 0x00, 0x00, 0x00, 0x00, 0x00, 0x00, 0x00, 0x00, 
	0x00, 0x00, 0x00, 0x00, 0x00, 0x00, 0x00, 0x00, 0x00, 0x00, 0x00, 
	0x00, 0x00, 0x00, 0x00, 0x00, 0x00, 0x00, 0x00, 0x00, 0x00, 0x00, 
	0x00, 0x00, 0x00, 0x00, 0x00, 0x00, 0x00, 0x00, 0x00, 0x00, 0x00, 
	0x00, 0x00, 0x00, 0x00, 0x00, 0x00, 0x00, 0x00, 0x00, 0x00, 0x00, 
	0x00, 0x00, 0x00, 0x00, 0x00, 0x00, 0x00, 0x00, 0x00, 0x00, 0x00, 
	0x00, 0x00, 0x00, 0x00, 0x00, 0x00, 0x00, 0x00, 0x00, 0x00, 0x00, 
	0x00, 0x00, 0x00, 0x00, 0x00, 0x00, 0x00, 0x00, 0x00, 0x00, 0x00, 
	0x00, 0x00, 0x00, 0x00, 0x00, 0x00, 0x00, 0x00, 0x00, 0x00, 0x00, 
	0x00, 0x00, 0x00, 0x00, 0x00, 0x00, 0x00, 0x00, 0x00, 0x00, 0x00, 
	0x00, 0x00, 0x00, 0x00, 0x00, 0x00, 0x00, 0x00, 0x00, 0x00, 0x00, 
	0x00, 0x00, 0x00, 0x00, 0x00, 0x00, 0x00, 0x00, 0x00, 0x00, 0x00, 
	0x00, 0x00, 0x00, 0x00, 0x00, 0x00, 0x00, 0x00, 0x00, 0x00, 0x00, 
	0x00, 0x00, 0x00, 0x00, 0x00, 0x00, 0x00, 0x00, 0x00, 0x00, 0x00, 
	0x00, 0x00, 0x00, 0x00, 0x00, 0x00, 0x00, 0x00, 0x00, 0x00, 0x00, 
	0x00, 0x00, 0x00, 0x00, 0x00, 0x00, 0x00, 0x00, 0x00, 0x00, 0x00, 
	0x00, 0x00, 0x00, 0x00, 0x00, 0x00, 0x00, 0x00, 0x00, 0x00, 0x00, 
	0x00, 0x00, 0x00, 0x00, 0x00, 0x00, 0x00, 0x00, 0x00, 0x00, 0x00, 
	0x00, 0x00, 0x00, 0x00, 0x00, 0x00, 0x00, 0x00, 0x00, 0x00, 0x00, 
	0x00, 0x00, 0x00, 0x00, 0x00, 0x00, 0x00, 0x00, 0x00, 0x00, 0x00, 
	0x00, 0x00, 0x00, 0x00, 0x00, 0x00, 0x00, 0x00, 0x00, 0x00, 0x00, 
	0x00, 0x00, 0x00, 0x00, 0x00, 0x00, 0x00, 0x00, 0x00, 0x00, 0x00, 
	0x00, 0x00, 0x00, 0x00, 0x00, 0x00, 0x00, 0x00, 0x00, 0x00, 0x00, 
	0x00, 0x00, 0x00, 0x00, 0x00, 0x00, 0x00, 0x00, 0x00, 0x00, 0x00, 
	0x00, 0x00, 0x00, 0x00, 0x00, 0x00, 0x00, 0x00, 0x00, 0x00, 0x00, 
	0x00, 0x00, 0x00, 0x00, 0x00, 0x00, 0x00, 0x00, 0x00, 0x00, 0x00, 
	0x00, 0x00, 0x00, 0x00, 0x00, 0x00, 0x00, 0x00, 0x00, 0x00, 0x00, 
	0x00, 0x00, 0x00, 0x00, 0x00, 0x00, 0x00, 0x00, 0x00, 0x00, 0x00, 
	0x00, 0x00, 0x00, 0x00, 0x00, 0x00, 0x00, 0x00, 0x00, 0x00, 0x00, 
	0x00, 0x00, 0x00, 0x00, 0x00, 0x00, 0x00, 0x00, 0x00, 0x00, 0x00, 
	0x00, 0x00, 0x00, 0x00, 0x00, 0x00, 0x00, 0x00, 0x00, 0x00, 0x00, 
	0x00, 0x00, 0x00, 0x00, 0x00, 0x00, 0x00, 0x00, 0x00, 0x00, 0x00, 
	0x00, 0x00, 0x00, 0x00, 0x00, 0x00, 0x00, 0x00, 0x00, 0x00, 0x00, 
	0x00, 0x00, 0x00, 0x00, 0x00, 0x00, 0x00, 0x00, 0x00, 0x00, 0x00, 
	0x00, 0x00, 0x00, 0x00, 0x00, 0x00, 0x00, 0x00, 0x00, 0x00, 0x00, 
	0x00, 0x00, 0x00, 0x00, 0x00, 0x00, 0x00, 0x00, 0x00, 0x00, 0x00, 
	0x00, 0x00, 0x00, 0x00, 0x00, 0x00, 0x00, 0x00, 0x00, 0x00, 0x00, 
	0x00, 0x00, 0x00, 0x00, 0x00, 0x00, 0x00, 0x00, 0x00, 0x00, 0x00, 
	0x00, 0x00, 0x00, 0x00, 0x00, 0x00, 0x00, 0x00, 0x00, 0x00, 0x00, 
	0x00, 0x00, 0x00, 0x00, 0x00, 0x00, 0x00, 0x00, 0x00, 0x00, 0x00, 
	0x00, 0x00, 0x00, 0x00, 0x00, 0x00, 0x00, 0x00, 0x00, 0x00, 0x00, 
	0x00, 0x00, 0x00, 0x00, 0x00, 0x00, 0x00, 0x00, 0x00, 0x00, 0x00, 
	0x00, 0x00, 0x00, 0x00, 0x00, 0x00, 0x00, 0x00, 0x00, 0x00, 0x00, 
	0x00, 0x00, 0x00, 0x00, 0x00, 0x00, 0x00, 0x00, 0x00, 0x00, 0x00, 
	0x00, 0x00, 0x00, 0x00, 0x00, 0x00, 0x00, 0x00, 0x00, 0x00, 0x00, 
	0x00, 0x00, 0x00, 0x00, 0x00, 0x00, 0x00, 0x00, 0x00, 0x00, 0x00, 
	0x00, 0x00, 0x00, 0x00, 0x00, 0x00, 0x00, 0x00, 0x00, 0x00, 0x00, 
	0x00, 0x00, 0x00, 0x00, 0x00, 0x00, 0x00, 0x00, 0x00, 0x00, 0x00, 
	0x00, 0x00, 0x00, 0x00, 0x00, 0x00, 0x00, 0x00, 0x00, 0x00, 0x00, 
	0x00, 0x00, 0x00, 0x00, 0x00, 0x00, 0x00, 0x00, 0x00, 0x00, 0x00, 
	0x00, 0x00, 0x00, 0x00, 0x00, 0x00, 0x00, 0x00, 0x00, 0x00, 0x00, 
	0x00, 0x00, 0x00, 0x00, 0x00, 0x00, 0x00, 0x00, 0x00, 0x00, 0x00, 
	0x00, 0x00, 0x00, 0x00, 0x00, 0x00, 0x00, 0x00, 0x00, 0x00, 0x00, 
	0x00, 0x00, 0x00, 0x00, 0x00, 0x00, 0x00, 0x00, 0x00, 0x00, 0x00, 
	0x00, 0x00, 0x00, 0x00, 0x00, 0x00, 0x00, 0x00, 0x00, 0x00, 0x00, 
	0x00, 0x00, 0x00, 0x00, 0x00, 0x00, 0x00, 0x00, 0x00, 0x00, 0x00, 
	0x00, 0x00, 0x00, 0x00, 0x00, 0x00, 0x00, 0x00, 0x00, 0x00, 0x00, 
	0x00, 0x00, 0x00, 0x00, 0x00, 0x00, 0x00, 0x00, 0x00, 0x00, 0x00, 
	0x00, 0x00, 0x00, 0x00, 0x00, 0x00, 0x00, 0x00, 0x00, 0x00, 0x00, 
	0x00, 0x00, 0x00, 0x00, 0x00, 0x00, 0x00, 0x00, 0x00, 0x00, 0x00, 
	0x00, 0x00, 0x00, 0x00, 0x00, 0x00, 0x00, 0x00, 0x00, 0x00, 0x00, 
	0x00, 0x00, 0x00, 0x00, 0x00, 0x00, 0x00, 0x00, 0x00, 0x00, 0x00, 
	0x00, 0x00, 0x00, 0x00, 0x00, 0x00, 0x00, 0x00, 0x00, 0x00, 0x00, 
	0x00, 0x00, 0x00, 0x00, 0x00, 0x00, 0x00, 0x00, 0x00, 0x00, 0x00, 
	0x00, 0x00, 0x00, 0x00, 0x00, 0x00, 0x00, 0x00, 0x00, 0x00, 0x00, 
	0x00, 0x00, 0x00, 0x00, 0x00, 0x00, 0x00, 0x00, 0x00, 0x00, 0x00, 
	0x00, 0x00, 0x00, 0x00, 0x00, 0x00, 0x00, 0x00, 0x00, 0x00, 0x00, 
	0x00, 0x00, 0x00, 0x00, 0x00, 0x00, 0x00, 0x00, 0x00, 0x00, 0x00, 
	0x00, 0x00, 0x00, 0x00, 0x00, 0x00, 0x00, 0x00, 0x00, 0x00, 0x00, 
	0x00, 0x00, 0x00, 0x00, 0x00, 0x00, 0x00, 0x00, 0x00, 0x00, 0x00, 
	0x00, 0x00, 0x00, 0x00, 0x00, 0x00, 0x00, 0x00, 0x00, 0x00, 0x00, 
	0x00, 0x00, 0x00, 0x00, 0x00, 0x00, 0x00, 0x00, 0x00, 0x00, 0x00, 
	0x00, 0x00, 0x00, 0x00, 0x00, 0x00, 0x00, 0x00, 0x00, 0x00, 0x00, 
	0x00, 0x00, 0x00, 0x00, 0x00, 0x00, 0x00, 0x00, 0x00, 0x00, 0x00, 
	0x00, 0x00, 0x00, 0x00, 0x00, 0x00, 0x00, 0x00, 0x00, 0x00, 0x00, 
	0x00, 0x00, 0x00, 0x00, 0x00, 0x00, 0x00, 0x00, 0x00, 0x00, 0x00, 
	0x00, 0x00, 0x00, 0x00, 0x00, 0x00, 0x00, 0x00, 0x00, 0x00, 0x00, 
	0x00, 0x00, 0x00, 0x00, 0x00, 0x00, 0x00, 0x00, 0x00, 0x00, 0x00, 
	0x00, 0x00, 0x00, 0x00, 0x00, 0x00, 0x00, 0x00, 0x00, 0x00, 0x00, 
	0x00, 0x00, 0x00, 0x00, 0x00, 0x00, 0x00, 0x00, 0x00, 0x00, 0x00, 
	0x00, 0x00, 0x00, 0x00, 0x00, 0x00, 0x00, 0x00, 0x00, 0x00, 0x00, 
	0x00, 0x00, 0x00, 0x00, 0x00, 0x00, 0x00, 0x00, 0x00, 0x00, 0x00, 
	0x00, 0x00, 0x00, 0x00, 0x00, 0x00, 0x00, 0x00, 0x00, 0x00, 0x00, 
	0x00, 0x00, 0x00, 0x00, 0x00, 0x00, 0x00, 0x00, 0x00, 0x00, 0x00, 
	0x00, 0x00, 0x00, 0x00, 0x00, 0x00, 0x00, 0x00, 0x00, 0x00, 0x00, 
	0x00, 0x00, 0x00, 0x00, 0x00, 0x00, 0x00, 0x00, 0x00, 0x00, 0x00, 
	0x00, 0x00, 0x00, 0x00, 0x00, 0x00, 0x00, 0x00, 0x00, 0x00, 0x00, 
	0x00, 0x00, 0x00, 0x00, 0x00, 0x00, 0x00, 0x00, 0x00, 0x00, 0x00, 
	0x00, 0x00, 0x00, 0x00, 0x00, 0x00, 0x00, 0x00, 0x00, 0x00, 0x00, 
	0x00, 0x00, 0x00, 0x00, 0x00, 0x00, 0x00, 0x00, 0x00, 0x00, 0x00, 
	0x00, 0x00, 0x00, 0x00, 0x00, 0x00, 0x00, 0x00, 0x00, 0x00, 0x00, 
	0x00, 0x00, 0x00, 0x00, 0x00, 0x00, 0x00, 0x00, 0x00, 0x00, 0x00, 
	0x00, 0x00, 0x00, 0x00, 0x00, 0x00, 0x00, 0x00, 0x00, 0x00, 0x00, 
	0x00, 0x00, 0x00, 0x00, 0x00, 0x00, 0x00, 0x00, 0x00, 0x00, 0x00, 
	0x00, 0x00, 0x00, 0x00, 0x00, 0x00, 0x00, 0x00, 0x00, 0x00, 0x00, 
	0x00, 0x00, 0x00, 0x00, 0x00, 0x00, 0x00, 0x00, 0x00, 0x00, 0x00, 
	0x00, 0x00, 0x00, 0x00, 0x00, 0x00, 0x00, 0x00, 0x00, 0x00, 0x00, 
	0x00, 0x00, 0x00, 0x00, 0x00, 0x00, 0x00, 0x00, 0x00, 0x00, 0x00, 
	0x00, 0x00, 0x00, 0x00, 0x00, 0x00, 0x00, 0x00, 0x00, 0x00, 0x00, 
	0x00, 0x00, 0x00, 0x00, 0x00, 0x00, 0x00, 0x00, 0x00, 0x00, 0x00, 
	0x00, 0x00, 0x00, 0x00, 0x00, 0x00, 0x00, 0x00, 0x00, 0x00, 0x00, 
	0x00, 0x00, 0x00, 0x00, 0x00, 0x00, 0x00, 0x00, 0x00, 0x00, 0x00, 
	0x00, 0x00, 0x00, 0x00, 0x00, 0x00, 0x00, 0x00, 0x00, 0x00, 0x00, 
	0x00, 0x00, 0x00, 0x00, 0x00, 0x00, 0x00, 0x00, 0x00, 0x00, 0x00, 
	0x00, 0x00, 0x00, 0x00, 0x00, 0x00, 0x00, 0x00, 0x00, 0x00, 0x00, 
	0x00, 0x00, 0x00, 0x00, 0x00, 0x00, 0x00, 0x00, 0x00, 0x00, 0x00, 
	0x00, 0x00, 0x00, 0x00, 0x00, 0x00, 0x00, 0x00, 0x00, 0x00, 0x00, 
	0x00, 0x00, 0x00, 0x00, 0x00, 0x00, 0x00, 0x00, 0x00, 0x00, 0x00, 
	0x00, 0x00, 0x00, 0x00, 0x00, 0x00, 0x00, 0x00, 0x00, 0x00, 0x00, 
	0x00, 0x00, 0x00, 0x00, 0x00, 0x00, 0x00, 0x00, 0x00, 0x00, 0x00, 
	0x00, 0x00, 0x00, 0x00, 0x00, 0x00, 0x00, 0x00, 0x00, 0x00, 0x00, 
	0x00, 0x00, 0x00, 0x00, 0x00, 0x00, 0x00, 0x00, 0x00, 0x00, 0x00, 
	0x00, 0x00, 0x00, 0x00, 0x00, 0x00, 0x00, 0x00, 0x00, 0x00, 0x00, 
	0x00, 0x00, 0x00, 0x00, 0x00, 0x00, 0x00, 0x00, 0x00, 0x00, 0x00, 
	0x00, 0x00, 0x00, 0x00, 0x00, 0x00, 0x00, 0x00, 0x00, 0x00, 0x00, 
	0x00, 0x00, 0x00, 0x00, 0x00, 0x00, 0x00, 0x00, 0x00, 0x00, 0x00, 
	0x00, 0x00, 0x00, 0x00, 0x00, 0x00, 0x00, 0x00, 0x00, 0x00, 0x00, 
	0x00, 0x00, 0x00, 0x00, 0x00, 0x00, 0x00, 0x00, 0x00, 0x00, 0x00, 
	0x00, 0x00, 0x00, 0x00, 0x00, 0x00, 0x00, 0x00, 0x00, 0x00, 0x00, 
	0x00, 0x00, 0x00, 0x00, 0x00, 0x00, 0x00, 0x00, 0x00, 0x00, 0x00, 
	0x00, 0x00, 0x00, 0x00, 0x00, 0x00, 0x00, 0x00, 0x00, 0x00, 0x00, 
	0x00, 0x00, 0x00, 0x00, 0x00, 0x00, 0x00, 0x00, 0x00, 0x00, 0x00, 
	0x00, 0x00, 0x00, 0x00, 0x00, 0x00, 0x00, 0x00, 0x00, 0x00, 0x00, 
	0x00, 0x00, 0x00, 0x00, 0x00, 0x00, 0x00, 0x00, 0x00, 0x00, 0x00, 
	0x00, 0x00, 0x00, 0x00, 0x00, 0x00, 0x00, 0x00, 0x00, 0x00, 0x00, 
	0x00, 0x00, 0x00, 0x00, 0x00, 0x00, 0x00, 0x00, 0x00, 0x00, 0x00, 
	0x00, 0x00, 0x00, 0x00, 0x00, 0x00, 0x00, 0x00, 0x00, 0x00, 0x00, 
	0x00, 0x00, 0x00, 0x00, 0x00, 0x00, 0x00, 0x00, 0x00, 0x00, 0x00, 
	0x00, 0x00, 0x00, 0x00, 0x00, 0x00, 0x00, 0x00, 0x00, 0x00, 0x00, 
	0x00, 0x00, 0x00, 0x00, 0x00, 0x00, 0x00, 0x00, 0x00, 0x00, 0x00, 
	0x00, 0x00, 0x00, 0x00, 0x00, 0x00, 0x00, 0x00, 0x00, 0x00, 0x00, 
	0x00, 0x00, 0x00, 0x00, 0x00, 0x00, 0x00, 0x00, 0x00, 0x00, 0x00, 
	0x00, 0x00, 0x00, 0x00, 0x00, 0x00, 0x00, 0x00, 0x00, 0x00, 0x00, 
	0x00, 0x00, 0x00, 0x00, 0x00, 0x00, 0x00, 0x00, 0x00, 0x00, 0x00, 
	0x00, 0x00, 0x00, 0x00, 0x00, 0x00, 0x00, 0x00, 0x00, 0x00, 0x00, 
	0x00, 0x00, 0x00, 0x00, 0x00, 0x00, 0x00, 0x00, 0x00, 0x00, 0x00, 
	0x00, 0x00, 0x00, 0x00, 0x00, 0x00, 0x00, 0x00, 0x00, 0x00, 0x00, 
	0x00, 0x00, 0x00, 0x00, 0x00, 0x00, 0x00, 0x00, 0x00, 0x00, 0x00, 
	0x00, 0x00, 0x00, 0x00, 0x00, 0x00, 0x00, 0x00, 0x00, 0x00, 0x00, 
	0x00, 0x00, 0x00, 0x00, 0x00, 0x00, 0x00, 0x00, 0x00, 0x00, 0x00, 
	0x00, 0x00, 0x00, 0x00, 0x00, 0x00, 0x00, 0x00, 0x00, 0x00, 0x00, 
	0x00, 0x00, 0x00, 0x00, 0x00, 0x00, 0x00, 0x00, 0x00, 0x00, 0x00, 
	0x00, 0x00, 0x00, 0x00, 0x00, 0x00, 0x00, 0x00, 0x00, 0x00, 0x00, 
	0x00, 0x00, 0x00, 0x00, 0x00, 0x00, 0x00, 0x00, 0x00, 0x00, 0x00, 
	0x00, 0x00, 0x00, 0x00, 0x00, 0x00, 0x00, 0x00, 0x00, 0x00, 0x00, 
	0x00, 0x00, 0x00, 0x00, 0x00, 0x00, 0x00, 0x00, 0x00, 0x00, 0x00, 
	0x00, 0x00, 0x00, 0x00, 0x00, 0x00, 0x00, 0x00, 0x00, 0x00, 0x00, 
	0x00, 0x00, 0x00, 0x00, 0x00, 0x00, 0x00, 0x00, 0x00, 0x00, 0x00, 
	0x00, 0x00, 0x00, 0x00, 0x00, 0x00, 0x00, 0x00, 0x00, 0x00, 0x00, 
	0x00, 0x00, 0x00, 0x00, 0x00, 0x00, 0x00, 0x00, 0x00, 0x00, 0x00, 
	0x00, 0x00, 0x00, 0x00, 0x00, 0x00, 0x00, 0x00, 0x00, 0x00, 0x00, 
	0x00, 0x00, 0x00, 0x00, 0x00, 0x00, 0x00, 0x00, 0x00, 0x00, 0x00, 
	0x00, 0x00, 0x00, 0x00, 0x00, 0x00, 0x00, 0x00, 0x00, 0x00, 0x00, 
	0x00, 0x00, 0x00, 0x00, 0x00, 0x00, 0x00, 0x00, 0x00, 0x00, 0x00, 
	0x00, 0x00, 0x00, 0x00, 0x00, 0x00, 0x00, 0x00, 0x00, 0x00, 0x00, 
	0x00, 0x00, 0x00, 0x00, 0x00, 0x00, 0x00, 0x00, 0x00, 0x00, 0x00, 
	0x00, 0x00, 0x00, 0x00, 0x00, 0x00, 0x00, 0x00, 0x00, 0x00, 0x00, 
	0x00, 0x00, 0x00, 0x00, 0x00, 0x00, 0x00, 0x00, 0x00, 0x00, 0x00, 
	0x00, 0x00, 0x00, 0x00, 0x00, 0x00, 0x00, 0x00, 0x00, 0x00, 0x00, 
	0x00, 0x00, 0x00, 0x00, 0x00, 0x00, 0x00, 0x00, 0x00, 0x00, 0x00, 
	0x00, 0x00, 0x00, 0x00, 0x00, 0x00, 0x00, 0x00, 0x00, 0x00, 0x00, 
	0x00, 0x00, 0x00, 0x00, 0x00, 0x00, 0x00, 0x00, 0x00, 0x00, 0x00, 
	0x00, 0x00, 0x00, 0x00, 0x00, 0x00, 0x00, 0x00, 0x00, 0x00, 0x00, 
	0x00, 0x00, 0x00, 0x00, 0x00, 0x00, 0x00, 0x00, 0x00, 0x00, 0x00, 
	0x00, 0x00, 0x00, 0x00, 0x00, 0x00, 0x00, 0x00, 0x00, 0x00, 0x00, 
	0x00, 0x00, 0x00, 0x00, 0x00, 0x00, 0x00, 0x00, 0x00, 0x00, 0x00, 
	0x00, 0x00, 0x00, 0x00, 0x00, 0x00, 0x00, 0x00, 0x00, 0x00, 0x00, 
	0x00, 0x00, 0x00, 0x00, 0x00, 0x00, 0x00, 0x00, 0x00, 0x00, 0x00, 
	0x00, 0x00, 0x00, 0x00, 0x00, 0x00, 0x00, 0x00, 0x00, 0x00, 0x00, 
	0x00, 0x00, 0x00, 0x00, 0x00, 0x00, 0x00, 0x00, 0x00, 0x00, 0x00, 
	0x00, 0x00, 0x00, 0x00, 0x00, 0x00, 0x00, 0x00, 0x00, 0x00, 0x00, 
	0x00, 0x00, 0x00, 0x00, 0x00, 0x00, 0x00, 0x00, 0x00, 0x00, 0x00, 
	0x00, 0x00, 0x00, 0x00, 0x00, 0x00, 0x00, 0x00, 0x00, 0x00, 0x00, 
	0x00, 0x00, 0x00, 0x00, 0x00, 0x00, 0x00, 0x00, 0x00, 0x00, 0x00, 
	0x00, 0x00, 0x00, 0x00, 0x00, 0x00, 0x00, 0x00, 0x00, 0x00, 0x00, 
	0x00, 0x00, 0x00, 0x00, 0x00, 0x00, 0x00, 0x00, 0x00, 0x00, 0x00, 
	0x00, 0x00, 0x00, 0x00, 0x00, 0x00, 0x00, 0x00, 0x00, 0x00, 0x00, 
	0x00, 0x00, 0x00, 0x00, 0x00, 0x00, 0x00, 0x00, 0x00, 0x00, 0x00, 
	0x00, 0x00, 0x00, 0x00, 0x00, 0x00, 0x00, 0x00, 0x00, 0x00, 0x00, 
	0x00, 0x00, 0x00, 0x00, 0x00, 0x00, 0x00, 0x00, 0x00, 0x00, 0x00, 
	0x00, 0x00, 0x00, 0x00, 0x00, 0x00, 0x00, 0x00, 0x00, 0x00, 0x00, 
	0x00, 0x00, 0x00, 0x00, 0x00, 0x00, 0x00, 0x00, 0x00, 0x00, 0x00, 
	0x00, 0x00, 0x00, 0x00, 0x00, 0x00, 0x00, 0x00, 0x00, 0x00, 0x00, 
	0x00, 0x00, 0x00, 0x00, 0x00, 0x00, 0x00, 0x00, 0x00, 0x00, 0x00, 
	0x00, 0x00, 0x00, 0x00, 0x00, 0x00, 0x00, 0x00, 0x00, 0x00, 0x00, 
	0x00, 0x00, 0x00, 0x00, 0x00, 0x00, 0x00, 0x00, 0x00, 0x00, 0x00, 
	0x00, 0x00, 0x00, 0x00, 0x00, 0x00, 0x00, 0x00, 0x00, 0x00, 0x00, 
	0x00, 0x00, 0x00, 0x00, 0x00, 0x00, 0x00, 0x00, 0x00, 0x00, 0x00, 
	0x00, 0x00, 0x00, 0x00, 0x00, 0x00, 0x00, 0x00, 0x00, 0x00, 0x00, 
	0x00, 0x00, 0x00, 0x00, 0x00, 0x00, 0x00, 0x00, 0x00, 0x00, 0x00, 
	0x00, 0x00, 0x00, 0x00, 0x00, 0x00, 0x00, 0x00, 0x00, 0x00, 0x00, 
	0x00, 0x00, 0x00, 0x00, 0x00, 0x00, 0x00, 0x00, 0x00, 0x00, 0x00, 
	0x00, 0x00, 0x00, 0x00, 0x00, 0x00, 0x00, 0x00, 0x00, 0x00, 0x00, 
	0x00, 0x00, 0x00, 0x00, 0x00, 0x00, 0x00, 0x00, 0x00, 0x00, 0x00, 
	0x00, 0x00, 0x00, 0x00, 0x00, 0x00, 0x00, 0x00, 0x00, 0x00, 0x00, 
	0x00, 0x00, 0x00, 0x00, 0x00, 0x00, 0x00, 0x00, 0x00, 0x00, 0x00, 
	0x00, 0x00, 0x00, 0x00, 0x00, 0x00, 0x00, 0x00, 0x00, 0x00, 0x00, 
	0x00, 0x00, 0x00, 0x00, 0x00, 0x00, 0x00, 0x00, 0x00, 0x00, 0x00, 
	0x00, 0x00, 0x00, 0x00, 0x00, 0x00, 0x00, 0x00, 0x00, 0x00, 0x00, 
	0x00, 0x00, 0x00, 0x00, 0x00, 0x00, 0x00, 0x00, 0x00, 0x00, 0x00, 
	0x00, 0x00, 0x00, 0x00, 0x00, 0x00, 0x00, 0x00, 0x00, 0x00, 0x00, 
	0x00, 0x00, 0x00, 0x00, 0x00, 0x00, 0x00, 0x00, 0x00, 0x00, 0x00, 
	0x00, 0x00, 0x00, 0x00, 0x00, 0x00, 0x00, 0x00, 0x00, 0x00, 0x00, 
	0x00, 0x00, 0x00, 0x00, 0x00, 0x00, 0x00, 0x00, 0x00, 0x00, 0x00, 
	0x00, 0x00, 0x00, 0x00, 0x00, 0x00, 0x00, 0x00, 0x00, 0x00, 0x00, 
	0x00, 0x00, 0x00, 0x00, 0x00, 0x00, 0x00, 0x00, 0x00, 0x00, 0x00, 
	0x00, 0x00, 0x00, 0x00, 0x00, 0x00, 0x00, 0x00, 0x00, 0x00, 0x00, 
	0x00, 0x00, 0x00, 0x00, 0x00, 0x00, 0x00, 0x00, 0x00, 0x00, 0x00, 
	0x00, 0x00, 0x00, 0x00, 0x00, 0x00, 0x00, 0x00, 0x00, 0x00, 0x00, 
	0x00, 0x00, 0x00, 0x00, 0x00, 0x00, 0x00, 0x00, 0x00, 0x00, 0x00, 
	0x00, 0x00, 0x00, 0x00, 0x00, 0x00, 0x00, 0x00, 0x00, 0x00, 0x00, 
	0x00, 0x00, 0x00, 0x00, 0x00, 0x00, 0x00, 0x00, 0x00, 0x00, 0x00, 
	0x00, 0x00, 0x00, 0x00, 0x00, 0x00, 0x00, 0x00, 0x00, 0x00, 0x00, 
	0x00, 0x00, 0x00, 0x00, 0x00, 0x00, 0x00, 0x00, 0x00, 0x00, 0x00, 
	0x00, 0x00, 0x00, 0x00, 0x00, 0x00, 0x00, 0x00, 0x00, 0x00, 0x00, 
	0x00, 0x00, 0x00, 0x00, 0x00, 0x00, 0x00, 0x00, 0x00, 0x00, 0x00, 
	0x00, 0x00, 0x00, 0x00, 0x00, 0x00, 0x00, 0x00, 0x00, 0x00, 0x00, 
	0x00, 0x00, 0x00, 0x00, 0x00, 0x00, 0x00, 0x00, 0x00, 0x00, 0x00, 
	0x00, 0x00, 0x00, 0x00, 0x00, 0x00, 0x00, 0x00, 0x00, 0x00, 0x00, 
	0x00, 0x00, 0x00, 0x00, 0x00, 0x00, 0x00, 0x00, 0x00, 0x00, 0x00, 
	0x00, 0x00, 0x00, 0x00, 0x00, 0x00, 0x00, 0x00, 0x00, 0x00, 0x00, 
	0x00, 0x00, 0x00, 0x00, 0x00, 0x00, 0x00, 0x00, 0x00, 0x00, 0x00, 
	0x00, 0x00, 0x00, 0x00, 0x00, 0x00, 0x00, 0x00, 0x00, 0x00, 0x00, 
	0x00, 0x00, 0x00, 0x00, 0x00, 0x00, 0x00, 0x00, 0x00, 0x00, 0x00, 
	0x00, 0x00, 0x00, 0x00, 0x00, 0x00, 0x00, 0x00, 0x00, 0x00, 0x00, 
	0x00, 0x00, 0x00, 0x00, 0x00, 0x00, 0x00, 0x00, 0x00, 0x00, 0x00, 
	0x00, 0x00, 0x00, 0x00, 0x00, 0x00, 0x00, 0x00, 0x00, 0x00, 0x00, 
	0x00, 0x00, 0x00, 0x00, 0x00, 0x00, 0x00, 0x00, 0x00, 0x00, 0x00, 
	0x00, 0x00, 0x00, 0x00, 0x00, 0x00, 0x00, 0x00, 0x00, 0x00, 0x00, 
	0x00, 0x00, 0x00, 0x00, 0x00, 0x00, 0x00, 0x00, 0x00, 0x00, 0x00, 
	0x00, 0x00, 0x00, 0x00, 0x00, 0x00, 0x00, 0x00, 0x00, 0x00, 0x00, 
	0x00, 0x00, 0x00, 0x00, 0x00, 0x00, 0x00, 0x00, 0x00, 0x00, 0x00, 
	0x00, 0x00, 0x00, 0x00, 0x00, 0x00, 0x00, 0x00, 0x00, 0x00, 0x00, 
	0x00, 0x00, 0x00, 0x00, 0x00, 0x00, 0x00, 0x00, 0x00, 0x00, 0x00, 
	0x00, 0x00, 0x00, 0x00, 0x00, 0x00, 0x00, 0x00, 0x00, 0x00, 0x00, 
	0x00, 0x00, 0x00, 0x00, 0x00, 0x00, 0x00, 0x00, 0x00, 0x00, 0x00, 
	0x00, 0x00, 0x00, 0x00, 0x00, 0x00, 0x00, 0x00, 0x00, 0x00, 0x00, 
	0x00, 0x00, 0x00, 0x00, 0x00, 0x00, 0x00, 0x00, 0x00, 0x00, 0x00, 
	0x00, 0x00, 0x00, 0x00, 0x00, 0x00, 0x00, 0x00, 0x00, 0x00, 0x00, 
	0x00, 0x00, 0x00, 0x00, 0x00, 0x00, 0x00, 0x00, 0x00, 0x00, 0x00, 
	0x00, 0x00, 0x00, 0x00, 0x00, 0x00, 0x00, 0x00, 0x00, 0x00, 0x00, 
	0x00, 0x00, 0x00, 0x00, 0x00, 0x00, 0x00, 0x00, 0x00, 0x00, 0x00, 
	0x00, 0x00, 0x00, 0x00, 0x00, 0x00, 0x00, 0x00, 0x00, 0x00, 0x00, 
	0x00, 0x00, 0x00, 0x00, 0x00, 0x00, 0x00, 0x00, 0x00, 0x00, 0x00, 
	0x00, 0x00, 0x00, 0x00, 0x00, 0x00, 0x00, 0x00, 0x00, 0x00, 0x00, 
	0x00, 0x00, 0x00, 0x00, 0x00, 0x00, 0x00, 0x00, 0x00, 0x00, 0x00, 
	0x00, 0x00, 0x00, 0x00, 0x00, 0x00, 0x00, 0x00, 0x00, 0x00, 0x00, 
	0x00, 0x00, 0x00, 0x00, 0x00, 0x00, 0x00, 0x00, 0x00, 0x00, 0x00, 
	0x00, 0x00, 0x00, 0x00, 0x00, 0x00, 0x00, 0x00, 0x00, 0x00, 0x00, 
	0x00, 0x00, 0x00, 0x00, 0x00, 0x00, 0x00, 0x00, 0x00, 0x00, 0x00, 
	0x00, 0x00, 0x00, 0x00, 0x00, 0x00, 0x00, 0x00, 0x00, 0x00, 0x00, 
	0x00, 0x00, 0x00, 0x00, 0x00, 0x00, 0x00, 0x00, 0x00, 0x00, 0x00, 
	0x00, 0x00, 0x00, 0x00, 0x00, 0x00, 0x00, 0x00, 0x00, 0x00, 0x00, 
	0x00, 0x00, 0x00, 0x00, 0x00, 0x00, 0x00, 0x00, 0x00, 0x00, 0x00, 
	0x00, 0x00, 0x00, 0x00, 0x00, 0x00, 0x00, 0x00, 0x00, 0x00, 0x00, 
	0x00, 0x00, 0x00, 0x00, 0x00, 0x00, 0x00, 0x00, 0x00, 0x00, 0x00, 
	0x00, 0x00, 0x00, 0x00, 0x00, 0x00, 0x00, 0x00, 0x00, 0x00, 0x00, 
	0x00, 0x00, 0x00, 0x00, 0x00, 0x00, 0x00, 0x00, 0x00, 0x00, 0x00, 
	0x00, 0x00, 0x00, 0x00, 0x00, 0x00, 0x00, 0x00, 0x00, 0x00, 0x00, 
	0x00, 0x00, 0x00, 0x00, 0x00, 0x00, 0x00, 0x00, 0x00, 0x00, 0x00, 
	0x00, 0x00, 0x00, 0x00, 0x00, 0x00, 0x00, 0x00, 0x00, 0x00, 0x00, 
	0x00, 0x00, 0x00, 0x00, 0x00, 0x00, 0x00, 0x00, 0x00, 0x00, 0x00, 
	0x00, 0x00, 0x00, 0x00, 0x00, 0x00, 0x00, 0x00, 0x00, 0x00, 0x00, 
	0x00, 0x00, 0x00, 0x00, 0x00, 0x00, 0x00, 0x00, 0x00, 0x00, 0x00, 
	0x00, 0x00, 0x00, 0x00, 0x00, 0x00, 0x00, 0x00, 0x00, 0x00, 0x00, 
	0x00, 0x00, 0x00, 0x00, 0x00, 0x00, 0x00, 0x00, 0x00, 0x00, 0x00, 
	0x00, 0x00, 0x00, 0x00, 0x00, 0x00, 0x00, 0x00, 0x00, 0x00, 0x00, 
	0x00, 0x00, 0x00, 0x00, 0x00, 0x00, 0x00, 0x00, 0x00, 0x00, 0x00, 
	0x00, 0x00, 0x00, 0x00, 0x00, 0x00, 0x00, 0x00, 0x00, 0x00, 0x00, 
	0x00, 0x00, 0x00, 0x00, 0x00, 0x00, 0x00, 0x00, 0x00, 0x00, 0x00, 
	0x00, 0x00, 0x00, 0x00, 0x00, 0x00, 0x00, 0x00, 0x00, 0x00, 0x00, 
	0x00, 0x00, 0x00, 0x00, 0x00, 0x00, 0x00, 0x00, 0x00, 0x00, 0x00, 
	0x00, 0x00, 0x00, 0x00, 0x00, 0x00, 0x00, 0x00, 0x00, 0x00, 0x00, 
	0x00, 0x00, 0x00, 0x00, 0x00, 0x00, 0x00, 0x00, 0x00, 0x00, 0x00, 
	0x00, 0x00, 0x00, 0x00, 0x00, 0x00, 0x00, 0x00, 0x00, 0x00, 0x00, 
	0x00, 0x00, 0x00, 0x00, 0x00, 0x00, 0x00, 0x00, 0x00, 0x00, 0x00, 
	0x00, 0x00, 0x00, 0x00, 0x00, 0x00, 0x00, 0x00, 0x00, 0x00, 0x00, 
	0x00, 0x00, 0x00, 0x00, 0x00, 0x00, 0x00, 0x00, 0x00, 0x00, 0x00, 
	0x00, 0x00, 0x00, 0x00, 0x00, 0x00, 0x00, 0x00, 0x00, 0x00, 0x00, 
	0x00, 0x00, 0x00, 0x00, 0x00, 0x00, 0x00, 0x00, 0x00, 0x00, 0x00, 
	0x00, 0x00, 0x00, 0x00, 0x00, 0x00, 0x00, 0x00, 0x00, 0x00, 0x00, 
	0x00, 0x00, 0x00, 0x00, 0x00, 0x00, 0x00, 0x00, 0x00, 0x00, 0x00, 
	0x00, 0x00, 0x00, 0x00, 0x00, 0x00, 0x00, 0x00, 0x00, 0x00, 0x00, 
	0x00, 0x00, 0x00, 0x00, 0x00, 0x00, 0x00, 0x00, 0x00, 0x00, 0x00, 
	0x00, 0x00, 0x00, 0x00, 0x00, 0x00, 0x00, 0x00, 0x00, 0x00, 0x00, 
	0x00, 0x00, 0x00, 0x00, 0x00, 0x00, 0x00, 0x00, 0x00, 0x00, 0x00, 
	0x00, 0x00, 0x00, 0x00, 0x00, 0x00, 0x00, 0x00, 0x00, 0x00, 0x00, 
	0x00, 0x00, 0x00, 0x00, 0x00, 0x00, 0x00, 0x00, 0x00, 0x00, 0x00, 
	0x00, 0x00, 0x00, 0x00, 0x00, 0x00, 0x00, 0x00, 0x00, 0x00, 0x00, 
	0x00, 0x00, 0x00, 0x00, 0x00, 0x00, 0x00, 0x00, 0x00, 0x00, 0x00, 
	0x00, 0x00, 0x00, 0x00, 0x00, 0x00, 0x00, 0x00, 0x00, 0x00, 0x00, 
	0x00, 0x00, 0x00, 0x00, 0x00, 0x00, 0x00, 0x00, 0x00, 0x00, 0x00, 
	0x00, 0x00, 0x00, 0x00, 0x00, 0x00, 0x00, 0x00, 0x00, 0x00, 0x00, 
	0x00, 0x00, 0x00, 0x00, 0x00, 0x00, 0x00, 0x00, 0x00, 0x00, 0x00, 
	0x00, 0x00, 0x00, 0x00, 0x00, 0x00, 0x00, 0x00, 0x00, 0x00, 0x00, 
	0x00, 0x00, 0x00, 0x00, 0x00, 0x00, 0x00, 0x00, 0x00, 0x00, 0x00, 
	0x00, 0x00, 0x00, 0x00, 0x00, 0x00, 0x00, 0x00, 0x00, 0x00, 0x00, 
	0x00, 0x00, 0x00, 0x00, 0x00, 0x00, 0x00, 0x00, 0x00, 0x00, 0x00, 
	0x00, 0x00, 0x00, 0x00, 0x00, 0x00, 0x00, 0x00, 0x00, 0x00, 0x00, 
	0x00, 0x00, 0x00, 0x00, 0x00, 0x00, 0x00, 0x00, 0x00, 0x00, 0x00, 
	0x00, 0x00, 0x00, 0x00, 0x00, 0x00, 0x00, 0x00, 0x00, 0x00, 0x00, 
	0x00, 0x00, 0x00, 0x00, 0x00, 0x00, 0x00, 0x00, 0x00, 0x00, 0x00, 
	0x00, 0x00, 0x00, 0x00, 0x00, 0x00, 0x00, 0x00, 0x00, 0x00, 0x00, 
	0x00, 0x00, 0x00, 0x00, 0x00, 0x00, 0x00, 0x00, 0x00, 0x00, 0x00, 
	0x00, 0x00, 0x00, 0x00, 0x00, 0x00, 0x00, 0x00, 0x00, 0x00, 0x00, 
	0x00, 0x00, 0x00, 0x00, 0x00, 0x00, 0x00, 0x00, 0x00, 0x00, 0x00, 
	0x00, 0x00, 0x00, 0x00, 0x00, 0x00, 0x00, 0x00, 0x00, 0x00, 0x00, 
	0x00, 0x00, 0x00, 0x00, 0x00, 0x00, 0x00, 0x00, 0x00, 0x00, 0x00, 
	0x00, 0x00, 0x00, 0x00, 0x00, 0x00, 0x00, 0x00, 0x00, 0x00, 0x00, 
	0x00, 0x00, 0x00, 0x00, 0x00, 0x00, 0x00, 0x00, 0x00, 0x00, 0x00, 
	0x00, 0x00, 0x00, 0x00, 0x00, 0x00, 0x00, 0x00, 0x00, 0x00, 0x00, 
	0x00, 0x00, 0x00, 0x00, 0x00, 0x00, 0x00, 0x00, 0x00, 0x00, 0x00, 
	0x00, 0x00, 0x00, 0x00, 0x00, 0x00, 0x00, 0x00, 0x00, 0x00, 0x00, 
	0x00, 0x00, 0x00, 0x00, 0x00, 0x00, 0x00, 0x00, 0x00, 0x00, 0x00, 
	0x00, 0x00, 0x00, 0x00, 0x00, 0x00, 0x00, 0x00, 0x00, 0x00, 0x00, 
	0x00, 0x00, 0x00, 0x00, 0x00, 0x00, 0x00, 0x00, 0x00, 0x00, 0x00, 
	0x00, 0x00, 0x00, 0x00, 0x00, 0x00, 0x00, 0x00, 0x00, 0x00, 0x00, 
	0x00, 0x00, 0x00, 0x00, 0x00, 0x00, 0x00, 0x00, 0x00, 0x00, 0x00, 
	0x00, 0x00, 0x00, 0x00, 0x00, 0x00, 0x00, 0x00, 0x00, 0x00, 0x00, 
	0x00, 0x00, 0x00, 0x00, 0x00, 0x00, 0x00, 0x00, 0x00, 0x00, 0x00, 
	0x00, 0x00, 0x00, 0x00, 0x00, 0x00, 0x00, 0x00, 0x00, 0x00, 0x00, 
	0x00, 0x00, 0x00, 0x00, 0x00, 0x00, 0x00, 0x00, 0x00, 0x00, 0x00, 
	0x00, 0x00, 0x00, 0x00, 0x00, 0x00, 0x00, 0x00, 0x00, 0x00, 0x00, 
	0x00, 0x00, 0x00, 0x00, 0x00, 0x00, 0x00, 0x00, 0x00, 0x00, 0x00, 
	0x00, 0x00, 0x00, 0x00, 0x00, 0x00, 0x00, 0x00, 0x00, 0x00, 0x00, 
	0x00, 0x00, 0x00, 0x00, 0x00, 0x00, 0x00, 0x00, 0x00, 0x00, 0x00, 
	0x00, 0x00, 0x00, 0x00, 0x00, 0x00, 0x00, 0x00, 0x00, 0x00, 0x00, 
	0x00, 0x00, 0x00, 0x00, 0x00, 0x00, 0x00, 0x00, 0x00, 0x00, 0x00, 
	0x00, 0x00, 0x00, 0x00, 0x00, 0x00, 0x00, 0x00, 0x00, 0x00, 0x00, 
	0x00, 0x00, 0x00, 0x00, 0x00, 0x00, 0x00, 0x00, 0x00, 0x00, 0x00, 
	0x00, 0x00, 0x00, 0x00, 0x00, 0x00, 0x00, 0x00, 0x00, 0x00, 0x00, 
	0x00, 0x00, 0x00, 0x00, 0x00, 0x00, 0x00, 0x00, 0x00, 0x00, 0x00, 
	0x00, 0x00, 0x00, 0x00, 0x00, 0x00, 0x00, 0x00, 0x00, 0x00, 0x00, 
	0x00, 0x00, 0x00, 0x00, 0x00, 0x00, 0x00, 0x00, 0x00, 0x00, 0x00, 
	0x00, 0x00, 0x00, 0x00, 0x00, 0x00, 0x00, 0x00, 0x00, 0x00, 0x00, 
	0x00, 0x00, 0x00, 0x00, 0x00, 0x00, 0x00, 0x00, 0x00, 0x00, 0x00, 
	0x00, 0x00, 0x00, 0x00, 0x00, 0x00, 0x00, 0x00, 0x00, 0x00, 0x00, 
	0x00, 0x00, 0x00, 0x00, 0x00, 0x00, 0x00, 0x00, 0x00, 0x00, 0x00, 
	0x00, 0x00, 0x00, 0x00, 0x00, 0x00, 0x00, 0x00, 0x00, 0x00, 0x00, 
	0x00, 0x00, 0x00, 0x00, 0x00, 0x00, 0x00, 0x00, 0x00, 0x00, 0x00, 
	0x00, 0x00, 0x00, 0x00, 0x00, 0x00, 0x00, 0x00, 0x00, 0x00, 0x00, 
	0x00, 0x00, 0x00, 0x00, 0x00, 0x00, 0x00, 0x00, 0x00, 0x00, 0x00, 
	0x00, 0x00, 0x00, 0x00, 0x00, 0x00, 0x00, 0x00, 0x00, 0x00, 0x00, 
	0x00, 0x00, 0x00, 0x00, 0x00, 0x00, 0x00, 0x00, 0x00, 0x00, 0x00, 
	0x00, 0x00, 0x00, 0x00, 0x00, 0x00, 0x00, 0x00, 0x00, 0x00, 0x00, 
	0x00, 0x00, 0x00, 0x00, 0x00, 0x00, 0x00, 0x00, 0x00, 0x00, 0x00, 
	0x00, 0x00, 0x00, 0x00, 0x00, 0x00, 0x00, 0x00, 0x00, 0x00, 0x00, 
	0x00, 0x00, 0x00, 0x00, 0x00, 0x00, 0x00, 0x00, 0x00, 0x00, 0x00, 
	0x00, 0x00, 0x00, 0x00, 0x00, 0x00, 0x00, 0x00, 0x00, 0x00, 0x00, 
	0x00, 0x00, 0x00, 0x00, 0x00, 0x00, 0x00, 0x00, 0x00, 0x00, 0x00, 
	0x00, 0x00, 0x00, 0x00, 0x00, 0x00, 0x00, 0x00, 0x00, 0x00, 0x00, 
	0x00, 0x00, 0x00, 0x00, 0x00, 0x00, 0x00, 0x00, 0x00, 0x00, 0x00, 
	0x00, 0x00, 0x00, 0x00, 0x00, 0x00, 0x00, 0x00, 0x00, 0x00, 0x00, 
	0x00, 0x00, 0x00, 0x00, 0x00, 0x00, 0x00, 0x00, 0x00, 0x00, 0x00, 
	0x00, 0x00, 0x00, 0x00, 0x00, 0x00, 0x00, 0x00, 0x00, 0x00, 0x00, 
	0x00, 0x00, 0x00, 0x00, 0x00, 0x00, 0x00, 0x00, 0x00, 0x00, 0x00, 
	0x00, 0x00, 0x00, 0x00, 0x00, 0x00, 0x00, 0x00, 0x00, 0x00, 0x00, 
	0x00, 0x00, 0x00, 0x00, 0x00, 0x00, 0x00, 0x00, 0x00, 0x00, 0x00, 
	0x00, 0x00, 0x00, 0x00, 0x00, 0x00, 0x00, 0x00, 0x00, 0x00, 0x00, 
	0x00, 0x00, 0x00, 0x00, 0x00, 0x00, 0x00, 0x00, 0x00, 0x00, 0x00, 
	0x00, 0x00, 0x00, 0x00, 0x00, 0x00, 0x00, 0x00, 0x00, 0x00, 0x00, 
	0x00, 0x00, 0x00, 0x00, 0x00, 0x00, 0x00, 0x00, 0x00, 0x00, 0x00, 
	0x00, 0x00, 0x00, 0x00, 0x00, 0x00, 0x00, 0x00, 0x00, 0x00, 0x00, 
	0x00, 0x00, 0x00, 0x00, 0x00, 0x00, 0x00, 0x00, 0x00, 0x00, 0x00, 
	0x00, 0x00, 0x00, 0x00, 0x00, 0x00, 0x00, 0x00, 0x00, 0x00, 0x00, 
	0x00, 0x00, 0x00, 0x00, 0x00, 0x00, 0x00, 0x00, 0x00, 0x00, 0x00, 
	0x00, 0x00, 0x00, 0x00, 0x00, 0x00, 0x00, 0x00, 0x00, 0x00, 0x00, 
	0x00, 0x00, 0x00, 0x00, 0x00, 0x00, 0x00, 0x00, 0x00, 0x00, 0x00, 
	0x00, 0x00, 0x00, 0x00, 0x00, 0x00, 0x00, 0x00, 0x00, 0x00, 0x00, 
	0x00, 0x00, 0x00, 0x00, 0x00, 0x00, 0x00, 0x00, 0x00, 0x00, 0x00, 
	0x00, 0x00, 0x00, 0x00, 0x00, 0x00, 0x00, 0x00, 0x00, 0x00, 0x00, 
	0x00, 0x00, 0x00, 0x00, 0x00, 0x00, 0x00, 0x00, 0x00, 0x00, 0x00, 
	0x00, 0x00, 0x00, 0x00, 0x00, 0x00, 0x00, 0x00, 0x00, 0x00, 0x00, 
	0x00, 0x00, 0x00, 0x00, 0x00, 0x00, 0x00, 0x00, 0x00, 0x00, 0x00, 
	0x00, 0x00, 0x00, 0x00, 0x00, 0x00, 0x00, 0x00, 0x00, 0x00, 0x00, 
	0x00, 0x00, 0x00, 0x00, 0x00, 0x00, 0x00, 0x00, 0x00, 0x00, 0x00, 
	0x00, 0x00, 0x00, 0x00, 0x00, 0x00, 0x00, 0x00, 0x00, 0x00, 0x00, 
	0x00, 0x00, 0x00, 0x00, 0x00, 0x00, 0x00, 0x00, 0x00, 0x00, 0x00, 
	0x00, 0x00, 0x00, 0x00, 0x00, 0x00, 0x00, 0x00, 0x00, 0x00, 0x00, 
	0x00, 0x00, 0x00, 0x00, 0x00, 0x00, 0x00, 0x00, 0x00, 0x00, 0x00, 
	0x00, 0x00, 0x00, 0x00, 0x00, 0x00, 0x00, 0x00, 0x00, 0x00, 0x00, 
	0x00, 0x00, 0x00, 0x00, 0x00, 0x00, 0x00, 0x00, 0x00, 0x00, 0x00, 
	0x00, 0x00, 0x00, 0x00, 0x00, 0x00, 0x00, 0x00, 0x00, 0x00, 0x00, 
	0x00, 0x00, 0x00, 0x00, 0x00, 0x00, 0x00, 0x00, 0x00, 0x00, 0x00, 
	0x00, 0x00, 0x00, 0x00, 0x00, 0x00, 0x00, 0x00, 0x00, 0x00, 0x00, 
	0x00, 0x00, 0x00, 0x00, 0x00, 0x00, 0x00, 0x00, 0x00, 0x00, 0x00, 
	0x00, 0x00, 0x00, 0x00, 0x00, 0x00, 0x00, 0x00, 0x00, 0x00, 0x00, 
	0x00, 0x00, 0x00, 0x00, 0x00, 0x00, 0x00, 0x00, 0x00, 0x00, 0x00, 
	0x00, 0x00, 0x00, 0x00, 0x00, 0x00, 0x00, 0x00, 0x00, 0x00, 0x00, 
	0x00, 0x00, 0x00, 0x00, 0x00, 0x00, 0x00, 0x00, 0x00, 0x00, 0x00, 
	0x00, 0x00, 0x00, 0x00, 0x00, 0x00, 0x00, 0x00, 0x00, 0x00, 0x00, 
	0x00, 0x00, 0x00, 0x00, 0x00, 0x00, 0x00, 0x00, 0x00, 0x00, 0x00, 
	0x00, 0x00, 0x00, 0x00, 0x00, 0x00, 0x00, 0x00, 0x00, 0x00, 0x00, 
	0x00, 0x00, 0x00, 0x00, 0x00, 0x00, 0x00, 0x00, 0x00, 0x00, 0x00, 
	0x00, 0x00, 0x00, 0x00, 0x00, 0x00, 0x00, 0x00, 0x00, 0x00, 0x00, 
	0x00, 0x00, 0x00, 0x00, 0x00, 0x00, 0x00, 0x00, 0x00, 0x00, 0x00, 
	0x00, 0x00, 0x00, 0x00, 0x00, 0x00, 0x00, 0x00, 0x00, 0x00, 0x00, 
	0x00, 0x00, 0x00, 0x00, 0x00, 0x00, 0x00, 0x00, 0x00, 0x00, 0x00, 
	0x00, 0x00, 0x00, 0x00, 0x00, 0x00, 0x00, 0x00, 0x00, 0x00, 0x00, 
	0x00, 0x00, 0x00, 0x00, 0x00, 0x00, 0x00, 0x00, 0x00, 0x00, 0x00, 
	0x00, 0x00, 0x00, 0x00, 0x00, 0x00, 0x00, 0x00, 0x00, 0x00, 0x00, 
	0x00, 0x00, 0x00, 0x00, 0x00, 0x00, 0x00, 0x00, 0x00, 0x00, 0x00, 
	0x00, 0x00, 0x00, 0x00, 0x00, 0x00, 0x00, 0x00, 0x00, 0x00, 0x00, 
	0x00, 0x00, 0x00, 0x00, 0x00, 0x00, 0x00, 0x00, 0x00, 0x00, 0x00, 
	0x00, 0x00, 0x00, 0x00, 0x00, 0x00, 0x00, 0x00, 0x00, 0x00, 0x00, 
	0x00, 0x00, 0x00, 0x00, 0x00, 0x00, 0x00, 0x00, 0x00, 0x00, 0x00, 
	0x00, 0x00, 0x00, 0x00, 0x00, 0x00, 0x00, 0x00, 0x00, 0x00, 0x00, 
	0x00, 0x00, 0x00, 0x00, 0x00, 0x00, 0x00, 0x00, 0x00, 0x00, 0x00, 
	0x00, 0x00, 0x00, 0x00, 0x00, 0x00, 0x00, 0x00, 0x00, 0x00, 0x00, 
	0x00, 0x00, 0x00, 0x00, 0x00, 0x00, 0x00, 0x00, 0x00, 0x00, 0x00, 
	0x00, 0x00, 0x00, 0x00, 0x00, 0x00, 0x00, 0x00, 0x00, 0x00, 0x00, 
	0x00, 0x00, 0x00, 0x00, 0x00, 0x00, 0x00, 0x00, 0x00, 0x00, 0x00, 
	0x00, 0x00, 0x00, 0x00, 0x00, 0x00, 0x00, 0x00, 0x00, 0x00, 0x00, 
	0x00, 0x00, 0x00, 0x00, 0x00, 0x00, 0x00, 0x00, 0x00, 0x00, 0x00, 
	0x00, 0x00, 0x00, 0x00, 0x00, 0x00, 0x00, 0x00, 0x00, 0x00, 0x00, 
	0x00, 0x00, 0x00, 0x00, 0x00, 0x00, 0x00, 0x00, 0x00, 0x00, 0x00, 
	0x00, 0x00, 0x00, 0x00, 0x00, 0x00, 0x00, 0x00, 0x00, 0x00, 0x00, 
	0x00, 0x00, 0x00, 0x00, 0x00, 0x00, 0x00, 0x00, 0x00, 0x00, 0x00, 
	0x00, 0x00, 0x00, 0x00, 0x00, 0x00, 0x00, 0x00, 0x00, 0x00, 0x00, 
	0x00, 0x00, 0x00, 0x00, 0x00, 0x00, 0x00, 0x00, 0x00, 0x00, 0x00, 
	0x00, 0x00, 0x00, 0x00, 0x00, 0x00, 0x00, 0x00, 0x00, 0x00, 0x00, 
	0x00, 0x00, 0x00, 0x00, 0x00, 0x00, 0x00, 0x00, 0x00, 0x00, 0x00, 
	0x00, 0x00, 0x00, 0x00, 0x00, 0x00, 0x00, 0x00, 0x00, 0x00, 0x00, 
	0x00, 0x00, 0x00, 0x00, 0x00, 0x00, 0x00, 0x00, 0x00, 0x00, 0x00, 
	0x00, 0x00, 0x00, 0x00, 0x00, 0x00, 0x00, 0x00, 0x00, 0x00, 0x00, 
	0x00, 0x00, 0x00, 0x00, 0x00, 0x00, 0x00, 0x00, 0x00, 0x00, 0x00, 
	0x00, 0x00, 0x00, 0x00, 0x00, 0x00, 0x00, 0x00, 0x00, 0x00, 0x00, 
	0x00, 0x00, 0x00, 0x00, 0x00, 0x00, 0x00, 0x00, 0x00, 0x00, 0x00, 
	0x00, 0x00, 0x00, 0x00, 0x00, 0x00, 0x00, 0x00, 0x00, 0x00, 0x00, 
	0x00, 0x00, 0x00, 0x00, 0x00, 0x00, 0x00, 0x00, 0x00, 0x00, 0x00, 
	0x00, 0x00, 0x00, 0x00, 0x00, 0x00, 0x00, 0x00, 0x00, 0x00, 0x00, 
	0x00, 0x00, 0x00, 0x00, 0x00, 0x00, 0x00, 0x00, 0x00, 0x00, 0x00, 
	0x00, 0x00, 0x00, 0x00, 0x00, 0x00, 0x00, 0x00, 0x00, 0x00, 0x00, 
	0x00, 0x00, 0x00, 0x00, 0x00, 0x00, 0x00, 0x00, 0x00, 0x00, 0x00, 
	0x00, 0x00, 0x00, 0x00, 0x00, 0x00, 0x00, 0x00, 0x00, 0x00, 0x00, 
	0x00, 0x00, 0x00, 0x00, 0x00, 0x00, 0x00, 0x00, 0x00, 0x00, 0x00, 
	0x00, 0x00, 0x00, 0x00, 0x00, 0x00, 0x00, 0x00, 0x00, 0x00, 0x00, 
	0x00, 0x00, 0x00, 0x00, 0x00, 0x00, 0x00, 0x00, 0x00, 0x00, 0x00, 
	0x00, 0x00, 0x00, 0x00, 0x00, 0x00, 0x00, 0x00, 0x00, 0x00, 0x00, 
	0x00, 0x00, 0x00, 0x00, 0x00, 0x00, 0x00, 0x00, 0x00, 0x00, 0x00, 
	0x00, 0x00, 0x00, 0x00, 0x00, 0x00, 0x00, 0x00, 0x00, 0x00, 0x00, 
	0x00, 0x00, 0x00, 0x00, 0x00, 0x00, 0x00, 0x00, 0x00, 0x00, 0x00, 
	0x00, 0x00, 0x00, 0x00, 0x00, 0x00, 0x00, 0x00, 0x00, 0x00, 0x00, 
	0x00, 0x00, 0x00, 0x00, 0x00, 0x00, 0x00, 0x00, 0x00, 0x00, 0x00, 
	0x00, 0x00, 0x00, 0x00, 0x00, 0x00, 0x00, 0x00, 0x00, 0x00, 0x00, 
	0x00, 0x00, 0x00, 0x00, 0x00, 0x00, 0x00, 0x00, 0x00, 0x00, 0x00, 
	0x00, 0x00, 0x00, 0x00, 0x00, 0x00, 0x00, 0x00, 0x00, 0x00, 0x00, 
	0x00, 0x00, 0x00, 0x00, 0x00, 0x00, 0x00, 0x00, 0x00, 0x00, 0x00, 
	0x00, 0x00, 0x00, 0x00, 0x00, 0x00, 0x00, 0x00, 0x00, 0x00, 0x00, 
	0x00, 0x00, 0x00, 0x00, 0x00, 0x00, 0x00, 0x00, 0x00, 0x00, 0x00, 
	0x00, 0x00, 0x00, 0x00, 0x00, 0x00, 0x00, 0x00, 0x00, 0x00, 0x00, 
	0x00, 0x00, 0x00, 0x00, 0x00, 0x00, 0x00, 0x00, 0x00, 0x00, 0x00, 
	0x00, 0x00, 0x00, 0x00, 0x00, 0x00, 0x00, 0x00, 0x00, 0x00, 0x00, 
	0x00, 0x00, 0x00, 0x00, 0x00, 0x00, 0x00, 0x00, 0x00, 0x00, 0x00, 
	0x00, 0x00, 0x00, 0x00, 0x00, 0x00, 0x00, 0x00, 0x00, 0x00, 0x00, 
	0x00, 0x00, 0x00, 0x00, 0x00, 0x00, 0x00, 0x00, 0x00, 0x00, 0x00, 
	0x00, 0x00, 0x00, 0x00, 0x00, 0x00, 0x00, 0x00, 0x00, 0x00, 0x00, 
	0x00, 0x00, 0x00, 0x00, 0x00, 0x00, 0x00, 0x00, 0x00, 0x00, 0x00, 
	0x00, 0x00, 0x00, 0x00, 0x00, 0x00, 0x00, 0x00, 0x00, 0x00, 0x00, 
	0x00, 0x00, 0x00, 0x00, 0x00, 0x00, 0x00, 0x00, 0x00, 0x00, 0x00, 
	0x00, 0x00, 0x00, 0x00, 0x00, 0x00, 0x00, 0x00, 0x00, 0x00, 0x00, 
	0x00, 0x00, 0x00, 0x00, 0x00, 0x00, 0x00, 0x00, 0x00, 0x00, 0x00, 
	0x00, 0x00, 0x00, 0x00, 0x00, 0x00, 0x00, 0x00, 0x00, 0x00, 0x00, 
	0x00, 0x00, 0x00, 0x00, 0x00, 0x00, 0x00, 0x00, 0x00, 0x00, 0x00, 
	0x00, 0x00, 0x00, 0x00, 0x00, 0x00, 0x00, 0x00, 0x00, 0x00, 0x00, 
	0x00, 0x00, 0x00, 0x00, 0x00, 0x00, 0x00, 0x00, 0x00, 0x00, 0x00, 
	0x00, 0x00, 0x00, 0x00, 0x00, 0x00, 0x00, 0x00, 0x00, 0x00, 0x00, 
	0x00, 0x00, 0x00, 0x00, 0x00, 0x00, 0x00, 0x00, 0x00, 0x00, 0x00, 
	0x00, 0x00, 0x00, 0x00, 0x00, 0x00, 0x00, 0x00, 0x00, 0x00, 0x00, 
	0x00, 0x00, 0x00, 0x00, 0x00, 0x00, 0x00, 0x00, 0x00, 0x00, 0x00, 
	0x00, 0x00, 0x00, 0x00, 0x00, 0x00, 0x00, 0x00, 0x00, 0x00, 0x00, 
	0x00, 0x00, 0x00, 0x00, 0x00, 0x00, 0x00, 0x00, 0x00, 0x00, 0x00, 
	0x00, 0x00, 0x00, 0x00, 0x00, 0x00, 0x00, 0x00, 0x00, 0x00, 0x00, 
	0x00, 0x00, 0x00, 0x00, 0x00, 0x00, 0x00, 0x00, 0x00, 0x00, 0x00, 
	0x00, 0x00, 0x00, 0x00, 0x00, 0x00, 0x00, 0x00, 0x00, 0x00, 0x00, 
	0x00, 0x00, 0x00, 0x00, 0x00, 0x00, 0x00, 0x00, 0x00, 0x00, 0x00, 
	0x00, 0x00, 0x00, 0x00, 0x00, 0x00, 0x00, 0x00, 0x00, 0x00, 0x00, 
	0x00, 0x00, 0x00, 0x00, 0x00, 0x00, 0x00, 0x00, 0x00, 0x00, 0x00, 
	0x00, 0x00, 0x00, 0x00, 0x00, 0x00, 0x00, 0x00, 0x00, 0x00, 0x00, 
	0x00, 0x00, 0x00, 0x00, 0x00, 0x00, 0x00, 0x00, 0x00, 0x00, 0x00, 
	0x00, 0x00, 0x00, 0x00, 0x00, 0x00, 0x00, 0x00, 0x00, 0x00, 0x00, 
	0x00, 0x00, 0x00, 0x00, 0x00, 0x00, 0x00, 0x00, 0x00, 0x00, 0x00, 
	0x00, 0x00, 0x00, 0x00, 0x00, 0x00, 0x00, 0x00, 0x00, 0x00, 0x00, 
	0x00, 0x00, 0x00, 0x00, 0x00, 0x00, 0x00, 0x00, 0x00, 0x00, 0x00, 
	0x00, 0x00, 0x00, 0x00, 0x00, 0x00, 0x00, 0x00, 0x00, 0x00, 0x00, 
	0x00, 0x00, 0x00, 0x00, 0x00, 0x00, 0x00, 0x00, 0x00, 0x00, 0x00, 
	0x00, 0x00, 0x00, 0x00, 0x00, 0x00, 0x00, 0x00, 0x00, 0x00, 0x00, 
	0x00, 0x00, 0x00, 0x00, 0x00, 0x00, 0x00, 0x00, 0x00, 0x00, 0x00, 
	0x00, 0x00, 0x00, 0x00, 0x00, 0x00, 0x00, 0x00, 0x00, 0x00, 0x00, 
	0x00, 0x00, 0x00, 0x00, 0x00, 0x00, 0x00, 0x00, 0x00, 0x00, 0x00, 
	0x00, 0x00, 0x00, 0x00, 0x00, 0x00, 0x00, 0x00, 0x00, 0x00, 0x00, 
	0x00, 0x00, 0x00, 0x00, 0x00, 0x00, 0x00, 0x00, 0x00, 0x00, 0x00, 
	0x00, 0x00, 0x00, 0x00, 0x00, 0x00, 0x00, 0x00, 0x00, 0x00, 0x00, 
	0x00, 0x00, 0x00, 0x00, 0x00, 0x00, 0x00, 0x00, 0x00, 0x00, 0x00, 
	0x00, 0x00, 0x00, 0x00, 0x00, 0x00, 0x00, 0x00, 0x00, 0x00, 0x00, 
	0x00, 0x00, 0x00, 0x00, 0x00, 0x00, 0x00, 0x00, 0x00, 0x00, 0x00, 
	0x00, 0x00, 0x00, 0x00, 0x00, 0x00, 0x00, 0x00, 0x00, 0x00, 0x00, 
	0x00, 0x00, 0x00, 0x00, 0x00, 0x00, 0x00, 0x00, 0x00, 0x00, 0x00, 
	0x00, 0x00, 0x00, 0x00, 0x00, 0x00, 0x00, 0x00, 0x00, 0x00, 0x00, 
	0x00, 0x00, 0x00, 0x00, 0x00, 0x00, 0x00, 0x00, 0x00, 0x00, 0x00, 
	0x00, 0x00, 0x00, 0x00, 0x00, 0x00, 0x00, 0x00, 0x00, 0x00, 0x00, 
	0x00, 0x00, 0x00, 0x00, 0x00, 0x00, 0x00, 0x00, 0x00, 0x00, 0x00, 
	0x00, 0x00, 0x00, 0x00, 0x00, 0x00, 0x00, 0x00, 0x00, 0x00, 0x00, 
	0x00, 0x00, 0x00, 0x00, 0x00, 0x00, 0x00, 0x00, 0x00, 0x00, 0x00, 
	0x00, 0x00, 0x00, 0x00, 0x00, 0x00, 0x00, 0x00, 0x00, 0x00, 0x00, 
	0x00, 0x00, 0x00, 0x00, 0x00, 0x00, 0x00, 0x00, 0x00, 0x00, 0x00, 
	0x00, 0x00, 0x00, 0x00, 0x00, 0x00, 0x00, 0x00, 0x00, 0x00, 0x00, 
	0x00, 0x00, 0x00, 0x00, 0x00, 0x00, 0x00, 0x00, 0x00, 0x00, 0x00, 
	0x00, 0x00, 0x00, 0x00, 0x00, 0x00, 0x00, 0x00, 0x00, 0x00, 0x00, 
	0x00, 0x00, 0x00, 0x00, 0x00, 0x00, 0x00, 0x00, 0x00, 0x00, 0x00, 
	0x00, 0x00, 0x00, 0x00, 0x00, 0x00, 0x00, 0x00, 0x00, 0x00, 0x00, 
	0x00, 0x00, 0x00, 0x00, 0x00, 0x00, 0x00, 0x00, 0x00, 0x00, 0x00, 
	0x00, 0x00, 0x00, 0x00, 0x00, 0x00, 0x00, 0x00, 0x00, 0x00, 0x00, 
	0x00, 0x00, 0x00, 0x00, 0x00, 0x00, 0x00, 0x00, 0x00, 0x00, 0x00, 
	0x00, 0x00, 0x00, 0x00, 0x00, 0x00, 0x00, 0x00, 0x00, 0x00, 0x00, 
	0x00, 0x00, 0x00, 0x00, 0x00, 0x00, 0x00, 0x00, 0x00, 0x00, 0x00, 
	0x00, 0x00, 0x00, 0x00, 0x00, 0x00, 0x00, 0x00, 0x00, 0x00, 0x00, 
	0x00, 0x00, 0x00, 0x00, 0x00, 0x00, 0x00, 0x00, 0x00, 0x00, 0x00, 
	0x00, 0x00, 0x00, 0x00, 0x00, 0x00, 0x00, 0x00, 0x00, 0x00, 0x00, 
	0x00, 0x00, 0x00, 0x00, 0x00, 0x00, 0x00, 0x00, 0x00, 0x00, 0x00, 
	0x00, 0x00, 0x00, 0x00, 0x00, 0x00, 0x00, 0x00, 0x00, 0x00, 0x00, 
	0x00, 0x00, 0x00, 0x00, 0x00, 0x00, 0x00, 0x00, 0x00, 0x00, 0x00, 
	0x00, 0x00, 0x00, 0x00, 0x00, 0x00, 0x00, 0x00, 0x00, 0x00, 0x00, 
	0x00, 0x00, 0x00, 0x00, 0x00, 0x00, 0x00, 0x00, 0x00, 0x00, 0x00, 
	0x00, 0x00, 0x00, 0x00, 0x00, 0x00, 0x00, 0x00, 0x00, 0x00, 0x00, 
	0x00, 0x00, 0x00, 0x00, 0x00, 0x00, 0x00, 0x00, 0x00, 0x00, 0x00, 
	0x00, 0x00, 0x00, 0x00, 0x00, 0x00, 0x00, 0x00, 0x00, 0x00, 0x00, 
	0x00, 0x00, 0x00, 0x00, 0x00, 0x00, 0x00, 0x00, 0x00, 0x00, 0x00, 
	0x00, 0x00, 0x00, 0x00, 0x00, 0x00, 0x00, 0x00, 0x00, 0x00, 0x00, 
	0x00, 0x00, 0x00, 0x00, 0x00, 0x00, 0x00, 0x00, 0x00, 0x00, 0x00, 
	0x00, 0x00, 0x00, 0x00, 0x00, 0x00, 0x00, 0x00, 0x00, 0x00, 0x00, 
	0x00, 0x00, 0x00, 0x00, 0x00, 0x00, 0x00, 0x00, 0x00, 0x00, 0x00, 
	0x00, 0x00, 0x00, 0x00, 0x00, 0x00, 0x00, 0x00, 0x00, 0x00, 0x00, 
	0x00, 0x00, 0x00, 0x00, 0x00, 0x00, 0x00, 0x00, 0x00, 0x00, 0x00, 
	0x00, 0x00, 0x00, 0x00, 0x00, 0x00, 0x00, 0x00, 0x00, 0x00, 0x00, 
	0x00, 0x00, 0x00, 0x00, 0x00, 0x00, 0x00, 0x00, 0x00, 0x00, 0x00, 
	0x00, 0x00, 0x00, 0x00, 0x00, 0x00, 0x00, 0x00, 0x00, 0x00, 0x00, 
	0x00, 0x00, 0x00, 0x00, 0x00, 0x00, 0x00, 0x00, 0x00, 0x00, 0x00, 
	0x00, 0x00, 0x00, 0x00, 0x00, 0x00, 0x00, 0x00, 0x00, 0x00, 0x00, 
	0x00, 0x00, 0x00, 0x00, 0x00, 0x00, 0x00, 0x00, 0x00, 0x00, 0x00, 
	0x00, 0x00, 0x00, 0x00, 0x00, 0x00, 0x00, 0x00, 0x00, 0x00, 0x00, 
	0x00, 0x00, 0x00, 0x00, 0x00, 0x00, 0x00, 0x00, 0x00, 0x00, 0x00, 
	0x00, 0x00, 0x00, 0x00, 0x00, 0x00, 0x00, 0x00, 0x00, 0x00, 0x00, 
	0x00, 0x00, 0x00, 0x00, 0x00, 0x00, 0x00, 0x00, 0x00, 0x00, 0x00, 
	0x00, 0x00, 0x00, 0x00, 0x00, 0x00, 0x00, 0x00, 0x00, 0x00, 0x00, 
	0x00, 0x00, 0x00, 0x00, 0x00, 0x00, 0x00, 0x00, 0x00, 0x00, 0x00, 
	0x00, 0x00, 0x00, 0x00, 0x00, 0x00, 0x00, 0x00, 0x00, 0x00, 0x00, 
	0x00, 0x00, 0x00, 0x00, 0x00, 0x00, 0x00, 0x00, 0x00, 0x00, 0x00, 
	0x00, 0x00, 0x00, 0x00, 0x00, 0x00, 0x00, 0x00, 0x00, 0x00, 0x00, 
	0x00, 0x00, 0x00, 0x00, 0x00, 0x00, 0x00, 0x00, 0x00, 0x00, 0x00, 
	0x00, 0x13, 0x01, 0x01, 0xf3, 0x13, 0x15, 0x25, 0x00, 0x13, 0x0f, 
	0x81, 0x00, 0xb7, 0x0f, 0x00, 0x40, 0x93, 0x8e, 0x05, 0x00, 0xb3, 
	0x88, 0xa5, 0x00, 0x13, 0x03, 0x0f, 0x00, 0x93, 0x85, 0x45, 0x00, 
	0x93, 0x8f, 0xff, 0xff, 0x13, 0x0e, 0x40, 0x02, 0xb3, 0x87, 0xb8, 
	0x40, 0x63, 0x48, 0xfe, 0x04, 0x13, 0x86, 0xc5, 0xff, 0x63, 0xf8, 
	0x15, 0x03, 0x83, 0xa6, 0x05, 0x00, 0x93, 0x87, 0x05, 0x00, 0x6f, 
	0x00, 0x00, 0x01, 0x23, 0xa0, 0xe7, 0x00, 0x93, 0x87, 0xc7, 0xff, 
	0x63, 0x06, 0xf6, 0x00, 0x03, 0xa7, 0xc7, 0xff, 0xe3, 0xc8, 0xe6, 
	0xfe, 0x23, 0xa0, 0xd7, 0x00, 0x93, 0x85, 0x45, 0x00, 0xe3, 0xec, 
	0x15, 0xfd, 0x63, 0x0c, 0xe3, 0x11, 0x83, 0x28, 0x03, 0x00, 0x83, 
	0x25, 0xc3, 0xff, 0x13, 0x03, 0x83, 0xff, 0xb3, 0x87, 0xb8, 0x40, 
	0xe3, 0x5c, 0xfe, 0xfa, 0x33, 0x87, 0xd5, 0x41, 0xb3, 0x87, 0xd8, 
	0x41, 0x93, 0xd7, 0x27, 0x40, 0x13, 0x57, 0x27, 0x40, 0x33, 0x07, 
	0xf7, 0x00, 0x93, 0x57, 0xf7, 0x01, 0xb3, 0x87, 0xe7, 0x00, 0x93, 
	0xd7, 0x17, 0x40, 0xb3, 0x87, 0xf7, 0x01, 0x93, 0x97, 0x27, 0x00, 
	0x03, 0xa7, 0x05, 0x00, 0xb3, 0x87, 0xfe, 0x00, 0x83, 0xa6, 0x07, 
	0x00, 0x23, 0xa0, 0xe7, 0x00, 0x03, 0xa7, 0xc5, 0xff, 0x23, 0xa0, 
	0xd5, 0x00, 0x83, 0xa7, 0xc8, 0xff, 0x63, 0xda, 0xe7, 0x00, 0x23, 
	0xae, 0xf5, 0xfe, 0x23, 0xae, 0xe8, 0xfe, 0x83, 0xa6, 0x05, 0x00, 
	0x93, 0x07, 0x07, 0x00, 0x63, 0xd8, 0xd7, 0x00, 0x23, 0xa0, 0xf5, 
	0x00, 0x23, 0xae, 0xd8, 0xfe, 0x83, 0xa6, 0x05, 0x00, 0x83, 0xa7, 
	0xc5, 0xff, 0x63, 0xd8, 0xf6, 0x00, 0x23, 0xae, 0xd5, 0xfe, 0x23, 
	0xa0, 0xf5, 0x00, 0x93, 0x86, 0x07, 0x00, 0x13, 0x85, 0x45, 0x00, 
	0x93, 0x87, 0x08, 0x00, 0x03, 0x28, 0x05, 0x00, 0x13, 0x05, 0x45, 
	0x00, 0xe3, 0x4c, 0xd8, 0xfe, 0x13, 0x86, 0x07, 0x00, 0x03, 0xa7, 
	0x87, 0xff, 0x93, 0x87, 0xc7, 0xff, 0xe3, 0xca, 0xe6, 0xfe, 0x63, 
	0xe8, 0xa7, 0x00, 0x23, 0x2e, 0xe5, 0xfe, 0x23, 0xae, 0x07, 0xff, 
	0x6f, 0xf0, 0x9f, 0xfd, 0x33, 0x88, 0xa8, 0x40, 0x23, 0xa0, 0xe5, 
	0x00, 0xb3, 0x82, 0xb7, 0x40, 0x13, 0x57, 0x28, 0x40, 0x23, 0xae, 
	0xd7, 0xfe, 0x93, 0x07, 0x17, 0x00, 0x93, 0xd6, 0x22, 0x40, 0x13, 
	0x06, 0x86, 0xff, 0x13, 0x07, 0x83, 0x00, 0x63, 0xcc, 0xd7, 0x00, 
	0x23, 0x24, 0x13, 0x01, 0x23, 0x22, 0xa3, 0x00, 0x93, 0x08, 0x06, 
	0x00, 0x13, 0x03, 0x07, 0x00, 0x6f, 0xf0, 0x5f, 0xec, 0x23, 0x22, 
	0xb3, 0x00, 0x23, 0x24, 0xc3, 0x00, 0x93, 0x05, 0x05, 0x00, 0x13, 
	0x03, 0x07, 0x00, 0x6f, 0xf0, 0x1f, 0xeb, 0x13, 0x01, 0x01, 0x0d, 
	0x67, 0x80, 0x00, 0x00, 0x93, 0x95, 0x25, 0x00, 0x33, 0x05, 0xb5, 
	0x00, 0x23, 0x20, 0xc5, 0x00, 0x67, 0x80, 0x00, 0x00, 0x93, 0x07, 
	0x40, 0x06, 0xb3, 0x07, 0xf6, 0x02, 0xb7, 0x08, 0x00, 0x01, 0x13, 
	0x83, 0x86, 0x00, 0x93, 0x88, 0xf8, 0xff, 0x13, 0x08, 0x80, 0x00, 
	0xb3, 0x87, 0xb7, 0x00, 0x93, 0x97, 0x27, 0x00, 0xb3, 0x05, 0xf5, 
	0x00, 0x13, 0x86, 0x05, 0x00, 0x13, 0x07, 0x00, 0x00, 0x83, 0xc7, 
	0x06, 0x00, 0xb3, 0xd7, 0xe7, 0x40, 0x93, 0xf7, 0x17, 0x00, 0x13, 
	0x07, 0x17, 0x00, 0x63, 0x84, 0x07, 0x00, 0x23, 0x20, 0x16, 0x01, 
	0x13, 0x06, 0x46, 0x00, 0xe3, 0x12, 0x07, 0xff, 0x93, 0x86, 0x16, 
	0x00, 0x93, 0x85, 0x05, 0x19, 0xe3, 0x98, 0x66, 0xfc, 0x67, 0x80, 
	0x00, 0x00, 0xb7, 0x47, 0x00, 0x00, 0x93, 0x06, 0x10, 0x00, 0x23, 
	0xa2, 0xd7, 0x00, 0x23, 0xa6, 0xb7, 0x00, 0x23, 0xa4, 0xa7, 0x00, 
	0x23, 0xaa, 0xd7, 0x00, 0x67, 0x80, 0x00, 0x00, 0x37, 0x43, 0x00, 
	0x00, 0x93, 0x08, 0x03, 0x00, 0x13, 0x08, 0x03, 0x00, 0x93, 0x05, 
	0x03, 0x00, 0x37, 0x26, 0x00, 0x00, 0x13, 0x03, 0x43, 0x00, 0x93, 
	0x88, 0xc8, 0x00, 0x13, 0x08, 0x88, 0x00, 0x93, 0x85, 0x45, 0x01, 
	0x13, 0x06, 0x06, 0x71, 0x93, 0x07, 0x00, 0x00, 0x13, 0x07, 0x10, 
	0x00, 0x83, 0x26, 0x05, 0x00, 0x23, 0x20, 0xe3, 0x00, 0x13, 0x05, 
	0x45, 0x00, 0x23, 0xa0, 0xd8, 0x00, 0x23, 0x20, 0xf8, 0x00, 0x23, 
	0xa0, 0xe5, 0x00, 0x93, 0x87, 0x17, 0x00, 0xe3, 0x92, 0xc7, 0xfe, 
	0x67, 0x80, 0x00, 0x00, 0xb7, 0x47, 0x00, 0x00, 0x13, 0x07, 0x10, 
	0x00, 0x23, 0xa8, 0xe7, 0x00, 0x67, 0x80, 0x00, 0x00, 0x37, 0x47, 
	0x00, 0x00, 0x83, 0x47, 0x07, 0x00, 0xe3, 0x8e, 0x07, 0xfe, 0x37, 
	0x43, 0x00, 0x00, 0x93, 0x08, 0x03, 0x00, 0x13, 0x08, 0x03, 0x00, 
	0x93, 0x05, 0x03, 0x00, 0x37, 0x26, 0x00, 0x00, 0x13, 0x03, 0x43, 
	0x00, 0x93, 0x88, 0xc8, 0x00, 0x13, 0x08, 0x88, 0x00, 0x93, 0x85, 
	0x45, 0x01, 0x13, 0x06, 0x06, 0x71, 0x93, 0x07, 0x00, 0x00, 0x13, 
	0x07, 0x10, 0x00, 0x83, 0x26, 0x05, 0x00, 0x23, 0x20, 0xe3, 0x00, 
	0x13, 0x05, 0x45, 0x00, 0x23, 0xa0, 0xd8, 0x00, 0x23, 0x20, 0xf8, 
	0x00, 0x23, 0xa0, 0xe5, 0x00, 0x93, 0x87, 0x17, 0x00, 0xe3, 0x92, 
	0xc7, 0xfe, 0xb7, 0x47, 0x00, 0x00, 0x23, 0xa8, 0xe7, 0x00, 0x23, 
	0xa8, 0xe7, 0x00, 0x67, 0x80, 0x00, 0x00, 0x13, 0x07, 0x20, 0x00, 
	0xb7, 0x47, 0x00, 0x00, 0x23, 0xa2, 0xe7, 0x00, 0x03, 0x47, 0x05, 
	0x00, 0x63, 0x00, 0x07, 0x04, 0xb7, 0x45, 0x00, 0x00, 0x13, 0x86, 
	0x05, 0x00, 0x93, 0x86, 0x05, 0x00, 0x13, 0x06, 0x86, 0x00, 0x93, 
	0x85, 0xc5, 0x00, 0x93, 0x86, 0x46, 0x01, 0x93, 0x07, 0x00, 0x00, 
	0x13, 0x08, 0x10, 0x00, 0x23, 0xa0, 0xe5, 0x00, 0x23, 0x20, 0xf6, 
	0x00, 0x93, 0x87, 0x17, 0x00, 0x23, 0xa0, 0x06, 0x01, 0x33, 0x07, 
	0xf5, 0x00, 0x03, 0x47, 0x07, 0x00, 0xe3, 0x14, 0x07, 0xfe, 0xb7, 
	0x47, 0x00, 0x00, 0x13, 0x07, 0x10, 0x00, 0x23, 0xa8, 0xe7, 0x00, 
	0x67, 0x80, 0x00, 0x00, 0x93, 0x07, 0x20, 0x03, 0x13, 0x00, 0x00, 
	0x00, 0x93, 0x87, 0xf7, 0xff, 0xe3, 0x9c, 0x07, 0xfe, 0x93, 0x77, 
	0xf5, 0x0f, 0x37, 0x07, 0x01, 0xff, 0x23, 0x08, 0xf7, 0x02, 0x13, 
	0x05, 0x00, 0x00, 0x67, 0x80, 0x00, 0x00, 0x13, 0x01, 0x01, 0xeb, 
	0x23, 0x24, 0x81, 0x14, 0x23, 0x20, 0x21, 0x15, 0x23, 0x2e, 0x31, 
	0x13, 0x23, 0x2a, 0x51, 0x13, 0x23, 0x26, 0x11, 0x14, 0x23, 0x22, 
	0x91, 0x14, 0x23, 0x2c, 0x41, 0x13, 0x23, 0x26, 0x71, 0x13, 0x23, 
	0x24, 0x81, 0x13, 0x23, 0x22, 0x91, 0x13, 0x23, 0x20, 0xa1, 0x13, 
	0x93, 0x09, 0x05, 0x00, 0x13, 0x89, 0x05, 0x00, 0x13, 0x04, 0x06, 
	0x00, 0x23, 0x26, 0xd1, 0x00, 0x93, 0x0a, 0x50, 0x02, 0x6f, 0x00, 
	0x40, 0x01, 0x63, 0x04, 0x05, 0x06, 0x93, 0x05, 0x09, 0x00, 0x13, 
	0x04, 0x14, 0x00, 0xe7, 0x80, 0x09, 0x00, 0x03, 0x45, 0x04, 0x00, 
	0xe3, 0x16, 0x55, 0xff, 0x83, 0x46, 0x14, 0x00, 0x13, 0x0a, 0x14, 
	0x00, 0x93, 0x04, 0xf0, 0xff, 0x93, 0x07, 0x00, 0x02, 0x13, 0x07, 
	0x0a, 0x00, 0x13, 0x8c, 0x04, 0x00, 0x23, 0x24, 0xf1, 0x00, 0x93, 
	0x05, 0x00, 0x00, 0x93, 0x87, 0xd6, 0xfd, 0x93, 0xf7, 0xf7, 0x0f, 
	0x13, 0x06, 0x50, 0x05, 0x13, 0x04, 0x17, 0x00, 0x63, 0x6a, 0xf6, 
	0x06, 0x17, 0x16, 0x00, 0x00, 0x13, 0x06, 0x86, 0x30, 0x93, 0x97, 
	0x27, 0x00, 0xb3, 0x87, 0xc7, 0x00, 0x83, 0xa7, 0x07, 0x00, 0xb3, 
	0x87, 0xc7, 0x00, 0x67, 0x80, 0x07, 0x00, 0x83, 0x20, 0xc1, 0x14, 
	0x03, 0x24, 0x81, 0x14, 0x83, 0x24, 0x41, 0x14, 0x03, 0x29, 0x01, 
	0x14, 0x83, 0x29, 0xc1, 0x13, 0x03, 0x2a, 0x81, 0x13, 0x83, 0x2a, 
	0x41, 0x13, 0x83, 0x2b, 0xc1, 0x12, 0x03, 0x2c, 0x81, 0x12, 0x83, 
	0x2c, 0x41, 0x12, 0x03, 0x2d, 0x01, 0x12, 0x13, 0x01, 0x01, 0x15, 
	0x67, 0x80, 0x00, 0x00, 0x23, 0x24, 0xd1, 0x00, 0x83, 0x46, 0x17, 
	0x00, 0x13, 0x06, 0x50, 0x05, 0x13, 0x07, 0x04, 0x00, 0x93, 0x87, 
	0xd6, 0xfd, 0x93, 0xf7, 0xf7, 0x0f, 0x13, 0x04, 0x17, 0x00, 0xe3, 
	0x7a, 0xf6, 0xf8, 0x93, 0x05, 0x09, 0x00, 0x13, 0x05, 0x50, 0x02, 
	0xe7, 0x80, 0x09, 0x00, 0x13, 0x04, 0x0a, 0x00, 0x6f, 0xf0, 0x5f, 
	0xf4, 0x03, 0x46, 0x17, 0x00, 0x13, 0x05, 0x90, 0x00, 0x93, 0x84, 
	0x06, 0xfd, 0x93, 0x07, 0x06, 0xfd, 0x93, 0x06, 0x06, 0x00, 0x13, 
	0x07, 0x04, 0x00, 0x63, 0x66, 0xf5, 0x02, 0x93, 0x97, 0x24, 0x00, 
	0xb3, 0x87, 0x97, 0x00, 0x13, 0x07, 0x17, 0x00, 0x93, 0x97, 0x17, 
	0x00, 0xb3, 0x87, 0xc7, 0x00, 0x03, 0x46, 0x07, 0x00, 0x93, 0x84, 
	0x07, 0xfd, 0x93, 0x07, 0x06, 0xfd, 0x93, 0x06, 0x06, 0x00, 0xe3, 
	0x7e, 0xf5, 0xfc, 0xe3, 0x52, 0x0c, 0xf2, 0x13, 0x8c, 0x04, 0x00, 
	0x93, 0x04, 0xf0, 0xff, 0x6f, 0xf0, 0x9f, 0xf1, 0x83, 0x46, 0x17, 
	0x00, 0x13, 0x07, 0x04, 0x00, 0x6f, 0xf0, 0xdf, 0xf0, 0x93, 0x05, 
	0x09, 0x00, 0x13, 0x05, 0x50, 0x02, 0xe7, 0x80, 0x09, 0x00, 0x6f, 
	0xf0, 0x5f, 0xed, 0x83, 0x27, 0xc1, 0x00, 0x83, 0x46, 0x17, 0x00, 
	0x13, 0x07, 0x04, 0x00, 0x83, 0xa4, 0x07, 0x00, 0x93, 0x87, 0x47, 
	0x00, 0x23, 0x26, 0xf1, 0x00, 0x6f, 0xf0, 0xdf, 0xfb, 0x93, 0x05, 
	0x09, 0x00, 0x13, 0x05, 0x00, 0x03, 0x23, 0x28, 0x61, 0x13, 0xe7, 
	0x80, 0x09, 0x00, 0x93, 0x05, 0x09, 0x00, 0x13, 0x05, 0x80, 0x07, 
	0xe7, 0x80, 0x09, 0x00, 0x83, 0x27, 0xc1, 0x00, 0x93, 0x0b, 0x00, 
	0x01, 0x13, 0x0d, 0x00, 0x00, 0x13, 0x87, 0x47, 0x00, 0x83, 0x27, 
	0xc1, 0x00, 0x93, 0x0c, 0x00, 0x00, 0x83, 0xa4, 0x07, 0x00, 0x23, 
	0x26, 0xe1, 0x00, 0x13, 0x86, 0x0b, 0x00, 0x93, 0x06, 0x00, 0x00, 
	0x13, 0x85, 0x04, 0x00, 0x93, 0x85, 0x0c, 0x00, 0xef, 0x00, 0x10, 
	0x4e, 0x23, 0x28, 0xa1, 0x00, 0x63, 0x08, 0x9d, 0x27, 0x23, 0x2e, 
	0xb1, 0x11, 0x13, 0x0b, 0x10, 0x00, 0x93, 0x0d, 0x41, 0x01, 0x13, 
	0x85, 0x04, 0x00, 0x93, 0x85, 0x0c, 0x00, 0x13, 0x86, 0x0b, 0x00, 
	0x93, 0x06, 0x00, 0x00, 0xef, 0x00, 0xd0, 0x08, 0x13, 0x86, 0x0b, 
	0x00, 0x93, 0x06, 0x00, 0x00, 0x93, 0x04, 0x05, 0x00, 0x93, 0x8c, 
	0x05, 0x00, 0xef, 0x00, 0x50, 0x4a, 0x23, 0xa0, 0xad, 0x00, 0x13, 
	0x0a, 0x0b, 0x00, 0x93, 0x8d, 0x4d, 0x00, 0x13, 0x0b, 0x1b, 0x00, 
	0xe3, 0x14, 0x9d, 0xfd, 0xe3, 0xf2, 0x74, 0xfd, 0x83, 0x2d, 0xc1, 
	0x11, 0x93, 0x0b, 0xfc, 0xff, 0x93, 0x04, 0xfb, 0xff, 0x63, 0x5c, 
	0x8b, 0x01, 0x03, 0x25, 0x81, 0x00, 0x93, 0x05, 0x09, 0x00, 0x93, 
	0x8b, 0xfb, 0xff, 0xe7, 0x80, 0x09, 0x00, 0xe3, 0x98, 0x9b, 0xfe, 
	0x13, 0x1a, 0x2a, 0x00, 0x93, 0x04, 0x01, 0x01, 0x33, 0x8a, 0x44, 
	0x01, 0x13, 0x0b, 0x90, 0x00, 0x6f, 0x00, 0x80, 0x00, 0x13, 0x8a, 
	0x07, 0x00, 0x83, 0x27, 0x0a, 0x00, 0x13, 0x05, 0x00, 0x03, 0x63, 
	0x74, 0xfb, 0x00, 0x13, 0x05, 0x70, 0x05, 0x33, 0x85, 0xa7, 0x00, 
	0x93, 0x05, 0x09, 0x00, 0xe7, 0x80, 0x09, 0x00, 0x93, 0x07, 0xca, 
	0xff, 0xe3, 0x9e, 0x44, 0xfd, 0x03, 0x2b, 0x01, 0x13, 0x6f, 0xf0, 
	0xdf, 0xda, 0x23, 0x28, 0x61, 0x13, 0x93, 0x07, 0x10, 0x00, 0x63, 
	0xc0, 0xb7, 0x1c, 0x83, 0x27, 0xc1, 0x00, 0x83, 0xa4, 0x07, 0x00, 
	0x93, 0x87, 0x47, 0x00, 0x23, 0x26, 0xf1, 0x00, 0x93, 0xdc, 0xf4, 
	0x41, 0x63, 0xd0, 0x0c, 0x02, 0x93, 0x05, 0x09, 0x00, 0x13, 0x05, 
	0xd0, 0x02, 0xe7, 0x80, 0x09, 0x00, 0x33, 0x37, 0x90, 0x00, 0xb3, 
	0x07, 0x90, 0x41, 0xb3, 0x8c, 0xe7, 0x40, 0xb3, 0x04, 0x90, 0x40, 
	0x93, 0x0b, 0xa0, 0x00, 0x13, 0x0d, 0x00, 0x00, 0x6f, 0xf0, 0x9f, 
	0xee, 0x83, 0x46, 0x17, 0x00, 0x93, 0x85, 0x15, 0x00, 0x13, 0x07, 
	0x04, 0x00, 0x6f, 0xf0, 0x9f, 0xd7, 0x23, 0x28, 0x61, 0x13, 0x93, 
	0x0b, 0x00, 0x01, 0x13, 0x0d, 0x00, 0x00, 0x93, 0x07, 0x10, 0x00, 
	0x63, 0xc6, 0xb7, 0x12, 0x83, 0x27, 0xc1, 0x00, 0x13, 0x87, 0x47, 
	0x00, 0x6f, 0xf0, 0x9f, 0xea, 0x83, 0x27, 0xc1, 0x00, 0x03, 0xaa, 
	0x07, 0x00, 0x63, 0x0a, 0x0a, 0x06, 0x63, 0x56, 0x80, 0x0d, 0x03, 
	0x27, 0x81, 0x00, 0x93, 0x07, 0xd0, 0x02, 0x63, 0x10, 0xf7, 0x08, 
	0x03, 0x45, 0x0a, 0x00, 0x63, 0x0c, 0x05, 0x02, 0x23, 0x28, 0x61, 
	0x13, 0x13, 0x0b, 0xf0, 0xff, 0x63, 0xc6, 0x04, 0x00, 0x93, 0x84, 
	0xf4, 0xff, 0x63, 0x8e, 0x64, 0x01, 0x93, 0x05, 0x09, 0x00, 0xe7, 
	0x80, 0x09, 0x00, 0x03, 0x45, 0x1a, 0x00, 0x13, 0x0a, 0x1a, 0x00, 
	0x13, 0x0c, 0xfc, 0xff, 0xe3, 0x10, 0x05, 0xfe, 0x03, 0x2b, 0x01, 
	0x13, 0x63, 0x5c, 0x80, 0x01, 0x93, 0x05, 0x09, 0x00, 0x13, 0x05, 
	0x00, 0x02, 0x13, 0x0c, 0xfc, 0xff, 0xe7, 0x80, 0x09, 0x00, 0xe3, 
	0x18, 0x0c, 0xfe, 0x83, 0x27, 0xc1, 0x00, 0x93, 0x87, 0x47, 0x00, 
	0x23, 0x26, 0xf1, 0x00, 0x6f, 0xf0, 0x5f, 0xcb, 0x63, 0x58, 0x80, 
	0x11, 0x03, 0x27, 0x81, 0x00, 0x93, 0x07, 0xd0, 0x02, 0x17, 0x1a, 
	0x00, 0x00, 0x13, 0x0a, 0x4a, 0xfa, 0x13, 0x05, 0x80, 0x02, 0xe3, 
	0x08, 0xf7, 0xf8, 0x93, 0x07, 0x0a, 0x00, 0xb3, 0x06, 0x9a, 0x00, 
	0x63, 0x98, 0x04, 0x00, 0x6f, 0x00, 0x00, 0x02, 0x93, 0x87, 0x17, 
	0x00, 0x63, 0x86, 0xd7, 0x00, 0x03, 0xc7, 0x07, 0x00, 0xe3, 0x1a, 
	0x07, 0xfe, 0xb3, 0x87, 0x47, 0x41, 0x33, 0x0c, 0xfc, 0x40, 0x63, 
	0x5c, 0x80, 0x01, 0x03, 0x25, 0x81, 0x00, 0x93, 0x05, 0x09, 0x00, 
	0x13, 0x0c, 0xfc, 0xff, 0xe7, 0x80, 0x09, 0x00, 0xe3, 0x18, 0x0c, 
	0xfe, 0x03, 0x45, 0x0a, 0x00, 0xe3, 0x08, 0x05, 0xf8, 0x23, 0x28, 
	0x61, 0x13, 0x6f, 0xf0, 0x5f, 0xf4, 0x93, 0x47, 0xfc, 0xff, 0x93, 
	0xd7, 0xf7, 0x41, 0x83, 0x46, 0x17, 0x00, 0x33, 0x7c, 0xfc, 0x00, 
	0x13, 0x07, 0x04, 0x00, 0x6f, 0xf0, 0x9f, 0xc5, 0x83, 0x27, 0xc1, 
	0x00, 0x93, 0x05, 0x09, 0x00, 0x03, 0xa5, 0x07, 0x00, 0x93, 0x84, 
	0x47, 0x00, 0xe7, 0x80, 0x09, 0x00, 0x23, 0x26, 0x91, 0x00, 0x6f, 
	0xf0, 0x5f, 0xc1, 0x83, 0x27, 0xc1, 0x00, 0x93, 0x87, 0x77, 0x00, 
	0x93, 0xf7, 0x87, 0xff, 0x13, 0x87, 0x87, 0x00, 0x83, 0xa4, 0x07, 
	0x00, 0x83, 0xac, 0x47, 0x00, 0x23, 0x26, 0xe1, 0x00, 0x6f, 0xf0, 
	0xdf, 0xd7, 0xe3, 0xfa, 0x74, 0xd9, 0x13, 0x0a, 0x00, 0x00, 0x13, 
	0x0b, 0x10, 0x00, 0x6f, 0xf0, 0x9f, 0xdd, 0x83, 0x27, 0xc1, 0x00, 
	0x93, 0x87, 0x77, 0x00, 0x93, 0xf7, 0x87, 0xff, 0x13, 0x87, 0x87, 
	0x00, 0x83, 0xa4, 0x07, 0x00, 0x83, 0xac, 0x47, 0x00, 0x23, 0x26, 
	0xe1, 0x00, 0x6f, 0xf0, 0xdf, 0xe3, 0x23, 0x28, 0x61, 0x13, 0x93, 
	0x0b, 0xa0, 0x00, 0x13, 0x0d, 0x00, 0x00, 0x6f, 0xf0, 0x5f, 0xe7, 
	0x23, 0x28, 0x61, 0x13, 0x93, 0x0b, 0x80, 0x00, 0x13, 0x0d, 0x00, 
	0x00, 0x6f, 0xf0, 0x5f, 0xe6, 0x23, 0x28, 0x61, 0x13, 0x17, 0x1a, 
	0x00, 0x00, 0x13, 0x0a, 0xca, 0xe9, 0x13, 0x05, 0x80, 0x02, 0x13, 
	0x0b, 0xf0, 0xff, 0x6f, 0xf0, 0xdf, 0xe8, 0x83, 0xa7, 0x05, 0x00, 
	0x23, 0x80, 0xa7, 0x00, 0x83, 0xa7, 0x05, 0x00, 0x93, 0x87, 0x17, 
	0x00, 0x23, 0xa0, 0xf5, 0x00, 0x67, 0x80, 0x00, 0x00, 0x73, 0x27, 
	0x00, 0xb0, 0x97, 0x57, 0x00, 0x00, 0x93, 0x87, 0xc7, 0x14, 0x63, 
	0x0a, 0x05, 0x00, 0x23, 0xa0, 0xe7, 0x00, 0x73, 0x27, 0x20, 0xb0, 
	0x23, 0xa2, 0xe7, 0x00, 0x67, 0x80, 0x00, 0x00, 0x83, 0xa5, 0x07, 
	0x00, 0x97, 0x56, 0x00, 0x00, 0x93, 0x86, 0x46, 0x12, 0x17, 0x16, 
	0x00, 0x00, 0x13, 0x06, 0x06, 0xe5, 0x33, 0x07, 0xb7, 0x40, 0x23, 
	0xa0, 0xe7, 0x00, 0x23, 0xa0, 0xc6, 0x00, 0x73, 0x27, 0x20, 0xb0, 
	0x03, 0xa6, 0x47, 0x00, 0x97, 0x15, 0x00, 0x00, 0x93, 0x85, 0xc5, 
	0xe3, 0x23, 0xa2, 0xb6, 0x00, 0x33, 0x07, 0xc7, 0x40, 0x23, 0xa2, 
	0xe7, 0x00, 0x67, 0x80, 0x00, 0x00, 0x93, 0x16, 0x15, 0x00, 0x13, 
	0xe7, 0x16, 0x00, 0x97, 0xe6, 0xff, 0xff, 0x93, 0x86, 0x06, 0x75, 
	0x93, 0x07, 0x00, 0x00, 0x23, 0xa0, 0xe6, 0x00, 0x23, 0xa2, 0xf6, 
	0x00, 0x6f, 0x00, 0x00, 0x00, 0x37, 0x16, 0x00, 0x00, 0x97, 0xe7, 
	0xff, 0xff, 0x93, 0x87, 0x47, 0x73, 0x13, 0x06, 0x36, 0xa7, 0x93, 
	0x06, 0x00, 0x00, 0x23, 0xa0, 0xc7, 0x00, 0x23, 0xa2, 0xd7, 0x00, 
	0x6f, 0x00, 0x00, 0x00, 0x13, 0x01, 0x01, 0xff, 0x23, 0x26, 0x11, 
	0x00, 0xef, 0xf0, 0x9f, 0xfb, 0x97, 0xe7, 0xff, 0xff, 0x93, 0x87, 
	0xc7, 0x70, 0x13, 0x06, 0xd0, 0x10, 0x93, 0x06, 0x00, 0x00, 0x23, 
	0xa0, 0xc7, 0x00, 0x23, 0xa2, 0xd7, 0x00, 0x6f, 0x00, 0x00, 0x00, 
	0x03, 0x47, 0x05, 0x00, 0xb7, 0x06, 0x01, 0xff, 0x93, 0x86, 0x06, 
	0x03, 0x63, 0x04, 0x07, 0x02, 0x93, 0x07, 0x20, 0x03, 0x13, 0x00, 
	0x00, 0x00, 0x93, 0x87, 0xf7, 0xff, 0xe3, 0x9c, 0x07, 0xfe, 0x23, 
	0x80, 0xe6, 0x00, 0x03, 0x47, 0x15, 0x00, 0x13, 0x05, 0x15, 0x00, 
	0xe3, 0x12, 0x07, 0xfe, 0x67, 0x80, 0x00, 0x00, 0x67, 0x80, 0x00, 
	0x00, 0x63, 0x14, 0x05, 0x00, 0x67, 0x80, 0x00, 0x00, 0x6f, 0x00, 
	0x00, 0x00, 0x13, 0x01, 0x01, 0xfe, 0x93, 0x06, 0xc1, 0x00, 0x13, 
	0x07, 0xb1, 0x01, 0x13, 0x08, 0x90, 0x00, 0x6f, 0x00, 0x80, 0x00, 
	0x13, 0x87, 0x07, 0x00, 0x93, 0x77, 0xf5, 0x00, 0xb3, 0x37, 0xf8, 
	0x00, 0xb3, 0x07, 0xf0, 0x40, 0x93, 0xf7, 0x77, 0x02, 0x13, 0x76, 
	0xf5, 0x00, 0x93, 0x87, 0x07, 0x03, 0xb3, 0x87, 0xc7, 0x00, 0x23, 
	0x00, 0xf7, 0x00, 0x13, 0x55, 0x45, 0x00, 0x93, 0x97, 0xc5, 0x01, 
	0x33, 0xe5, 0xa7, 0x00, 0x93, 0xd5, 0x45, 0x00, 0x93, 0x07, 0xf7, 
	0xff, 0xe3, 0x94, 0xe6, 0xfc, 0x03, 0x46, 0xc1, 0x00, 0xb7, 0x07, 
	0x01, 0xff, 0x23, 0x0e, 0x01, 0x00, 0x13, 0x87, 0x06, 0x00, 0x93, 
	0x86, 0x07, 0x03, 0x63, 0x02, 0x06, 0x02, 0x93, 0x07, 0x20, 0x03, 
	0x13, 0x00, 0x00, 0x00, 0x93, 0x87, 0xf7, 0xff, 0xe3, 0x9c, 0x07, 
	0xfe, 0x23, 0x80, 0xc6, 0x00, 0x03, 0x46, 0x17, 0x00, 0x13, 0x07, 
	0x17, 0x00, 0xe3, 0x12, 0x06, 0xfe, 0x13, 0x01, 0x01, 0x02, 0x67, 
	0x80, 0x00, 0x00, 0x13, 0x01, 0x01, 0xfc, 0x13, 0x03, 0x41, 0x02, 
	0x23, 0x22, 0xb1, 0x02, 0x23, 0x24, 0xc1, 0x02, 0x23, 0x26, 0xd1, 
	0x02, 0x13, 0x06, 0x05, 0x00, 0x93, 0x06, 0x03, 0x00, 0x17, 0x05, 
	0x00, 0x00, 0x13, 0x05, 0xc5, 0x93, 0x93, 0x05, 0x00, 0x00, 0x23, 
	0x2e, 0x11, 0x00, 0x23, 0x28, 0xe1, 0x02, 0x23, 0x2a, 0xf1, 0x02, 
	0x23, 0x2c, 0x01, 0x03, 0x23, 0x2e, 0x11, 0x03, 0x23, 0x26, 0x61, 
	0x00, 0xef, 0xf0, 0xdf, 0x93, 0x83, 0x20, 0xc1, 0x01, 0x13, 0x05, 
	0x00, 0x00, 0x13, 0x01, 0x01, 0x04, 0x67, 0x80, 0x00, 0x00, 0x13, 
	0x01, 0x01, 0xfb, 0x13, 0x03, 0x81, 0x03, 0x23, 0x24, 0x81, 0x02, 
	0x23, 0x26, 0xa1, 0x00, 0x23, 0x2c, 0xc1, 0x02, 0x23, 0x2e, 0xd1, 
	0x02, 0x13, 0x04, 0x05, 0x00, 0x13, 0x86, 0x05, 0x00, 0x17, 0x05, 
	0x00, 0x00, 0x13, 0x05, 0x85, 0xdd, 0x93, 0x05, 0xc1, 0x00, 0x93, 
	0x06, 0x03, 0x00, 0x23, 0x26, 0x11, 0x02, 0x23, 0x22, 0xf1, 0x04, 
	0x23, 0x20, 0xe1, 0x04, 0x23, 0x24, 0x01, 0x05, 0x23, 0x26, 0x11, 
	0x05, 0x23, 0x2e, 0x61, 0x00, 0xef, 0xf0, 0x1f, 0x8e, 0x83, 0x27, 
	0xc1, 0x00, 0x23, 0x80, 0x07, 0x00, 0x03, 0x25, 0xc1, 0x00, 0x83, 
	0x20, 0xc1, 0x02, 0x33, 0x05, 0x85, 0x40, 0x03, 0x24, 0x81, 0x02, 
	0x13, 0x01, 0x01, 0x05, 0x67, 0x80, 0x00, 0x00, 0xb3, 0xe7, 0xc5, 
	0x00, 0xb3, 0x67, 0xf5, 0x00, 0x93, 0xf7, 0x37, 0x00, 0x93, 0x83, 
	0x05, 0x00, 0xb3, 0x06, 0xc5, 0x00, 0x63, 0x84, 0x07, 0x02, 0x33, 
	0x86, 0xc5, 0x00, 0x93, 0x07, 0x05, 0x00, 0x63, 0x72, 0xd5, 0x0a, 
	0x03, 0xc7, 0x05, 0x00, 0x93, 0x85, 0x15, 0x00, 0x93, 0x87, 0x17, 
	0x00, 0xa3, 0x8f, 0xe7, 0xfe, 0xe3, 0x98, 0xc5, 0xfe, 0x67, 0x80, 
	0x00, 0x00, 0x13, 0x07, 0x05, 0x02, 0x63, 0x74, 0xd7, 0x08, 0x93, 
	0x07, 0x07, 0x00, 0x83, 0xa2, 0x05, 0x00, 0x83, 0xaf, 0x45, 0x00, 
	0x03, 0xaf, 0x85, 0x00, 0x83, 0xae, 0xc5, 0x00, 0x03, 0xae, 0x05, 
	0x01, 0x03, 0xa3, 0x45, 0x01, 0x83, 0xa8, 0x85, 0x01, 0x03, 0xa8, 
	0xc5, 0x01, 0x93, 0x87, 0x07, 0x02, 0x23, 0xa0, 0x57, 0xfc, 0x23, 
	0xa2, 0xf7, 0xfd, 0x23, 0xa4, 0xe7, 0xfd, 0x23, 0xa6, 0xd7, 0xfd, 
	0x23, 0xa8, 0xc7, 0xfd, 0x23, 0xaa, 0x67, 0xfc, 0x23, 0xac, 0x17, 
	0xfd, 0x23, 0xae, 0x07, 0xfd, 0x93, 0x85, 0x05, 0x02, 0xe3, 0xec, 
	0xd7, 0xfa, 0x13, 0x06, 0xf6, 0xfd, 0x13, 0x76, 0x06, 0xfe, 0x93, 
	0x83, 0x03, 0x02, 0xb3, 0x07, 0xc7, 0x00, 0xb3, 0x85, 0xc3, 0x00, 
	0xe3, 0xf8, 0xd7, 0xf8, 0x03, 0xa7, 0x05, 0x00, 0x93, 0x87, 0x47, 
	0x00, 0x93, 0x85, 0x45, 0x00, 0x23, 0xae, 0xe7, 0xfe, 0xe3, 0xe8, 
	0xd7, 0xfe, 0x67, 0x80, 0x00, 0x00, 0x67, 0x80, 0x00, 0x00, 0x93, 
	0x07, 0x05, 0x00, 0x6f, 0xf0, 0xdf, 0xfd, 0xb3, 0x67, 0xc5, 0x00, 
	0x93, 0xf7, 0x37, 0x00, 0x33, 0x06, 0xc5, 0x00, 0x63, 0x80, 0x07, 
	0x02, 0x93, 0xf5, 0xf5, 0x0f, 0x93, 0x07, 0x05, 0x00, 0x63, 0x70, 
	0xc5, 0x04, 0x93, 0x87, 0x17, 0x00, 0xa3, 0x8f, 0xb7, 0xfe, 0xe3, 
	0x1c, 0xf6, 0xfe, 0x67, 0x80, 0x00, 0x00, 0x93, 0xf5, 0xf5, 0x0f, 
	0x13, 0x97, 0x85, 0x00, 0x33, 0x07, 0xb7, 0x00, 0x93, 0x17, 0x07, 
	0x01, 0x33, 0x07, 0xf7, 0x00, 0xe3, 0x74, 0xc5, 0xfe, 0x93, 0x07, 
	0x05, 0x00, 0x93, 0x87, 0x47, 0x00, 0x23, 0xae, 0xe7, 0xfe, 0xe3, 
	0xec, 0xc7, 0xfe, 0x67, 0x80, 0x00, 0x00, 0x67, 0x80, 0x00, 0x00, 
	0x13, 0x01, 0x01, 0xf6, 0x93, 0x87, 0x01, 0x81, 0x23, 0x26, 0x31, 
	0x09, 0x93, 0x89, 0x01, 0x81, 0x23, 0x24, 0x41, 0x09, 0x33, 0x8a, 
	0xf9, 0x40, 0x23, 0x2a, 0x91, 0x08, 0x23, 0x28, 0x21, 0x09, 0x93, 
	0x04, 0x05, 0x00, 0x13, 0x89, 0x05, 0x00, 0x13, 0x05, 0x02, 0x00, 
	0x93, 0x85, 0x07, 0x00, 0x13, 0x06, 0x0a, 0x00, 0x23, 0x2e, 0x11, 
	0x08, 0x23, 0x2c, 0x81, 0x08, 0x23, 0x22, 0x51, 0x09, 0x93, 0x0a, 
	0x02, 0x00, 0xef, 0xf0, 0x1f, 0xe9, 0x13, 0x86, 0x01, 0x81, 0x33, 
	0x06, 0x36, 0x41, 0x93, 0x05, 0x00, 0x00, 0x33, 0x85, 0x4a, 0x01, 
	0xef, 0xf0, 0xdf, 0xf4, 0x93, 0x05, 0x09, 0x00, 0x13, 0x85, 0x04, 
	0x00, 0xef, 0xf0, 0x5f, 0xd1, 0x93, 0x05, 0x00, 0x00, 0x13, 0x05, 
	0x00, 0x00, 0xef, 0x00, 0x10, 0x1d, 0x17, 0x59, 0x00, 0x00, 0x13, 
	0x09, 0x49, 0xd5, 0x83, 0x26, 0x09, 0x00, 0x13, 0x04, 0xf1, 0x03, 
	0x13, 0x74, 0x04, 0xfc, 0x93, 0x04, 0x05, 0x00, 0x63, 0x94, 0x06, 
	0x04, 0x83, 0x26, 0x49, 0x00, 0x63, 0x96, 0x06, 0x00, 0x13, 0x85, 
	0x04, 0x00, 0xef, 0xf0, 0xdf, 0xc3, 0x13, 0x09, 0x04, 0x00, 0x97, 
	0x59, 0x00, 0x00, 0x93, 0x89, 0xc9, 0xd1, 0x03, 0xa6, 0x49, 0x00, 
	0x13, 0x05, 0x09, 0x00, 0x97, 0x15, 0x00, 0x00, 0x93, 0x85, 0xc5, 
	0xa6, 0xef, 0xf0, 0xdf, 0xda, 0x33, 0x09, 0xa9, 0x00, 0xe3, 0x0a, 
	0x24, 0xfd, 0x13, 0x05, 0x04, 0x00, 0xef, 0xf0, 0x5f, 0xc7, 0x6f, 
	0xf0, 0x9f, 0xfc, 0x97, 0x59, 0x00, 0x00, 0x93, 0x89, 0xc9, 0xce, 
	0x03, 0xa6, 0x09, 0x00, 0x97, 0x15, 0x00, 0x00, 0x93, 0x85, 0x05, 
	0xa4, 0x13, 0x05, 0x04, 0x00, 0xef, 0xf0, 0xdf, 0xd7, 0x83, 0x26, 
	0x49, 0x00, 0x33, 0x09, 0xa4, 0x00, 0xe3, 0x86, 0x06, 0xfc, 0x6f, 
	0xf0, 0x1f, 0xfb, 0x83, 0x47, 0x05, 0x00, 0x63, 0x8e, 0x07, 0x00, 
	0x93, 0x07, 0x05, 0x00, 0x03, 0xc7, 0x17, 0x00, 0x93, 0x87, 0x17, 
	0x00, 0xe3, 0x1c, 0x07, 0xfe, 0x33, 0x85, 0xa7, 0x40, 0x67, 0x80, 
	0x00, 0x00, 0x13, 0x05, 0x00, 0x00, 0x67, 0x80, 0x00, 0x00, 0xb3, 
	0x06, 0xb5, 0x00, 0x93, 0x07, 0x05, 0x00, 0x63, 0x98, 0x05, 0x00, 
	0x6f, 0x00, 0xc0, 0x01, 0x93, 0x87, 0x17, 0x00, 0x63, 0x86, 0xd7, 
	0x00, 0x03, 0xc7, 0x07, 0x00, 0xe3, 0x1a, 0x07, 0xfe, 0x33, 0x85, 
	0xa7, 0x40, 0x67, 0x80, 0x00, 0x00, 0x13, 0x05, 0x00, 0x00, 0x67, 
	0x80, 0x00, 0x00, 0x83, 0x47, 0x05, 0x00, 0x13, 0x05, 0x15, 0x00, 
	0x93, 0x85, 0x15, 0x00, 0x03, 0xc7, 0xf5, 0xff, 0x63, 0x88, 0x07, 
	0x00, 0xe3, 0x86, 0xe7, 0xfe, 0x33, 0x85, 0xe7, 0x40, 0x67, 0x80, 
	0x00, 0x00, 0x93, 0x07, 0x00, 0x00, 0x6f, 0xf0, 0x5f, 0xff, 0x93, 
	0x07, 0x05, 0x00, 0x03, 0xc7, 0x05, 0x00, 0x93, 0x85, 0x15, 0x00, 
	0x93, 0x87, 0x17, 0x00, 0xa3, 0x8f, 0xe7, 0xfe, 0xe3, 0x18, 0x07, 
	0xfe, 0x67, 0x80, 0x00, 0x00, 0x03, 0x47, 0x05, 0x00, 0x93, 0x06, 
	0x00, 0x02, 0x93, 0x07, 0x05, 0x00, 0x63, 0x1a, 0xd7, 0x00, 0x93, 
	0x06, 0x07, 0x00, 0x03, 0xc7, 0x17, 0x00, 0x93, 0x87, 0x17, 0x00, 
	0xe3, 0x0c, 0xd7, 0xfe, 0x93, 0x06, 0xd0, 0x02, 0x63, 0x0e, 0xd7, 
	0x04, 0x93, 0x06, 0xb0, 0x02, 0x63, 0x00, 0xd7, 0x04, 0x83, 0xc6, 
	0x07, 0x00, 0x93, 0x05, 0x00, 0x00, 0x63, 0x8c, 0x06, 0x04, 0x13, 
	0x05, 0x00, 0x00, 0x93, 0x87, 0x17, 0x00, 0x13, 0x86, 0x06, 0xfd, 
	0x13, 0x17, 0x25, 0x00, 0x83, 0xc6, 0x07, 0x00, 0x33, 0x07, 0xa7, 
	0x00, 0x13, 0x17, 0x17, 0x00, 0x33, 0x05, 0xe6, 0x00, 0xe3, 0x92, 
	0x06, 0xfe, 0x63, 0x8a, 0x05, 0x02, 0x33, 0x05, 0xa0, 0x40, 0x67, 
	0x80, 0x00, 0x00, 0x83, 0xc6, 0x17, 0x00, 0x93, 0x87, 0x17, 0x00, 
	0x63, 0x8e, 0x06, 0x00, 0x93, 0x05, 0x00, 0x00, 0x6f, 0xf0, 0x1f, 
	0xfc, 0x83, 0xc6, 0x17, 0x00, 0x93, 0x05, 0x10, 0x00, 0xb3, 0x87, 
	0xb7, 0x00, 0xe3, 0x98, 0x06, 0xfa, 0x13, 0x05, 0x00, 0x00, 0x67, 
	0x80, 0x00, 0x00, 0x93, 0x08, 0x05, 0x00, 0x13, 0x83, 0x05, 0x00, 
	0x13, 0x07, 0x06, 0x00, 0x13, 0x08, 0x05, 0x00, 0x93, 0x87, 0x05, 
	0x00, 0x63, 0x92, 0x06, 0x28, 0xb7, 0x45, 0x00, 0x40, 0x93, 0x85, 
	0x45, 0x85, 0x63, 0x76, 0xc3, 0x0e, 0xb7, 0x06, 0x01, 0x00, 0x63, 
	0x78, 0xd6, 0x0c, 0x93, 0x36, 0x06, 0x10, 0x93, 0xb6, 0x16, 0x00, 
	0x93, 0x96, 0x36, 0x00, 0x33, 0x55, 0xd6, 0x00, 0xb3, 0x85, 0xa5, 
	0x00, 0x83, 0xc5, 0x05, 0x00, 0x13, 0x05, 0x00, 0x02, 0xb3, 0x86, 
	0xd5, 0x00, 0xb3, 0x05, 0xd5, 0x40, 0x63, 0x0c, 0xd5, 0x00, 0xb3, 
	0x17, 0xb3, 0x00, 0xb3, 0xd6, 0xd8, 0x00, 0x33, 0x17, 0xb6, 0x00, 
	0xb3, 0xe7, 0xf6, 0x00, 0x33, 0x98, 0xb8, 0x00, 0x93, 0x55, 0x07, 
	0x01, 0x33, 0xd3, 0xb7, 0x02, 0x13, 0x16, 0x07, 0x01, 0x13, 0x56, 
	0x06, 0x01, 0xb3, 0xf7, 0xb7, 0x02, 0x13, 0x05, 0x03, 0x00, 0xb3, 
	0x08, 0x66, 0x02, 0x93, 0x96, 0x07, 0x01, 0x93, 0x57, 0x08, 0x01, 
	0xb3, 0xe7, 0xd7, 0x00, 0x63, 0xfe, 0x17, 0x01, 0xb3, 0x07, 0xf7, 
	0x00, 0x13, 0x05, 0xf3, 0xff, 0x63, 0xe8, 0xe7, 0x00, 0x63, 0xf6, 
	0x17, 0x01, 0x13, 0x05, 0xe3, 0xff, 0xb3, 0x87, 0xe7, 0x00, 0xb3, 
	0x87, 0x17, 0x41, 0xb3, 0xd8, 0xb7, 0x02, 0x13, 0x18, 0x08, 0x01, 
	0x13, 0x58, 0x08, 0x01, 0xb3, 0xf7, 0xb7, 0x02, 0xb3, 0x06, 0x16, 
	0x03, 0x93, 0x97, 0x07, 0x01, 0x33, 0x68, 0xf8, 0x00, 0x93, 0x87, 
	0x08, 0x00, 0x63, 0x7c, 0xd8, 0x00, 0x33, 0x08, 0x07, 0x01, 0x93, 
	0x87, 0xf8, 0xff, 0x63, 0x66, 0xe8, 0x00, 0x63, 0x74, 0xd8, 0x00, 
	0x93, 0x87, 0xe8, 0xff, 0x13, 0x15, 0x05, 0x01, 0x33, 0x65, 0xf5, 
	0x00, 0x93, 0x05, 0x00, 0x00, 0x67, 0x80, 0x00, 0x00, 0x37, 0x05, 
	0x00, 0x01, 0x93, 0x06, 0x80, 0x01, 0xe3, 0x7c, 0xa6, 0xf2, 0x93, 
	0x06, 0x00, 0x01, 0x6f, 0xf0, 0x1f, 0xf3, 0x93, 0x06, 0x00, 0x00, 
	0x63, 0x0c, 0x06, 0x00, 0xb7, 0x07, 0x01, 0x00, 0x63, 0x70, 0xf6, 
	0x0c, 0x93, 0x36, 0x06, 0x10, 0x93, 0xb6, 0x16, 0x00, 0x93, 0x96, 
	0x36, 0x00, 0xb3, 0x57, 0xd6, 0x00, 0xb3, 0x85, 0xf5, 0x00, 0x83, 
	0xc7, 0x05, 0x00, 0xb3, 0x87, 0xd7, 0x00, 0x93, 0x06, 0x00, 0x02, 
	0xb3, 0x85, 0xf6, 0x40, 0x63, 0x96, 0xf6, 0x0a, 0xb3, 0x07, 0xc3, 
	0x40, 0x93, 0x05, 0x10, 0x00, 0x93, 0x58, 0x07, 0x01, 0x33, 0xde, 
	0x17, 0x03, 0x13, 0x16, 0x07, 0x01, 0x13, 0x56, 0x06, 0x01, 0x93, 
	0x56, 0x08, 0x01, 0xb3, 0xf7, 0x17, 0x03, 0x13, 0x05, 0x0e, 0x00, 
	0x33, 0x03, 0xc6, 0x03, 0x93, 0x97, 0x07, 0x01, 0xb3, 0xe7, 0xf6, 
	0x00, 0x63, 0xfe, 0x67, 0x00, 0xb3, 0x07, 0xf7, 0x00, 0x13, 0x05, 
	0xfe, 0xff, 0x63, 0xe8, 0xe7, 0x00, 0x63, 0xf6, 0x67, 0x00, 0x13, 
	0x05, 0xee, 0xff, 0xb3, 0x87, 0xe7, 0x00, 0xb3, 0x87, 0x67, 0x40, 
	0x33, 0xd3, 0x17, 0x03, 0x13, 0x18, 0x08, 0x01, 0x13, 0x58, 0x08, 
	0x01, 0xb3, 0xf7, 0x17, 0x03, 0xb3, 0x06, 0x66, 0x02, 0x93, 0x97, 
	0x07, 0x01, 0x33, 0x68, 0xf8, 0x00, 0x93, 0x07, 0x03, 0x00, 0x63, 
	0x7c, 0xd8, 0x00, 0x33, 0x08, 0x07, 0x01, 0x93, 0x07, 0xf3, 0xff, 
	0x63, 0x66, 0xe8, 0x00, 0x63, 0x74, 0xd8, 0x00, 0x93, 0x07, 0xe3, 
	0xff, 0x13, 0x15, 0x05, 0x01, 0x33, 0x65, 0xf5, 0x00, 0x67, 0x80, 
	0x00, 0x00, 0xb7, 0x07, 0x00, 0x01, 0x93, 0x06, 0x80, 0x01, 0xe3, 
	0x74, 0xf6, 0xf4, 0x93, 0x06, 0x00, 0x01, 0x6f, 0xf0, 0x1f, 0xf4, 
	0x33, 0x17, 0xb6, 0x00, 0xb3, 0x56, 0xf3, 0x00, 0x13, 0x55, 0x07, 
	0x01, 0x33, 0x13, 0xb3, 0x00, 0xb3, 0xd7, 0xf8, 0x00, 0xb3, 0xe7, 
	0x67, 0x00, 0x33, 0xd3, 0xa6, 0x02, 0x13, 0x16, 0x07, 0x01, 0x13, 
	0x56, 0x06, 0x01, 0x33, 0x98, 0xb8, 0x00, 0xb3, 0xf6, 0xa6, 0x02, 
	0xb3, 0x08, 0x66, 0x02, 0x93, 0x95, 0x06, 0x01, 0x93, 0xd6, 0x07, 
	0x01, 0xb3, 0xe6, 0xb6, 0x00, 0x93, 0x05, 0x03, 0x00, 0x63, 0xfe, 
	0x16, 0x01, 0xb3, 0x06, 0xd7, 0x00, 0x93, 0x05, 0xf3, 0xff, 0x63, 
	0xe8, 0xe6, 0x00, 0x63, 0xf6, 0x16, 0x01, 0x93, 0x05, 0xe3, 0xff, 
	0xb3, 0x86, 0xe6, 0x00, 0xb3, 0x86, 0x16, 0x41, 0xb3, 0xd8, 0xa6, 
	0x02, 0x93, 0x97, 0x07, 0x01, 0x93, 0xd7, 0x07, 0x01, 0xb3, 0xf6, 
	0xa6, 0x02, 0x33, 0x06, 0x16, 0x03, 0x93, 0x96, 0x06, 0x01, 0xb3, 
	0xe7, 0xd7, 0x00, 0x93, 0x86, 0x08, 0x00, 0x63, 0xfe, 0xc7, 0x00, 
	0xb3, 0x07, 0xf7, 0x00, 0x93, 0x86, 0xf8, 0xff, 0x63, 0xe8, 0xe7, 
	0x00, 0x63, 0xf6, 0xc7, 0x00, 0x93, 0x86, 0xe8, 0xff, 0xb3, 0x87, 
	0xe7, 0x00, 0x93, 0x95, 0x05, 0x01, 0xb3, 0x87, 0xc7, 0x40, 0xb3, 
	0xe5, 0xd5, 0x00, 0x6f, 0xf0, 0x9f, 0xeb, 0x63, 0xe4, 0xd5, 0x18, 
	0xb7, 0x07, 0x01, 0x00, 0x63, 0xf4, 0xf6, 0x04, 0x93, 0xb7, 0x06, 
	0x10, 0x93, 0xb7, 0x17, 0x00, 0x93, 0x97, 0x37, 0x00, 0x37, 0x47, 
	0x00, 0x40, 0xb3, 0xd5, 0xf6, 0x00, 0x13, 0x07, 0x47, 0x85, 0x33, 
	0x07, 0xb7, 0x00, 0x03, 0x47, 0x07, 0x00, 0x33, 0x07, 0xf7, 0x00, 
	0x93, 0x07, 0x00, 0x02, 0xb3, 0x85, 0xe7, 0x40, 0x63, 0x96, 0xe7, 
	0x02, 0x13, 0x05, 0x10, 0x00, 0xe3, 0xee, 0x66, 0xe0, 0x33, 0xb5, 
	0xc8, 0x00, 0x13, 0x35, 0x15, 0x00, 0x67, 0x80, 0x00, 0x00, 0x37, 
	0x07, 0x00, 0x01, 0x93, 0x07, 0x80, 0x01, 0xe3, 0xf0, 0xe6, 0xfc, 
	0x93, 0x07, 0x00, 0x01, 0x6f, 0xf0, 0x9f, 0xfb, 0x33, 0x55, 0xe6, 
	0x00, 0xb3, 0x96, 0xb6, 0x00, 0xb3, 0x57, 0xe3, 0x00, 0x33, 0x65, 
	0xd5, 0x00, 0x33, 0x13, 0xb3, 0x00, 0x33, 0xd7, 0xe8, 0x00, 0x33, 
	0x67, 0x67, 0x00, 0x13, 0x53, 0x05, 0x01, 0xb3, 0xde, 0x67, 0x02, 
	0x13, 0x18, 0x05, 0x01, 0x13, 0x58, 0x08, 0x01, 0x93, 0x56, 0x07, 
	0x01, 0x33, 0x16, 0xb6, 0x00, 0xb3, 0xf7, 0x67, 0x02, 0x33, 0x0e, 
	0xd8, 0x03, 0x93, 0x97, 0x07, 0x01, 0xb3, 0xe6, 0xf6, 0x00, 0x93, 
	0x87, 0x0e, 0x00, 0x63, 0xfe, 0xc6, 0x01, 0xb3, 0x06, 0xd5, 0x00, 
	0x93, 0x87, 0xfe, 0xff, 0x63, 0xe8, 0xa6, 0x00, 0x63, 0xf6, 0xc6, 
	0x01, 0x93, 0x87, 0xee, 0xff, 0xb3, 0x86, 0xa6, 0x00, 0xb3, 0x86, 
	0xc6, 0x41, 0x33, 0xde, 0x66, 0x02, 0x13, 0x17, 0x07, 0x01, 0x13, 
	0x57, 0x07, 0x01, 0xb3, 0xf6, 0x66, 0x02, 0x33, 0x08, 0xc8, 0x03, 
	0x93, 0x96, 0x06, 0x01, 0x33, 0x67, 0xd7, 0x00, 0x93, 0x06, 0x0e, 
	0x00, 0x63, 0x7e, 0x07, 0x01, 0x33, 0x07, 0xe5, 0x00, 0x93, 0x06, 
	0xfe, 0xff, 0x63, 0x68, 0xa7, 0x00, 0x63, 0x76, 0x07, 0x01, 0x93, 
	0x06, 0xee, 0xff, 0x33, 0x07, 0xa7, 0x00, 0x93, 0x97, 0x07, 0x01, 
	0x33, 0xe5, 0xd7, 0x00, 0x13, 0x13, 0x06, 0x01, 0x93, 0x96, 0x06, 
	0x01, 0x93, 0xd6, 0x06, 0x01, 0x13, 0x53, 0x03, 0x01, 0x13, 0x56, 
	0x06, 0x01, 0x33, 0x07, 0x07, 0x41, 0x13, 0x58, 0x05, 0x01, 0x33, 
	0x8e, 0x66, 0x02, 0x33, 0x03, 0x68, 0x02, 0x93, 0x57, 0x0e, 0x01, 
	0xb3, 0x86, 0xc6, 0x02, 0xb3, 0x86, 0x66, 0x00, 0xb3, 0x87, 0xd7, 
	0x00, 0x33, 0x08, 0xc8, 0x02, 0x63, 0xf6, 0x67, 0x00, 0xb7, 0x06, 
	0x01, 0x00, 0x33, 0x08, 0xd8, 0x00, 0x93, 0xd6, 0x07, 0x01, 0xb3, 
	0x86, 0x06, 0x01, 0x63, 0x62, 0xd7, 0x02, 0xe3, 0x1c, 0xd7, 0xce, 
	0x13, 0x1e, 0x0e, 0x01, 0x93, 0x97, 0x07, 0x01, 0x13, 0x5e, 0x0e, 
	0x01, 0xb3, 0x98, 0xb8, 0x00, 0xb3, 0x87, 0xc7, 0x01, 0x93, 0x05, 
	0x00, 0x00, 0xe3, 0xf0, 0xf8, 0xce, 0x13, 0x05, 0xf5, 0xff, 0x6f, 
	0xf0, 0x5f, 0xcd, 0x93, 0x05, 0x00, 0x00, 0x13, 0x05, 0x00, 0x00, 
	0x67, 0x80, 0x00, 0x00, 0x13, 0x08, 0x06, 0x00, 0x93, 0x07, 0x05, 
	0x00, 0x13, 0x87, 0x05, 0x00, 0x63, 0x96, 0x06, 0x20, 0xb7, 0x48, 
	0x00, 0x40, 0x93, 0x88, 0x48, 0x85, 0x63, 0xfc, 0xc5, 0x0c, 0xb7, 
	0x06, 0x01, 0x00, 0x63, 0x7e, 0xd6, 0x0a, 0x93, 0x36, 0x06, 0x10, 
	0x93, 0xb6, 0x16, 0x00, 0x93, 0x96, 0x36, 0x00, 0x33, 0x53, 0xd6, 
	0x00, 0xb3, 0x88, 0x68, 0x00, 0x83, 0xc8, 0x08, 0x00, 0x13, 0x03, 
	0x00, 0x02, 0xb3, 0x86, 0xd8, 0x00, 0xb3, 0x08, 0xd3, 0x40, 0x63, 
	0x0c, 0xd3, 0x00, 0x33, 0x97, 0x15, 0x01, 0xb3, 0x56, 0xd5, 0x00, 
	0x33, 0x18, 0x16, 0x01, 0x33, 0xe7, 0xe6, 0x00, 0xb3, 0x17, 0x15, 
	0x01, 0x13, 0x56, 0x08, 0x01, 0xb3, 0x56, 0xc7, 0x02, 0x13, 0x15, 
	0x08, 0x01, 0x13, 0x55, 0x05, 0x01, 0x33, 0x77, 0xc7, 0x02, 0xb3, 
	0x86, 0xa6, 0x02, 0x93, 0x15, 0x07, 0x01, 0x13, 0xd7, 0x07, 0x01, 
	0x33, 0x67, 0xb7, 0x00, 0x63, 0x7a, 0xd7, 0x00, 0x33, 0x07, 0xe8, 
	0x00, 0x63, 0x66, 0x07, 0x01, 0x63, 0x74, 0xd7, 0x00, 0x33, 0x07, 
	0x07, 0x01, 0x33, 0x07, 0xd7, 0x40, 0xb3, 0x56, 0xc7, 0x02, 0x33, 
	0x77, 0xc7, 0x02, 0xb3, 0x86, 0xa6, 0x02, 0x93, 0x97, 0x07, 0x01, 
	0x13, 0x17, 0x07, 0x01, 0x93, 0xd7, 0x07, 0x01, 0xb3, 0xe7, 0xe7, 
	0x00, 0x63, 0xfa, 0xd7, 0x00, 0xb3, 0x07, 0xf8, 0x00, 0x63, 0xe6, 
	0x07, 0x01, 0x63, 0xf4, 0xd7, 0x00, 0xb3, 0x87, 0x07, 0x01, 0xb3, 
	0x87, 0xd7, 0x40, 0x33, 0xd5, 0x17, 0x01, 0x93, 0x05, 0x00, 0x00, 
	0x67, 0x80, 0x00, 0x00, 0x37, 0x03, 0x00, 0x01, 0x93, 0x06, 0x80, 
	0x01, 0xe3, 0x76, 0x66, 0xf4, 0x93, 0x06, 0x00, 0x01, 0x6f, 0xf0, 
	0x5f, 0xf4, 0x93, 0x06, 0x00, 0x00, 0x63, 0x0c, 0x06, 0x00, 0x37, 
	0x07, 0x01, 0x00, 0x63, 0x7e, 0xe6, 0x06, 0x93, 0x36, 0x06, 0x10, 
	0x93, 0xb6, 0x16, 0x00, 0x93, 0x96, 0x36, 0x00, 0x33, 0x57, 0xd6, 
	0x00, 0xb3, 0x88, 0xe8, 0x00, 0x03, 0xc7, 0x08, 0x00, 0x33, 0x07, 
	0xd7, 0x00, 0x93, 0x06, 0x00, 0x02, 0xb3, 0x88, 0xe6, 0x40, 0x63, 
	0x94, 0xe6, 0x06, 0x33, 0x87, 0xc5, 0x40, 0x93, 0x55, 0x08, 0x01, 
	0x33, 0x56, 0xb7, 0x02, 0x13, 0x15, 0x08, 0x01, 0x13, 0x55, 0x05, 
	0x01, 0x93, 0xd6, 0x07, 0x01, 0x33, 0x77, 0xb7, 0x02, 0x33, 0x06, 
	0xa6, 0x02, 0x13, 0x17, 0x07, 0x01, 0x33, 0xe7, 0xe6, 0x00, 0x63, 
	0x7a, 0xc7, 0x00, 0x33, 0x07, 0xe8, 0x00, 0x63, 0x66, 0x07, 0x01, 
	0x63, 0x74, 0xc7, 0x00, 0x33, 0x07, 0x07, 0x01, 0x33, 0x07, 0xc7, 
	0x40, 0xb3, 0x56, 0xb7, 0x02, 0x33, 0x77, 0xb7, 0x02, 0xb3, 0x86, 
	0xa6, 0x02, 0x6f, 0xf0, 0x5f, 0xf3, 0x37, 0x07, 0x00, 0x01, 0x93, 
	0x06, 0x80, 0x01, 0xe3, 0x76, 0xe6, 0xf8, 0x93, 0x06, 0x00, 0x01, 
	0x6f, 0xf0, 0x5f, 0xf8, 0x33, 0x18, 0x16, 0x01, 0xb3, 0xd6, 0xe5, 
	0x00, 0xb3, 0x17, 0x15, 0x01, 0xb3, 0x95, 0x15, 0x01, 0x33, 0x57, 
	0xe5, 0x00, 0x13, 0x55, 0x08, 0x01, 0x33, 0x67, 0xb7, 0x00, 0xb3, 
	0xd5, 0xa6, 0x02, 0x13, 0x13, 0x08, 0x01, 0x13, 0x53, 0x03, 0x01, 
	0xb3, 0xf6, 0xa6, 0x02, 0xb3, 0x85, 0x65, 0x02, 0x13, 0x96, 0x06, 
	0x01, 0x93, 0x56, 0x07, 0x01, 0xb3, 0xe6, 0xc6, 0x00, 0x63, 0xfa, 
	0xb6, 0x00, 0xb3, 0x06, 0xd8, 0x00, 0x63, 0xe6, 0x06, 0x01, 0x63, 
	0xf4, 0xb6, 0x00, 0xb3, 0x86, 0x06, 0x01, 0xb3, 0x86, 0xb6, 0x40, 
	0x33, 0xd6, 0xa6, 0x02, 0x13, 0x17, 0x07, 0x01, 0x13, 0x57, 0x07, 
	0x01, 0xb3, 0xf6, 0xa6, 0x02, 0x33, 0x06, 0x66, 0x02, 0x93, 0x96, 
	0x06, 0x01, 0x33, 0x67, 0xd7, 0x00, 0x63, 0x7a, 0xc7, 0x00, 0x33, 
	0x07, 0xe8, 0x00, 0x63, 0x66, 0x07, 0x01, 0x63, 0x74, 0xc7, 0x00, 
	0x33, 0x07, 0x07, 0x01, 0x33, 0x07, 0xc7, 0x40, 0x6f, 0xf0, 0x9f, 
	0xf1, 0x63, 0xe2, 0xd5, 0x1c, 0x37, 0x08, 0x01, 0x00, 0x63, 0xfe, 
	0x06, 0x05, 0x13, 0xb8, 0x06, 0x10, 0x13, 0x38, 0x18, 0x00, 0x13, 
	0x18, 0x38, 0x00, 0xb7, 0x48, 0x00, 0x40, 0x33, 0xd3, 0x06, 0x01, 
	0x93, 0x88, 0x48, 0x85, 0xb3, 0x88, 0x68, 0x00, 0x83, 0xc8, 0x08, 
	0x00, 0x13, 0x03, 0x00, 0x02, 0xb3, 0x88, 0x08, 0x01, 0x33, 0x08, 
	0x13, 0x41, 0x63, 0x10, 0x13, 0x05, 0x63, 0xe4, 0xb6, 0x00, 0x63, 
	0x6c, 0xc5, 0x00, 0x33, 0x06, 0xc5, 0x40, 0xb3, 0x86, 0xd5, 0x40, 
	0x33, 0x37, 0xc5, 0x00, 0x93, 0x07, 0x06, 0x00, 0x33, 0x87, 0xe6, 
	0x40, 0x13, 0x85, 0x07, 0x00, 0x93, 0x05, 0x07, 0x00, 0x67, 0x80, 
	0x00, 0x00, 0xb7, 0x08, 0x00, 0x01, 0x13, 0x08, 0x80, 0x01, 0xe3, 
	0xf6, 0x16, 0xfb, 0x13, 0x08, 0x00, 0x01, 0x6f, 0xf0, 0x5f, 0xfa, 
	0xb3, 0x57, 0x16, 0x01, 0xb3, 0x96, 0x06, 0x01, 0xb3, 0xe6, 0xd7, 
	0x00, 0x33, 0xd7, 0x15, 0x01, 0x13, 0xd3, 0x06, 0x01, 0x33, 0x5f, 
	0x67, 0x02, 0x13, 0x9e, 0x06, 0x01, 0x13, 0x5e, 0x0e, 0x01, 0xb3, 
	0x97, 0x05, 0x01, 0xb3, 0x55, 0x15, 0x01, 0xb3, 0xe5, 0xf5, 0x00, 
	0x93, 0xd7, 0x05, 0x01, 0x33, 0x16, 0x06, 0x01, 0x33, 0x15, 0x05, 
	0x01, 0x33, 0x77, 0x67, 0x02, 0xb3, 0x0e, 0xee, 0x03, 0x13, 0x17, 
	0x07, 0x01, 0xb3, 0xe7, 0xe7, 0x00, 0x13, 0x07, 0x0f, 0x00, 0x63, 
	0xfe, 0xd7, 0x01, 0xb3, 0x87, 0xf6, 0x00, 0x13, 0x07, 0xff, 0xff, 
	0x63, 0xe8, 0xd7, 0x00, 0x63, 0xf6, 0xd7, 0x01, 0x13, 0x07, 0xef, 
	0xff, 0xb3, 0x87, 0xd7, 0x00, 0xb3, 0x87, 0xd7, 0x41, 0xb3, 0xde, 
	0x67, 0x02, 0x93, 0x95, 0x05, 0x01, 0x93, 0xd5, 0x05, 0x01, 0xb3, 
	0xf7, 0x67, 0x02, 0x13, 0x83, 0x0e, 0x00, 0x33, 0x0e, 0xde, 0x03, 
	0x93, 0x97, 0x07, 0x01, 0xb3, 0xe5, 0xf5, 0x00, 0x63, 0xfe, 0xc5, 
	0x01, 0xb3, 0x85, 0xb6, 0x00, 0x13, 0x83, 0xfe, 0xff, 0x63, 0xe8, 
	0xd5, 0x00, 0x63, 0xf6, 0xc5, 0x01, 0x13, 0x83, 0xee, 0xff, 0xb3, 
	0x85, 0xd5, 0x00, 0x93, 0x17, 0x07, 0x01, 0xb3, 0xe7, 0x67, 0x00, 
	0xb3, 0x85, 0xc5, 0x41, 0x13, 0x13, 0x03, 0x01, 0x13, 0x1e, 0x06, 
	0x01, 0x13, 0x57, 0x06, 0x01, 0x13, 0x53, 0x03, 0x01, 0x93, 0xd7, 
	0x07, 0x01, 0x13, 0x5e, 0x0e, 0x01, 0xb3, 0x0e, 0xc3, 0x03, 0x33, 
	0x8e, 0xc7, 0x03, 0x33, 0x03, 0xe3, 0x02, 0xb3, 0x87, 0xe7, 0x02, 
	0x33, 0x03, 0xc3, 0x01, 0x13, 0xd7, 0x0e, 0x01, 0x33, 0x07, 0x67, 
	0x00, 0x63, 0x76, 0xc7, 0x01, 0x37, 0x03, 0x01, 0x00, 0xb3, 0x87, 
	0x67, 0x00, 0x13, 0x53, 0x07, 0x01, 0x93, 0x9e, 0x0e, 0x01, 0x13, 
	0x17, 0x07, 0x01, 0x93, 0xde, 0x0e, 0x01, 0xb3, 0x07, 0xf3, 0x00, 
	0x33, 0x07, 0xd7, 0x01, 0x63, 0xe6, 0xf5, 0x00, 0x63, 0x9e, 0xf5, 
	0x00, 0x63, 0x7c, 0xe5, 0x00, 0x33, 0x06, 0xc7, 0x40, 0x33, 0x33, 
	0xc7, 0x00, 0xb3, 0x06, 0xd3, 0x00, 0x13, 0x07, 0x06, 0x00, 0xb3, 
	0x87, 0xd7, 0x40, 0x33, 0x07, 0xe5, 0x40, 0x33, 0x35, 0xe5, 0x00, 
	0xb3, 0x85, 0xf5, 0x40, 0xb3, 0x85, 0xa5, 0x40, 0xb3, 0x98, 0x15, 
	0x01, 0x33, 0x57, 0x07, 0x01, 0x33, 0xe5, 0xe8, 0x00, 0xb3, 0xd5, 
	0x05, 0x01, 0x67, 0x80, 0x00, 0x00, 0x13, 0x01, 0x01, 0xff, 0x13, 
	0x05, 0x10, 0x00, 0x23, 0x26, 0x11, 0x00, 0xef, 0xf0, 0xcf, 0xa2, 
	0x37, 0x15, 0x00, 0x00, 0x13, 0x05, 0x05, 0x80, 0x97, 0x25, 0x00, 
	0x00, 0x93, 0x85, 0x85, 0x36, 0xef, 0xe0, 0x1f, 0x9d, 0x13, 0x05, 
	0x00, 0x00, 0xef, 0xf0, 0x0f, 0xa1, 0x17, 0x27, 0x00, 0x00, 0x13, 
	0x07, 0x47, 0x35, 0x97, 0x07, 0x00, 0x00, 0x93, 0x87, 0xc7, 0x34, 
	0x13, 0x05, 0x00, 0x00, 0x03, 0x26, 0x07, 0x00, 0x83, 0xa6, 0x07, 
	0x00, 0x03, 0x28, 0x47, 0x00, 0x83, 0xa5, 0x47, 0x00, 0x63, 0x16, 
	0xd6, 0x02, 0x13, 0x05, 0x25, 0x00, 0x93, 0x06, 0x05, 0x80, 0x63, 
	0x1a, 0xb8, 0x00, 0x13, 0x07, 0x87, 0x00, 0x93, 0x87, 0x87, 0x00, 
	0xe3, 0x9c, 0x06, 0xfc, 0x13, 0x05, 0x00, 0x00, 0x83, 0x20, 0xc1, 
	0x00, 0x13, 0x01, 0x01, 0x01, 0x67, 0x80, 0x00, 0x00, 0x13, 0x05, 
	0x15, 0x00, 0x6f, 0xf0, 0x1f, 0xff, 0x13, 0x01, 0x01, 0xff, 0x17, 
	0x05, 0x00, 0x00, 0x13, 0x05, 0x05, 0x04, 0x23, 0x26, 0x11, 0x00, 
	0xef, 0xf0, 0xcf, 0xa6, 0x83, 0x20, 0xc1, 0x00, 0x13, 0x05, 0xf0, 
	0xff, 0x13, 0x01, 0x01, 0x01, 0x67, 0x80, 0x00, 0x00, 0x28, 0x6e, 
	0x75, 0x6c, 0x6c, 0x29, 0x00, 0x00, 0x00, 0x00, 0x00, 0x00, 0x6d, 
	0x63, 0x79, 0x63, 0x6c, 0x65, 0x00, 0x00, 0x6d, 0x69, 0x6e, 0x73, 
	0x74, 0x72, 0x65, 0x74, 0x00, 0x00, 0x00, 0x00, 0x49, 0x6d, 0x70, 
	0x6c, 0x65, 0x6d, 0x65, 0x6e, 0x74, 0x20, 0x6d, 0x61, 0x69, 0x6e, 
	0x28, 0x29, 0x2c, 0x20, 0x66, 0x6f, 0x6f, 0x21, 0x0a, 0x00, 0x25, 
	0x73, 0x20, 0x3d, 0x20, 0x25, 0x64, 0x0a, 0x00, 0x00, 0x00, 0x00, 
	0xd0, 0xed, 0xff, 0xff, 0x68, 0xed, 0xff, 0xff, 0xdc, 0xed, 0xff, 
	0xff, 0x68, 0xed, 0xff, 0xff, 0x68, 0xed, 0xff, 0xff, 0x68, 0xed, 
	0xff, 0xff, 0x68, 0xed, 0xff, 0xff, 0xec, 0xed, 0xff, 0xff, 0x68, 
	0xed, 0xff, 0xff, 0x68, 0xed, 0xff, 0xff, 0x48, 0xed, 0xff, 0xff, 
	0x78, 0xf0, 0xff, 0xff, 0x68, 0xed, 0xff, 0xff, 0x48, 0xed, 0xff, 
	0xff, 0x7c, 0xed, 0xff, 0xff, 0x7c, 0xed, 0xff, 0xff, 0x7c, 0xed, 
	0xff, 0xff, 0x7c, 0xed, 0xff, 0xff, 0x7c, 0xed, 0xff, 0xff, 0x7c, 
	0xed, 0xff, 0xff, 0x7c, 0xed, 0xff, 0xff, 0x7c, 0xed, 0xff, 0xff, 
	0x7c, 0xed, 0xff, 0xff, 0x68, 0xed, 0xff, 0xff, 0x68, 0xed, 0xff, 
	0xff, 0x68, 0xed, 0xff, 0xff, 0x68, 0xed, 0xff, 0xff, 0x68, 0xed, 
	0xff, 0xff, 0x68, 0xed, 0xff, 0xff, 0x68, 0xed, 0xff, 0xff, 0x68, 
	0xed, 0xff, 0xff, 0x68, 0xed, 0xff, 0xff, 0x68, 0xed, 0xff, 0xff, 
	0x68, 0xed, 0xff, 0xff, 0x68, 0xed, 0xff, 0xff, 0x68, 0xed, 0xff, 
	0xff, 0x68, 0xed, 0xff, 0xff, 0x68, 0xed, 0xff, 0xff, 0x68, 0xed, 
	0xff, 0xff, 0x68, 0xed, 0xff, 0xff, 0x68, 0xed, 0xff, 0xff, 0x68, 
	0xed, 0xff, 0xff, 0x68, 0xed, 0xff, 0xff, 0x68, 0xed, 0xff, 0xff, 
	0x68, 0xed, 0xff, 0xff, 0x68, 0xed, 0xff, 0xff, 0x68, 0xed, 0xff, 
	0xff, 0x68, 0xed, 0xff, 0xff, 0x68, 0xed, 0xff, 0xff, 0x68, 0xed, 
	0xff, 0xff, 0x68, 0xed, 0xff, 0xff, 0x68, 0xed, 0xff, 0xff, 0x68, 
	0xed, 0xff, 0xff, 0x68, 0xed, 0xff, 0xff, 0x68, 0xed, 0xff, 0xff, 
	0x68, 0xed, 0xff, 0xff, 0x68, 0xed, 0xff, 0xff, 0x68, 0xed, 0xff, 
	0xff, 0x68, 0xed, 0xff, 0xff, 0x68, 0xed, 0xff, 0xff, 0x68, 0xed, 
	0xff, 0xff, 0x68, 0xed, 0xff, 0xff, 0x68, 0xed, 0xff, 0xff, 0x68, 
	0xed, 0xff, 0xff, 0x90, 0xf0, 0xff, 0xff, 0x14, 0xef, 0xff, 0xff, 
	0x68, 0xed, 0xff, 0xff, 0x68, 0xed, 0xff, 0xff, 0x68, 0xed, 0xff, 
	0xff, 0x68, 0xed, 0xff, 0xff, 0x68, 0xed, 0xff, 0xff, 0x68, 0xed, 
	0xff, 0xff, 0x68, 0xed, 0xff, 0xff, 0x60, 0xef, 0xff, 0xff, 0x68, 
	0xed, 0xff, 0xff, 0x68, 0xed, 0xff, 0xff, 0x0c, 0xf1, 0xff, 0xff, 
	0x08, 0xee, 0xff, 0xff, 0x68, 0xed, 0xff, 0xff, 0x68, 0xed, 0xff, 
	0xff, 0x90, 0xef, 0xff, 0xff, 0x68, 0xed, 0xff, 0xff, 0xfc, 0xf0, 
	0xff, 0xff, 0x68, 0xed, 0xff, 0xff, 0x68, 0xed, 0xff, 0xff, 0x70, 
	0xef, 0xff, 0xff, 0x00, 0x01, 0x02, 0x02, 0x03, 0x03, 0x03, 0x03, 
	0x04, 0x04, 0x04, 0x04, 0x04, 0x04, 0x04, 0x04, 0x05, 0x05, 0x05, 
	0x05, 0x05, 0x05, 0x05, 0x05, 0x05, 0x05, 0x05, 0x05, 0x05, 0x05, 
	0x05, 0x05, 0x06, 0x06, 0x06, 0x06, 0x06, 0x06, 0x06, 0x06, 0x06, 
	0x06, 0x06, 0x06, 0x06, 0x06, 0x06, 0x06, 0x06, 0x06, 0x06, 0x06, 
	0x06, 0x06, 0x06, 0x06, 0x06, 0x06, 0x06, 0x06, 0x06, 0x06, 0x06, 
	0x06, 0x07, 0x07, 0x07, 0x07, 0x07, 0x07, 0x07, 0x07, 0x07, 0x07, 
	0x07, 0x07, 0x07, 0x07, 0x07, 0x07, 0x07, 0x07, 0x07, 0x07, 0x07, 
	0x07, 0x07, 0x07, 0x07, 0x07, 0x07, 0x07, 0x07, 0x07, 0x07, 0x07, 
	0x07, 0x07, 0x07, 0x07, 0x07, 0x07, 0x07, 0x07, 0x07, 0x07, 0x07, 
	0x07, 0x07, 0x07, 0x07, 0x07, 0x07, 0x07, 0x07, 0x07, 0x07, 0x07, 
	0x07, 0x07, 0x07, 0x07, 0x07, 0x07, 0x07, 0x07, 0x07, 0x07, 0x08, 
	0x08, 0x08, 0x08, 0x08, 0x08, 0x08, 0x08, 0x08, 0x08, 0x08, 0x08, 
	0x08, 0x08, 0x08, 0x08, 0x08, 0x08, 0x08, 0x08, 0x08, 0x08, 0x08, 
	0x08, 0x08, 0x08, 0x08, 0x08, 0x08, 0x08, 0x08, 0x08, 0x08, 0x08, 
	0x08, 0x08, 0x08, 0x08, 0x08, 0x08, 0x08, 0x08, 0x08, 0x08, 0x08, 
	0x08, 0x08, 0x08, 0x08, 0x08, 0x08, 0x08, 0x08, 0x08, 0x08, 0x08, 
	0x08, 0x08, 0x08, 0x08, 0x08, 0x08, 0x08, 0x08, 0x08, 0x08, 0x08, 
	0x08, 0x08, 0x08, 0x08, 0x08, 0x08, 0x08, 0x08, 0x08, 0x08, 0x08, 
	0x08, 0x08, 0x08, 0x08, 0x08, 0x08, 0x08, 0x08, 0x08, 0x08, 0x08, 
	0x08, 0x08, 0x08, 0x08, 0x08, 0x08, 0x08, 0x08, 0x08, 0x08, 0x08, 
	0x08, 0x08, 0x08, 0x08, 0x08, 0x08, 0x08, 0x08, 0x08, 0x08, 0x08, 
	0x08, 0x08, 0x08, 0x08, 0x08, 0x08, 0x08, 0x08, 0x08, 0x08, 0x08, 
	0x08, 0x08, 0x08, 0x08, 0x08, 0x08, 0x10, 0x00, 0x00, 0x00, 0x00, 
	0x00, 0x00, 0x00, 0x03, 0x7a, 0x52, 0x00, 0x01, 0x7c, 0x01, 0x01, 
	0x1b, 0x0c, 0x02, 0x00, 0x10, 0x00, 0x00, 0x00, 0x18, 0x00, 0x00, 
	0x00, 0x94, 0xf4, 0xff, 0xff, 0x2c, 0x04, 0x00, 0x00, 0x00, 0x00, 
	0x00, 0x00, 0x10, 0x00, 0x00, 0x00, 0x2c, 0x00, 0x00, 0x00, 0xac, 
	0xf8, 0xff, 0xff, 0xe0, 0x03, 0x00, 0x00, 0x00, 0x00, 0x00, 0x00, 
	0x27, 0x8b, 0x0a, 0x00, 0xf4, 0xbe, 0x0d, 0x00, 0xc4, 0x83, 0x21, 
	0x00, 0x62, 0x9b, 0x26, 0x00, 0x6f, 0x35, 0x30, 0x00, 0x92, 0xbe, 
	0x35, 0x00, 0xef, 0xe5, 0x39, 0x00, 0xbc, 0x82, 0x3d, 0x00, 0xd6, 
	0x02, 0x51, 0x00, 0x04, 0xd7, 0x51, 0x00, 0x33, 0x90, 0x94, 0x00, 
	0xf9, 0x1d, 0xaf, 0x00, 0x96, 0x77, 0xc2, 0x00, 0x40, 0x10, 0xc4, 
	0x00, 0x53, 0x6a, 0xc5, 0x00, 0x1d, 0x1f, 0xc9, 0x00, 0xbb, 0xe7, 
	0xd3, 0x00, 0x4c, 0x8b, 0xd7, 0x00, 0x95, 0x45, 0xd9, 0x00, 0xd8, 
	0x6b, 0xfa, 0x00, 0x0f, 0x63, 0x25, 0x01, 0xb9, 0xff, 0x3a, 0x01, 
	0x32, 0xd9, 0x44, 0x01, 0xf5, 0xc7, 0x51, 0x01, 0xee, 0x54, 0x5b, 
	0x01, 0x5b, 0x5b, 0x63, 0x01, 0xad, 0x00, 0x74, 0x01, 0x95, 0xfa, 
	0x8a, 0x01, 0xb0, 0x30, 0x91, 0x01, 0xcb, 0x36, 0x97, 0x01, 0xfe, 
	0xbe, 0xa1, 0x01, 0x18, 0x94, 0xa4, 0x01, 0x85, 0x2a, 0xaf, 0x01, 
	0x24, 0x53, 0xb7, 0x01, 0xc7, 0xe9, 0xd8, 0x01, 0xd7, 0x5c, 0xdb, 
	0x01, 0xa5, 0xc8, 0xe1, 0x01, 0x34, 0x21, 0xe2, 0x01, 0x42, 0x24, 
	0x1f, 0x02, 0x34, 0x2b, 0x23, 0x02, 0xfc, 0xd6, 0x34, 0x02, 0xad, 
	0xbd, 0x36, 0x02, 0x36, 0x4c, 0x4d, 0x02, 0x66, 0x82, 0x7c, 0x02, 
	0xca, 0x31, 0x81, 0x02, 0xde, 0xb6, 0x9e, 0x02, 0xa6, 0xb6, 0xcd, 
	0x02, 0x7d, 0x12, 0xd4, 0x02, 0x02, 0x3e, 0xd4, 0x02, 0xa7, 0x2e, 
	0xe1, 0x02, 0x58, 0x42, 0xe8, 0x02, 0xe3, 0x5c, 0x06, 0x03, 0x02, 
	0xb8, 0x09, 0x03, 0x25, 0xc3, 0x14, 0x03, 0x86, 0xf6, 0x35, 0x03, 
	0x2e, 0x47, 0x4e, 0x03, 0x5c, 0x70, 0x77, 0x03, 0xe0, 0x55, 0x78, 
	0x03, 0x82, 0x23, 0x8a, 0x03, 0xcd, 0xb6, 0x9b, 0x03, 0x22, 0xb9, 
	0xad, 0x03, 0x1f, 0x3e, 0xb5, 0x03, 0xea, 0x08, 0xc5, 0x03, 0x10, 
	0xb4, 0xdc, 0x03, 0x69, 0xea, 0xf7, 0x03, 0x07, 0xa1, 0x0e, 0x04, 
	0xf4, 0xaa, 0x1e, 0x04, 0x58, 0x6f, 0x2a, 0x04, 0x93, 0x2c, 0x2c, 
	0x04, 0xc2, 0xc4, 0x39, 0x04, 0xa8, 0x82, 0x4f, 0x04, 0x31, 0xe2, 
	0x56, 0x04, 0xc6, 0xf6, 0x58, 0x04, 0xda, 0xb2, 0x76, 0x04, 0x24, 
	0x7e, 0x86, 0x04, 0xb6, 0x86, 0x98, 0x04, 0xb6, 0x49, 0x9e, 0x04, 
	0xf2, 0x80, 0xab, 0x04, 0x1c, 0x9c, 0xc9, 0x04, 0xea, 0xde, 0xca, 
	0x04, 0x4b, 0x73, 0xd2, 0x04, 0x8b, 0x19, 0xda, 0x04, 0x28, 0xa4, 
	0xf0, 0x04, 0x81, 0xd9, 0x0f, 0x05, 0x71, 0x35, 0x3d, 0x05, 0x52, 
	0x55, 0x4b, 0x05, 0xa4, 0x24, 0x54, 0x05, 0x5f, 0x41, 0x5e, 0x05, 
	0xa4, 0x41, 0x6f, 0x05, 0x5c, 0xf2, 0x7f, 0x05, 0xbf, 0x45, 0x85, 
	0x05, 0xda, 0xef, 0x88, 0x05, 0x67, 0xfb, 0x8d, 0x05, 0x07, 0xef, 
	0xa5, 0x05, 0x20, 0x12, 0xb5, 0x05, 0x11, 0x6e, 0xee, 0x05, 0xed, 
	0xa4, 0x3c, 0x06, 0x40, 0x03, 0x3e, 0x06, 0x1f, 0x09, 0x48, 0x06, 
	0xd4, 0xd5, 0x54, 0x06, 0xb7, 0x84, 0x5a, 0x06, 0x83, 0x27, 0x62, 
	0x06, 0x22, 0x24, 0x63, 0x06, 0xc4, 0x47, 0x70, 0x06, 0xd6, 0x3a, 
	0x75, 0x06, 0x7f, 0x41, 0x76, 0x06, 0x5f, 0x89, 0x79, 0x06, 0x00, 
	0xc1, 0x7f, 0x06, 0xe4, 0x3e, 0x87, 0x06, 0x48, 0x86, 0xad, 0x06, 
	0x9d, 0xe1, 0xb6, 0x06, 0x8b, 0x4b, 0xc3, 0x06, 0x70, 0x18, 0xc5, 
	0x06, 0x28, 0x96, 0xce, 0x06, 0xe2, 0x02, 0xdb, 0x06, 0xc3, 0xb7, 
	0xf5, 0x06, 0xc0, 0x3f, 0xfd, 0x06, 0x21, 0x8f, 0xfd, 0x06, 0x9f, 
	0xf7, 0x04, 0x07, 0xd6, 0x25, 0x1c, 0x07, 0xee, 0xd1, 0x21, 0x07, 
	0x3f, 0x7a, 0x47, 0x07, 0x93, 0x34, 0x5a, 0x07, 0xbf, 0x67, 0x62, 
	0x07, 0x3f, 0x19, 0x9f, 0x07, 0xe9, 0xaf, 0xa1, 0x07, 0xfc, 0xa8, 
	0xbf, 0x07, 0x45, 0x15, 0xd5, 0x07, 0x38, 0x7b, 0xf9, 0x07, 0x73, 
	0x98, 0x03, 0x08, 0x15, 0x22, 0x0c, 0x08, 0xca, 0x49, 0x16, 0x08, 
	0x17, 0x2a, 0x2b, 0x08, 0x68, 0x9b, 0x36, 0x08, 0x69, 0x84, 0x50, 
	0x08, 0x9b, 0x6c, 0x60, 0x08, 0x71, 0xda, 0xad, 0x08, 0xdb, 0xd3, 
	0xb3, 0x08, 0xfd, 0x09, 0xd4, 0x08, 0x6b, 0x5b, 0xda, 0x08, 0x11, 
	0x2c, 0xe4, 0x08, 0x57, 0x37, 0xfe, 0x08, 0x30, 0x6d, 0x06, 0x09, 
	0x85, 0x81, 0x13, 0x09, 0xe5, 0x03, 0x4a, 0x09, 0xc1, 0xf9, 0x53, 
	0x09, 0x4f, 0xf9, 0x57, 0x09, 0x60, 0x89, 0x9f, 0x09, 0xb6, 0x54, 
	0xa0, 0x09, 0xb6, 0xb5, 0xbc, 0x09, 0x77, 0x30, 0xfe, 0x09, 0x30, 
	0x41, 0x0f, 0x0a, 0x9b, 0x37, 0x17, 0x0a, 0x45, 0xd3, 0x1d, 0x0a, 
	0x15, 0x4a, 0x26, 0x0a, 0x1a, 0x2f, 0x42, 0x0a, 0x03, 0xba, 0x50, 
	0x0a, 0xd9, 0x53, 0x5c, 0x0a, 0xd2, 0x48, 0x60, 0x0a, 0x4f, 0xc4, 
	0x6d, 0x0a, 0x7f, 0xc9, 0x79, 0x0a, 0x30, 0x29, 0x7b, 0x0a, 0x25, 
	0xea, 0x7d, 0x0a, 0x74, 0x58, 0x8e, 0x0a, 0x99, 0xd0, 0xa9, 0x0a, 
	0x91, 0xf5, 0xc2, 0x0a, 0xa3, 0xbc, 0xc3, 0x0a, 0x42, 0x81, 0xd2, 
	0x0a, 0xae, 0x3a, 0xe2, 0x0a, 0x5a, 0xba, 0xf2, 0x0a, 0x33, 0xe9, 
	0x0f, 0x0b, 0xe8, 0xea, 0x10, 0x0b, 0x60, 0xd3, 0x15, 0x0b, 0xe0, 
	0xdb, 0x17, 0x0b, 0xd0, 0xdc, 0x18, 0x0b, 0x92, 0xe8, 0x34, 0x0b, 
	0xe3, 0x76, 0x56, 0x0b, 0x9a, 0x5a, 0x5b, 0x0b, 0x26, 0x7c, 0x5f, 
	0x0b, 0x14, 0x48, 0x8e, 0x0b, 0x66, 0x3f, 0xa5, 0x0b, 0x0a, 0xdb, 
	0xb4, 0x0b, 0x20, 0xb4, 0xcc, 0x0b, 0xb9, 0x16, 0xd0, 0x0b, 0x60, 
	0xcd, 0xd0, 0x0b, 0x19, 0x09, 0xed, 0x0b, 0x16, 0x9f, 0xef, 0x0b, 
	0xea, 0xf2, 0x11, 0x0c, 0x57, 0xa6, 0x30, 0x0c, 0xec, 0x2c, 0x38, 
	0x0c, 0x63, 0x49, 0x51, 0x0c, 0xe2, 0x45, 0x68, 0x0c, 0xc0, 0x6f, 
	0x6c, 0x0c, 0x28, 0xd9, 0x85, 0x0c, 0xff, 0xc4, 0x8f, 0x0c, 0x6e, 
	0x36, 0x92, 0x0c, 0xc0, 0x90, 0xa3, 0x0c, 0x91, 0x65, 0xaf, 0x0c, 
	0x09, 0x75, 0xcc, 0x0c, 0x80, 0xea, 0xd0, 0x0c, 0xa1, 0x8a, 0xe6, 
	0x0c, 0xec, 0x68, 0xe8, 0x0c, 0x9f, 0xcc, 0xfa, 0x0c, 0xe9, 0xa7, 
	0x08, 0x0d, 0x0a, 0x3b, 0x31, 0x0d, 0x4b, 0x49, 0x36, 0x0d, 0xd1, 
	0x88, 0x43, 0x0d, 0x8b, 0x9e, 0x6a, 0x0d, 0xcd, 0x18, 0x77, 0x0d, 
	0x03, 0x7e, 0x77, 0x0d, 0x14, 0x85, 0x83, 0x0d, 0xd4, 0x90, 0x83, 
	0x0d, 0x7c, 0x50, 0x86, 0x0d, 0xaf, 0x89, 0x87, 0x0d, 0xd3, 0x43, 
	0x8e, 0x0d, 0xac, 0x05, 0x95, 0x0d, 0x11, 0xa9, 0xa5, 0x0d, 0x00, 
	0x15, 0xb4, 0x0d, 0xca, 0xb6, 0xba, 0x0d, 0x3a, 0x32, 0xbf, 0x0d, 
	0x11, 0x8d, 0xc7, 0x0d, 0x55, 0xa4, 0xd6, 0x0d, 0xb1, 0x27, 0xf3, 
	0x0d, 0x4f, 0x12, 0x1e, 0x0e, 0x1b, 0xa5, 0x20, 0x0e, 0xe0, 0xd8, 
	0x33, 0x0e, 0x24, 0x3b, 0x38, 0x0e, 0x98, 0xf6, 0x4d, 0x0e, 0xe3, 
	0x8c, 0x57, 0x0e, 0x31, 0xb6, 0x64, 0x0e, 0x8a, 0x93, 0x65, 0x0e, 
	0x1d, 0x3a, 0x68, 0x0e, 0x48, 0xf8, 0x95, 0x0e, 0xc9, 0x06, 0x9a, 
	0x0e, 0xb2, 0x83, 0x9f, 0x0e, 0x4b, 0xa1, 0xbc, 0x0e, 0x14, 0xbe, 
	0xbf, 0x0e, 0x68, 0xc3, 0xbf, 0x0e, 0xc7, 0x1e, 0xe2, 0x0e, 0x53, 
	0x0b, 0xe7, 0x0e, 0x91, 0xab, 0xe8, 0x0e, 0x66, 0xdb, 0xf1, 0x0e, 
	0xda, 0xcf, 0xf3, 0x0e, 0x00, 0xcd, 0xfd, 0x0e, 0x3e, 0x2f, 0x22, 
	0x0f, 0xda, 0x73, 0x36, 0x0f, 0x0e, 0x76, 0x45, 0x0f, 0xf6, 0x61, 
	0x4f, 0x0f, 0xb7, 0x9e, 0x5c, 0x0f, 0x73, 0x7b, 0x63, 0x0f, 0xb1, 
	0xc1, 0x7b, 0x0f, 0xbd, 0xdc, 0x7b, 0x0f, 0xc4, 0x5f, 0x83, 0x0f, 
	0xb7, 0x82, 0x89, 0x0f, 0x38, 0x93, 0x89, 0x0f, 0xbf, 0x5f, 0x8b, 
	0x0f, 0x6e, 0x09, 0x97, 0x0f, 0xfe, 0x1e, 0xd1, 0x0f, 0xdc, 0xc2, 
	0xec, 0x0f, 0xdc, 0xb0, 0xfa, 0x0f, 0x4e, 0x2d, 0x0b, 0x10, 0x3d, 
	0x23, 0x1e, 0x10, 0x23, 0x4d, 0x24, 0x10, 0x1f, 0xf8, 0x34, 0x10, 
	0x25, 0x4c, 0x60, 0x10, 0xf5, 0x45, 0x8a, 0x10, 0x29, 0x0f, 0x91, 
	0x10, 0xb2, 0x0d, 0xa5, 0x10, 0x9a, 0x8f, 0xc4, 0x10, 0xaf, 0xce, 
	0xe4, 0x10, 0x79, 0x89, 0xf7, 0x10, 0xe6, 0xdd, 0x22, 0x11, 0x0f, 
	0x5d, 0x2b, 0x11, 0xc8, 0x43, 0x44, 0x11, 0x36, 0xdc, 0x5c, 0x11, 
	0xec, 0x7e, 0x78, 0x11, 0x02, 0x00, 0x89, 0x11, 0x27, 0x82, 0x9f, 
	0x11, 0xc8, 0x4f, 0xcf, 0x11, 0x26, 0x18, 0xda, 0x11, 0xe8, 0x8d, 
	0xe4, 0x11, 0xe0, 0x12, 0xeb, 0x11, 0xa6, 0x3f, 0xf6, 0x11, 0xbd, 
	0x04, 0xfb, 0x11, 0x61, 0x2b, 0xfb, 0x11, 0x42, 0x82, 0x03, 0x12, 
	0xf6, 0x51, 0x1c, 0x12, 0xb4, 0xac, 0x20, 0x12, 0x74, 0xe4, 0x21, 
	0x12, 0x1c, 0x32, 0x25, 0x12, 0x1f, 0x67, 0x35, 0x12, 0x43, 0x63, 
	0x39, 0x12, 0x95, 0xc8, 0x5b, 0x12, 0xbe, 0x63, 0x66, 0x12, 0x46, 
	0x67, 0x68, 0x12, 0x20, 0xc9, 0x68, 0x12, 0x08, 0x64, 0x7e, 0x12, 
	0xb5, 0x6d, 0x8b, 0x12, 0x44, 0x17, 0xdd, 0x12, 0x83, 0x00, 0xf4, 
	0x12, 0xaa, 0xbf, 0xff, 0x12, 0x41, 0xe7, 0x14, 0x13, 0xac, 0xc0, 
	0x3c, 0x13, 0x41, 0x24, 0x53, 0x13, 0x9b, 0x0e, 0x64, 0x13, 0xcb, 
	0x48, 0x69, 0x13, 0xd8, 0x4d, 0x95, 0x13, 0xb2, 0xe4, 0x9c, 0x13, 
	0x86, 0xdb, 0xa7, 0x13, 0x6a, 0xa2, 0xb2, 0x13, 0xc7, 0x00, 0xbf, 
	0x13, 0x2f, 0xfe, 0xcc, 0x13, 0x36, 0xb4, 0xe5, 0x13, 0xe3, 0x02, 
	0xe7, 0x13, 0x38, 0x01, 0xe9, 0x13, 0x94, 0xa7, 0xfe, 0x13, 0x77, 
	0x37, 0x0a, 0x14, 0xae, 0x98, 0x2d, 0x14, 0x55, 0x86, 0x47, 0x14, 
	0xd6, 0xbd, 0x4a, 0x14, 0xa2, 0x81, 0x5a, 0x14, 0xd7, 0x8b, 0x5d, 
	0x14, 0xa3, 0x4f, 0x62, 0x14, 0x5e, 0x5a, 0x72, 0x14, 0x27, 0x96, 
	0x73, 0x14, 0x08, 0x2e, 0x7c, 0x14, 0x2a, 0xe2, 0x88, 0x14, 0x30, 
	0x26, 0x8e, 0x14, 0xa7, 0xac, 0xa8, 0x14, 0x8a, 0x10, 0xc0, 0x14, 
	0x33, 0x1f, 0xd1, 0x14, 0xeb, 0x5b, 0xdf, 0x14, 0xd6, 0x26, 0xf7, 
	0x14, 0xae, 0xca, 0x18, 0x15, 0x1e, 0x3f, 0x32, 0x15, 0x42, 0x77, 
	0x40, 0x15, 0xdb, 0xdf, 0x41, 0x15, 0xa5, 0x63, 0x42, 0x15, 0xe2, 
	0x1f, 0x71, 0x15, 0xf1, 0xd1, 0x7e, 0x15, 0xe0, 0x18, 0x9f, 0x15, 
	0x40, 0xb4, 0xaa, 0x15, 0xe7, 0x2f, 0xbb, 0x15, 0xd0, 0xa9, 0xbb, 
	0x15, 0xd1, 0xa7, 0xc5, 0x15, 0x16, 0x7f, 0xce, 0x15, 0xb2, 0x68, 
	0xdb, 0x15, 0x89, 0x0f, 0xee, 0x15, 0xe7, 0x7e, 0xf7, 0x15, 0x2f, 
	0xce, 0xfc, 0x15, 0xd6, 0x12, 0x29, 0x16, 0xc1, 0x8d, 0x30, 0x16, 
	0x2d, 0x5f, 0x33, 0x16, 0x5f, 0xeb, 0x33, 0x16, 0x61, 0xfd, 0x3e, 
	0x16, 0xf2, 0x2f, 0x40, 0x16, 0x9a, 0x37, 0x67, 0x16, 0x42, 0x39, 
	0x75, 0x16, 0x1f, 0xbf, 0x95, 0x16, 0xfc, 0x42, 0x9e, 0x16, 0xd2, 
	0x6a, 0xa7, 0x16, 0xd6, 0x0a, 0xb7, 0x16, 0x4b, 0x53, 0xbe, 0x16, 
	0xe5, 0xd8, 0xc3, 0x16, 0xab, 0x4e, 0xcb, 0x16, 0x81, 0x09, 0x00, 
	0x17, 0x92, 0x16, 0x0d, 0x17, 0x21, 0x16, 0x12, 0x17, 0x47, 0x54, 
	0x15, 0x17, 0x35, 0x7b, 0x1a, 0x17, 0xa3, 0x75, 0x2d, 0x17, 0x26, 
	0x3a, 0x33, 0x17, 0xe3, 0x46, 0x4a, 0x17, 0x4b, 0x18, 0x53, 0x17, 
	0xd5, 0xb7, 0x90, 0x17, 0x4c, 0x39, 0xbc, 0x17, 0x4a, 0xbb, 0xbc, 
	0x17, 0xda, 0xe6, 0xc6, 0x17, 0x59, 0xff, 0xc9, 0x17, 0xbd, 0x3a, 
	0xcf, 0x17, 0xc6, 0x61, 0xd7, 0x17, 0x40, 0x97, 0xed, 0x17, 0xec, 
	0xee, 0x02, 0x18, 0xd2, 0x10, 0x0b, 0x18, 0xef, 0x1a, 0x4e, 0x18, 
	0x8d, 0x8e, 0x8c, 0x18, 0x56, 0xc6, 0x9e, 0x18, 0xce, 0xa1, 0xd2, 
	0x18, 0x75, 0x96, 0xe3, 0x18, 0xfe, 0x3d, 0xfa, 0x18, 0xde, 0x19, 
	0xfb, 0x18, 0x80, 0xb2, 0x00, 0x19, 0xf0, 0x4f, 0x0a, 0x19, 0xcb, 
	0xfa, 0x1a, 0x19, 0x44, 0xed, 0x27, 0x19, 0x53, 0x0a, 0x3b, 0x19, 
	0xbf, 0xb1, 0x4e, 0x19, 0x8b, 0xb5, 0xa2, 0x19, 0xc9, 0x5c, 0xc1, 
	0x19, 0x80, 0x19, 0xc9, 0x19, 0x6b, 0xe9, 0xce, 0x19, 0xf1, 0x59, 
	0xd5, 0x19, 0xf1, 0x4a, 0xeb, 0x19, 0x6d, 0x30, 0xf1, 0x19, 0xf2, 
	0xf8, 0xf1, 0x19, 0x86, 0x18, 0x04, 0x1a, 0x00, 0xaf, 0x05, 0x1a, 
	0x47, 0x73, 0x06, 0x1a, 0xe9, 0xef, 0x16, 0x1a, 0xa2, 0x34, 0x26, 
	0x1a, 0x80, 0x66, 0x72, 0x1a, 0x3e, 0x6a, 0x7c, 0x1a, 0x3f, 0x19, 
	0x9b, 0x1a, 0xa1, 0x45, 0xb8, 0x1a, 0x74, 0xc1, 0xbe, 0x1a, 0x99, 
	0x8f, 0xe8, 0x1a, 0xd5, 0x88, 0xfe, 0x1a, 0xb4, 0xfb, 0x14, 0x1b, 
	0x78, 0x2e, 0x16, 0x1b, 0xd3, 0xe0, 0x1a, 0x1b, 0x52, 0xd2, 0x2b, 
	0x1b, 0xbf, 0x0f, 0x35, 0x1b, 0x86, 0xfb, 0x60, 0x1b, 0x63, 0x75, 
	0x71, 0x1b, 0x66, 0xab, 0x78, 0x1b, 0x16, 0x0f, 0x81, 0x1b, 0xf3, 
	0x5a, 0x82, 0x1b, 0x3e, 0xe8, 0x94, 0x1b, 0x32, 0xa6, 0x96, 0x1b, 
	0x77, 0xb1, 0xaa, 0x1b, 0x3f, 0x38, 0xb4, 0x1b, 0xd5, 0x28, 0xb9, 
	0x1b, 0x09, 0x03, 0x05, 0x1c, 0xd0, 0x84, 0x2d, 0x1c, 0xab, 0x74, 
	0x2f, 0x1c, 0x55, 0x43, 0x36, 0x1c, 0x00, 0x4b, 0x73, 0x1c, 0x60, 
	0xa9, 0x74, 0x1c, 0xa9, 0xb4, 0x88, 0x1c, 0xc5, 0x0a, 0xb4, 0x1c, 
	0xd4, 0x12, 0xb4, 0x1c, 0x55, 0xbb, 0xc8, 0x1c, 0x3b, 0x4e, 0xcf, 
	0x1c, 0x0d, 0x00, 0xf5, 0x1c, 0x05, 0x4c, 0xfa, 0x1c, 0xa1, 0x88, 
	0xfa, 0x1c, 0x65, 0x95, 0x14, 0x1d, 0x5f, 0xda, 0x42, 0x1d, 0x82, 
	0x10, 0x5b, 0x1d, 0xbc, 0x71, 0x77, 0x1d, 0x09, 0x97, 0x82, 0x1d, 
	0xea, 0xda, 0xac, 0x1d, 0x29, 0x98, 0xb9, 0x1d, 0x5f, 0xd7, 0xcb, 
	0x1d, 0x24, 0x25, 0xd3, 0x1d, 0xf5, 0x9a, 0xd8, 0x1d, 0x44, 0x8a, 
	0xef, 0x1d, 0xf9, 0xda, 0xf0, 0x1d, 0x48, 0x6e, 0xf4, 0x1d, 0xc9, 
	0xc9, 0x00, 0x1e, 0x1d, 0xd5, 0x08, 0x1e, 0x6b, 0x0f, 0x30, 0x1e, 
	0xde, 0x25, 0x45, 0x1e, 0x62, 0x80, 0x46, 0x1e, 0x2b, 0x19, 0x48, 
	0x1e, 0x46, 0x7f, 0x58, 0x1e, 0x41, 0x16, 0x62, 0x1e, 0xe8, 0x47, 
	0x6d, 0x1e, 0x2c, 0x93, 0x6d, 0x1e, 0x6e, 0x0b, 0x8c, 0x1e, 0x11, 
	0xe9, 0x93, 0x1e, 0x0d, 0x54, 0x9c, 0x1e, 0x63, 0xa7, 0x9c, 0x1e, 
	0xc4, 0x49, 0xa6, 0x1e, 0x7d, 0xf8, 0xb0, 0x1e, 0xac, 0x98, 0xb8, 
	0x1e, 0x50, 0xa9, 0xbe, 0x1e, 0x10, 0x81, 0xdc, 0x1e, 0x32, 0x2d, 
	0xe1, 0x1e, 0x55, 0x48, 0xf2, 0x1e, 0xc3, 0x90, 0xf4, 0x1e, 0x23, 
	0xfd, 0xf9, 0x1e, 0x06, 0x99, 0x03, 0x1f, 0x7e, 0x5e, 0x06, 0x1f, 
	0x39, 0x3d, 0x09, 0x1f, 0x05, 0x89, 0x1f, 0x1f, 0x71, 0x50, 0x23, 
	0x1f, 0xe7, 0x7d, 0x40, 0x1f, 0x49, 0x1c, 0x54, 0x1f, 0x39, 0x02, 
	0x79, 0x1f, 0xb7, 0x77, 0x8b, 0x1f, 0xfd, 0x96, 0x98, 0x1f, 0xee, 
	0xb1, 0xb7, 0x1f, 0x53, 0xcd, 0xbc, 0x1f, 0x61, 0x7b, 0xc6, 0x1f, 
	0xde, 0x0d, 0xda, 0x1f, 0xf9, 0x16, 0xf0, 0x1f, 0xc6, 0xad, 0xf3, 
	0x1f, 0xbb, 0x73, 0x1f, 0x20, 0x4c, 0x0c, 0x27, 0x20, 0xa7, 0xdd, 
	0x2e, 0x20, 0xd7, 0xd7, 0x2f, 0x20, 0x8c, 0x2c, 0x31, 0x20, 0xf4, 
	0x46, 0x3e, 0x20, 0xd1, 0x8e, 0x57, 0x20, 0xb8, 0x0d, 0x6c, 0x20, 
	0xd8, 0x7f, 0x7a, 0x20, 0x30, 0x0d, 0x7d, 0x20, 0xed, 0x3a, 0x85, 
	0x20, 0xc9, 0x7f, 0x90, 0x20, 0xd4, 0x78, 0xb3, 0x20, 0x1d, 0xf3, 
	0xbc, 0x20, 0x18, 0x75, 0xd0, 0x20, 0x61, 0xcf, 0xfb, 0x20, 0x03, 
	0xe5, 0x28, 0x21, 0x78, 0x70, 0x59, 0x21, 0x52, 0x0b, 0x6b, 0x21, 
	0x30, 0x9d, 0x8e, 0x21, 0xde, 0x81, 0xaf, 0x21, 0xaf, 0x03, 0xbf, 
	0x21, 0x5d, 0xa1, 0xd7, 0x21, 0x6e, 0xf1, 0xe4, 0x21, 0xe7, 0xbb, 
	0xf8, 0x21, 0x7d, 0x75, 0x12, 0x22, 0xf3, 0xb1, 0x1b, 0x22, 0xe4, 
	0x27, 0x3a, 0x22, 0x30, 0xe3, 0x62, 0x22, 0xa7, 0x2e, 0x6a, 0x22, 
	0x62, 0x95, 0x6a, 0x22, 0xf7, 0x96, 0x7f, 0x22, 0x0a, 0x81, 0x85, 
	0x22, 0x4b, 0x2e, 0x99, 0x22, 0x91, 0xaa, 0x9c, 0x22, 0x08, 0x96, 
	0xc1, 0x22, 0x81, 0xfb, 0xe0, 0x22, 0x60, 0xab, 0xea, 0x22, 0xa9, 
	0x2f, 0x1c, 0x23, 0xdf, 0x39, 0x35, 0x23, 0x2b, 0x4e, 0x49, 0x23, 
	0x4a, 0xc9, 0x4c, 0x23, 0x3b, 0x8f, 0x68, 0x23, 0x8e, 0x27, 0x74, 
	0x23, 0x70, 0xed, 0x81, 0x23, 0xc5, 0x04, 0x9c, 0x23, 0x4d, 0x03, 
	0xa5, 0x23, 0x30, 0x6a, 0xe7, 0x23, 0xf2, 0xa2, 0xef, 0x23, 0xa6, 
	0x7c, 0xf3, 0x23, 0xc1, 0xe3, 0xfe, 0x23, 0xab, 0x81, 0x04, 0x24, 
	0xea, 0x37, 0x0f, 0x24, 0x1c, 0x49, 0x35, 0x24, 0x4a, 0xb4, 0x39, 
	0x24, 0x3e, 0xcd, 0x7e, 0x24, 0x0d, 0x49, 0x9c, 0x24, 0xcd, 0x3e, 
	0xa2, 0x24, 0xb5, 0x5c, 0xb3, 0x24, 0xc3, 0x66, 0xd2, 0x24, 0x8b, 
	0xdd, 0xd5, 0x24, 0xfd, 0x81, 0xd8, 0x24, 0x76, 0x53, 0xe0, 0x24, 
	0xfa, 0xbb, 0xeb, 0x24, 0x36, 0x3a, 0xec, 0x24, 0xf9, 0x05, 0xf4, 
	0x24, 0x3d, 0x0b, 0xfc, 0x24, 0xbd, 0xc3, 0x11, 0x25, 0x85, 0xb6, 
	0x14, 0x25, 0xea, 0x90, 0x15, 0x25, 0xc0, 0x76, 0x2c, 0x25, 0xb0, 
	0x18, 0x30, 0x25, 0x48, 0xdc, 0x3a, 0x25, 0x5f, 0x62, 0x3c, 0x25, 
	0x83, 0xd0, 0x3f, 0x25, 0xd6, 0xe0, 0x4f, 0x25, 0x03, 0x52, 0x75, 
	0x25, 0xf0, 0x0a, 0x93, 0x25, 0x9e, 0xa3, 0x9c, 0x25, 0x8d, 0x64, 
	0xa2, 0x25, 0x9b, 0x97, 0xaa, 0x25, 0x78, 0xe3, 0xb4, 0x25, 0x07, 
	0xf9, 0xbb, 0x25, 0x4a, 0x7b, 0xbe, 0x25, 0x86, 0xff, 0xef, 0x25, 
	0x4f, 0xeb, 0x01, 0x26, 0xbd, 0xa9, 0x09, 0x26, 0xae, 0x5f, 0x32, 
	0x26, 0x40, 0x25, 0x67, 0x26, 0xa9, 0x83, 0x6f, 0x26, 0xc1, 0xaf, 
	0x8b, 0x26, 0xe9, 0x78, 0xba, 0x26, 0x60, 0x0b, 0xc6, 0x26, 0xe2, 
	0xa9, 0xd5, 0x26, 0x86, 0xed, 0xd8, 0x26, 0xc4, 0xeb, 0xdd, 0x26, 
	0x48, 0xe8, 0xe2, 0x26, 0x3f, 0xc4, 0xec, 0x26, 0xdd, 0x8a, 0xf5, 
	0x26, 0xd8, 0x2a, 0x09, 0x27, 0x80, 0x92, 0x0d, 0x27, 0xba, 0x4f, 
	0x11, 0x27, 0xc2, 0x53, 0x28, 0x27, 0xc7, 0xdb, 0x2c, 0x27, 0x5c, 
	0xec, 0x6a, 0x27, 0xb6, 0xbf, 0x99, 0x27, 0x3b, 0x47, 0xac, 0x27, 
	0xfd, 0xe2, 0xbb, 0x27, 0xd0, 0xdf, 0xf8, 0x27, 0xc7, 0x98, 0x0b, 
	0x28, 0xad, 0xd6, 0x12, 0x28, 0x27, 0xbd, 0x1b, 0x28, 0x11, 0xfe, 
	0x28, 0x28, 0xa5, 0x49, 0x35, 0x28, 0xf8, 0x10, 0x44, 0x28, 0x5b, 
	0xd0, 0x45, 0x28, 0x89, 0x91, 0x5d, 0x28, 0x6f, 0xb6, 0x70, 0x28, 
	0x4d, 0xa3, 0x80, 0x28, 0xfd, 0x9b, 0x8a, 0x28, 0xf0, 0xc5, 0xa6, 
	0x28, 0xb4, 0xc1, 0xbb, 0x28, 0x53, 0xf1, 0xbd, 0x28, 0x55, 0x5d, 
	0xd4, 0x28, 0x31, 0xb4, 0xef, 0x28, 0xea, 0x25, 0x01, 0x29, 0xe7, 
	0x37, 0x07, 0x29, 0x64, 0x6c, 0x09, 0x29, 0x03, 0x68, 0x2b, 0x29, 
	0x5d, 0xde, 0x2c, 0x29, 0x37, 0xc6, 0x2d, 0x29, 0x90, 0x41, 0x31, 
	0x29, 0x5d, 0xfc, 0x4b, 0x29, 0x57, 0x98, 0x59, 0x29, 0xae, 0x28, 
	0x7c, 0x29, 0x5b, 0xfd, 0x7e, 0x29, 0x32, 0xf4, 0x82, 0x29, 0x15, 
	0xd5, 0x95, 0x29, 0xa0, 0xda, 0x97, 0x29, 0x6b, 0x98, 0x98, 0x29, 
	0x7b, 0xb6, 0xa4, 0x29, 0xa7, 0x39, 0xc4, 0x29, 0x33, 0x0e, 0xd7, 
	0x29, 0x22, 0x7a, 0xdd, 0x29, 0xe5, 0xea, 0xe8, 0x29, 0xba, 0x35, 
	0x0d, 0x2a, 0x8f, 0x71, 0x12, 0x2a, 0x85, 0x28, 0x1a, 0x2a, 0xda, 
	0x4e, 0x21, 0x2a, 0xe3, 0xa5, 0x22, 0x2a, 0xc2, 0x6a, 0x4c, 0x2a, 
	0x6f, 0x6b, 0x8f, 0x2a, 0x82, 0xbc, 0x95, 0x2a, 0x51, 0x63, 0xac, 
	0x2a, 0xf2, 0x74, 0xca, 0x2a, 0x2c, 0x83, 0xef, 0x2a, 0x28, 0x4d, 
	0xfa, 0x2a, 0x19, 0x97, 0x01, 0x2b, 0x27, 0x54, 0x0b, 0x2b, 0xed, 
	0xd0, 0x0c, 0x2b, 0x1f, 0x26, 0x0e, 0x2b, 0xec, 0xde, 0x16, 0x2b, 
	0x2a, 0x0b, 0x1d, 0x2b, 0xbe, 0x4d, 0x26, 0x2b, 0x12, 0x0c, 0x48, 
	0x2b, 0x88, 0x24, 0x53, 0x2b, 0x4b, 0x1c, 0x5e, 0x2b, 0x8d, 0xe5, 
	0x7a, 0x2b, 0xa2, 0x6f, 0x7b, 0x2b, 0x81, 0x4d, 0x84, 0x2b, 0xc8, 
	0x70, 0x87, 0x2b, 0x0d, 0x5d, 0x89, 0x2b, 0xe1, 0xd1, 0x8f, 0x2b, 
	0xa0, 0x6c, 0x9b, 0x2b, 0x4e, 0xd2, 0x9d, 0x2b, 0x49, 0x5d, 0xa7, 
	0x2b, 0xdc, 0x35, 0xa8, 0x2b, 0x49, 0x6a, 0xe5, 0x2b, 0x20, 0x7d, 
	0xf3, 0x2b, 0x05, 0xa3, 0xf5, 0x2b, 0xc0, 0x64, 0x07, 0x2c, 0x67, 
	0x58, 0x15, 0x2c, 0xcc, 0xae, 0x23, 0x2c, 0x57, 0xf5, 0x2b, 0x2c, 
	0xb8, 0x94, 0x2d, 0x2c, 0xab, 0xda, 0x3c, 0x2c, 0x79, 0x03, 0x52, 
	0x2c, 0x03, 0xa8, 0x54, 0x2c, 0x3d, 0x98, 0x6a, 0x2c, 0xad, 0xaa, 
	0x73, 0x2c, 0xab, 0x5c, 0x8f, 0x2c, 0x22, 0x9f, 0x9d, 0x2c, 0x45, 
	0x2c, 0xab, 0x2c, 0x8a, 0xb8, 0xbd, 0x2c, 0xab, 0x1e, 0xc2, 0x2c, 
	0xc4, 0xdd, 0xd0, 0x2c, 0x49, 0x88, 0xd8, 0x2c, 0x27, 0x66, 0xe6, 
	0x2c, 0x72, 0x6b, 0xf4, 0x2c, 0x84, 0xe5, 0xf4, 0x2c, 0xea, 0xce, 
	0xfe, 0x2c, 0x21, 0xd9, 0x08, 0x2d, 0x06, 0x90, 0x0c, 0x2d, 0x73, 
	0xea, 0x2a, 0x2d, 0x8c, 0x8c, 0x2d, 0x2d, 0x26, 0xd4, 0x30, 0x2d, 
	0xa1, 0xed, 0x68, 0x2d, 0x5b, 0xd1, 0x73, 0x2d, 0xb6, 0x7c, 0x97, 
	0x2d, 0x49, 0xfe, 0x97, 0x2d, 0xde, 0xdd, 0x9e, 0x2d, 0x55, 0xac, 
	0xa3, 0x2d, 0x76, 0x0f, 0xbb, 0x2d, 0x89, 0xec, 0xc4, 0x2d, 0xc4, 
	0x95, 0xc9, 0x2d, 0xe0, 0x17, 0xd6, 0x2d, 0xbf, 0x91, 0xeb, 0x2d, 
	0xcb, 0xdf, 0xf3, 0x2d, 0x47, 0xb2, 0x04, 0x2e, 0xb6, 0x9d, 0x07, 
	0x2e, 0xef, 0x77, 0x0b, 0x2e, 0xbb, 0x0d, 0x16, 0x2e, 0x7f, 0xb0, 
	0x56, 0x2e, 0x7c, 0x0f, 0x6a, 0x2e, 0x3b, 0x13, 0x6c, 0x2e, 0x8a, 
	0x07, 0x70, 0x2e, 0xe2, 0x26, 0xb2, 0x2e, 0xb4, 0x3b, 0xd0, 0x2e, 
	0x40, 0x40, 0xd9, 0x2e, 0xc1, 0xf2, 0xdd, 0x2e, 0xf8, 0x0d, 0xe2, 
	0x2e, 0x4b, 0x49, 0xea, 0x2e, 0xf5, 0xde, 0xf0, 0x2e, 0x46, 0x87, 
	0xf5, 0x2e, 0xd8, 0x9b, 0xf6, 0x2e, 0x1f, 0x5b, 0x1a, 0x2f, 0x26, 
	0x9f, 0x24, 0x2f, 0x59, 0x92, 0x28, 0x2f, 0xa6, 0x91, 0x2b, 0x2f, 
	0x64, 0xef, 0x4b, 0x2f, 0x64, 0xb4, 0x70, 0x2f, 0x50, 0x2c, 0x82, 
	0x2f, 0x26, 0x50, 0x97, 0x2f, 0xcb, 0xd1, 0xa7, 0x2f, 0xd4, 0xb6, 
	0xaa, 0x2f, 0xd7, 0x0f, 0xb8, 0x2f, 0xdc, 0x21, 0xb9, 0x2f, 0x13, 
	0xfe, 0xbe, 0x2f, 0xeb, 0x9a, 0xc7, 0x2f, 0x4f, 0xde, 0xca, 0x2f, 
	0x66, 0xb3, 0xd8, 0x2f, 0xfb, 0xaf, 0xf1, 0x2f, 0x33, 0x73, 0x10, 
	0x30, 0xe7, 0x53, 0x14, 0x30, 0xb7, 0xdb, 0x14, 0x30, 0xee, 0x94, 
	0x41, 0x30, 0xc8, 0x86, 0x4d, 0x30, 0xe5, 0x81, 0x4f, 0x30, 0xfd, 
	0x93, 0x67, 0x30, 0x64, 0x89, 0x6a, 0x30, 0x09, 0x28, 0x6b, 0x30, 
	0x01, 0x34, 0x7d, 0x30, 0xb2, 0x46, 0x89, 0x30, 0x14, 0x99, 0x95, 
	0x30, 0x5f, 0xcd, 0xb8, 0x30, 0x5e, 0x73, 0xee, 0x30, 0xd4, 0xd0, 
	0xf6, 0x30, 0xf4, 0x6a, 0x08, 0x31, 0x65, 0x1d, 0x16, 0x31, 0x73, 
	0x99, 0x52, 0x31, 0x4b, 0x69, 0x70, 0x31, 0x3f, 0x6a, 0x76, 0x31, 
	0x5e, 0xe0, 0x81, 0x31, 0xa3, 0x2e, 0x8c, 0x31, 0xe7, 0x39, 0x8c, 
	0x31, 0x7a, 0x8c, 0x98, 0x31, 0xc5, 0xdf, 0xa6, 0x31, 0x83, 0x16, 
	0xbc, 0x31, 0xec, 0x0f, 0xc6, 0x31, 0x96, 0xd1, 0xcc, 0x31, 0x74, 
	0x0a, 0xd9, 0x31, 0xee, 0x58, 0xe3, 0x31, 0x47, 0xfa, 0xe3, 0x31, 
	0x0a, 0x10, 0xec, 0x31, 0x75, 0xde, 0x09, 0x32, 0x4b, 0x00, 0x13, 
	0x32, 0x71, 0x6e, 0x4a, 0x32, 0xf7, 0x49, 0x4f, 0x32, 0x76, 0x56, 
	0x68, 0x32, 0x84, 0xe0, 0x6e, 0x32, 0x86, 0xdd, 0x76, 0x32, 0xa6, 
	0x19, 0x80, 0x32, 0x1e, 0x9e, 0x8d, 0x32, 0x83, 0x99, 0x91, 0x32, 
	0xde, 0x2d, 0xa2, 0x32, 0xff, 0x24, 0xbe, 0x32, 0xb6, 0x29, 0xc4, 
	0x32, 0x65, 0xa5, 0xcd, 0x32, 0x74, 0x6a, 0xce, 0x32, 0x32, 0x3d, 
	0xd5, 0x32, 0x7e, 0x12, 0xe0, 0x32, 0x1b, 0x43, 0xee, 0x32, 0x15, 
	0xe8, 0xf7, 0x32, 0xd4, 0xff, 0x0e, 0x33, 0x8a, 0x4b, 0x12, 0x33, 
	0x3b, 0x6d, 0x22, 0x33, 0x69, 0xbb, 0x24, 0x33, 0xfc, 0x57, 0x26, 
	0x33, 0x85, 0x30, 0x39, 0x33, 0xbc, 0xa3, 0x3c, 0x33, 0x0b, 0x10, 
	0x48, 0x33, 0x5f, 0xbf, 0x78, 0x33, 0xb1, 0x37, 0x7a, 0x33, 0x44, 
	0x99, 0x9f, 0x33, 0xaa, 0x69, 0xa5, 0x33, 0xc9, 0x26, 0xab, 0x33, 
	0x70, 0xd5, 0xac, 0x33, 0x1d, 0xf6, 0xb6, 0x33, 0x96, 0xe7, 0xd8, 
	0x33, 0xcb, 0x42, 0xf8, 0x33, 0x47, 0x70, 0x12, 0x34, 0x3b, 0xd4, 
	0x17, 0x34, 0xa9, 0x86, 0x1a, 0x34, 0x87, 0xc9, 0x2e, 0x34, 0x1d, 
	0xb0, 0x38, 0x34, 0x7a, 0xc7, 0x5f, 0x34, 0x5e, 0x93, 0x60, 0x34, 
	0x4e, 0xb7, 0x62, 0x34, 0xff, 0x47, 0x6a, 0x34, 0x98, 0xe7, 0x6c, 
	0x34, 0xa8, 0xe0, 0x71, 0x34, 0x4e, 0xb3, 0x7a, 0x34, 0x97, 0x3b, 
	0x7e, 0x34, 0x3f, 0xfb, 0x91, 0x34, 0x93, 0x8f, 0x96, 0x34, 0x07, 
	0xa7, 0x99, 0x34, 0x28, 0x5b, 0xcd, 0x34, 0x44, 0x36, 0xde, 0x34, 
	0x41, 0x63, 0xeb, 0x34, 0xce, 0x5c, 0x13, 0x35, 0x95, 0x6b, 0x26, 
	0x35, 0xc5, 0x99, 0x33, 0x35, 0x88, 0x2e, 0x39, 0x35, 0x9f, 0xb7, 
	0x3e, 0x35, 0xc6, 0x36, 0x43, 0x35, 0x8b, 0xb6, 0x48, 0x35, 0x2c, 
	0x1a, 0x55, 0x35, 0xed, 0xa8, 0x57, 0x35, 0x58, 0xd7, 0x59, 0x35, 
	0x50, 0x31, 0x61, 0x35, 0xa2, 0x05, 0x94, 0x35, 0xae, 0x35, 0xc0, 
	0x35, 0x11, 0x54, 0xe6, 0x35, 0x13, 0x2f, 0x0e, 0x36, 0xbf, 0xd7, 
	0x15, 0x36, 0x7f, 0x2d, 0x18, 0x36, 0xd9, 0x69, 0x32, 0x36, 0xc9, 
	0x93, 0x34, 0x36, 0x20, 0xd4, 0x47, 0x36, 0xde, 0xd5, 0x61, 0x36, 
	0x94, 0x5b, 0x88, 0x36, 0xad, 0x42, 0x98, 0x36, 0x51, 0x2b, 0x9a, 
	0x36, 0xae, 0x10, 0xb0, 0x36, 0x93, 0x57, 0xbd, 0x36, 0x97, 0x11, 
	0xd2, 0x36, 0x1a, 0x18, 0xee, 0x36, 0x2a, 0x71, 0xf7, 0x36, 0xf7, 
	0x2a, 0x0b, 0x37, 0x3f, 0x95, 0x0f, 0x37, 0x19, 0x62, 0x1b, 0x37, 
	0xac, 0x99, 0x2b, 0x37, 0xb9, 0x42, 0x31, 0x37, 0x6e, 0xb4, 0x34, 
	0x37, 0xb8, 0xf7, 0x3f, 0x37, 0xff, 0x98, 0x41, 0x37, 0x55, 0xe5, 
	0x48, 0x37, 0xc7, 0xe6, 0x52, 0x37, 0x43, 0xed, 0x5c, 0x37, 0x8e, 
	0xc8, 0x64, 0x37, 0x9b, 0x47, 0x74, 0x37, 0xb1, 0xa8, 0x93, 0x37, 
	0x27, 0xa7, 0xa5, 0x37, 0x03, 0xbc, 0xa6, 0x37, 0xe5, 0x74, 0xac, 
	0x37, 0xc0, 0x66, 0xb6, 0x37, 0x74, 0x75, 0xc2, 0x37, 0xf7, 0xb8, 
	0xc3, 0x37, 0xa5, 0x7d, 0xc5, 0x37, 0xb3, 0x4e, 0xc9, 0x37, 0x58, 
	0xb9, 0xda, 0x37, 0x6c, 0x62, 0xe8, 0x37, 0x39, 0x8c, 0xe8, 0x37, 
	0x34, 0x98, 0xff, 0x37, 0xea, 0xb6, 0x1d, 0x38, 0xcd, 0xb3, 0x34, 
	0x38, 0x8e, 0x57, 0x42, 0x38, 0xf1, 0x20, 0x4a, 0x38, 0x2d, 0x09, 
	0x62, 0x38, 0x67, 0x91, 0x67, 0x38, 0x02, 0x4d, 0x69, 0x38, 0x27, 
	0x4a, 0x6a, 0x38, 0xc9, 0xcf, 0x8b, 0x38, 0x45, 0xc1, 0x90, 0x38, 
	0x2f, 0xfc, 0x93, 0x38, 0xda, 0xff, 0x9f, 0x38, 0xd1, 0x05, 0xb3, 
	0x38, 0x73, 0x3c, 0xb9, 0x38, 0x3d, 0xf2, 0xca, 0x38, 0x46, 0x7b, 
	0xd3, 0x38, 0x31, 0x02, 0xdb, 0x38, 0x7c, 0xa0, 0xe3, 0x38, 0x9c, 
	0xdb, 0xea, 0x38, 0x92, 0x42, 0xeb, 0x38, 0x03, 0x3b, 0x0b, 0x39, 
	0x26, 0xbd, 0x25, 0x39, 0x61, 0x95, 0x2e, 0x39, 0xd4, 0x6c, 0x47, 
	0x39, 0xd6, 0xc9, 0x7a, 0x39, 0xc4, 0x35, 0x8c, 0x39, 0x73, 0x50, 
	0x8d, 0x39, 0xcf, 0x87, 0x99, 0x39, 0x7c, 0x73, 0xbf, 0x39, 0xc3, 
	0xee, 0xc2, 0x39, 0x68, 0x6d, 0xc6, 0x39, 0x7f, 0x3b, 0xc7, 0x39, 
	0x43, 0x67, 0xc9, 0x39, 0xf6, 0xfd, 0xd3, 0x39, 0x8e, 0x70, 0xf0, 
	0x39, 0x35, 0x68, 0x04, 0x3a, 0x3e, 0x49, 0x06, 0x3a, 0xe2, 0x56, 
	0x06, 0x3a, 0x2b, 0x8c, 0x0a, 0x3a, 0xf4, 0xce, 0x2c, 0x3a, 0x86, 
	0x8a, 0x2d, 0x3a, 0x58, 0xc6, 0x42, 0x3a, 0xbb, 0xae, 0x49, 0x3a, 
	0x5c, 0xde, 0x4e, 0x3a, 0xec, 0x56, 0x74, 0x3a, 0x85, 0xc9, 0x76, 
	0x3a, 0x8b, 0x0e, 0x98, 0x3a, 0xeb, 0x90, 0xba, 0x3a, 0x3b, 0xd4, 
	0xc8, 0x3a, 0xfe, 0x0a, 0xe0, 0x3a, 0x61, 0x43, 0xea, 0x3a, 0xb7, 
	0xe5, 0x13, 0x3b, 0xf1, 0xce, 0x1e, 0x3b, 0xfd, 0xfa, 0x26, 0x3b, 
	0xc5, 0xfd, 0x37, 0x3b, 0x5c, 0xfc, 0x3b, 0x3b, 0x76, 0xaf, 0x43, 
	0x3b, 0x02, 0xed, 0x76, 0x3b, 0xce, 0x7c, 0x8a, 0x3b, 0xe4, 0x07, 
	0x8f, 0x3b, 0xde, 0xd0, 0x90, 0x3b, 0x8f, 0x40, 0x99, 0x3b, 0xb0, 
	0x3e, 0x06, 0x3c, 0xc1, 0xe4, 0x39, 0x3c, 0xec, 0x02, 0x49, 0x3c, 
	0x19, 0xde, 0x49, 0x3c, 0xbd, 0xbd, 0x4b, 0x3c, 0x76, 0x3a, 0x5b, 
	0x3c, 0x6b, 0xe8, 0x6e, 0x3c, 0x52, 0x17, 0x96, 0x3c, 0x17, 0x52, 
	0x98, 0x3c, 0x6a, 0x8b, 0xcc, 0x3c, 0xb9, 0x71, 0xdb, 0x3c, 0x41, 
	0xa1, 0xf7, 0x3c, 0x01, 0x0d, 0x1a, 0x3d, 0xe5, 0xbf, 0x2c, 0x3d, 
	0xbe, 0x54, 0x2d, 0x3d, 0xe1, 0x5a, 0x42, 0x3d, 0xf7, 0x62, 0x42, 
	0x3d, 0x74, 0x1d, 0x4e, 0x3d, 0x0c, 0x8d, 0x52, 0x3d, 0xd6, 0x56, 
	0x54, 0x3d, 0x3a, 0xfb, 0x57, 0x3d, 0x2a, 0x74, 0x5a, 0x3d, 0xfc, 
	0x00, 0x62, 0x3d, 0x2a, 0x59, 0x7d, 0x3d, 0xc4, 0x7f, 0x8e, 0x3d, 
	0xa3, 0x05, 0x91, 0x3d, 0xe6, 0x38, 0xa0, 0x3d, 0xa0, 0xff, 0xb1, 
	0x3d, 0x53, 0x71, 0xbf, 0x3d, 0xad, 0x50, 0xd7, 0x3d, 0x28, 0xe9, 
	0xde, 0x3d, 0x2e, 0x4c, 0xeb, 0x3d, 0x77, 0xb7, 0x27, 0x3e, 0x4d, 
	0x0a, 0x2a, 0x3e, 0x7f, 0xf6, 0x38, 0x3e, 0x43, 0x87, 0x3b, 0x3e, 
	0xf7, 0x03, 0x53, 0x3e, 0xd1, 0x79, 0x53, 0x3e, 0x14, 0x17, 0x6d, 
	0x3e, 0xec, 0x99, 0x85, 0x3e, 0xb0, 0xb8, 0x8d, 0x3e, 0xe8, 0x6c, 
	0x9b, 0x3e, 0x75, 0x8b, 0x9d, 0x3e, 0xad, 0xcc, 0xa7, 0x3e, 0x72, 
	0xc5, 0xd3, 0x3e, 0x26, 0x99, 0x00, 0x3f, 0x7f, 0x22, 0x1a, 0x3f, 
	0x75, 0x1b, 0x1e, 0x3f, 0xee, 0xc5, 0x4a, 0x3f, 0x4c, 0x20, 0x66, 
	0x3f, 0x68, 0x71, 0x67, 0x3f, 0x7c, 0xd1, 0x67, 0x3f, 0x3c, 0xe5, 
	0x68, 0x3f, 0x1e, 0xb1, 0x7c, 0x3f, 0x25, 0xf4, 0x81, 0x3f, 0x6e, 
	0x15, 0x8a, 0x3f, 0x4b, 0xe3, 0x95, 0x3f, 0x7d, 0xf6, 0xa4, 0x3f, 
	0xa8, 0x5a, 0xb1, 0x3f, 0xb1, 0x91, 0xb4, 0x3f, 0xba, 0x83, 0xbe, 
	0x3f, 0xfd, 0x4a, 0xff, 0x3f, 0x46, 0xfa, 0x01, 0x40, 0x29, 0x12, 
	0x07, 0x40, 0xc8, 0xd5, 0x1e, 0x40, 0x40, 0x7e, 0x25, 0x40, 0x5b, 
	0xfd, 0x43, 0x40, 0x9b, 0x5a, 0x5d, 0x40, 0x50, 0xa0, 0x85, 0x40, 
	0x5c, 0x34, 0x8b, 0x40, 0x51, 0x76, 0x8b, 0x40, 0xff, 0xc4, 0xb0, 
	0x40, 0x85, 0x48, 0xcd, 0x40, 0x2d, 0x0d, 0xce, 0x40, 0xf2, 0x24, 
	0xce, 0x40, 0x41, 0xcc, 0xd2, 0x40, 0x7a, 0xa1, 0xd5, 0x40, 0xea, 
	0x0d, 0xef, 0x40, 0x5e, 0xa9, 0xf3, 0x40, 0x38, 0xad, 0xf9, 0x40, 
	0x65, 0xf8, 0xfd, 0x40, 0x47, 0xd8, 0xfe, 0x40, 0x63, 0x6f, 0x1c, 
	0x41, 0x87, 0x0a, 0x24, 0x41, 0x6a, 0x6f, 0x39, 0x41, 0xb2, 0x3a, 
	0x3d, 0x41, 0xae, 0x88, 0x4a, 0x41, 0xf0, 0x58, 0x8e, 0x41, 0xa0, 
	0x4b, 0x91, 0x41, 0xd4, 0x07, 0x92, 0x41, 0xef, 0xf2, 0xaa, 0x41, 
	0xe4, 0x2b, 0xae, 0x41, 0x64, 0xa7, 0xb5, 0x41, 0xff, 0x65, 0xb8, 
	0x41, 0x14, 0xa5, 0xbe, 0x41, 0xba, 0x94, 0xf6, 0x41, 0x97, 0x29, 
	0x2f, 0x42, 0x26, 0xc7, 0x3b, 0x42, 0xe2, 0xa0, 0x48, 0x42, 0x95, 
	0xf0, 0x52, 0x42, 0x80, 0x9e, 0x61, 0x42, 0x86, 0x8d, 0xd0, 0x42, 
	0xa3, 0xb4, 0xd7, 0x42, 0x13, 0x50, 0xdd, 0x42, 0xaf, 0xc0, 0xdf, 
	0x42, 0x64, 0x16, 0xec, 0x42, 0xa1, 0xac, 0xf4, 0x42, 0x36, 0x19, 
	0xf8, 0x42, 0xe7, 0xbc, 0x0f, 0x43, 0xf5, 0xb1, 0x1a, 0x43, 0xa4, 
	0xab, 0x1d, 0x43, 0x99, 0x4d, 0x2f, 0x43, 0xd1, 0x8f, 0x3a, 0x43, 
	0x88, 0x94, 0x49, 0x43, 0x81, 0x67, 0x67, 0x43, 0xab, 0xc7, 0x73, 
	0x43, 0x3a, 0x0f, 0x82, 0x43, 0x15, 0x70, 0x8f, 0x43, 0xf2, 0x19, 
	0x96, 0x43, 0xdc, 0x4a, 0x9a, 0x43, 0x5f, 0xd6, 0xb2, 0x43, 0x54, 
	0x03, 0xba, 0x43, 0x74, 0x6d, 0xbb, 0x43, 0xe4, 0x0b, 0xcd, 0x43, 
	0xb7, 0x09, 0xe4, 0x43, 0x34, 0x32, 0xe6, 0x43, 0x7f, 0x24, 0xf3, 
	0x43, 0xf9, 0x22, 0xfe, 0x43, 0x12, 0x5c, 0x23, 0x44, 0xca, 0x99, 
	0x28, 0x44, 0x32, 0xd0, 0x2d, 0x44, 0x18, 0x51, 0x30, 0x44, 0x3a, 
	0x46, 0x3a, 0x44, 0xa3, 0x0b, 0x63, 0x44, 0x61, 0xef, 0x69, 0x44, 
	0x07, 0xc2, 0x77, 0x44, 0x02, 0x14, 0x7e, 0x44, 0xa8, 0x82, 0x97, 
	0x44, 0xf2, 0x3c, 0xaf, 0x44, 0xab, 0x79, 0xb0, 0x44, 0xd5, 0x7e, 
	0xd5, 0x44, 0x86, 0xe8, 0xde, 0x44, 0xf3, 0x34, 0xe0, 0x44, 0x30, 
	0xbe, 0xf3, 0x44, 0x0f, 0x98, 0x00, 0x45, 0xf5, 0x3e, 0x1f, 0x45, 
	0x25, 0x4e, 0x20, 0x45, 0xa0, 0xa5, 0x22, 0x45, 0x66, 0xbf, 0x24, 
	0x45, 0xa7, 0x08, 0x27, 0x45, 0xa3, 0x8e, 0x28, 0x45, 0xfb, 0x47, 
	0x29, 0x45, 0x38, 0x67, 0x2c, 0x45, 0x90, 0x4f, 0x3c, 0x45, 0xc2, 
	0x14, 0x4d, 0x45, 0x41, 0x4f, 0x77, 0x45, 0xda, 0x39, 0x83, 0x45, 
	0xac, 0x2d, 0x92, 0x45, 0x33, 0x5e, 0xa5, 0x45, 0x75, 0x85, 0xb2, 
	0x45, 0xea, 0x91, 0xc4, 0x45, 0x1e, 0x60, 0xc8, 0x45, 0x78, 0xd3, 
	0xcc, 0x45, 0x4b, 0x2b, 0xda, 0x45, 0xe3, 0xba, 0xdf, 0x45, 0xd8, 
	0x60, 0xf7, 0x45, 0xc2, 0x22, 0xf8, 0x45, 0x88, 0xc6, 0x02, 0x46, 
	0x49, 0x24, 0x09, 0x46, 0x2d, 0x95, 0x16, 0x46, 0x82, 0x2b, 0x38, 
	0x46, 0x8c, 0xd5, 0x3a, 0x46, 0xae, 0x20, 0x4e, 0x46, 0x58, 0x55, 
	0x56, 0x46, 0x9b, 0x64, 0x5d, 0x46, 0xb4, 0x8d, 0x67, 0x46, 0x7a, 
	0x3a, 0x8a, 0x46, 0x54, 0xfa, 0x9a, 0x46, 0xff, 0x42, 0xae, 0x46, 
	0x13, 0x9d, 0xd0, 0x46, 0x13, 0xdd, 0xda, 0x46, 0x78, 0xdb, 0xe0, 
	0x46, 0xb8, 0xa1, 0xe3, 0x46, 0x9e, 0x8a, 0xfb, 0x46, 0x83, 0x6c, 
	0xfe, 0x46, 0x38, 0x0e, 0x05, 0x47, 0xe5, 0xda, 0x0e, 0x47, 0x7d, 
	0x9f, 0x2b, 0x47, 0xaa, 0xd0, 0x35, 0x47, 0xc5, 0x47, 0x6b, 0x47, 
	0xd3, 0xea, 0x6b, 0x47, 0x49, 0x1b, 0x75, 0x47, 0x9c, 0x22, 0x7c, 
	0x47, 0x0f, 0xb6, 0x97, 0x47, 0xa3, 0x20, 0x98, 0x47, 0xb4, 0xdd, 
	0x9f, 0x47, 0x40, 0x37, 0xa5, 0x47, 0xd5, 0x8a, 0xa7, 0x47, 0x54, 
	0x15, 0xba, 0x47, 0x24, 0x05, 0xc2, 0x47, 0xf5, 0xb8, 0xd2, 0x47, 
	0x5f, 0xd0, 0xda, 0x47, 0x86, 0x82, 0xe0, 0x47, 0x32, 0xb7, 0xe6, 
	0x47, 0xf3, 0xd9, 0x1b, 0x48, 0x25, 0x01, 0x1f, 0x48, 0xb3, 0x3d, 
	0x47, 0x48, 0x51, 0x85, 0x4c, 0x48, 0xee, 0xf4, 0x61, 0x48, 0xb0, 
	0xad, 0x6a, 0x48, 0x59, 0x65, 0x6c, 0x48, 0x41, 0x03, 0x6d, 0x48, 
	0xb7, 0xf2, 0x81, 0x48, 0xf5, 0x36, 0x96, 0x48, 0x61, 0x2d, 0xa1, 
	0x48, 0xef, 0xb5, 0xbf, 0x48, 0x6d, 0xb0, 0xc5, 0x48, 0xc4, 0xa2, 
	0xc8, 0x48, 0x4f, 0x10, 0xd2, 0x48, 0xb3, 0xb2, 0xde, 0x48, 0x1e, 
	0xc1, 0xec, 0x48, 0xd3, 0x3b, 0xee, 0x48, 0x2c, 0x66, 0xee, 0x48, 
	0x6f, 0x45, 0x3e, 0x49, 0x3c, 0x2b, 0x57, 0x49, 0xf2, 0x44, 0x61, 
	0x49, 0x2d, 0xd9, 0x61, 0x49, 0x53, 0x5f, 0x63, 0x49, 0x3d, 0x52, 
	0x69, 0x49, 0xf5, 0xcc, 0x6d, 0x49, 0x6b, 0x7d, 0x77, 0x49, 0x54, 
	0xf7, 0x7d, 0x49, 0xb9, 0x6f, 0x7e, 0x49, 0x39, 0xc1, 0x8f, 0x49, 
	0x42, 0xc3, 0x9b, 0x49, 0xa1, 0xcb, 0xe3, 0x49, 0xb0, 0x49, 0xed, 
	0x49, 0xab, 0xb0, 0x41, 0x4a, 0x23, 0xa0, 0x5b, 0x4a, 0x9f, 0x8c, 
	0x73, 0x4a, 0x35, 0x06, 0x75, 0x4a, 0x96, 0xfd, 0x86, 0x4a, 0x59, 
	0xca, 0xd5, 0x4a, 0x99, 0x46, 0xdd, 0x4a, 0x10, 0x5c, 0xdf, 0x4a, 
	0xd6, 0xba, 0xe2, 0x4a, 0x4e, 0x0a, 0xf4, 0x4a, 0x8b, 0x31, 0x27, 
	0x4b, 0x6d, 0xaf, 0x3e, 0x4b, 0xaf, 0x86, 0x87, 0x4b, 0x72, 0x33, 
	0xae, 0x4b, 0xec, 0x91, 0xc7, 0x4b, 0xbb, 0xd9, 0xe3, 0x4b, 0x8c, 
	0x05, 0xef, 0x4b, 0x83, 0x9b, 0xf2, 0x4b, 0x1f, 0x5c, 0xf6, 0x4b, 
	0x0c, 0x04, 0x04, 0x4c, 0xd2, 0x97, 0x06, 0x4c, 0xc2, 0x58, 0x11, 
	0x4c, 0xce, 0x8c, 0x2d, 0x4c, 0x3f, 0x98, 0x38, 0x4c, 0xb4, 0xda, 
	0x38, 0x4c, 0xc7, 0xee, 0x3c, 0x4c, 0x9e, 0xf6, 0x4a, 0x4c, 0x5f, 
	0x46, 0x61, 0x4c, 0xb2, 0x7d, 0x9b, 0x4c, 0x00, 0xe8, 0xb5, 0x4c, 
	0xda, 0xac, 0xb8, 0x4c, 0x0b, 0xbb, 0xc2, 0x4c, 0x36, 0xc2, 0xcf, 
	0x4c, 0x68, 0x47, 0xd9, 0x4c, 0x43, 0x71, 0xed, 0x4c, 0x49, 0xa0, 
	0xf2, 0x4c, 0x64, 0x7b, 0xf3, 0x4c, 0xa0, 0x2b, 0xf4, 0x4c, 0xd2, 
	0xca, 0xf9, 0x4c, 0x4c, 0x1e, 0x03, 0x4d, 0xdb, 0xaa, 0x08, 0x4d, 
	0x33, 0x03, 0x13, 0x4d, 0x5f, 0x34, 0x2e, 0x4d, 0x9b, 0x79, 0x4c, 
	0x4d, 0x48, 0xf8, 0x60, 0x4d, 0xb8, 0x5b, 0x77, 0x4d, 0x90, 0x1a, 
	0x9f, 0x4d, 0x51, 0xfe, 0xa5, 0x4d, 0x29, 0x6f, 0xb5, 0x4d, 0xc0, 
	0xce, 0xc9, 0x4d, 0x67, 0xcf, 0x03, 0x4e, 0xa4, 0xb8, 0x17, 0x4e, 
	0x04, 0x82, 0x34, 0x4e, 0x50, 0xb8, 0x3a, 0x4e, 0xa7, 0x8d, 0x44, 
	0x4e, 0x07, 0x91, 0x4c, 0x4e, 0x08, 0x18, 0x50, 0x4e, 0x61, 0x69, 
	0x72, 0x4e, 0x76, 0x02, 0x81, 0x4e, 0x29, 0xe7, 0x82, 0x4e, 0xd2, 
	0x94, 0x8f, 0x4e, 0x14, 0xd2, 0x9c, 0x4e, 0x4f, 0x87, 0xaa, 0x4e, 
	0x85, 0x8f, 0xca, 0x4e, 0x7e, 0x68, 0xd0, 0x4e, 0xe3, 0xbe, 0xd6, 
	0x4e, 0x24, 0x91, 0xe7, 0x4e, 0xea, 0x85, 0xec, 0x4e, 0xb6, 0xae, 
	0xf5, 0x4e, 0x3b, 0x05, 0xfa, 0x4e, 0x0a, 0x2d, 0xfb, 0x4e, 0x08, 
	0x6b, 0x09, 0x4f, 0x9f, 0xd4, 0x2b, 0x4f, 0x2c, 0x2e, 0x35, 0x4f, 
	0x14, 0x4c, 0x5b, 0x4f, 0xe3, 0x82, 0x5e, 0x4f, 0x0c, 0x7e, 0x6a, 
	0x4f, 0xf6, 0xd6, 0x6b, 0x4f, 0x64, 0x2e, 0x6e, 0x4f, 0x37, 0x01, 
	0x73, 0x4f, 0x61, 0x06, 0x80, 0x4f, 0x44, 0x4e, 0x90, 0x4f, 0x7e, 
	0x17, 0x96, 0x4f, 0xd9, 0x08, 0x97, 0x4f, 0xff, 0x6e, 0x9c, 0x4f, 
	0x10, 0x9f, 0x9f, 0x4f, 0x81, 0x64, 0xa3, 0x4f, 0xc6, 0x94, 0xa9, 
	0x4f, 0x71, 0x32, 0xb7, 0x4f, 0x94, 0xa3, 0xc1, 0x4f, 0xa0, 0xfd, 
	0xd3, 0x4f, 0x31, 0x44, 0xed, 0x4f, 0xad, 0xb9, 0x1d, 0x50, 0x5f, 
	0x49, 0x2b, 0x50, 0xac, 0xd8, 0x30, 0x50, 0xb3, 0x66, 0x38, 0x50, 
	0x9f, 0x25, 0x3a, 0x50, 0x35, 0xed, 0x4d, 0x50, 0x0d, 0x5c, 0x5e, 
	0x50, 0xa5, 0x8d, 0x5e, 0x50, 0x15, 0x56, 0x81, 0x50, 0xd6, 0x9a, 
	0xa2, 0x50, 0x96, 0x58, 0xa7, 0x50, 0x66, 0x63, 0xb4, 0x50, 0x05, 
	0xfc, 0xc4, 0x50, 0xae, 0xa0, 0xc9, 0x50, 0xef, 0xda, 0xdf, 0x50, 
	0xd5, 0x67, 0x1f, 0x51, 0x62, 0x67, 0x20, 0x51, 0x62, 0xb5, 0x62, 
	0x51, 0x98, 0xeb, 0x85, 0x51, 0x7b, 0x9d, 0x8d, 0x51, 0x32, 0x99, 
	0xb0, 0x51, 0x3a, 0xa6, 0xc9, 0x51, 0xa1, 0x3f, 0xe5, 0x51, 0x82, 
	0x7c, 0xe7, 0x51, 0x9e, 0x04, 0xfc, 0x51, 0x7a, 0x8b, 0x22, 0x52, 
	0x87, 0xd2, 0x35, 0x52, 0x41, 0xe6, 0x38, 0x52, 0xed, 0x10, 0x41, 
	0x52, 0xf5, 0x34, 0x66, 0x52, 0x23, 0x08, 0x67, 0x52, 0xd7, 0x0f, 
	0x68, 0x52, 0x06, 0x49, 0x6d, 0x52, 0x3e, 0x9a, 0x73, 0x52, 0xf3, 
	0xad, 0x78, 0x52, 0xaf, 0xf6, 0x82, 0x52, 0xa9, 0xb9, 0x97, 0x52, 
	0xde, 0x9e, 0xa0, 0x52, 0xea, 0x47, 0xa2, 0x52, 0x68, 0x8c, 0xac, 
	0x52, 0x90, 0x23, 0xb9, 0x52, 0x54, 0xcb, 0xc6, 0x52, 0x3b, 0x79, 
	0xd6, 0x52, 0x1b, 0x06, 0xd9, 0x52, 0x63, 0x54, 0xda, 0x52, 0xd4, 
	0xe6, 0xdd, 0x52, 0x49, 0x66, 0xde, 0x52, 0xa1, 0x02, 0xe1, 0x52, 
	0x78, 0xbc, 0xe3, 0x52, 0xbb, 0x70, 0xea, 0x52, 0x92, 0x98, 0xf5, 
	0x52, 0x66, 0xb7, 0xfa, 0x52, 0xf7, 0xee, 0x24, 0x53, 0x0f, 0x61, 
	0x28, 0x53, 0x6c, 0x6e, 0x2a, 0x53, 0x7c, 0x5f, 0x3f, 0x53, 0xf6, 
	0x50, 0x6d, 0x53, 0x7d, 0x16, 0x70, 0x53, 0xcf, 0x61, 0x73, 0x53, 
	0x37, 0x7c, 0x80, 0x53, 0xd3, 0x75, 0x82, 0x53, 0x80, 0x87, 0x90, 
	0x53, 0x9e, 0x09, 0x9c, 0x53, 0xef, 0x3a, 0xa3, 0x53, 0x66, 0xda, 
	0xab, 0x53, 0xb5, 0x70, 0xba, 0x53, 0x9b, 0xcb, 0xc8, 0x53, 0x2f, 
	0x3e, 0xca, 0x53, 0x40, 0x8d, 0xde, 0x53, 0x8b, 0xa8, 0xf8, 0x53, 
	0xd0, 0xa9, 0xfb, 0x53, 0x88, 0xa8, 0x31, 0x54, 0x4c, 0xce, 0x45, 
	0x54, 0x8d, 0x14, 0x4a, 0x54, 0x75, 0x60, 0x4a, 0x54, 0x16, 0x24, 
	0x5d, 0x54, 0x00, 0x0c, 0x7c, 0x54, 0x3c, 0xe1, 0x7e, 0x54, 0x42, 
	0xd7, 0xaf, 0x54, 0x9c, 0xaf, 0xec, 0x54, 0xb4, 0xa2, 0xed, 0x54, 
	0xdf, 0x6a, 0x06, 0x55, 0x8e, 0xfc, 0x15, 0x55, 0x01, 0xf6, 0x20, 
	0x55, 0x08, 0x9b, 0x48, 0x55, 0xaf, 0xd8, 0x52, 0x55, 0x07, 0xc0, 
	0x57, 0x55, 0xa7, 0xcf, 0x79, 0x55, 0x97, 0xc6, 0x82, 0x55, 0x2e, 
	0x7b, 0x95, 0x55, 0x9c, 0x1f, 0xa9, 0x55, 0x2a, 0xe1, 0xd6, 0x55, 
	0x62, 0x4c, 0xf0, 0x55, 0x87, 0x6e, 0x12, 0x56, 0xb0, 0xdd, 0x12, 
	0x56, 0x7f, 0x65, 0x24, 0x56, 0xe2, 0x35, 0x25, 0x56, 0xc2, 0x54, 
	0x26, 0x56, 0x3f, 0xa0, 0x46, 0x56, 0x80, 0xd7, 0x4c, 0x56, 0x38, 
	0xdc, 0x7a, 0x56, 0x3f, 0xbd, 0x80, 0x56, 0x90, 0x42, 0x83, 0x56, 
	0xe6, 0x17, 0xa1, 0x56, 0xf3, 0x5f, 0xbe, 0x56, 0xb2, 0x16, 0xc5, 
	0x56, 0x3e, 0x26, 0xdf, 0x56, 0x4d, 0x1c, 0xf8, 0x56, 0xb9, 0xb0, 
	0xf8, 0x56, 0x68, 0x34, 0xfe, 0x56, 0xc1, 0x0b, 0x00, 0x57, 0x38, 
	0x48, 0x27, 0x57, 0x11, 0x02, 0x2c, 0x57, 0x00, 0x3a, 0x30, 0x57, 
	0x81, 0x6a, 0x32, 0x57, 0xe3, 0xb9, 0x37, 0x57, 0xff, 0x08, 0x6b, 
	0x57, 0x49, 0xc1, 0x6b, 0x57, 0x83, 0x64, 0x76, 0x57, 0x11, 0x55, 
	0x87, 0x57, 0x5d, 0xc6, 0xa2, 0x57, 0x6e, 0xb0, 0xaf, 0x57, 0x2b, 
	0xb8, 0xb4, 0x57, 0xb2, 0xce, 0xb6, 0x57, 0x3c, 0x97, 0xc5, 0x57, 
	0x73, 0xbc, 0xce, 0x57, 0x2e, 0x6a, 0xd7, 0x57, 0xe6, 0x73, 0xf4, 
	0x57, 0x9a, 0x2e, 0x3b, 0x58, 0x56, 0xf5, 0x3b, 0x58, 0xc8, 0xb0, 
	0x3d, 0x58, 0xa0, 0x86, 0x64, 0x58, 0x50, 0x98, 0x8e, 0x58, 0xea, 
	0xa0, 0x9b, 0x58, 0xe3, 0x4a, 0xab, 0x58, 0xab, 0x01, 0xcb, 0x58, 
	0x6f, 0x23, 0xe6, 0x58, 0x34, 0x34, 0xef, 0x58, 0x7d, 0x91, 0xf5, 
	0x58, 0x4b, 0x58, 0x2c, 0x59, 0xd6, 0x62, 0x2f, 0x59, 0x9b, 0xca, 
	0x44, 0x59, 0xdd, 0x8a, 0x48, 0x59, 0xe2, 0x1f, 0x52, 0x59, 0xbf, 
	0xbf, 0x69, 0x59, 0xf0, 0x35, 0x7a, 0x59, 0x12, 0xc4, 0x8a, 0x59, 
	0xc4, 0x09, 0x8e, 0x59, 0x9a, 0x35, 0x8f, 0x59, 0x0e, 0x93, 0xa5, 
	0x59, 0x40, 0xd1, 0xb4, 0x59, 0x97, 0xba, 0xbb, 0x59, 0x26, 0xad, 
	0xce, 0x59, 0x45, 0x9a, 0xd9, 0x59, 0x92, 0x04, 0xed, 0x59, 0x14, 
	0xce, 0x02, 0x5a, 0x31, 0x5c, 0x21, 0x5a, 0x46, 0xca, 0x21, 0x5a, 
	0x71, 0x72, 0x32, 0x5a, 0x8e, 0x0f, 0x42, 0x5a, 0xc3, 0xb2, 0x46, 
	0x5a, 0x4c, 0xe4, 0x49, 0x5a, 0xfa, 0x11, 0x51, 0x5a, 0x20, 0x22, 
	0x55, 0x5a, 0xec, 0x50, 0x5b, 0x5a, 0x34, 0x5d, 0x8a, 0x5a, 0xfd, 
	0x8b, 0xa3, 0x5a, 0xa2, 0xe4, 0xa6, 0x5a, 0x43, 0xf6, 0xad, 0x5a, 
	0x8c, 0xb3, 0xbc, 0x5a, 0xbd, 0x7e, 0xd6, 0x5a, 0x52, 0xe6, 0xdd, 
	0x5a, 0x1a, 0x8a, 0xec, 0x5a, 0x72, 0x85, 0x04, 0x5b, 0x4b, 0xe8, 
	0x13, 0x5b, 0x23, 0x8c, 0x66, 0x5b, 0x8e, 0x4e, 0x67, 0x5b, 0x5b, 
	0x08, 0x74, 0x5b, 0x3a, 0xc3, 0x90, 0x5b, 0x54, 0xc5, 0xa3, 0x5b, 
	0x98, 0x13, 0xad, 0x5b, 0xa1, 0xfe, 0xb1, 0x5b, 0x3b, 0xd4, 0xc3, 
	0x5b, 0x57, 0xb7, 0xdb, 0x5b, 0x85, 0xd2, 0xdb, 0x5b, 0x62, 0x20, 
	0xe2, 0x5b, 0xe1, 0x4f, 0x1f, 0x5c, 0xb7, 0xf7, 0x26, 0x5c, 0x74, 
	0xae, 0x27, 0x5c, 0x4a, 0x75, 0x3f, 0x5c, 0xb3, 0x96, 0x4d, 0x5c, 
	0x40, 0xe1, 0x50, 0x5c, 0x7e, 0x4f, 0x63, 0x5c, 0x18, 0x8f, 0x65, 
	0x5c, 0xe3, 0x23, 0x6b, 0x5c, 0xb4, 0x21, 0x6e, 0x5c, 0xe7, 0x7a, 
	0x7c, 0x5c, 0x74, 0x42, 0x99, 0x5c, 0x24, 0xc9, 0xa1, 0x5c, 0x51, 
	0x62, 0xb4, 0x5c, 0xfd, 0x7d, 0xb9, 0x5c, 0xf0, 0xec, 0xe0, 0x5c, 
	0x1d, 0xcf, 0xe7, 0x5c, 0xf0, 0xe2, 0xfd, 0x5c, 0xdb, 0x34, 0x0e, 
	0x5d, 0x00, 0xcf, 0x0e, 0x5d, 0xb9, 0x6b, 0x11, 0x5d, 0xa7, 0x1e, 
	0x16, 0x5d, 0x33, 0x70, 0x34, 0x5d, 0x3b, 0xae, 0x39, 0x5d, 0xb6, 
	0x52, 0x51, 0x5d, 0x8f, 0xb0, 0x52, 0x5d, 0xbd, 0xac, 0x64, 0x5d, 
	0x1e, 0x79, 0x78, 0x5d, 0x49, 0xd0, 0x7b, 0x5d, 0x1e, 0x86, 0x83, 
	0x5d, 0xf8, 0x5c, 0x8c, 0x5d, 0x34, 0x25, 0x9e, 0x5d, 0x35, 0xaf, 
	0xac, 0x5d, 0x7f, 0x10, 0xb6, 0x5d, 0x04, 0x67, 0xe6, 0x5d, 0xb2, 
	0xa3, 0xff, 0x5d, 0xaa, 0xb1, 0x0d, 0x5e, 0xa2, 0xb1, 0x28, 0x5e, 
	0x01, 0x18, 0x3d, 0x5e, 0x49, 0xf4, 0x3d, 0x5e, 0x29, 0x5f, 0x48, 
	0x5e, 0x40, 0x26, 0x70, 0x5e, 0x86, 0xf2, 0x79, 0x5e, 0xce, 0x58, 
	0xaa, 0x5e, 0xab, 0xde, 0xb1, 0x5e, 0x60, 0x2f, 0xb9, 0x5e, 0x9f, 
	0x85, 0xcc, 0x5e, 0x98, 0x3d, 0xd1, 0x5e, 0xbe, 0xba, 0xf8, 0x5e, 
	0x27, 0x07, 0x00, 0x5f, 0xe2, 0xfe, 0x0b, 0x5f, 0x28, 0xae, 0x21, 
	0x5f, 0x87, 0x8e, 0x2d, 0x5f, 0x30, 0x02, 0x38, 0x5f, 0x35, 0x36, 
	0x46, 0x5f, 0xab, 0x70, 0x57, 0x5f, 0xf2, 0x2d, 0x5c, 0x5f, 0xa2, 
	0x6a, 0x5e, 0x5f, 0x31, 0x97, 0x65, 0x5f, 0xa0, 0x5e, 0x6f, 0x5f, 
	0x3e, 0x18, 0x71, 0x5f, 0x85, 0xbf, 0x76, 0x5f, 0x6a, 0x79, 0x84, 
	0x5f, 0x95, 0x34, 0x89, 0x5f, 0x6b, 0x58, 0x8b, 0x5f, 0xd6, 0x5e, 
	0x92, 0x5f, 0xc2, 0x25, 0xa0, 0x5f, 0x1a, 0x8e, 0xa0, 0x5f, 0x77, 
	0xd8, 0xae, 0x5f, 0xaf, 0xfc, 0xaf, 0x5f, 0xc5, 0xfd, 0xcb, 0x5f, 
	0xb6, 0xbe, 0xd0, 0x5f, 0x72, 0x76, 0xd2, 0x5f, 0x8e, 0x37, 0xd3, 
	0x5f, 0x55, 0xf9, 0xf5, 0x5f, 0x57, 0x60, 0xfa, 0x5f, 0x46, 0xe2, 
	0xfe, 0x5f, 0x4e, 0x8c, 0x0d, 0x60, 0x54, 0x6f, 0x0e, 0x60, 0x40, 
	0x4a, 0x10, 0x60, 0x49, 0x3b, 0x1e, 0x60, 0xbb, 0x79, 0x1e, 0x60, 
	0x10, 0x99, 0x3f, 0x60, 0x1e, 0xf5, 0x64, 0x60, 0x4f, 0x80, 0x76, 
	0x60, 0x78, 0x1c, 0x89, 0x60, 0x3a, 0xc6, 0x89, 0x60, 0x00, 0xd2, 
	0x97, 0x60, 0xf8, 0x7e, 0x9b, 0x60, 0x0c, 0x54, 0xb8, 0x60, 0xa1, 
	0x52, 0xb9, 0x60, 0x99, 0x3d, 0xd6, 0x60, 0x9e, 0x7a, 0xff, 0x60, 
	0x28, 0x3a, 0x0f, 0x61, 0x7d, 0x40, 0x0f, 0x61, 0xea, 0x3b, 0x22, 
	0x61, 0xe0, 0x86, 0x26, 0x61, 0xc4, 0x4e, 0x2c, 0x61, 0x8b, 0xac, 
	0x33, 0x61, 0x69, 0x45, 0x3d, 0x61, 0x08, 0x5b, 0x45, 0x61, 0xa9, 
	0x6c, 0x5d, 0x61, 0x0d, 0xa8, 0x6b, 0x61, 0xab, 0xa6, 0x82, 0x61, 
	0xc8, 0x7c, 0x86, 0x61, 0x22, 0x83, 0x90, 0x61, 0xc1, 0xf3, 0xce, 
	0x61, 0xad, 0x19, 0xe4, 0x61, 0x64, 0x6d, 0xec, 0x61, 0xca, 0x52, 
	0xfd, 0x61, 0x48, 0xd9, 0x02, 0x62, 0x0e, 0x80, 0x1b, 0x62, 0x1d, 
	0xb6, 0x26, 0x62, 0x80, 0x43, 0x43, 0x62, 0x03, 0xfe, 0x4e, 0x62, 
	0xe0, 0xb9, 0x4f, 0x62, 0x78, 0xbb, 0x66, 0x62, 0xf9, 0x2a, 0x79, 
	0x62, 0x13, 0xd9, 0x8b, 0x62, 0xeb, 0x86, 0xa9, 0x62, 0x32, 0x99, 
	0xbc, 0x62, 0x07, 0xd6, 0xc3, 0x62, 0x45, 0xa5, 0xd3, 0x62, 0xab, 
	0x8b, 0xe3, 0x62, 0x6f, 0x6d, 0xe4, 0x62, 0x9c, 0xf0, 0xfb, 0x62, 
	0xd2, 0xe6, 0x20, 0x63, 0x97, 0xf2, 0x2c, 0x63, 0x9d, 0xd6, 0x4b, 
	0x63, 0x3a, 0x46, 0x4e, 0x63, 0x58, 0xf6, 0x5d, 0x63, 0xdd, 0xc3, 
	0x66, 0x63, 0x31, 0xa1, 0xab, 0x63, 0x23, 0xc1, 0xbc, 0x63, 0x59, 
	0xe7, 0xc7, 0x63, 0xb1, 0x0c, 0xdb, 0x63, 0x26, 0x03, 0xde, 0x63, 
	0x45, 0xda, 0xfb, 0x63, 0x6f, 0x03, 0x13, 0x64, 0x8b, 0x74, 0x18, 
	0x64, 0xb2, 0x5e, 0x1f, 0x64, 0x25, 0x9a, 0x26, 0x64, 0x16, 0x42, 
	0x27, 0x64, 0xdd, 0x3f, 0x3f, 0x64, 0xef, 0xf9, 0x4b, 0x64, 0xb4, 
	0x83, 0x5e, 0x64, 0x29, 0x16, 0x60, 0x64, 0x41, 0x69, 0x74, 0x64, 
	0xc8, 0x7c, 0x7c, 0x64, 0xdc, 0x9c, 0x81, 0x64, 0xff, 0xa0, 0x85, 
	0x64, 0x1f, 0x07, 0x87, 0x64, 0xea, 0xd2, 0x95, 0x64, 0xa0, 0xf0, 
	0x9b, 0x64, 0x7d, 0xc9, 0xa6, 0x64, 0x6a, 0x8b, 0xba, 0x64, 0xf0, 
	0xe9, 0xbd, 0x64, 0x24, 0x09, 0xd2, 0x64, 0x6e, 0xef, 0xd4, 0x64, 
	0x8e, 0x93, 0x0a, 0x65, 0x21, 0x11, 0x11, 0x65, 0xb8, 0xa2, 0x30, 
	0x65, 0xa1, 0xf2, 0x78, 0x65, 0xc2, 0x8a, 0x99, 0x65, 0x87, 0x02, 
	0xa6, 0x65, 0x15, 0x0f, 0xae, 0x65, 0x02, 0x8f, 0xb7, 0x65, 0x4c, 
	0x0e, 0xce, 0x65, 0x71, 0xa3, 0xcf, 0x65, 0x3e, 0xef, 0xcf, 0x65, 
	0x4f, 0x92, 0xdd, 0x65, 0x55, 0xeb, 0xe7, 0x65, 0x48, 0xd5, 0xe9, 
	0x65, 0xf2, 0x31, 0xf1, 0x65, 0xc3, 0x79, 0x04, 0x66, 0x86, 0xc0, 
	0x06, 0x66, 0x77, 0x66, 0x07, 0x66, 0xb2, 0x77, 0x07, 0x66, 0x53, 
	0x27, 0x0f, 0x66, 0x6d, 0x43, 0x10, 0x66, 0x27, 0x2f, 0x1d, 0x66, 
	0x36, 0x8e, 0x21, 0x66, 0xf4, 0x12, 0x2e, 0x66, 0x0e, 0x16, 0x3d, 
	0x66, 0xe5, 0x9b, 0x3e, 0x66, 0x8b, 0xf6, 0x3e, 0x66, 0x2a, 0x19, 
	0x55, 0x66, 0xa2, 0x02, 0x76, 0x66, 0xb3, 0x9c, 0x7e, 0x66, 0x57, 
	0x16, 0xa0, 0x66, 0x2e, 0x15, 0xb5, 0x66, 0x6e, 0xac, 0xd9, 0x66, 
	0xfc, 0xbc, 0xef, 0x66, 0x4c, 0xd4, 0xf8, 0x66, 0x7a, 0xca, 0x22, 
	0x67, 0xd9, 0xb5, 0x28, 0x67, 0xc2, 0x72, 0x3b, 0x67, 0xb0, 0xa6, 
	0x3c, 0x67, 0x66, 0x12, 0x51, 0x67, 0xcd, 0x79, 0x5a, 0x67, 0x67, 
	0xbc, 0x96, 0x67, 0xce, 0x2a, 0x9d, 0x67, 0xef, 0xce, 0xb7, 0x67, 
	0xdd, 0x2d, 0xc2, 0x67, 0xfd, 0x3f, 0xc2, 0x67, 0xcb, 0x4d, 0xd5, 
	0x67, 0x8c, 0x6f, 0xdb, 0x67, 0x24, 0x5d, 0x06, 0x68, 0xcd, 0x96, 
	0x08, 0x68, 0x6b, 0xe0, 0x0a, 0x68, 0x43, 0x03, 0x16, 0x68, 0x9a, 
	0x1e, 0x19, 0x68, 0x64, 0xa6, 0x1f, 0x68, 0x29, 0x3f, 0x2e, 0x68, 
	0x8c, 0x77, 0x4e, 0x68, 0xc8, 0xe6, 0x51, 0x68, 0xba, 0xa4, 0x55, 
	0x68, 0xc3, 0x77, 0x5d, 0x68, 0x97, 0xbe, 0x6e, 0x68, 0xd6, 0x42, 
	0x72, 0x68, 0xaa, 0x86, 0x76, 0x68, 0x09, 0x92, 0x7e, 0x68, 0x83, 
	0xbe, 0x92, 0x68, 0xb0, 0x4c, 0x9e, 0x68, 0x5a, 0x1f, 0xba, 0x68, 
	0x41, 0x60, 0xd4, 0x68, 0x97, 0x76, 0xf4, 0x68, 0xb9, 0x24, 0xfb, 
	0x68, 0x4f, 0x3a, 0x21, 0x69, 0xf1, 0x29, 0x2b, 0x69, 0xd1, 0x2d, 
	0x39, 0x69, 0x7e, 0x6e, 0x40, 0x69, 0x26, 0x14, 0x58, 0x69, 0x82, 
	0xac, 0x6d, 0x69, 0x3a, 0xa5, 0x87, 0x69, 0x3a, 0xb0, 0x98, 0x69, 
	0x32, 0x6b, 0x9d, 0x69, 0xa4, 0x2d, 0xaa, 0x69, 0x73, 0x6c, 0xc0, 
	0x69, 0xc0, 0x0a, 0xc7, 0x69, 0x48, 0x40, 0xc9, 0x69, 0x9c, 0x67, 
	0xd1, 0x69, 0x29, 0xa2, 0xd5, 0x69, 0xf9, 0xa2, 0xd8, 0x69, 0x72, 
	0xcf, 0xe2, 0x69, 0x2a, 0xbb, 0xe7, 0x69, 0x26, 0x6e, 0x02, 0x6a, 
	0x50, 0x78, 0x2b, 0x6a, 0x9e, 0x80, 0x35, 0x6a, 0x95, 0xfa, 0x49, 
	0x6a, 0xe1, 0xcf, 0x54, 0x6a, 0x2e, 0x18, 0x60, 0x6a, 0x9f, 0x9f, 
	0x88, 0x6a, 0x2a, 0x6f, 0x89, 0x6a, 0xbb, 0xa6, 0x98, 0x6a, 0xbc, 
	0xbd, 0xb9, 0x6a, 0x64, 0x4a, 0xdb, 0x6a, 0x2c, 0xec, 0xe1, 0x6a, 
	0x98, 0x6a, 0xea, 0x6a, 0x6e, 0xd3, 0x25, 0x6b, 0xfc, 0xc5, 0x3d, 
	0x6b, 0x4d, 0xa9, 0x4c, 0x6b, 0x4f, 0xcb, 0x51, 0x6b, 0x47, 0x59, 
	0x6b, 0x6b, 0xe2, 0x56, 0x6d, 0x6b, 0x22, 0x65, 0x7a, 0x6b, 0x71, 
	0x50, 0xa6, 0x6b, 0x50, 0xf1, 0xb5, 0x6b, 0xcb, 0x44, 0xb7, 0x6b, 
	0x5e, 0x84, 0xc7, 0x6b, 0xa0, 0x02, 0xf3, 0x6b, 0xee, 0xf0, 0x34, 
	0x6c, 0x4b, 0xc0, 0x47, 0x6c, 0x26, 0x9a, 0x4f, 0x6c, 0x88, 0x4a, 
	0x7f, 0x6c, 0xe8, 0x9d, 0x91, 0x6c, 0x9d, 0xcb, 0x92, 0x6c, 0x54, 
	0xc8, 0x9d, 0x6c, 0x28, 0xda, 0xa2, 0x6c, 0x02, 0x95, 0xa9, 0x6c, 
	0x32, 0x8e, 0xdf, 0x6c, 0x28, 0x22, 0xe0, 0x6c, 0x13, 0xfc, 0xe3, 
	0x6c, 0x29, 0xc1, 0xef, 0x6c, 0x14, 0xa8, 0x49, 0x6d, 0x9f, 0x92, 
	0x4a, 0x6d, 0xf7, 0x14, 0x53, 0x6d, 0x82, 0x82, 0x54, 0x6d, 0xfb, 
	0xfa, 0x54, 0x6d, 0x09, 0x79, 0x55, 0x6d, 0x9f, 0x8b, 0x56, 0x6d, 
	0x05, 0xa1, 0x5d, 0x6d, 0x38, 0xfa, 0x62, 0x6d, 0x3e, 0x00, 0x6d, 
	0x6d, 0xb2, 0xcc, 0x6e, 0x6d, 0xee, 0xf5, 0x70, 0x6d, 0x1f, 0xac, 
	0x82, 0x6d, 0xd7, 0xfb, 0x90, 0x6d, 0x0f, 0xe2, 0x9d, 0x6d, 0xc7, 
	0xd8, 0xb9, 0x6d, 0xa0, 0xf7, 0x10, 0x6e, 0xeb, 0xd8, 0x24, 0x6e, 
	0xea, 0xa2, 0x30, 0x6e, 0xeb, 0x0e, 0x3d, 0x6e, 0x0b, 0x8a, 0x3f, 
	0x6e, 0x51, 0xd0, 0x3f, 0x6e, 0xc0, 0x0d, 0x66, 0x6e, 0x18, 0x89, 
	0x96, 0x6e, 0x2e, 0x8f, 0xc8, 0x6e, 0x81, 0x12, 0xcd, 0x6e, 0xf5, 
	0x82, 0xd8, 0x6e, 0xa4, 0xfe, 0xe3, 0x6e, 0x03, 0x28, 0xea, 0x6e, 
	0x64, 0x3c, 0x09, 0x6f, 0x4e, 0xec, 0x28, 0x6f, 0x57, 0x56, 0x3a, 
	0x6f, 0x8d, 0xbc, 0x59, 0x6f, 0x41, 0xd5, 0x5b, 0x6f, 0x92, 0xb5, 
	0x6a, 0x6f, 0x33, 0x34, 0x79, 0x6f, 0xc2, 0x0e, 0x83, 0x6f, 0x7a, 
	0x1d, 0x86, 0x6f, 0xd2, 0xa3, 0x8f, 0x6f, 0xbb, 0x73, 0xb1, 0x6f, 
	0xdb, 0x60, 0xb3, 0x6f, 0x17, 0x08, 0xc0, 0x6f, 0x41, 0x62, 0xd5, 
	0x6f, 0x88, 0xe1, 0xf3, 0x6f, 0xac, 0xa4, 0xf6, 0x6f, 0xcb, 0xf7, 
	0x08, 0x70, 0xfa, 0xe7, 0x15, 0x70, 0xcb, 0x55, 0x17, 0x70, 0xde, 
	0xa7, 0x21, 0x70, 0xa1, 0xe0, 0x3e, 0x70, 0x1c, 0x8c, 0x4b, 0x70, 
	0x6c, 0xed, 0x6e, 0x70, 0x37, 0xaf, 0xb4, 0x70, 0x0e, 0x6f, 0xb5, 
	0x70, 0x69, 0xfc, 0xbf, 0x70, 0xc1, 0x2d, 0xc4, 0x70, 0x2e, 0x48, 
	0xcb, 0x70, 0x40, 0x58, 0xd6, 0x70, 0x81, 0x33, 0x11, 0x71, 0x5b, 
	0x78, 0x1c, 0x71, 0x00, 0xc5, 0x1f, 0x71, 0xec, 0x12, 0x2a, 0x71, 
	0x0f, 0x2f, 0x42, 0x71, 0xbf, 0x0d, 0x49, 0x71, 0x1f, 0x29, 0x57, 
	0x71, 0x4c, 0xdf, 0x65, 0x71, 0x82, 0x4d, 0x67, 0x71, 0xf4, 0x74, 
	0x80, 0x71, 0xe1, 0x94, 0x84, 0x71, 0xe1, 0x88, 0x85, 0x71, 0x30, 
	0x7f, 0x88, 0x71, 0x0c, 0x42, 0x90, 0x71, 0xfc, 0x86, 0xa0, 0x71, 
	0x52, 0x9e, 0xb6, 0x71, 0x8d, 0x32, 0xbb, 0x71, 0x2a, 0x6c, 0xd3, 
	0x71, 0x44, 0x36, 0xe7, 0x71, 0xae, 0xce, 0xf7, 0x71, 0x7a, 0x88, 
	0x0d, 0x72, 0x24, 0xee, 0x0e, 0x72, 0xb5, 0x32, 0x14, 0x72, 0x73, 
	0xfd, 0x20, 0x72, 0xc9, 0xad, 0x21, 0x72, 0x50, 0x39, 0x2b, 0x72, 
	0xf2, 0x06, 0x3d, 0x72, 0x8d, 0xc5, 0x57, 0x72, 0x25, 0xa9, 0x73, 
	0x72, 0x64, 0x1f, 0xb7, 0x72, 0xea, 0x5f, 0xd7, 0x72, 0x61, 0x49, 
	0xe1, 0x72, 0x02, 0xac, 0xef, 0x72, 0xa2, 0x58, 0xf3, 0x72, 0xf0, 
	0x90, 0x13, 0x73, 0x28, 0xe6, 0x16, 0x73, 0x55, 0x06, 0x1d, 0x73, 
	0x38, 0x40, 0x20, 0x73, 0x25, 0xa4, 0x29, 0x73, 0xd4, 0x5c, 0x3f, 
	0x73, 0xad, 0x53, 0x45, 0x73, 0x70, 0xe6, 0x59, 0x73, 0xb7, 0x35, 
	0x6f, 0x73, 0xfb, 0x7a, 0x87, 0x73, 0x8b, 0x37, 0x9d, 0x73, 0xb2, 
	0xee, 0xc1, 0x73, 0x10, 0xee, 0xd1, 0x73, 0xc7, 0xc2, 0xd9, 0x73, 
	0x0b, 0x75, 0xe9, 0x73, 0x60, 0x07, 0xf0, 0x73, 0xe2, 0xaa, 0xfd, 
	0x73, 0x75, 0xfa, 0x1d, 0x74, 0x86, 0x10, 0x39, 0x74, 0x09, 0x89, 
	0x3c, 0x74, 0x97, 0x63, 0x4d, 0x74, 0x6a, 0xdd, 0x5b, 0x74, 0x29, 
	0xb7, 0x5e, 0x74, 0x65, 0x74, 0x65, 0x74, 0xc0, 0x4b, 0x6f, 0x74, 
	0x98, 0x73, 0x76, 0x74, 0x13, 0x96, 0x8d, 0x74, 0xfa, 0x8f, 0xb0, 
	0x74, 0xc8, 0xd7, 0xb2, 0x74, 0xd7, 0xc3, 0xba, 0x74, 0xd8, 0x5b, 
	0xc7, 0x74, 0xec, 0x6d, 0xc8, 0x74, 0x14, 0xf2, 0xeb, 0x74, 0x83, 
	0x5c, 0xec, 0x74, 0xcd, 0x43, 0xfc, 0x74, 0x10, 0xd0, 0x01, 0x75, 
	0x5d, 0xff, 0x24, 0x75, 0xec, 0x91, 0x2c, 0x75, 0xa2, 0xce, 0x48, 
	0x75, 0x9b, 0x93, 0x56, 0x75, 0x81, 0xce, 0x56, 0x75, 0x6e, 0xae, 
	0x67, 0x75, 0x5f, 0xfa, 0x77, 0x75, 0xde, 0x76, 0x82, 0x75, 0xd0, 
	0x10, 0x85, 0x75, 0xb4, 0xd4, 0xe3, 0x75, 0x3b, 0x80, 0x12, 0x76, 
	0xe6, 0x01, 0x1b, 0x76, 0x91, 0xf8, 0x37, 0x76, 0x50, 0xa0, 0x43, 
	0x76, 0x1b, 0xc4, 0x43, 0x76, 0x32, 0x5c, 0x5e, 0x76, 0x9c, 0x03, 
	0x6e, 0x76, 0xc4, 0x66, 0x91, 0x76, 0x3b, 0xde, 0xc9, 0x76, 0x87, 
	0x2b, 0xe0, 0x76, 0x97, 0x9d, 0x0d, 0x77, 0xd1, 0xb4, 0x45, 0x77, 
	0x60, 0x8a, 0x61, 0x77, 0x05, 0xc0, 0x7c, 0x77, 0xbc, 0x5d, 0x7e, 
	0x77, 0x59, 0x31, 0x82, 0x77, 0x11, 0xd7, 0x8b, 0x77, 0xc3, 0x56, 
	0x8e, 0x77, 0x36, 0x07, 0x96, 0x77, 0xeb, 0x33, 0x9e, 0x77, 0xf9, 
	0xa4, 0xc2, 0x77, 0x1a, 0x8b, 0xd6, 0x77, 0xb6, 0x0d, 0xea, 0x77, 
	0xb1, 0x96, 0x0c, 0x78, 0x8c, 0x2c, 0x0d, 0x78, 0x07, 0x63, 0x27, 
	0x78, 0x12, 0x30, 0x2c, 0x78, 0x41, 0xd0, 0x30, 0x78, 0x67, 0xe6, 
	0x3b, 0x78, 0xbc, 0x5e, 0x4d, 0x78, 0x65, 0xb8, 0x89, 0x78, 0x55, 
	0x1f, 0x94, 0x78, 0xfa, 0x23, 0x9c, 0x78, 0x8a, 0xd0, 0xb0, 0x78, 
	0xae, 0x5d, 0xd8, 0x78, 0x24, 0xfd, 0xdd, 0x78, 0xaa, 0x35, 0xde, 
	0x78, 0x71, 0x71, 0xdf, 0x78, 0x07, 0x9a, 0xe2, 0x78, 0xaf, 0x20, 
	0xf2, 0x78, 0x86, 0xf7, 0xfd, 0x78, 0x44, 0x2c, 0x2d, 0x79, 0x59, 
	0xc4, 0x39, 0x79, 0x98, 0x17, 0x48, 0x79, 0x30, 0xd5, 0x5b, 0x79, 
	0x4d, 0x57, 0x66, 0x79, 0x36, 0xee, 0x6c, 0x79, 0xe9, 0x89, 0x87, 
	0x79, 0x27, 0xde, 0x88, 0x79, 0x3b, 0x93, 0xb5, 0x79, 0x77, 0x99, 
	0xc3, 0x79, 0xd0, 0x35, 0xd5, 0x79, 0x4f, 0x71, 0xea, 0x79, 0x22, 
	0xc1, 0xf0, 0x79, 0x5a, 0x13, 0xff, 0x79, 0xff, 0xd7, 0x02, 0x7a, 
	0x57, 0x7c, 0x0e, 0x7a, 0x99, 0x23, 0x15, 0x7a, 0x0d, 0x8d, 0x1a, 
	0x7a, 0x61, 0xec, 0x2b, 0x7a, 0xf9, 0xf0, 0x53, 0x7a, 0x12, 0x0e, 
	0x54, 0x7a, 0x8b, 0x48, 0x54, 0x7a, 0x9a, 0x03, 0x6c, 0x7a, 0xd4, 
	0xcb, 0x70, 0x7a, 0x42, 0xc4, 0x88, 0x7a, 0x46, 0xe5, 0xd7, 0x7a, 
	0x9c, 0x93, 0xda, 0x7a, 0xd3, 0x1c, 0xfd, 0x7a, 0x90, 0x5c, 0x08, 
	0x7b, 0x16, 0xd9, 0x0a, 0x7b, 0x8b, 0x5f, 0x2b, 0x7b, 0x31, 0xde, 
	0x31, 0x7b, 0x3f, 0x73, 0x35, 0x7b, 0xe9, 0x8a, 0x3b, 0x7b, 0xd2, 
	0x69, 0x48, 0x7b, 0xc1, 0x84, 0x4e, 0x7b, 0xe9, 0x26, 0x55, 0x7b, 
	0x15, 0xd2, 0x68, 0x7b, 0xf3, 0xef, 0x86, 0x7b, 0x76, 0xd6, 0x96, 
	0x7b, 0x3a, 0x8d, 0xab, 0x7b, 0x8e, 0x67, 0xac, 0x7b, 0xfb, 0x97, 
	0xc6, 0x7b, 0x08, 0xb1, 0xd6, 0x7b, 0xd7, 0xd2, 0xe3, 0x7b, 0x2c, 
	0x8a, 0xf2, 0x7b, 0xf5, 0x80, 0x05, 0x7c, 0x01, 0xda, 0x11, 0x7c, 
	0xa4, 0x67, 0x24, 0x7c, 0x3b, 0xdf, 0x45, 0x7c, 0x34, 0x82, 0x4b, 
	0x7c, 0xab, 0x2d, 0x6f, 0x7c, 0xd6, 0x27, 0x7d, 0x7c, 0xe8, 0x5b, 
	0x80, 0x7c, 0x66, 0xee, 0x82, 0x7c, 0xe3, 0x96, 0x92, 0x7c, 0x5b, 
	0x42, 0x93, 0x7c, 0xad, 0x29, 0x9b, 0x7c, 0x20, 0x91, 0x9b, 0x7c, 
	0xe1, 0x4e, 0x9d, 0x7c, 0x2c, 0xae, 0xab, 0x7c, 0x26, 0xda, 0xc7, 
	0x7c, 0x83, 0x35, 0xd1, 0x7c, 0x31, 0x55, 0xd2, 0x7c, 0x64, 0xed, 
	0xd8, 0x7c, 0x2d, 0x17, 0xdd, 0x7c, 0xd0, 0x8e, 0xfe, 0x7c, 0x33, 
	0x99, 0x19, 0x7d, 0x94, 0x0d, 0x33, 0x7d, 0x76, 0xd9, 0x5c, 0x7d, 
	0x26, 0xa8, 0x7c, 0x7d, 0xc1, 0x7d, 0x81, 0x7d, 0xc8, 0xb7, 0x82, 
	0x7d, 0x96, 0x2f, 0x84, 0x7d, 0x66, 0x3b, 0xac, 0x7d, 0xd6, 0x97, 
	0xb5, 0x7d, 0xf7, 0xe1, 0xbc, 0x7d, 0x51, 0xc7, 0xc1, 0x7d, 0x58, 
	0x75, 0xf8, 0x7d, 0x8f, 0x0b, 0x0a, 0x7e, 0xf7, 0x23, 0x17, 0x7e, 
	0x7c, 0x28, 0x27, 0x7e, 0xc7, 0x48, 0x3c, 0x7e, 0x88, 0x38, 0x41, 
	0x7e, 0xee, 0xb8, 0x44, 0x7e, 0xc4, 0x69, 0x4a, 0x7e, 0xbd, 0xa6, 
	0x4a, 0x7e, 0x88, 0xde, 0x53, 0x7e, 0x2b, 0x28, 0x7f, 0x7e, 0x5f, 
	0x2a, 0x88, 0x7e, 0x14, 0x33, 0x90, 0x7e, 0x69, 0x1b, 0xa5, 0x7e, 
	0xb9, 0x8e, 0xb7, 0x7e, 0xf8, 0xa1, 0xb8, 0x7e, 0x3e, 0x8b, 0xc6, 
	0x7e, 0x97, 0xe3, 0xc6, 0x7e, 0x5e, 0xe5, 0xd7, 0x7e, 0x68, 0x50, 
	0xe3, 0x7e, 0x31, 0xcc, 0xed, 0x7e, 0x54, 0x29, 0xf4, 0x7e, 0xb7, 
	0x12, 0xf9, 0x7e, 0xcd, 0xa5, 0x02, 0x7f, 0x31, 0x18, 0x10, 0x7f, 
	0x05, 0xa6, 0x10, 0x7f, 0x34, 0x04, 0x24, 0x7f, 0x5e, 0xc9, 0x4b, 
	0x7f, 0x1f, 0x73, 0x8d, 0x7f, 0x85, 0x33, 0x8f, 0x7f, 0x99, 0x58, 
	0x99, 0x7f, 0x15, 0x17, 0xa6, 0x7f, 0xf2, 0xc8, 0xb1, 0x7f, 0x76, 
	0x89, 0xc0, 0x7f, 0xd0, 0xd2, 0xc0, 0x7f, 0x7f, 0x5d, 0xca, 0x7f, 
	0x00, 0x39, 0xdb, 0x7f, 0x46, 0x4e, 0xe8, 0x7f, 0xa4, 0x24, 0x54, 
	0x05, 0xf4, 0xce, 0x2c, 0x3a, 0x64, 0x4a, 0xdb, 0x6a, 0x19, 0x97, 
	0x01, 0x2b, 0xee, 0xf4, 0x61, 0x48, 0xef, 0xe5, 0x39, 0x00, 0xec, 
	0xee, 0x02, 0x18, 0x3e, 0x8b, 0xc6, 0x7e, 0x40, 0x4a, 0x10, 0x60, 
	0xf8, 0x0d, 0xe2, 0x2e, 0x72, 0x6b, 0xf4, 0x2c, 0x53, 0x5f, 0x63, 
	0x49, 0x79, 0x89, 0xf7, 0x10, 0x68, 0x9b, 0x36, 0x08, 0x3b, 0x93, 
	0xb5, 0x79, 0x86, 0xdb, 0xa7, 0x13, 0x59, 0xca, 0xd5, 0x4a, 0xd5, 
	0x28, 0xb9, 0x1b, 0xc2, 0x72, 0x3b, 0x67, 0xbd, 0x04, 0xfb, 0x11, 
	0x10, 0x9f, 0x9f, 0x4f, 0xd5, 0x88, 0xfe, 0x1a, 0x4c, 0x8b, 0xd7, 
	0x00, 0x2d, 0xd9, 0x61, 0x49, 0x60, 0x8a, 0x61, 0x77, 0xe1, 0xd1, 
	0x8f, 0x2b, 0x24, 0xee, 0x0e, 0x72, 0x0c, 0x04, 0x04, 0x4c, 0x71, 
	0x6e, 0x4a, 0x32, 0x55, 0x06, 0x1d, 0x73, 0x7d, 0x91, 0xf5, 0x58, 
	0x5f, 0xda, 0x42, 0x1d, 0x31, 0xde, 0x31, 0x7b, 0x95, 0xfa, 0x8a, 
	0x01, 0xe0, 0xd8, 0x33, 0x0e, 0xec, 0x12, 0x2a, 0x71, 0x66, 0xdb, 
	0xf1, 0x0e, 0x49, 0x3b, 0x1e, 0x60, 0x4f, 0xeb, 0x01, 0x26, 0x54, 
	0xcb, 0xc6, 0x52, 0x51, 0x2b, 0x9a, 0x36, 0xc8, 0xd5, 0x1e, 0x40, 
	0xf8, 0x10, 0x44, 0x28, 0x39, 0x8c, 0xe8, 0x37, 0x00, 0x0c, 0x7c, 
	0x54, 0x92, 0x04, 0xed, 0x59, 0x97, 0xf2, 0x2c, 0x63, 0x9a, 0x1e, 
	0x19, 0x68, 0x31, 0xb4, 0xef, 0x28, 0xf7, 0xe1, 0xbc, 0x7d, 0x68, 
	0x34, 0xfe, 0x56, 0x41, 0x24, 0x53, 0x13, 0xde, 0xa7, 0x21, 0x70, 
	0xd6, 0x62, 0x2f, 0x59, 0xc8, 0x86, 0x4d, 0x30, 0x51, 0x85, 0x4c, 
	0x48, 0x6a, 0x8b, 0xcc, 0x3c, 0x81, 0xfb, 0xe0, 0x22, 0x67, 0xe6, 
	0x3b, 0x78, 0x03, 0xe5, 0x28, 0x21, 0x66, 0xbf, 0x24, 0x45, 0xbb, 
	0x70, 0xea, 0x52, 0x2c, 0x66, 0xee, 0x48, 0x6a, 0x6f, 0x39, 0x41, 
	0x00, 0xaf, 0x05, 0x1a, 0xe3, 0x76, 0x56, 0x0b, 0xa6, 0x7c, 0xf3, 
	0x23, 0x71, 0x72, 0x32, 0x5a, 0x08, 0x5b, 0x45, 0x61, 0x2a, 0xe1, 
	0xd6, 0x55, 0x29, 0x6f, 0xb5, 0x4d, 0xe7, 0x53, 0x14, 0x30, 0xa0, 
	0x4b, 0x91, 0x41, 0xff, 0x42, 0xae, 0x46, 0x8d, 0x14, 0x4a, 0x54, 
	0xb1, 0x96, 0x0c, 0x78, 0x80, 0xb2, 0x00, 0x19, 0x8c, 0x05, 0xef, 
	0x4b, 0x7f, 0xc9, 0x79, 0x0a, 0x1e, 0xc1, 0xec, 0x48, 0xe4, 0x27, 
	0x3a, 0x22, 0x5a, 0x13, 0xff, 0x79, 0x82, 0x10, 0x5b, 0x1d, 0x57, 
	0x16, 0xa0, 0x66, 0x12, 0x0c, 0x48, 0x2b, 0x10, 0x5c, 0xdf, 0x4a, 
	0x86, 0xf7, 0xfd, 0x78, 0xf5, 0x34, 0x66, 0x52, 0x8b, 0x37, 0x9d, 
	0x73, 0x59, 0x92, 0x28, 0x2f, 0x23, 0xfd, 0xf9, 0x1e, 0xad, 0xcc, 
	0xa7, 0x3e, 0xcd, 0x43, 0xfc, 0x74, 0xe3, 0xa5, 0x22, 0x2a, 0x72, 
	0xcf, 0xe2, 0x69, 0x27, 0xbd, 0x1b, 0x28, 0xc3, 0x56, 0x8e, 0x77, 
	0x83, 0x9b, 0xf2, 0x4b, 0x88, 0xde, 0x53, 0x7e, 0xec, 0x0f, 0xc6, 
	0x31, 0xcb, 0xfa, 0x1a, 0x19, 0x75, 0x85, 0xb2, 0x45, 0x90, 0x5c, 
	0x08, 0x7b, 0x7c, 0x5f, 0x3f, 0x53, 0x61, 0x2d, 0xa1, 0x48, 0xc1, 
	0x7d, 0x81, 0x7d, 0x84, 0xe5, 0xf4, 0x2c, 0x7f, 0x5d, 0xca, 0x7f, 
	0x6c, 0x6e, 0x2a, 0x53, 0xba, 0xa4, 0x55, 0x68, 0x88, 0xa8, 0x31, 
	0x54, 0x15, 0x4a, 0x26, 0x0a, 0x26, 0x3a, 0x33, 0x17, 0xa1, 0x45, 
	0xb8, 0x1a, 0xe3, 0x8c, 0x57, 0x0e, 0x46, 0x4e, 0xe8, 0x7f, 0xa0, 
	0xf7, 0x10, 0x6e, 0x66, 0x63, 0xb4, 0x50, 0x9b, 0x6c, 0x60, 0x08, 
	0x9d, 0xcb, 0x92, 0x6c, 0xf9, 0x05, 0xf4, 0x24, 0x8e, 0x0f, 0x42, 
	0x5a, 0xab, 0x1e, 0xc2, 0x2c, 0xd0, 0xd2, 0xc0, 0x7f, 0x1c, 0x32, 
	0x25, 0x12, 0x30, 0x0d, 0x7d, 0x20, 0xe2, 0xaa, 0xfd, 0x73, 0x98, 
	0x13, 0xad, 0x5b, 0x30, 0x7f, 0x88, 0x71, 0x19, 0x62, 0x1b, 0x37, 
	0x5d, 0xa1, 0xd7, 0x21, 0x9f, 0xb7, 0x3e, 0x35, 0xa1, 0xcb, 0xe3, 
	0x49, 0x0f, 0x98, 0x00, 0x45, 0x96, 0x2f, 0x84, 0x7d, 0x97, 0xba, 
	0xbb, 0x59, 0xc8, 0x7c, 0x86, 0x61, 0x33, 0x90, 0x94, 0x00, 0x32, 
	0x2d, 0xe1, 0x1e, 0x68, 0x71, 0x67, 0x3f, 0x3a, 0xfb, 0x57, 0x3d, 
	0x80, 0xea, 0xd0, 0x0c, 0x46, 0xfa, 0x01, 0x40, 0x81, 0x12, 0xcd, 
	0x6e, 0xaa, 0x69, 0xa5, 0x33, 0x6f, 0x23, 0xe6, 0x58, 0x60, 0xa9, 
	0x74, 0x1c, 0x50, 0x31, 0x61, 0x35, 0x7c, 0xa0, 0xe3, 0x38, 0xbd, 
	0xa9, 0x09, 0x26, 0x18, 0x8f, 0x65, 0x5c, 0xcd, 0x3e, 0xa2, 0x24, 
	0xe6, 0x17, 0xa1, 0x56, 0x44, 0x4e, 0x90, 0x4f, 0x53, 0xf1, 0xbd, 
	0x28, 0x30, 0x41, 0x0f, 0x0a, 0xc5, 0x0a, 0xb4, 0x1c, 0x06, 0x90, 
	0x0c, 0x2d, 0x12, 0x30, 0x2c, 0x78, 0xc2, 0x14, 0x4d, 0x45, 0xfa, 
	0xbb, 0xeb, 0x24, 0x49, 0x66, 0xde, 0x52, 0xf6, 0x61, 0x4f, 0x0f, 
	0xd1, 0xa7, 0xc5, 0x15, 0x7e, 0x68, 0xd0, 0x4e, 0xdc, 0x4a, 0x9a, 
	0x43, 0x51, 0xfe, 0xa5, 0x4d, 0xbd, 0xc3, 0x11, 0x25, 0x0a, 0x10, 
	0xec, 0x31, 0x77, 0x66, 0x07, 0x66, 0xea, 0xce, 0xfe, 0x2c, 0x2e, 
	0x15, 0xb5, 0x66, 0x5c, 0xde, 0x4e, 0x3a, 0x40, 0xe1, 0x50, 0x5c, 
	0x4d, 0x03, 0xa5, 0x23, 0x69, 0x45, 0x3d, 0x61, 0x26, 0x9f, 0x24, 
	0x2f, 0x6a, 0x79, 0x84, 0x5f, 0xcb, 0xdf, 0xf3, 0x2d, 0xb9, 0x16, 
	0xd0, 0x0b, 0x99, 0x46, 0xdd, 0x4a, 0xf8, 0xa1, 0xb8, 0x7e, 0x15, 
	0x22, 0x0c, 0x08, 0x08, 0x96, 0xc1, 0x22, 0x88, 0x38, 0x41, 0x7e, 
	0x9f, 0x8b, 0x56, 0x6d, 0x70, 0xd5, 0xac, 0x33, 0x8e, 0x93, 0x0a, 
	0x65, 0x3d, 0x98, 0x6a, 0x2c, 0xca, 0x99, 0x28, 0x44, 0x95, 0xf0, 
	0x52, 0x42, 0xa9, 0xb4, 0x88, 0x1c, 0xd5, 0x8a, 0xa7, 0x47, 0xb7, 
	0xe5, 0x13, 0x3b, 0x29, 0xb7, 0x5e, 0x74, 0xc3, 0x90, 0xf4, 0x1e, 
	0x58, 0xf6, 0x5d, 0x63, 0xbf, 0x91, 0xeb, 0x2d, 0xd4, 0x78, 0xb3, 
	0x20, 0x6f, 0x6b, 0x8f, 0x2a, 0x59, 0xe7, 0xc7, 0x63, 0xb2, 0xce, 
	0xb6, 0x57, 0x00, 0xe8, 0xb5, 0x4c, 0x98, 0x3d, 0xd1, 0x5e, 0x46, 
	0x67, 0x68, 0x12, 0x61, 0x95, 0x2e, 0x39, 0x31, 0xe2, 0x56, 0x04, 
	0xd0, 0xdf, 0xf8, 0x27, 0x4e, 0x2d, 0x0b, 0x10, 0x35, 0x36, 0x46, 
	0x5f, 0xfa, 0x23, 0x9c, 0x78, 0xc5, 0x47, 0x6b, 0x47, 0xeb, 0x33, 
	0x9e, 0x77, 0xfc, 0x00, 0x62, 0x3d, 0xa2, 0x02, 0x76, 0x66, 0xd3, 
	0xea, 0x6b, 0x47, 0x13, 0xdd, 0xda, 0x46, 0xc4, 0x66, 0x91, 0x76, 
	0x55, 0xe5, 0x48, 0x37, 0xb2, 0x77, 0x07, 0x66, 0xf7, 0xee, 0x24, 
	0x53, 0xe0, 0x17, 0xd6, 0x2d, 0xff, 0xd7, 0x02, 0x7a, 0x50, 0x39, 
	0x2b, 0x72, 0x76, 0x53, 0xe0, 0x24, 0x07, 0xc0, 0x57, 0x55, 0xca, 
	0x31, 0x81, 0x02, 0xba, 0x94, 0xf6, 0x41, 0x22, 0x24, 0x63, 0x06, 
	0x9c, 0x22, 0x7c, 0x47, 0x33, 0xe9, 0x0f, 0x0b, 0x33, 0x34, 0x79, 
	0x6f, 0xec, 0x2c, 0x38, 0x0c, 0x09, 0x79, 0x55, 0x6d, 0xc9, 0xcf, 
	0x8b, 0x38, 0x67, 0x91, 0x67, 0x38, 0x6d, 0xaf, 0x3e, 0x4b, 0x45, 
	0x15, 0xd5, 0x07, 0x85, 0x8f, 0xca, 0x4e, 0xb9, 0xb0, 0xf8, 0x56, 
	0xd4, 0xd0, 0xf6, 0x30, 0x74, 0x6a, 0xce, 0x32, 0xc1, 0xe3, 0xfe, 
	0x23, 0xb9, 0xff, 0x3a, 0x01, 0x67, 0xbc, 0x96, 0x67, 0xad, 0xbd, 
	0x36, 0x02, 0xd6, 0x27, 0x7d, 0x7c, 0xb2, 0x68, 0xdb, 0x15, 0xb9, 
	0x24, 0xfb, 0x68, 0xd6, 0xe0, 0x4f, 0x25, 0x57, 0xf5, 0x2b, 0x2c, 
	0x5f, 0xcd, 0xb8, 0x30, 0x68, 0x6d, 0xc6, 0x39, 0xab, 0x79, 0xb0, 
	0x44, 0xe4, 0x2b, 0xae, 0x41, 0xbd, 0x3a, 0xcf, 0x17, 0x8e, 0x67, 
	0xac, 0x7b, 0xde, 0x76, 0x82, 0x75, 0xab, 0x5c, 0x8f, 0x2c, 0xfb, 
	0x47, 0x29, 0x45, 0xce, 0x2a, 0x9d, 0x67, 0x58, 0x75, 0xf8, 0x7d, 
	0x81, 0x33, 0x11, 0x71, 0x8d, 0x32, 0xbb, 0x71, 0xf3, 0x34, 0xe0, 
	0x44, 0x9f, 0xf7, 0x04, 0x07, 0x98, 0x17, 0x48, 0x79, 0x61, 0x69, 
	0x72, 0x4e, 0x45, 0x9a, 0xd9, 0x59, 0x4f, 0x71, 0xea, 0x79, 0xde, 
	0xdd, 0x9e, 0x2d, 0x2a, 0x59, 0x7d, 0x3d, 0x6d, 0xb0, 0xc5, 0x48, 
	0xcb, 0x48, 0x69, 0x13, 0xf2, 0x06, 0x3d, 0x72, 0xd8, 0x6b, 0xfa, 
	0x00, 0x02, 0x3e, 0xd4, 0x02, 0xed, 0x10, 0x41, 0x52, 0xc4, 0xa2, 
	0xc8, 0x48, 0x28, 0x4d, 0xfa, 0x2a, 0xaf, 0xd8, 0x52, 0x55, 0xf8, 
	0x5c, 0x8c, 0x5d, 0xc9, 0x93, 0x34, 0x36, 0x57, 0xa6, 0x30, 0x0c, 
	0x03, 0xbc, 0xa6, 0x37, 0x8f, 0xb0, 0x52, 0x5d, 0xd7, 0x8b, 0x5d, 
	0x14, 0xf2, 0xa2, 0xef, 0x23, 0xd6, 0x02, 0x51, 0x00, 0xde, 0x2d, 
	0xa2, 0x32, 0xa3, 0xbc, 0xc3, 0x0a, 0xc8, 0xb0, 0x3d, 0x58, 0x53, 
	0xcd, 0xbc, 0x1f, 0xd7, 0xc3, 0xba, 0x74, 0xd4, 0xd5, 0x54, 0x06, 
	0x01, 0x0d, 0x1a, 0x3d, 0xa5, 0x7d, 0xc5, 0x37, 0x97, 0xbe, 0x6e, 
	0x68, 0xc2, 0x8a, 0x99, 0x65, 0x49, 0xd0, 0x7b, 0x5d, 0x41, 0xd5, 
	0x5b, 0x6f, 0xe7, 0xbb, 0xf8, 0x21, 0xd1, 0x79, 0x53, 0x3e, 0x25, 
	0x4c, 0x60, 0x10, 0xce, 0x5c, 0x13, 0x35, 0xde, 0x25, 0x45, 0x1e, 
	0x64, 0xef, 0x4b, 0x2f, 0x66, 0xab, 0x78, 0x1b, 0xae, 0x20, 0x4e, 
	0x46, 0xa3, 0x75, 0x2d, 0x17, 0x80, 0x9e, 0x61, 0x42, 0xbb, 0xe7, 
	0xd3, 0x00, 0x2a, 0x6c, 0xd3, 0x71, 0x50, 0xa0, 0x85, 0x40, 0xff, 
	0x08, 0x6b, 0x57, 0x5f, 0x46, 0x61, 0x4c, 0x3e, 0xcd, 0x7e, 0x24, 
	0xf2, 0x2f, 0x40, 0x16, 0x6e, 0xf1, 0xe4, 0x21, 0xf3, 0xad, 0x78, 
	0x52, 0xfd, 0x4a, 0xff, 0x3f, 0xad, 0xaa, 0x73, 0x2c, 0x83, 0xd0, 
	0x3f, 0x25, 0x68, 0x47, 0xd9, 0x4c, 0xa2, 0x58, 0xf3, 0x72, 0xfd, 
	0x09, 0xd4, 0x08, 0x3e, 0xe8, 0x94, 0x1b, 0x13, 0xfc, 0xe3, 0x6c, 
	0x35, 0xaf, 0xac, 0x5d, 0x16, 0x24, 0x5d, 0x54, 0x9a, 0x2e, 0x3b, 
	0x58, 0xe3, 0x82, 0x5e, 0x4f, 0xd7, 0xd7, 0x2f, 0x20, 0x6e, 0x09, 
	0x97, 0x0f, 0xf0, 0xe9, 0xbd, 0x64, 0xaf, 0xce, 0xe4, 0x10, 0xaa, 
	0xd0, 0x35, 0x47, 0x50, 0x78, 0x2b, 0x6a, 0xe9, 0x78, 0xba, 0x26, 
	0xa7, 0xcf, 0x79, 0x55, 0x5f, 0xd6, 0xb2, 0x43, 0xb1, 0xa8, 0x93, 
	0x37, 0x1e, 0x60, 0xc8, 0x45, 0xec, 0x99, 0x85, 0x3e, 0x5d, 0xfc, 
	0x4b, 0x29, 0x00, 0xd2, 0x97, 0x60, 0x4d, 0x57, 0x66, 0x79, 0x3d, 
	0x23, 0x1e, 0x10, 0x8b, 0xdd, 0xd5, 0x24, 0x35, 0xed, 0x4d, 0x50, 
	0x3a, 0xb0, 0x98, 0x69, 0xc7, 0xe9, 0xd8, 0x01, 0xba, 0x4f, 0x11, 
	0x27, 0xee, 0x54, 0x5b, 0x01, 0x21, 0x11, 0x11, 0x65, 0x1d, 0xf6, 
	0xb6, 0x33, 0xb2, 0xa3, 0xff, 0x5d, 0xac, 0x05, 0x95, 0x0d, 0xd3, 
	0x1c, 0xfd, 0x7a, 0x46, 0xca, 0x21, 0x5a, 0xd8, 0x9b, 0xf6, 0x2e, 
	0x41, 0x60, 0xd4, 0x68, 0x74, 0x42, 0x99, 0x5c, 0xf3, 0xef, 0x86, 
	0x7b, 0x78, 0xe3, 0xb4, 0x25, 0x47, 0x70, 0x12, 0x34, 0xd0, 0x8e, 
	0xfe, 0x7c, 0xcb, 0xf7, 0x08, 0x70, 0xb5, 0x70, 0xba, 0x53, 0xc7, 
	0xd8, 0xb9, 0x6d, 0x55, 0xf9, 0xf5, 0x5f, 0xe0, 0xdb, 0x17, 0x0b, 
	0x0a, 0xdb, 0xb4, 0x0b, 0xfc, 0xa8, 0xbf, 0x07, 0xb2, 0x46, 0x89, 
	0x30, 0x42, 0xd7, 0xaf, 0x54, 0x7c, 0x50, 0x86, 0x0d, 0x2e, 0x7b, 
	0x95, 0x55, 0x0a, 0x3b, 0x31, 0x0d, 0xb2, 0xe4, 0x9c, 0x13, 0x5e, 
	0x73, 0xee, 0x30, 0xbf, 0x5f, 0x8b, 0x0f, 0xd3, 0x75, 0x82, 0x53, 
	0x6e, 0x36, 0x92, 0x0c, 0xc0, 0x0a, 0xc7, 0x69, 0x44, 0x36, 0xde, 
	0x34, 0x50, 0xf1, 0xb5, 0x6b, 0x2b, 0x19, 0x48, 0x1e, 0x76, 0x0f, 
	0xbb, 0x2d, 0xcb, 0x36, 0x97, 0x01, 0xaa, 0xbf, 0xff, 0x12, 0x20, 
	0xd4, 0x47, 0x36, 0xc0, 0x3f, 0xfd, 0x06, 0x3a, 0x8d, 0xab, 0x7b, 
	0xa6, 0x3f, 0xf6, 0x11, 0x3f, 0x38, 0xb4, 0x1b, 0x9a, 0x03, 0x6c, 
	0x7a, 0xd9, 0x08, 0x97, 0x4f, 0x05, 0xa3, 0xf5, 0x2b, 0x7f, 0xb0, 
	0x56, 0x2e, 0xa3, 0x0b, 0x63, 0x44, 0xe6, 0x01, 0x1b, 0x76, 0x7d, 
	0x40, 0x0f, 0x61, 0x54, 0xc5, 0xa3, 0x5b, 0xa3, 0xb4, 0xd7, 0x42, 
	0x66, 0xb7, 0xfa, 0x52, 0x4f, 0xcb, 0x51, 0x6b, 0x40, 0x25, 0x67, 
	0x26, 0xbb, 0xd9, 0xe3, 0x4b, 0xfc, 0x86, 0xa0, 0x71, 0x85, 0x2a, 
	0xaf, 0x01, 0x83, 0x64, 0x76, 0x57, 0x2d, 0x5f, 0x33, 0x16, 0xf2, 
	0x80, 0xab, 0x04, 0xca, 0x49, 0x16, 0x08, 0xee, 0xc5, 0x4a, 0x3f, 
	0xc4, 0x5f, 0x83, 0x0f, 0x54, 0xfa, 0x9a, 0x46, 0xe6, 0xdd, 0x22, 
	0x11, 0xd5, 0x7e, 0xd5, 0x44, 0xe0, 0x86, 0x26, 0x61, 0x3b, 0xdf, 
	0x45, 0x7c, 0xd4, 0xb6, 0xaa, 0x2f, 0x23, 0x08, 0x67, 0x52, 0x22, 
	0xc1, 0xf0, 0x79, 0x27, 0xa7, 0xa5, 0x37, 0x81, 0xd9, 0x0f, 0x05, 
	0x88, 0x2e, 0x39, 0x35, 0xb2, 0x0d, 0xa5, 0x10, 0x86, 0xed, 0xd8, 
	0x26, 0x24, 0x3b, 0x38, 0x0e, 0xcd, 0xb3, 0x34, 0x38, 0x28, 0xda, 
	0xa2, 0x6c, 0x51, 0xd0, 0x3f, 0x6e, 0x34, 0x98, 0xff, 0x37, 0x47, 
	0x73, 0x06, 0x1a, 0x1d, 0xf3, 0xbc, 0x20, 0xd6, 0x56, 0x54, 0x3d, 
	0x0a, 0x81, 0x85, 0x22, 0x69, 0x1b, 0xa5, 0x7e, 0x4e, 0xb3, 0x7a, 
	0x34, 0x90, 0x42, 0x83, 0x56, 0x15, 0x56, 0x81, 0x50, 0x74, 0xae, 
	0x27, 0x5c, 0x69, 0xbb, 0x24, 0x33, 0x31, 0xcc, 0xed, 0x7e, 0xb4, 
	0x8d, 0x67, 0x46, 0x4b, 0x1c, 0x5e, 0x2b, 0x78, 0x1c, 0x89, 0x60, 
	0xc3, 0xee, 0xc2, 0x39, 0xb3, 0x3d, 0x47, 0x48, 0x62, 0x67, 0x20, 
	0x51, 0xe7, 0x7e, 0xf7, 0x15, 0xe3, 0x02, 0xe7, 0x13, 0x66, 0x82, 
	0x7c, 0x02, 0xd4, 0xe6, 0xdd, 0x52, 0x33, 0x70, 0x34, 0x5d, 0x2b, 
	0x8c, 0x0a, 0x3a, 0x5b, 0xfd, 0x43, 0x40, 0x93, 0x57, 0xbd, 0x36, 
	0x31, 0xa1, 0xab, 0x63, 0xb2, 0x3a, 0x3d, 0x41, 0xbf, 0x45, 0x85, 
	0x05, 0xb9, 0x8e, 0xb7, 0x7e, 0xf8, 0x7e, 0x9b, 0x60, 0xad, 0x42, 
	0x98, 0x36, 0x4f, 0xc4, 0x6d, 0x0a, 0xfe, 0xbe, 0xa1, 0x01, 0x6d, 
	0x30, 0xf1, 0x19, 0x2e, 0x4c, 0xeb, 0x3d, 0xf7, 0x14, 0x53, 0x6d, 
	0x43, 0x63, 0x39, 0x12, 0x6a, 0xa2, 0xb2, 0x13, 0x0d, 0x5d, 0x89, 
	0x2b, 0x0d, 0xa8, 0x6b, 0x61, 0x4b, 0x00, 0x13, 0x32, 0x89, 0xec, 
	0xc4, 0x2d, 0xe4, 0x3e, 0x87, 0x06, 0x24, 0xfd, 0xdd, 0x78, 0x89, 
	0x0f, 0xee, 0x15, 0x91, 0xf8, 0x37, 0x76, 0x33, 0x03, 0x13, 0x4d, 
	0x8f, 0x71, 0x12, 0x2a, 0x14, 0x85, 0x83, 0x0d, 0x7d, 0xf6, 0xa4, 
	0x3f, 0xa4, 0x67, 0x24, 0x7c, 0x73, 0x3c, 0xb9, 0x38, 0xb7, 0x82, 
	0x89, 0x0f, 0x26, 0xc7, 0x3b, 0x42, 0x69, 0xfc, 0xbf, 0x70, 0x87, 
	0xd2, 0x35, 0x52, 0x25, 0xea, 0x7d, 0x0a, 0x8e, 0x27, 0x74, 0x23, 
	0xc2, 0x0e, 0x83, 0x6f, 0x6a, 0x8b, 0xba, 0x64, 0x49, 0xa0, 0xf2, 
	0x4c, 0xc9, 0x06, 0x9a, 0x0e, 0x9b, 0x79, 0x4c, 0x4d, 0xa0, 0x02, 
	0xf3, 0x6b, 0xbb, 0x73, 0xb1, 0x6f, 0x86, 0x10, 0x39, 0x74, 0x52, 
	0x9e, 0xb6, 0x71, 0x2b, 0x4e, 0x49, 0x23, 0x50, 0xb8, 0x3a, 0x4e, 
	0x41, 0x16, 0x62, 0x1e, 0x96, 0xe7, 0xd8, 0x33, 0xc2, 0xc4, 0x39, 
	0x04, 0xc9, 0xc9, 0x00, 0x1e, 0xff, 0xa0, 0x85, 0x64, 0x6b, 0x58, 
	0x8b, 0x5f, 0xb0, 0xad, 0x6a, 0x48, 0xab, 0xc7, 0x73, 0x43, 0xc4, 
	0x95, 0xc9, 0x2d, 0x4a, 0xc9, 0x4c, 0x23, 0x4c, 0xd4, 0xf8, 0x66, 
	0x2f, 0xfc, 0x93, 0x38, 0x97, 0x76, 0xf4, 0x68, 0x65, 0x95, 0x14, 
	0x1d, 0x10, 0x99, 0x3f, 0x60, 0x4f, 0x80, 0x76, 0x60, 0x30, 0x6a, 
	0xe7, 0x23, 0x07, 0x9a, 0xe2, 0x78, 0x5a, 0xba, 0xf2, 0x0a, 0x00, 
	0xcf, 0x0e, 0x5d, 0x3b, 0xd4, 0xc8, 0x3a, 0x1a, 0x8a, 0xec, 0x5a, 
	0xbb, 0xae, 0x49, 0x3a, 0x80, 0x19, 0xc9, 0x19, 0x4b, 0xe8, 0x13, 
	0x5b, 0xc3, 0xb7, 0xf5, 0x06, 0xfe, 0x0a, 0xe0, 0x3a, 0xc4, 0x4e, 
	0x2c, 0x61, 0x5f, 0x41, 0x5e, 0x05, 0x28, 0x96, 0xce, 0x06, 0xb8, 
	0x0d, 0x6c, 0x20, 0x15, 0xe8, 0xf7, 0x32, 0x09, 0x28, 0x6b, 0x30, 
	0x52, 0x55, 0x4b, 0x05, 0x87, 0x0a, 0x24, 0x41, 0xb4, 0xac, 0x20, 
	0x12, 0x40, 0xd1, 0xb4, 0x59, 0x2c, 0x1a, 0x55, 0x35, 0xeb, 0x0e, 
	0x3d, 0x6e, 0xb6, 0xbe, 0xd0, 0x5f, 0xc4, 0x7f, 0x8e, 0x3d, 0xab, 
	0x74, 0x2f, 0x1c, 0xbe, 0xba, 0xf8, 0x5e, 0xf7, 0x62, 0x42, 0x3d, 
	0x29, 0x12, 0x07, 0x40, 0x07, 0xd6, 0xc3, 0x62, 0x52, 0xe6, 0xdd, 
	0x5a, 0x21, 0x16, 0x12, 0x17, 0x83, 0x27, 0x62, 0x06, 0x28, 0xe9, 
	0xde, 0x3d, 0x26, 0x50, 0x97, 0x2f, 0xea, 0xa0, 0x9b, 0x58, 0xac, 
	0xa4, 0xf6, 0x6f, 0x1d, 0xcf, 0xe7, 0x5c, 0x44, 0x2c, 0x2d, 0x79, 
	0x61, 0xfd, 0x3e, 0x16, 0x34, 0x04, 0x24, 0x7f, 0xc6, 0x61, 0xd7, 
	0x17, 0x3a, 0x0f, 0x82, 0x43, 0x5d, 0xff, 0x24, 0x75, 0xe7, 0x7a, 
	0x7c, 0x5c, 0x92, 0xbe, 0x35, 0x00, 0xb3, 0x4e, 0xc9, 0x37, 0x15, 
	0xd2, 0x68, 0x7b, 0xf5, 0x9a, 0xd8, 0x1d, 0x61, 0x7b, 0xc6, 0x1f, 
	0xb1, 0x91, 0xb4, 0x3f, 0xce, 0x7c, 0x8a, 0x3b, 0xbf, 0xbf, 0x69, 
	0x59, 0x8a, 0x07, 0x70, 0x2e, 0x69, 0xea, 0xf7, 0x03, 0xaf, 0xc0, 
	0xdf, 0x42, 0x45, 0x2c, 0xab, 0x2c, 0xf9, 0xda, 0xf0, 0x1d, 0xbb, 
	0x73, 0x1f, 0x20, 0xb1, 0xc1, 0x7b, 0x0f, 0x27, 0x66, 0xe6, 0x2c, 
	0x71, 0x35, 0x3d, 0x05, 0x4c, 0x0c, 0x27, 0x20, 0xb1, 0x0c, 0xdb, 
	0x63, 0x54, 0xf7, 0x7d, 0x49, 0xf0, 0x4f, 0x0a, 0x19, 0x41, 0x69, 
	0x74, 0x64, 0xa7, 0xac, 0xa8, 0x14, 0x57, 0x60, 0xfa, 0x5f, 0x30, 
	0x02, 0x38, 0x5f, 0x9b, 0x5a, 0x5d, 0x40, 0xf1, 0x20, 0x4a, 0x38, 
	0x3a, 0xa5, 0x87, 0x69, 0x49, 0xfe, 0x97, 0x2d, 0x2a, 0xbb, 0xe7, 
	0x69, 0xc9, 0x26, 0xab, 0x33, 0x16, 0x7f, 0xce, 0x15, 0x74, 0xe4, 
	0x21, 0x12, 0x30, 0x26, 0x8e, 0x14, 0xd5, 0x67, 0x1f, 0x51, 0x38, 
	0xdc, 0x7a, 0x56, 0xea, 0x90, 0x15, 0x25, 0x93, 0x2c, 0x2c, 0x04, 
	0xdd, 0x3f, 0x3f, 0x64, 0xf2, 0xf8, 0xf1, 0x19, 0xea, 0x25, 0x01, 
	0x29, 0xbe, 0x63, 0x66, 0x12, 0x98, 0xeb, 0x85, 0x51, 0xfb, 0xfa, 
	0x54, 0x6d, 0xda, 0x73, 0x36, 0x0f, 0x14, 0x48, 0x8e, 0x0b, 0x9f, 
	0x92, 0x4a, 0x6d, 0x83, 0x99, 0x91, 0x32, 0x85, 0x81, 0x13, 0x09, 
	0x11, 0x8d, 0xc7, 0x0d, 0x83, 0xbe, 0x92, 0x68, 0xd7, 0xfb, 0x90, 
	0x6d, 0x83, 0x16, 0xbc, 0x31, 0x00, 0x15, 0xb4, 0x0d, 0xf9, 0xf0, 
	0x53, 0x7a, 0xae, 0x98, 0x2d, 0x14, 0xb6, 0x49, 0x9e, 0x04, 0x53, 
	0x6a, 0xc5, 0x00, 0x34, 0x2b, 0x23, 0x02, 0x0e, 0x80, 0x1b, 0x62, 
	0xf0, 0x35, 0x7a, 0x59, 0xa2, 0x34, 0x26, 0x1a, 0x4b, 0x58, 0x2c, 
	0x59, 0xde, 0x19, 0xfb, 0x18, 0xb2, 0x16, 0xc5, 0x56, 0x42, 0xc3, 
	0x9b, 0x49, 0xda, 0xac, 0xb8, 0x4c, 0x09, 0x03, 0x05, 0x1c, 0x0f, 
	0x2f, 0x42, 0x71, 0x81, 0x67, 0x67, 0x43, 0xa4, 0x2d, 0xaa, 0x69, 
	0x4b, 0x53, 0xbe, 0x16, 0xaf, 0xfc, 0xaf, 0x5f, 0x7d, 0xf8, 0xb0, 
	0x1e, 0x76, 0xaf, 0x43, 0x3b, 0x9a, 0x35, 0x8f, 0x59, 0xf0, 0x58, 
	0x8e, 0x41, 0x9e, 0x7a, 0xff, 0x60, 0x07, 0xc2, 0x77, 0x44, 0x34, 
	0x5d, 0x8a, 0x5a, 0x27, 0x4a, 0x6a, 0x38, 0xb7, 0x84, 0x5a, 0x06, 
	0x1a, 0x18, 0xee, 0x36, 0x42, 0x81, 0xd2, 0x0a, 0x04, 0x67, 0xe6, 
	0x5d, 0xb3, 0x9c, 0x7e, 0x66, 0xa7, 0x1e, 0x16, 0x5d, 0x25, 0xa9, 
	0x73, 0x72, 0x14, 0xce, 0x02, 0x5a, 0xff, 0x65, 0xb8, 0x41, 0x2d, 
	0x95, 0x16, 0x46, 0x66, 0xb3, 0xd8, 0x2f, 0x60, 0xd3, 0x15, 0x0b, 
	0x75, 0x1b, 0x1e, 0x3f, 0x2a, 0x19, 0x55, 0x66, 0x34, 0x21, 0xe2, 
	0x01, 0x32, 0xa6, 0x96, 0x1b, 0xff, 0x6e, 0x9c, 0x4f, 0xa6, 0xb6, 
	0xcd, 0x02, 0x99, 0xd0, 0xa9, 0x0a, 0xf6, 0x50, 0x6d, 0x53, 0xd1, 
	0x88, 0x43, 0x0d, 0xe9, 0xaf, 0xa1, 0x07, 0x3e, 0xef, 0xcf, 0x65, 
	0x3f, 0x95, 0x0f, 0x37, 0x3b, 0x80, 0x12, 0x76, 0x4c, 0xce, 0x45, 
	0x54, 0xd7, 0x0f, 0x68, 0x52, 0xe2, 0x45, 0x68, 0x0c, 0x2e, 0x48, 
	0xcb, 0x70, 0x2c, 0xae, 0xab, 0x7c, 0x2c, 0xec, 0xe1, 0x6a, 0x3c, 
	0xe1, 0x7e, 0x54, 0x50, 0xa9, 0xbe, 0x1e, 0xfb, 0x97, 0xc6, 0x7b, 
	0xc5, 0xfd, 0x37, 0x3b, 0x99, 0x4d, 0x2f, 0x43, 0xb2, 0x83, 0x9f, 
	0x0e, 0x73, 0x98, 0x03, 0x08, 0x32, 0xb7, 0xe6, 0x47, 0xad, 0xb9, 
	0x1d, 0x50, 0x34, 0x32, 0xe6, 0x43, 0xe2, 0xa9, 0xd5, 0x26, 0xf5, 
	0xc7, 0x51, 0x01, 0x3a, 0xc3, 0x90, 0x5b, 0x76, 0x89, 0xc0, 0x7f, 
	0xa8, 0xe0, 0x71, 0x34, 0x0b, 0x75, 0xe9, 0x73, 0xd6, 0x25, 0x1c, 
	0x07, 0x7a, 0x8c, 0x98, 0x31, 0xbd, 0xac, 0x64, 0x5d, 0x1d, 0xb0, 
	0x38, 0x34, 0xc2, 0x53, 0x28, 0x27, 0xd4, 0x90, 0x83, 0x0d, 0x6c, 
	0x62, 0xe8, 0x37, 0x40, 0x37, 0xa5, 0x47, 0xfb, 0x7a, 0x87, 0x73, 
	0x8c, 0x2c, 0x0d, 0x78, 0x1f, 0x5c, 0xf6, 0x4b, 0x64, 0xa7, 0xb5, 
	0x41, 0x50, 0x98, 0x8e, 0x58, 0x98, 0xe7, 0x6c, 0x34, 0x53, 0x27, 
	0x0f, 0x66, 0x60, 0x0b, 0xc6, 0x26, 0xa8, 0x5a, 0xb1, 0x3f, 0xf1, 
	0x4a, 0xeb, 0x19, 0xab, 0x4e, 0xcb, 0x16, 0x97, 0x11, 0xd2, 0x36, 
	0x65, 0xb8, 0x89, 0x78, 0x4f, 0x87, 0xaa, 0x4e, 0x1f, 0x73, 0x8d, 
	0x7f, 0x47, 0xb2, 0x04, 0x2e, 0xe6, 0x38, 0xa0, 0x3d, 0x86, 0x8d, 
	0xd0, 0x42, 0x55, 0x86, 0x47, 0x14, 0x6e, 0xb0, 0xaf, 0x57, 0x26, 
	0x14, 0x58, 0x69, 0x7d, 0x12, 0xd4, 0x02, 0x08, 0x18, 0x50, 0x4e, 
	0x59, 0xff, 0xc9, 0x17, 0x81, 0x6a, 0x32, 0x57, 0xc7, 0x98, 0x0b, 
	0x28, 0xa5, 0xc8, 0xe1, 0x01, 0xca, 0xb6, 0xba, 0x0d, 0x98, 0xf6, 
	0x4d, 0x0e, 0xdf, 0x39, 0x35, 0x23, 0xf4, 0x12, 0x2e, 0x66, 0xc5, 
	0xdf, 0xa6, 0x31, 0x4a, 0xbb, 0xbc, 0x17, 0x05, 0x89, 0x1f, 0x1f, 
	0xf4, 0xbe, 0x0d, 0x00, 0xf7, 0x03, 0x53, 0x3e, 0xe1, 0x4f, 0x1f, 
	0x5c, 0xaf, 0x89, 0x87, 0x0d, 0xc0, 0x6f, 0x6c, 0x0c, 0xc4, 0x09, 
	0x8e, 0x59, 0x4e, 0x8c, 0x0d, 0x60, 0xad, 0x53, 0x45, 0x73, 0xab, 
	0xde, 0xb1, 0x5e, 0xeb, 0x86, 0xa9, 0x62, 0x8c, 0x77, 0x4e, 0x68, 
	0xde, 0x9e, 0xa0, 0x52, 0x74, 0x75, 0xc2, 0x37, 0xd9, 0x53, 0x5c, 
	0x0a, 0x22, 0x7a, 0xdd, 0x29, 0x8a, 0x10, 0xc0, 0x14, 0x8b, 0x19, 
	0xda, 0x04, 0x87, 0xc9, 0x2e, 0x34, 0xc6, 0xf6, 0x58, 0x04, 0x59, 
	0xc4, 0x39, 0x79, 0x90, 0x1a, 0x9f, 0x4d, 0x10, 0xb4, 0xdc, 0x03, 
	0x1a, 0x8b, 0xd6, 0x77, 0xf9, 0x2a, 0x79, 0x62, 0xe0, 0x55, 0x78, 
	0x03, 0xd2, 0xa3, 0x8f, 0x6f, 0x9a, 0x5a, 0x5b, 0x0b, 0x48, 0xf8, 
	0x95, 0x0e, 0x45, 0xc1, 0x90, 0x38, 0x41, 0xe7, 0x14, 0x13, 0x8d, 
	0xe5, 0x7a, 0x2b, 0x38, 0x7b, 0xf9, 0x07, 0xcc, 0xae, 0x23, 0x2c, 
	0x44, 0x17, 0xdd, 0x12, 0x38, 0x0e, 0x05, 0x47, 0x47, 0x59, 0x6b, 
	0x6b, 0xb4, 0x3b, 0xd0, 0x2e, 0x4b, 0xc0, 0x47, 0x6c, 0x12, 0x0e, 
	0x54, 0x7a, 0x9b, 0x47, 0x74, 0x37, 0x82, 0x7c, 0xe7, 0x51, 0xf6, 
	0x51, 0x1c, 0x12, 0x32, 0x3d, 0xd5, 0x32, 0xb4, 0xfb, 0x14, 0x1b, 
	0x31, 0x18, 0x10, 0x7f, 0x5a, 0x1f, 0xba, 0x68, 0xc6, 0xad, 0xf3, 
	0x1f, 0xd1, 0x2d, 0x39, 0x69, 0x88, 0x24, 0x53, 0x2b, 0xf3, 0xd9, 
	0x1b, 0x48, 0xbc, 0xbd, 0xb9, 0x6a, 0xe2, 0x26, 0xb2, 0x2e, 0x83, 
	0x35, 0xd1, 0x7c, 0x24, 0x91, 0xe7, 0x4e, 0x84, 0xe0, 0x6e, 0x32, 
	0x25, 0xf4, 0x81, 0x3f, 0xf3, 0xb1, 0x1b, 0x22, 0x6b, 0xe0, 0x0a, 
	0x68, 0xec, 0x02, 0x49, 0x3c, 0x5f, 0xfa, 0x77, 0x75, 0x22, 0x9f, 
	0x9d, 0x2c, 0x27, 0x96, 0x73, 0x14, 0x2a, 0x0b, 0x1d, 0x2b, 0xb9, 
	0x42, 0x31, 0x37, 0xae, 0x35, 0xc0, 0x35, 0xfc, 0xbc, 0xef, 0x66, 
	0xf9, 0x16, 0xf0, 0x1f, 0x35, 0x7b, 0x1a, 0x17, 0x77, 0xb1, 0xaa, 
	0x1b, 0xea, 0x91, 0xc4, 0x45, 0xda, 0x39, 0x83, 0x45, 0xcb, 0x44, 
	0xb7, 0x6b, 0xb2, 0xee, 0xc1, 0x73, 0xeb, 0x90, 0xba, 0x3a, 0x7b, 
	0x9d, 0x8d, 0x51, 0x24, 0x09, 0xd2, 0x64, 0x1e, 0x86, 0x83, 0x5d, 
	0x41, 0x62, 0xd5, 0x6f, 0x35, 0x06, 0x75, 0x4a, 0xf2, 0x31, 0xf1, 
	0x65, 0x4f, 0x3a, 0x21, 0x69, 0x66, 0x12, 0x51, 0x67, 0xb0, 0xdd, 
	0x12, 0x56, 0xea, 0x3b, 0x22, 0x61, 0x26, 0xa8, 0x7c, 0x7d, 0x8b, 
	0x9e, 0x6a, 0x0d, 0xa2, 0x05, 0x94, 0x35, 0x5f, 0xbf, 0x78, 0x33, 
	0x62, 0x4c, 0xf0, 0x55, 0xc9, 0x7f, 0x90, 0x20, 0xb4, 0xd4, 0xe3, 
	0x75, 0x7c, 0x28, 0x27, 0x7e, 0x4f, 0x10, 0xd2, 0x48, 0xec, 0x7e, 
	0x78, 0x11, 0x85, 0xbf, 0x76, 0x5f, 0x1e, 0x79, 0x78, 0x5d, 0x9c, 
	0xaf, 0xec, 0x54, 0xd6, 0xba, 0xe2, 0x4a, 0xc8, 0x4f, 0xcf, 0x11, 
	0x4c, 0x0e, 0xce, 0x65, 0x4b, 0x69, 0x70, 0x31, 0x95, 0x6b, 0x26, 
	0x35, 0x87, 0x2b, 0xe0, 0x76, 0x54, 0x03, 0xba, 0x43, 0xc1, 0x8d, 
	0x30, 0x16, 0xfd, 0x8b, 0xa3, 0x5a, 0x8b, 0x0e, 0x98, 0x3a, 0x83, 
	0x6c, 0xfe, 0x46, 0xfd, 0x9b, 0x8a, 0x28, 0x01, 0x34, 0x7d, 0x30, 
	0xd5, 0xb7, 0x90, 0x17, 0x80, 0x43, 0x43, 0x62, 0xe5, 0xbf, 0x2c, 
	0x3d, 0x94, 0x0d, 0x33, 0x7d, 0x44, 0xed, 0x27, 0x19, 0x46, 0x7f, 
	0x58, 0x1e, 0xbc, 0xa3, 0x3c, 0x33, 0x36, 0xee, 0x6c, 0x79, 0x58, 
	0xd7, 0x59, 0x35, 0xbc, 0x71, 0x77, 0x1d, 0xb0, 0xa6, 0x3c, 0x67, 
	0x1e, 0x3f, 0x32, 0x15, 0x15, 0x17, 0xa6, 0x7f, 0xf2, 0x24, 0xce, 
	0x40, 0x91, 0xaa, 0x9c, 0x22, 0x03, 0x7e, 0x77, 0x0d, 0x01, 0x18, 
	0x3d, 0x5e, 0xfa, 0x11, 0x51, 0x5a, 0x9b, 0xca, 0x44, 0x59, 0x86, 
	0xc0, 0x06, 0x66, 0x48, 0x40, 0xc9, 0x69, 0x61, 0x2b, 0xfb, 0x11, 
	0x74, 0x6d, 0xbb, 0x43, 0x3f, 0xc4, 0xec, 0x26, 0x00, 0xc1, 0x7f, 
	0x06, 0x48, 0xd5, 0xe9, 0x65, 0x31, 0x44, 0xed, 0x4f, 0x62, 0xb5, 
	0x62, 0x51, 0x86, 0xe8, 0xde, 0x44, 0x24, 0x05, 0xc2, 0x47, 0x92, 
	0xe8, 0x34, 0x0b, 0x0e, 0x76, 0x45, 0x0f, 0x07, 0xf9, 0xbb, 0x25, 
	0x0f, 0x63, 0x25, 0x01, 0x4e, 0xec, 0x28, 0x6f, 0x32, 0xd0, 0x2d, 
	0x44, 0x1b, 0xa5, 0x20, 0x0e, 0xc8, 0xe6, 0x51, 0x68, 0x8a, 0x4b, 
	0x12, 0x33, 0x1c, 0x9c, 0xc9, 0x04, 0x8b, 0x74, 0x18, 0x64, 0x4e, 
	0x0a, 0xf4, 0x4a, 0x63, 0x54, 0xda, 0x52, 0x9f, 0x85, 0xcc, 0x5e, 
	0x33, 0x73, 0x10, 0x30, 0x14, 0x4c, 0x5b, 0x4f, 0xaa, 0x35, 0xde, 
	0x78, 0xe0, 0xb9, 0x4f, 0x62, 0x02, 0xac, 0xef, 0x72, 0xe1, 0x5a, 
	0x42, 0x3d, 0xaf, 0x86, 0x87, 0x4b, 0xbf, 0x67, 0x62, 0x07, 0x20, 
	0x12, 0xb5, 0x05, 0x46, 0xe5, 0xd7, 0x7a, 0x36, 0x3a, 0xec, 0x24, 
	0xdc, 0x9c, 0x81, 0x64, 0x26, 0x9a, 0x4f, 0x6c, 0xbd, 0xa6, 0x4a, 
	0x7e, 0x87, 0x8e, 0x2d, 0x5f, 0x4d, 0xa9, 0x4c, 0x6b, 0x91, 0x65, 
	0xaf, 0x0c, 0x5c, 0xec, 0x6a, 0x27, 0xa1, 0xac, 0xf4, 0x42, 0xdb, 
	0xd3, 0xb3, 0x08, 0x31, 0x02, 0xdb, 0x38, 0x32, 0x6b, 0x9d, 0x69, 
	0x8e, 0xc8, 0x64, 0x37, 0xf2, 0xc8, 0xb1, 0x7f, 0xdb, 0xdf, 0x41, 
	0x15, 0x46, 0xe2, 0xfe, 0x5f, 0xd1, 0xb4, 0x45, 0x77, 0x2f, 0xce, 
	0xfc, 0x15, 0x1f, 0x3e, 0xb5, 0x03, 0x29, 0xa2, 0xd5, 0x69, 0xfd, 
	0xfa, 0x26, 0x3b, 0x81, 0x64, 0xa3, 0x4f, 0x32, 0xf4, 0x82, 0x29, 
	0x36, 0xb4, 0xe5, 0x13, 0x60, 0xab, 0xea, 0x22, 0xf9, 0xa2, 0xd8, 
	0x69, 0xee, 0x94, 0x41, 0x30, 0x67, 0xfb, 0x8d, 0x05, 0xdc, 0x35, 
	0xa8, 0x2b, 0x34, 0x34, 0xef, 0x58, 0xf0, 0x90, 0x13, 0x73, 0xd2, 
	0x48, 0x60, 0x0a, 0xd6, 0xbd, 0x4a, 0x14, 0x62, 0x80, 0x46, 0x1e, 
	0xe0, 0x18, 0x9f, 0x15, 0xc5, 0xfd, 0xcb, 0x5f, 0x46, 0x7b, 0xd3, 
	0x38, 0xf2, 0x2d, 0x5c, 0x5f, 0xce, 0xa1, 0xd2, 0x18, 0x7d, 0x75, 
	0x12, 0x22, 0xef, 0xda, 0xdf, 0x50, 0xdc, 0xc2, 0xec, 0x0f, 0xb6, 
	0x0d, 0xea, 0x77, 0x7f, 0x10, 0xb6, 0x5d, 0xa9, 0x2f, 0x1c, 0x23, 
	0x8a, 0xd0, 0xb0, 0x78, 0x25, 0x9a, 0x26, 0x64, 0x94, 0x5b, 0x88, 
	0x36, 0xda, 0xe6, 0xc6, 0x17, 0x64, 0xb4, 0x70, 0x2f, 0xf6, 0xd6, 
	0x6b, 0x4f, 0x64, 0x6c, 0x09, 0x29, 0x03, 0x52, 0x75, 0x25, 0xf7, 
	0x96, 0x7f, 0x22, 0x36, 0x07, 0x96, 0x77, 0xac, 0x2d, 0x92, 0x45, 
	0x77, 0x37, 0x0a, 0x14, 0xc1, 0xf3, 0xce, 0x61, 0x26, 0x6e, 0x02, 
	0x6a, 0x1e, 0xf5, 0x64, 0x60, 0x26, 0x7c, 0x5f, 0x0b, 0x9b, 0x93, 
	0x56, 0x75, 0x5f, 0x2a, 0x88, 0x7e, 0xd7, 0x5c, 0xdb, 0x01, 0x96, 
	0x58, 0xa7, 0x50, 0xc4, 0x83, 0x21, 0x00, 0x0f, 0x61, 0x28, 0x53, 
	0x75, 0xfa, 0x1d, 0x74, 0xf4, 0xaa, 0x1e, 0x04, 0x85, 0x33, 0x8f, 
	0x7f, 0x62, 0x9b, 0x26, 0x00, 0xdd, 0x2d, 0xc2, 0x67, 0x3e, 0x18, 
	0x71, 0x5f, 0x86, 0x82, 0xe0, 0x47, 0xfc, 0x57, 0x26, 0x33, 0x88, 
	0xe1, 0xf3, 0x6f, 0xa2, 0xce, 0x48, 0x75, 0xad, 0x29, 0x9b, 0x7c, 
	0xa1, 0xf2, 0x78, 0x65, 0x85, 0xb6, 0x14, 0x25, 0xe5, 0xda, 0x0e, 
	0x47, 0xae, 0x88, 0x4a, 0x41, 0xf7, 0x23, 0x17, 0x7e, 0x0f, 0xb6, 
	0x97, 0x47, 0xf9, 0x22, 0xfe, 0x43, 0x34, 0x82, 0x4b, 0x7c, 0x64, 
	0x7b, 0xf3, 0x4c, 0xcb, 0x42, 0xf8, 0x33, 0xb1, 0x37, 0x7a, 0x33, 
	0xab, 0xb0, 0x41, 0x4a, 0x11, 0x55, 0x87, 0x57, 0x9e, 0xa3, 0x9c, 
	0x25, 0x90, 0x4f, 0x3c, 0x45, 0xa7, 0xdd, 0x2e, 0x20, 0x10, 0xee, 
	0xd1, 0x73, 0x28, 0x22, 0xe0, 0x6c, 0xbd, 0xdc, 0x7b, 0x0f, 0xf5, 
	0x45, 0x8a, 0x10, 0x99, 0x58, 0x99, 0x7f, 0xe2, 0x56, 0x06, 0x3a, 
	0x13, 0x50, 0xdd, 0x42, 0x3b, 0xd4, 0xc3, 0x5b, 0x71, 0x32, 0xb7, 
	0x4f, 0xd0, 0xdc, 0x18, 0x0b, 0x55, 0xbb, 0xc8, 0x1c, 0x4d, 0x1c, 
	0xf8, 0x56, 0x64, 0x1f, 0xb7, 0x72, 0xe3, 0x46, 0x4a, 0x17, 0x7f, 
	0x24, 0xf3, 0x43, 0x10, 0x81, 0xdc, 0x1e, 0xf1, 0x29, 0x2b, 0x69, 
	0xed, 0xd0, 0x0c, 0x2b, 0x37, 0x7c, 0x80, 0x53, 0x02, 0x8f, 0xb7, 
	0x65, 0x05, 0x4c, 0xfa, 0x1c, 0x41, 0xe6, 0x38, 0x52, 0x63, 0x49, 
	0x51, 0x0c, 0x6f, 0x35, 0x30, 0x00, 0xde, 0x81, 0xaf, 0x21, 0xe7, 
	0x37, 0x07, 0x29, 0xd3, 0x3b, 0xee, 0x48, 0x2b, 0x28, 0x7f, 0x7e, 
	0x11, 0xe9, 0x93, 0x1e, 0x78, 0xbc, 0xe3, 0x52, 0x1f, 0xf8, 0x34, 
	0x10, 0x0c, 0x54, 0xb8, 0x60, 0xa7, 0x8d, 0x44, 0x4e, 0x9c, 0x93, 
	0xda, 0x7a, 0x8d, 0x8e, 0x8c, 0x18, 0xe9, 0xef, 0x16, 0x1a, 0x63, 
	0xa7, 0x9c, 0x1e, 0x1f, 0x67, 0x35, 0x12, 0x27, 0x2f, 0x1d, 0x66, 
	0x47, 0x54, 0x15, 0x17, 0x1f, 0x29, 0x57, 0x71, 0xa9, 0x83, 0x6f, 
	0x26, 0xf5, 0xcc, 0x6d, 0x49, 0xa5, 0x63, 0x42, 0x15, 0x55, 0xa4, 
	0xd6, 0x0d, 0x22, 0x83, 0x90, 0x61, 0x42, 0x82, 0x03, 0x12, 0x64, 
	0xed, 0xd8, 0x7c, 0xb8, 0xa2, 0x30, 0x65, 0xa1, 0x02, 0xe1, 0x52, 
	0x14, 0xa8, 0x49, 0x6d, 0x54, 0x15, 0xba, 0x47, 0x02, 0xb8, 0x09, 
	0x03, 0x0c, 0x7e, 0x6a, 0x4f, 0xc3, 0xb2, 0x46, 0x5a, 0xd9, 0x69, 
	0x32, 0x36, 0xc9, 0xad, 0x21, 0x72, 0x52, 0x0b, 0x6b, 0x21, 0xa3, 
	0x05, 0x91, 0x3d, 0xb7, 0xf2, 0x81, 0x48, 0x8b, 0x4b, 0xc3, 0x06, 
	0x41, 0x4f, 0x77, 0x45, 0xd7, 0x0f, 0xb8, 0x2f, 0x7f, 0x22, 0x1a, 
	0x3f, 0xc9, 0x5c, 0xc1, 0x19, 0x05, 0xa6, 0x10, 0x7f, 0x49, 0x24, 
	0x09, 0x46, 0x95, 0x34, 0x89, 0x5f, 0x4e, 0xb7, 0x62, 0x34, 0x3f, 
	0x19, 0x9b, 0x1a, 0xb7, 0x9e, 0x5c, 0x0f, 0xdc, 0x21, 0xb9, 0x2f, 
	0x90, 0x23, 0xb9, 0x52, 0xbc, 0x5d, 0x7e, 0x77, 0xe4, 0x07, 0x8f, 
	0x3b, 0x01, 0xf6, 0x20, 0x55, 0x30, 0x29, 0x7b, 0x0a, 0xda, 0xb2, 
	0x76, 0x04, 0xf0, 0x0a, 0x93, 0x25, 0x61, 0xef, 0x69, 0x44, 0x9d, 
	0xe1, 0xb6, 0x06, 0x74, 0x1d, 0x4e, 0x3d, 0xc1, 0x2d, 0xc4, 0x70, 
	0x98, 0x73, 0x76, 0x74, 0xd4, 0x12, 0xb4, 0x1c, 0x86, 0x18, 0x04, 
	0x1a, 0xa0, 0x5e, 0x6f, 0x5f, 0xa8, 0x82, 0x4f, 0x04, 0x49, 0xf4, 
	0x3d, 0x5e, 0x63, 0x75, 0x71, 0x1b, 0xe1, 0x88, 0x85, 0x71, 0xc1, 
	0xf2, 0xdd, 0x2e, 0xe2, 0x1f, 0x71, 0x15, 0x8d, 0xc5, 0x57, 0x72, 
	0xbc, 0x82, 0x3d, 0x00, 0xb2, 0x5e, 0x1f, 0x64, 0x18, 0x51, 0x30, 
	0x44, 0x38, 0x48, 0x27, 0x57, 0x37, 0xc6, 0x2d, 0x29, 0xec, 0x50, 
	0x5b, 0x5a, 0x40, 0xb4, 0xaa, 0x15, 0x56, 0xf5, 0x3b, 0x58, 0x43, 
	0x87, 0x3b, 0x3e, 0x30, 0xd5, 0x5b, 0x79, 0xe9, 0xa7, 0x08, 0x0d, 
	0x5e, 0xe0, 0x81, 0x31, 0xe5, 0xd8, 0xc3, 0x16, 0xd6, 0x3a, 0x75, 
	0x06, 0x5c, 0xf2, 0x7f, 0x05, 0x9f, 0xcc, 0xfa, 0x0c, 0x8c, 0xb3, 
	0xbc, 0x5a, 0xb9, 0x71, 0xdb, 0x3c, 0x40, 0x8d, 0xde, 0x53, 0x3b, 
	0x6d, 0x22, 0x33, 0x81, 0xce, 0x56, 0x75, 0xc1, 0x0b, 0x00, 0x57, 
	0x5f, 0x49, 0x2b, 0x50, 0xc2, 0x6a, 0x4c, 0x2a, 0x7e, 0x5e, 0x06, 
	0x1f, 0x0d, 0x8d, 0x1a, 0x7a, 0x82, 0xac, 0x6d, 0x69, 0x6b, 0xe8, 
	0x6e, 0x3c, 0x55, 0xeb, 0xe7, 0x65, 0xbe, 0x54, 0x2d, 0x3d, 0x7a, 
	0x8b, 0x22, 0x52, 0xf0, 0xe2, 0xfd, 0x5c, 0xd1, 0x8e, 0x57, 0x20, 
	0x5b, 0x08, 0x74, 0x5b, 0x39, 0x02, 0x79, 0x1f, 0x07, 0x63, 0x27, 
	0x78, 0x9b, 0x0e, 0x64, 0x13, 0xe4, 0x0b, 0xcd, 0x43, 0x1c, 0x8c, 
	0x4b, 0x70, 0x7a, 0x1d, 0x86, 0x6f, 0x51, 0x63, 0xac, 0x2a, 0x77, 
	0x30, 0xfe, 0x09, 0x4c, 0x1e, 0x03, 0x4d, 0xe3, 0xba, 0xdf, 0x45, 
	0xbc, 0x5e, 0x4d, 0x78, 0x97, 0x63, 0x4d, 0x74, 0x3a, 0x46, 0x4e, 
	0x63, 0x05, 0xa1, 0x5d, 0x6d, 0x1b, 0x43, 0xee, 0x32, 0x20, 0xc9, 
	0x68, 0x12, 0x48, 0x6e, 0xf4, 0x1d, 0xc8, 0xb7, 0x82, 0x7d, 0x99, 
	0x3d, 0xd6, 0x60, 0xc4, 0x49, 0xa6, 0x1e, 0x86, 0x8a, 0x2d, 0x3a, 
	0xd3, 0x43, 0x8e, 0x0d, 0xde, 0xd5, 0x61, 0x36, 0x40, 0x40, 0xd9, 
	0x2e, 0x99, 0x8f, 0xe8, 0x1a, 0xc0, 0x90, 0xa3, 0x0c, 0xc1, 0x84, 
	0x4e, 0x7b, 0x21, 0x8f, 0xfd, 0x06, 0xb7, 0x35, 0x6f, 0x73, 0xff, 
	0xc4, 0x8f, 0x0c, 0x1b, 0xc4, 0x43, 0x76, 0x2d, 0x09, 0x62, 0x38, 
	0xd0, 0xa9, 0xfb, 0x53, 0x48, 0xd9, 0x02, 0x62, 0xb7, 0x09, 0xe4, 
	0x43, 0x6f, 0xb6, 0x70, 0x28, 0xc7, 0xee, 0x3c, 0x4c, 0xbe, 0x4d, 
	0x26, 0x2b, 0x66, 0x3f, 0xa5, 0x0b, 0xe2, 0x1f, 0x52, 0x59, 0xde, 
	0xd0, 0x90, 0x3b, 0x9d, 0xd6, 0x4b, 0x63, 0x2e, 0x6a, 0xd7, 0x57, 
	0xb9, 0x6b, 0x11, 0x5d, 0x30, 0x6d, 0x06, 0x09, 0xa0, 0xda, 0x97, 
	0x29, 0xa1, 0x52, 0xb9, 0x60, 0x4a, 0xb4, 0x39, 0x24, 0x58, 0x6f, 
	0x2a, 0x04, 0xf2, 0x3c, 0xaf, 0x44, 0x4c, 0x20, 0x66, 0x3f, 0x94, 
	0xa3, 0xc1, 0x4f, 0x2e, 0x47, 0x4e, 0x03, 0xce, 0x8c, 0x2d, 0x4c, 
	0x47, 0xfa, 0xe3, 0x31, 0x73, 0xfd, 0x20, 0x72, 0xb0, 0xb8, 0x8d, 
	0x3e, 0xb6, 0x54, 0xa0, 0x09, 0xea, 0xde, 0xca, 0x04, 0x5f, 0x62, 
	0x3c, 0x25, 0xff, 0x47, 0x6a, 0x34, 0x4b, 0xe3, 0x95, 0x3f, 0x9e, 
	0x04, 0xfc, 0x51, 0xdb, 0x34, 0x0e, 0x5d, 0x82, 0x23, 0x8a, 0x03, 
	0xcf, 0x87, 0x99, 0x39, 0xd0, 0x35, 0xd5, 0x79, 0x82, 0x2b, 0x38, 
	0x46, 0x25, 0x4e, 0x20, 0x45, 0x36, 0xdc, 0x5c, 0x11, 0x03, 0xba, 
	0x50, 0x0a, 0xa9, 0xb9, 0x97, 0x52, 0xc4, 0xeb, 0xdd, 0x26, 0xe2, 
	0x56, 0x6d, 0x6b, 0xfd, 0x7d, 0xb9, 0x5c, 0xb0, 0x18, 0x30, 0x25, 
	0xa2, 0xb1, 0x28, 0x5e, 0x03, 0xfe, 0x4e, 0x62, 0x23, 0x4d, 0x24, 
	0x10, 0xeb, 0x5b, 0xdf, 0x14, 0x13, 0x9d, 0xd0, 0x46, 0x8b, 0xb6, 
	0x48, 0x35, 0xde, 0x0d, 0xda, 0x1f, 0x26, 0x99, 0x00, 0x3f, 0x3a, 
	0x32, 0xbf, 0x0d, 0xc7, 0x48, 0x3c, 0x7e, 0x3b, 0x13, 0x6c, 0x2e, 
	0xda, 0xcf, 0xf3, 0x0e, 0xed, 0xa4, 0x3c, 0x06, 0x9f, 0xd4, 0x2b, 
	0x4f, 0x92, 0xb5, 0x6a, 0x6f, 0xeb, 0xd8, 0x24, 0x6e, 0xb5, 0x6d, 
	0x8b, 0x12, 0x6b, 0x0f, 0x30, 0x1e, 0x5e, 0x84, 0xc7, 0x6b, 0x1c, 
	0x49, 0x35, 0x24, 0xf0, 0xec, 0xe0, 0x5c, 0x6f, 0x45, 0x3e, 0x49, 
	0x2c, 0x83, 0xef, 0x2a, 0x10, 0xd0, 0x01, 0x75, 0x19, 0xde, 0x49, 
	0x3c, 0xf5, 0xb8, 0xd2, 0x47, 0xaf, 0x03, 0xbf, 0x21, 0xfe, 0x3d, 
	0xfa, 0x18, 0x20, 0x7d, 0xf3, 0x2b, 0x06, 0x99, 0x03, 0x1f, 0xef, 
	0xce, 0xb7, 0x67, 0xef, 0xf9, 0x4b, 0x64, 0xf3, 0x5f, 0xbe, 0x56, 
	0xc4, 0x69, 0x4a, 0x7e, 0xa2, 0x6f, 0x7b, 0x2b, 0xb6, 0x52, 0x51, 
	0x5d, 0x1f, 0x26, 0x0e, 0x2b, 0x67, 0x58, 0x15, 0x2c, 0x93, 0x8f, 
	0x96, 0x34, 0x6e, 0xb4, 0x34, 0x37, 0x8f, 0x40, 0x99, 0x3b, 0xd2, 
	0x94, 0x8f, 0x4e, 0x3f, 0x7a, 0x47, 0x07, 0xa9, 0x6c, 0x5d, 0x61, 
	0x72, 0x33, 0xae, 0x4b, 0xd2, 0x6a, 0xa7, 0x16, 0x7f, 0xf6, 0x38, 
	0x3e, 0x3b, 0x47, 0xac, 0x27, 0x3b, 0xd4, 0x17, 0x34, 0xf2, 0x74, 
	0xca, 0x2a, 0x5e, 0xc9, 0x4b, 0x7f, 0xa1, 0xed, 0x68, 0x2d, 0xc2, 
	0x25, 0xa0, 0x5f, 0xfd, 0xe2, 0xbb, 0x27, 0x0d, 0x54, 0x9c, 0x1e, 
	0x0e, 0x93, 0xa5, 0x59, 0x88, 0x94, 0x49, 0x43, 0x11, 0x6e, 0xee, 
	0x05, 0xec, 0xde, 0x16, 0x2b, 0x14, 0x17, 0x6d, 0x3e, 0x18, 0x75, 
	0xd0, 0x20, 0x5c, 0x34, 0x8b, 0x40, 0xc8, 0x43, 0x44, 0x11, 0xec, 
	0x68, 0xe8, 0x0c, 0x88, 0xc6, 0x02, 0x46, 0x76, 0x56, 0x68, 0x32, 
	0x24, 0xc9, 0xa1, 0x5c, 0x62, 0x95, 0x6a, 0x22, 0x1f, 0x5b, 0x1a, 
	0x2f, 0x5b, 0xd0, 0x45, 0x28, 0xaf, 0x20, 0xf2, 0x78, 0x60, 0x89, 
	0x9f, 0x09, 0x11, 0xa9, 0xa5, 0x0d, 0x03, 0xa8, 0x54, 0x2c, 0xd6, 
	0x9a, 0xa2, 0x50, 0x14, 0x33, 0x90, 0x7e, 0x65, 0xa5, 0xcd, 0x32, 
	0xa0, 0x2b, 0xf4, 0x4c, 0x74, 0xc1, 0xbe, 0x1a, 0xc0, 0x4b, 0x6f, 
	0x74, 0xf7, 0x2a, 0x0b, 0x37, 0x73, 0x99, 0x52, 0x31, 0xa4, 0xab, 
	0x1d, 0x43, 0x20, 0xb4, 0xcc, 0x0b, 0x9a, 0x8f, 0xc4, 0x10, 0x4b, 
	0x2b, 0xda, 0x45, 0xb6, 0x7c, 0x97, 0x2d, 0x70, 0xed, 0x81, 0x23, 
	0x54, 0x29, 0xf4, 0x7e, 0x9c, 0x1f, 0xa9, 0x55, 0x3f, 0xa0, 0x46, 
	0x56, 0x21, 0xd9, 0x08, 0x2d, 0xcd, 0xa5, 0x02, 0x7f, 0x38, 0xfa, 
	0x62, 0x6d, 0x4a, 0x75, 0x3f, 0x5c, 0x18, 0x89, 0x96, 0x6e, 0xc4, 
	0x35, 0x8c, 0x39, 0xad, 0xd6, 0x12, 0x28, 0xae, 0x3a, 0xe2, 0x0a, 
	0xa1, 0x8a, 0xe6, 0x0c, 0xb6, 0xae, 0xf5, 0x4e, 0x3a, 0x46, 0x3a, 
	0x44, 0x78, 0x2e, 0x16, 0x1b, 0xef, 0xb5, 0xbf, 0x48, 0xa2, 0xe4, 
	0xa6, 0x5a, 0x6e, 0xd3, 0x25, 0x6b, 0x86, 0xf2, 0x79, 0x5e, 0x50, 
	0x2c, 0x82, 0x2f, 0xe8, 0x9d, 0x91, 0x6c, 0x5e, 0xe5, 0xd7, 0x7e, 
	0x35, 0x68, 0x04, 0x3a, 0xf1, 0xce, 0x1e, 0x3b, 0x4d, 0xa3, 0x80, 
	0x28, 0x83, 0x5c, 0xec, 0x74, 0x31, 0x55, 0xd2, 0x7c, 0x4b, 0x18, 
	0x53, 0x17, 0x1a, 0x8e, 0xa0, 0x5f, 0x30, 0xe3, 0x62, 0x22, 0x6d, 
	0x43, 0x10, 0x66, 0x2a, 0xe2, 0x88, 0x14, 0x64, 0x16, 0xec, 0x42, 
	0xab, 0x8b, 0xe3, 0x62, 0x2c, 0x2e, 0x35, 0x4f, 0x58, 0x42, 0xe8, 
	0x02, 0x68, 0xc3, 0xbf, 0x0e, 0xee, 0xf5, 0x70, 0x6d, 0x3b, 0xae, 
	0x39, 0x5d, 0xea, 0x47, 0xa2, 0x52, 0x0d, 0x00, 0xf5, 0x1c, 0xfc, 
	0xd6, 0x34, 0x02, 0x42, 0x77, 0x40, 0x15, 0x26, 0x03, 0xde, 0x63, 
	0x8b, 0xb5, 0xa2, 0x19, 0xd8, 0x5b, 0xc7, 0x74, 0x2e, 0x18, 0x60, 
	0x6a, 0x0f, 0xe2, 0x9d, 0x6d, 0x28, 0xae, 0x21, 0x5f, 0x27, 0x82, 
	0x9f, 0x11, 0xd2, 0x10, 0x0b, 0x18, 0x8f, 0x0b, 0x0a, 0x7e, 0x20, 
	0x22, 0x55, 0x5a, 0x62, 0x20, 0xe2, 0x5b, 0x87, 0x6e, 0x12, 0x56, 
	0x41, 0x03, 0x6d, 0x48, 0xa0, 0xf0, 0x9b, 0x64, 0xb7, 0xf7, 0x26, 
	0x5c, 0x0c, 0x42, 0x90, 0x71, 0xd8, 0x7f, 0x7a, 0x20, 0xe9, 0x26, 
	0x55, 0x7b, 0x7d, 0xc9, 0xa6, 0x64, 0x75, 0x60, 0x4a, 0x54, 0x2f, 
	0xfe, 0xcc, 0x13, 0x9b, 0x97, 0xaa, 0x25, 0x53, 0x0a, 0x3b, 0x19, 
	0x37, 0x01, 0x73, 0x4f, 0xed, 0x3a, 0x85, 0x20, 0x08, 0x64, 0x7e, 
	0x12, 0xd4, 0x6c, 0x47, 0x39, 0x5f, 0xeb, 0x33, 0x16, 0xd4, 0x5c, 
	0x3f, 0x73, 0xc3, 0x79, 0x04, 0x66, 0xf9, 0x1d, 0xaf, 0x00, 0xe5, 
	0x03, 0x4a, 0x09, 0xa7, 0x39, 0xc4, 0x29, 0x3e, 0x26, 0xdf, 0x56, 
	0x0a, 0x2d, 0xfb, 0x4e, 0x1a, 0x2f, 0x42, 0x0a, 0xb6, 0xbf, 0x99, 
	0x27, 0x87, 0x02, 0xa6, 0x65, 0x42, 0x39, 0x75, 0x16, 0x3c, 0x97, 
	0xc5, 0x57, 0x08, 0x2e, 0x7c, 0x14, 0x32, 0x99, 0xb0, 0x51, 0xfe, 
	0x1e, 0xd1, 0x0f, 0x2c, 0x8a, 0xf2, 0x7b, 0x22, 0x65, 0x7a, 0x6b, 
	0x55, 0x48, 0xf2, 0x1e, 0xa1, 0xfe, 0xb1, 0x5b, 0x38, 0x40, 0x20, 
	0x73, 0x7a, 0x3a, 0x8a, 0x46, 0xab, 0x01, 0xcb, 0x58, 0x09, 0x97, 
	0x82, 0x1d, 0x13, 0xfe, 0xbe, 0x2f, 0x74, 0x58, 0x8e, 0x0a, 0xdb, 
	0xaa, 0x08, 0x4d, 0xa5, 0x8d, 0x5e, 0x50, 0xe3, 0x23, 0x6b, 0x5c, 
	0x15, 0xd5, 0x95, 0x29, 0xd4, 0xff, 0x0e, 0x33, 0x3b, 0xde, 0xc9, 
	0x76, 0x78, 0xdb, 0xe0, 0x46, 0x4b, 0x49, 0x36, 0x0d, 0x4f, 0xf9, 
	0x57, 0x09, 0x36, 0x4c, 0x4d, 0x02, 0x9a, 0x37, 0x67, 0x16, 0xd7, 
	0xd2, 0xe3, 0x7b, 0x76, 0xd9, 0x5c, 0x7d, 0xa3, 0x4f, 0x62, 0x14, 
	0x7b, 0xb6, 0xa4, 0x29, 0xd6, 0x0a, 0xb7, 0x16, 0xa3, 0x20, 0x98, 
	0x47, 0xd2, 0x97, 0x06, 0x4c, 0x4c, 0x39, 0xbc, 0x17, 0xeb, 0x9a, 
	0xc7, 0x2f, 0x41, 0xcc, 0xd2, 0x40, 0x86, 0xdd, 0x76, 0x32, 0xea, 
	0xa2, 0x30, 0x6e, 0x0b, 0xbb, 0xc2, 0x4c, 0xcf, 0x61, 0x73, 0x53, 
	0xd6, 0x5e, 0x92, 0x5f, 0xb9, 0x6f, 0x7e, 0x49, 0xe5, 0x81, 0x4f, 
	0x30, 0x03, 0x68, 0x2b, 0x29, 0xa4, 0xfe, 0xe3, 0x6e, 0x8a, 0xb8, 
	0xbd, 0x2c, 0xec, 0x91, 0xc7, 0x4b, 0x0b, 0x10, 0x48, 0x33, 0xb8, 
	0xa1, 0xe3, 0x46, 0xb5, 0x32, 0x14, 0x72, 0x02, 0x4d, 0x69, 0x38, 
	0xee, 0xf0, 0x34, 0x6c, 0x79, 0x03, 0x52, 0x2c, 0x4c, 0xdf, 0x65, 
	0x71, 0xc2, 0x58, 0x11, 0x4c, 0x11, 0xd7, 0x8b, 0x77, 0x48, 0xdc, 
	0x3a, 0x25, 0x66, 0x3b, 0xac, 0x7d, 0x6a, 0xdd, 0x5b, 0x74, 0xd6, 
	0xc9, 0x7a, 0x39, 0x78, 0xd3, 0xcc, 0x45, 0x97, 0xe3, 0xc6, 0x7e, 
	0x64, 0x89, 0x6a, 0x30, 0x5f, 0x89, 0x79, 0x06, 0xec, 0x56, 0x74, 
	0x3a, 0x82, 0xbc, 0x95, 0x2a, 0x6f, 0x03, 0x13, 0x64, 0x70, 0xe6, 
	0x59, 0x73, 0x4f, 0x12, 0x1e, 0x0e, 0x85, 0xd2, 0xdb, 0x5b, 0x6e, 
	0x15, 0x8a, 0x3f, 0x72, 0x76, 0xd2, 0x5f, 0xea, 0x5f, 0xd7, 0x72, 
	0x92, 0x42, 0xeb, 0x38, 0xcd, 0x79, 0x5a, 0x67, 0x95, 0x45, 0xd9, 
	0x00, 0x26, 0xad, 0xce, 0x59, 0x1e, 0x9e, 0x8d, 0x32, 0x8c, 0xd5, 
	0x3a, 0x46, 0x0d, 0x49, 0x9c, 0x24, 0xa0, 0x6c, 0x9b, 0x2b, 0x31, 
	0x5c, 0x21, 0x5a, 0xea, 0x08, 0xc5, 0x03, 0x7c, 0x73, 0xbf, 0x39, 
	0xe1, 0xcf, 0x54, 0x6a, 0x9e, 0x09, 0x9c, 0x53, 0xae, 0xa0, 0xc9, 
	0x50, 0x6f, 0x6d, 0xe4, 0x62, 0xc2, 0x22, 0xf8, 0x45, 0x4d, 0x0a, 
	0x2a, 0x3e, 0x14, 0xd2, 0x9c, 0x4e, 0x02, 0x14, 0x7e, 0x44, 0x5b, 
	0x42, 0x93, 0x7c, 0xb4, 0xdd, 0x9f, 0x47, 0x53, 0x0b, 0xe7, 0x0e, 
	0xa0, 0xff, 0xb1, 0x3d, 0xa5, 0x49, 0x35, 0x28, 0x65, 0xf8, 0xfd, 
	0x40, 0xc7, 0xc2, 0xd9, 0x73, 0xe5, 0x74, 0xac, 0x37, 0xab, 0x2d, 
	0x6f, 0x7c, 0xc0, 0x64, 0x07, 0x2c, 0xc0, 0xce, 0xc9, 0x4d, 0xa4, 
	0x41, 0x6f, 0x05, 0x71, 0xa3, 0xcf, 0x65, 0xc8, 0x7c, 0x7c, 0x64, 
	0xe7, 0x2f, 0xbb, 0x15, 0x03, 0x28, 0xea, 0x6e, 0x61, 0x49, 0xe1, 
	0x72, 0x13, 0x2f, 0x0e, 0x36, 0x47, 0xd8, 0xfe, 0x40, 0xc5, 0x99, 
	0x33, 0x35, 0x6e, 0xae, 0x67, 0x75, 0xdb, 0x60, 0xb3, 0x6f, 0xff, 
	0x98, 0x41, 0x37, 0xa0, 0xa5, 0x22, 0x45, 0xc8, 0x70, 0x87, 0x2b, 
	0x33, 0x1f, 0xd1, 0x14, 0x83, 0x00, 0xf4, 0x12, 0xcd, 0x18, 0x77, 
	0x0d, 0x3b, 0x4e, 0xcf, 0x1c, 0x53, 0x71, 0xbf, 0x3d, 0x8a, 0x93, 
	0x65, 0x0e, 0x9e, 0xf6, 0x4a, 0x4c, 0x23, 0xa0, 0x5b, 0x4a, 0x14, 
	0xbe, 0xbf, 0x0e, 0x98, 0x6a, 0xea, 0x6a, 0x49, 0x88, 0xd8, 0x2c, 
	0x0f, 0x5d, 0x2b, 0x11, 0x76, 0xd6, 0x96, 0x7b, 0x27, 0xde, 0x88, 
	0x79, 0xc3, 0x66, 0xd2, 0x24, 0xf1, 0x59, 0xd5, 0x19, 0x5f, 0xd7, 
	0xcb, 0x1d, 0x75, 0x8b, 0x9d, 0x3e, 0xc7, 0x00, 0xbf, 0x13, 0xff, 
	0x24, 0xbe, 0x32, 0x5f, 0x34, 0x2e, 0x4d, 0xe5, 0x9b, 0x3e, 0x66, 
	0xf5, 0x3e, 0x1f, 0x45, 0x2a, 0x74, 0x5a, 0x3d, 0xae, 0x5d, 0xd8, 
	0x78, 0x13, 0xd9, 0x8b, 0x62, 0x17, 0x08, 0xc0, 0x6f, 0x39, 0xc1, 
	0x8f, 0x49, 0x38, 0x93, 0x89, 0x0f, 0x77, 0xb7, 0x27, 0x3e, 0x80, 
	0x87, 0x90, 0x53, 0x81, 0x4d, 0x84, 0x2b, 0xcd, 0x96, 0x08, 0x68, 
	0xb4, 0x21, 0x6e, 0x5c, 0x8e, 0x37, 0xd3, 0x5f, 0x43, 0x67, 0xc9, 
	0x39, 0x7c, 0x0f, 0x6a, 0x2e, 0x7e, 0x6e, 0x40, 0x69, 0x4e, 0xd2, 
	0x9d, 0x2b, 0xa2, 0x6a, 0x5e, 0x5f, 0xfa, 0x8f, 0xb0, 0x74, 0x27, 
	0x8b, 0x0a, 0x00, 0x3e, 0x6a, 0x7c, 0x1a, 0x3f, 0x98, 0x38, 0x4c, 
	0x3d, 0x52, 0x69, 0x49, 0xc5, 0x04, 0x9c, 0x23, 0x2d, 0x0d, 0xce, 
	0x40, 0x73, 0x7b, 0x63, 0x0f, 0x26, 0xda, 0xc7, 0x7c, 0x00, 0x3a, 
	0x30, 0x57, 0x3f, 0x73, 0x35, 0x7b, 0x28, 0x3a, 0x0f, 0x61, 0x5b, 
	0xd1, 0x73, 0x2d, 0x7d, 0x9f, 0x2b, 0x47, 0x0d, 0x5c, 0x5e, 0x50, 
	0x54, 0xc8, 0x9d, 0x6c, 0x32, 0x8e, 0xdf, 0x6c, 0xe2, 0xa0, 0x48, 
	0x42, 0xe8, 0x5b, 0x80, 0x7c, 0x14, 0x99, 0x95, 0x30, 0xc8, 0xd7, 
	0xb2, 0x74, 0x85, 0x48, 0xcd, 0x40, 0x3f, 0xfb, 0x91, 0x34, 0x60, 
	0x07, 0xf0, 0x73, 0x32, 0x99, 0xbc, 0x62, 0xb7, 0x77, 0x8b, 0x1f, 
	0x17, 0x2a, 0x2b, 0x08, 0x71, 0x50, 0x23, 0x1f, 0xcb, 0x55, 0x17, 
	0x70, 0xa6, 0x19, 0x80, 0x32, 0xb6, 0x29, 0xc4, 0x32, 0xac, 0x99, 
	0x2b, 0x37, 0xad, 0x50, 0xd7, 0x3d, 0xf3, 0x5a, 0x82, 0x1b, 0x64, 
	0x2e, 0x6e, 0x4f, 0x49, 0x1c, 0x54, 0x1f, 0x3b, 0x79, 0xd6, 0x52, 
	0xd1, 0x8f, 0x3a, 0x43, 0x49, 0x1b, 0x75, 0x47, 0x85, 0x30, 0x39, 
	0x33, 0xda, 0x4e, 0x21, 0x2a, 0xd6, 0x12, 0x29, 0x16, 0x71, 0xda, 
	0xad, 0x08, 0x80, 0x92, 0x0d, 0x27, 0xbf, 0x0d, 0x49, 0x71, 0x61, 
	0x06, 0x80, 0x4f, 0xef, 0xf2, 0xaa, 0x41, 0xb4, 0xda, 0x38, 0x4c, 
	0xe3, 0x96, 0x92, 0x7c, 0xa8, 0x82, 0x97, 0x44, 0x1d, 0x1f, 0xc9, 
	0x00, 0x12, 0xc4, 0x8a, 0x59, 0x14, 0xa5, 0xbe, 0x41, 0x5e, 0x5a, 
	0x72, 0x14, 0x00, 0xc5, 0x1f, 0x71, 0xbb, 0x79, 0x1e, 0x60, 0x25, 
	0x01, 0x1f, 0x48, 0xfd, 0x3f, 0xc2, 0x67, 0xca, 0x52, 0xfd, 0x61, 
	0x58, 0xc6, 0x42, 0x3a, 0x46, 0x87, 0xf5, 0x2e, 0xb6, 0xb5, 0xbc, 
	0x09, 0x7a, 0xa1, 0xd5, 0x40, 0x16, 0x9f, 0xef, 0x0b, 0x6e, 0xef, 
	0xd4, 0x64, 0xf1, 0xd1, 0x7e, 0x15, 0x9f, 0x9f, 0x88, 0x6a, 0x42, 
	0x24, 0x1f, 0x02, 0xf4, 0x6a, 0x08, 0x31, 0x82, 0x82, 0x54, 0x6d, 
	0x3a, 0xa6, 0xc9, 0x51, 0x7c, 0xd1, 0x67, 0x3f, 0x3e, 0x49, 0x06, 
	0x3a, 0x6b, 0x98, 0x98, 0x29, 0xc1, 0xf9, 0x53, 0x09, 0x9b, 0x37, 
	0x17, 0x0a, 0x91, 0xf5, 0xc2, 0x0a, 0x48, 0x86, 0xad, 0x06, 0x3f, 
	0x19, 0x9f, 0x07, 0x1d, 0x3a, 0x68, 0x0e, 0x05, 0xc0, 0x7c, 0x77, 
	0x5b, 0x5b, 0x63, 0x01, 0x97, 0x9d, 0x0d, 0x77, 0x49, 0x6a, 0xe5, 
	0x2b, 0x9c, 0x03, 0x6e, 0x76, 0x34, 0x25, 0x9e, 0x5d, 0xe9, 0x8a, 
	0x3b, 0x7b, 0xe3, 0xb9, 0x37, 0x57, 0x6b, 0x5b, 0xda, 0x08, 0xfd, 
	0x81, 0xd8, 0x24, 0x0e, 0x16, 0x3d, 0x66, 0x8b, 0x5f, 0x2b, 0x7b, 
	0xee, 0xb8, 0x44, 0x7e, 0x60, 0xcd, 0xd0, 0x0b, 0x3e, 0x00, 0x6d, 
	0x6d, 0xb3, 0x66, 0x38, 0x50, 0x82, 0x4d, 0x67, 0x71, 0x14, 0xf2, 
	0xeb, 0x74, 0xd2, 0xca, 0xf9, 0x4c, 0x3b, 0x05, 0xfa, 0x4e, 0xee, 
	0x58, 0xe3, 0x31, 0x0b, 0x8a, 0x3f, 0x6e, 0x24, 0x25, 0xd3, 0x1d, 
	0xab, 0x70, 0x57, 0x5f, 0x15, 0x0f, 0xae, 0x65, 0x31, 0x97, 0x65, 
	0x5f, 0x92, 0x16, 0x0d, 0x17, 0x0c, 0x8d, 0x52, 0x3d, 0xd2, 0xe6, 
	0x20, 0x63, 0xe3, 0xbe, 0xd6, 0x4e, 0xa0, 0x86, 0x64, 0x58, 0x63, 
	0x6f, 0x1c, 0x41, 0xdd, 0xc3, 0x66, 0x63, 0xec, 0x91, 0x2c, 0x75, 
	0x3c, 0xe5, 0x68, 0x3f, 0xcb, 0x4d, 0xd5, 0x67, 0xe8, 0x8d, 0xe4, 
	0x11, 0x3d, 0x0b, 0xfc, 0x24, 0x1d, 0xd5, 0x08, 0x1e, 0x2d, 0x17, 
	0xdd, 0x7c, 0xc7, 0xe6, 0x52, 0x37, 0x29, 0x0f, 0x91, 0x10, 0x45, 
	0xda, 0xfb, 0x63, 0x9f, 0x8c, 0x73, 0x4a, 0xcb, 0xd1, 0xa7, 0x2f, 
	0x58, 0x55, 0x56, 0x46, 0xa7, 0x2e, 0xe1, 0x02, 0x57, 0x56, 0x3a, 
	0x6f, 0x2f, 0x3e, 0xca, 0x53, 0x51, 0xc7, 0xc1, 0x7d, 0xe2, 0xfe, 
	0x0b, 0x5f, 0x4b, 0x2e, 0x99, 0x22, 0xaa, 0x86, 0x76, 0x68, 0xa0, 
	0xfd, 0xd3, 0x4f, 0x2a, 0x71, 0xf7, 0x36, 0x66, 0xda, 0xab, 0x53, 
	0x26, 0x18, 0xda, 0x11, 0x9f, 0x25, 0x3a, 0x50, 0x48, 0xf8, 0x60, 
	0x4d, 0x68, 0x50, 0xe3, 0x7e, 0x89, 0x91, 0x5d, 0x28, 0xe7, 0x39, 
	0x8c, 0x31, 0xb8, 0x94, 0x2d, 0x2c, 0x5b, 0xfd, 0x7e, 0x29, 0xae, 
	0xce, 0xf7, 0x71, 0x52, 0x17, 0x96, 0x3c, 0xf0, 0xc5, 0xa6, 0x28, 
	0xae, 0xca, 0x18, 0x15, 0x78, 0x70, 0x59, 0x21, 0xac, 0x98, 0xb8, 
	0x1e, 0xc0, 0x0d, 0x66, 0x6e, 0xef, 0x1a, 0x4e, 0x18, 0xfd, 0x93, 
	0x67, 0x30, 0xf5, 0x82, 0xd8, 0x6e, 0xd4, 0x07, 0x92, 0x41, 0x29, 
	0x98, 0xb9, 0x1d, 0xdd, 0x8a, 0xf5, 0x26, 0x55, 0xac, 0xa3, 0x2d, 
	0x57, 0x37, 0xfe, 0x08, 0xd8, 0x4d, 0x95, 0x13, 0xb6, 0x86, 0x98, 
	0x04, 0x9c, 0x67, 0xd1, 0x69, 0xb2, 0xcc, 0x6e, 0x6d, 0x85, 0x28, 
	0x1a, 0x2a, 0xb0, 0x49, 0xed, 0x49, 0x75, 0xde, 0x09, 0x32, 0x72, 
	0xc5, 0xd3, 0x3e, 0x02, 0x95, 0xa9, 0x6c, 0x33, 0x0e, 0xd7, 0x29, 
	0x28, 0xa4, 0xf0, 0x04, 0x48, 0xe8, 0xe2, 0x26, 0x44, 0x99, 0x9f, 
	0x33, 0xb8, 0xf7, 0x3f, 0x37, 0x08, 0x6b, 0x09, 0x4f, 0x29, 0x3f, 
	0x2e, 0x68, 0xd8, 0x60, 0xf7, 0x45, 0xbd, 0x7e, 0xd6, 0x5a, 0x80, 
	0x66, 0x72, 0x1a, 0x96, 0xd1, 0xcc, 0x31, 0x04, 0xd7, 0x51, 0x00, 
	0xd2, 0x69, 0x48, 0x7b, 0xb4, 0x83, 0x5e, 0x64, 0xf5, 0x80, 0x05, 
	0x7c, 0x7a, 0x88, 0x0d, 0x72, 0xd1, 0x05, 0xb3, 0x38, 0xd6, 0x42, 
	0x72, 0x68, 0x1f, 0x09, 0x48, 0x06, 0xbb, 0xa6, 0x98, 0x6a, 0x2a, 
	0x6f, 0x89, 0x6a, 0x08, 0x9b, 0x48, 0x55, 0xf4, 0x46, 0x3e, 0x20, 
	0x07, 0xa7, 0x99, 0x34, 0x5d, 0xde, 0x2c, 0x29, 0xea, 0xf2, 0x11, 
	0x0c, 0x27, 0x07, 0x00, 0x5f, 0xfd, 0x96, 0x98, 0x1f, 0x81, 0x09, 
	0x00, 0x17, 0xbf, 0xd7, 0x15, 0x36, 0x1f, 0xbf, 0x95, 0x16, 0xd3, 
	0xe0, 0x1a, 0x1b, 0x00, 0xcd, 0xfd, 0x0e, 0x3f, 0xbd, 0x80, 0x56, 
	0xf5, 0xb1, 0x1a, 0x43, 0x32, 0xd9, 0x44, 0x01, 0x64, 0x6d, 0xec, 
	0x61, 0xfb, 0xaf, 0xf1, 0x2f, 0x99, 0x23, 0x15, 0x7a, 0xae, 0x10, 
	0xb0, 0x36, 0x4c, 0xe4, 0x49, 0x5a, 0x69, 0x84, 0x50, 0x08, 0x12, 
	0x5c, 0x23, 0x44, 0xe2, 0x02, 0xdb, 0x06, 0x7a, 0xca, 0x22, 0x67, 
	0x8b, 0xac, 0x33, 0x61, 0xe3, 0x5c, 0x06, 0x03, 0x24, 0x5d, 0x06, 
	0x68, 0x07, 0x91, 0x4c, 0x4e, 0x40, 0x7e, 0x25, 0x40, 0x88, 0x4a, 
	0x7f, 0x6c, 0xea, 0xb6, 0x1d, 0x38, 0xb7, 0xdb, 0x14, 0x30, 0x27, 
	0x54, 0x0b, 0x2b, 0x1f, 0xac, 0x82, 0x6d, 0xba, 0x35, 0x0d, 0x2a, 
	0x66, 0xee, 0x82, 0x7c, 0x2c, 0x93, 0x6d, 0x1e, 0x25, 0xc3, 0x14, 
	0x03, 0xc6, 0x36, 0x43, 0x35, 0xa1, 0x3f, 0xe5, 0x51, 0xb0, 0x3e, 
	0x06, 0x3c, 0x55, 0x5d, 0xd4, 0x28, 0x2b, 0xb8, 0xb4, 0x57, 0x51, 
	0x62, 0xb4, 0x5c, 0x59, 0x65, 0x6c, 0x48, 0xb4, 0xa2, 0xed, 0x54, 
	0xc7, 0xdb, 0x2c, 0x27, 0x92, 0x98, 0xf5, 0x52, 0x73, 0x50, 0x8d, 
	0x39, 0xab, 0x81, 0x04, 0x24, 0xb2, 0x7d, 0x9b, 0x4c, 0xa2, 0x81, 
	0x5a, 0x14, 0x02, 0x00, 0x89, 0x11, 0x4a, 0x7b, 0xbe, 0x25, 0x5b, 
	0x78, 0x1c, 0x71, 0xf4, 0x74, 0x80, 0x71, 0x65, 0x1d, 0x16, 0x31, 
	0xaa, 0xb1, 0x0d, 0x5e, 0x41, 0xd0, 0x30, 0x78, 0x64, 0x3c, 0x09, 
	0x6f, 0xa7, 0x2e, 0x6a, 0x22, 0x76, 0x3a, 0x5b, 0x3c, 0x4b, 0xa1, 
	0xbc, 0x0e, 0x86, 0xff, 0xef, 0x25, 0x65, 0x74, 0x65, 0x74, 0x80, 
	0xd7, 0x4c, 0x56, 0xc4, 0x47, 0x70, 0x06, 0x17, 0x52, 0x98, 0x3c, 
	0x57, 0x7c, 0x0e, 0x7a, 0x8e, 0x57, 0x42, 0x38, 0xf5, 0xde, 0xf0, 
	0x2e, 0x96, 0x77, 0xc2, 0x00, 0x7e, 0x12, 0xe0, 0x32, 0x38, 0x01, 
	0xe9, 0x13, 0x61, 0xcf, 0xfb, 0x20, 0xea, 0x0d, 0xef, 0x40, 0xea, 
	0xda, 0xac, 0x1d, 0xe9, 0x89, 0x87, 0x79, 0x97, 0xc6, 0x82, 0x55, 
	0x43, 0x71, 0xed, 0x4c, 0x24, 0x7e, 0x86, 0x04, 0x03, 0x3b, 0x0b, 
	0x39, 0xb7, 0x12, 0xf9, 0x7e, 0x00, 0x4b, 0x73, 0x1c, 0x3d, 0xf2, 
	0xca, 0x38, 0x1f, 0x07, 0x87, 0x64, 0x86, 0xfb, 0x60, 0x1b, 0xc4, 
	0xdd, 0xd0, 0x2c, 0x74, 0x0a, 0xd9, 0x31, 0x71, 0x71, 0xdf, 0x78, 
	0x24, 0x53, 0xb7, 0x01, 0xac, 0xc0, 0x3c, 0x13, 0x7e, 0x17, 0x96, 
	0x4f, 0x4b, 0x49, 0xea, 0x2e, 0x70, 0x18, 0xc5, 0x06, 0x9c, 0xdb, 
	0xea, 0x38, 0x76, 0x02, 0x81, 0x4e, 0xb8, 0x5b, 0x77, 0x4d, 0xf9, 
	0xa4, 0xc2, 0x77, 0xb3, 0x96, 0x4d, 0x5c, 0x61, 0xec, 0x2b, 0x7a, 
	0x49, 0x5d, 0xa7, 0x2b, 0x9e, 0x80, 0x35, 0x6a, 0xe1, 0x4e, 0x9d, 
	0x7c, 0x5c, 0xfc, 0x3b, 0x3b, 0xec, 0x6d, 0xc8, 0x74, 0xc6, 0x94, 
	0xa9, 0x4f, 0x90, 0x41, 0x31, 0x29, 0x64, 0xa6, 0x1f, 0x68, 0xf7, 
	0xb8, 0xc3, 0x37, 0x36, 0x19, 0xf8, 0x42, 0x7f, 0x41, 0x76, 0x06, 
	0xc2, 0x54, 0x26, 0x56, 0x45, 0xd3, 0x1d, 0x0a, 0x93, 0x34, 0x5a, 
	0x07, 0xab, 0xa6, 0x82, 0x61, 0x11, 0xfe, 0x28, 0x28, 0x77, 0x99, 
	0xc3, 0x79, 0x73, 0xea, 0x2a, 0x2d, 0x6e, 0x0b, 0x8c, 0x1e, 0xee, 
	0xd1, 0x21, 0x07, 0x5c, 0x70, 0x77, 0x03, 0x20, 0x91, 0x9b, 0x7c, 
	0xa1, 0x88, 0xfa, 0x1c, 0x3a, 0xc6, 0x89, 0x60, 0x6b, 0xe9, 0xce, 
	0x19, 0xed, 0xa8, 0x57, 0x35, 0xfc, 0x42, 0x9e, 0x16, 0x0e, 0x6f, 
	0xb5, 0x70, 0x6c, 0xed, 0x6e, 0x70, 0x2e, 0x8f, 0xc8, 0x6e, 0x7f, 
	0x3b, 0xc7, 0x39, 0x3c, 0x2b, 0x57, 0x49, 0x37, 0xaf, 0xb4, 0x70, 
	0xd6, 0x26, 0xf7, 0x14, 0x09, 0x75, 0xcc, 0x0c, 0x7e, 0x4f, 0x63, 
	0x5c, 0x95, 0xc8, 0x5b, 0x12, 0xb0, 0x30, 0x91, 0x01, 0x07, 0xa1, 
	0x0e, 0x04, 0x3e, 0x9a, 0x73, 0x52, 0x43, 0x03, 0x16, 0x68, 0x38, 
	0xad, 0xf9, 0x40, 0x45, 0xa5, 0xd3, 0x62, 0x01, 0xda, 0x11, 0x7c, 
	0x15, 0x70, 0x8f, 0x43, 0x16, 0x42, 0x27, 0x64, 0xe8, 0x6c, 0x9b, 
	0x3e, 0x71, 0x50, 0xa6, 0x6b, 0x36, 0x8e, 0x21, 0x66, 0x39, 0x3d, 
	0x09, 0x1f, 0x75, 0x96, 0xe3, 0x18, 0x05, 0xfc, 0xc4, 0x50, 0x8d, 
	0x64, 0xa2, 0x25, 0x8c, 0x6f, 0xdb, 0x67, 0x08, 0xb1, 0xd6, 0x7b, 
	0x4f, 0x92, 0xdd, 0x65, 0x3b, 0x8f, 0x68, 0x23, 0x58, 0xb9, 0xda, 
	0x37, 0xab, 0xda, 0x3c, 0x2c, 0xe1, 0x94, 0x84, 0x71, 0x41, 0x63, 
	0xeb, 0x34, 0x36, 0xc2, 0xcf, 0x4c, 0xbf, 0xb1, 0x4e, 0x19, 0xdd, 
	0x8a, 0x48, 0x59, 0x3f, 0x6a, 0x76, 0x31, 0xaf, 0xf6, 0x82, 0x52, 
	0x91, 0xab, 0xe8, 0x0e, 0x19, 0x09, 0xed, 0x0b, 0x57, 0x98, 0x59, 
	0x29, 0x72, 0x85, 0x04, 0x5b, 0x11, 0x02, 0x2c, 0x57, 0xea, 0xd2, 
	0x95, 0x64, 0x30, 0xbe, 0xf3, 0x44, 0x31, 0xb6, 0x64, 0x0e, 0x9e, 
	0x8a, 0xfb, 0x46, 0x96, 0xfd, 0x86, 0x4a, 0x16, 0xd9, 0x0a, 0x7b, 
	0x18, 0x94, 0xa4, 0x01, 0xfa, 0xe7, 0x15, 0x70, 0x50, 0xa0, 0x43, 
	0x76, 0x40, 0x03, 0x3e, 0x06, 0xea, 0x85, 0xec, 0x4e, 0x5e, 0xa9, 
	0xf3, 0x40, 0xef, 0x3a, 0xa3, 0x53, 0x28, 0xe6, 0x16, 0x73, 0xbb, 
	0x0d, 0x16, 0x2e, 0xa7, 0x08, 0x27, 0x45, 0x30, 0x9d, 0x8e, 0x21, 
	0x1e, 0xb1, 0x7c, 0x3f, 0x44, 0x8a, 0xef, 0x1d, 0xad, 0x19, 0xe4, 
	0x61, 0xa4, 0xb8, 0x17, 0x4e, 0xd9, 0xb5, 0x28, 0x67, 0xe6, 0x73, 
	0xf4, 0x57, 0xb5, 0x5c, 0xb3, 0x24, 0x38, 0x67, 0x2c, 0x45, 0x43, 
	0xed, 0x5c, 0x37, 0x3e, 0x2f, 0x22, 0x0f, 0xfc, 0xc5, 0x3d, 0x6b, 
	0x5f, 0xd0, 0xda, 0x47, 0x56, 0xc6, 0x9e, 0x18, 0x60, 0x2f, 0xb9, 
	0x5e, 0x73, 0x6c, 0xc0, 0x69, 0xde, 0xb6, 0x9e, 0x02, 0x23, 0xc1, 
	0xbc, 0x63, 0xb4, 0xc1, 0xbb, 0x28, 0x8b, 0x31, 0x27, 0x4b, 0x33, 
	0x99, 0x19, 0x7d, 0xef, 0x77, 0x0b, 0x2e, 0x6b, 0x7d, 0x77, 0x49, 
	0x26, 0xd4, 0x30, 0x2d, 0xa3, 0x2e, 0x8c, 0x31, 0x77, 0xd8, 0xae, 
	0x5f, 0x9c, 0xf0, 0xfb, 0x62, 0xad, 0x00, 0x74, 0x01, 0xdf, 0x6a, 
	0x06, 0x55, 0x54, 0x6f, 0x0e, 0x60, 0xff, 0xc4, 0xb0, 0x40, 0x40, 
	0x10, 0xc4, 0x00, 0x52, 0xd2, 0x2b, 0x1b, 0x7a, 0xc7, 0x5f, 0x34, 
	0x44, 0x36, 0xe7, 0x71, 0x06, 0x49, 0x6d, 0x52, 0x09, 0x89, 0x3c, 
	0x74, 0xda, 0xff, 0x9f, 0x38, 0x11, 0x54, 0xe6, 0x35, 0xa6, 0x91, 
	0x2b, 0x2f, 0x40, 0x26, 0x70, 0x5e, 0x28, 0xd9, 0x85, 0x0c, 0x97, 
	0x29, 0x2f, 0x42, 0xd0, 0xa9, 0xbb, 0x15, 0x86, 0xf6, 0x35, 0x03, 
	0xb6, 0x9d, 0x07, 0x2e, 0xd0, 0x84, 0x2d, 0x1c, 0xf2, 0x19, 0x96, 
	0x43, 0x8b, 0xf6, 0x3e, 0x66, 0x7f, 0x65, 0x24, 0x56, 0x57, 0xb7, 
	0xdb, 0x5b, 0x11, 0x2c, 0xe4, 0x08, 0x8e, 0x70, 0xf0, 0x39, 0x40, 
	0x58, 0xd6, 0x70, 0xe3, 0x4a, 0xab, 0x58, 0xae, 0x5f, 0x32, 0x26, 
	0x5d, 0xc6, 0xa2, 0x57, 0xc1, 0xaf, 0x8b, 0x26, 0x61, 0x43, 0xea, 
	0x3a, 0xe5, 0xea, 0xe8, 0x29, 0x09, 0x92, 0x7e, 0x68, 0x32, 0x5c, 
	0x5e, 0x76, 0xae, 0x28, 0x7c, 0x29, 0x95, 0xfa, 0x49, 0x6a, 0x29, 
	0xe7, 0x82, 0x4e, 0xb0, 0x4c, 0x9e, 0x68, 0xee, 0xb1, 0xb7, 0x1f, 
	0xba, 0x83, 0xbe, 0x3f, 0xc7, 0x1e, 0xe2, 0x0e, 0xe7, 0x7d, 0x40, 
	0x1f, 0x8c, 0x8c, 0x2d, 0x2d, 0xd6, 0x97, 0xb5, 0x7d, 0xea, 0x37, 
	0x0f, 0x24, 0xd0, 0x10, 0x85, 0x75, 0xce, 0x58, 0xaa, 0x5e, 0x8e, 
	0x4e, 0x67, 0x5b, 0xc0, 0x76, 0x2c, 0x25, 0x9b, 0xcb, 0xc8, 0x53, 
	0x13, 0x96, 0x8d, 0x74, 0x51, 0x76, 0x8b, 0x40, 0x68, 0x8c, 0xac, 
	0x52, 0xa9, 0x86, 0x1a, 0x34, 0xac, 0xd8, 0x30, 0x50, 0x33, 0x5e, 
	0xa5, 0x45, 0x59, 0x31, 0x82, 0x77, 0xb1, 0x27, 0xf3, 0x0d, 0x55, 
	0x43, 0x36, 0x1c, 0xd8, 0x2a, 0x09, 0x27, 0x73, 0xbc, 0xce, 0x57, 
	0x02, 0xed, 0x76, 0x3b, 0x4f, 0xde, 0xca, 0x2f, 0x8b, 0x48, 0x54, 
	0x7a, 0xa1, 0xe0, 0x3e, 0x70, 0xe8, 0xea, 0x10, 0x0b, 0x1b, 0x06, 
	0xd9, 0x52, 0x6e, 0xac, 0xd9, 0x66, 0x28, 0x5b, 0xcd, 0x34, 0x26, 
	0xbd, 0x25, 0x39, 0xd4, 0xcb, 0x70, 0x7a, 0xcd, 0xb6, 0x9b, 0x03, 
	0x8e, 0xfc, 0x15, 0x55, 0xa3, 0x8e, 0x28, 0x45, 0x29, 0xc1, 0xef, 
	0x6c, 0x8b, 0xa8, 0xf8, 0x53, 0x29, 0x16, 0x60, 0x64, 0x22, 0xb9, 
	0xad, 0x03, 0xf7, 0x49, 0x4f, 0x32, 0xbd, 0xbd, 0x4b, 0x3c, 0x43, 
	0xf6, 0xad, 0x5a, 0x29, 0x5f, 0x48, 0x5e, 0x7f, 0x2d, 0x18, 0x36, 
	0x55, 0x1f, 0x94, 0x78, 0xe7, 0xbc, 0x0f, 0x43, 0x04, 0x82, 0x34, 
	0x4e, 0x49, 0xc1, 0x6b, 0x57, 0xf6, 0xfd, 0xd3, 0x39, 0x4b, 0x73, 
	0xd2, 0x04, 0xe2, 0x35, 0x25, 0x56, 0x94, 0xa7, 0xfe, 0x13, 0xe8, 
	0x47, 0x6d, 0x1e, 0xda, 0xef, 0x88, 0x05, 0x1d, 0xb6, 0x26, 0x62, 
	0x78, 0xbb, 0x66, 0x62, 0x23, 0x8c, 0x66, 0x5b, 0xdc, 0xb0, 0xfa, 
	0x0f, 0x97, 0x3b, 0x7e, 0x34, 0x9b, 0x64, 0x5d, 0x46, 0x8d, 0xbc, 
	0x59, 0x6f, 0xc3, 0x77, 0x5d, 0x68, 0x40, 0x97, 0xed, 0x17, 0x8c, 
	0x2c, 0x31, 0x20, 0x41, 0xa1, 0xf7, 0x3c, 0x16, 0x0f, 0x81, 0x1b, 
	0xb3, 0xb2, 0xde, 0x48, 0xbf, 0x0f, 0x35, 0x1b, 0x07, 0xef, 0xa5, 
	0x05, 0xf2, 0x44, 0x61, 0x49, 0x00, 0x39, 0xdb, 0x7f, 0x25, 0xa4, 
	0x29, 0x73, 0xe0, 0x12, 0xeb, 0x11, 0x42, 0xc4, 0x88, 0x7a, 0x85, 
	0xc9, 0x76, 0x3a, 0x67, 0xcf, 0x03, 0x4e, 0xc1, 0xe4, 0x39, 0x3c, 
	0x7d, 0x16, 0x70, 0x53, 0xf5, 0x36, 0x96, 0x48, 0xc0, 0x66, 0xb6, 
	0x37, 0x5e, 0x93, 0x60, 0x34, 0xc4, 0x36, 0x00, 0x40, 0xcc, 0x36, 
	0x00, 0x40, 0x47, 0x43, 0x43, 0x3a, 0x20, 0x28, 0x67, 0x30, 0x34, 
	0x36, 0x39, 0x36, 0x64, 0x66, 0x30, 0x39, 0x36, 0x33, 0x29, 0x20, 
	0x31, 0x34, 0x2e, 0x32, 0x2e, 0x30, 0x00, 0x41, 0x36, 0x00, 0x00, 
	0x00, 0x72, 0x69, 0x73, 0x63, 0x76, 0x00, 0x01, 0x2c, 0x00, 0x00, 
	0x00, 0x04, 0x10, 0x05, 0x72, 0x76, 0x33, 0x32, 0x69, 0x32, 0x70, 
	0x31, 0x5f, 0x6d, 0x32, 0x70, 0x30, 0x5f, 0x7a, 0x69, 0x63, 0x73, 
	0x72, 0x32, 0x70, 0x30, 0x5f, 0x7a, 0x6d, 0x6d, 0x75, 0x6c, 0x31, 
	0x70, 0x30, 0x00, 0x08, 0x01, 0x0a, 0x0b, 0x72, 0x07, 0x00, 0x00, 
	0x05, 0x00, 0x01, 0x04, 0x00, 0x00, 0x00, 0x00, 0x11, 0x8c, 0x00, 
	0x00, 0x00, 0x1d, 0x00, 0x00, 0x00, 0x00, 0x26, 0x00, 0x00, 0x00, 
	0x04, 0x2e, 0x00, 0x40, 0x2c, 0x04, 0x00, 0x00, 0x00, 0x00, 0x00, 
	0x00, 0x04, 0x08, 0x07, 0x55, 0x00, 0x00, 0x00, 0x12, 0x04, 0x05, 
	0x69, 0x6e, 0x74, 0x00, 0x04, 0x04, 0x07, 0x5f, 0x00, 0x00, 0x00, 
	0x04, 0x08, 0x05, 0x47, 0x00, 0x00, 0x00, 0x04, 0x10, 0x04, 0xe4, 
	0x01, 0x00, 0x00, 0x04, 0x01, 0x06, 0x60, 0x01, 0x00, 0x00, 0x04, 
	0x01, 0x08, 0x5e, 0x01, 0x00, 0x00, 0x04, 0x02, 0x05, 0x21, 0x00, 
	0x00, 0x00, 0x04, 0x02, 0x07, 0x88, 0x01, 0x00, 0x00, 0x04, 0x04, 
	0x05, 0x4c, 0x00, 0x00, 0x00, 0x04, 0x04, 0x07, 0x5a, 0x00, 0x00, 
	0x00, 0x04, 0x01, 0x08, 0x67, 0x01, 0x00, 0x00, 0x04, 0x01, 0x02, 
	0xb5, 0x01, 0x00, 0x00, 0x06, 0x80, 0x01, 0x00, 0x00, 0x7e, 0x16, 
	0x50, 0x00, 0x00, 0x00, 0x09, 0x81, 0x00, 0x00, 0x00, 0x06, 0xa4, 
	0x01, 0x00, 0x00, 0x83, 0x0f, 0x2d, 0x00, 0x00, 0x00, 0x06, 0xa3, 
	0x01, 0x00, 0x00, 0x84, 0x16, 0x34, 0x00, 0x00, 0x00, 0x06, 0x9c, 
	0x01, 0x00, 0x00, 0x87, 0x0f, 0x3b, 0x00, 0x00, 0x00, 0x06, 0x9b, 
	0x01, 0x00, 0x00, 0x88, 0x16, 0x26, 0x00, 0x00, 0x00, 0x04, 0x02, 
	0x04, 0x83, 0x00, 0x00, 0x00, 0x04, 0x04, 0x03, 0x7b, 0x00, 0x00, 
	0x00, 0x04, 0x04, 0x04, 0x1b, 0x00, 0x00, 0x00, 0x04, 0x08, 0x03, 
	0x13, 0x00, 0x00, 0x00, 0x04, 0x08, 0x04, 0xe9, 0x01, 0x00, 0x00, 
	0x04, 0x10, 0x03, 0xbb, 0x01, 0x00, 0x00, 0x04, 0x20, 0x03, 0xdc, 
	0x01, 0x00, 0x00, 0x13, 0x0a, 0x00, 0x00, 0x00, 0x08, 0x02, 0x05, 
	0x02, 0x0a, 0x19, 0x01, 0x00, 0x00, 0x14, 0x6c, 0x6f, 0x77, 0x00, 
	0x02, 0x05, 0x02, 0x1a, 0x91, 0x00, 0x00, 0x00, 0x00, 0x15, 0x6c, 
	0x00, 0x00, 0x00, 0x02, 0x05, 0x02, 0x1f, 0x91, 0x00, 0x00, 0x00, 
	0x04, 0x00, 0x16, 0x08, 0x02, 0x0c, 0x02, 0x09, 0x39, 0x01, 0x00, 
	0x00, 0x0c, 0x73, 0x00, 0x0e, 0x02, 0x13, 0xee, 0x00, 0x00, 0x00, 
	0x0c, 0x6c, 0x6c, 0x00, 0x0f, 0x02, 0x0a, 0xa7, 0x00, 0x00, 0x00, 
	0x00, 0x17, 0x2b, 0x00, 0x00, 0x00, 0x02, 0x10, 0x02, 0x03, 0x19, 
	0x01, 0x00, 0x00, 0x09, 0x39, 0x01, 0x00, 0x00, 0x18, 0x8c, 0x00, 
	0x00, 0x00, 0x5b, 0x01, 0x00, 0x00, 0x19, 0x34, 0x00, 0x00, 0x00, 
	0xff, 0x00, 0x09, 0x4b, 0x01, 0x00, 0x00, 0x1a, 0x71, 0x00, 0x00, 
	0x00, 0x02, 0x1a, 0x02, 0x16, 0x5b, 0x01, 0x00, 0x00, 0x1b, 0x00, 
	0x00, 0x00, 0x00, 0x01, 0x12, 0x05, 0x01, 0xb2, 0x00, 0x00, 0x00, 
	0x04, 0x2e, 0x00, 0x40, 0x2c, 0x04, 0x00, 0x00, 0x01, 0x9c, 0x43, 
	0x04, 0x00, 0x00, 0x0d, 0x6e, 0x00, 0x14, 0xb2, 0x00, 0x00, 0x00, 
	0x0c, 0x00, 0x00, 0x00, 0x0d, 0x64, 0x00, 0x1f, 0xb2, 0x00, 0x00, 
	0x00, 0xb2, 0x00, 0x00, 0x00, 0x1c, 0x43, 0x04, 0x00, 0x00, 0x04, 
	0x2e, 0x00, 0x40, 0x0c, 0x00, 0x00, 0x00, 0x01, 0x14, 0x05, 0x0a, 
	0x0a, 0x55, 0x04, 0x00, 0x00, 0x1c, 0x01, 0x00, 0x00, 0x0a, 0x5d, 
	0x04, 0x00, 0x00, 0xc9, 0x01, 0x00, 0x00, 0x0a, 0x65, 0x04, 0x00, 
	0x00, 0xf8, 0x01, 0x00, 0x00, 0x1d, 0x19, 0x00, 0x00, 0x00, 0x08, 
	0x6e, 0x04, 0x00, 0x00, 0x08, 0x79, 0x04, 0x00, 0x00, 0x08, 0x84, 
	0x04, 0x00, 0x00, 0x01, 0x8f, 0x04, 0x00, 0x00, 0x08, 0x02, 0x00, 
	0x00, 0x01, 0x9a, 0x04, 0x00, 0x00, 0x4b, 0x02, 0x00, 0x00, 0x01, 
	0xa5, 0x04, 0x00, 0x00, 0x6d, 0x02, 0x00, 0x00, 0x01, 0xb0, 0x04, 
	0x00, 0x00, 0xe0, 0x02, 0x00, 0x00, 0x01, 0xbb, 0x04, 0x00, 0x00, 
	0x28, 0x03, 0x00, 0x00, 0x01, 0xc6, 0x04, 0x00, 0x00, 0x37, 0x03, 
	0x00, 0x00, 0x01, 0xd1, 0x04, 0x00, 0x00, 0x4d, 0x03, 0x00, 0x00, 
	0x01, 0xdc, 0x04, 0x00, 0x00, 0x64, 0x03, 0x00, 0x00, 0x01, 0xe6, 
	0x04, 0x00, 0x00, 0x73, 0x03, 0x00, 0x00, 0x08, 0xf1, 0x04, 0x00, 
	0x00, 0x07, 0xfc, 0x04, 0x00, 0x00, 0x2b, 0x00, 0x00, 0x00, 0x56, 
	0x02, 0x00, 0x00, 0x01, 0x01, 0x05, 0x00, 0x00, 0x95, 0x03, 0x00, 
	0x00, 0x01, 0x0d, 0x05, 0x00, 0x00, 0xb5, 0x03, 0x00, 0x00, 0x00, 
	0x0e, 0x1a, 0x05, 0x00, 0x00, 0x6c, 0x2e, 0x00, 0x40, 0x88, 0x00, 
	0x00, 0x00, 0xa7, 0x02, 0x00, 0x00, 0x01, 0x1f, 0x05, 0x00, 0x00, 
	0xbb, 0x03, 0x00, 0x00, 0x01, 0x2b, 0x05, 0x00, 0x00, 0xc2, 0x03, 
	0x00, 0x00, 0x01, 0x37, 0x05, 0x00, 0x00, 0xc9, 0x03, 0x00, 0x00, 
	0x01, 0x43, 0x05, 0x00, 0x00, 0xd7, 0x03, 0x00, 0x00, 0x01, 0x4f, 
	0x05, 0x00, 0x00, 0xe6, 0x03, 0x00, 0x00, 0x01, 0x5b, 0x05, 0x00, 
	0x00, 0x13, 0x04, 0x00, 0x00, 0x01, 0x67, 0x05, 0x00, 0x00, 0x2e, 
	0x04, 0x00, 0x00, 0x00, 0x07, 0x76, 0x06, 0x00, 0x00, 0x34, 0x00, 
	0x00, 0x00, 0x66, 0x03, 0x00, 0x00, 0x01, 0x77, 0x06, 0x00, 0x00, 
	0x49, 0x04, 0x00, 0x00, 0x01, 0x82, 0x06, 0x00, 0x00, 0x51, 0x04, 
	0x00, 0x00, 0x07, 0x8d, 0x06, 0x00, 0x00, 0x3f, 0x00, 0x00, 0x00, 
	0x13, 0x03, 0x00, 0x00, 0x01, 0x92, 0x06, 0x00, 0x00, 0x68, 0x04, 
	0x00, 0x00, 0x01, 0x9e, 0x06, 0x00, 0x00, 0x70, 0x04, 0x00, 0x00, 
	0x01, 0xaa, 0x06, 0x00, 0x00, 0x85, 0x04, 0x00, 0x00, 0x01, 0xb6, 
	0x06, 0x00, 0x00, 0x94, 0x04, 0x00, 0x00, 0x01, 0xc2, 0x06, 0x00, 
	0x00, 0xa3, 0x04, 0x00, 0x00, 0x01, 0xce, 0x06, 0x00, 0x00, 0xc5, 
	0x04, 0x00, 0x00, 0x01, 0xda, 0x06, 0x00, 0x00, 0xe7, 0x04, 0x00, 
	0x00, 0x00, 0x0f, 0xe7, 0x06, 0x00, 0x00, 0x4f, 0x00, 0x00, 0x00, 
	0x01, 0xec, 0x06, 0x00, 0x00, 0x02, 0x05, 0x00, 0x00, 0x01, 0xf8, 
	0x06, 0x00, 0x00, 0x0a, 0x05, 0x00, 0x00, 0x01, 0x04, 0x07, 0x00, 
	0x00, 0x25, 0x05, 0x00, 0x00, 0x01, 0x10, 0x07, 0x00, 0x00, 0x2d, 
	0x05, 0x00, 0x00, 0x01, 0x1c, 0x07, 0x00, 0x00, 0x35, 0x05, 0x00, 
	0x00, 0x01, 0x28, 0x07, 0x00, 0x00, 0x3d, 0x05, 0x00, 0x00, 0x01, 
	0x34, 0x07, 0x00, 0x00, 0x45, 0x05, 0x00, 0x00, 0x01, 0x40, 0x07, 
	0x00, 0x00, 0x63, 0x05, 0x00, 0x00, 0x00, 0x00, 0x07, 0x74, 0x05, 
	0x00, 0x00, 0x64, 0x00, 0x00, 0x00, 0x86, 0x03, 0x00, 0x00, 0x01, 
	0x79, 0x05, 0x00, 0x00, 0x6b, 0x05, 0x00, 0x00, 0x01, 0x85, 0x05, 
	0x00, 0x00, 0x7a, 0x05, 0x00, 0x00, 0x00, 0x0e, 0xec, 0x05, 0x00, 
	0x00, 0x50, 0x2f, 0x00, 0x40, 0x8c, 0x00, 0x00, 0x00, 0xd7, 0x03, 
	0x00, 0x00, 0x01, 0xf1, 0x05, 0x00, 0x00, 0x82, 0x05, 0x00, 0x00, 
	0x01, 0xfd, 0x05, 0x00, 0x00, 0x8a, 0x05, 0x00, 0x00, 0x01, 0x09, 
	0x06, 0x00, 0x00, 0x92, 0x05, 0x00, 0x00, 0x01, 0x15, 0x06, 0x00, 
	0x00, 0xa1, 0x05, 0x00, 0x00, 0x01, 0x21, 0x06, 0x00, 0x00, 0xb0, 
	0x05, 0x00, 0x00, 0x01, 0x2d, 0x06, 0x00, 0x00, 0xd2, 0x05, 0x00, 
	0x00, 0x01, 0x39, 0x06, 0x00, 0x00, 0xed, 0x05, 0x00, 0x00, 0x00, 
	0x07, 0x92, 0x05, 0x00, 0x00, 0x74, 0x00, 0x00, 0x00, 0x24, 0x04, 
	0x00, 0x00, 0x01, 0x97, 0x05, 0x00, 0x00, 0x08, 0x06, 0x00, 0x00, 
	0x01, 0xa3, 0x05, 0x00, 0x00, 0x10, 0x06, 0x00, 0x00, 0x01, 0xaf, 
	0x05, 0x00, 0x00, 0x25, 0x06, 0x00, 0x00, 0x01, 0xbb, 0x05, 0x00, 
	0x00, 0x34, 0x06, 0x00, 0x00, 0x01, 0xc7, 0x05, 0x00, 0x00, 0x43, 
	0x06, 0x00, 0x00, 0x01, 0xd3, 0x05, 0x00, 0x00, 0x65, 0x06, 0x00, 
	0x00, 0x01, 0xdf, 0x05, 0x00, 0x00, 0x87, 0x06, 0x00, 0x00, 0x00, 
	0x0f, 0x46, 0x06, 0x00, 0x00, 0x84, 0x00, 0x00, 0x00, 0x01, 0x4b, 
	0x06, 0x00, 0x00, 0xa2, 0x06, 0x00, 0x00, 0x01, 0x57, 0x06, 0x00, 
	0x00, 0xaa, 0x06, 0x00, 0x00, 0x00, 0x00, 0x00, 0x00, 0x1e, 0xcf, 
	0x01, 0x00, 0x00, 0x01, 0xe3, 0x03, 0x01, 0xb2, 0x00, 0x00, 0x00, 
	0x03, 0x6f, 0x07, 0x00, 0x00, 0x0b, 0x6e, 0x00, 0x17, 0xb2, 0x00, 
	0x00, 0x00, 0x0b, 0x64, 0x00, 0x22, 0xb2, 0x00, 0x00, 0x00, 0x0b, 
	0x72, 0x70, 0x00, 0x2e, 0x6f, 0x07, 0x00, 0x00, 0x03, 0x6e, 0x6e, 
	0x00, 0xe5, 0x03, 0x11, 0x46, 0x01, 0x00, 0x00, 0x03, 0x64, 0x64, 
	0x00, 0xe6, 0x03, 0x11, 0x46, 0x01, 0x00, 0x00, 0x03, 0x72, 0x72, 
	0x00, 0xe7, 0x03, 0x0b, 0x39, 0x01, 0x00, 0x00, 0x03, 0x64, 0x30, 
	0x00, 0xe8, 0x03, 0x0a, 0x9c, 0x00, 0x00, 0x00, 0x03, 0x64, 0x31, 
	0x00, 0xe8, 0x03, 0x0e, 0x9c, 0x00, 0x00, 0x00, 0x03, 0x6e, 0x30, 
	0x00, 0xe8, 0x03, 0x12, 0x9c, 0x00, 0x00, 0x00, 0x03, 0x6e, 0x31, 
	0x00, 0xe8, 0x03, 0x16, 0x9c, 0x00, 0x00, 0x00, 0x03, 0x6e, 0x32, 
	0x00, 0xe8, 0x03, 0x1a, 0x9c, 0x00, 0x00, 0x00, 0x03, 0x71, 0x30, 
	0x00, 0xe9, 0x03, 0x0a, 0x9c, 0x00, 0x00, 0x00, 0x03, 0x71, 0x31, 
	0x00, 0xe9, 0x03, 0x0e, 0x9c, 0x00, 0x00, 0x00, 0x03, 0x62, 0x00, 
	0xea, 0x03, 0x0a, 0x9c, 0x00, 0x00, 0x00, 0x03, 0x62, 0x6d, 0x00, 
	0xea, 0x03, 0x0d, 0x9c, 0x00, 0x00, 0x00, 0x03, 0x77, 0x77, 0x00, 
	0xb3, 0x04, 0x11, 0x46, 0x01, 0x00, 0x00, 0x05, 0x1a, 0x05, 0x00, 
	0x00, 0x02, 0xca, 0x01, 0x00, 0x00, 0x1a, 0x04, 0x04, 0x9c, 0x00, 
	0x00, 0x00, 0x03, 0x5f, 0x5f, 0x61, 0x00, 0x1a, 0x04, 0x04, 0x9c, 
	0x00, 0x00, 0x00, 0x00, 0x05, 0x74, 0x05, 0x00, 0x00, 0x02, 0x38, 
	0x00, 0x00, 0x00, 0x26, 0x04, 0x04, 0x9c, 0x00, 0x00, 0x00, 0x02, 
	0x33, 0x00, 0x00, 0x00, 0x26, 0x04, 0x04, 0x9c, 0x00, 0x00, 0x00, 
	0x02, 0xb0, 0x01, 0x00, 0x00, 0x26, 0x04, 0x04, 0x9c, 0x00, 0x00, 
	0x00, 0x02, 0xab, 0x01, 0x00, 0x00, 0x26, 0x04, 0x04, 0x9c, 0x00, 
	0x00, 0x00, 0x02, 0xf5, 0x01, 0x00, 0x00, 0x26, 0x04, 0x04, 0x9c, 
	0x00, 0x00, 0x00, 0x02, 0xf0, 0x01, 0x00, 0x00, 0x26, 0x04, 0x04, 
	0x9c, 0x00, 0x00, 0x00, 0x03, 0x5f, 0x5f, 0x6d, 0x00, 0x26, 0x04, 
	0x04, 0x9c, 0x00, 0x00, 0x00, 0x00, 0x05, 0x92, 0x05, 0x00, 0x00, 
	0x02, 0xca, 0x01, 0x00, 0x00, 0x32, 0x04, 0x04, 0x9c, 0x00, 0x00, 
	0x00, 0x03, 0x5f, 0x5f, 0x61, 0x00, 0x32, 0x04, 0x04, 0x9c, 0x00, 
	0x00, 0x00, 0x00, 0x05, 0xec, 0x05, 0x00, 0x00, 0x02, 0x38, 0x00, 
	0x00, 0x00, 0x4b, 0x04, 0x08, 0x9c, 0x00, 0x00, 0x00, 0x02, 0x33, 
	0x00, 0x00, 0x00, 0x4b, 0x04, 0x08, 0x9c, 0x00, 0x00, 0x00, 0x02, 
	0xb0, 0x01, 0x00, 0x00, 0x4b, 0x04, 0x08, 0x9c, 0x00, 0x00, 0x00, 
	0x02, 0xab, 0x01, 0x00, 0x00, 0x4b, 0x04, 0x08, 0x9c, 0x00, 0x00, 
	0x00, 0x02, 0xf5, 0x01, 0x00, 0x00, 0x4b, 0x04, 0x08, 0x9c, 0x00, 
	0x00, 0x00, 0x02, 0xf0, 0x01, 0x00, 0x00, 0x4b, 0x04, 0x08, 0x9c, 
	0x00, 0x00, 0x00, 0x03, 0x5f, 0x5f, 0x6d, 0x00, 0x4b, 0x04, 0x08, 
	0x9c, 0x00, 0x00, 0x00, 0x00, 0x05, 0x46, 0x06, 0x00, 0x00, 0x02, 
	0x38, 0x00, 0x00, 0x00, 0x50, 0x04, 0x04, 0x9c, 0x00, 0x00, 0x00, 
	0x02, 0x33, 0x00, 0x00, 0x00, 0x50, 0x04, 0x04, 0x9c, 0x00, 0x00, 
	0x00, 0x02, 0xb0, 0x01, 0x00, 0x00, 0x50, 0x04, 0x04, 0x9c, 0x00, 
	0x00, 0x00, 0x02, 0xab, 0x01, 0x00, 0x00, 0x50, 0x04, 0x04, 0x9c, 
	0x00, 0x00, 0x00, 0x02, 0xf5, 0x01, 0x00, 0x00, 0x50, 0x04, 0x04, 
	0x9c, 0x00, 0x00, 0x00, 0x02, 0xf0, 0x01, 0x00, 0x00, 0x50, 0x04, 
	0x04, 0x9c, 0x00, 0x00, 0x00, 0x03, 0x5f, 0x5f, 0x6d, 0x00, 0x50, 
	0x04, 0x04, 0x9c, 0x00, 0x00, 0x00, 0x00, 0x05, 0x64, 0x06, 0x00, 
	0x00, 0x02, 0xca, 0x01, 0x00, 0x00, 0x73, 0x04, 0x04, 0x9c, 0x00, 
	0x00, 0x00, 0x03, 0x5f, 0x5f, 0x61, 0x00, 0x73, 0x04, 0x04, 0x9c, 
	0x00, 0x00, 0x00, 0x00, 0x05, 0x76, 0x06, 0x00, 0x00, 0x03, 0x5f, 
	0x5f, 0x78, 0x00, 0x81, 0x04, 0x05, 0x9c, 0x00, 0x00, 0x00, 0x00, 
	0x10, 0x03, 0x6d, 0x31, 0x00, 0x91, 0x04, 0x0f, 0x9c, 0x00, 0x00, 
	0x00, 0x03, 0x6d, 0x30, 0x00, 0x91, 0x04, 0x13, 0x9c, 0x00, 0x00, 
	0x00, 0x05, 0xe7, 0x06, 0x00, 0x00, 0x02, 0x38, 0x00, 0x00, 0x00, 
	0x9c, 0x04, 0x08, 0x9c, 0x00, 0x00, 0x00, 0x02, 0x33, 0x00, 0x00, 
	0x00, 0x9c, 0x04, 0x08, 0x9c, 0x00, 0x00, 0x00, 0x02, 0xb0, 0x01, 
	0x00, 0x00, 0x9c, 0x04, 0x08, 0x9c, 0x00, 0x00, 0x00, 0x02, 0xab, 
	0x01, 0x00, 0x00, 0x9c, 0x04, 0x08, 0x9c, 0x00, 0x00, 0x00, 0x02, 
	0xf5, 0x01, 0x00, 0x00, 0x9c, 0x04, 0x08, 0x9c, 0x00, 0x00, 0x00, 
	0x02, 0xf0, 0x01, 0x00, 0x00, 0x9c, 0x04, 0x08, 0x9c, 0x00, 0x00, 
	0x00, 0x03, 0x5f, 0x5f, 0x6d, 0x00, 0x9c, 0x04, 0x08, 0x9c, 0x00, 
	0x00, 0x00, 0x00, 0x05, 0x4d, 0x07, 0x00, 0x00, 0x02, 0x6c, 0x01, 
	0x00, 0x00, 0x9d, 0x04, 0x08, 0x9c, 0x00, 0x00, 0x00, 0x02, 0x71, 
	0x01, 0x00, 0x00, 0x9d, 0x04, 0x08, 0x9c, 0x00, 0x00, 0x00, 0x02, 
	0x76, 0x01, 0x00, 0x00, 0x9d, 0x04, 0x08, 0x9c, 0x00, 0x00, 0x00, 
	0x02, 0x7b, 0x01, 0x00, 0x00, 0x9d, 0x04, 0x08, 0x9c, 0x00, 0x00, 
	0x00, 0x02, 0xff, 0x01, 0x00, 0x00, 0x9d, 0x04, 0x08, 0x9c, 0x00, 
	0x00, 0x00, 0x02, 0x42, 0x00, 0x00, 0x00, 0x9d, 0x04, 0x08, 0x9c, 
	0x00, 0x00, 0x00, 0x02, 0xfa, 0x01, 0x00, 0x00, 0x9d, 0x04, 0x08, 
	0x9c, 0x00, 0x00, 0x00, 0x02, 0x3d, 0x00, 0x00, 0x00, 0x9d, 0x04, 
	0x08, 0x9c, 0x00, 0x00, 0x00, 0x00, 0x05, 0x5f, 0x07, 0x00, 0x00, 
	0x03, 0x5f, 0x5f, 0x78, 0x00, 0xa2, 0x04, 0x05, 0x9c, 0x00, 0x00, 
	0x00, 0x00, 0x10, 0x03, 0x5f, 0x5f, 0x78, 0x00, 0xaa, 0x04, 0x05, 
	0x9c, 0x00, 0x00, 0x00, 0x00, 0x00, 0x00, 0x1f, 0x04, 0xb2, 0x00, 
	0x00, 0x00, 0x00, 0xbf, 0x07, 0x00, 0x00, 0x05, 0x00, 0x01, 0x04, 
	0xa6, 0x01, 0x00, 0x00, 0x12, 0x8c, 0x00, 0x00, 0x00, 0x1d, 0x00, 
	0x00, 0x00, 0x00, 0x26, 0x00, 0x00, 0x00, 0x30, 0x32, 0x00, 0x40, 
	0xe0, 0x03, 0x00, 0x00, 0x7b, 0x09, 0x00, 0x00, 0x04, 0x08, 0x07, 
	0x55, 0x00, 0x00, 0x00, 0x04, 0x04, 0x07, 0x5f, 0x00, 0x00, 0x00, 
	0x13, 0x04, 0x05, 0x69, 0x6e, 0x74, 0x00, 0x04, 0x08, 0x05, 0x47, 
	0x00, 0x00, 0x00, 0x04, 0x10, 0x04, 0xe4, 0x01, 0x00, 0x00, 0x04, 
	0x01, 0x06, 0x60, 0x01, 0x00, 0x00, 0x04, 0x01, 0x08, 0x5e, 0x01, 
	0x00, 0x00, 0x04, 0x02, 0x05, 0x21, 0x00, 0x00, 0x00, 0x04, 0x02, 
	0x07, 0x88, 0x01, 0x00, 0x00, 0x04, 0x04, 0x05, 0x4c, 0x00, 0x00, 
	0x00, 0x04, 0x04, 0x07, 0x5a, 0x00, 0x00, 0x00, 0x04, 0x01, 0x08, 
	0x67, 0x01, 0x00, 0x00, 0x04, 0x01, 0x02, 0xb5, 0x01, 0x00, 0x00, 
	0x08, 0x80, 0x01, 0x00, 0x00, 0x7e, 0x16, 0x50, 0x00, 0x00, 0x00, 
	0x0a, 0x81, 0x00, 0x00, 0x00, 0x08, 0xa4, 0x01, 0x00, 0x00, 0x83, 
	0x0f, 0x34, 0x00, 0x00, 0x00, 0x08, 0xa3, 0x01, 0x00, 0x00, 0x84, 
	0x16, 0x2d, 0x00, 0x00, 0x00, 0x08, 0x9c, 0x01, 0x00, 0x00, 0x87, 
	0x0f, 0x3b, 0x00, 0x00, 0x00, 0x08, 0x9b, 0x01, 0x00, 0x00, 0x88, 
	0x16, 0x26, 0x00, 0x00, 0x00, 0x04, 0x02, 0x04, 0x83, 0x00, 0x00, 
	0x00, 0x04, 0x04, 0x03, 0x7b, 0x00, 0x00, 0x00, 0x04, 0x04, 0x04, 
	0x1b, 0x00, 0x00, 0x00, 0x04, 0x08, 0x03, 0x13, 0x00, 0x00, 0x00, 
	0x04, 0x08, 0x04, 0xe9, 0x01, 0x00, 0x00, 0x04, 0x10, 0x03, 0xbb, 
	0x01, 0x00, 0x00, 0x04, 0x20, 0x03, 0xdc, 0x01, 0x00, 0x00, 0x14, 
	0x0a, 0x00, 0x00, 0x00, 0x08, 0x02, 0x05, 0x02, 0x0a, 0x19, 0x01, 
	0x00, 0x00, 0x15, 0x6c, 0x6f, 0x77, 0x00, 0x02, 0x05, 0x02, 0x1a, 
	0x91, 0x00, 0x00, 0x00, 0x00, 0x16, 0x6c, 0x00, 0x00, 0x00, 0x02, 
	0x05, 0x02, 0x1f, 0x91, 0x00, 0x00, 0x00, 0x04, 0x00, 0x17, 0x08, 
	0x02, 0x0c, 0x02, 0x09, 0x39, 0x01, 0x00, 0x00, 0x0d, 0x73, 0x00, 
	0x0e, 0x02, 0x13, 0xee, 0x00, 0x00, 0x00, 0x0d, 0x6c, 0x6c, 0x00, 
	0x0f, 0x02, 0x0a, 0xa7, 0x00, 0x00, 0x00, 0x00, 0x18, 0x2b, 0x00, 
	0x00, 0x00, 0x02, 0x10, 0x02, 0x03, 0x19, 0x01, 0x00, 0x00, 0x0a, 
	0x39, 0x01, 0x00, 0x00, 0x19, 0x8c, 0x00, 0x00, 0x00, 0x5b, 0x01, 
	0x00, 0x00, 0x1a, 0x2d, 0x00, 0x00, 0x00, 0xff, 0x00, 0x0a, 0x4b, 
	0x01, 0x00, 0x00, 0x1b, 0x71, 0x00, 0x00, 0x00, 0x02, 0x1a, 0x02, 
	0x16, 0x5b, 0x01, 0x00, 0x00, 0x1c, 0x04, 0x02, 0x00, 0x00, 0x01, 
	0x06, 0x05, 0x01, 0xb2, 0x00, 0x00, 0x00, 0x30, 0x32, 0x00, 0x40, 
	0xe0, 0x03, 0x00, 0x00, 0x01, 0x9c, 0x90, 0x04, 0x00, 0x00, 0x0e, 
	0x75, 0x00, 0x14, 0xb2, 0x00, 0x00, 0x00, 0xbe, 0x06, 0x00, 0x00, 
	0x0e, 0x76, 0x00, 0x1f, 0xb2, 0x00, 0x00, 0x00, 0x34, 0x07, 0x00, 
	0x00, 0x03, 0x77, 0x00, 0x08, 0x05, 0x0b, 0xb2, 0x00, 0x00, 0x00, 
	0x1d, 0x90, 0x04, 0x00, 0x00, 0x30, 0x32, 0x00, 0x40, 0xdc, 0x03, 
	0x00, 0x00, 0x01, 0x0a, 0x05, 0x0a, 0x0b, 0xa2, 0x04, 0x00, 0x00, 
	0xaa, 0x07, 0x00, 0x00, 0x0b, 0xaa, 0x04, 0x00, 0x00, 0xe5, 0x07, 
	0x00, 0x00, 0x0b, 0xb2, 0x04, 0x00, 0x00, 0x14, 0x08, 0x00, 0x00, 
	0x06, 0xbb, 0x04, 0x00, 0x00, 0x06, 0xc6, 0x04, 0x00, 0x00, 0x06, 
	0xd1, 0x04, 0x00, 0x00, 0x01, 0xdc, 0x04, 0x00, 0x00, 0x20, 0x08, 
	0x00, 0x00, 0x01, 0xe7, 0x04, 0x00, 0x00, 0x56, 0x08, 0x00, 0x00, 
	0x01, 0xf2, 0x04, 0x00, 0x00, 0x78, 0x08, 0x00, 0x00, 0x01, 0xfd, 
	0x04, 0x00, 0x00, 0xa8, 0x08, 0x00, 0x00, 0x01, 0x08, 0x05, 0x00, 
	0x00, 0xf2, 0x08, 0x00, 0x00, 0x01, 0x13, 0x05, 0x00, 0x00, 0x01, 
	0x09, 0x00, 0x00, 0x01, 0x1e, 0x05, 0x00, 0x00, 0x0a, 0x09, 0x00, 
	0x00, 0x01, 0x29, 0x05, 0x00, 0x00, 0x1b, 0x09, 0x00, 0x00, 0x01, 
	0x33, 0x05, 0x00, 0x00, 0x2a, 0x09, 0x00, 0x00, 0x06, 0x3e, 0x05, 
	0x00, 0x00, 0x07, 0x49, 0x05, 0x00, 0x00, 0x9b, 0x00, 0x00, 0x00, 
	0x5b, 0x02, 0x00, 0x00, 0x01, 0x4e, 0x05, 0x00, 0x00, 0x4d, 0x09, 
	0x00, 0x00, 0x01, 0x5a, 0x05, 0x00, 0x00, 0x5a, 0x09, 0x00, 0x00, 
	0x00, 0x09, 0x67, 0x05, 0x00, 0x00, 0x90, 0x32, 0x00, 0x40, 0x48, 
	0x00, 0x00, 0x00, 0xa8, 0x02, 0x00, 0x00, 0x01, 0x6c, 0x05, 0x00, 
	0x00, 0x60, 0x09, 0x00, 0x00, 0x01, 0x78, 0x05, 0x00, 0x00, 0x67, 
	0x09, 0x00, 0x00, 0x06, 0x84, 0x05, 0x00, 0x00, 0x01, 0x90, 0x05, 
	0x00, 0x00, 0x6e, 0x09, 0x00, 0x00, 0x01, 0x9c, 0x05, 0x00, 0x00, 
	0x88, 0x09, 0x00, 0x00, 0x01, 0xa8, 0x05, 0x00, 0x00, 0x90, 0x09, 
	0x00, 0x00, 0x01, 0xb4, 0x05, 0x00, 0x00, 0xa4, 0x09, 0x00, 0x00, 
	0x00, 0x07, 0x39, 0x06, 0x00, 0x00, 0xa4, 0x00, 0x00, 0x00, 0xf5, 
	0x02, 0x00, 0x00, 0x01, 0x3e, 0x06, 0x00, 0x00, 0xab, 0x09, 0x00, 
	0x00, 0x01, 0x4a, 0x06, 0x00, 0x00, 0xb3, 0x09, 0x00, 0x00, 0x01, 
	0x56, 0x06, 0x00, 0x00, 0xbb, 0x09, 0x00, 0x00, 0x01, 0x62, 0x06, 
	0x00, 0x00, 0xc3, 0x09, 0x00, 0x00, 0x01, 0x6e, 0x06, 0x00, 0x00, 
	0xdd, 0x09, 0x00, 0x00, 0x01, 0x7a, 0x06, 0x00, 0x00, 0xf8, 0x09, 
	0x00, 0x00, 0x01, 0x86, 0x06, 0x00, 0x00, 0x13, 0x0a, 0x00, 0x00, 
	0x00, 0x07, 0xc1, 0x05, 0x00, 0x00, 0xaf, 0x00, 0x00, 0x00, 0x15, 
	0x03, 0x00, 0x00, 0x01, 0xc6, 0x05, 0x00, 0x00, 0x22, 0x0a, 0x00, 
	0x00, 0x01, 0xd2, 0x05, 0x00, 0x00, 0x31, 0x0a, 0x00, 0x00, 0x00, 
	0x07, 0xdf, 0x05, 0x00, 0x00, 0xbf, 0x00, 0x00, 0x00, 0x62, 0x03, 
	0x00, 0x00, 0x01, 0xe4, 0x05, 0x00, 0x00, 0x39, 0x0a, 0x00, 0x00, 
	0x01, 0xf0, 0x05, 0x00, 0x00, 0x41, 0x0a, 0x00, 0x00, 0x01, 0xfc, 
	0x05, 0x00, 0x00, 0x49, 0x0a, 0x00, 0x00, 0x01, 0x08, 0x06, 0x00, 
	0x00, 0x51, 0x0a, 0x00, 0x00, 0x01, 0x14, 0x06, 0x00, 0x00, 0x6b, 
	0x0a, 0x00, 0x00, 0x01, 0x20, 0x06, 0x00, 0x00, 0x86, 0x0a, 0x00, 
	0x00, 0x01, 0x2c, 0x06, 0x00, 0x00, 0xa1, 0x0a, 0x00, 0x00, 0x00, 
	0x07, 0x93, 0x06, 0x00, 0x00, 0xca, 0x00, 0x00, 0x00, 0x82, 0x03, 
	0x00, 0x00, 0x01, 0x98, 0x06, 0x00, 0x00, 0xb0, 0x0a, 0x00, 0x00, 
	0x01, 0xa4, 0x06, 0x00, 0x00, 0xbf, 0x0a, 0x00, 0x00, 0x00, 0x09, 
	0xb1, 0x06, 0x00, 0x00, 0x8c, 0x34, 0x00, 0x40, 0x14, 0x00, 0x00, 
	0x00, 0x99, 0x03, 0x00, 0x00, 0x06, 0xb6, 0x06, 0x00, 0x00, 0x00, 
	0x0f, 0xc3, 0x06, 0x00, 0x00, 0xc0, 0x34, 0x00, 0x40, 0x4c, 0x01, 
	0x00, 0x00, 0x01, 0xc4, 0x06, 0x00, 0x00, 0xc7, 0x0a, 0x00, 0x00, 
	0x01, 0xcf, 0x06, 0x00, 0x00, 0xcf, 0x0a, 0x00, 0x00, 0x07, 0xda, 
	0x06, 0x00, 0x00, 0xd5, 0x00, 0x00, 0x00, 0x05, 0x04, 0x00, 0x00, 
	0x01, 0xdf, 0x06, 0x00, 0x00, 0xde, 0x0a, 0x00, 0x00, 0x01, 0xeb, 
	0x06, 0x00, 0x00, 0xf1, 0x0a, 0x00, 0x00, 0x01, 0xf7, 0x06, 0x00, 
	0x00, 0x06, 0x0b, 0x00, 0x00, 0x01, 0x03, 0x07, 0x00, 0x00, 0x15, 
	0x0b, 0x00, 0x00, 0x01, 0x0f, 0x07, 0x00, 0x00, 0x24, 0x0b, 0x00, 
	0x00, 0x01, 0x1b, 0x07, 0x00, 0x00, 0x46, 0x0b, 0x00, 0x00, 0x01, 
	0x27, 0x07, 0x00, 0x00, 0x68, 0x0b, 0x00, 0x00, 0x00, 0x09, 0x34, 
	0x07, 0x00, 0x00, 0x74, 0x35, 0x00, 0x40, 0x58, 0x00, 0x00, 0x00, 
	0x5b, 0x04, 0x00, 0x00, 0x01, 0x39, 0x07, 0x00, 0x00, 0x93, 0x0b, 
	0x00, 0x00, 0x01, 0x45, 0x07, 0x00, 0x00, 0x9b, 0x0b, 0x00, 0x00, 
	0x01, 0x51, 0x07, 0x00, 0x00, 0xa3, 0x0b, 0x00, 0x00, 0x01, 0x5d, 
	0x07, 0x00, 0x00, 0xab, 0x0b, 0x00, 0x00, 0x01, 0x69, 0x07, 0x00, 
	0x00, 0xb3, 0x0b, 0x00, 0x00, 0x10, 0x75, 0x07, 0x00, 0x00, 0x01, 
	0x6c, 0x01, 0x81, 0x07, 0x00, 0x00, 0xbb, 0x0b, 0x00, 0x00, 0x10, 
	0x8d, 0x07, 0x00, 0x00, 0x01, 0x5e, 0x00, 0x09, 0x9a, 0x07, 0x00, 
	0x00, 0xd8, 0x35, 0x00, 0x40, 0x14, 0x00, 0x00, 0x00, 0x76, 0x04, 
	0x00, 0x00, 0x01, 0x9f, 0x07, 0x00, 0x00, 0xc3, 0x0b, 0x00, 0x00, 
	0x00, 0x0f, 0xac, 0x07, 0x00, 0x00, 0xec, 0x35, 0x00, 0x40, 0x10, 
	0x00, 0x00, 0x00, 0x01, 0xad, 0x07, 0x00, 0x00, 0xcb, 0x0b, 0x00, 
	0x00, 0x00, 0x00, 0x00, 0x00, 0x1e, 0xcf, 0x01, 0x00, 0x00, 0x01, 
	0xe3, 0x03, 0x01, 0xb2, 0x00, 0x00, 0x00, 0x03, 0xbc, 0x07, 0x00, 
	0x00, 0x0c, 0x6e, 0x00, 0x17, 0xb2, 0x00, 0x00, 0x00, 0x0c, 0x64, 
	0x00, 0x22, 0xb2, 0x00, 0x00, 0x00, 0x0c, 0x72, 0x70, 0x00, 0x2e, 
	0xbc, 0x07, 0x00, 0x00, 0x03, 0x6e, 0x6e, 0x00, 0xe5, 0x03, 0x11, 
	0x46, 0x01, 0x00, 0x00, 0x03, 0x64, 0x64, 0x00, 0xe6, 0x03, 0x11, 
	0x46, 0x01, 0x00, 0x00, 0x03, 0x72, 0x72, 0x00, 0xe7, 0x03, 0x0b, 
	0x39, 0x01, 0x00, 0x00, 0x03, 0x64, 0x30, 0x00, 0xe8, 0x03, 0x0a, 
	0x9c, 0x00, 0x00, 0x00, 0x03, 0x64, 0x31, 0x00, 0xe8, 0x03, 0x0e, 
	0x9c, 0x00, 0x00, 0x00, 0x03, 0x6e, 0x30, 0x00, 0xe8, 0x03, 0x12, 
	0x9c, 0x00, 0x00, 0x00, 0x03, 0x6e, 0x31, 0x00, 0xe8, 0x03, 0x16, 
	0x9c, 0x00, 0x00, 0x00, 0x03, 0x6e, 0x32, 0x00, 0xe8, 0x03, 0x1a, 
	0x9c, 0x00, 0x00, 0x00, 0x03, 0x71, 0x30, 0x00, 0xe9, 0x03, 0x0a, 
	0x9c, 0x00, 0x00, 0x00, 0x03, 0x71, 0x31, 0x00, 0xe9, 0x03, 0x0e, 
	0x9c, 0x00, 0x00, 0x00, 0x03, 0x62, 0x00, 0xea, 0x03, 0x0a, 0x9c, 
	0x00, 0x00, 0x00, 0x03, 0x62, 0x6d, 0x00, 0xea, 0x03, 0x0d, 0x9c, 
	0x00, 0x00, 0x00, 0x03, 0x77, 0x77, 0x00, 0xb3, 0x04, 0x11, 0x46, 
	0x01, 0x00, 0x00, 0x05, 0x67, 0x05, 0x00, 0x00, 0x02, 0xca, 0x01, 
	0x00, 0x00, 0x1a, 0x04, 0x04, 0x9c, 0x00, 0x00, 0x00, 0x03, 0x5f, 
	0x5f, 0x61, 0x00, 0x1a, 0x04, 0x04, 0x9c, 0x00, 0x00, 0x00, 0x00, 
	0x05, 0xc1, 0x05, 0x00, 0x00, 0x02, 0x38, 0x00, 0x00, 0x00, 0x26, 
	0x04, 0x04, 0x9c, 0x00, 0x00, 0x00, 0x02, 0x33, 0x00, 0x00, 0x00, 
	0x26, 0x04, 0x04, 0x9c, 0x00, 0x00, 0x00, 0x02, 0xb0, 0x01, 0x00, 
	0x00, 0x26, 0x04, 0x04, 0x9c, 0x00, 0x00, 0x00, 0x02, 0xab, 0x01, 
	0x00, 0x00, 0x26, 0x04, 0x04, 0x9c, 0x00, 0x00, 0x00, 0x02, 0xf5, 
	0x01, 0x00, 0x00, 0x26, 0x04, 0x04, 0x9c, 0x00, 0x00, 0x00, 0x02, 
	0xf0, 0x01, 0x00, 0x00, 0x26, 0x04, 0x04, 0x9c, 0x00, 0x00, 0x00, 
	0x03, 0x5f, 0x5f, 0x6d, 0x00, 0x26, 0x04, 0x04, 0x9c, 0x00, 0x00, 
	0x00, 0x00, 0x05, 0xdf, 0x05, 0x00, 0x00, 0x02, 0xca, 0x01, 0x00, 
	0x00, 0x32, 0x04, 0x04, 0x9c, 0x00, 0x00, 0x00, 0x03, 0x5f, 0x5f, 
	0x61, 0x00, 0x32, 0x04, 0x04, 0x9c, 0x00, 0x00, 0x00, 0x00, 0x05, 
	0x39, 0x06, 0x00, 0x00, 0x02, 0x38, 0x00, 0x00, 0x00, 0x4b, 0x04, 
	0x08, 0x9c, 0x00, 0x00, 0x00, 0x02, 0x33, 0x00, 0x00, 0x00, 0x4b, 
	0x04, 0x08, 0x9c, 0x00, 0x00, 0x00, 0x02, 0xb0, 0x01, 0x00, 0x00, 
	0x4b, 0x04, 0x08, 0x9c, 0x00, 0x00, 0x00, 0x02, 0xab, 0x01, 0x00, 
	0x00, 0x4b, 0x04, 0x08, 0x9c, 0x00, 0x00, 0x00, 0x02, 0xf5, 0x01, 
	0x00, 0x00, 0x4b, 0x04, 0x08, 0x9c, 0x00, 0x00, 0x00, 0x02, 0xf0, 
	0x01, 0x00, 0x00, 0x4b, 0x04, 0x08, 0x9c, 0x00, 0x00, 0x00, 0x03, 
	0x5f, 0x5f, 0x6d, 0x00, 0x4b, 0x04, 0x08, 0x9c, 0x00, 0x00, 0x00, 
	0x00, 0x05, 0x93, 0x06, 0x00, 0x00, 0x02, 0x38, 0x00, 0x00, 0x00, 
	0x50, 0x04, 0x04, 0x9c, 0x00, 0x00, 0x00, 0x02, 0x33, 0x00, 0x00, 
	0x00, 0x50, 0x04, 0x04, 0x9c, 0x00, 0x00, 0x00, 0x02, 0xb0, 0x01, 
	0x00, 0x00, 0x50, 0x04, 0x04, 0x9c, 0x00, 0x00, 0x00, 0x02, 0xab, 
	0x01, 0x00, 0x00, 0x50, 0x04, 0x04, 0x9c, 0x00, 0x00, 0x00, 0x02, 
	0xf5, 0x01, 0x00, 0x00, 0x50, 0x04, 0x04, 0x9c, 0x00, 0x00, 0x00, 
	0x02, 0xf0, 0x01, 0x00, 0x00, 0x50, 0x04, 0x04, 0x9c, 0x00, 0x00, 
	0x00, 0x03, 0x5f, 0x5f, 0x6d, 0x00, 0x50, 0x04, 0x04, 0x9c, 0x00, 
	0x00, 0x00, 0x00, 0x05, 0xb1, 0x06, 0x00, 0x00, 0x02, 0xca, 0x01, 
	0x00, 0x00, 0x73, 0x04, 0x04, 0x9c, 0x00, 0x00, 0x00, 0x03, 0x5f, 
	0x5f, 0x61, 0x00, 0x73, 0x04, 0x04, 0x9c, 0x00, 0x00, 0x00, 0x00, 
	0x05, 0xc3, 0x06, 0x00, 0x00, 0x03, 0x5f, 0x5f, 0x78, 0x00, 0x81, 
	0x04, 0x05, 0x9c, 0x00, 0x00, 0x00, 0x00, 0x11, 0x03, 0x6d, 0x31, 
	0x00, 0x91, 0x04, 0x0f, 0x9c, 0x00, 0x00, 0x00, 0x03, 0x6d, 0x30, 
	0x00, 0x91, 0x04, 0x13, 0x9c, 0x00, 0x00, 0x00, 0x05, 0x34, 0x07, 
	0x00, 0x00, 0x02, 0x38, 0x00, 0x00, 0x00, 0x9c, 0x04, 0x08, 0x9c, 
	0x00, 0x00, 0x00, 0x02, 0x33, 0x00, 0x00, 0x00, 0x9c, 0x04, 0x08, 
	0x9c, 0x00, 0x00, 0x00, 0x02, 0xb0, 0x01, 0x00, 0x00, 0x9c, 0x04, 
	0x08, 0x9c, 0x00, 0x00, 0x00, 0x02, 0xab, 0x01, 0x00, 0x00, 0x9c, 
	0x04, 0x08, 0x9c, 0x00, 0x00, 0x00, 0x02, 0xf5, 0x01, 0x00, 0x00, 
	0x9c, 0x04, 0x08, 0x9c, 0x00, 0x00, 0x00, 0x02, 0xf0, 0x01, 0x00, 
	0x00, 0x9c, 0x04, 0x08, 0x9c, 0x00, 0x00, 0x00, 0x03, 0x5f, 0x5f, 
	0x6d, 0x00, 0x9c, 0x04, 0x08, 0x9c, 0x00, 0x00, 0x00, 0x00, 0x05, 
	0x9a, 0x07, 0x00, 0x00, 0x02, 0x6c, 0x01, 0x00, 0x00, 0x9d, 0x04, 
	0x08, 0x9c, 0x00, 0x00, 0x00, 0x02, 0x71, 0x01, 0x00, 0x00, 0x9d, 
	0x04, 0x08, 0x9c, 0x00, 0x00, 0x00, 0x02, 0x76, 0x01, 0x00, 0x00, 
	0x9d, 0x04, 0x08, 0x9c, 0x00, 0x00, 0x00, 0x02, 0x7b, 0x01, 0x00, 
	0x00, 0x9d, 0x04, 0x08, 0x9c, 0x00, 0x00, 0x00, 0x02, 0xff, 0x01, 
	0x00, 0x00, 0x9d, 0x04, 0x08, 0x9c, 0x00, 0x00, 0x00, 0x02, 0x42, 
	0x00, 0x00, 0x00, 0x9d, 0x04, 0x08, 0x9c, 0x00, 0x00, 0x00, 0x02, 
	0xfa, 0x01, 0x00, 0x00, 0x9d, 0x04, 0x08, 0x9c, 0x00, 0x00, 0x00, 
	0x02, 0x3d, 0x00, 0x00, 0x00, 0x9d, 0x04, 0x08, 0x9c, 0x00, 0x00, 
	0x00, 0x00, 0x05, 0xac, 0x07, 0x00, 0x00, 0x03, 0x5f, 0x5f, 0x78, 
	0x00, 0xa2, 0x04, 0x05, 0x9c, 0x00, 0x00, 0x00, 0x00, 0x11, 0x03, 
	0x5f, 0x5f, 0x78, 0x00, 0xaa, 0x04, 0x05, 0x9c, 0x00, 0x00, 0x00, 
	0x00, 0x00, 0x00, 0x1f, 0x04, 0xb2, 0x00, 0x00, 0x00, 0x00, 0xe9, 
	0x00, 0x00, 0x00, 0x05, 0x00, 0x01, 0x04, 0x50, 0x03, 0x00, 0x00, 
	0x03, 0x0e, 0x02, 0x00, 0x00, 0x1d, 0x00, 0x00, 0x00, 0x00, 0x26, 
	0x00, 0x00, 0x00, 0x08, 0x13, 0x00, 0x00, 0x04, 0x04, 0x05, 0x69, 
	0x6e, 0x74, 0x00, 0x01, 0x04, 0x07, 0x5f, 0x00, 0x00, 0x00, 0x01, 
	0x08, 0x05, 0x47, 0x00, 0x00, 0x00, 0x01, 0x10, 0x04, 0xe4, 0x01, 
	0x00, 0x00, 0x01, 0x01, 0x06, 0x60, 0x01, 0x00, 0x00, 0x01, 0x01, 
	0x08, 0x5e, 0x01, 0x00, 0x00, 0x01, 0x02, 0x05, 0x21, 0x00, 0x00, 
	0x00, 0x01, 0x02, 0x07, 0x88, 0x01, 0x00, 0x00, 0x01, 0x04, 0x05, 
	0x4c, 0x00, 0x00, 0x00, 0x01, 0x04, 0x07, 0x5a, 0x00, 0x00, 0x00, 
	0x01, 0x08, 0x07, 0x55, 0x00, 0x00, 0x00, 0x01, 0x01, 0x08, 0x67, 
	0x01, 0x00, 0x00, 0x01, 0x01, 0x02, 0xb5, 0x01, 0x00, 0x00, 0x05, 
	0x80, 0x01, 0x00, 0x00, 0x01, 0x7e, 0x16, 0x41, 0x00, 0x00, 0x00, 
	0x02, 0x79, 0x00, 0x00, 0x00, 0x01, 0x02, 0x04, 0x83, 0x00, 0x00, 
	0x00, 0x01, 0x04, 0x03, 0x7b, 0x00, 0x00, 0x00, 0x01, 0x04, 0x04, 
	0x1b, 0x00, 0x00, 0x00, 0x01, 0x08, 0x03, 0x13, 0x00, 0x00, 0x00, 
	0x01, 0x08, 0x04, 0xe9, 0x01, 0x00, 0x00, 0x01, 0x10, 0x03, 0xbb, 
	0x01, 0x00, 0x00, 0x01, 0x20, 0x03, 0xdc, 0x01, 0x00, 0x00, 0x06, 
	0x85, 0x00, 0x00, 0x00, 0xcb, 0x00, 0x00, 0x00, 0x07, 0x25, 0x00, 
	0x00, 0x00, 0xff, 0x00, 0x02, 0xbb, 0x00, 0x00, 0x00, 0x08, 0x71, 
	0x00, 0x00, 0x00, 0x01, 0x1a, 0x02, 0x16, 0xcb, 0x00, 0x00, 0x00, 
	0x09, 0xd0, 0x00, 0x00, 0x00, 0x02, 0x9e, 0x02, 0x0f, 0x05, 0x03, 
	0x54, 0x38, 0x00, 0x40, 0x00, 0x01, 0x34, 0x00, 0x31, 0x13, 0x02, 
	0x17, 0x00, 0x00, 0x02, 0x34, 0x00, 0x03, 0x0e, 0x3a, 0x21, 0x01, 
	0x3b, 0x05, 0x39, 0x0b, 0x49, 0x13, 0x00, 0x00, 0x03, 0x34, 0x00, 
	0x03, 0x08, 0x3a, 0x21, 0x01, 0x3b, 0x05, 0x39, 0x0b, 0x49, 0x13, 
	0x00, 0x00, 0x04, 0x24, 0x00, 0x0b, 0x0b, 0x3e, 0x0b, 0x03, 0x0e, 
	0x00, 0x00, 0x05, 0x0b, 0x01, 0x01, 0x13, 0x00, 0x00, 0x06, 0x16, 
	0x00, 0x03, 0x0e, 0x3a, 0x21, 0x02, 0x3b, 0x0b, 0x39, 0x0b, 0x49, 
	0x13, 0x00, 0x00, 0x07, 0x0b, 0x01, 0x31, 0x13, 0x55, 0x17, 0x01, 
	0x13, 0x00, 0x00, 0x08, 0x34, 0x00, 0x31, 0x13, 0x00, 0x00, 0x09, 
	0x26, 0x00, 0x49, 0x13, 0x00, 0x00, 0x0a, 0x05, 0x00, 0x31, 0x13, 
	0x02, 0x17, 0x00, 0x00, 0x0b, 0x05, 0x00, 0x03, 0x08, 0x3a, 0x21, 
	0x01, 0x3b, 0x21, 0xe3, 0x07, 0x39, 0x0b, 0x49, 0x13, 0x00, 0x00, 
	0x0c, 0x0d, 0x00, 0x03, 0x08, 0x3a, 0x21, 0x02, 0x3b, 0x05, 0x39, 
	0x0b, 0x49, 0x13, 0x00, 0x00, 0x0d, 0x05, 0x00, 0x03, 0x08, 0x3a, 
	0x21, 0x01, 0x3b, 0x21, 0x92, 0x0a, 0x39, 0x0b, 0x49, 0x13, 0x02, 
	0x17, 0x00, 0x00, 0x0e, 0x0b, 0x01, 0x31, 0x13, 0x11, 0x01, 0x12, 
	0x06, 0x01, 0x13, 0x00, 0x00, 0x0f, 0x0b, 0x01, 0x31, 0x13, 0x55, 
	0x17, 0x00, 0x00, 0x10, 0x0b, 0x01, 0x00, 0x00, 0x11, 0x11, 0x01, 
	0x25, 0x0e, 0x13, 0x0b, 0x03, 0x1f, 0x1b, 0x1f, 0x11, 0x01, 0x12, 
	0x06, 0x10, 0x17, 0x00, 0x00, 0x12, 0x24, 0x00, 0x0b, 0x0b, 0x3e, 
	0x0b, 0x03, 0x08, 0x00, 0x00, 0x13, 0x13, 0x01, 0x03, 0x0e, 0x0b, 
	0x0b, 0x3a, 0x0b, 0x3b, 0x05, 0x39, 0x0b, 0x01, 0x13, 0x00, 0x00, 
	0x14, 0x0d, 0x00, 0x03, 0x08, 0x3a, 0x0b, 0x3b, 0x05, 0x39, 0x0b, 
	0x49, 0x13, 0x38, 0x0b, 0x00, 0x00, 0x15, 0x0d, 0x00, 0x03, 0x0e, 
	0x3a, 0x0b, 0x3b, 0x05, 0x39, 0x0b, 0x49, 0x13, 0x38, 0x0b, 0x00, 
	0x00, 0x16, 0x17, 0x01, 0x0b, 0x0b, 0x3a, 0x0b, 0x3b, 0x05, 0x39, 
	0x0b, 0x01, 0x13, 0x00, 0x00, 0x17, 0x16, 0x00, 0x03, 0x0e, 0x3a, 
	0x0b, 0x3b, 0x05, 0x39, 0x0b, 0x49, 0x13, 0x00, 0x00, 0x18, 0x01, 
	0x01, 0x49, 0x13, 0x01, 0x13, 0x00, 0x00, 0x19, 0x21, 0x00, 0x49, 
	0x13, 0x2f, 0x0b, 0x00, 0x00, 0x1a, 0x34, 0x00, 0x03, 0x0e, 0x3a, 
	0x0b, 0x3b, 0x05, 0x39, 0x0b, 0x49, 0x13, 0x3f, 0x19, 0x3c, 0x19, 
	0x00, 0x00, 0x1b, 0x2e, 0x01, 0x3f, 0x19, 0x03, 0x0e, 0x3a, 0x0b, 
	0x3b, 0x05, 0x39, 0x0b, 0x27, 0x19, 0x49, 0x13, 0x11, 0x01, 0x12, 
	0x06, 0x40, 0x18, 0x7a, 0x19, 0x01, 0x13, 0x00, 0x00, 0x1c, 0x1d, 
	0x01, 0x31, 0x13, 0x52, 0x01, 0x55, 0x17, 0x58, 0x0b, 0x59, 0x05, 
	0x57, 0x0b, 0x00, 0x00, 0x1d, 0x0b, 0x01, 0x55, 0x17, 0x00, 0x00, 
	0x1e, 0x2e, 0x01, 0x03, 0x0e, 0x3a, 0x0b, 0x3b, 0x05, 0x39, 0x0b, 
	0x27, 0x19, 0x49, 0x13, 0x20, 0x0b, 0x01, 0x13, 0x00, 0x00, 0x1f, 
	0x0f, 0x00, 0x0b, 0x0b, 0x49, 0x13, 0x00, 0x00, 0x00, 0x01, 0x34, 
	0x00, 0x31, 0x13, 0x02, 0x17, 0x00, 0x00, 0x02, 0x34, 0x00, 0x03, 
	0x0e, 0x3a, 0x21, 0x01, 0x3b, 0x05, 0x39, 0x0b, 0x49, 0x13, 0x00, 
	0x00, 0x03, 0x34, 0x00, 0x03, 0x08, 0x3a, 0x21, 0x01, 0x3b, 0x05, 
	0x39, 0x0b, 0x49, 0x13, 0x00, 0x00, 0x04, 0x24, 0x00, 0x0b, 0x0b, 
	0x3e, 0x0b, 0x03, 0x0e, 0x00, 0x00, 0x05, 0x0b, 0x01, 0x01, 0x13, 
	0x00, 0x00, 0x06, 0x34, 0x00, 0x31, 0x13, 0x00, 0x00, 0x07, 0x0b, 
	0x01, 0x31, 0x13, 0x55, 0x17, 0x01, 0x13, 0x00, 0x00, 0x08, 0x16, 
	0x00, 0x03, 0x0e, 0x3a, 0x21, 0x02, 0x3b, 0x0b, 0x39, 0x0b, 0x49, 
	0x13, 0x00, 0x00, 0x09, 0x0b, 0x01, 0x31, 0x13, 0x11, 0x01, 0x12, 
	0x06, 0x01, 0x13, 0x00, 0x00, 0x0a, 0x26, 0x00, 0x49, 0x13, 0x00, 
	0x00, 0x0b, 0x05, 0x00, 0x31, 0x13, 0x02, 0x17, 0x00, 0x00, 0x0c, 
	0x05, 0x00, 0x03, 0x08, 0x3a, 0x21, 0x01, 0x3b, 0x21, 0xe3, 0x07, 
	0x39, 0x0b, 0x49, 0x13, 0x00, 0x00, 0x0d, 0x0d, 0x00, 0x03, 0x08, 
	0x3a, 0x21, 0x02, 0x3b, 0x05, 0x39, 0x0b, 0x49, 0x13, 0x00, 0x00, 
	0x0e, 0x05, 0x00, 0x03, 0x08, 0x3a, 0x21, 0x01, 0x3b, 0x21, 0x86, 
	0x0a, 0x39, 0x0b, 0x49, 0x13, 0x02, 0x17, 0x00, 0x00, 0x0f, 0x0b, 
	0x01, 0x31, 0x13, 0x11, 0x01, 0x12, 0x06, 0x00, 0x00, 0x10, 0x34, 
	0x00, 0x31, 0x13, 0x02, 0x18, 0x00, 0x00, 0x11, 0x0b, 0x01, 0x00, 
	0x00, 0x12, 0x11, 0x01, 0x25, 0x0e, 0x13, 0x0b, 0x03, 0x1f, 0x1b, 
	0x1f, 0x11, 0x01, 0x12, 0x06, 0x10, 0x17, 0x00, 0x00, 0x13, 0x24, 
	0x00, 0x0b, 0x0b, 0x3e, 0x0b, 0x03, 0x08, 0x00, 0x00, 0x14, 0x13, 
	0x01, 0x03, 0x0e, 0x0b, 0x0b, 0x3a, 0x0b, 0x3b, 0x05, 0x39, 0x0b, 
	0x01, 0x13, 0x00, 0x00, 0x15, 0x0d, 0x00, 0x03, 0x08, 0x3a, 0x0b, 
	0x3b, 0x05, 0x39, 0x0b, 0x49, 0x13, 0x38, 0x0b, 0x00, 0x00, 0x16, 
	0x0d, 0x00, 0x03, 0x0e, 0x3a, 0x0b, 0x3b, 0x05, 0x39, 0x0b, 0x49, 
	0x13, 0x38, 0x0b, 0x00, 0x00, 0x17, 0x17, 0x01, 0x0b, 0x0b, 0x3a, 
	0x0b, 0x3b, 0x05, 0x39, 0x0b, 0x01, 0x13, 0x00, 0x00, 0x18, 0x16, 
	0x00, 0x03, 0x0e, 0x3a, 0x0b, 0x3b, 0x05, 0x39, 0x0b, 0x49, 0x13, 
	0x00, 0x00, 0x19, 0x01, 0x01, 0x49, 0x13, 0x01, 0x13, 0x00, 0x00, 
	0x1a, 0x21, 0x00, 0x49, 0x13, 0x2f, 0x0b, 0x00, 0x00, 0x1b, 0x34, 
	0x00, 0x03, 0x0e, 0x3a, 0x0b, 0x3b, 0x05, 0x39, 0x0b, 0x49, 0x13, 
	0x3f, 0x19, 0x3c, 0x19, 0x00, 0x00, 0x1c, 0x2e, 0x01, 0x3f, 0x19, 
	0x03, 0x0e, 0x3a, 0x0b, 0x3b, 0x05, 0x39, 0x0b, 0x27, 0x19, 0x49, 
	0x13, 0x11, 0x01, 0x12, 0x06, 0x40, 0x18, 0x7a, 0x19, 0x01, 0x13, 
	0x00, 0x00, 0x1d, 0x1d, 0x01, 0x31, 0x13, 0x11, 0x01, 0x12, 0x06, 
	0x58, 0x0b, 0x59, 0x05, 0x57, 0x0b, 0x00, 0x00, 0x1e, 0x2e, 0x01, 
	0x03, 0x0e, 0x3a, 0x0b, 0x3b, 0x05, 0x39, 0x0b, 0x27, 0x19, 0x49, 
	0x13, 0x20, 0x0b, 0x01, 0x13, 0x00, 0x00, 0x1f, 0x0f, 0x00, 0x0b, 
	0x0b, 0x49, 0x13, 0x00, 0x00, 0x00, 0x01, 0x24, 0x00, 0x0b, 0x0b, 
	0x3e, 0x0b, 0x03, 0x0e, 0x00, 0x00, 0x02, 0x26, 0x00, 0x49, 0x13, 
	0x00, 0x00, 0x03, 0x11, 0x01, 0x25, 0x0e, 0x13, 0x0b, 0x03, 0x1f, 
	0x1b, 0x1f, 0x10, 0x17, 0x00, 0x00, 0x04, 0x24, 0x00, 0x0b, 0x0b, 
	0x3e, 0x0b, 0x03, 0x08, 0x00, 0x00, 0x05, 0x16, 0x00, 0x03, 0x0e, 
	0x3a, 0x0b, 0x3b, 0x0b, 0x39, 0x0b, 0x49, 0x13, 0x00, 0x00, 0x06, 
	0x01, 0x01, 0x49, 0x13, 0x01, 0x13, 0x00, 0x00, 0x07, 0x21, 0x00, 
	0x49, 0x13, 0x2f, 0x0b, 0x00, 0x00, 0x08, 0x34, 0x00, 0x03, 0x0e, 
	0x3a, 0x0b, 0x3b, 0x05, 0x39, 0x0b, 0x49, 0x13, 0x3f, 0x19, 0x3c, 
	0x19, 0x00, 0x00, 0x09, 0x34, 0x00, 0x47, 0x13, 0x3a, 0x0b, 0x3b, 
	0x05, 0x39, 0x0b, 0x02, 0x18, 0x00, 0x00, 0x00, 0xae, 0x06, 0x00, 
	0x00, 0x05, 0x00, 0x04, 0x00, 0x00, 0x00, 0x00, 0x00, 0x04, 0x00, 
	0x38, 0x06, 0x5a, 0x93, 0x04, 0x5b, 0x93, 0x04, 0x04, 0x38, 0xf8, 
	0x01, 0x06, 0xa3, 0x03, 0xa5, 0x0a, 0x26, 0x9f, 0x04, 0xf8, 0x01, 
	0xfc, 0x01, 0x06, 0x5a, 0x93, 0x04, 0x5b, 0x93, 0x04, 0x04, 0xfc, 
	0x01, 0x8c, 0x02, 0x06, 0xa3, 0x03, 0xa5, 0x0a, 0x26, 0x9f, 0x04, 
	0x8c, 0x02, 0xcc, 0x02, 0x06, 0x5a, 0x93, 0x04, 0x5b, 0x93, 0x04, 
	0x04, 0xcc, 0x02, 0xd8, 0x03, 0x06, 0xa3, 0x03, 0xa5, 0x0a, 0x26, 
	0x9f, 0x04, 0xd8, 0x03, 0xf8, 0x03, 0x06, 0x5a, 0x93, 0x04, 0x5b, 
	0x93, 0x04, 0x04, 0xf8, 0x03, 0x98, 0x05, 0x06, 0xa3, 0x03, 0xa5, 
	0x0a, 0x26, 0x9f, 0x04, 0x98, 0x05, 0xd8, 0x05, 0x06, 0x5a, 0x93, 
	0x04, 0x5b, 0x93, 0x04, 0x04, 0xd8, 0x05, 0xe8, 0x05, 0x06, 0xa3, 
	0x03, 0xa5, 0x0a, 0x26, 0x9f, 0x04, 0xe8, 0x05, 0x80, 0x06, 0x06, 
	0x5a, 0x93, 0x04, 0x5b, 0x93, 0x04, 0x04, 0x80, 0x06, 0xa0, 0x08, 
	0x06, 0xa3, 0x03, 0xa5, 0x0a, 0x26, 0x9f, 0x04, 0xa0, 0x08, 0xa8, 
	0x08, 0x06, 0x5a, 0x93, 0x04, 0x5b, 0x93, 0x04, 0x04, 0xa8, 0x08, 
	0xac, 0x08, 0x06, 0xa3, 0x03, 0xa5, 0x0a, 0x26, 0x9f, 0x00, 0x04, 
	0x00, 0x74, 0x06, 0x5c, 0x93, 0x04, 0x5d, 0x93, 0x04, 0x04, 0x74, 
	0xf8, 0x01, 0x06, 0xa3, 0x03, 0xa5, 0x0c, 0x26, 0x9f, 0x04, 0xf8, 
	0x01, 0xcc, 0x02, 0x06, 0x5c, 0x93, 0x04, 0x5d, 0x93, 0x04, 0x04, 
	0xcc, 0x02, 0xd8, 0x03, 0x06, 0xa3, 0x03, 0xa5, 0x0c, 0x26, 0x9f, 
	0x04, 0xd8, 0x03, 0x8c, 0x04, 0x06, 0x5c, 0x93, 0x04, 0x5d, 0x93, 
	0x04, 0x04, 0x8c, 0x04, 0x98, 0x05, 0x06, 0xa3, 0x03, 0xa5, 0x0c, 
	0x26, 0x9f, 0x04, 0x98, 0x05, 0xb0, 0x06, 0x06, 0x5c, 0x93, 0x04, 
	0x5d, 0x93, 0x04, 0x04, 0xb0, 0x06, 0xa0, 0x08, 0x06, 0xa3, 0x03, 
	0xa5, 0x0c, 0x26, 0x9f, 0x04, 0xa0, 0x08, 0xac, 0x08, 0x06, 0x5c, 
	0x93, 0x04, 0x5d, 0x93, 0x04, 0x00, 0x04, 0x00, 0x1c, 0x06, 0x5a, 
	0x93, 0x04, 0x5b, 0x93, 0x04, 0x04, 0x1c, 0x38, 0x06, 0x5a, 0x93, 
	0x04, 0x56, 0x93, 0x04, 0x04, 0x38, 0x68, 0x06, 0x60, 0x93, 0x04, 
	0x56, 0x93, 0x04, 0x04, 0x68, 0x70, 0x06, 0x61, 0x93, 0x04, 0x56, 
	0x93, 0x04, 0x04, 0xf8, 0x01, 0xfc, 0x01, 0x06, 0x5a, 0x93, 0x04, 
	0x56, 0x93, 0x04, 0x04, 0xfc, 0x01, 0x8c, 0x02, 0x06, 0x60, 0x93, 
	0x04, 0x56, 0x93, 0x04, 0x04, 0x8c, 0x02, 0xcc, 0x02, 0x06, 0x5a, 
	0x93, 0x04, 0x56, 0x93, 0x04, 0x04, 0xd8, 0x03, 0xf8, 0x03, 0x06, 
	0x5a, 0x93, 0x04, 0x56, 0x93, 0x04, 0x04, 0xf8, 0x03, 0xfc, 0x03, 
	0x06, 0x60, 0x93, 0x04, 0x56, 0x93, 0x04, 0x04, 0x98, 0x05, 0xd8, 
	0x05, 0x06, 0x5a, 0x93, 0x04, 0x56, 0x93, 0x04, 0x04, 0xd8, 0x05, 
	0xe8, 0x05, 0x06, 0x60, 0x93, 0x04, 0x56, 0x93, 0x04, 0x04, 0xe8, 
	0x05, 0x80, 0x06, 0x06, 0x5a, 0x93, 0x04, 0x56, 0x93, 0x04, 0x04, 
	0x80, 0x06, 0x90, 0x06, 0x06, 0x60, 0x93, 0x04, 0x56, 0x93, 0x04, 
	0x04, 0xa0, 0x08, 0xa8, 0x08, 0x06, 0x5a, 0x93, 0x04, 0x56, 0x93, 
	0x04, 0x04, 0xa8, 0x08, 0xac, 0x08, 0x06, 0x60, 0x93, 0x04, 0x56, 
	0x93, 0x04, 0x00, 0x04, 0x00, 0x28, 0x06, 0x5c, 0x93, 0x04, 0x5d, 
	0x93, 0x04, 0x04, 0x8c, 0x02, 0x90, 0x02, 0x06, 0x5c, 0x93, 0x04, 
	0x5d, 0x93, 0x04, 0x04, 0x98, 0x05, 0x84, 0x06, 0x06, 0x5c, 0x93, 
	0x04, 0x5d, 0x93, 0x04, 0x04, 0xa0, 0x08, 0xac, 0x08, 0x06, 0x5c, 
	0x93, 0x04, 0x5d, 0x93, 0x04, 0x00, 0x04, 0x00, 0xf4, 0x01, 0x02, 
	0x30, 0x9f, 0x04, 0xf8, 0x01, 0xac, 0x08, 0x02, 0x30, 0x9f, 0x00, 
	0x04, 0x0c, 0x54, 0x01, 0x5c, 0x04, 0x54, 0x60, 0x09, 0x7c, 0x00, 
	0x7b, 0x00, 0x08, 0xff, 0x1a, 0x24, 0x9f, 0x04, 0x60, 0xf0, 0x01, 
	0x01, 0x5e, 0x04, 0xf8, 0x01, 0x9c, 0x02, 0x01, 0x5c, 0x04, 0xcc, 
	0x02, 0xd8, 0x03, 0x01, 0x5e, 0x04, 0xd8, 0x03, 0xec, 0x03, 0x01, 
	0x5c, 0x04, 0xf0, 0x03, 0x98, 0x05, 0x01, 0x5e, 0x04, 0x98, 0x05, 
	0xbc, 0x07, 0x01, 0x5c, 0x04, 0xa0, 0x08, 0xac, 0x08, 0x01, 0x5c, 
	0x00, 0x04, 0x0c, 0x28, 0x01, 0x5d, 0x04, 0x8c, 0x02, 0x90, 0x02, 
	0x01, 0x5d, 0x04, 0x98, 0x05, 0x84, 0x06, 0x01, 0x5d, 0x04, 0x8c, 
	0x06, 0xa8, 0x07, 0x01, 0x5a, 0x04, 0xa0, 0x08, 0xac, 0x08, 0x01, 
	0x5d, 0x00, 0x04, 0x10, 0x38, 0x01, 0x5a, 0x04, 0x38, 0xb8, 0x01, 
	0x01, 0x60, 0x04, 0xf8, 0x01, 0xfc, 0x01, 0x01, 0x5a, 0x04, 0xfc, 
	0x01, 0x8c, 0x02, 0x01, 0x60, 0x04, 0x8c, 0x02, 0xcc, 0x02, 0x01, 
	0x5a, 0x04, 0xcc, 0x02, 0x9c, 0x03, 0x01, 0x60, 0x04, 0xd8, 0x03, 
	0xf8, 0x03, 0x01, 0x5a, 0x04, 0xf8, 0x03, 0x98, 0x05, 0x01, 0x60, 
	0x04, 0x98, 0x05, 0xd8, 0x05, 0x01, 0x5a, 0x04, 0xd8, 0x05, 0xe8, 
	0x05, 0x01, 0x60, 0x04, 0xe8, 0x05, 0x80, 0x06, 0x01, 0x5a, 0x04, 
	0x80, 0x06, 0xa4, 0x06, 0x01, 0x60, 0x04, 0xa4, 0x06, 0xb0, 0x06, 
	0x01, 0x61, 0x04, 0xb0, 0x06, 0x8c, 0x08, 0x06, 0x81, 0x00, 0x7b, 
	0x00, 0x24, 0x9f, 0x04, 0xa0, 0x08, 0xa8, 0x08, 0x01, 0x5a, 0x04, 
	0xa8, 0x08, 0xac, 0x08, 0x01, 0x60, 0x00, 0x04, 0x14, 0x1c, 0x01, 
	0x5b, 0x04, 0x1c, 0x64, 0x01, 0x56, 0x04, 0x64, 0x7c, 0x01, 0x5f, 
	0x04, 0xf8, 0x01, 0xc8, 0x02, 0x01, 0x56, 0x04, 0xc8, 0x02, 0xe4, 
	0x02, 0x01, 0x5f, 0x04, 0xd8, 0x03, 0xfc, 0x03, 0x01, 0x56, 0x04, 
	0x84, 0x04, 0xd4, 0x04, 0x01, 0x5f, 0x04, 0x98, 0x05, 0x90, 0x06, 
	0x01, 0x56, 0x04, 0xb0, 0x06, 0xec, 0x06, 0x01, 0x5e, 0x04, 0xc0, 
	0x07, 0xa0, 0x08, 0x01, 0x5e, 0x04, 0xa0, 0x08, 0xac, 0x08, 0x01, 
	0x56, 0x00, 0x04, 0xf4, 0x03, 0x98, 0x04, 0x01, 0x5d, 0x04, 0xb0, 
	0x06, 0xb4, 0x06, 0x01, 0x5f, 0x00, 0x04, 0xf0, 0x01, 0xf4, 0x01, 
	0x01, 0x5a, 0x04, 0xd4, 0x03, 0xd8, 0x03, 0x01, 0x5a, 0x04, 0xc0, 
	0x07, 0xa0, 0x08, 0x01, 0x5a, 0x00, 0x04, 0xc8, 0x02, 0xcc, 0x02, 
	0x02, 0x31, 0x9f, 0x04, 0xcc, 0x02, 0xd8, 0x03, 0x01, 0x5b, 0x04, 
	0x94, 0x05, 0x98, 0x05, 0x01, 0x5b, 0x00, 0x04, 0xec, 0x03, 0x80, 
	0x04, 0x01, 0x5f, 0x04, 0xfc, 0x05, 0x94, 0x06, 0x01, 0x5e, 0x00, 
	0x04, 0x50, 0x6c, 0x01, 0x5b, 0x04, 0xc0, 0x02, 0xcc, 0x02, 0x01, 
	0x5b, 0x04, 0xec, 0x03, 0xa0, 0x04, 0x01, 0x5b, 0x04, 0xd0, 0x05, 
	0xe8, 0x05, 0x01, 0x5b, 0x04, 0xfc, 0x05, 0x94, 0x08, 0x01, 0x5b, 
	0x00, 0x04, 0x24, 0x54, 0x01, 0x5c, 0x04, 0x54, 0x60, 0x09, 0x7c, 
	0x00, 0x7b, 0x00, 0x08, 0xff, 0x1a, 0x24, 0x9f, 0x04, 0x60, 0xf0, 
	0x01, 0x01, 0x5e, 0x04, 0xf8, 0x01, 0x8c, 0x02, 0x01, 0x5c, 0x00, 
	0x04, 0x38, 0x4c, 0x01, 0x5d, 0x00, 0x04, 0x6c, 0xf0, 0x01, 0x01, 
	0x5b, 0x00, 0x04, 0x78, 0xf0, 0x01, 0x01, 0x5c, 0x00, 0x04, 0x78, 
	0x9c, 0x01, 0x01, 0x56, 0x04, 0x9c, 0x01, 0xec, 0x01, 0x01, 0x5a, 
	0x00, 0x04, 0xb4, 0x01, 0xdc, 0x01, 0x01, 0x61, 0x04, 0xdc, 0x01, 
	0xf0, 0x01, 0x01, 0x5f, 0x00, 0x04, 0x78, 0x7c, 0x06, 0x7f, 0x00, 
	0x7b, 0x00, 0x1d, 0x9f, 0x04, 0x7c, 0x8c, 0x01, 0x01, 0x5f, 0x04, 
	0x90, 0x01, 0x98, 0x01, 0x01, 0x5f, 0x04, 0x98, 0x01, 0x9c, 0x01, 
	0x08, 0x80, 0x00, 0x40, 0x25, 0x7d, 0x00, 0x21, 0x9f, 0x04, 0x9c, 
	0x01, 0xc0, 0x01, 0x01, 0x5f, 0x00, 0x04, 0xb0, 0x01, 0xc0, 0x01, 
	0x06, 0x7f, 0x00, 0x7b, 0x00, 0x1d, 0x9f, 0x04, 0xc0, 0x01, 0xc8, 
	0x01, 0x01, 0x5f, 0x04, 0xcc, 0x01, 0xd8, 0x01, 0x01, 0x60, 0x00, 
	0x04, 0x84, 0x01, 0xb4, 0x01, 0x01, 0x61, 0x04, 0xb4, 0x01, 0xc4, 
	0x01, 0x06, 0x7c, 0x00, 0x76, 0x00, 0x1e, 0x9f, 0x04, 0xc4, 0x01, 
	0xf0, 0x01, 0x01, 0x5d, 0x00, 0x04, 0xf4, 0x07, 0x9c, 0x08, 0x01, 
	0x5d, 0x00, 0x04, 0xf4, 0x07, 0x80, 0x08, 0x10, 0x8c, 0x00, 0x0a, 
	0xff, 0xff, 0x1a, 0x7f, 0x00, 0x0a, 0xff, 0xff, 0x1a, 0x40, 0x24, 
	0x22, 0x9f, 0x00, 0x04, 0xb0, 0x06, 0xac, 0x07, 0x01, 0x56, 0x00, 
	0x04, 0xb0, 0x06, 0xf8, 0x06, 0x01, 0x60, 0x04, 0xf8, 0x06, 0xa8, 
	0x07, 0x07, 0x7a, 0x00, 0x40, 0x24, 0x40, 0x25, 0x9f, 0x00, 0x04, 
	0xb0, 0x06, 0xd0, 0x06, 0x01, 0x6d, 0x04, 0xd0, 0x06, 0xa4, 0x07, 
	0x01, 0x5f, 0x00, 0x04, 0xe8, 0x06, 0x90, 0x07, 0x01, 0x6c, 0x04, 
	0x90, 0x07, 0xb0, 0x07, 0x01, 0x5d, 0x00, 0x04, 0xb0, 0x06, 0xb4, 
	0x06, 0x06, 0x7f, 0x00, 0x76, 0x00, 0x1d, 0x9f, 0x04, 0xb4, 0x06, 
	0xbc, 0x06, 0x01, 0x5f, 0x04, 0xc0, 0x06, 0xcc, 0x06, 0x01, 0x5d, 
	0x04, 0xd0, 0x06, 0xf4, 0x06, 0x01, 0x5d, 0x00, 0x04, 0xe4, 0x06, 
	0xf4, 0x06, 0x06, 0x7d, 0x00, 0x76, 0x00, 0x1d, 0x9f, 0x04, 0xf4, 
	0x06, 0xfc, 0x06, 0x01, 0x5d, 0x04, 0x80, 0x07, 0x8c, 0x07, 0x01, 
	0x5e, 0x04, 0x90, 0x07, 0xa0, 0x08, 0x01, 0x5e, 0x00, 0x04, 0xb8, 
	0x06, 0xe8, 0x06, 0x01, 0x6c, 0x04, 0xe8, 0x06, 0xf8, 0x06, 0x06, 
	0x80, 0x00, 0x8d, 0x00, 0x1e, 0x9f, 0x04, 0xf8, 0x06, 0xc4, 0x07, 
	0x01, 0x60, 0x00, 0x04, 0xc8, 0x07, 0x80, 0x08, 0x01, 0x6c, 0x00, 
	0x04, 0xc8, 0x07, 0xd4, 0x07, 0x06, 0x7d, 0x00, 0x7c, 0x00, 0x1e, 
	0x9f, 0x04, 0xd4, 0x07, 0xd8, 0x07, 0x01, 0x5d, 0x04, 0xe0, 0x07, 
	0x84, 0x08, 0x01, 0x5f, 0x00, 0x04, 0xcc, 0x07, 0xa0, 0x08, 0x01, 
	0x56, 0x00, 0x04, 0xe0, 0x07, 0xa0, 0x08, 0x01, 0x60, 0x00, 0x04, 
	0xc0, 0x07, 0xd4, 0x07, 0x01, 0x5d, 0x00, 0x04, 0xc4, 0x07, 0xcc, 
	0x07, 0x01, 0x56, 0x00, 0x04, 0xc4, 0x07, 0xe0, 0x07, 0x01, 0x60, 
	0x04, 0xe0, 0x07, 0x9c, 0x08, 0x05, 0x7a, 0x00, 0x40, 0x25, 0x9f, 
	0x04, 0x9c, 0x08, 0xa0, 0x08, 0x05, 0x7a, 0x01, 0x40, 0x25, 0x9f, 
	0x00, 0x04, 0xc4, 0x07, 0xa0, 0x08, 0x01, 0x5c, 0x00, 0x04, 0x94, 
	0x02, 0x9c, 0x02, 0x01, 0x5c, 0x04, 0xd8, 0x03, 0xec, 0x03, 0x01, 
	0x5c, 0x00, 0x04, 0xa8, 0x02, 0xbc, 0x02, 0x01, 0x5d, 0x00, 0x04, 
	0xd0, 0x02, 0xd8, 0x03, 0x01, 0x61, 0x00, 0x04, 0xdc, 0x02, 0xd8, 
	0x03, 0x01, 0x5c, 0x00, 0x04, 0xdc, 0x02, 0x80, 0x03, 0x01, 0x6c, 
	0x04, 0x80, 0x03, 0xd0, 0x03, 0x01, 0x5a, 0x00, 0x04, 0x98, 0x03, 
	0xc0, 0x03, 0x01, 0x56, 0x04, 0xc0, 0x03, 0xd8, 0x03, 0x01, 0x5f, 
	0x00, 0x04, 0xdc, 0x02, 0xe4, 0x02, 0x06, 0x7f, 0x00, 0x81, 0x00, 
	0x1d, 0x9f, 0x04, 0xe4, 0x02, 0xf0, 0x02, 0x01, 0x5f, 0x04, 0xf4, 
	0x02, 0xfc, 0x02, 0x01, 0x5f, 0x04, 0x80, 0x03, 0xa4, 0x03, 0x01, 
	0x5f, 0x00, 0x04, 0x94, 0x03, 0xa4, 0x03, 0x06, 0x7f, 0x00, 0x81, 
	0x00, 0x1d, 0x9f, 0x04, 0xa4, 0x03, 0xac, 0x03, 0x01, 0x5f, 0x04, 
	0xb0, 0x03, 0xbc, 0x03, 0x01, 0x60, 0x00, 0x04, 0xec, 0x02, 0x98, 
	0x03, 0x01, 0x56, 0x04, 0x98, 0x03, 0xa8, 0x03, 0x06, 0x7c, 0x00, 
	0x8c, 0x00, 0x1e, 0x9f, 0x04, 0xa8, 0x03, 0xd8, 0x03, 0x01, 0x5d, 
	0x00, 0x04, 0x94, 0x04, 0x98, 0x05, 0x01, 0x5a, 0x00, 0x04, 0x94, 
	0x04, 0xe0, 0x04, 0x01, 0x5c, 0x04, 0xe0, 0x04, 0x98, 0x05, 0x07, 
	0x7e, 0x00, 0x40, 0x24, 0x40, 0x25, 0x9f, 0x00, 0x04, 0x94, 0x04, 
	0xb8, 0x04, 0x01, 0x56, 0x04, 0xb8, 0x04, 0x8c, 0x05, 0x01, 0x5b, 
	0x00, 0x04, 0xd0, 0x04, 0xf8, 0x04, 0x01, 0x61, 0x04, 0xf8, 0x04, 
	0x98, 0x05, 0x01, 0x5d, 0x00, 0x04, 0x94, 0x04, 0x98, 0x04, 0x06, 
	0x7d, 0x00, 0x7a, 0x00, 0x1d, 0x9f, 0x04, 0x98, 0x04, 0xa4, 0x04, 
	0x01, 0x5d, 0x04, 0xa8, 0x04, 0xb4, 0x04, 0x01, 0x5d, 0x04, 0xb8, 
	0x04, 0xdc, 0x04, 0x01, 0x5d, 0x00, 0x04, 0xcc, 0x04, 0xdc, 0x04, 
	0x06, 0x7d, 0x00, 0x7a, 0x00, 0x1d, 0x9f, 0x04, 0xdc, 0x04, 0xe4, 
	0x04, 0x01, 0x5d, 0x04, 0xe8, 0x04, 0xf4, 0x04, 0x01, 0x5f, 0x04, 
	0xf8, 0x04, 0x98, 0x05, 0x01, 0x5f, 0x00, 0x04, 0x9c, 0x04, 0xd0, 
	0x04, 0x01, 0x61, 0x04, 0xd0, 0x04, 0xe0, 0x04, 0x06, 0x7c, 0x00, 
	0x76, 0x00, 0x1e, 0x9f, 0x04, 0xe0, 0x04, 0x98, 0x05, 0x01, 0x5c, 
	0x00, 0x04, 0x9c, 0x05, 0x84, 0x06, 0x01, 0x5d, 0x00, 0x04, 0xb0, 
	0x05, 0xcc, 0x05, 0x01, 0x5f, 0x00, 0x1d, 0x05, 0x00, 0x00, 0x05, 
	0x00, 0x04, 0x00, 0x00, 0x00, 0x00, 0x00, 0x04, 0x00, 0x6c, 0x06, 
	0x5a, 0x93, 0x04, 0x5b, 0x93, 0x04, 0x04, 0x6c, 0xdc, 0x01, 0x06, 
	0xa3, 0x03, 0xa5, 0x0a, 0x26, 0x9f, 0x04, 0xdc, 0x01, 0xac, 0x02, 
	0x06, 0x5a, 0x93, 0x04, 0x5b, 0x93, 0x04, 0x04, 0xac, 0x02, 0xf8, 
	0x02, 0x06, 0xa3, 0x03, 0xa5, 0x0a, 0x26, 0x9f, 0x04, 0xf8, 0x02, 
	0xa4, 0x03, 0x06, 0x5a, 0x93, 0x04, 0x5b, 0x93, 0x04, 0x04, 0xa4, 
	0x03, 0x98, 0x04, 0x06, 0xa3, 0x03, 0xa5, 0x0a, 0x26, 0x9f, 0x04, 
	0x98, 0x04, 0xf4, 0x04, 0x06, 0x5a, 0x93, 0x04, 0x5b, 0x93, 0x04, 
	0x04, 0xf4, 0x04, 0xfc, 0x04, 0x06, 0xa3, 0x03, 0xa5, 0x0a, 0x26, 
	0x9f, 0x04, 0xfc, 0x04, 0xc8, 0x05, 0x06, 0x5a, 0x93, 0x04, 0x5b, 
	0x93, 0x04, 0x04, 0xc8, 0x05, 0xe0, 0x07, 0x06, 0xa3, 0x03, 0xa5, 
	0x0a, 0x26, 0x9f, 0x00, 0x04, 0x00, 0x64, 0x06, 0x5c, 0x93, 0x04, 
	0x5d, 0x93, 0x04, 0x04, 0x64, 0xdc, 0x01, 0x06, 0xa3, 0x03, 0xa5, 
	0x0c, 0x26, 0x9f, 0x04, 0xdc, 0x01, 0xac, 0x02, 0x06, 0x5c, 0x93, 
	0x04, 0x5d, 0x93, 0x04, 0x04, 0xac, 0x02, 0xf8, 0x02, 0x06, 0xa3, 
	0x03, 0xa5, 0x0c, 0x26, 0x9f, 0x04, 0xf8, 0x02, 0xc0, 0x03, 0x06, 
	0x5c, 0x93, 0x04, 0x5d, 0x93, 0x04, 0x04, 0xc0, 0x03, 0x98, 0x04, 
	0x06, 0xa3, 0x03, 0xa5, 0x0c, 0x26, 0x9f, 0x04, 0x98, 0x04, 0xe0, 
	0x04, 0x06, 0x5c, 0x93, 0x04, 0x5d, 0x93, 0x04, 0x04, 0xe0, 0x04, 
	0xfc, 0x04, 0x06, 0xa3, 0x03, 0xa5, 0x0c, 0x26, 0x9f, 0x04, 0xfc, 
	0x04, 0xc4, 0x05, 0x06, 0x5c, 0x93, 0x04, 0x5d, 0x93, 0x04, 0x04, 
	0xc4, 0x05, 0xe0, 0x07, 0x06, 0xa3, 0x03, 0xa5, 0x0c, 0x26, 0x9f, 
	0x00, 0x04, 0x00, 0x6c, 0x06, 0x5a, 0x93, 0x04, 0x5b, 0x93, 0x04, 
	0x04, 0xdc, 0x01, 0xac, 0x02, 0x06, 0x5a, 0x93, 0x04, 0x5b, 0x93, 
	0x04, 0x04, 0xf8, 0x02, 0x9c, 0x03, 0x06, 0x5a, 0x93, 0x04, 0x5b, 
	0x93, 0x04, 0x04, 0x98, 0x04, 0xf4, 0x04, 0x06, 0x5a, 0x93, 0x04, 
	0x5b, 0x93, 0x04, 0x04, 0xfc, 0x04, 0xb8, 0x05, 0x06, 0x5a, 0x93, 
	0x04, 0x5b, 0x93, 0x04, 0x00, 0x04, 0x00, 0x20, 0x06, 0x5c, 0x93, 
	0x04, 0x5d, 0x93, 0x04, 0x04, 0xf0, 0x01, 0xf4, 0x01, 0x06, 0x5c, 
	0x93, 0x04, 0x5d, 0x93, 0x04, 0x04, 0x98, 0x04, 0xe0, 0x04, 0x06, 
	0x5c, 0x93, 0x04, 0x5d, 0x93, 0x04, 0x04, 0xfc, 0x04, 0x98, 0x05, 
	0x06, 0x5c, 0x93, 0x04, 0x5d, 0x93, 0x04, 0x00, 0x04, 0x00, 0xdc, 
	0x07, 0x06, 0xa0, 0x16, 0x09, 0x00, 0x00, 0x00, 0x00, 0x04, 0x04, 
	0x58, 0x01, 0x5c, 0x04, 0x58, 0xdc, 0x01, 0x01, 0x60, 0x04, 0xdc, 
	0x01, 0x80, 0x02, 0x01, 0x5c, 0x04, 0xac, 0x02, 0xf8, 0x02, 0x01, 
	0x60, 0x04, 0xf8, 0x02, 0x8c, 0x03, 0x01, 0x5c, 0x04, 0x90, 0x03, 
	0x98, 0x04, 0x01, 0x60, 0x04, 0x98, 0x04, 0xe0, 0x04, 0x01, 0x5c, 
	0x04, 0xfc, 0x04, 0xac, 0x07, 0x01, 0x5c, 0x00, 0x04, 0x04, 0x20, 
	0x01, 0x5d, 0x04, 0xf0, 0x01, 0xf4, 0x01, 0x01, 0x5d, 0x04, 0x98, 
	0x04, 0xe4, 0x04, 0x01, 0x5d, 0x04, 0xfc, 0x04, 0x98, 0x05, 0x01, 
	0x5d, 0x04, 0x9c, 0x05, 0xb4, 0x07, 0x01, 0x5d, 0x00, 0x04, 0x08, 
	0x60, 0x01, 0x5a, 0x04, 0xd0, 0x01, 0xdc, 0x01, 0x01, 0x5f, 0x04, 
	0xdc, 0x01, 0xac, 0x02, 0x01, 0x5a, 0x04, 0xf8, 0x02, 0xa4, 0x03, 
	0x01, 0x5a, 0x04, 0x98, 0x04, 0xf0, 0x04, 0x01, 0x5a, 0x04, 0xfc, 
	0x04, 0xc4, 0x07, 0x01, 0x5a, 0x04, 0xcc, 0x07, 0xd4, 0x07, 0x01, 
	0x5e, 0x00, 0x04, 0x0c, 0x5c, 0x01, 0x5b, 0x04, 0x5c, 0x60, 0x01, 
	0x5e, 0x04, 0xdc, 0x01, 0xac, 0x02, 0x01, 0x5b, 0x04, 0xac, 0x02, 
	0xc4, 0x02, 0x01, 0x5e, 0x04, 0xf8, 0x02, 0x9c, 0x03, 0x01, 0x5b, 
	0x04, 0xa8, 0x03, 0xe8, 0x03, 0x01, 0x5e, 0x04, 0x98, 0x04, 0xf0, 
	0x04, 0x01, 0x5b, 0x04, 0xfc, 0x04, 0xb8, 0x05, 0x01, 0x5b, 0x04, 
	0xc4, 0x05, 0x84, 0x06, 0x01, 0x5b, 0x04, 0xc4, 0x06, 0xc8, 0x07, 
	0x01, 0x5b, 0x04, 0xcc, 0x07, 0xdc, 0x07, 0x01, 0x5b, 0x00, 0x04, 
	0x94, 0x03, 0xb8, 0x03, 0x01, 0x5d, 0x04, 0xc4, 0x05, 0xcc, 0x05, 
	0x01, 0x5e, 0x00, 0x04, 0xdc, 0x04, 0xf0, 0x04, 0x02, 0x31, 0x9f, 
	0x00, 0x04, 0xf0, 0x04, 0xfc, 0x04, 0x02, 0x30, 0x9f, 0x04, 0xbc, 
	0x07, 0xdc, 0x07, 0x02, 0x30, 0x9f, 0x00, 0x04, 0x8c, 0x03, 0xa0, 
	0x03, 0x01, 0x5e, 0x04, 0x90, 0x05, 0xd0, 0x07, 0x01, 0x61, 0x00, 
	0x04, 0x48, 0xdc, 0x01, 0x01, 0x61, 0x04, 0xa4, 0x02, 0xf8, 0x02, 
	0x01, 0x61, 0x04, 0x8c, 0x03, 0x98, 0x04, 0x01, 0x61, 0x04, 0xd0, 
	0x04, 0xfc, 0x04, 0x01, 0x60, 0x04, 0x90, 0x05, 0xdc, 0x07, 0x01, 
	0x60, 0x00, 0x04, 0x1c, 0x64, 0x01, 0x5c, 0x04, 0xdc, 0x01, 0xf0, 
	0x01, 0x01, 0x5c, 0x00, 0x04, 0x30, 0x44, 0x01, 0x5d, 0x00, 0x04, 
	0x64, 0xa8, 0x01, 0x01, 0x5c, 0x00, 0x04, 0x70, 0xa8, 0x01, 0x01, 
	0x5a, 0x00, 0x04, 0x9c, 0x01, 0xa0, 0x01, 0x0c, 0x7e, 0x00, 0xa8, 
	0x2d, 0x7c, 0x00, 0xa8, 0x2d, 0x1b, 0xa8, 0x00, 0x9f, 0x04, 0xa0, 
	0x01, 0xa8, 0x01, 0x01, 0x5d, 0x00, 0x04, 0x84, 0x01, 0xa4, 0x01, 
	0x01, 0x5e, 0x00, 0x04, 0x9c, 0x01, 0xa4, 0x01, 0x06, 0x7e, 0x00, 
	0x7c, 0x00, 0x1d, 0x9f, 0x04, 0xa4, 0x01, 0xa8, 0x01, 0x01, 0x5e, 
	0x00, 0x04, 0x78, 0xa0, 0x01, 0x01, 0x5d, 0x00, 0x04, 0xb0, 0x02, 
	0xf8, 0x02, 0x01, 0x5b, 0x00, 0x04, 0xbc, 0x02, 0xf8, 0x02, 0x01, 
	0x5a, 0x00, 0x04, 0xbc, 0x02, 0xc8, 0x02, 0x01, 0x5c, 0x00, 0x04, 
	0xe8, 0x02, 0xec, 0x02, 0x0c, 0x7e, 0x00, 0xa8, 0x2d, 0x7b, 0x00, 
	0xa8, 0x2d, 0x1b, 0xa8, 0x00, 0x9f, 0x04, 0xec, 0x02, 0xf4, 0x02, 
	0x01, 0x5d, 0x00, 0x04, 0xbc, 0x02, 0xc4, 0x02, 0x06, 0x7e, 0x00, 
	0x7b, 0x00, 0x1d, 0x9f, 0x04, 0xc4, 0x02, 0xcc, 0x02, 0x01, 0x5e, 
	0x04, 0xd0, 0x02, 0xf0, 0x02, 0x01, 0x5e, 0x00, 0x04, 0xb8, 0x01, 
	0xdc, 0x01, 0x01, 0x5f, 0x04, 0xe8, 0x02, 0xf0, 0x02, 0x06, 0x7e, 
	0x00, 0x7b, 0x00, 0x1d, 0x9f, 0x04, 0xf0, 0x02, 0xf8, 0x02, 0x01, 
	0x5e, 0x00, 0x04, 0xc8, 0x02, 0xf4, 0x02, 0x01, 0x5c, 0x04, 0xf4, 
	0x02, 0xf8, 0x02, 0x01, 0x5d, 0x00, 0x04, 0xf8, 0x01, 0x80, 0x02, 
	0x01, 0x5c, 0x04, 0xf8, 0x02, 0x8c, 0x03, 0x01, 0x5c, 0x00, 0x04, 
	0x8c, 0x02, 0xa0, 0x02, 0x01, 0x5d, 0x00, 0x04, 0xa8, 0x03, 0x98, 
	0x04, 0x01, 0x5a, 0x00, 0x04, 0xb4, 0x03, 0x98, 0x04, 0x01, 0x56, 
	0x00, 0x04, 0xb4, 0x03, 0xbc, 0x03, 0x01, 0x5b, 0x00, 0x04, 0xe0, 
	0x03, 0xe4, 0x03, 0x0c, 0x7d, 0x00, 0xa8, 0x2d, 0x7a, 0x00, 0xa8, 
	0x2d, 0x1b, 0xa8, 0x00, 0x9f, 0x04, 0xe4, 0x03, 0xf4, 0x03, 0x01, 
	0x5c, 0x00, 0x04, 0xb4, 0x03, 0xb8, 0x03, 0x06, 0x7d, 0x00, 0x7a, 
	0x00, 0x1d, 0x9f, 0x04, 0xb8, 0x03, 0xc4, 0x03, 0x01, 0x5d, 0x04, 
	0xc8, 0x03, 0xf0, 0x03, 0x01, 0x5d, 0x00, 0x04, 0xe0, 0x03, 0xf0, 
	0x03, 0x06, 0x7d, 0x00, 0x7a, 0x00, 0x1d, 0x9f, 0x04, 0xf0, 0x03, 
	0xf8, 0x03, 0x01, 0x5d, 0x04, 0xfc, 0x03, 0x98, 0x04, 0x01, 0x5e, 
	0x00, 0x04, 0xbc, 0x03, 0xf4, 0x03, 0x01, 0x5b, 0x04, 0xf4, 0x03, 
	0x98, 0x04, 0x01, 0x5c, 0x00, 0x04, 0x9c, 0x04, 0xe4, 0x04, 0x01, 
	0x5d, 0x04, 0xfc, 0x04, 0x98, 0x05, 0x01, 0x5d, 0x00, 0x04, 0xb0, 
	0x04, 0xd0, 0x04, 0x01, 0x60, 0x00, 0x04, 0x98, 0x07, 0xdc, 0x07, 
	0x01, 0x5f, 0x00, 0x04, 0x9c, 0x07, 0xb8, 0x07, 0x01, 0x5e, 0x04, 
	0xbc, 0x07, 0xc0, 0x07, 0x01, 0x5e, 0x00, 0x04, 0xc8, 0x05, 0x90, 
	0x06, 0x01, 0x56, 0x04, 0x90, 0x06, 0xb4, 0x07, 0x05, 0x7d, 0x00, 
	0x40, 0x25, 0x9f, 0x00, 0x04, 0xc8, 0x05, 0x94, 0x06, 0x01, 0x6c, 
	0x04, 0x94, 0x06, 0xb4, 0x07, 0x07, 0x7d, 0x00, 0x40, 0x24, 0x40, 
	0x25, 0x9f, 0x00, 0x04, 0xc8, 0x05, 0xe8, 0x05, 0x01, 0x6e, 0x04, 
	0xe8, 0x05, 0xd0, 0x06, 0x01, 0x5e, 0x00, 0x04, 0x80, 0x06, 0xa8, 
	0x06, 0x01, 0x6d, 0x04, 0xa8, 0x06, 0xc8, 0x06, 0x01, 0x56, 0x00, 
	0x04, 0xc8, 0x05, 0xcc, 0x05, 0x06, 0x7e, 0x00, 0x76, 0x00, 0x1d, 
	0x9f, 0x04, 0xcc, 0x05, 0xd4, 0x05, 0x01, 0x5e, 0x04, 0xd8, 0x05, 
	0xe4, 0x05, 0x01, 0x5f, 0x04, 0xe8, 0x05, 0x8c, 0x06, 0x01, 0x5f, 
	0x00, 0x04, 0xfc, 0x05, 0x8c, 0x06, 0x06, 0x7f, 0x00, 0x76, 0x00, 
	0x1d, 0x9f, 0x04, 0x8c, 0x06, 0x98, 0x06, 0x01, 0x5f, 0x04, 0x9c, 
	0x06, 0xa4, 0x06, 0x01, 0x5b, 0x04, 0xa8, 0x06, 0xc8, 0x07, 0x01, 
	0x5b, 0x00, 0x04, 0xd0, 0x05, 0x80, 0x06, 0x01, 0x6d, 0x04, 0x80, 
	0x06, 0x94, 0x06, 0x06, 0x8c, 0x00, 0x8e, 0x00, 0x1e, 0x9f, 0x04, 
	0x94, 0x06, 0xcc, 0x06, 0x01, 0x6c, 0x04, 0xcc, 0x06, 0xe0, 0x06, 
	0x0a, 0x7d, 0x00, 0x40, 0x24, 0x40, 0x25, 0x8d, 0x00, 0x1e, 0x9f, 
	0x00, 0x04, 0xe0, 0x06, 0x8c, 0x07, 0x01, 0x6d, 0x00, 0x04, 0xf8, 
	0x06, 0x90, 0x07, 0x01, 0x5e, 0x00, 0x04, 0xe4, 0x06, 0xdc, 0x07, 
	0x01, 0x6c, 0x00, 0x04, 0xec, 0x06, 0x98, 0x07, 0x01, 0x5f, 0x00, 
	0x04, 0xd4, 0x06, 0xe8, 0x06, 0x01, 0x56, 0x00, 0x04, 0xd8, 0x06, 
	0xec, 0x06, 0x01, 0x5f, 0x00, 0x04, 0xb8, 0x07, 0xbc, 0x07, 0x01, 
	0x5c, 0x00, 0x04, 0xc0, 0x07, 0xd4, 0x07, 0x01, 0x5e, 0x00, 0x1c, 
	0x00, 0x00, 0x00, 0x02, 0x00, 0x00, 0x00, 0x00, 0x00, 0x04, 0x00, 
	0x00, 0x00, 0x00, 0x00, 0x04, 0x2e, 0x00, 0x40, 0x2c, 0x04, 0x00, 
	0x00, 0x00, 0x00, 0x00, 0x00, 0x00, 0x00, 0x00, 0x00, 0x1c, 0x00, 
	0x00, 0x00, 0x02, 0x00, 0x76, 0x07, 0x00, 0x00, 0x04, 0x00, 0x00, 
	0x00, 0x00, 0x00, 0x30, 0x32, 0x00, 0x40, 0xe0, 0x03, 0x00, 0x00, 
	0x00, 0x00, 0x00, 0x00, 0x00, 0x00, 0x00, 0x00, 0x14, 0x00, 0x00, 
	0x00, 0x02, 0x00, 0x39, 0x0f, 0x00, 0x00, 0x04, 0x00, 0x00, 0x00, 
	0x00, 0x00, 0x00, 0x00, 0x00, 0x00, 0x00, 0x00, 0x00, 0x00, 0x8b, 
	0x00, 0x00, 0x00, 0x05, 0x00, 0x04, 0x00, 0x00, 0x00, 0x00, 0x00, 
	0x04, 0x00, 0x00, 0x04, 0x08, 0xf4, 0x01, 0x04, 0xf8, 0x01, 0xac, 
	0x08, 0x00, 0x04, 0x00, 0x00, 0x04, 0x08, 0xf4, 0x01, 0x04, 0xf8, 
	0x01, 0x9c, 0x08, 0x04, 0xa0, 0x08, 0xac, 0x08, 0x00, 0x04, 0x24, 
	0x50, 0x04, 0xf8, 0x01, 0x8c, 0x02, 0x00, 0x04, 0xf0, 0x01, 0xf4, 
	0x01, 0x04, 0xfc, 0x05, 0x9c, 0x08, 0x00, 0x04, 0x98, 0x06, 0xac, 
	0x06, 0x04, 0xb0, 0x06, 0xa8, 0x07, 0x04, 0xbc, 0x07, 0xc0, 0x07, 
	0x00, 0x04, 0xa8, 0x07, 0xbc, 0x07, 0x04, 0xc0, 0x07, 0xf4, 0x07, 
	0x04, 0xfc, 0x07, 0x88, 0x08, 0x04, 0x8c, 0x08, 0x90, 0x08, 0x00, 
	0x04, 0x8c, 0x02, 0x90, 0x02, 0x04, 0x94, 0x02, 0xc0, 0x02, 0x04, 
	0xd8, 0x03, 0xec, 0x03, 0x00, 0x04, 0xf4, 0x03, 0xf8, 0x03, 0x04, 
	0x84, 0x04, 0x90, 0x04, 0x04, 0x94, 0x04, 0x98, 0x05, 0x00, 0x04, 
	0x9c, 0x05, 0xd0, 0x05, 0x04, 0xe8, 0x05, 0xfc, 0x05, 0x00, 0x52, 
	0x00, 0x00, 0x00, 0x05, 0x00, 0x04, 0x00, 0x00, 0x00, 0x00, 0x00, 
	0x04, 0x1c, 0x48, 0x04, 0xdc, 0x01, 0xf0, 0x01, 0x00, 0x04, 0xa8, 
	0x01, 0xd0, 0x01, 0x04, 0xac, 0x02, 0xf8, 0x02, 0x00, 0x04, 0xf0, 
	0x01, 0xf4, 0x01, 0x04, 0xf8, 0x01, 0xa4, 0x02, 0x04, 0xf8, 0x02, 
	0x8c, 0x03, 0x00, 0x04, 0xa0, 0x03, 0xa4, 0x03, 0x04, 0xa8, 0x03, 
	0x98, 0x04, 0x00, 0x04, 0x9c, 0x04, 0xd0, 0x04, 0x04, 0xfc, 0x04, 
	0x90, 0x05, 0x00, 0x04, 0xa0, 0x05, 0xb0, 0x05, 0x04, 0xbc, 0x05, 
	0xc0, 0x05, 0x04, 0xc8, 0x05, 0xc4, 0x06, 0x00, 0x77, 0x09, 0x00, 
	0x00, 0x05, 0x00, 0x04, 0x00, 0x33, 0x00, 0x00, 0x00, 0x01, 0x01, 
	0x01, 0xfb, 0x0e, 0x0d, 0x00, 0x01, 0x01, 0x01, 0x01, 0x00, 0x00, 
	0x00, 0x01, 0x00, 0x00, 0x01, 0x01, 0x01, 0x1f, 0x02, 0x26, 0x00, 
	0x00, 0x00, 0x9b, 0x00, 0x00, 0x00, 0x02, 0x01, 0x1f, 0x02, 0x0f, 
	0x03, 0x1c, 0x00, 0x00, 0x00, 0x01, 0x1c, 0x00, 0x00, 0x00, 0x01, 
	0xb7, 0x00, 0x00, 0x00, 0x01, 0x05, 0x01, 0x00, 0x05, 0x02, 0x04, 
	0x2e, 0x00, 0x40, 0x03, 0x92, 0x0a, 0x01, 0x05, 0x03, 0x03, 0x01, 
	0x09, 0x00, 0x00, 0x01, 0x03, 0xd1, 0x7d, 0x09, 0x00, 0x00, 0x01, 
	0x03, 0x01, 0x09, 0x00, 0x00, 0x01, 0x03, 0x01, 0x09, 0x00, 0x00, 
	0x01, 0x03, 0x01, 0x09, 0x00, 0x00, 0x01, 0x03, 0x01, 0x09, 0x00, 
	0x00, 0x01, 0x03, 0x01, 0x09, 0x00, 0x00, 0x01, 0x03, 0x02, 0x09, 
	0x00, 0x00, 0x01, 0x05, 0x01, 0x06, 0x03, 0xa7, 0x02, 0x09, 0x00, 
	0x00, 0x01, 0x05, 0x06, 0x03, 0xd9, 0x7d, 0x09, 0x08, 0x00, 0x01, 
	0x05, 0x03, 0x06, 0x03, 0x01, 0x09, 0x04, 0x00, 0x01, 0x03, 0x01, 
	0x09, 0x00, 0x00, 0x01, 0x05, 0x06, 0x06, 0x03, 0x00, 0x09, 0x00, 
	0x00, 0x01, 0x05, 0x03, 0x06, 0x03, 0x01, 0x09, 0x04, 0x00, 0x01, 
	0x05, 0x06, 0x06, 0x03, 0x00, 0x09, 0x00, 0x00, 0x01, 0x05, 0x03, 
	0x06, 0x03, 0x25, 0x09, 0x04, 0x00, 0x01, 0x05, 0x06, 0x06, 0x03, 
	0x00, 0x09, 0x00, 0x00, 0x01, 0x05, 0x07, 0x06, 0x03, 0x02, 0x09, 
	0x04, 0x00, 0x01, 0x05, 0x0a, 0x06, 0x03, 0x00, 0x09, 0x08, 0x00, 
	0x01, 0x05, 0x04, 0x06, 0x03, 0x04, 0x09, 0x04, 0x00, 0x01, 0x03, 
	0x00, 0x09, 0x00, 0x00, 0x01, 0x03, 0x00, 0x09, 0x00, 0x00, 0x01, 
	0x03, 0x00, 0x09, 0x00, 0x00, 0x01, 0x00, 0x02, 0x04, 0x01, 0x03, 
	0x00, 0x09, 0x00, 0x00, 0x01, 0x00, 0x02, 0x04, 0x03, 0x06, 0x03, 
	0x00, 0x09, 0x08, 0x00, 0x01, 0x00, 0x02, 0x04, 0x15, 0x06, 0x03, 
	0x00, 0x09, 0x0c, 0x00, 0x01, 0x03, 0x00, 0x09, 0x18, 0x00, 0x01, 
	0x03, 0x02, 0x09, 0x00, 0x00, 0x01, 0x05, 0x07, 0x06, 0x03, 0x00, 
	0x09, 0x00, 0x00, 0x01, 0x05, 0x08, 0x06, 0x03, 0x05, 0x09, 0x04, 
	0x00, 0x01, 0x05, 0x11, 0x06, 0x03, 0x01, 0x09, 0x00, 0x00, 0x01, 
	0x05, 0x1e, 0x03, 0x00, 0x09, 0x04, 0x00, 0x01, 0x05, 0x0b, 0x03, 
	0x7f, 0x09, 0x04, 0x00, 0x01, 0x05, 0x08, 0x06, 0x03, 0x01, 0x09, 
	0x04, 0x00, 0x01, 0x05, 0x0b, 0x06, 0x03, 0x00, 0x09, 0x00, 0x00, 
	0x01, 0x05, 0x08, 0x06, 0x03, 0x01, 0x09, 0x04, 0x00, 0x01, 0x05, 
	0x0b, 0x06, 0x03, 0x00, 0x09, 0x00, 0x00, 0x01, 0x05, 0x04, 0x06, 
	0x03, 0x03, 0x09, 0x04, 0x00, 0x01, 0x03, 0x00, 0x09, 0x00, 0x00, 
	0x01, 0x03, 0x00, 0x09, 0x00, 0x00, 0x01, 0x03, 0x00, 0x09, 0x00, 
	0x00, 0x01, 0x03, 0x00, 0x09, 0x04, 0x00, 0x01, 0x03, 0x00, 0x09, 
	0x0c, 0x00, 0x01, 0x03, 0x00, 0x09, 0x00, 0x00, 0x01, 0x03, 0x00, 
	0x09, 0x00, 0x00, 0x01, 0x03, 0x00, 0x09, 0x0c, 0x00, 0x01, 0x03, 
	0x00, 0x09, 0x0c, 0x00, 0x01, 0x00, 0x02, 0x04, 0x01, 0x03, 0x00, 
	0x09, 0x04, 0x00, 0x01, 0x03, 0x00, 0x09, 0x08, 0x00, 0x01, 0x00, 
	0x02, 0x04, 0x01, 0x06, 0x03, 0x00, 0x09, 0x00, 0x00, 0x01, 0x00, 
	0x02, 0x04, 0x03, 0x06, 0x03, 0x00, 0x09, 0x04, 0x00, 0x01, 0x00, 
	0x02, 0x04, 0x05, 0x03, 0x00, 0x09, 0x04, 0x00, 0x01, 0x00, 0x02, 
	0x04, 0x07, 0x03, 0x00, 0x09, 0x08, 0x00, 0x01, 0x03, 0x00, 0x09, 
	0x04, 0x00, 0x01, 0x03, 0x00, 0x09, 0x00, 0x00, 0x01, 0x00, 0x02, 
	0x04, 0x07, 0x06, 0x03, 0x00, 0x09, 0x00, 0x00, 0x01, 0x06, 0x03, 
	0x00, 0x09, 0x04, 0x00, 0x01, 0x00, 0x02, 0x04, 0x07, 0x06, 0x03, 
	0x00, 0x09, 0x00, 0x00, 0x01, 0x06, 0x03, 0x00, 0x09, 0x10, 0x00, 
	0x01, 0x00, 0x02, 0x04, 0x07, 0x06, 0x03, 0x00, 0x09, 0x00, 0x00, 
	0x01, 0x06, 0x03, 0x00, 0x09, 0x08, 0x00, 0x01, 0x00, 0x02, 0x04, 
	0x07, 0x06, 0x03, 0x00, 0x09, 0x00, 0x00, 0x01, 0x00, 0x02, 0x04, 
	0x08, 0x06, 0x03, 0x00, 0x09, 0x08, 0x00, 0x01, 0x00, 0x02, 0x04, 
	0x0a, 0x03, 0x00, 0x09, 0x0c, 0x00, 0x01, 0x00, 0x02, 0x04, 0x0c, 
	0x03, 0x00, 0x09, 0x04, 0x00, 0x01, 0x00, 0x02, 0x04, 0x0e, 0x03, 
	0x00, 0x09, 0x04, 0x00, 0x01, 0x03, 0x00, 0x09, 0x00, 0x00, 0x01, 
	0x00, 0x02, 0x04, 0x0e, 0x06, 0x03, 0x00, 0x09, 0x00, 0x00, 0x01, 
	0x06, 0x03, 0x00, 0x09, 0x08, 0x00, 0x01, 0x03, 0x00, 0x09, 0x00, 
	0x00, 0x01, 0x03, 0x01, 0x09, 0x00, 0x00, 0x01, 0x05, 0x0b, 0x06, 
	0x03, 0xfe, 0x00, 0x09, 0x00, 0x00, 0x01, 0x05, 0x03, 0x06, 0x03, 
	0x0e, 0x09, 0x04, 0x00, 0x01, 0x03, 0x01, 0x09, 0x00, 0x00, 0x01, 
	0x05, 0x01, 0x06, 0x03, 0xe1, 0x00, 0x09, 0x00, 0x00, 0x01, 0x05, 
	0x04, 0x00, 0x02, 0x04, 0x04, 0x03, 0x85, 0x7e, 0x09, 0x04, 0x00, 
	0x01, 0x00, 0x02, 0x04, 0x0b, 0x03, 0x00, 0x09, 0x04, 0x00, 0x01, 
	0x00, 0x02, 0x04, 0x04, 0x03, 0x00, 0x09, 0x04, 0x00, 0x01, 0x00, 
	0x02, 0x04, 0x0a, 0x03, 0x00, 0x09, 0x04, 0x00, 0x01, 0x06, 0x03, 
	0x15, 0x09, 0x08, 0x00, 0x01, 0x00, 0x02, 0x04, 0x05, 0x06, 0x03, 
	0x03, 0x09, 0x00, 0x00, 0x01, 0x05, 0x07, 0x03, 0x7d, 0x09, 0x04, 
	0x00, 0x01, 0x05, 0x04, 0x06, 0x03, 0x03, 0x09, 0x04, 0x00, 0x01, 
	0x03, 0x00, 0x09, 0x00, 0x00, 0x01, 0x03, 0x00, 0x09, 0x00, 0x00, 
	0x01, 0x03, 0x00, 0x09, 0x00, 0x00, 0x01, 0x00, 0x02, 0x04, 0x01, 
	0x03, 0x00, 0x09, 0x00, 0x00, 0x01, 0x00, 0x02, 0x04, 0x03, 0x06, 
	0x03, 0x00, 0x09, 0x08, 0x00, 0x01, 0x00, 0x02, 0x04, 0x15, 0x06, 
	0x03, 0x00, 0x09, 0x0c, 0x00, 0x01, 0x03, 0x00, 0x09, 0x18, 0x00, 
	0x01, 0x03, 0x02, 0x09, 0x00, 0x00, 0x01, 0x05, 0x07, 0x06, 0x03, 
	0x00, 0x09, 0x00, 0x00, 0x01, 0x05, 0x08, 0x06, 0x03, 0x09, 0x09, 
	0x04, 0x00, 0x01, 0x05, 0x0b, 0x06, 0x03, 0x00, 0x09, 0x00, 0x00, 
	0x01, 0x05, 0x08, 0x06, 0x03, 0x01, 0x09, 0x04, 0x00, 0x01, 0x05, 
	0x0b, 0x06, 0x03, 0x00, 0x09, 0x00, 0x00, 0x01, 0x05, 0x08, 0x00, 
	0x02, 0x04, 0x0f, 0x06, 0x03, 0x0d, 0x09, 0x04, 0x00, 0x01, 0x05, 
	0x04, 0x03, 0x05, 0x09, 0x00, 0x00, 0x01, 0x03, 0x00, 0x09, 0x00, 
	0x00, 0x01, 0x03, 0x00, 0x09, 0x00, 0x00, 0x01, 0x03, 0x00, 0x09, 
	0x00, 0x00, 0x01, 0x03, 0x00, 0x09, 0x04, 0x00, 0x01, 0x03, 0x00, 
	0x09, 0x0c, 0x00, 0x01, 0x03, 0x00, 0x09, 0x00, 0x00, 0x01, 0x03, 
	0x00, 0x09, 0x00, 0x00, 0x01, 0x03, 0x00, 0x09, 0x10, 0x00, 0x01, 
	0x03, 0x00, 0x09, 0x08, 0x00, 0x01, 0x00, 0x02, 0x04, 0x01, 0x03, 
	0x00, 0x09, 0x04, 0x00, 0x01, 0x03, 0x00, 0x09, 0x08, 0x00, 0x01, 
	0x00, 0x02, 0x04, 0x01, 0x06, 0x03, 0x00, 0x09, 0x00, 0x00, 0x01, 
	0x00, 0x02, 0x04, 0x03, 0x06, 0x03, 0x00, 0x09, 0x04, 0x00, 0x01, 
	0x00, 0x02, 0x04, 0x05, 0x03, 0x00, 0x09, 0x04, 0x00, 0x01, 0x00, 
	0x02, 0x04, 0x07, 0x03, 0x00, 0x09, 0x08, 0x00, 0x01, 0x03, 0x00, 
	0x09, 0x04, 0x00, 0x01, 0x03, 0x00, 0x09, 0x00, 0x00, 0x01, 0x00, 
	0x02, 0x04, 0x07, 0x06, 0x03, 0x00, 0x09, 0x00, 0x00, 0x01, 0x06, 
	0x03, 0x00, 0x09, 0x04, 0x00, 0x01, 0x00, 0x02, 0x04, 0x07, 0x06, 
	0x03, 0x00, 0x09, 0x00, 0x00, 0x01, 0x06, 0x03, 0x00, 0x09, 0x10, 
	0x00, 0x01, 0x00, 0x02, 0x04, 0x07, 0x06, 0x03, 0x00, 0x09, 0x00, 
	0x00, 0x01, 0x06, 0x03, 0x00, 0x09, 0x08, 0x00, 0x01, 0x00, 0x02, 
	0x04, 0x07, 0x06, 0x03, 0x00, 0x09, 0x00, 0x00, 0x01, 0x00, 0x02, 
	0x04, 0x08, 0x06, 0x03, 0x00, 0x09, 0x08, 0x00, 0x01, 0x00, 0x02, 
	0x04, 0x0a, 0x03, 0x00, 0x09, 0x0c, 0x00, 0x01, 0x00, 0x02, 0x04, 
	0x0c, 0x03, 0x00, 0x09, 0x04, 0x00, 0x01, 0x00, 0x02, 0x04, 0x0e, 
	0x03, 0x00, 0x09, 0x04, 0x00, 0x01, 0x03, 0x00, 0x09, 0x00, 0x00, 
	0x01, 0x00, 0x02, 0x04, 0x0e, 0x06, 0x03, 0x00, 0x09, 0x00, 0x00, 
	0x01, 0x06, 0x03, 0x00, 0x09, 0x08, 0x00, 0x01, 0x00, 0x02, 0x04, 
	0x04, 0x06, 0x03, 0x62, 0x09, 0x04, 0x00, 0x01, 0x00, 0x02, 0x04, 
	0x0b, 0x03, 0x00, 0x09, 0x04, 0x00, 0x01, 0x00, 0x02, 0x04, 0x04, 
	0x03, 0x00, 0x09, 0x04, 0x00, 0x01, 0x00, 0x02, 0x04, 0x0a, 0x03, 
	0x00, 0x09, 0x04, 0x00, 0x01, 0x05, 0x08, 0x06, 0x03, 0x12, 0x09, 
	0x08, 0x00, 0x01, 0x03, 0x02, 0x09, 0x00, 0x00, 0x01, 0x05, 0x0b, 
	0x06, 0x03, 0x00, 0x09, 0x00, 0x00, 0x01, 0x05, 0x08, 0x06, 0x03, 
	0x01, 0x09, 0x04, 0x00, 0x01, 0x05, 0x0b, 0x06, 0x03, 0x00, 0x09, 
	0x00, 0x00, 0x01, 0x05, 0x08, 0x06, 0x03, 0x01, 0x09, 0x04, 0x00, 
	0x01, 0x06, 0x03, 0x03, 0x09, 0x00, 0x00, 0x01, 0x05, 0x11, 0x03, 
	0x7d, 0x09, 0x04, 0x00, 0x01, 0x05, 0x1e, 0x03, 0x00, 0x09, 0x04, 
	0x00, 0x01, 0x05, 0x0b, 0x03, 0x00, 0x09, 0x04, 0x00, 0x01, 0x05, 
	0x08, 0x06, 0x03, 0x01, 0x09, 0x04, 0x00, 0x01, 0x06, 0x03, 0x02, 
	0x09, 0x00, 0x00, 0x01, 0x05, 0x0b, 0x03, 0x7e, 0x09, 0x0c, 0x00, 
	0x01, 0x05, 0x08, 0x06, 0x03, 0x02, 0x09, 0x04, 0x00, 0x01, 0x03, 
	0x00, 0x09, 0x00, 0x00, 0x01, 0x03, 0x00, 0x09, 0x00, 0x00, 0x01, 
	0x03, 0x00, 0x09, 0x00, 0x00, 0x01, 0x03, 0x00, 0x09, 0x00, 0x00, 
	0x01, 0x03, 0x00, 0x09, 0x00, 0x00, 0x01, 0x03, 0x00, 0x09, 0x00, 
	0x00, 0x01, 0x03, 0x00, 0x09, 0x00, 0x00, 0x01, 0x03, 0x00, 0x09, 
	0x08, 0x00, 0x01, 0x03, 0x00, 0x09, 0x0c, 0x00, 0x01, 0x00, 0x02, 
	0x04, 0x01, 0x03, 0x00, 0x09, 0x08, 0x00, 0x01, 0x03, 0x00, 0x09, 
	0x08, 0x00, 0x01, 0x00, 0x02, 0x04, 0x01, 0x06, 0x03, 0x00, 0x09, 
	0x00, 0x00, 0x01, 0x00, 0x02, 0x04, 0x03, 0x06, 0x03, 0x00, 0x09, 
	0x04, 0x00, 0x01, 0x00, 0x02, 0x04, 0x05, 0x03, 0x00, 0x09, 0x04, 
	0x00, 0x01, 0x00, 0x02, 0x04, 0x07, 0x03, 0x00, 0x09, 0x08, 0x00, 
	0x01, 0x03, 0x00, 0x09, 0x04, 0x00, 0x01, 0x03, 0x00, 0x09, 0x00, 
	0x00, 0x01, 0x00, 0x02, 0x04, 0x07, 0x06, 0x03, 0x00, 0x09, 0x00, 
	0x00, 0x01, 0x06, 0x03, 0x00, 0x09, 0x04, 0x00, 0x01, 0x00, 0x02, 
	0x04, 0x07, 0x06, 0x03, 0x00, 0x09, 0x00, 0x00, 0x01, 0x06, 0x03, 
	0x00, 0x09, 0x10, 0x00, 0x01, 0x00, 0x02, 0x04, 0x07, 0x06, 0x03, 
	0x00, 0x09, 0x00, 0x00, 0x01, 0x06, 0x03, 0x00, 0x09, 0x08, 0x00, 
	0x01, 0x00, 0x02, 0x04, 0x07, 0x06, 0x03, 0x00, 0x09, 0x00, 0x00, 
	0x01, 0x00, 0x02, 0x04, 0x08, 0x06, 0x03, 0x00, 0x09, 0x08, 0x00, 
	0x01, 0x03, 0x00, 0x09, 0x08, 0x00, 0x01, 0x00, 0x02, 0x04, 0x08, 
	0x06, 0x03, 0x00, 0x09, 0x00, 0x00, 0x01, 0x00, 0x02, 0x04, 0x0a, 
	0x06, 0x03, 0x00, 0x09, 0x04, 0x00, 0x01, 0x00, 0x02, 0x04, 0x0c, 
	0x03, 0x00, 0x09, 0x04, 0x00, 0x01, 0x00, 0x02, 0x04, 0x0e, 0x03, 
	0x00, 0x09, 0x08, 0x00, 0x01, 0x03, 0x00, 0x09, 0x08, 0x00, 0x01, 
	0x00, 0x02, 0x04, 0x0e, 0x06, 0x03, 0x00, 0x09, 0x00, 0x00, 0x01, 
	0x06, 0x03, 0x00, 0x09, 0x04, 0x00, 0x01, 0x05, 0x07, 0x03, 0x15, 
	0x09, 0x04, 0x00, 0x01, 0x05, 0x0a, 0x06, 0x03, 0x00, 0x09, 0x00, 
	0x00, 0x01, 0x05, 0x04, 0x06, 0x03, 0x13, 0x09, 0x04, 0x00, 0x01, 
	0x03, 0x00, 0x09, 0x00, 0x00, 0x01, 0x03, 0x00, 0x09, 0x00, 0x00, 
	0x01, 0x03, 0x00, 0x09, 0x00, 0x00, 0x01, 0x00, 0x02, 0x04, 0x01, 
	0x03, 0x00, 0x09, 0x00, 0x00, 0x01, 0x00, 0x02, 0x04, 0x03, 0x06, 
	0x03, 0x00, 0x09, 0x08, 0x00, 0x01, 0x00, 0x02, 0x04, 0x15, 0x06, 
	0x03, 0x00, 0x09, 0x0c, 0x00, 0x01, 0x03, 0x00, 0x09, 0x20, 0x00, 
	0x01, 0x03, 0x01, 0x09, 0x00, 0x00, 0x01, 0x05, 0x07, 0x06, 0x03, 
	0x00, 0x09, 0x00, 0x00, 0x01, 0x05, 0x08, 0x06, 0x03, 0x0a, 0x09, 
	0x04, 0x00, 0x01, 0x06, 0x03, 0x02, 0x09, 0x00, 0x00, 0x01, 0x05, 
	0x0b, 0x03, 0x7e, 0x09, 0x04, 0x00, 0x01, 0x05, 0x14, 0x00, 0x02, 
	0x04, 0x01, 0x03, 0x00, 0x09, 0x04, 0x00, 0x01, 0x05, 0x04, 0x00, 
	0x02, 0x04, 0x04, 0x03, 0x75, 0x09, 0x0c, 0x00, 0x01, 0x00, 0x02, 
	0x04, 0x0b, 0x03, 0x00, 0x09, 0x04, 0x00, 0x01, 0x00, 0x02, 0x04, 
	0x04, 0x03, 0x00, 0x09, 0x04, 0x00, 0x01, 0x00, 0x02, 0x04, 0x0a, 
	0x03, 0x00, 0x09, 0x04, 0x00, 0x01, 0x05, 0x08, 0x06, 0x03, 0x1e, 
	0x09, 0x08, 0x00, 0x01, 0x03, 0x03, 0x09, 0x00, 0x00, 0x01, 0x03, 
	0x02, 0x09, 0x00, 0x00, 0x01, 0x05, 0x1e, 0x06, 0x03, 0x00, 0x09, 
	0x00, 0x00, 0x01, 0x05, 0x11, 0x03, 0x00, 0x09, 0x04, 0x00, 0x01, 
	0x05, 0x0b, 0x03, 0x02, 0x09, 0x04, 0x00, 0x01, 0x03, 0x7e, 0x09, 
	0x04, 0x00, 0x01, 0x05, 0x08, 0x06, 0x03, 0x01, 0x09, 0x04, 0x00, 
	0x01, 0x05, 0x11, 0x06, 0x03, 0x02, 0x09, 0x00, 0x00, 0x01, 0x05, 
	0x1e, 0x03, 0x00, 0x09, 0x04, 0x00, 0x01, 0x05, 0x0b, 0x03, 0x00, 
	0x09, 0x04, 0x00, 0x01, 0x05, 0x08, 0x03, 0x03, 0x09, 0x04, 0x00, 
	0x01, 0x05, 0x0b, 0x03, 0x7b, 0x09, 0x14, 0x00, 0x01, 0x05, 0x08, 
	0x06, 0x03, 0x01, 0x09, 0x04, 0x00, 0x01, 0x03, 0x01, 0x09, 0x00, 
	0x00, 0x01, 0x03, 0x01, 0x09, 0x00, 0x00, 0x01, 0x03, 0x02, 0x09, 
	0x00, 0x00, 0x01, 0x03, 0x00, 0x09, 0x00, 0x00, 0x01, 0x03, 0x00, 
	0x09, 0x00, 0x00, 0x01, 0x03, 0x00, 0x09, 0x00, 0x00, 0x01, 0x03, 
	0x00, 0x09, 0x00, 0x00, 0x01, 0x03, 0x00, 0x09, 0x00, 0x00, 0x01, 
	0x03, 0x00, 0x09, 0x00, 0x00, 0x01, 0x03, 0x00, 0x09, 0x00, 0x00, 
	0x01, 0x03, 0x00, 0x09, 0x08, 0x00, 0x01, 0x03, 0x00, 0x09, 0x08, 
	0x00, 0x01, 0x00, 0x02, 0x04, 0x01, 0x03, 0x00, 0x09, 0x08, 0x00, 
	0x01, 0x03, 0x00, 0x09, 0x08, 0x00, 0x01, 0x00, 0x02, 0x04, 0x01, 
	0x06, 0x03, 0x00, 0x09, 0x00, 0x00, 0x01, 0x00, 0x02, 0x04, 0x03, 
	0x06, 0x03, 0x00, 0x09, 0x04, 0x00, 0x01, 0x00, 0x02, 0x04, 0x05, 
	0x03, 0x00, 0x09, 0x04, 0x00, 0x01, 0x00, 0x02, 0x04, 0x07, 0x03, 
	0x00, 0x09, 0x08, 0x00, 0x01, 0x03, 0x00, 0x09, 0x04, 0x00, 0x01, 
	0x03, 0x00, 0x09, 0x00, 0x00, 0x01, 0x00, 0x02, 0x04, 0x07, 0x06, 
	0x03, 0x00, 0x09, 0x00, 0x00, 0x01, 0x06, 0x03, 0x00, 0x09, 0x04, 
	0x00, 0x01, 0x00, 0x02, 0x04, 0x07, 0x06, 0x03, 0x00, 0x09, 0x00, 
	0x00, 0x01, 0x06, 0x03, 0x00, 0x09, 0x10, 0x00, 0x01, 0x00, 0x02, 
	0x04, 0x07, 0x06, 0x03, 0x00, 0x09, 0x00, 0x00, 0x01, 0x06, 0x03, 
	0x00, 0x09, 0x08, 0x00, 0x01, 0x00, 0x02, 0x04, 0x07, 0x06, 0x03, 
	0x00, 0x09, 0x00, 0x00, 0x01, 0x00, 0x02, 0x04, 0x08, 0x06, 0x03, 
	0x00, 0x09, 0x08, 0x00, 0x01, 0x03, 0x00, 0x09, 0x08, 0x00, 0x01, 
	0x00, 0x02, 0x04, 0x08, 0x06, 0x03, 0x00, 0x09, 0x00, 0x00, 0x01, 
	0x00, 0x02, 0x04, 0x0a, 0x06, 0x03, 0x00, 0x09, 0x04, 0x00, 0x01, 
	0x00, 0x02, 0x04, 0x0c, 0x03, 0x00, 0x09, 0x04, 0x00, 0x01, 0x00, 
	0x02, 0x04, 0x0e, 0x03, 0x00, 0x09, 0x08, 0x00, 0x01, 0x06, 0x03, 
	0x01, 0x09, 0x08, 0x00, 0x01, 0x00, 0x02, 0x04, 0x0e, 0x03, 0x7f, 
	0x09, 0x14, 0x00, 0x01, 0x06, 0x03, 0x00, 0x09, 0x04, 0x00, 0x01, 
	0x03, 0x00, 0x09, 0x00, 0x00, 0x01, 0x03, 0x00, 0x09, 0x00, 0x00, 
	0x01, 0x03, 0x01, 0x09, 0x00, 0x00, 0x01, 0x03, 0x00, 0x09, 0x00, 
	0x00, 0x01, 0x03, 0x00, 0x09, 0x00, 0x00, 0x01, 0x03, 0x00, 0x09, 
	0x00, 0x00, 0x01, 0x03, 0x00, 0x09, 0x00, 0x00, 0x01, 0x03, 0x00, 
	0x09, 0x04, 0x00, 0x01, 0x03, 0x00, 0x09, 0x00, 0x00, 0x01, 0x03, 
	0x00, 0x09, 0x00, 0x00, 0x01, 0x03, 0x00, 0x09, 0x04, 0x00, 0x01, 
	0x03, 0x00, 0x09, 0x00, 0x00, 0x01, 0x03, 0x00, 0x09, 0x04, 0x00, 
	0x01, 0x03, 0x00, 0x09, 0x14, 0x00, 0x01, 0x03, 0x00, 0x09, 0x00, 
	0x00, 0x01, 0x03, 0x00, 0x09, 0x00, 0x00, 0x01, 0x00, 0x02, 0x04, 
	0x01, 0x03, 0x00, 0x09, 0x04, 0x00, 0x01, 0x00, 0x02, 0x04, 0x03, 
	0x03, 0x00, 0x09, 0x08, 0x00, 0x01, 0x03, 0x00, 0x09, 0x08, 0x00, 
	0x01, 0x03, 0x00, 0x09, 0x00, 0x00, 0x01, 0x03, 0x02, 0x09, 0x00, 
	0x00, 0x01, 0x05, 0x0b, 0x06, 0x03, 0x00, 0x09, 0x00, 0x00, 0x01, 
	0x05, 0x14, 0x00, 0x02, 0x04, 0x01, 0x03, 0x00, 0x09, 0x04, 0x00, 
	0x01, 0x05, 0x08, 0x00, 0x02, 0x04, 0x03, 0x03, 0x7e, 0x09, 0x04, 
	0x00, 0x01, 0x05, 0x0b, 0x03, 0x7d, 0x09, 0x0c, 0x00, 0x01, 0x05, 
	0x08, 0x00, 0x02, 0x04, 0x03, 0x03, 0x03, 0x09, 0x04, 0x00, 0x01, 
	0x05, 0x0b, 0x03, 0x08, 0x09, 0x04, 0x00, 0x01, 0x05, 0x21, 0x00, 
	0x02, 0x04, 0x02, 0x03, 0x7a, 0x09, 0x04, 0x00, 0x01, 0x05, 0x05, 
	0x06, 0x03, 0x02, 0x09, 0x04, 0x00, 0x01, 0x05, 0x07, 0x06, 0x03, 
	0x00, 0x09, 0x00, 0x00, 0x01, 0x05, 0x05, 0x06, 0x03, 0x01, 0x09, 
	0x04, 0x00, 0x01, 0x03, 0x00, 0x09, 0x00, 0x00, 0x01, 0x03, 0x00, 
	0x09, 0x00, 0x00, 0x01, 0x03, 0x00, 0x09, 0x00, 0x00, 0x01, 0x03, 
	0x00, 0x09, 0x00, 0x00, 0x01, 0x05, 0x07, 0x06, 0x03, 0x43, 0x09, 
	0x04, 0x00, 0x01, 0x03, 0x7f, 0x09, 0x04, 0x00, 0x01, 0x09, 0x08, 
	0x00, 0x00, 0x01, 0x01, 0x89, 0x09, 0x00, 0x00, 0x05, 0x00, 0x04, 
	0x00, 0x33, 0x00, 0x00, 0x00, 0x01, 0x01, 0x01, 0xfb, 0x0e, 0x0d, 
	0x00, 0x01, 0x01, 0x01, 0x01, 0x00, 0x00, 0x00, 0x01, 0x00, 0x00, 
	0x01, 0x01, 0x01, 0x1f, 0x02, 0x26, 0x00, 0x00, 0x00, 0x9b, 0x00, 
	0x00, 0x00, 0x02, 0x01, 0x1f, 0x02, 0x0f, 0x03, 0x1c, 0x00, 0x00, 
	0x00, 0x01, 0x1c, 0x00, 0x00, 0x00, 0x01, 0xb7, 0x00, 0x00, 0x00, 
	0x01, 0x05, 0x01, 0x00, 0x05, 0x02, 0x30, 0x32, 0x00, 0x40, 0x03, 
	0x86, 0x0a, 0x01, 0x05, 0x03, 0x03, 0x01, 0x09, 0x00, 0x00, 0x01, 
	0x03, 0x02, 0x09, 0x00, 0x00, 0x01, 0x03, 0xdb, 0x7d, 0x09, 0x00, 
	0x00, 0x01, 0x03, 0x01, 0x09, 0x00, 0x00, 0x01, 0x03, 0x01, 0x09, 
	0x00, 0x00, 0x01, 0x03, 0x01, 0x09, 0x00, 0x00, 0x01, 0x03, 0x01, 
	0x09, 0x00, 0x00, 0x01, 0x03, 0x01, 0x09, 0x00, 0x00, 0x01, 0x03, 
	0x02, 0x09, 0x00, 0x00, 0x01, 0x05, 0x06, 0x06, 0x03, 0x00, 0x09, 
	0x00, 0x00, 0x01, 0x05, 0x03, 0x06, 0x03, 0x01, 0x09, 0x04, 0x00, 
	0x01, 0x03, 0x01, 0x09, 0x00, 0x00, 0x01, 0x05, 0x06, 0x06, 0x03, 
	0x00, 0x09, 0x00, 0x00, 0x01, 0x05, 0x03, 0x06, 0x03, 0x01, 0x09, 
	0x04, 0x00, 0x01, 0x05, 0x06, 0x06, 0x03, 0x00, 0x09, 0x00, 0x00, 
	0x01, 0x05, 0x03, 0x06, 0x03, 0x25, 0x09, 0x04, 0x00, 0x01, 0x05, 
	0x06, 0x06, 0x03, 0x00, 0x09, 0x00, 0x00, 0x01, 0x05, 0x07, 0x06, 
	0x03, 0x02, 0x09, 0x04, 0x00, 0x01, 0x05, 0x0a, 0x06, 0x03, 0x00, 
	0x09, 0x08, 0x00, 0x01, 0x05, 0x04, 0x06, 0x03, 0x04, 0x09, 0x04, 
	0x00, 0x01, 0x03, 0x00, 0x09, 0x00, 0x00, 0x01, 0x03, 0x00, 0x09, 
	0x00, 0x00, 0x01, 0x03, 0x00, 0x09, 0x00, 0x00, 0x01, 0x00, 0x02, 
	0x04, 0x01, 0x03, 0x00, 0x09, 0x00, 0x00, 0x01, 0x00, 0x02, 0x04, 
	0x03, 0x06, 0x03, 0x00, 0x09, 0x08, 0x00, 0x01, 0x00, 0x02, 0x04, 
	0x15, 0x06, 0x03, 0x00, 0x09, 0x0c, 0x00, 0x01, 0x03, 0x00, 0x09, 
	0x18, 0x00, 0x01, 0x03, 0x02, 0x09, 0x00, 0x00, 0x01, 0x05, 0x07, 
	0x06, 0x03, 0x00, 0x09, 0x00, 0x00, 0x01, 0x05, 0x08, 0x06, 0x03, 
	0x05, 0x09, 0x04, 0x00, 0x01, 0x05, 0x11, 0x06, 0x03, 0x01, 0x09, 
	0x00, 0x00, 0x01, 0x05, 0x1e, 0x03, 0x00, 0x09, 0x04, 0x00, 0x01, 
	0x05, 0x0b, 0x03, 0x7f, 0x09, 0x04, 0x00, 0x01, 0x05, 0x08, 0x06, 
	0x03, 0x01, 0x09, 0x04, 0x00, 0x01, 0x05, 0x0b, 0x06, 0x03, 0x00, 
	0x09, 0x00, 0x00, 0x01, 0x05, 0x08, 0x06, 0x03, 0x01, 0x09, 0x04, 
	0x00, 0x01, 0x05, 0x0b, 0x06, 0x03, 0x00, 0x09, 0x00, 0x00, 0x01, 
	0x05, 0x04, 0x06, 0x03, 0x03, 0x09, 0x04, 0x00, 0x01, 0x03, 0x00, 
	0x09, 0x00, 0x00, 0x01, 0x03, 0x00, 0x09, 0x00, 0x00, 0x01, 0x03, 
	0x00, 0x09, 0x00, 0x00, 0x01, 0x03, 0x00, 0x09, 0x04, 0x00, 0x01, 
	0x03, 0x00, 0x09, 0x0c, 0x00, 0x01, 0x03, 0x00, 0x09, 0x00, 0x00, 
	0x01, 0x03, 0x00, 0x09, 0x00, 0x00, 0x01, 0x03, 0x00, 0x09, 0x08, 
	0x00, 0x01, 0x03, 0x00, 0x09, 0x0c, 0x00, 0x01, 0x00, 0x02, 0x04, 
	0x01, 0x03, 0x00, 0x09, 0x04, 0x00, 0x01, 0x03, 0x00, 0x09, 0x04, 
	0x00, 0x01, 0x00, 0x02, 0x04, 0x01, 0x06, 0x03, 0x00, 0x09, 0x00, 
	0x00, 0x01, 0x00, 0x02, 0x04, 0x03, 0x06, 0x03, 0x00, 0x09, 0x04, 
	0x00, 0x01, 0x00, 0x02, 0x04, 0x05, 0x03, 0x00, 0x09, 0x04, 0x00, 
	0x01, 0x00, 0x02, 0x04, 0x07, 0x03, 0x00, 0x09, 0x04, 0x00, 0x01, 
	0x03, 0x00, 0x09, 0x04, 0x00, 0x01, 0x03, 0x00, 0x09, 0x00, 0x00, 
	0x01, 0x03, 0x00, 0x09, 0x00, 0x00, 0x01, 0x00, 0x02, 0x04, 0x07, 
	0x06, 0x03, 0x00, 0x09, 0x00, 0x00, 0x01, 0x06, 0x03, 0x00, 0x09, 
	0x0c, 0x00, 0x01, 0x00, 0x02, 0x04, 0x07, 0x06, 0x03, 0x2a, 0x09, 
	0x00, 0x00, 0x01, 0x06, 0x03, 0x00, 0x09, 0x10, 0x00, 0x01, 0x00, 
	0x02, 0x04, 0x07, 0x06, 0x03, 0x00, 0x09, 0x00, 0x00, 0x01, 0x00, 
	0x02, 0x04, 0x08, 0x06, 0x03, 0x00, 0x09, 0x04, 0x00, 0x01, 0x03, 
	0x00, 0x09, 0x04, 0x00, 0x01, 0x00, 0x02, 0x04, 0x08, 0x06, 0x03, 
	0x00, 0x09, 0x00, 0x00, 0x01, 0x00, 0x02, 0x04, 0x0a, 0x06, 0x03, 
	0x00, 0x09, 0x04, 0x00, 0x01, 0x00, 0x02, 0x04, 0x0c, 0x03, 0x00, 
	0x09, 0x04, 0x00, 0x01, 0x00, 0x02, 0x04, 0x0e, 0x03, 0x00, 0x09, 
	0x04, 0x00, 0x01, 0x03, 0x00, 0x09, 0x04, 0x00, 0x01, 0x03, 0x00, 
	0x09, 0x00, 0x00, 0x01, 0x00, 0x02, 0x04, 0x0f, 0x03, 0x00, 0x09, 
	0x00, 0x00, 0x01, 0x05, 0x07, 0x03, 0x05, 0x09, 0x00, 0x00, 0x01, 
	0x05, 0x04, 0x03, 0x02, 0x09, 0x00, 0x00, 0x01, 0x05, 0x12, 0x06, 
	0x03, 0x00, 0x09, 0x00, 0x00, 0x01, 0x05, 0x04, 0x06, 0x03, 0x01, 
	0x09, 0x04, 0x00, 0x01, 0x03, 0x01, 0x09, 0x00, 0x00, 0x01, 0x05, 
	0x0c, 0x06, 0x03, 0x00, 0x09, 0x00, 0x00, 0x01, 0x05, 0x04, 0x00, 
	0x02, 0x04, 0x04, 0x03, 0x41, 0x09, 0x08, 0x00, 0x01, 0x00, 0x02, 
	0x04, 0x0b, 0x03, 0x00, 0x09, 0x04, 0x00, 0x01, 0x00, 0x02, 0x04, 
	0x04, 0x03, 0x00, 0x09, 0x04, 0x00, 0x01, 0x00, 0x02, 0x04, 0x0a, 
	0x03, 0x00, 0x09, 0x04, 0x00, 0x01, 0x06, 0x03, 0x15, 0x09, 0x08, 
	0x00, 0x01, 0x00, 0x02, 0x04, 0x05, 0x06, 0x03, 0x03, 0x09, 0x00, 
	0x00, 0x01, 0x05, 0x07, 0x03, 0x7d, 0x09, 0x04, 0x00, 0x01, 0x05, 
	0x04, 0x06, 0x03, 0x03, 0x09, 0x04, 0x00, 0x01, 0x03, 0x00, 0x09, 
	0x00, 0x00, 0x01, 0x03, 0x00, 0x09, 0x00, 0x00, 0x01, 0x03, 0x00, 
	0x09, 0x00, 0x00, 0x01, 0x00, 0x02, 0x04, 0x01, 0x03, 0x00, 0x09, 
	0x00, 0x00, 0x01, 0x00, 0x02, 0x04, 0x03, 0x06, 0x03, 0x00, 0x09, 
	0x08, 0x00, 0x01, 0x00, 0x02, 0x04, 0x15, 0x06, 0x03, 0x00, 0x09, 
	0x0c, 0x00, 0x01, 0x03, 0x00, 0x09, 0x18, 0x00, 0x01, 0x03, 0x02, 
	0x09, 0x00, 0x00, 0x01, 0x05, 0x07, 0x06, 0x03, 0x00, 0x09, 0x00, 
	0x00, 0x01, 0x05, 0x08, 0x06, 0x03, 0x09, 0x09, 0x04, 0x00, 0x01, 
	0x05, 0x0b, 0x06, 0x03, 0x00, 0x09, 0x00, 0x00, 0x01, 0x05, 0x08, 
	0x06, 0x03, 0x01, 0x09, 0x04, 0x00, 0x01, 0x00, 0x02, 0x04, 0x0f, 
	0x03, 0x0d, 0x09, 0x00, 0x00, 0x01, 0x05, 0x04, 0x03, 0x05, 0x09, 
	0x00, 0x00, 0x01, 0x03, 0x00, 0x09, 0x00, 0x00, 0x01, 0x03, 0x00, 
	0x09, 0x00, 0x00, 0x01, 0x03, 0x00, 0x09, 0x00, 0x00, 0x01, 0x03, 
	0x00, 0x09, 0x04, 0x00, 0x01, 0x03, 0x00, 0x09, 0x0c, 0x00, 0x01, 
	0x03, 0x00, 0x09, 0x00, 0x00, 0x01, 0x03, 0x00, 0x09, 0x00, 0x00, 
	0x01, 0x03, 0x00, 0x09, 0x0c, 0x00, 0x01, 0x03, 0x00, 0x09, 0x08, 
	0x00, 0x01, 0x00, 0x02, 0x04, 0x01, 0x03, 0x00, 0x09, 0x04, 0x00, 
	0x01, 0x03, 0x00, 0x09, 0x04, 0x00, 0x01, 0x00, 0x02, 0x04, 0x01, 
	0x06, 0x03, 0x00, 0x09, 0x00, 0x00, 0x01, 0x00, 0x02, 0x04, 0x03, 
	0x06, 0x03, 0x00, 0x09, 0x04, 0x00, 0x01, 0x00, 0x02, 0x04, 0x05, 
	0x03, 0x00, 0x09, 0x04, 0x00, 0x01, 0x00, 0x02, 0x04, 0x07, 0x03, 
	0x00, 0x09, 0x04, 0x00, 0x01, 0x03, 0x00, 0x09, 0x04, 0x00, 0x01, 
	0x03, 0x00, 0x09, 0x00, 0x00, 0x01, 0x03, 0x00, 0x09, 0x00, 0x00, 
	0x01, 0x00, 0x02, 0x04, 0x07, 0x06, 0x03, 0x00, 0x09, 0x00, 0x00, 
	0x01, 0x06, 0x03, 0x00, 0x09, 0x0c, 0x00, 0x01, 0x00, 0x02, 0x04, 
	0x04, 0x06, 0x03, 0x62, 0x09, 0x04, 0x00, 0x01, 0x00, 0x02, 0x04, 
	0x0b, 0x03, 0x00, 0x09, 0x04, 0x00, 0x01, 0x00, 0x02, 0x04, 0x04, 
	0x03, 0x00, 0x09, 0x04, 0x00, 0x01, 0x00, 0x02, 0x04, 0x0a, 0x03, 
	0x00, 0x09, 0x04, 0x00, 0x01, 0x05, 0x08, 0x06, 0x03, 0x12, 0x09, 
	0x08, 0x00, 0x01, 0x03, 0x02, 0x09, 0x00, 0x00, 0x01, 0x05, 0x0b, 
	0x06, 0x03, 0x00, 0x09, 0x00, 0x00, 0x01, 0x05, 0x08, 0x06, 0x03, 
	0x01, 0x09, 0x04, 0x00, 0x01, 0x05, 0x0b, 0x06, 0x03, 0x00, 0x09, 
	0x00, 0x00, 0x01, 0x05, 0x08, 0x06, 0x03, 0x01, 0x09, 0x04, 0x00, 
	0x01, 0x05, 0x0b, 0x06, 0x03, 0x01, 0x09, 0x00, 0x00, 0x01, 0x05, 
	0x11, 0x03, 0x7f, 0x09, 0x04, 0x00, 0x01, 0x05, 0x1e, 0x03, 0x00, 
	0x09, 0x04, 0x00, 0x01, 0x05, 0x08, 0x03, 0x03, 0x09, 0x04, 0x00, 
	0x01, 0x05, 0x0b, 0x03, 0x7d, 0x09, 0x04, 0x00, 0x01, 0x05, 0x08, 
	0x06, 0x03, 0x01, 0x09, 0x04, 0x00, 0x01, 0x03, 0x02, 0x09, 0x00, 
	0x00, 0x01, 0x03, 0x00, 0x09, 0x00, 0x00, 0x01, 0x03, 0x00, 0x09, 
	0x00, 0x00, 0x01, 0x03, 0x00, 0x09, 0x00, 0x00, 0x01, 0x03, 0x00, 
	0x09, 0x00, 0x00, 0x01, 0x03, 0x00, 0x09, 0x0c, 0x00, 0x01, 0x03, 
	0x00, 0x09, 0x00, 0x00, 0x01, 0x03, 0x00, 0x09, 0x00, 0x00, 0x01, 
	0x03, 0x00, 0x09, 0x08, 0x00, 0x01, 0x03, 0x00, 0x09, 0x0c, 0x00, 
	0x01, 0x00, 0x02, 0x04, 0x01, 0x03, 0x00, 0x09, 0x04, 0x00, 0x01, 
	0x03, 0x00, 0x09, 0x04, 0x00, 0x01, 0x00, 0x02, 0x04, 0x01, 0x06, 
	0x03, 0x00, 0x09, 0x00, 0x00, 0x01, 0x00, 0x02, 0x04, 0x03, 0x06, 
	0x03, 0x00, 0x09, 0x04, 0x00, 0x01, 0x00, 0x02, 0x04, 0x05, 0x03, 
	0x00, 0x09, 0x04, 0x00, 0x01, 0x00, 0x02, 0x04, 0x07, 0x03, 0x00, 
	0x09, 0x04, 0x00, 0x01, 0x03, 0x00, 0x09, 0x04, 0x00, 0x01, 0x03, 
	0x00, 0x09, 0x00, 0x00, 0x01, 0x03, 0x00, 0x09, 0x00, 0x00, 0x01, 
	0x00, 0x02, 0x04, 0x07, 0x06, 0x03, 0x00, 0x09, 0x00, 0x00, 0x01, 
	0x06, 0x03, 0x00, 0x09, 0x14, 0x00, 0x01, 0x00, 0x02, 0x04, 0x07, 
	0x06, 0x03, 0x00, 0x09, 0x00, 0x00, 0x01, 0x06, 0x03, 0x00, 0x09, 
	0x08, 0x00, 0x01, 0x00, 0x02, 0x04, 0x07, 0x06, 0x03, 0x00, 0x09, 
	0x00, 0x00, 0x01, 0x00, 0x02, 0x04, 0x08, 0x06, 0x03, 0x00, 0x09, 
	0x04, 0x00, 0x01, 0x03, 0x00, 0x09, 0x04, 0x00, 0x01, 0x00, 0x02, 
	0x04, 0x08, 0x06, 0x03, 0x00, 0x09, 0x00, 0x00, 0x01, 0x00, 0x02, 
	0x04, 0x0a, 0x06, 0x03, 0x00, 0x09, 0x04, 0x00, 0x01, 0x00, 0x02, 
	0x04, 0x0c, 0x03, 0x00, 0x09, 0x04, 0x00, 0x01, 0x00, 0x02, 0x04, 
	0x0e, 0x03, 0x00, 0x09, 0x04, 0x00, 0x01, 0x03, 0x00, 0x09, 0x04, 
	0x00, 0x01, 0x03, 0x00, 0x09, 0x00, 0x00, 0x01, 0x05, 0x07, 0x03, 
	0x15, 0x09, 0x04, 0x00, 0x01, 0x05, 0x0a, 0x06, 0x03, 0x00, 0x09, 
	0x00, 0x00, 0x01, 0x05, 0x04, 0x06, 0x03, 0x13, 0x09, 0x04, 0x00, 
	0x01, 0x03, 0x00, 0x09, 0x00, 0x00, 0x01, 0x03, 0x00, 0x09, 0x00, 
	0x00, 0x01, 0x03, 0x00, 0x09, 0x00, 0x00, 0x01, 0x00, 0x02, 0x04, 
	0x01, 0x03, 0x00, 0x09, 0x00, 0x00, 0x01, 0x00, 0x02, 0x04, 0x03, 
	0x06, 0x03, 0x00, 0x09, 0x08, 0x00, 0x01, 0x00, 0x02, 0x04, 0x15, 
	0x06, 0x03, 0x00, 0x09, 0x0c, 0x00, 0x01, 0x03, 0x00, 0x09, 0x20, 
	0x00, 0x01, 0x03, 0x01, 0x09, 0x00, 0x00, 0x01, 0x05, 0x07, 0x06, 
	0x03, 0x00, 0x09, 0x00, 0x00, 0x01, 0x05, 0x08, 0x06, 0x03, 0x0a, 
	0x09, 0x04, 0x00, 0x01, 0x05, 0x0b, 0x06, 0x03, 0x00, 0x09, 0x00, 
	0x00, 0x01, 0x05, 0x14, 0x00, 0x02, 0x04, 0x01, 0x03, 0x00, 0x09, 
	0x04, 0x00, 0x01, 0x05, 0x05, 0x06, 0x03, 0x02, 0x09, 0x04, 0x00, 
	0x01, 0x03, 0x01, 0x09, 0x00, 0x00, 0x01, 0x03, 0x00, 0x09, 0x00, 
	0x00, 0x01, 0x03, 0x00, 0x09, 0x00, 0x00, 0x01, 0x03, 0x00, 0x09, 
	0x10, 0x00, 0x01, 0x03, 0x00, 0x09, 0x04, 0x00, 0x01, 0x03, 0x00, 
	0x09, 0x00, 0x00, 0x01, 0x05, 0x08, 0x03, 0x05, 0x09, 0x00, 0x00, 
	0x01, 0x03, 0x02, 0x09, 0x00, 0x00, 0x01, 0x05, 0x05, 0x03, 0x02, 
	0x09, 0x00, 0x00, 0x01, 0x03, 0x01, 0x09, 0x00, 0x00, 0x01, 0x03, 
	0x01, 0x09, 0x00, 0x00, 0x01, 0x05, 0x0d, 0x06, 0x03, 0x00, 0x09, 
	0x00, 0x00, 0x01, 0x05, 0x04, 0x00, 0x02, 0x04, 0x04, 0x03, 0x67, 
	0x09, 0x0c, 0x00, 0x01, 0x00, 0x02, 0x04, 0x0b, 0x03, 0x00, 0x09, 
	0x04, 0x00, 0x01, 0x00, 0x02, 0x04, 0x04, 0x03, 0x00, 0x09, 0x04, 
	0x00, 0x01, 0x00, 0x02, 0x04, 0x0a, 0x03, 0x00, 0x09, 0x04, 0x00, 
	0x01, 0x05, 0x08, 0x06, 0x03, 0x1e, 0x09, 0x08, 0x00, 0x01, 0x03, 
	0x03, 0x09, 0x00, 0x00, 0x01, 0x03, 0x02, 0x09, 0x00, 0x00, 0x01, 
	0x05, 0x1e, 0x06, 0x03, 0x00, 0x09, 0x00, 0x00, 0x01, 0x05, 0x11, 
	0x03, 0x00, 0x09, 0x04, 0x00, 0x01, 0x05, 0x0b, 0x03, 0x00, 0x09, 
	0x04, 0x00, 0x01, 0x05, 0x08, 0x06, 0x03, 0x01, 0x09, 0x04, 0x00, 
	0x01, 0x05, 0x0b, 0x06, 0x03, 0x01, 0x09, 0x00, 0x00, 0x01, 0x05, 
	0x08, 0x03, 0x04, 0x09, 0x04, 0x00, 0x01, 0x05, 0x11, 0x03, 0x7d, 
	0x09, 0x10, 0x00, 0x01, 0x05, 0x1e, 0x03, 0x00, 0x09, 0x04, 0x00, 
	0x01, 0x05, 0x0b, 0x03, 0x00, 0x09, 0x04, 0x00, 0x01, 0x05, 0x08, 
	0x03, 0x03, 0x09, 0x04, 0x00, 0x01, 0x05, 0x0b, 0x03, 0x7b, 0x09, 
	0x04, 0x00, 0x01, 0x05, 0x08, 0x06, 0x03, 0x01, 0x09, 0x04, 0x00, 
	0x01, 0x03, 0x01, 0x09, 0x00, 0x00, 0x01, 0x03, 0x01, 0x09, 0x00, 
	0x00, 0x01, 0x05, 0x0b, 0x06, 0x03, 0x00, 0x09, 0x00, 0x00, 0x01, 
	0x05, 0x08, 0x06, 0x03, 0x02, 0x09, 0x04, 0x00, 0x01, 0x03, 0x00, 
	0x09, 0x00, 0x00, 0x01, 0x03, 0x00, 0x09, 0x00, 0x00, 0x01, 0x03, 
	0x00, 0x09, 0x00, 0x00, 0x01, 0x03, 0x00, 0x09, 0x00, 0x00, 0x01, 
	0x03, 0x00, 0x09, 0x00, 0x00, 0x01, 0x03, 0x00, 0x09, 0x00, 0x00, 
	0x01, 0x03, 0x00, 0x09, 0x00, 0x00, 0x01, 0x03, 0x00, 0x09, 0x08, 
	0x00, 0x01, 0x03, 0x00, 0x09, 0x08, 0x00, 0x01, 0x00, 0x02, 0x04, 
	0x01, 0x03, 0x00, 0x09, 0x08, 0x00, 0x01, 0x03, 0x00, 0x09, 0x08, 
	0x00, 0x01, 0x00, 0x02, 0x04, 0x01, 0x06, 0x03, 0x00, 0x09, 0x00, 
	0x00, 0x01, 0x00, 0x02, 0x04, 0x03, 0x06, 0x03, 0x00, 0x09, 0x04, 
	0x00, 0x01, 0x00, 0x02, 0x04, 0x05, 0x03, 0x00, 0x09, 0x04, 0x00, 
	0x01, 0x00, 0x02, 0x04, 0x07, 0x03, 0x00, 0x09, 0x08, 0x00, 0x01, 
	0x03, 0x00, 0x09, 0x04, 0x00, 0x01, 0x03, 0x00, 0x09, 0x00, 0x00, 
	0x01, 0x00, 0x02, 0x04, 0x07, 0x06, 0x03, 0x00, 0x09, 0x00, 0x00, 
	0x01, 0x06, 0x03, 0x00, 0x09, 0x04, 0x00, 0x01, 0x00, 0x02, 0x04, 
	0x07, 0x06, 0x03, 0x00, 0x09, 0x00, 0x00, 0x01, 0x06, 0x03, 0x00, 
	0x09, 0x14, 0x00, 0x01, 0x00, 0x02, 0x04, 0x07, 0x06, 0x03, 0x00, 
	0x09, 0x00, 0x00, 0x01, 0x06, 0x03, 0x00, 0x09, 0x08, 0x00, 0x01, 
	0x00, 0x02, 0x04, 0x07, 0x06, 0x03, 0x00, 0x09, 0x00, 0x00, 0x01, 
	0x00, 0x02, 0x04, 0x08, 0x06, 0x03, 0x00, 0x09, 0x04, 0x00, 0x01, 
	0x03, 0x00, 0x09, 0x08, 0x00, 0x01, 0x00, 0x02, 0x04, 0x08, 0x06, 
	0x03, 0x00, 0x09, 0x00, 0x00, 0x01, 0x00, 0x02, 0x04, 0x0a, 0x06, 
	0x03, 0x00, 0x09, 0x04, 0x00, 0x01, 0x00, 0x02, 0x04, 0x0c, 0x03, 
	0x00, 0x09, 0x04, 0x00, 0x01, 0x00, 0x02, 0x04, 0x0e, 0x03, 0x00, 
	0x09, 0x08, 0x00, 0x01, 0x03, 0x00, 0x09, 0x0c, 0x00, 0x01, 0x03, 
	0x00, 0x09, 0x00, 0x00, 0x01, 0x03, 0x00, 0x09, 0x00, 0x00, 0x01, 
	0x03, 0x01, 0x09, 0x00, 0x00, 0x01, 0x03, 0x00, 0x09, 0x00, 0x00, 
	0x01, 0x03, 0x00, 0x09, 0x00, 0x00, 0x01, 0x03, 0x00, 0x09, 0x00, 
	0x00, 0x01, 0x03, 0x00, 0x09, 0x10, 0x00, 0x01, 0x03, 0x00, 0x09, 
	0x04, 0x00, 0x01, 0x03, 0x00, 0x09, 0x04, 0x00, 0x01, 0x03, 0x00, 
	0x09, 0x00, 0x00, 0x01, 0x03, 0x00, 0x09, 0x04, 0x00, 0x01, 0x03, 
	0x00, 0x09, 0x00, 0x00, 0x01, 0x03, 0x00, 0x09, 0x04, 0x00, 0x01, 
	0x03, 0x00, 0x09, 0x08, 0x00, 0x01, 0x03, 0x00, 0x09, 0x04, 0x00, 
	0x01, 0x03, 0x00, 0x09, 0x08, 0x00, 0x01, 0x00, 0x02, 0x04, 0x01, 
	0x03, 0x00, 0x09, 0x04, 0x00, 0x01, 0x00, 0x02, 0x04, 0x03, 0x03, 
	0x00, 0x09, 0x08, 0x00, 0x01, 0x03, 0x00, 0x09, 0x14, 0x00, 0x01, 
	0x00, 0x02, 0x04, 0x03, 0x06, 0x03, 0x00, 0x09, 0x00, 0x00, 0x01, 
	0x06, 0x03, 0x00, 0x09, 0x04, 0x00, 0x01, 0x03, 0x02, 0x09, 0x00, 
	0x00, 0x01, 0x05, 0x0b, 0x06, 0x03, 0x00, 0x09, 0x00, 0x00, 0x01, 
	0x05, 0x14, 0x00, 0x02, 0x04, 0x01, 0x03, 0x00, 0x09, 0x04, 0x00, 
	0x01, 0x05, 0x21, 0x00, 0x02, 0x04, 0x02, 0x03, 0x00, 0x09, 0x04, 
	0x00, 0x01, 0x05, 0x05, 0x06, 0x03, 0x02, 0x09, 0x04, 0x00, 0x01, 
	0x03, 0x01, 0x09, 0x00, 0x00, 0x01, 0x03, 0x00, 0x09, 0x00, 0x00, 
	0x01, 0x03, 0x00, 0x09, 0x00, 0x00, 0x01, 0x03, 0x00, 0x09, 0x10, 
	0x00, 0x01, 0x03, 0x00, 0x09, 0x04, 0x00, 0x01, 0x00, 0x02, 0x04, 
	0x01, 0x03, 0x00, 0x09, 0x00, 0x00, 0x01, 0x05, 0x08, 0x03, 0x03, 
	0x09, 0x00, 0x00, 0x01, 0x03, 0x03, 0x09, 0x00, 0x00, 0x01, 0x05, 
	0x05, 0x03, 0x02, 0x09, 0x00, 0x00, 0x01, 0x03, 0x00, 0x09, 0x00, 
	0x00, 0x01, 0x03, 0x00, 0x09, 0x00, 0x00, 0x01, 0x03, 0x00, 0x09, 
	0x04, 0x00, 0x01, 0x03, 0x00, 0x09, 0x0c, 0x00, 0x01, 0x03, 0x00, 
	0x09, 0x00, 0x00, 0x01, 0x03, 0x01, 0x09, 0x00, 0x00, 0x01, 0x03, 
	0x01, 0x09, 0x00, 0x00, 0x01, 0x03, 0x01, 0x09, 0x00, 0x00, 0x01, 
	0x05, 0x14, 0x06, 0x03, 0x7e, 0x09, 0x00, 0x00, 0x01, 0x05, 0x20, 
	0x03, 0x00, 0x09, 0x04, 0x00, 0x01, 0x05, 0x0d, 0x03, 0x02, 0x09, 
	0x04, 0x00, 0x01, 0x05, 0x03, 0x06, 0x03, 0x06, 0x09, 0x08, 0x00, 
	0x01, 0x03, 0x01, 0x09, 0x00, 0x00, 0x01, 0x03, 0xd8, 0x00, 0x09, 
	0x00, 0x00, 0x01, 0x05, 0x01, 0x06, 0x03, 0x01, 0x09, 0x00, 0x00, 
	0x01, 0x09, 0x04, 0x00, 0x00, 0x01, 0x01, 0x3b, 0x00, 0x00, 0x00, 
	0x05, 0x00, 0x04, 0x00, 0x33, 0x00, 0x00, 0x00, 0x01, 0x01, 0x01, 
	0xfb, 0x0e, 0x0d, 0x00, 0x01, 0x01, 0x01, 0x01, 0x00, 0x00, 0x00, 
	0x01, 0x00, 0x00, 0x01, 0x01, 0x01, 0x1f, 0x02, 0x26, 0x00, 0x00, 
	0x00, 0x9b, 0x00, 0x00, 0x00, 0x02, 0x01, 0x1f, 0x02, 0x0f, 0x03, 
	0x1c, 0x00, 0x00, 0x00, 0x01, 0xb7, 0x00, 0x00, 0x00, 0x01, 0x1c, 
	0x00, 0x00, 0x00, 0x01, 0x5f, 0x5f, 0x75, 0x64, 0x69, 0x76, 0x64, 
	0x69, 0x33, 0x00, 0x44, 0x57, 0x73, 0x74, 0x72, 0x75, 0x63, 0x74, 
	0x00, 0x63, 0x6f, 0x6d, 0x70, 0x6c, 0x65, 0x78, 0x20, 0x66, 0x6c, 
	0x6f, 0x61, 0x74, 0x00, 0x73, 0x68, 0x6f, 0x72, 0x74, 0x20, 0x69, 
	0x6e, 0x74, 0x00, 0x44, 0x57, 0x75, 0x6e, 0x69, 0x6f, 0x6e, 0x00, 
	0x5f, 0x5f, 0x64, 0x30, 0x00, 0x5f, 0x5f, 0x64, 0x31, 0x00, 0x5f, 
	0x5f, 0x76, 0x68, 0x00, 0x5f, 0x5f, 0x76, 0x6c, 0x00, 0x6c, 0x6f, 
	0x6e, 0x67, 0x20, 0x6c, 0x6f, 0x6e, 0x67, 0x20, 0x69, 0x6e, 0x74, 
	0x00, 0x6c, 0x6f, 0x6e, 0x67, 0x20, 0x6c, 0x6f, 0x6e, 0x67, 0x20, 
	0x75, 0x6e, 0x73, 0x69, 0x67, 0x6e, 0x65, 0x64, 0x20, 0x69, 0x6e, 
	0x74, 0x00, 0x68, 0x69, 0x67, 0x68, 0x00, 0x5f, 0x5f, 0x63, 0x6c, 
	0x7a, 0x5f, 0x74, 0x61, 0x62, 0x00, 0x63, 0x6f, 0x6d, 0x70, 0x6c, 
	0x65, 0x78, 0x20, 0x5f, 0x46, 0x6c, 0x6f, 0x61, 0x74, 0x31, 0x36, 
	0x00, 0x47, 0x4e, 0x55, 0x20, 0x43, 0x31, 0x37, 0x20, 0x31, 0x34, 
	0x2e, 0x32, 0x2e, 0x30, 0x20, 0x2d, 0x6d, 0x63, 0x6d, 0x6f, 0x64, 
	0x65, 0x6c, 0x3d, 0x6d, 0x65, 0x64, 0x6c, 0x6f, 0x77, 0x20, 0x2d, 
	0x6d, 0x61, 0x62, 0x69, 0x3d, 0x69, 0x6c, 0x70, 0x33, 0x32, 0x20, 
	0x2d, 0x6d, 0x63, 0x6d, 0x6f, 0x64, 0x65, 0x6c, 0x3d, 0x6d, 0x65, 
	0x64, 0x6c, 0x6f, 0x77, 0x20, 0x2d, 0x6d, 0x74, 0x75, 0x6e, 0x65, 
	0x3d, 0x72, 0x6f, 0x63, 0x6b, 0x65, 0x74, 0x20, 0x2d, 0x6d, 0x69, 
	0x73, 0x61, 0x2d, 0x73, 0x70, 0x65, 0x63, 0x3d, 0x32, 0x30, 0x31, 
	0x39, 0x31, 0x32, 0x31, 0x33, 0x20, 0x2d, 0x6d, 0x61, 0x72, 0x63, 
	0x68, 0x3d, 0x72, 0x76, 0x33, 0x32, 0x69, 0x6d, 0x20, 0x2d, 0x67, 
	0x20, 0x2d, 0x4f, 0x73, 0x20, 0x2d, 0x4f, 0x32, 0x20, 0x2d, 0x4f, 
	0x73, 0x20, 0x2d, 0x66, 0x62, 0x75, 0x69, 0x6c, 0x64, 0x69, 0x6e, 
	0x67, 0x2d, 0x6c, 0x69, 0x62, 0x67, 0x63, 0x63, 0x20, 0x2d, 0x66, 
	0x6e, 0x6f, 0x2d, 0x73, 0x74, 0x61, 0x63, 0x6b, 0x2d, 0x70, 0x72, 
	0x6f, 0x74, 0x65, 0x63, 0x74, 0x6f, 0x72, 0x20, 0x2d, 0x66, 0x61, 
	0x73, 0x79, 0x6e, 0x63, 0x68, 0x72, 0x6f, 0x6e, 0x6f, 0x75, 0x73, 
	0x2d, 0x75, 0x6e, 0x77, 0x69, 0x6e, 0x64, 0x2d, 0x74, 0x61, 0x62, 
	0x6c, 0x65, 0x73, 0x20, 0x2d, 0x66, 0x76, 0x69, 0x73, 0x69, 0x62, 
	0x69, 0x6c, 0x69, 0x74, 0x79, 0x3d, 0x68, 0x69, 0x64, 0x64, 0x65, 
	0x6e, 0x00, 0x75, 0x6e, 0x73, 0x69, 0x67, 0x6e, 0x65, 0x64, 0x20, 
	0x63, 0x68, 0x61, 0x72, 0x00, 0x5f, 0x5f, 0x78, 0x30, 0x00, 0x5f, 
	0x5f, 0x78, 0x31, 0x00, 0x5f, 0x5f, 0x78, 0x32, 0x00, 0x5f, 0x5f, 
	0x78, 0x33, 0x00, 0x55, 0x51, 0x49, 0x74, 0x79, 0x70, 0x65, 0x00, 
	0x73, 0x68, 0x6f, 0x72, 0x74, 0x20, 0x75, 0x6e, 0x73, 0x69, 0x67, 
	0x6e, 0x65, 0x64, 0x20, 0x69, 0x6e, 0x74, 0x00, 0x55, 0x44, 0x49, 
	0x74, 0x79, 0x70, 0x65, 0x00, 0x55, 0x53, 0x49, 0x74, 0x79, 0x70, 
	0x65, 0x00, 0x5f, 0x5f, 0x71, 0x30, 0x00, 0x5f, 0x5f, 0x71, 0x31, 
	0x00, 0x5f, 0x42, 0x6f, 0x6f, 0x6c, 0x00, 0x63, 0x6f, 0x6d, 0x70, 
	0x6c, 0x65, 0x78, 0x20, 0x64, 0x6f, 0x75, 0x62, 0x6c, 0x65, 0x00, 
	0x5f, 0x5f, 0x78, 0x72, 0x00, 0x5f, 0x5f, 0x75, 0x64, 0x69, 0x76, 
	0x6d, 0x6f, 0x64, 0x64, 0x69, 0x34, 0x00, 0x63, 0x6f, 0x6d, 0x70, 
	0x6c, 0x65, 0x78, 0x20, 0x6c, 0x6f, 0x6e, 0x67, 0x20, 0x64, 0x6f, 
	0x75, 0x62, 0x6c, 0x65, 0x00, 0x5f, 0x5f, 0x72, 0x30, 0x00, 0x5f, 
	0x5f, 0x72, 0x31, 0x00, 0x5f, 0x5f, 0x75, 0x68, 0x00, 0x5f, 0x5f, 
	0x75, 0x6c, 0x00, 0x5f, 0x5f, 0x75, 0x6d, 0x6f, 0x64, 0x64, 0x69, 
	0x33, 0x00, 0x47, 0x4e, 0x55, 0x20, 0x43, 0x31, 0x37, 0x20, 0x31, 
	0x34, 0x2e, 0x32, 0x2e, 0x30, 0x20, 0x2d, 0x6d, 0x63, 0x6d, 0x6f, 
	0x64, 0x65, 0x6c, 0x3d, 0x6d, 0x65, 0x64, 0x6c, 0x6f, 0x77, 0x20, 
	0x2d, 0x6d, 0x61, 0x62, 0x69, 0x3d, 0x69, 0x6c, 0x70, 0x33, 0x32, 
	0x20, 0x2d, 0x6d, 0x63, 0x6d, 0x6f, 0x64, 0x65, 0x6c, 0x3d, 0x6d, 
	0x65, 0x64, 0x6c, 0x6f, 0x77, 0x20, 0x2d, 0x6d, 0x74, 0x75, 0x6e, 
	0x65, 0x3d, 0x72, 0x6f, 0x63, 0x6b, 0x65, 0x74, 0x20, 0x2d, 0x6d, 
	0x69, 0x73, 0x61, 0x2d, 0x73, 0x70, 0x65, 0x63, 0x3d, 0x32, 0x30, 
	0x31, 0x39, 0x31, 0x32, 0x31, 0x33, 0x20, 0x2d, 0x6d, 0x61, 0x72, 
	0x63, 0x68, 0x3d, 0x72, 0x76, 0x33, 0x32, 0x69, 0x6d, 0x20, 0x2d, 
	0x67, 0x20, 0x2d, 0x4f, 0x73, 0x20, 0x2d, 0x4f, 0x32, 0x20, 0x2d, 
	0x4f, 0x73, 0x20, 0x2d, 0x66, 0x62, 0x75, 0x69, 0x6c, 0x64, 0x69, 
	0x6e, 0x67, 0x2d, 0x6c, 0x69, 0x62, 0x67, 0x63, 0x63, 0x20, 0x2d, 
	0x66, 0x6e, 0x6f, 0x2d, 0x73, 0x74, 0x61, 0x63, 0x6b, 0x2d, 0x70, 
	0x72, 0x6f, 0x74, 0x65, 0x63, 0x74, 0x6f, 0x72, 0x20, 0x2d, 0x66, 
	0x76, 0x69, 0x73, 0x69, 0x62, 0x69, 0x6c, 0x69, 0x74, 0x79, 0x3d, 
	0x68, 0x69, 0x64, 0x64, 0x65, 0x6e, 0x00, 0x2e, 0x2e, 0x2f, 0x2e, 
	0x2e, 0x2f, 0x2e, 0x2e, 0x2f, 0x2e, 0x2e, 0x2f, 0x2e, 0x2e, 0x2f, 
	0x2e, 0x2f, 0x67, 0x63, 0x63, 0x2f, 0x6c, 0x69, 0x62, 0x67, 0x63, 
	0x63, 0x2f, 0x6c, 0x69, 0x62, 0x67, 0x63, 0x63, 0x32, 0x2e, 0x63, 
	0x00, 0x2f, 0x68, 0x6f, 0x6d, 0x65, 0x2f, 0x61, 0x6c, 0x69, 0x73, 
	0x68, 0x65, 0x72, 0x2f, 0x44, 0x6f, 0x63, 0x75, 0x6d, 0x65, 0x6e, 
	0x74, 0x73, 0x2f, 0x43, 0x41, 0x50, 0x53, 0x54, 0x4f, 0x4e, 0x45, 
	0x2f, 0x72, 0x69, 0x73, 0x63, 0x76, 0x2d, 0x67, 0x6e, 0x75, 0x2d, 
	0x74, 0x6f, 0x6f, 0x6c, 0x63, 0x68, 0x61, 0x69, 0x6e, 0x2f, 0x62, 
	0x75, 0x69, 0x6c, 0x64, 0x2d, 0x67, 0x63, 0x63, 0x2d, 0x6e, 0x65, 
	0x77, 0x6c, 0x69, 0x62, 0x2d, 0x73, 0x74, 0x61, 0x67, 0x65, 0x32, 
	0x2f, 0x72, 0x69, 0x73, 0x63, 0x76, 0x33, 0x32, 0x2d, 0x75, 0x6e, 
	0x6b, 0x6e, 0x6f, 0x77, 0x6e, 0x2d, 0x65, 0x6c, 0x66, 0x2f, 0x72, 
	0x76, 0x33, 0x32, 0x69, 0x6d, 0x2f, 0x69, 0x6c, 0x70, 0x33, 0x32, 
	0x2f, 0x6c, 0x69, 0x62, 0x67, 0x63, 0x63, 0x00, 0x2e, 0x2e, 0x2f, 
	0x2e, 0x2e, 0x2f, 0x2e, 0x2e, 0x2f, 0x2e, 0x2e, 0x2f, 0x2e, 0x2e, 
	0x2f, 0x2e, 0x2f, 0x67, 0x63, 0x63, 0x2f, 0x6c, 0x69, 0x62, 0x67, 
	0x63, 0x63, 0x00, 0x6c, 0x69, 0x62, 0x67, 0x63, 0x63, 0x32, 0x2e, 
	0x68, 0x00, 0x00, 0x00, 0x00, 0x00, 0x00, 0x00, 0x00, 0x00, 0x00, 
	0x00, 0x00, 0x00, 0x00, 0x00, 0x00, 0x00, 0x00, 0x00, 0x00, 0x00, 
	0x00, 0x00, 0x00, 0x00, 0x40, 0x00, 0x00, 0x00, 0x00, 0x03, 0x00, 
	0x01, 0x00, 0x00, 0x00, 0x00, 0x00, 0x00, 0x10, 0x00, 0x40, 0x00, 
	0x00, 0x00, 0x00, 0x03, 0x00, 0x02, 0x00, 0x00, 0x00, 0x00, 0x00, 
	0x00, 0x20, 0x00, 0x40, 0x00, 0x00, 0x00, 0x00, 0x03, 0x00, 0x03, 
	0x00, 0x00, 0x00, 0x00, 0x00, 0x10, 0x36, 0x00, 0x40, 0x00, 0x00, 
	0x00, 0x00, 0x03, 0x00, 0x04, 0x00, 0x00, 0x00, 0x00, 0x00, 0xb8, 
	0x36, 0x00, 0x40, 0x00, 0x00, 0x00, 0x00, 0x03, 0x00, 0x05, 0x00, 
	0x00, 0x00, 0x00, 0x00, 0xfc, 0x36, 0x00, 0x40, 0x00, 0x00, 0x00, 
	0x00, 0x03, 0x00, 0x06, 0x00, 0x00, 0x00, 0x00, 0x00, 0x54, 0x39, 
	0x00, 0x40, 0x00, 0x00, 0x00, 0x00, 0x03, 0x00, 0x07, 0x00, 0x00, 
	0x00, 0x00, 0x00, 0x90, 0x39, 0x00, 0x40, 0x00, 0x00, 0x00, 0x00, 
	0x03, 0x00, 0x08, 0x00, 0x00, 0x00, 0x00, 0x00, 0x90, 0x79, 0x00, 
	0x40, 0x00, 0x00, 0x00, 0x00, 0x03, 0x00, 0x09, 0x00, 0x00, 0x00, 
	0x00, 0x00, 0x98, 0x79, 0x00, 0x40, 0x00, 0x00, 0x00, 0x00, 0x03, 
	0x00, 0x0a, 0x00, 0x00, 0x00, 0x00, 0x00, 0x00, 0x00, 0x00, 0x00, 
	0x00, 0x00, 0x00, 0x00, 0x03, 0x00, 0x0b, 0x00, 0x00, 0x00, 0x00, 
	0x00, 0x00, 0x00, 0x00, 0x00, 0x00, 0x00, 0x00, 0x00, 0x03, 0x00, 
	0x0c, 0x00, 0x00, 0x00, 0x00, 0x00, 0x00, 0x00, 0x00, 0x00, 0x00, 
	0x00, 0x00, 0x00, 0x03, 0x00, 0x0d, 0x00, 0x00, 0x00, 0x00, 0x00, 
	0x00, 0x00, 0x00, 0x00, 0x00, 0x00, 0x00, 0x00, 0x03, 0x00, 0x0e, 
	0x00, 0x00, 0x00, 0x00, 0x00, 0x00, 0x00, 0x00, 0x00, 0x00, 0x00, 
	0x00, 0x00, 0x03, 0x00, 0x0f, 0x00, 0x00, 0x00, 0x00, 0x00, 0x00, 
	0x00, 0x00, 0x00, 0x00, 0x00, 0x00, 0x00, 0x03, 0x00, 0x10, 0x00, 
	0x00, 0x00, 0x00, 0x00, 0x00, 0x00, 0x00, 0x00, 0x00, 0x00, 0x00, 
	0x00, 0x03, 0x00, 0x11, 0x00, 0x00, 0x00, 0x00, 0x00, 0x00, 0x00, 
	0x00, 0x00, 0x00, 0x00, 0x00, 0x00, 0x03, 0x00, 0x12, 0x00, 0x00, 
	0x00, 0x00, 0x00, 0x00, 0x00, 0x00, 0x00, 0x00, 0x00, 0x00, 0x00, 
	0x03, 0x00, 0x13, 0x00, 0x00, 0x00, 0x00, 0x00, 0x00, 0x00, 0x00, 
	0x00, 0x00, 0x00, 0x00, 0x00, 0x03, 0x00, 0x14, 0x00, 0x01, 0x00, 
	0x00, 0x00, 0x00, 0x00, 0x00, 0x00, 0x00, 0x00, 0x00, 0x00, 0x04, 
	0x00, 0xf1, 0xff, 0x0c, 0x00, 0x00, 0x00, 0x00, 0x00, 0x00, 0x40, 
	0x00, 0x00, 0x00, 0x00, 0x00, 0x00, 0x01, 0x00, 0x2e, 0x00, 0x00, 
	0x00, 0xdc, 0x00, 0x00, 0x40, 0x00, 0x00, 0x00, 0x00, 0x00, 0x00, 
	0x01, 0x00, 0x39, 0x00, 0x00, 0x00, 0x00, 0x00, 0x00, 0x00, 0x00, 
	0x00, 0x00, 0x00, 0x04, 0x00, 0xf1, 0xff, 0x0c, 0x00, 0x00, 0x00, 
	0x00, 0x20, 0x00, 0x40, 0x00, 0x00, 0x00, 0x00, 0x00, 0x00, 0x03, 
	0x00, 0x0c, 0x00, 0x00, 0x00, 0x10, 0x36, 0x00, 0x40, 0x00, 0x00, 
	0x00, 0x00, 0x00, 0x00, 0x04, 0x00, 0x46, 0x00, 0x00, 0x00, 0x00, 
	0x00, 0x00, 0x00, 0x00, 0x00, 0x00, 0x00, 0x04, 0x00, 0xf1, 0xff, 
	0x0c, 0x00, 0x00, 0x00, 0x84, 0x21, 0x00, 0x40, 0x00, 0x00, 0x00, 
	0x00, 0x00, 0x00, 0x03, 0x00, 0x4c, 0x00, 0x00, 0x00, 0x00, 0x00, 
	0x00, 0x00, 0x00, 0x00, 0x00, 0x00, 0x04, 0x00, 0xf1, 0xff, 0x0c, 
	0x00, 0x00, 0x00, 0x3c, 0x23, 0x00, 0x40, 0x00, 0x00, 0x00, 0x00, 
	0x00, 0x00, 0x03, 0x00, 0x57, 0x00, 0x00, 0x00, 0x60, 0x23, 0x00, 
	0x40, 0xd0, 0x04, 0x00, 0x00, 0x02, 0x00, 0x03, 0x00, 0x61, 0x00, 
	0x00, 0x00, 0x30, 0x28, 0x00, 0x40, 0x18, 0x00, 0x00, 0x00, 0x02, 
	0x00, 0x03, 0x00, 0x0c, 0x00, 0x00, 0x00, 0x94, 0x36, 0x00, 0x40, 
	0x00, 0x00, 0x00, 0x00, 0x00, 0x00, 0x04, 0x00, 0x71, 0x00, 0x00, 
	0x00, 0x00, 0x00, 0x00, 0x00, 0x00, 0x00, 0x00, 0x00, 0x04, 0x00, 
	0xf1, 0xff, 0x7b, 0x00, 0x00, 0x00, 0x04, 0x2e, 0x00, 0x40, 0x00, 
	0x00, 0x00, 0x00, 0x00, 0x00, 0x03, 0x00, 0x71, 0x00, 0x00, 0x00, 
	0x00, 0x00, 0x00, 0x00, 0x00, 0x00, 0x00, 0x00, 0x04, 0x00, 0xf1, 
	0xff, 0x7b, 0x00, 0x00, 0x00, 0x30, 0x32, 0x00, 0x40, 0x00, 0x00, 
	0x00, 0x00, 0x00, 0x00, 0x03, 0x00, 0x71, 0x00, 0x00, 0x00, 0x00, 
	0x00, 0x00, 0x00, 0x00, 0x00, 0x00, 0x00, 0x04, 0x00, 0xf1, 0xff, 
	0x94, 0x00, 0x00, 0x00, 0x3c, 0x23, 0x00, 0x40, 0x24, 0x00, 0x00, 
	0x00, 0x12, 0x00, 0x03, 0x00, 0x9c, 0x00, 0x00, 0x00, 0x50, 0x2d, 
	0x00, 0x40, 0x1c, 0x00, 0x00, 0x00, 0x12, 0x00, 0x03, 0x00, 0xa3, 
	0x00, 0x00, 0x00, 0x10, 0x29, 0x00, 0x40, 0x38, 0x00, 0x00, 0x00, 
	0x12, 0x00, 0x03, 0x00, 0x5d, 0x01, 0x00, 0x00, 0xe4, 0x29, 0x00, 
	0x40, 0x54, 0x00, 0x00, 0x00, 0x12, 0x00, 0x03, 0x00, 0xac, 0x00, 
	0x00, 0x00, 0x90, 0x81, 0x00, 0x40, 0x00, 0x00, 0x00, 0x00, 0x10, 
	0x00, 0x09, 0x00, 0xbe, 0x00, 0x00, 0x00, 0x6c, 0x2d, 0x00, 0x40, 
	0x98, 0x00, 0x00, 0x00, 0x12, 0x00, 0x03, 0x00, 0xc3, 0x00, 0x00, 
	0x00, 0xa4, 0x2a, 0x00, 0x40, 0xd0, 0x00, 0x00, 0x00, 0x12, 0x00, 
	0x03, 0x00, 0xca, 0x00, 0x00, 0x00, 0xc8, 0x28, 0x00, 0x40, 0x20, 
	0x00, 0x00, 0x00, 0x22, 0x00, 0x03, 0x00, 0xd6, 0x00, 0x00, 0x00, 
	0x0c, 0x22, 0x00, 0x40, 0x54, 0x00, 0x00, 0x00, 0x12, 0x00, 0x03, 
	0x00, 0xe2, 0x00, 0x00, 0x00, 0x84, 0x21, 0x00, 0x40, 0x10, 0x00, 
	0x00, 0x00, 0x12, 0x00, 0x03, 0x00, 0xec, 0x00, 0x00, 0x00, 0x90, 
	0x59, 0x00, 0x40, 0x00, 0x20, 0x00, 0x00, 0x11, 0x00, 0x08, 0x00, 
	0xf7, 0x00, 0x00, 0x00, 0x30, 0x32, 0x00, 0x40, 0xe0, 0x03, 0x00, 
	0x00, 0x12, 0x02, 0x03, 0x00, 0x01, 0x01, 0x00, 0x00, 0x04, 0x2e, 
	0x00, 0x40, 0x2c, 0x04, 0x00, 0x00, 0x12, 0x02, 0x03, 0x00, 0x0b, 
	0x01, 0x00, 0x00, 0xf4, 0x28, 0x00, 0x40, 0x1c, 0x00, 0x00, 0x00, 
	0x12, 0x00, 0x03, 0x00, 0x11, 0x01, 0x00, 0x00, 0xd0, 0x2b, 0x00, 
	0x40, 0x00, 0x01, 0x00, 0x00, 0x12, 0x00, 0x03, 0x00, 0x17, 0x01, 
	0x00, 0x00, 0x48, 0x28, 0x00, 0x40, 0x60, 0x00, 0x00, 0x00, 0x12, 
	0x00, 0x03, 0x00, 0x20, 0x01, 0x00, 0x00, 0xf8, 0x2c, 0x00, 0x40, 
	0x30, 0x00, 0x00, 0x00, 0x12, 0x00, 0x03, 0x00, 0x28, 0x01, 0x00, 
	0x00, 0x00, 0x20, 0x00, 0x40, 0x84, 0x01, 0x00, 0x00, 0x12, 0x00, 
	0x03, 0x00, 0x2d, 0x01, 0x00, 0x00, 0x00, 0x00, 0x00, 0x40, 0x00, 
	0x00, 0x00, 0x00, 0x10, 0x00, 0x01, 0x00, 0x34, 0x01, 0x00, 0x00, 
	0x98, 0x79, 0x00, 0x40, 0x08, 0x00, 0x00, 0x00, 0x11, 0x00, 0x0a, 
	0x00, 0x3d, 0x01, 0x00, 0x00, 0x74, 0x2b, 0x00, 0x40, 0x5c, 0x00, 
	0x00, 0x00, 0x12, 0x00, 0x03, 0x00, 0x44, 0x01, 0x00, 0x00, 0x10, 
	0x36, 0x00, 0x40, 0x84, 0x00, 0x00, 0x00, 0x12, 0x00, 0x04, 0x00, 
	0x49, 0x01, 0x00, 0x00, 0xf0, 0x21, 0x00, 0x40, 0x1c, 0x00, 0x00, 
	0x00, 0x12, 0x00, 0x03, 0x00, 0x55, 0x01, 0x00, 0x00, 0x28, 0x2d, 
	0x00, 0x40, 0x28, 0x00, 0x00, 0x00, 0x12, 0x00, 0x03, 0x00, 0x5c, 
	0x01, 0x00, 0x00, 0x38, 0x2a, 0x00, 0x40, 0x6c, 0x00, 0x00, 0x00, 
	0x12, 0x00, 0x03, 0x00, 0x64, 0x01, 0x00, 0x00, 0x54, 0x38, 0x00, 
	0x40, 0x00, 0x01, 0x00, 0x00, 0x11, 0x02, 0x06, 0x00, 0x6e, 0x01, 
	0x00, 0x00, 0x54, 0x29, 0x00, 0x40, 0x90, 0x00, 0x00, 0x00, 0x12, 
	0x00, 0x03, 0x00, 0x77, 0x01, 0x00, 0x00, 0xa0, 0x79, 0x00, 0x40, 
	0x00, 0x00, 0x00, 0x00, 0x10, 0x00, 0x0b, 0x00, 0x82, 0x01, 0x00, 
	0x00, 0x70, 0x22, 0x00, 0x40, 0x6c, 0x00, 0x00, 0x00, 0x12, 0x00, 
	0x03, 0x00, 0x8d, 0x01, 0x00, 0x00, 0x94, 0x21, 0x00, 0x40, 0x5c, 
	0x00, 0x00, 0x00, 0x12, 0x00, 0x03, 0x00, 0x7d, 0x01, 0x00, 0x00, 
	0xa0, 0x79, 0x00, 0x40, 0x00, 0x00, 0x00, 0x00, 0x10, 0x00, 0x0a, 
	0x00, 0x96, 0x01, 0x00, 0x00, 0x40, 0x10, 0x00, 0x40, 0x00, 0x00, 
	0x00, 0x00, 0x10, 0x00, 0x02, 0x00, 0x9f, 0x01, 0x00, 0x00, 0xa0, 
	0x79, 0x00, 0x40, 0x00, 0x00, 0x00, 0x00, 0x10, 0x00, 0x0b, 0x00, 
	0xac, 0x01, 0x00, 0x00, 0x00, 0x10, 0x00, 0x40, 0x00, 0x00, 0x00, 
	0x00, 0x10, 0x00, 0x02, 0x00, 0xba, 0x01, 0x00, 0x00, 0xe8, 0x28, 
	0x00, 0x40, 0x0c, 0x00, 0x00, 0x00, 0x12, 0x00, 0x03, 0x00, 0xb3, 
	0x01, 0x00, 0x00, 0xa8, 0x28, 0x00, 0x40, 0x20, 0x00, 0x00, 0x00, 
	0x12, 0x00, 0x03, 0x00, 0xbf, 0x01, 0x00, 0x00, 0x90, 0x39, 0x00, 
	0x40, 0x00, 0x20, 0x00, 0x00, 0x11, 0x00, 0x08, 0x00, 0xcb, 0x01, 
	0x00, 0x00, 0xa0, 0x79, 0x00, 0x40, 0x00, 0x00, 0x00, 0x00, 0x10, 
	0x00, 0x0b, 0x00, 0xd5, 0x01, 0x00, 0x00, 0x60, 0x22, 0x00, 0x40, 
	0x10, 0x00, 0x00, 0x00, 0x12, 0x00, 0x03, 0x00, 0xe2, 0x01, 0x00, 
	0x00, 0xd0, 0x2c, 0x00, 0x40, 0x28, 0x00, 0x00, 0x00, 0x12, 0x00, 
	0x03, 0x00, 0xe9, 0x01, 0x00, 0x00, 0x90, 0x79, 0x00, 0x40, 0x08, 
	0x00, 0x00, 0x00, 0x11, 0x00, 0x09, 0x00, 0xf7, 0x01, 0x00, 0x00, 
	0x48, 0x29, 0x00, 0x40, 0x0c, 0x00, 0x00, 0x00, 0x22, 0x00, 0x03, 
	0x00, 0x04, 0x02, 0x00, 0x00, 0xdc, 0x22, 0x00, 0x40, 0x60, 0x00, 
	0x00, 0x00, 0x12, 0x00, 0x03, 0x00, 0x00, 0x63, 0x63, 0x70, 0x79, 
	0x74, 0x71, 0x4b, 0x51, 0x2e, 0x6f, 0x00, 0x24, 0x78, 0x72, 0x76, 
	0x33, 0x32, 0x69, 0x32, 0x70, 0x31, 0x5f, 0x6d, 0x32, 0x70, 0x30, 
	0x5f, 0x7a, 0x69, 0x63, 0x73, 0x72, 0x32, 0x70, 0x30, 0x5f, 0x7a, 
	0x6d, 0x6d, 0x75, 0x6c, 0x31, 0x70, 0x30, 0x00, 0x74, 0x72, 0x61, 
	0x70, 0x5f, 0x65, 0x6e, 0x74, 0x72, 0x79, 0x00, 0x71, 0x73, 0x6f, 
	0x72, 0x74, 0x5f, 0x6d, 0x61, 0x69, 0x6e, 0x2e, 0x63, 0x00, 0x50, 
	0x50, 0x4d, 0x2e, 0x63, 0x00, 0x73, 0x79, 0x73, 0x63, 0x61, 0x6c, 
	0x6c, 0x73, 0x2e, 0x63, 0x00, 0x76, 0x70, 0x72, 0x69, 0x6e, 0x74, 
	0x66, 0x6d, 0x74, 0x00, 0x73, 0x70, 0x72, 0x69, 0x6e, 0x74, 0x66, 
	0x5f, 0x70, 0x75, 0x74, 0x63, 0x68, 0x2e, 0x30, 0x00, 0x6c, 0x69, 
	0x62, 0x67, 0x63, 0x63, 0x32, 0x2e, 0x63, 0x00, 0x24, 0x78, 0x72, 
	0x76, 0x33, 0x32, 0x69, 0x32, 0x70, 0x31, 0x5f, 0x6d, 0x32, 0x70, 
	0x30, 0x5f, 0x7a, 0x6d, 0x6d, 0x75, 0x6c, 0x31, 0x70, 0x30, 0x00, 
	0x70, 0x75, 0x74, 0x63, 0x68, 0x61, 0x72, 0x00, 0x73, 0x74, 0x72, 
	0x63, 0x70, 0x79, 0x00, 0x70, 0x72, 0x69, 0x6e, 0x74, 0x73, 0x74, 
	0x72, 0x00, 0x5f, 0x5f, 0x67, 0x6c, 0x6f, 0x62, 0x61, 0x6c, 0x5f, 
	0x70, 0x6f, 0x69, 0x6e, 0x74, 0x65, 0x72, 0x24, 0x00, 0x61, 0x74, 
	0x6f, 0x6c, 0x00, 0x6d, 0x65, 0x6d, 0x63, 0x70, 0x79, 0x00, 0x68, 
	0x61, 0x6e, 0x64, 0x6c, 0x65, 0x5f, 0x74, 0x72, 0x61, 0x70, 0x00, 
	0x77, 0x72, 0x69, 0x74, 0x65, 0x5f, 0x66, 0x72, 0x61, 0x6d, 0x65, 
	0x00, 0x73, 0x65, 0x74, 0x5f, 0x70, 0x69, 0x78, 0x65, 0x6c, 0x00, 
	0x69, 0x6e, 0x70, 0x75, 0x74, 0x5f, 0x64, 0x61, 0x74, 0x61, 0x00, 
	0x5f, 0x5f, 0x75, 0x6d, 0x6f, 0x64, 0x64, 0x69, 0x33, 0x00, 0x5f, 
	0x5f, 0x75, 0x64, 0x69, 0x76, 0x64, 0x69, 0x33, 0x00, 0x61, 0x62, 
	0x6f, 0x72, 0x74, 0x00, 0x5f, 0x69, 0x6e, 0x69, 0x74, 0x00, 0x73, 
	0x65, 0x74, 0x53, 0x74, 0x61, 0x74, 0x73, 0x00, 0x73, 0x74, 0x72, 
	0x6e, 0x6c, 0x65, 0x6e, 0x00, 0x73, 0x6f, 0x72, 0x74, 0x00, 0x5f, 
	0x73, 0x74, 0x61, 0x72, 0x74, 0x00, 0x63, 0x6f, 0x75, 0x6e, 0x74, 
	0x65, 0x72, 0x73, 0x00, 0x6d, 0x65, 0x6d, 0x73, 0x65, 0x74, 0x00, 
	0x6d, 0x61, 0x69, 0x6e, 0x00, 0x77, 0x72, 0x69, 0x74, 0x65, 0x5f, 
	0x70, 0x69, 0x78, 0x65, 0x6c, 0x00, 0x73, 0x74, 0x72, 0x63, 0x6d, 
	0x70, 0x00, 0x73, 0x70, 0x72, 0x69, 0x6e, 0x74, 0x66, 0x00, 0x5f, 
	0x5f, 0x63, 0x6c, 0x7a, 0x5f, 0x74, 0x61, 0x62, 0x00, 0x70, 0x72, 
	0x69, 0x6e, 0x74, 0x68, 0x65, 0x78, 0x00, 0x5f, 0x74, 0x64, 0x61, 
	0x74, 0x61, 0x5f, 0x65, 0x6e, 0x64, 0x00, 0x64, 0x75, 0x6d, 0x70, 
	0x5f, 0x66, 0x72, 0x61, 0x6d, 0x65, 0x00, 0x73, 0x65, 0x74, 0x5f, 
	0x63, 0x68, 0x61, 0x72, 0x00, 0x66, 0x72, 0x6f, 0x6d, 0x68, 0x6f, 
	0x73, 0x74, 0x00, 0x5f, 0x74, 0x64, 0x61, 0x74, 0x61, 0x5f, 0x62, 
	0x65, 0x67, 0x69, 0x6e, 0x00, 0x74, 0x6f, 0x68, 0x6f, 0x73, 0x74, 
	0x00, 0x74, 0x6f, 0x68, 0x6f, 0x73, 0x74, 0x5f, 0x65, 0x78, 0x69, 
	0x74, 0x00, 0x76, 0x65, 0x72, 0x69, 0x66, 0x79, 0x5f, 0x64, 0x61, 
	0x74, 0x61, 0x00, 0x5f, 0x74, 0x62, 0x73, 0x73, 0x5f, 0x65, 0x6e, 
	0x64, 0x00, 0x67, 0x65, 0x6e, 0x65, 0x72, 0x61, 0x74, 0x65, 0x5f, 
	0x70, 0x70, 0x6d, 0x00, 0x73, 0x74, 0x72, 0x6c, 0x65, 0x6e, 0x00, 
	0x63, 0x6f, 0x75, 0x6e, 0x74, 0x65, 0x72, 0x5f, 0x6e, 0x61, 0x6d, 
	0x65, 0x73, 0x00, 0x74, 0x68, 0x72, 0x65, 0x61, 0x64, 0x5f, 0x65, 
	0x6e, 0x74, 0x72, 0x79, 0x00, 0x77, 0x72, 0x69, 0x74, 0x65, 0x5f, 
	0x66, 0x69, 0x6c, 0x65, 0x6e, 0x61, 0x6d, 0x65, 0x00, 0x00, 0x2e, 
	0x73, 0x79, 0x6d, 0x74, 0x61, 0x62, 0x00, 0x2e, 0x73, 0x74, 0x72, 
	0x74, 0x61, 0x62, 0x00, 0x2e, 0x73, 0x68, 0x73, 0x74, 0x72, 0x74, 
	0x61, 0x62, 0x00, 0x2e, 0x74, 0x65, 0x78, 0x74, 0x2e, 0x69, 0x6e, 
	0x69, 0x74, 0x00, 0x2e, 0x74, 0x6f, 0x68, 0x6f, 0x73, 0x74, 0x00, 
	0x2e, 0x74, 0x65, 0x78, 0x74, 0x00, 0x2e, 0x74, 0x65, 0x78, 0x74, 
	0x2e, 0x73, 0x74, 0x61, 0x72, 0x74, 0x75, 0x70, 0x00, 0x2e, 0x72, 
	0x6f, 0x64, 0x61, 0x74, 0x61, 0x2e, 0x73, 0x74, 0x72, 0x31, 0x2e, 
	0x34, 0x00, 0x2e, 0x72, 0x6f, 0x64, 0x61, 0x74, 0x61, 0x00, 0x2e, 
	0x65, 0x68, 0x5f, 0x66, 0x72, 0x61, 0x6d, 0x65, 0x00, 0x2e, 0x64, 
	0x61, 0x74, 0x61, 0x00, 0x2e, 0x73, 0x64, 0x61, 0x74, 0x61, 0x00, 
	0x2e, 0x73, 0x62, 0x73, 0x73, 0x00, 0x2e, 0x63, 0x6f, 0x6d, 0x6d, 
	0x65, 0x6e, 0x74, 0x00, 0x2e, 0x72, 0x69, 0x73, 0x63, 0x76, 0x2e, 
	0x61, 0x74, 0x74, 0x72, 0x69, 0x62, 0x75, 0x74, 0x65, 0x73, 0x00, 
	0x2e, 0x64, 0x65, 0x62, 0x75, 0x67, 0x5f, 0x69, 0x6e, 0x66, 0x6f, 
	0x00, 0x2e, 0x64, 0x65, 0x62, 0x75, 0x67, 0x5f, 0x61, 0x62, 0x62, 
	0x72, 0x65, 0x76, 0x00, 0x2e, 0x64, 0x65, 0x62, 0x75, 0x67, 0x5f, 
	0x6c, 0x6f, 0x63, 0x6c, 0x69, 0x73, 0x74, 0x73, 0x00, 0x2e, 0x64, 
	0x65, 0x62, 0x75, 0x67, 0x5f, 0x61, 0x72, 0x61, 0x6e, 0x67, 0x65, 
	0x73, 0x00, 0x2e, 0x64, 0x65, 0x62, 0x75, 0x67, 0x5f, 0x72, 0x6e, 
	0x67, 0x6c, 0x69, 0x73, 0x74, 0x73, 0x00, 0x2e, 0x64, 0x65, 0x62, 
	0x75, 0x67, 0x5f, 0x6c, 0x69, 0x6e, 0x65, 0x00, 0x2e, 0x64, 0x65, 
	0x62, 0x75, 0x67, 0x5f, 0x73, 0x74, 0x72, 0x00, 0x2e, 0x64, 0x65, 
	0x62, 0x75, 0x67, 0x5f, 0x6c, 0x69, 0x6e, 0x65, 0x5f, 0x73, 0x74, 
	0x72, 0x00, 0x00, 0x00, 0x00, 0x00, 0x00, 0x00, 0x00, 0x00, 0x00, 
	0x00, 0x00, 0x00, 0x00, 0x00, 0x00, 0x00, 0x00, 0x00, 0x00, 0x00, 
	0x00, 0x00, 0x00, 0x00, 0x00, 0x00, 0x00, 0x00, 0x00, 0x00, 0x00, 
	0x00, 0x00, 0x00, 0x00, 0x00, 0x00, 0x00, 0x00, 0x00, 0x1b, 0x00, 
	0x00, 0x00, 0x01, 0x00, 0x00, 0x00, 0x06, 0x00, 0x00, 0x00, 0x00, 
	0x00, 0x00, 0x40, 0x00, 0x10, 0x00, 0x00, 0x00, 0x02, 0x00, 0x00, 
	0x00, 0x00, 0x00, 0x00, 0x00, 0x00, 0x00, 0x00, 0x04, 0x00, 0x00, 
	0x00, 0x00, 0x00, 0x00, 0x00, 0x26, 0x00, 0x00, 0x00, 0x01, 0x00, 
	0x00, 0x00, 0x03, 0x00, 0x00, 0x00, 0x00, 0x10, 0x00, 0x40, 0x00, 
	0x20, 0x00, 0x00, 0x48, 0x00, 0x00, 0x00, 0x00, 0x00, 0x00, 0x00, 
	0x00, 0x00, 0x00, 0x00, 0x40, 0x00, 0x00, 0x00, 0x00, 0x00, 0x00, 
	0x00, 0x2e, 0x00, 0x00, 0x00, 0x01, 0x00, 0x00, 0x00, 0x06, 0x00, 
	0x00, 0x00, 0x00, 0x20, 0x00, 0x40, 0x00, 0x30, 0x00, 0x00, 0x10, 
	0x16, 0x00, 0x00, 0x00, 0x00, 0x00, 0x00, 0x00, 0x00, 0x00, 0x00, 
	0x04, 0x00, 0x00, 0x00, 0x00, 0x00, 0x00, 0x00, 0x34, 0x00, 0x00, 
	0x00, 0x01, 0x00, 0x00, 0x00, 0x06, 0x00, 0x00, 0x00, 0x10, 0x36, 
	0x00, 0x40, 0x10, 0x46, 0x00, 0x00, 0xa8, 0x00, 0x00, 0x00, 0x00, 
	0x00, 0x00, 0x00, 0x00, 0x00, 0x00, 0x00, 0x04, 0x00, 0x00, 0x00, 
	0x00, 0x00, 0x00, 0x00, 0x42, 0x00, 0x00, 0x00, 0x01, 0x00, 0x00, 
	0x00, 0x32, 0x00, 0x00, 0x00, 0xb8, 0x36, 0x00, 0x40, 0xb8, 0x46, 
	0x00, 0x00, 0x41, 0x00, 0x00, 0x00, 0x00, 0x00, 0x00, 0x00, 0x00, 
	0x00, 0x00, 0x00, 0x04, 0x00, 0x00, 0x00, 0x01, 0x00, 0x00, 0x00, 
	0x51, 0x00, 0x00, 0x00, 0x01, 0x00, 0x00, 0x00, 0x02, 0x00, 0x00, 
	0x00, 0xfc, 0x36, 0x00, 0x40, 0xfc, 0x46, 0x00, 0x00, 0x58, 0x02, 
	0x00, 0x00, 0x00, 0x00, 0x00, 0x00, 0x00, 0x00, 0x00, 0x00, 0x04, 
	0x00, 0x00, 0x00, 0x00, 0x00, 0x00, 0x00, 0x59, 0x00, 0x00, 0x00, 
	0x01, 0x00, 0x00, 0x00, 0x02, 0x00, 0x00, 0x00, 0x54, 0x39, 0x00, 
	0x40, 0x54, 0x49, 0x00, 0x00, 0x3c, 0x00, 0x00, 0x00, 0x00, 0x00, 
	0x00, 0x00, 0x00, 0x00, 0x00, 0x00, 0x04, 0x00, 0x00, 0x00, 0x00, 
	0x00, 0x00, 0x00, 0x63, 0x00, 0x00, 0x00, 0x01, 0x00, 0x00, 0x00, 
	0x03, 0x00, 0x00, 0x00, 0x90, 0x39, 0x00, 0x40, 0x90, 0x49, 0x00, 
	0x00, 0x00, 0x40, 0x00, 0x00, 0x00, 0x00, 0x00, 0x00, 0x00, 0x00, 
	0x00, 0x00, 0x04, 0x00, 0x00, 0x00, 0x00, 0x00, 0x00, 0x00, 0x69, 
	0x00, 0x00, 0x00, 0x01, 0x00, 0x00, 0x00, 0x03, 0x00, 0x00, 0x00, 
	0x90, 0x79, 0x00, 0x40, 0x90, 0x89, 0x00, 0x00, 0x08, 0x00, 0x00, 
	0x00, 0x00, 0x00, 0x00, 0x00, 0x00, 0x00, 0x00, 0x00, 0x04, 0x00, 
	0x00, 0x00, 0x00, 0x00, 0x00, 0x00, 0x70, 0x00, 0x00, 0x00, 0x08, 
	0x00, 0x00, 0x00, 0x03, 0x00, 0x00, 0x00, 0x98, 0x79, 0x00, 0x40, 
	0x98, 0x89, 0x00, 0x00, 0x08, 0x00, 0x00, 0x00, 0x00, 0x00, 0x00, 
	0x00, 0x00, 0x00, 0x00, 0x00, 0x04, 0x00, 0x00, 0x00, 0x00, 0x00, 
	0x00, 0x00, 0x76, 0x00, 0x00, 0x00, 0x01, 0x00, 0x00, 0x00, 0x30, 
	0x00, 0x00, 0x00, 0x00, 0x00, 0x00, 0x00, 0x98, 0x89, 0x00, 0x00, 
	0x1b, 0x00, 0x00, 0x00, 0x00, 0x00, 0x00, 0x00, 0x00, 0x00, 0x00, 
	0x00, 0x01, 0x00, 0x00, 0x00, 0x01, 0x00, 0x00, 0x00, 0x7f, 0x00, 
	0x00, 0x00, 0x03, 0x00, 0x00, 0x70, 0x00, 0x00, 0x00, 0x00, 0x00, 
	0x00, 0x00, 0x00, 0xb3, 0x89, 0x00, 0x00, 0x37, 0x00, 0x00, 0x00, 
	0x00, 0x00, 0x00, 0x00, 0x00, 0x00, 0x00, 0x00, 0x01, 0x00, 0x00, 
	0x00, 0x00, 0x00, 0x00, 0x00, 0x91, 0x00, 0x00, 0x00, 0x01, 0x00, 
	0x00, 0x00, 0x00, 0x00, 0x00, 0x00, 0x00, 0x00, 0x00, 0x00, 0xea, 
	0x89, 0x00, 0x00, 0x26, 0x10, 0x00, 0x00, 0x00, 0x00, 0x00, 0x00, 
	0x00, 0x00, 0x00, 0x00, 0x01, 0x00, 0x00, 0x00, 0x00, 0x00, 0x00, 
	0x00, 0x9d, 0x00, 0x00, 0x00, 0x01, 0x00, 0x00, 0x00, 0x00, 0x00, 
	0x00, 0x00, 0x00, 0x00, 0x00, 0x00, 0x10, 0x9a, 0x00, 0x00, 0xc0, 
	0x03, 0x00, 0x00, 0x00, 0x00, 0x00, 0x00, 0x00, 0x00, 0x00, 0x00, 
	0x01, 0x00, 0x00, 0x00, 0x00, 0x00, 0x00, 0x00, 0xab, 0x00, 0x00, 
	0x00, 0x01, 0x00, 0x00, 0x00, 0x00, 0x00, 0x00, 0x00, 0x00, 0x00, 
	0x00, 0x00, 0xd0, 0x9d, 0x00, 0x00, 0xd3, 0x0b, 0x00, 0x00, 0x00, 
	0x00, 0x00, 0x00, 0x00, 0x00, 0x00, 0x00, 0x01, 0x00, 0x00, 0x00, 
	0x00, 0x00, 0x00, 0x00, 0xbb, 0x00, 0x00, 0x00, 0x01, 0x00, 0x00, 
	0x00, 0x00, 0x00, 0x00, 0x00, 0x00, 0x00, 0x00, 0x00, 0xa3, 0xa9, 
	0x00, 0x00, 0x58, 0x00, 0x00, 0x00, 0x00, 0x00, 0x00, 0x00, 0x00, 
	0x00, 0x00, 0x00, 0x01, 0x00, 0x00, 0x00, 0x00, 0x00, 0x00, 0x00, 
	0xca, 0x00, 0x00, 0x00, 0x01, 0x00, 0x00, 0x00, 0x00, 0x00, 0x00, 
	0x00, 0x00, 0x00, 0x00, 0x00, 0xfb, 0xa9, 0x00, 0x00, 0xe5, 0x00, 
	0x00, 0x00, 0x00, 0x00, 0x00, 0x00, 0x00, 0x00, 0x00, 0x00, 0x01, 
	0x00, 0x00, 0x00, 0x00, 0x00, 0x00, 0x00, 0xda, 0x00, 0x00, 0x00, 
	0x01, 0x00, 0x00, 0x00, 0x00, 0x00, 0x00, 0x00, 0x00, 0x00, 0x00, 
	0x00, 0xe0, 0xaa, 0x00, 0x00, 0x47, 0x13, 0x00, 0x00, 0x00, 0x00, 
	0x00, 0x00, 0x00, 0x00, 0x00, 0x00, 0x01, 0x00, 0x00, 0x00, 0x00, 
	0x00, 0x00, 0x00, 0xe6, 0x00, 0x00, 0x00, 0x01, 0x00, 0x00, 0x00, 
	0x30, 0x00, 0x00, 0x00, 0x00, 0x00, 0x00, 0x00, 0x27, 0xbe, 0x00, 
	0x00, 0xc3, 0x02, 0x00, 0x00, 0x00, 0x00, 0x00, 0x00, 0x00, 0x00, 
	0x00, 0x00, 0x01, 0x00, 0x00, 0x00, 0x01, 0x00, 0x00, 0x00, 0xf1, 
	0x00, 0x00, 0x00, 0x01, 0x00, 0x00, 0x00, 0x30, 0x00, 0x00, 0x00, 
	0x00, 0x00, 0x00, 0x00, 0xea, 0xc0, 0x00, 0x00, 0xc1, 0x00, 0x00, 
	0x00, 0x00, 0x00, 0x00, 0x00, 0x00, 0x00, 0x00, 0x00, 0x01, 0x00, 
	0x00, 0x00, 0x01, 0x00, 0x00, 0x00, 0x01, 0x00, 0x00, 0x00, 0x02, 
	0x00, 0x00, 0x00, 0x00, 0x00, 0x00, 0x00, 0x00, 0x00, 0x00, 0x00, 
	0xac, 0xc1, 0x00, 0x00, 0x20, 0x05, 0x00, 0x00, 0x16, 0x00, 0x00, 
	0x00, 0x27, 0x00, 0x00, 0x00, 0x04, 0x00, 0x00, 0x00, 0x10, 0x00, 
	0x00, 0x00, 0x09, 0x00, 0x00, 0x00, 0x03, 0x00, 0x00, 0x00, 0x00, 
	0x00, 0x00, 0x00, 0x00, 0x00, 0x00, 0x00, 0xcc, 0xc6, 0x00, 0x00, 
	0x13, 0x02, 0x00, 0x00, 0x00, 0x00, 0x00, 0x00, 0x00, 0x00, 0x00, 
	0x00, 0x01, 0x00, 0x00, 0x00, 0x00, 0x00, 0x00, 0x00, 0x11, 0x00, 
	0x00, 0x00, 0x03, 0x00, 0x00, 0x00, 0x00, 0x00, 0x00, 0x00, 0x00, 
	0x00, 0x00, 0x00, 0xdf, 0xc8, 0x00, 0x00, 0x01, 0x01, 0x00, 0x00, 
	0x00, 0x00, 0x00, 0x00, 0x00, 0x00, 0x00, 0x00, 0x01, 0x00, 0x00, 
	0x00, 0x00, 0x00, 0x00, 0x00
};

const int qsort_bin_length = 52640;
