const char vvadd_bin[39652] = {
	0x7f, 0x45, 0x4c, 0x46, 0x01, 0x01, 0x01, 0x00, 0x00, 0x00, 0x00, 
	0x00, 0x00, 0x00, 0x00, 0x00, 0x02, 0x00, 0xf3, 0x00, 0x01, 0x00, 
	0x00, 0x00, 0x00, 0x00, 0x00, 0x40, 0x34, 0x00, 0x00, 0x00, 0x24, 
	0x97, 0x00, 0x00, 0x00, 0x00, 0x00, 0x00, 0x34, 0x00, 0x20, 0x00, 
	0x04, 0x00, 0x28, 0x00, 0x18, 0x00, 0x17, 0x00, 0x03, 0x00, 0x00, 
	0x70, 0xd7, 0x56, 0x00, 0x00, 0x00, 0x00, 0x00, 0x00, 0x00, 0x00, 
	0x00, 0x00, 0x37, 0x00, 0x00, 0x00, 0x00, 0x00, 0x00, 0x00, 0x04, 
	0x00, 0x00, 0x00, 0x01, 0x00, 0x00, 0x00, 0x01, 0x00, 0x00, 0x00, 
	0x00, 0x10, 0x00, 0x00, 0x00, 0x00, 0x00, 0x40, 0x00, 0x00, 0x00, 
	0x40, 0x00, 0x02, 0x00, 0x00, 0x00, 0x02, 0x00, 0x00, 0x05, 0x00, 
	0x00, 0x00, 0x00, 0x10, 0x00, 0x00, 0x01, 0x00, 0x00, 0x00, 0x00, 
	0x20, 0x00, 0x00, 0x00, 0x10, 0x00, 0x40, 0x00, 0x10, 0x00, 0x40, 
	0xbc, 0x36, 0x00, 0x00, 0xc4, 0x36, 0x00, 0x00, 0x07, 0x00, 0x00, 
	0x00, 0x00, 0x10, 0x00, 0x00, 0x51, 0xe5, 0x74, 0x64, 0x00, 0x00, 
	0x00, 0x00, 0x00, 0x00, 0x00, 0x00, 0x00, 0x00, 0x00, 0x00, 0x00, 
	0x00, 0x00, 0x00, 0x00, 0x00, 0x00, 0x00, 0x06, 0x00, 0x00, 0x00, 
	0x10, 0x00, 0x00, 0x00, 0x00, 0x00, 0x00, 0x00, 0x00, 0x00, 0x00, 
	0x00, 0x00, 0x00, 0x00, 0x00, 0x00, 0x00, 0x00, 0x00, 0x00, 0x00, 
	0x00, 0x00, 0x00, 0x00, 0x00, 0x00, 0x00, 0x00, 0x00, 0x00, 0x00, 
	0x00, 0x00, 0x00, 0x00, 0x00, 0x00, 0x00, 0x00, 0x00, 0x00, 0x00, 
	0x00, 0x00, 0x00, 0x00, 0x00, 0x00, 0x00, 0x00, 0x00, 0x00, 0x00, 
	0x00, 0x00, 0x00, 0x00, 0x00, 0x00, 0x00, 0x00, 0x00, 0x00, 0x00, 
	0x00, 0x00, 0x00, 0x00, 0x00, 0x00, 0x00, 0x00, 0x00, 0x00, 0x00, 
	0x00, 0x00, 0x00, 0x00, 0x00, 0x00, 0x00, 0x00, 0x00, 0x00, 0x00, 
	0x00, 0x00, 0x00, 0x00, 0x00, 0x00, 0x00, 0x00, 0x00, 0x00, 0x00, 
	0x00, 0x00, 0x00, 0x00, 0x00, 0x00, 0x00, 0x00, 0x00, 0x00, 0x00, 
	0x00, 0x00, 0x00, 0x00, 0x00, 0x00, 0x00, 0x00, 0x00, 0x00, 0x00, 
	0x00, 0x00, 0x00, 0x00, 0x00, 0x00, 0x00, 0x00, 0x00, 0x00, 0x00, 
	0x00, 0x00, 0x00, 0x00, 0x00, 0x00, 0x00, 0x00, 0x00, 0x00, 0x00, 
	0x00, 0x00, 0x00, 0x00, 0x00, 0x00, 0x00, 0x00, 0x00, 0x00, 0x00, 
	0x00, 0x00, 0x00, 0x00, 0x00, 0x00, 0x00, 0x00, 0x00, 0x00, 0x00, 
	0x00, 0x00, 0x00, 0x00, 0x00, 0x00, 0x00, 0x00, 0x00, 0x00, 0x00, 
	0x00, 0x00, 0x00, 0x00, 0x00, 0x00, 0x00, 0x00, 0x00, 0x00, 0x00, 
	0x00, 0x00, 0x00, 0x00, 0x00, 0x00, 0x00, 0x00, 0x00, 0x00, 0x00, 
	0x00, 0x00, 0x00, 0x00, 0x00, 0x00, 0x00, 0x00, 0x00, 0x00, 0x00, 
	0x00, 0x00, 0x00, 0x00, 0x00, 0x00, 0x00, 0x00, 0x00, 0x00, 0x00, 
	0x00, 0x00, 0x00, 0x00, 0x00, 0x00, 0x00, 0x00, 0x00, 0x00, 0x00, 
	0x00, 0x00, 0x00, 0x00, 0x00, 0x00, 0x00, 0x00, 0x00, 0x00, 0x00, 
	0x00, 0x00, 0x00, 0x00, 0x00, 0x00, 0x00, 0x00, 0x00, 0x00, 0x00, 
	0x00, 0x00, 0x00, 0x00, 0x00, 0x00, 0x00, 0x00, 0x00, 0x00, 0x00, 
	0x00, 0x00, 0x00, 0x00, 0x00, 0x00, 0x00, 0x00, 0x00, 0x00, 0x00, 
	0x00, 0x00, 0x00, 0x00, 0x00, 0x00, 0x00, 0x00, 0x00, 0x00, 0x00, 
	0x00, 0x00, 0x00, 0x00, 0x00, 0x00, 0x00, 0x00, 0x00, 0x00, 0x00, 
	0x00, 0x00, 0x00, 0x00, 0x00, 0x00, 0x00, 0x00, 0x00, 0x00, 0x00, 
	0x00, 0x00, 0x00, 0x00, 0x00, 0x00, 0x00, 0x00, 0x00, 0x00, 0x00, 
	0x00, 0x00, 0x00, 0x00, 0x00, 0x00, 0x00, 0x00, 0x00, 0x00, 0x00, 
	0x00, 0x00, 0x00, 0x00, 0x00, 0x00, 0x00, 0x00, 0x00, 0x00, 0x00, 
	0x00, 0x00, 0x00, 0x00, 0x00, 0x00, 0x00, 0x00, 0x00, 0x00, 0x00, 
	0x00, 0x00, 0x00, 0x00, 0x00, 0x00, 0x00, 0x00, 0x00, 0x00, 0x00, 
	0x00, 0x00, 0x00, 0x00, 0x00, 0x00, 0x00, 0x00, 0x00, 0x00, 0x00, 
	0x00, 0x00, 0x00, 0x00, 0x00, 0x00, 0x00, 0x00, 0x00, 0x00, 0x00, 
	0x00, 0x00, 0x00, 0x00, 0x00, 0x00, 0x00, 0x00, 0x00, 0x00, 0x00, 
	0x00, 0x00, 0x00, 0x00, 0x00, 0x00, 0x00, 0x00, 0x00, 0x00, 0x00, 
	0x00, 0x00, 0x00, 0x00, 0x00, 0x00, 0x00, 0x00, 0x00, 0x00, 0x00, 
	0x00, 0x00, 0x00, 0x00, 0x00, 0x00, 0x00, 0x00, 0x00, 0x00, 0x00, 
	0x00, 0x00, 0x00, 0x00, 0x00, 0x00, 0x00, 0x00, 0x00, 0x00, 0x00, 
	0x00, 0x00, 0x00, 0x00, 0x00, 0x00, 0x00, 0x00, 0x00, 0x00, 0x00, 
	0x00, 0x00, 0x00, 0x00, 0x00, 0x00, 0x00, 0x00, 0x00, 0x00, 0x00, 
	0x00, 0x00, 0x00, 0x00, 0x00, 0x00, 0x00, 0x00, 0x00, 0x00, 0x00, 
	0x00, 0x00, 0x00, 0x00, 0x00, 0x00, 0x00, 0x00, 0x00, 0x00, 0x00, 
	0x00, 0x00, 0x00, 0x00, 0x00, 0x00, 0x00, 0x00, 0x00, 0x00, 0x00, 
	0x00, 0x00, 0x00, 0x00, 0x00, 0x00, 0x00, 0x00, 0x00, 0x00, 0x00, 
	0x00, 0x00, 0x00, 0x00, 0x00, 0x00, 0x00, 0x00, 0x00, 0x00, 0x00, 
	0x00, 0x00, 0x00, 0x00, 0x00, 0x00, 0x00, 0x00, 0x00, 0x00, 0x00, 
	0x00, 0x00, 0x00, 0x00, 0x00, 0x00, 0x00, 0x00, 0x00, 0x00, 0x00, 
	0x00, 0x00, 0x00, 0x00, 0x00, 0x00, 0x00, 0x00, 0x00, 0x00, 0x00, 
	0x00, 0x00, 0x00, 0x00, 0x00, 0x00, 0x00, 0x00, 0x00, 0x00, 0x00, 
	0x00, 0x00, 0x00, 0x00, 0x00, 0x00, 0x00, 0x00, 0x00, 0x00, 0x00, 
	0x00, 0x00, 0x00, 0x00, 0x00, 0x00, 0x00, 0x00, 0x00, 0x00, 0x00, 
	0x00, 0x00, 0x00, 0x00, 0x00, 0x00, 0x00, 0x00, 0x00, 0x00, 0x00, 
	0x00, 0x00, 0x00, 0x00, 0x00, 0x00, 0x00, 0x00, 0x00, 0x00, 0x00, 
	0x00, 0x00, 0x00, 0x00, 0x00, 0x00, 0x00, 0x00, 0x00, 0x00, 0x00, 
	0x00, 0x00, 0x00, 0x00, 0x00, 0x00, 0x00, 0x00, 0x00, 0x00, 0x00, 
	0x00, 0x00, 0x00, 0x00, 0x00, 0x00, 0x00, 0x00, 0x00, 0x00, 0x00, 
	0x00, 0x00, 0x00, 0x00, 0x00, 0x00, 0x00, 0x00, 0x00, 0x00, 0x00, 
	0x00, 0x00, 0x00, 0x00, 0x00, 0x00, 0x00, 0x00, 0x00, 0x00, 0x00, 
	0x00, 0x00, 0x00, 0x00, 0x00, 0x00, 0x00, 0x00, 0x00, 0x00, 0x00, 
	0x00, 0x00, 0x00, 0x00, 0x00, 0x00, 0x00, 0x00, 0x00, 0x00, 0x00, 
	0x00, 0x00, 0x00, 0x00, 0x00, 0x00, 0x00, 0x00, 0x00, 0x00, 0x00, 
	0x00, 0x00, 0x00, 0x00, 0x00, 0x00, 0x00, 0x00, 0x00, 0x00, 0x00, 
	0x00, 0x00, 0x00, 0x00, 0x00, 0x00, 0x00, 0x00, 0x00, 0x00, 0x00, 
	0x00, 0x00, 0x00, 0x00, 0x00, 0x00, 0x00, 0x00, 0x00, 0x00, 0x00, 
	0x00, 0x00, 0x00, 0x00, 0x00, 0x00, 0x00, 0x00, 0x00, 0x00, 0x00, 
	0x00, 0x00, 0x00, 0x00, 0x00, 0x00, 0x00, 0x00, 0x00, 0x00, 0x00, 
	0x00, 0x00, 0x00, 0x00, 0x00, 0x00, 0x00, 0x00, 0x00, 0x00, 0x00, 
	0x00, 0x00, 0x00, 0x00, 0x00, 0x00, 0x00, 0x00, 0x00, 0x00, 0x00, 
	0x00, 0x00, 0x00, 0x00, 0x00, 0x00, 0x00, 0x00, 0x00, 0x00, 0x00, 
	0x00, 0x00, 0x00, 0x00, 0x00, 0x00, 0x00, 0x00, 0x00, 0x00, 0x00, 
	0x00, 0x00, 0x00, 0x00, 0x00, 0x00, 0x00, 0x00, 0x00, 0x00, 0x00, 
	0x00, 0x00, 0x00, 0x00, 0x00, 0x00, 0x00, 0x00, 0x00, 0x00, 0x00, 
	0x00, 0x00, 0x00, 0x00, 0x00, 0x00, 0x00, 0x00, 0x00, 0x00, 0x00, 
	0x00, 0x00, 0x00, 0x00, 0x00, 0x00, 0x00, 0x00, 0x00, 0x00, 0x00, 
	0x00, 0x00, 0x00, 0x00, 0x00, 0x00, 0x00, 0x00, 0x00, 0x00, 0x00, 
	0x00, 0x00, 0x00, 0x00, 0x00, 0x00, 0x00, 0x00, 0x00, 0x00, 0x00, 
	0x00, 0x00, 0x00, 0x00, 0x00, 0x00, 0x00, 0x00, 0x00, 0x00, 0x00, 
	0x00, 0x00, 0x00, 0x00, 0x00, 0x00, 0x00, 0x00, 0x00, 0x00, 0x00, 
	0x00, 0x00, 0x00, 0x00, 0x00, 0x00, 0x00, 0x00, 0x00, 0x00, 0x00, 
	0x00, 0x00, 0x00, 0x00, 0x00, 0x00, 0x00, 0x00, 0x00, 0x00, 0x00, 
	0x00, 0x00, 0x00, 0x00, 0x00, 0x00, 0x00, 0x00, 0x00, 0x00, 0x00, 
	0x00, 0x00, 0x00, 0x00, 0x00, 0x00, 0x00, 0x00, 0x00, 0x00, 0x00, 
	0x00, 0x00, 0x00, 0x00, 0x00, 0x00, 0x00, 0x00, 0x00, 0x00, 0x00, 
	0x00, 0x00, 0x00, 0x00, 0x00, 0x00, 0x00, 0x00, 0x00, 0x00, 0x00, 
	0x00, 0x00, 0x00, 0x00, 0x00, 0x00, 0x00, 0x00, 0x00, 0x00, 0x00, 
	0x00, 0x00, 0x00, 0x00, 0x00, 0x00, 0x00, 0x00, 0x00, 0x00, 0x00, 
	0x00, 0x00, 0x00, 0x00, 0x00, 0x00, 0x00, 0x00, 0x00, 0x00, 0x00, 
	0x00, 0x00, 0x00, 0x00, 0x00, 0x00, 0x00, 0x00, 0x00, 0x00, 0x00, 
	0x00, 0x00, 0x00, 0x00, 0x00, 0x00, 0x00, 0x00, 0x00, 0x00, 0x00, 
	0x00, 0x00, 0x00, 0x00, 0x00, 0x00, 0x00, 0x00, 0x00, 0x00, 0x00, 
	0x00, 0x00, 0x00, 0x00, 0x00, 0x00, 0x00, 0x00, 0x00, 0x00, 0x00, 
	0x00, 0x00, 0x00, 0x00, 0x00, 0x00, 0x00, 0x00, 0x00, 0x00, 0x00, 
	0x00, 0x00, 0x00, 0x00, 0x00, 0x00, 0x00, 0x00, 0x00, 0x00, 0x00, 
	0x00, 0x00, 0x00, 0x00, 0x00, 0x00, 0x00, 0x00, 0x00, 0x00, 0x00, 
	0x00, 0x00, 0x00, 0x00, 0x00, 0x00, 0x00, 0x00, 0x00, 0x00, 0x00, 
	0x00, 0x00, 0x00, 0x00, 0x00, 0x00, 0x00, 0x00, 0x00, 0x00, 0x00, 
	0x00, 0x00, 0x00, 0x00, 0x00, 0x00, 0x00, 0x00, 0x00, 0x00, 0x00, 
	0x00, 0x00, 0x00, 0x00, 0x00, 0x00, 0x00, 0x00, 0x00, 0x00, 0x00, 
	0x00, 0x00, 0x00, 0x00, 0x00, 0x00, 0x00, 0x00, 0x00, 0x00, 0x00, 
	0x00, 0x00, 0x00, 0x00, 0x00, 0x00, 0x00, 0x00, 0x00, 0x00, 0x00, 
	0x00, 0x00, 0x00, 0x00, 0x00, 0x00, 0x00, 0x00, 0x00, 0x00, 0x00, 
	0x00, 0x00, 0x00, 0x00, 0x00, 0x00, 0x00, 0x00, 0x00, 0x00, 0x00, 
	0x00, 0x00, 0x00, 0x00, 0x00, 0x00, 0x00, 0x00, 0x00, 0x00, 0x00, 
	0x00, 0x00, 0x00, 0x00, 0x00, 0x00, 0x00, 0x00, 0x00, 0x00, 0x00, 
	0x00, 0x00, 0x00, 0x00, 0x00, 0x00, 0x00, 0x00, 0x00, 0x00, 0x00, 
	0x00, 0x00, 0x00, 0x00, 0x00, 0x00, 0x00, 0x00, 0x00, 0x00, 0x00, 
	0x00, 0x00, 0x00, 0x00, 0x00, 0x00, 0x00, 0x00, 0x00, 0x00, 0x00, 
	0x00, 0x00, 0x00, 0x00, 0x00, 0x00, 0x00, 0x00, 0x00, 0x00, 0x00, 
	0x00, 0x00, 0x00, 0x00, 0x00, 0x00, 0x00, 0x00, 0x00, 0x00, 0x00, 
	0x00, 0x00, 0x00, 0x00, 0x00, 0x00, 0x00, 0x00, 0x00, 0x00, 0x00, 
	0x00, 0x00, 0x00, 0x00, 0x00, 0x00, 0x00, 0x00, 0x00, 0x00, 0x00, 
	0x00, 0x00, 0x00, 0x00, 0x00, 0x00, 0x00, 0x00, 0x00, 0x00, 0x00, 
	0x00, 0x00, 0x00, 0x00, 0x00, 0x00, 0x00, 0x00, 0x00, 0x00, 0x00, 
	0x00, 0x00, 0x00, 0x00, 0x00, 0x00, 0x00, 0x00, 0x00, 0x00, 0x00, 
	0x00, 0x00, 0x00, 0x00, 0x00, 0x00, 0x00, 0x00, 0x00, 0x00, 0x00, 
	0x00, 0x00, 0x00, 0x00, 0x00, 0x00, 0x00, 0x00, 0x00, 0x00, 0x00, 
	0x00, 0x00, 0x00, 0x00, 0x00, 0x00, 0x00, 0x00, 0x00, 0x00, 0x00, 
	0x00, 0x00, 0x00, 0x00, 0x00, 0x00, 0x00, 0x00, 0x00, 0x00, 0x00, 
	0x00, 0x00, 0x00, 0x00, 0x00, 0x00, 0x00, 0x00, 0x00, 0x00, 0x00, 
	0x00, 0x00, 0x00, 0x00, 0x00, 0x00, 0x00, 0x00, 0x00, 0x00, 0x00, 
	0x00, 0x00, 0x00, 0x00, 0x00, 0x00, 0x00, 0x00, 0x00, 0x00, 0x00, 
	0x00, 0x00, 0x00, 0x00, 0x00, 0x00, 0x00, 0x00, 0x00, 0x00, 0x00, 
	0x00, 0x00, 0x00, 0x00, 0x00, 0x00, 0x00, 0x00, 0x00, 0x00, 0x00, 
	0x00, 0x00, 0x00, 0x00, 0x00, 0x00, 0x00, 0x00, 0x00, 0x00, 0x00, 
	0x00, 0x00, 0x00, 0x00, 0x00, 0x00, 0x00, 0x00, 0x00, 0x00, 0x00, 
	0x00, 0x00, 0x00, 0x00, 0x00, 0x00, 0x00, 0x00, 0x00, 0x00, 0x00, 
	0x00, 0x00, 0x00, 0x00, 0x00, 0x00, 0x00, 0x00, 0x00, 0x00, 0x00, 
	0x00, 0x00, 0x00, 0x00, 0x00, 0x00, 0x00, 0x00, 0x00, 0x00, 0x00, 
	0x00, 0x00, 0x00, 0x00, 0x00, 0x00, 0x00, 0x00, 0x00, 0x00, 0x00, 
	0x00, 0x00, 0x00, 0x00, 0x00, 0x00, 0x00, 0x00, 0x00, 0x00, 0x00, 
	0x00, 0x00, 0x00, 0x00, 0x00, 0x00, 0x00, 0x00, 0x00, 0x00, 0x00, 
	0x00, 0x00, 0x00, 0x00, 0x00, 0x00, 0x00, 0x00, 0x00, 0x00, 0x00, 
	0x00, 0x00, 0x00, 0x00, 0x00, 0x00, 0x00, 0x00, 0x00, 0x00, 0x00, 
	0x00, 0x00, 0x00, 0x00, 0x00, 0x00, 0x00, 0x00, 0x00, 0x00, 0x00, 
	0x00, 0x00, 0x00, 0x00, 0x00, 0x00, 0x00, 0x00, 0x00, 0x00, 0x00, 
	0x00, 0x00, 0x00, 0x00, 0x00, 0x00, 0x00, 0x00, 0x00, 0x00, 0x00, 
	0x00, 0x00, 0x00, 0x00, 0x00, 0x00, 0x00, 0x00, 0x00, 0x00, 0x00, 
	0x00, 0x00, 0x00, 0x00, 0x00, 0x00, 0x00, 0x00, 0x00, 0x00, 0x00, 
	0x00, 0x00, 0x00, 0x00, 0x00, 0x00, 0x00, 0x00, 0x00, 0x00, 0x00, 
	0x00, 0x00, 0x00, 0x00, 0x00, 0x00, 0x00, 0x00, 0x00, 0x00, 0x00, 
	0x00, 0x00, 0x00, 0x00, 0x00, 0x00, 0x00, 0x00, 0x00, 0x00, 0x00, 
	0x00, 0x00, 0x00, 0x00, 0x00, 0x00, 0x00, 0x00, 0x00, 0x00, 0x00, 
	0x00, 0x00, 0x00, 0x00, 0x00, 0x00, 0x00, 0x00, 0x00, 0x00, 0x00, 
	0x00, 0x00, 0x00, 0x00, 0x00, 0x00, 0x00, 0x00, 0x00, 0x00, 0x00, 
	0x00, 0x00, 0x00, 0x00, 0x00, 0x00, 0x00, 0x00, 0x00, 0x00, 0x00, 
	0x00, 0x00, 0x00, 0x00, 0x00, 0x00, 0x00, 0x00, 0x00, 0x00, 0x00, 
	0x00, 0x00, 0x00, 0x00, 0x00, 0x00, 0x00, 0x00, 0x00, 0x00, 0x00, 
	0x00, 0x00, 0x00, 0x00, 0x00, 0x00, 0x00, 0x00, 0x00, 0x00, 0x00, 
	0x00, 0x00, 0x00, 0x00, 0x00, 0x00, 0x00, 0x00, 0x00, 0x00, 0x00, 
	0x00, 0x00, 0x00, 0x00, 0x00, 0x00, 0x00, 0x00, 0x00, 0x00, 0x00, 
	0x00, 0x00, 0x00, 0x00, 0x00, 0x00, 0x00, 0x00, 0x00, 0x00, 0x00, 
	0x00, 0x00, 0x00, 0x00, 0x00, 0x00, 0x00, 0x00, 0x00, 0x00, 0x00, 
	0x00, 0x00, 0x00, 0x00, 0x00, 0x00, 0x00, 0x00, 0x00, 0x00, 0x00, 
	0x00, 0x00, 0x00, 0x00, 0x00, 0x00, 0x00, 0x00, 0x00, 0x00, 0x00, 
	0x00, 0x00, 0x00, 0x00, 0x00, 0x00, 0x00, 0x00, 0x00, 0x00, 0x00, 
	0x00, 0x00, 0x00, 0x00, 0x00, 0x00, 0x00, 0x00, 0x00, 0x00, 0x00, 
	0x00, 0x00, 0x00, 0x00, 0x00, 0x00, 0x00, 0x00, 0x00, 0x00, 0x00, 
	0x00, 0x00, 0x00, 0x00, 0x00, 0x00, 0x00, 0x00, 0x00, 0x00, 0x00, 
	0x00, 0x00, 0x00, 0x00, 0x00, 0x00, 0x00, 0x00, 0x00, 0x00, 0x00, 
	0x00, 0x00, 0x00, 0x00, 0x00, 0x00, 0x00, 0x00, 0x00, 0x00, 0x00, 
	0x00, 0x00, 0x00, 0x00, 0x00, 0x00, 0x00, 0x00, 0x00, 0x00, 0x00, 
	0x00, 0x00, 0x00, 0x00, 0x00, 0x00, 0x00, 0x00, 0x00, 0x00, 0x00, 
	0x00, 0x00, 0x00, 0x00, 0x00, 0x00, 0x00, 0x00, 0x00, 0x00, 0x00, 
	0x00, 0x00, 0x00, 0x00, 0x00, 0x00, 0x00, 0x00, 0x00, 0x00, 0x00, 
	0x00, 0x00, 0x00, 0x00, 0x00, 0x00, 0x00, 0x00, 0x00, 0x00, 0x00, 
	0x00, 0x00, 0x00, 0x00, 0x00, 0x00, 0x00, 0x00, 0x00, 0x00, 0x00, 
	0x00, 0x00, 0x00, 0x00, 0x00, 0x00, 0x00, 0x00, 0x00, 0x00, 0x00, 
	0x00, 0x00, 0x00, 0x00, 0x00, 0x00, 0x00, 0x00, 0x00, 0x00, 0x00, 
	0x00, 0x00, 0x00, 0x00, 0x00, 0x00, 0x00, 0x00, 0x00, 0x00, 0x00, 
	0x00, 0x00, 0x00, 0x00, 0x00, 0x00, 0x00, 0x00, 0x00, 0x00, 0x00, 
	0x00, 0x00, 0x00, 0x00, 0x00, 0x00, 0x00, 0x00, 0x00, 0x00, 0x00, 
	0x00, 0x00, 0x00, 0x00, 0x00, 0x00, 0x00, 0x00, 0x00, 0x00, 0x00, 
	0x00, 0x00, 0x00, 0x00, 0x00, 0x00, 0x00, 0x00, 0x00, 0x00, 0x00, 
	0x00, 0x00, 0x00, 0x00, 0x00, 0x00, 0x00, 0x00, 0x00, 0x00, 0x00, 
	0x00, 0x00, 0x00, 0x00, 0x00, 0x00, 0x00, 0x00, 0x00, 0x00, 0x00, 
	0x00, 0x00, 0x00, 0x00, 0x00, 0x00, 0x00, 0x00, 0x00, 0x00, 0x00, 
	0x00, 0x00, 0x00, 0x00, 0x00, 0x00, 0x00, 0x00, 0x00, 0x00, 0x00, 
	0x00, 0x00, 0x00, 0x00, 0x00, 0x00, 0x00, 0x00, 0x00, 0x00, 0x00, 
	0x00, 0x00, 0x00, 0x00, 0x00, 0x00, 0x00, 0x00, 0x00, 0x00, 0x00, 
	0x00, 0x00, 0x00, 0x00, 0x00, 0x00, 0x00, 0x00, 0x00, 0x00, 0x00, 
	0x00, 0x00, 0x00, 0x00, 0x00, 0x00, 0x00, 0x00, 0x00, 0x00, 0x00, 
	0x00, 0x00, 0x00, 0x00, 0x00, 0x00, 0x00, 0x00, 0x00, 0x00, 0x00, 
	0x00, 0x00, 0x00, 0x00, 0x00, 0x00, 0x00, 0x00, 0x00, 0x00, 0x00, 
	0x00, 0x00, 0x00, 0x00, 0x00, 0x00, 0x00, 0x00, 0x00, 0x00, 0x00, 
	0x00, 0x00, 0x00, 0x00, 0x00, 0x00, 0x00, 0x00, 0x00, 0x00, 0x00, 
	0x00, 0x00, 0x00, 0x00, 0x00, 0x00, 0x00, 0x00, 0x00, 0x00, 0x00, 
	0x00, 0x00, 0x00, 0x00, 0x00, 0x00, 0x00, 0x00, 0x00, 0x00, 0x00, 
	0x00, 0x00, 0x00, 0x00, 0x00, 0x00, 0x00, 0x00, 0x00, 0x00, 0x00, 
	0x00, 0x00, 0x00, 0x00, 0x00, 0x00, 0x00, 0x00, 0x00, 0x00, 0x00, 
	0x00, 0x00, 0x00, 0x00, 0x00, 0x00, 0x00, 0x00, 0x00, 0x00, 0x00, 
	0x00, 0x00, 0x00, 0x00, 0x00, 0x00, 0x00, 0x00, 0x00, 0x00, 0x00, 
	0x00, 0x00, 0x00, 0x00, 0x00, 0x00, 0x00, 0x00, 0x00, 0x00, 0x00, 
	0x00, 0x00, 0x00, 0x00, 0x00, 0x00, 0x00, 0x00, 0x00, 0x00, 0x00, 
	0x00, 0x00, 0x00, 0x00, 0x00, 0x00, 0x00, 0x00, 0x00, 0x00, 0x00, 
	0x00, 0x00, 0x00, 0x00, 0x00, 0x00, 0x00, 0x00, 0x00, 0x00, 0x00, 
	0x00, 0x00, 0x00, 0x00, 0x00, 0x00, 0x00, 0x00, 0x00, 0x00, 0x00, 
	0x00, 0x00, 0x00, 0x00, 0x00, 0x00, 0x00, 0x00, 0x00, 0x00, 0x00, 
	0x00, 0x00, 0x00, 0x00, 0x00, 0x00, 0x00, 0x00, 0x00, 0x00, 0x00, 
	0x00, 0x00, 0x00, 0x00, 0x00, 0x00, 0x00, 0x00, 0x00, 0x00, 0x00, 
	0x00, 0x00, 0x00, 0x00, 0x00, 0x00, 0x00, 0x00, 0x00, 0x00, 0x00, 
	0x00, 0x00, 0x00, 0x00, 0x00, 0x00, 0x00, 0x00, 0x00, 0x00, 0x00, 
	0x00, 0x00, 0x00, 0x00, 0x00, 0x00, 0x00, 0x00, 0x00, 0x00, 0x00, 
	0x00, 0x00, 0x00, 0x00, 0x00, 0x00, 0x00, 0x00, 0x00, 0x00, 0x00, 
	0x00, 0x00, 0x00, 0x00, 0x00, 0x00, 0x00, 0x00, 0x00, 0x00, 0x00, 
	0x00, 0x00, 0x00, 0x00, 0x00, 0x00, 0x00, 0x00, 0x00, 0x00, 0x00, 
	0x00, 0x00, 0x00, 0x00, 0x00, 0x00, 0x00, 0x00, 0x00, 0x00, 0x00, 
	0x00, 0x00, 0x00, 0x00, 0x00, 0x00, 0x00, 0x00, 0x00, 0x00, 0x00, 
	0x00, 0x00, 0x00, 0x00, 0x00, 0x00, 0x00, 0x00, 0x00, 0x00, 0x00, 
	0x00, 0x00, 0x00, 0x00, 0x00, 0x00, 0x00, 0x00, 0x00, 0x00, 0x00, 
	0x00, 0x00, 0x00, 0x00, 0x00, 0x00, 0x00, 0x00, 0x00, 0x00, 0x00, 
	0x00, 0x00, 0x00, 0x00, 0x00, 0x00, 0x00, 0x00, 0x00, 0x00, 0x00, 
	0x00, 0x00, 0x00, 0x00, 0x00, 0x00, 0x00, 0x00, 0x00, 0x00, 0x00, 
	0x00, 0x00, 0x00, 0x00, 0x00, 0x00, 0x00, 0x00, 0x00, 0x00, 0x00, 
	0x00, 0x00, 0x00, 0x00, 0x00, 0x00, 0x00, 0x00, 0x00, 0x00, 0x00, 
	0x00, 0x00, 0x00, 0x00, 0x00, 0x00, 0x00, 0x00, 0x00, 0x00, 0x00, 
	0x00, 0x00, 0x00, 0x00, 0x00, 0x00, 0x00, 0x00, 0x00, 0x00, 0x00, 
	0x00, 0x00, 0x00, 0x00, 0x00, 0x00, 0x00, 0x00, 0x00, 0x00, 0x00, 
	0x00, 0x00, 0x00, 0x00, 0x00, 0x00, 0x00, 0x00, 0x00, 0x00, 0x00, 
	0x00, 0x00, 0x00, 0x00, 0x00, 0x00, 0x00, 0x00, 0x00, 0x00, 0x00, 
	0x00, 0x00, 0x00, 0x00, 0x00, 0x00, 0x00, 0x00, 0x00, 0x00, 0x00, 
	0x00, 0x00, 0x00, 0x00, 0x00, 0x00, 0x00, 0x00, 0x00, 0x00, 0x00, 
	0x00, 0x00, 0x00, 0x00, 0x00, 0x00, 0x00, 0x00, 0x00, 0x00, 0x00, 
	0x00, 0x00, 0x00, 0x00, 0x00, 0x00, 0x00, 0x00, 0x00, 0x00, 0x00, 
	0x00, 0x00, 0x00, 0x00, 0x00, 0x00, 0x00, 0x00, 0x00, 0x00, 0x00, 
	0x00, 0x00, 0x00, 0x00, 0x00, 0x00, 0x00, 0x00, 0x00, 0x00, 0x00, 
	0x00, 0x00, 0x00, 0x00, 0x00, 0x00, 0x00, 0x00, 0x00, 0x00, 0x00, 
	0x00, 0x00, 0x00, 0x00, 0x00, 0x00, 0x00, 0x00, 0x00, 0x00, 0x00, 
	0x00, 0x00, 0x00, 0x00, 0x00, 0x00, 0x00, 0x00, 0x00, 0x00, 0x00, 
	0x00, 0x00, 0x00, 0x00, 0x00, 0x00, 0x00, 0x00, 0x00, 0x00, 0x00, 
	0x00, 0x00, 0x00, 0x00, 0x00, 0x00, 0x00, 0x00, 0x00, 0x00, 0x00, 
	0x00, 0x00, 0x00, 0x00, 0x00, 0x00, 0x00, 0x00, 0x00, 0x00, 0x00, 
	0x00, 0x00, 0x00, 0x00, 0x00, 0x00, 0x00, 0x00, 0x00, 0x00, 0x00, 
	0x00, 0x00, 0x00, 0x00, 0x00, 0x00, 0x00, 0x00, 0x00, 0x00, 0x00, 
	0x00, 0x00, 0x00, 0x00, 0x00, 0x00, 0x00, 0x00, 0x00, 0x00, 0x00, 
	0x00, 0x00, 0x00, 0x00, 0x00, 0x00, 0x00, 0x00, 0x00, 0x00, 0x00, 
	0x00, 0x00, 0x00, 0x00, 0x00, 0x00, 0x00, 0x00, 0x00, 0x00, 0x00, 
	0x00, 0x00, 0x00, 0x00, 0x00, 0x00, 0x00, 0x00, 0x00, 0x00, 0x00, 
	0x00, 0x00, 0x00, 0x00, 0x00, 0x00, 0x00, 0x00, 0x00, 0x00, 0x00, 
	0x00, 0x00, 0x00, 0x00, 0x00, 0x00, 0x00, 0x00, 0x00, 0x00, 0x00, 
	0x00, 0x00, 0x00, 0x00, 0x00, 0x00, 0x00, 0x00, 0x00, 0x00, 0x00, 
	0x00, 0x00, 0x00, 0x00, 0x00, 0x00, 0x00, 0x00, 0x00, 0x00, 0x00, 
	0x00, 0x00, 0x00, 0x00, 0x00, 0x00, 0x00, 0x00, 0x00, 0x00, 0x00, 
	0x00, 0x00, 0x00, 0x00, 0x00, 0x00, 0x00, 0x00, 0x00, 0x00, 0x00, 
	0x00, 0x00, 0x00, 0x00, 0x00, 0x00, 0x00, 0x00, 0x00, 0x00, 0x00, 
	0x00, 0x00, 0x00, 0x00, 0x00, 0x00, 0x00, 0x00, 0x00, 0x00, 0x00, 
	0x00, 0x00, 0x00, 0x00, 0x00, 0x00, 0x00, 0x00, 0x00, 0x00, 0x00, 
	0x00, 0x00, 0x00, 0x00, 0x00, 0x00, 0x00, 0x00, 0x00, 0x00, 0x00, 
	0x00, 0x00, 0x00, 0x00, 0x00, 0x00, 0x00, 0x00, 0x00, 0x00, 0x00, 
	0x00, 0x00, 0x00, 0x00, 0x00, 0x00, 0x00, 0x00, 0x00, 0x00, 0x00, 
	0x00, 0x00, 0x00, 0x00, 0x00, 0x00, 0x00, 0x00, 0x00, 0x00, 0x00, 
	0x00, 0x00, 0x00, 0x00, 0x00, 0x00, 0x00, 0x00, 0x00, 0x00, 0x00, 
	0x00, 0x00, 0x00, 0x00, 0x00, 0x00, 0x00, 0x00, 0x00, 0x00, 0x00, 
	0x00, 0x00, 0x00, 0x00, 0x00, 0x00, 0x00, 0x00, 0x00, 0x00, 0x00, 
	0x00, 0x00, 0x00, 0x00, 0x00, 0x00, 0x00, 0x00, 0x00, 0x00, 0x00, 
	0x00, 0x00, 0x00, 0x00, 0x00, 0x00, 0x00, 0x00, 0x00, 0x00, 0x00, 
	0x00, 0x00, 0x00, 0x00, 0x00, 0x00, 0x00, 0x00, 0x00, 0x00, 0x00, 
	0x00, 0x00, 0x00, 0x00, 0x00, 0x00, 0x00, 0x00, 0x00, 0x00, 0x00, 
	0x00, 0x00, 0x00, 0x00, 0x00, 0x00, 0x00, 0x00, 0x00, 0x00, 0x00, 
	0x00, 0x00, 0x00, 0x00, 0x00, 0x00, 0x00, 0x00, 0x00, 0x00, 0x00, 
	0x00, 0x00, 0x00, 0x00, 0x00, 0x00, 0x00, 0x00, 0x00, 0x00, 0x00, 
	0x00, 0x00, 0x00, 0x00, 0x00, 0x00, 0x00, 0x00, 0x00, 0x00, 0x00, 
	0x00, 0x00, 0x00, 0x00, 0x00, 0x00, 0x00, 0x00, 0x00, 0x00, 0x00, 
	0x00, 0x00, 0x00, 0x00, 0x00, 0x00, 0x00, 0x00, 0x00, 0x00, 0x00, 
	0x00, 0x00, 0x00, 0x00, 0x00, 0x00, 0x00, 0x00, 0x00, 0x00, 0x00, 
	0x00, 0x00, 0x00, 0x00, 0x00, 0x00, 0x00, 0x00, 0x00, 0x00, 0x00, 
	0x00, 0x00, 0x00, 0x00, 0x00, 0x00, 0x00, 0x00, 0x00, 0x00, 0x00, 
	0x00, 0x00, 0x00, 0x00, 0x00, 0x00, 0x00, 0x00, 0x00, 0x00, 0x00, 
	0x00, 0x00, 0x00, 0x00, 0x00, 0x00, 0x00, 0x00, 0x00, 0x00, 0x00, 
	0x00, 0x00, 0x00, 0x00, 0x00, 0x00, 0x00, 0x00, 0x00, 0x00, 0x00, 
	0x00, 0x00, 0x00, 0x00, 0x00, 0x00, 0x00, 0x00, 0x00, 0x00, 0x00, 
	0x00, 0x00, 0x00, 0x00, 0x00, 0x00, 0x00, 0x00, 0x00, 0x00, 0x00, 
	0x00, 0x00, 0x00, 0x00, 0x00, 0x00, 0x00, 0x00, 0x00, 0x00, 0x00, 
	0x00, 0x00, 0x00, 0x00, 0x00, 0x00, 0x00, 0x00, 0x00, 0x00, 0x00, 
	0x00, 0x00, 0x00, 0x00, 0x00, 0x00, 0x00, 0x00, 0x00, 0x00, 0x00, 
	0x00, 0x00, 0x00, 0x00, 0x00, 0x00, 0x00, 0x00, 0x00, 0x00, 0x00, 
	0x00, 0x00, 0x00, 0x00, 0x00, 0x00, 0x00, 0x00, 0x00, 0x00, 0x00, 
	0x00, 0x00, 0x00, 0x00, 0x00, 0x00, 0x00, 0x00, 0x00, 0x00, 0x00, 
	0x00, 0x00, 0x00, 0x00, 0x00, 0x00, 0x00, 0x00, 0x00, 0x00, 0x00, 
	0x00, 0x00, 0x00, 0x00, 0x00, 0x00, 0x00, 0x00, 0x00, 0x00, 0x00, 
	0x00, 0x00, 0x00, 0x00, 0x00, 0x00, 0x00, 0x00, 0x00, 0x00, 0x00, 
	0x00, 0x00, 0x00, 0x00, 0x00, 0x00, 0x00, 0x00, 0x00, 0x00, 0x00, 
	0x00, 0x00, 0x00, 0x00, 0x00, 0x00, 0x00, 0x00, 0x00, 0x00, 0x00, 
	0x00, 0x00, 0x00, 0x00, 0x00, 0x00, 0x00, 0x00, 0x00, 0x00, 0x00, 
	0x00, 0x00, 0x00, 0x00, 0x00, 0x00, 0x00, 0x00, 0x00, 0x00, 0x00, 
	0x00, 0x00, 0x00, 0x00, 0x00, 0x00, 0x00, 0x00, 0x00, 0x00, 0x00, 
	0x00, 0x00, 0x00, 0x00, 0x00, 0x00, 0x00, 0x00, 0x00, 0x00, 0x00, 
	0x00, 0x00, 0x00, 0x00, 0x00, 0x00, 0x00, 0x00, 0x00, 0x00, 0x00, 
	0x00, 0x00, 0x00, 0x00, 0x00, 0x00, 0x00, 0x00, 0x00, 0x00, 0x00, 
	0x00, 0x00, 0x00, 0x00, 0x00, 0x00, 0x00, 0x00, 0x00, 0x00, 0x00, 
	0x00, 0x00, 0x00, 0x00, 0x00, 0x00, 0x00, 0x00, 0x00, 0x00, 0x00, 
	0x00, 0x00, 0x00, 0x00, 0x00, 0x00, 0x00, 0x00, 0x00, 0x00, 0x00, 
	0x00, 0x00, 0x00, 0x00, 0x00, 0x00, 0x00, 0x00, 0x00, 0x00, 0x00, 
	0x00, 0x00, 0x00, 0x00, 0x00, 0x00, 0x00, 0x00, 0x00, 0x00, 0x00, 
	0x00, 0x00, 0x00, 0x00, 0x00, 0x00, 0x00, 0x00, 0x00, 0x00, 0x00, 
	0x00, 0x00, 0x00, 0x00, 0x00, 0x00, 0x00, 0x00, 0x00, 0x00, 0x00, 
	0x00, 0x00, 0x00, 0x00, 0x00, 0x00, 0x00, 0x00, 0x00, 0x00, 0x00, 
	0x00, 0x00, 0x00, 0x00, 0x00, 0x00, 0x00, 0x00, 0x00, 0x00, 0x00, 
	0x00, 0x00, 0x00, 0x00, 0x00, 0x00, 0x00, 0x00, 0x00, 0x00, 0x00, 
	0x00, 0x00, 0x00, 0x00, 0x00, 0x00, 0x00, 0x00, 0x00, 0x00, 0x00, 
	0x00, 0x00, 0x00, 0x00, 0x00, 0x00, 0x00, 0x00, 0x00, 0x00, 0x00, 
	0x00, 0x00, 0x00, 0x00, 0x00, 0x00, 0x00, 0x00, 0x00, 0x00, 0x00, 
	0x00, 0x00, 0x00, 0x00, 0x00, 0x00, 0x00, 0x00, 0x00, 0x00, 0x00, 
	0x00, 0x00, 0x00, 0x00, 0x00, 0x00, 0x00, 0x00, 0x00, 0x00, 0x00, 
	0x00, 0x00, 0x00, 0x00, 0x00, 0x00, 0x00, 0x00, 0x00, 0x00, 0x00, 
	0x00, 0x00, 0x00, 0x00, 0x00, 0x00, 0x00, 0x00, 0x00, 0x00, 0x00, 
	0x00, 0x00, 0x00, 0x00, 0x00, 0x00, 0x00, 0x00, 0x00, 0x00, 0x00, 
	0x00, 0x00, 0x00, 0x00, 0x00, 0x00, 0x00, 0x00, 0x00, 0x00, 0x00, 
	0x00, 0x00, 0x00, 0x00, 0x00, 0x00, 0x00, 0x00, 0x00, 0x00, 0x00, 
	0x00, 0x00, 0x00, 0x00, 0x00, 0x00, 0x00, 0x00, 0x00, 0x00, 0x00, 
	0x00, 0x00, 0x00, 0x00, 0x00, 0x00, 0x00, 0x00, 0x00, 0x00, 0x00, 
	0x00, 0x00, 0x00, 0x00, 0x00, 0x00, 0x00, 0x00, 0x00, 0x00, 0x00, 
	0x00, 0x00, 0x00, 0x00, 0x00, 0x00, 0x00, 0x00, 0x00, 0x00, 0x00, 
	0x00, 0x00, 0x00, 0x00, 0x00, 0x00, 0x00, 0x00, 0x00, 0x00, 0x00, 
	0x00, 0x00, 0x00, 0x00, 0x00, 0x00, 0x00, 0x00, 0x00, 0x00, 0x00, 
	0x00, 0x00, 0x00, 0x00, 0x00, 0x00, 0x00, 0x00, 0x00, 0x00, 0x00, 
	0x00, 0x00, 0x00, 0x00, 0x00, 0x00, 0x00, 0x00, 0x00, 0x00, 0x00, 
	0x00, 0x00, 0x00, 0x00, 0x00, 0x00, 0x00, 0x00, 0x00, 0x00, 0x00, 
	0x00, 0x00, 0x00, 0x00, 0x00, 0x00, 0x00, 0x00, 0x00, 0x00, 0x00, 
	0x00, 0x00, 0x00, 0x00, 0x00, 0x00, 0x00, 0x00, 0x00, 0x00, 0x00, 
	0x00, 0x00, 0x00, 0x00, 0x00, 0x00, 0x00, 0x00, 0x00, 0x00, 0x00, 
	0x00, 0x00, 0x00, 0x00, 0x00, 0x00, 0x00, 0x00, 0x00, 0x00, 0x00, 
	0x00, 0x00, 0x00, 0x00, 0x00, 0x00, 0x00, 0x00, 0x00, 0x00, 0x00, 
	0x00, 0x00, 0x00, 0x00, 0x00, 0x00, 0x00, 0x00, 0x00, 0x00, 0x00, 
	0x00, 0x00, 0x00, 0x00, 0x00, 0x00, 0x00, 0x00, 0x00, 0x00, 0x00, 
	0x00, 0x00, 0x00, 0x00, 0x00, 0x00, 0x00, 0x00, 0x00, 0x00, 0x00, 
	0x00, 0x00, 0x00, 0x00, 0x00, 0x00, 0x00, 0x00, 0x00, 0x00, 0x00, 
	0x00, 0x00, 0x00, 0x00, 0x00, 0x00, 0x00, 0x00, 0x00, 0x00, 0x00, 
	0x00, 0x00, 0x00, 0x00, 0x00, 0x00, 0x00, 0x00, 0x00, 0x00, 0x00, 
	0x00, 0x00, 0x00, 0x00, 0x00, 0x00, 0x00, 0x00, 0x00, 0x00, 0x00, 
	0x00, 0x00, 0x00, 0x00, 0x00, 0x00, 0x00, 0x00, 0x00, 0x00, 0x00, 
	0x00, 0x00, 0x00, 0x00, 0x00, 0x00, 0x00, 0x00, 0x00, 0x00, 0x00, 
	0x00, 0x00, 0x00, 0x00, 0x00, 0x00, 0x00, 0x00, 0x00, 0x00, 0x00, 
	0x00, 0x00, 0x00, 0x00, 0x00, 0x00, 0x00, 0x00, 0x00, 0x00, 0x00, 
	0x00, 0x00, 0x00, 0x00, 0x00, 0x00, 0x00, 0x00, 0x00, 0x00, 0x00, 
	0x00, 0x00, 0x00, 0x00, 0x00, 0x00, 0x00, 0x00, 0x00, 0x00, 0x00, 
	0x00, 0x00, 0x00, 0x00, 0x00, 0x00, 0x00, 0x00, 0x00, 0x00, 0x00, 
	0x00, 0x00, 0x00, 0x00, 0x00, 0x00, 0x00, 0x00, 0x00, 0x00, 0x00, 
	0x00, 0x00, 0x00, 0x00, 0x00, 0x00, 0x00, 0x00, 0x00, 0x00, 0x00, 
	0x00, 0x00, 0x00, 0x00, 0x00, 0x00, 0x00, 0x00, 0x00, 0x00, 0x00, 
	0x00, 0x00, 0x00, 0x00, 0x00, 0x00, 0x00, 0x00, 0x00, 0x00, 0x00, 
	0x00, 0x00, 0x00, 0x00, 0x00, 0x00, 0x00, 0x00, 0x00, 0x00, 0x00, 
	0x00, 0x00, 0x00, 0x00, 0x00, 0x00, 0x00, 0x00, 0x00, 0x00, 0x00, 
	0x00, 0x00, 0x00, 0x00, 0x00, 0x00, 0x00, 0x00, 0x00, 0x00, 0x00, 
	0x00, 0x00, 0x00, 0x00, 0x00, 0x00, 0x00, 0x00, 0x00, 0x00, 0x00, 
	0x00, 0x00, 0x00, 0x00, 0x00, 0x00, 0x00, 0x00, 0x00, 0x00, 0x00, 
	0x00, 0x00, 0x00, 0x00, 0x00, 0x00, 0x00, 0x00, 0x00, 0x00, 0x00, 
	0x00, 0x00, 0x00, 0x00, 0x00, 0x00, 0x00, 0x00, 0x00, 0x00, 0x00, 
	0x00, 0x00, 0x00, 0x00, 0x00, 0x00, 0x00, 0x00, 0x00, 0x00, 0x00, 
	0x00, 0x00, 0x00, 0x00, 0x00, 0x00, 0x00, 0x00, 0x00, 0x00, 0x00, 
	0x00, 0x00, 0x00, 0x00, 0x00, 0x00, 0x00, 0x00, 0x00, 0x00, 0x00, 
	0x00, 0x00, 0x00, 0x00, 0x00, 0x00, 0x00, 0x00, 0x00, 0x00, 0x00, 
	0x00, 0x00, 0x00, 0x00, 0x00, 0x00, 0x00, 0x00, 0x00, 0x00, 0x00, 
	0x00, 0x00, 0x00, 0x00, 0x00, 0x00, 0x00, 0x00, 0x00, 0x00, 0x00, 
	0x00, 0x00, 0x00, 0x00, 0x00, 0x00, 0x00, 0x00, 0x00, 0x00, 0x00, 
	0x00, 0x00, 0x00, 0x00, 0x93, 0x00, 0x00, 0x00, 0x13, 0x01, 0x00, 
	0x00, 0x93, 0x01, 0x00, 0x00, 0x13, 0x02, 0x00, 0x00, 0x93, 0x02, 
	0x00, 0x00, 0x13, 0x03, 0x00, 0x00, 0x93, 0x03, 0x00, 0x00, 0x13, 
	0x04, 0x00, 0x00, 0x93, 0x04, 0x00, 0x00, 0x13, 0x05, 0x00, 0x00, 
	0x93, 0x05, 0x00, 0x00, 0x13, 0x06, 0x00, 0x00, 0x93, 0x06, 0x00, 
	0x00, 0x13, 0x07, 0x00, 0x00, 0x93, 0x07, 0x00, 0x00, 0x13, 0x08, 
	0x00, 0x00, 0x93, 0x08, 0x00, 0x00, 0x13, 0x09, 0x00, 0x00, 0x93, 
	0x09, 0x00, 0x00, 0x13, 0x0a, 0x00, 0x00, 0x93, 0x0a, 0x00, 0x00, 
	0x13, 0x0b, 0x00, 0x00, 0x93, 0x0b, 0x00, 0x00, 0x13, 0x0c, 0x00, 
	0x00, 0x93, 0x0c, 0x00, 0x00, 0x13, 0x0d, 0x00, 0x00, 0x93, 0x0d, 
	0x00, 0x00, 0x13, 0x0e, 0x00, 0x00, 0x93, 0x0e, 0x00, 0x00, 0x13, 
	0x0f, 0x00, 0x00, 0x93, 0x0f, 0x00, 0x00, 0xb7, 0xe2, 0x01, 0x00, 
	0x93, 0x82, 0x02, 0x60, 0x73, 0xa0, 0x02, 0x30, 0x93, 0x02, 0x10, 
	0x00, 0x93, 0x92, 0xf2, 0x01, 0x63, 0xca, 0x02, 0x00, 0x13, 0x05, 
	0x10, 0x00, 0x97, 0x12, 0x00, 0x00, 0x23, 0xa4, 0xa2, 0xf6, 0x6f, 
	0xf0, 0x5f, 0xff, 0x97, 0x02, 0x00, 0x00, 0x93, 0x82, 0x82, 0x03, 
	0x73, 0x90, 0x52, 0x30, 0x97, 0x51, 0x00, 0x00, 0x93, 0x81, 0x41, 
	0xe0, 0x13, 0x82, 0xf1, 0x84, 0x13, 0x72, 0x02, 0xfc, 0x73, 0x25, 
	0x40, 0xf1, 0x13, 0x01, 0x15, 0x00, 0x13, 0x11, 0x11, 0x01, 0x33, 
	0x01, 0x41, 0x00, 0x13, 0x16, 0x15, 0x01, 0x33, 0x02, 0xc2, 0x00, 
	0x6f, 0x20, 0x10, 0x1b, 0x13, 0x01, 0x01, 0xef, 0x23, 0x22, 0x11, 
	0x00, 0x23, 0x24, 0x21, 0x00, 0x23, 0x26, 0x31, 0x00, 0x23, 0x28, 
	0x41, 0x00, 0x23, 0x2a, 0x51, 0x00, 0x23, 0x2c, 0x61, 0x00, 0x23, 
	0x2e, 0x71, 0x00, 0x23, 0x20, 0x81, 0x02, 0x23, 0x22, 0x91, 0x02, 
	0x23, 0x24, 0xa1, 0x02, 0x23, 0x26, 0xb1, 0x02, 0x23, 0x28, 0xc1, 
	0x02, 0x23, 0x2a, 0xd1, 0x02, 0x23, 0x2c, 0xe1, 0x02, 0x23, 0x2e, 
	0xf1, 0x02, 0x23, 0x20, 0x01, 0x05, 0x23, 0x22, 0x11, 0x05, 0x23, 
	0x24, 0x21, 0x05, 0x23, 0x26, 0x31, 0x05, 0x23, 0x28, 0x41, 0x05, 
	0x23, 0x2a, 0x51, 0x05, 0x23, 0x2c, 0x61, 0x05, 0x23, 0x2e, 0x71, 
	0x05, 0x23, 0x20, 0x81, 0x07, 0x23, 0x22, 0x91, 0x07, 0x23, 0x24, 
	0xa1, 0x07, 0x23, 0x26, 0xb1, 0x07, 0x23, 0x28, 0xc1, 0x07, 0x23, 
	0x2a, 0xd1, 0x07, 0x23, 0x2c, 0xe1, 0x07, 0x23, 0x2e, 0xf1, 0x07, 
	0x73, 0x25, 0x20, 0x34, 0xf3, 0x25, 0x10, 0x34, 0x13, 0x06, 0x01, 
	0x00, 0xef, 0x20, 0xc0, 0x60, 0x73, 0x10, 0x15, 0x34, 0xb7, 0x22, 
	0x00, 0x00, 0x93, 0x82, 0x02, 0x80, 0x73, 0xa0, 0x02, 0x30, 0x83, 
	0x20, 0x41, 0x00, 0x03, 0x21, 0x81, 0x00, 0x83, 0x21, 0xc1, 0x00, 
	0x03, 0x22, 0x01, 0x01, 0x83, 0x22, 0x41, 0x01, 0x03, 0x23, 0x81, 
	0x01, 0x83, 0x23, 0xc1, 0x01, 0x03, 0x24, 0x01, 0x02, 0x83, 0x24, 
	0x41, 0x02, 0x03, 0x25, 0x81, 0x02, 0x83, 0x25, 0xc1, 0x02, 0x03, 
	0x26, 0x01, 0x03, 0x83, 0x26, 0x41, 0x03, 0x03, 0x27, 0x81, 0x03, 
	0x83, 0x27, 0xc1, 0x03, 0x03, 0x28, 0x01, 0x04, 0x83, 0x28, 0x41, 
	0x04, 0x03, 0x29, 0x81, 0x04, 0x83, 0x29, 0xc1, 0x04, 0x03, 0x2a, 
	0x01, 0x05, 0x83, 0x2a, 0x41, 0x05, 0x03, 0x2b, 0x81, 0x05, 0x83, 
	0x2b, 0xc1, 0x05, 0x03, 0x2c, 0x01, 0x06, 0x83, 0x2c, 0x41, 0x06, 
	0x03, 0x2d, 0x81, 0x06, 0x83, 0x2d, 0xc1, 0x06, 0x03, 0x2e, 0x01, 
	0x07, 0x83, 0x2e, 0x41, 0x07, 0x03, 0x2f, 0x81, 0x07, 0x83, 0x2f, 
	0xc1, 0x07, 0x13, 0x01, 0x01, 0x11, 0x73, 0x00, 0x20, 0x30, 0x00, 
	0x00, 0x00, 0x00, 0x00, 0x00, 0x00, 0x00, 0x00, 0x00, 0x00, 0x00, 
	0x00, 0x00, 0x00, 0x00, 0x00, 0x00, 0x00, 0x00, 0x00, 0x00, 0x00, 
	0x00, 0x00, 0x00, 0x00, 0x00, 0x00, 0x00, 0x00, 0x00, 0x00, 0x00, 
	0x00, 0x00, 0x00, 0x00, 0x00, 0x00, 0x00, 0x00, 0x00, 0x00, 0x00, 
	0x00, 0x00, 0x00, 0x00, 0x00, 0x00, 0x00, 0x00, 0x00, 0x00, 0x00, 
	0x00, 0x00, 0x00, 0x00, 0x00, 0x00, 0x00, 0x00, 0x00, 0x00, 0x00, 
	0x00, 0x00, 0x00, 0x00, 0x00, 0x00, 0x00, 0x00, 0x00, 0x00, 0x00, 
	0x00, 0x00, 0x00, 0x00, 0x00, 0x00, 0x00, 0x00, 0x00, 0x00, 0x00, 
	0x00, 0x00, 0x00, 0x00, 0x00, 0x00, 0x00, 0x00, 0x00, 0x00, 0x00, 
	0x00, 0x00, 0x00, 0x00, 0x00, 0x00, 0x00, 0x00, 0x00, 0x00, 0x00, 
	0x00, 0x00, 0x00, 0x00, 0x00, 0x00, 0x00, 0x00, 0x00, 0x00, 0x00, 
	0x00, 0x00, 0x00, 0x00, 0x00, 0x00, 0x00, 0x00, 0x00, 0x00, 0x00, 
	0x00, 0x00, 0x00, 0x00, 0x00, 0x00, 0x00, 0x00, 0x00, 0x00, 0x00, 
	0x00, 0x00, 0x00, 0x00, 0x00, 0x00, 0x00, 0x00, 0x00, 0x00, 0x00, 
	0x00, 0x00, 0x00, 0x00, 0x00, 0x00, 0x00, 0x00, 0x00, 0x00, 0x00, 
	0x00, 0x00, 0x00, 0x00, 0x00, 0x00, 0x00, 0x00, 0x00, 0x00, 0x00, 
	0x00, 0x00, 0x00, 0x00, 0x00, 0x00, 0x00, 0x00, 0x00, 0x00, 0x00, 
	0x00, 0x00, 0x00, 0x00, 0x00, 0x00, 0x00, 0x00, 0x00, 0x00, 0x00, 
	0x00, 0x00, 0x00, 0x00, 0x00, 0x00, 0x00, 0x00, 0x00, 0x00, 0x00, 
	0x00, 0x00, 0x00, 0x00, 0x00, 0x00, 0x00, 0x00, 0x00, 0x00, 0x00, 
	0x00, 0x00, 0x00, 0x00, 0x00, 0x00, 0x00, 0x00, 0x00, 0x00, 0x00, 
	0x00, 0x00, 0x00, 0x00, 0x00, 0x00, 0x00, 0x00, 0x00, 0x00, 0x00, 
	0x00, 0x00, 0x00, 0x00, 0x00, 0x00, 0x00, 0x00, 0x00, 0x00, 0x00, 
	0x00, 0x00, 0x00, 0x00, 0x00, 0x00, 0x00, 0x00, 0x00, 0x00, 0x00, 
	0x00, 0x00, 0x00, 0x00, 0x00, 0x00, 0x00, 0x00, 0x00, 0x00, 0x00, 
	0x00, 0x00, 0x00, 0x00, 0x00, 0x00, 0x00, 0x00, 0x00, 0x00, 0x00, 
	0x00, 0x00, 0x00, 0x00, 0x00, 0x00, 0x00, 0x00, 0x00, 0x00, 0x00, 
	0x00, 0x00, 0x00, 0x00, 0x00, 0x00, 0x00, 0x00, 0x00, 0x00, 0x00, 
	0x00, 0x00, 0x00, 0x00, 0x00, 0x00, 0x00, 0x00, 0x00, 0x00, 0x00, 
	0x00, 0x00, 0x00, 0x00, 0x00, 0x00, 0x00, 0x00, 0x00, 0x00, 0x00, 
	0x00, 0x00, 0x00, 0x00, 0x00, 0x00, 0x00, 0x00, 0x00, 0x00, 0x00, 
	0x00, 0x00, 0x00, 0x00, 0x00, 0x00, 0x00, 0x00, 0x00, 0x00, 0x00, 
	0x00, 0x00, 0x00, 0x00, 0x00, 0x00, 0x00, 0x00, 0x00, 0x00, 0x00, 
	0x00, 0x00, 0x00, 0x00, 0x00, 0x00, 0x00, 0x00, 0x00, 0x00, 0x00, 
	0x00, 0x00, 0x00, 0x00, 0x00, 0x00, 0x00, 0x00, 0x00, 0x00, 0x00, 
	0x00, 0x00, 0x00, 0x00, 0x00, 0x00, 0x00, 0x00, 0x00, 0x00, 0x00, 
	0x00, 0x00, 0x00, 0x00, 0x00, 0x00, 0x00, 0x00, 0x00, 0x00, 0x00, 
	0x00, 0x00, 0x00, 0x00, 0x00, 0x00, 0x00, 0x00, 0x00, 0x00, 0x00, 
	0x00, 0x00, 0x00, 0x00, 0x00, 0x00, 0x00, 0x00, 0x00, 0x00, 0x00, 
	0x00, 0x00, 0x00, 0x00, 0x00, 0x00, 0x00, 0x00, 0x00, 0x00, 0x00, 
	0x00, 0x00, 0x00, 0x00, 0x00, 0x00, 0x00, 0x00, 0x00, 0x00, 0x00, 
	0x00, 0x00, 0x00, 0x00, 0x00, 0x00, 0x00, 0x00, 0x00, 0x00, 0x00, 
	0x00, 0x00, 0x00, 0x00, 0x00, 0x00, 0x00, 0x00, 0x00, 0x00, 0x00, 
	0x00, 0x00, 0x00, 0x00, 0x00, 0x00, 0x00, 0x00, 0x00, 0x00, 0x00, 
	0x00, 0x00, 0x00, 0x00, 0x00, 0x00, 0x00, 0x00, 0x00, 0x00, 0x00, 
	0x00, 0x00, 0x00, 0x00, 0x00, 0x00, 0x00, 0x00, 0x00, 0x00, 0x00, 
	0x00, 0x00, 0x00, 0x00, 0x00, 0x00, 0x00, 0x00, 0x00, 0x00, 0x00, 
	0x00, 0x00, 0x00, 0x00, 0x00, 0x00, 0x00, 0x00, 0x00, 0x00, 0x00, 
	0x00, 0x00, 0x00, 0x00, 0x00, 0x00, 0x00, 0x00, 0x00, 0x00, 0x00, 
	0x00, 0x00, 0x00, 0x00, 0x00, 0x00, 0x00, 0x00, 0x00, 0x00, 0x00, 
	0x00, 0x00, 0x00, 0x00, 0x00, 0x00, 0x00, 0x00, 0x00, 0x00, 0x00, 
	0x00, 0x00, 0x00, 0x00, 0x00, 0x00, 0x00, 0x00, 0x00, 0x00, 0x00, 
	0x00, 0x00, 0x00, 0x00, 0x00, 0x00, 0x00, 0x00, 0x00, 0x00, 0x00, 
	0x00, 0x00, 0x00, 0x00, 0x00, 0x00, 0x00, 0x00, 0x00, 0x00, 0x00, 
	0x00, 0x00, 0x00, 0x00, 0x00, 0x00, 0x00, 0x00, 0x00, 0x00, 0x00, 
	0x00, 0x00, 0x00, 0x00, 0x00, 0x00, 0x00, 0x00, 0x00, 0x00, 0x00, 
	0x00, 0x00, 0x00, 0x00, 0x00, 0x00, 0x00, 0x00, 0x00, 0x00, 0x00, 
	0x00, 0x00, 0x00, 0x00, 0x00, 0x00, 0x00, 0x00, 0x00, 0x00, 0x00, 
	0x00, 0x00, 0x00, 0x00, 0x00, 0x00, 0x00, 0x00, 0x00, 0x00, 0x00, 
	0x00, 0x00, 0x00, 0x00, 0x00, 0x00, 0x00, 0x00, 0x00, 0x00, 0x00, 
	0x00, 0x00, 0x00, 0x00, 0x00, 0x00, 0x00, 0x00, 0x00, 0x00, 0x00, 
	0x00, 0x00, 0x00, 0x00, 0x00, 0x00, 0x00, 0x00, 0x00, 0x00, 0x00, 
	0x00, 0x00, 0x00, 0x00, 0x00, 0x00, 0x00, 0x00, 0x00, 0x00, 0x00, 
	0x00, 0x00, 0x00, 0x00, 0x00, 0x00, 0x00, 0x00, 0x00, 0x00, 0x00, 
	0x00, 0x00, 0x00, 0x00, 0x00, 0x00, 0x00, 0x00, 0x00, 0x00, 0x00, 
	0x00, 0x00, 0x00, 0x00, 0x00, 0x00, 0x00, 0x00, 0x00, 0x00, 0x00, 
	0x00, 0x00, 0x00, 0x00, 0x00, 0x00, 0x00, 0x00, 0x00, 0x00, 0x00, 
	0x00, 0x00, 0x00, 0x00, 0x00, 0x00, 0x00, 0x00, 0x00, 0x00, 0x00, 
	0x00, 0x00, 0x00, 0x00, 0x00, 0x00, 0x00, 0x00, 0x00, 0x00, 0x00, 
	0x00, 0x00, 0x00, 0x00, 0x00, 0x00, 0x00, 0x00, 0x00, 0x00, 0x00, 
	0x00, 0x00, 0x00, 0x00, 0x00, 0x00, 0x00, 0x00, 0x00, 0x00, 0x00, 
	0x00, 0x00, 0x00, 0x00, 0x00, 0x00, 0x00, 0x00, 0x00, 0x00, 0x00, 
	0x00, 0x00, 0x00, 0x00, 0x00, 0x00, 0x00, 0x00, 0x00, 0x00, 0x00, 
	0x00, 0x00, 0x00, 0x00, 0x00, 0x00, 0x00, 0x00, 0x00, 0x00, 0x00, 
	0x00, 0x00, 0x00, 0x00, 0x00, 0x00, 0x00, 0x00, 0x00, 0x00, 0x00, 
	0x00, 0x00, 0x00, 0x00, 0x00, 0x00, 0x00, 0x00, 0x00, 0x00, 0x00, 
	0x00, 0x00, 0x00, 0x00, 0x00, 0x00, 0x00, 0x00, 0x00, 0x00, 0x00, 
	0x00, 0x00, 0x00, 0x00, 0x00, 0x00, 0x00, 0x00, 0x00, 0x00, 0x00, 
	0x00, 0x00, 0x00, 0x00, 0x00, 0x00, 0x00, 0x00, 0x00, 0x00, 0x00, 
	0x00, 0x00, 0x00, 0x00, 0x00, 0x00, 0x00, 0x00, 0x00, 0x00, 0x00, 
	0x00, 0x00, 0x00, 0x00, 0x00, 0x00, 0x00, 0x00, 0x00, 0x00, 0x00, 
	0x00, 0x00, 0x00, 0x00, 0x00, 0x00, 0x00, 0x00, 0x00, 0x00, 0x00, 
	0x00, 0x00, 0x00, 0x00, 0x00, 0x00, 0x00, 0x00, 0x00, 0x00, 0x00, 
	0x00, 0x00, 0x00, 0x00, 0x00, 0x00, 0x00, 0x00, 0x00, 0x00, 0x00, 
	0x00, 0x00, 0x00, 0x00, 0x00, 0x00, 0x00, 0x00, 0x00, 0x00, 0x00, 
	0x00, 0x00, 0x00, 0x00, 0x00, 0x00, 0x00, 0x00, 0x00, 0x00, 0x00, 
	0x00, 0x00, 0x00, 0x00, 0x00, 0x00, 0x00, 0x00, 0x00, 0x00, 0x00, 
	0x00, 0x00, 0x00, 0x00, 0x00, 0x00, 0x00, 0x00, 0x00, 0x00, 0x00, 
	0x00, 0x00, 0x00, 0x00, 0x00, 0x00, 0x00, 0x00, 0x00, 0x00, 0x00, 
	0x00, 0x00, 0x00, 0x00, 0x00, 0x00, 0x00, 0x00, 0x00, 0x00, 0x00, 
	0x00, 0x00, 0x00, 0x00, 0x00, 0x00, 0x00, 0x00, 0x00, 0x00, 0x00, 
	0x00, 0x00, 0x00, 0x00, 0x00, 0x00, 0x00, 0x00, 0x00, 0x00, 0x00, 
	0x00, 0x00, 0x00, 0x00, 0x00, 0x00, 0x00, 0x00, 0x00, 0x00, 0x00, 
	0x00, 0x00, 0x00, 0x00, 0x00, 0x00, 0x00, 0x00, 0x00, 0x00, 0x00, 
	0x00, 0x00, 0x00, 0x00, 0x00, 0x00, 0x00, 0x00, 0x00, 0x00, 0x00, 
	0x00, 0x00, 0x00, 0x00, 0x00, 0x00, 0x00, 0x00, 0x00, 0x00, 0x00, 
	0x00, 0x00, 0x00, 0x00, 0x00, 0x00, 0x00, 0x00, 0x00, 0x00, 0x00, 
	0x00, 0x00, 0x00, 0x00, 0x00, 0x00, 0x00, 0x00, 0x00, 0x00, 0x00, 
	0x00, 0x00, 0x00, 0x00, 0x00, 0x00, 0x00, 0x00, 0x00, 0x00, 0x00, 
	0x00, 0x00, 0x00, 0x00, 0x00, 0x00, 0x00, 0x00, 0x00, 0x00, 0x00, 
	0x00, 0x00, 0x00, 0x00, 0x00, 0x00, 0x00, 0x00, 0x00, 0x00, 0x00, 
	0x00, 0x00, 0x00, 0x00, 0x00, 0x00, 0x00, 0x00, 0x00, 0x00, 0x00, 
	0x00, 0x00, 0x00, 0x00, 0x00, 0x00, 0x00, 0x00, 0x00, 0x00, 0x00, 
	0x00, 0x00, 0x00, 0x00, 0x00, 0x00, 0x00, 0x00, 0x00, 0x00, 0x00, 
	0x00, 0x00, 0x00, 0x00, 0x00, 0x00, 0x00, 0x00, 0x00, 0x00, 0x00, 
	0x00, 0x00, 0x00, 0x00, 0x00, 0x00, 0x00, 0x00, 0x00, 0x00, 0x00, 
	0x00, 0x00, 0x00, 0x00, 0x00, 0x00, 0x00, 0x00, 0x00, 0x00, 0x00, 
	0x00, 0x00, 0x00, 0x00, 0x00, 0x00, 0x00, 0x00, 0x00, 0x00, 0x00, 
	0x00, 0x00, 0x00, 0x00, 0x00, 0x00, 0x00, 0x00, 0x00, 0x00, 0x00, 
	0x00, 0x00, 0x00, 0x00, 0x00, 0x00, 0x00, 0x00, 0x00, 0x00, 0x00, 
	0x00, 0x00, 0x00, 0x00, 0x00, 0x00, 0x00, 0x00, 0x00, 0x00, 0x00, 
	0x00, 0x00, 0x00, 0x00, 0x00, 0x00, 0x00, 0x00, 0x00, 0x00, 0x00, 
	0x00, 0x00, 0x00, 0x00, 0x00, 0x00, 0x00, 0x00, 0x00, 0x00, 0x00, 
	0x00, 0x00, 0x00, 0x00, 0x00, 0x00, 0x00, 0x00, 0x00, 0x00, 0x00, 
	0x00, 0x00, 0x00, 0x00, 0x00, 0x00, 0x00, 0x00, 0x00, 0x00, 0x00, 
	0x00, 0x00, 0x00, 0x00, 0x00, 0x00, 0x00, 0x00, 0x00, 0x00, 0x00, 
	0x00, 0x00, 0x00, 0x00, 0x00, 0x00, 0x00, 0x00, 0x00, 0x00, 0x00, 
	0x00, 0x00, 0x00, 0x00, 0x00, 0x00, 0x00, 0x00, 0x00, 0x00, 0x00, 
	0x00, 0x00, 0x00, 0x00, 0x00, 0x00, 0x00, 0x00, 0x00, 0x00, 0x00, 
	0x00, 0x00, 0x00, 0x00, 0x00, 0x00, 0x00, 0x00, 0x00, 0x00, 0x00, 
	0x00, 0x00, 0x00, 0x00, 0x00, 0x00, 0x00, 0x00, 0x00, 0x00, 0x00, 
	0x00, 0x00, 0x00, 0x00, 0x00, 0x00, 0x00, 0x00, 0x00, 0x00, 0x00, 
	0x00, 0x00, 0x00, 0x00, 0x00, 0x00, 0x00, 0x00, 0x00, 0x00, 0x00, 
	0x00, 0x00, 0x00, 0x00, 0x00, 0x00, 0x00, 0x00, 0x00, 0x00, 0x00, 
	0x00, 0x00, 0x00, 0x00, 0x00, 0x00, 0x00, 0x00, 0x00, 0x00, 0x00, 
	0x00, 0x00, 0x00, 0x00, 0x00, 0x00, 0x00, 0x00, 0x00, 0x00, 0x00, 
	0x00, 0x00, 0x00, 0x00, 0x00, 0x00, 0x00, 0x00, 0x00, 0x00, 0x00, 
	0x00, 0x00, 0x00, 0x00, 0x00, 0x00, 0x00, 0x00, 0x00, 0x00, 0x00, 
	0x00, 0x00, 0x00, 0x00, 0x00, 0x00, 0x00, 0x00, 0x00, 0x00, 0x00, 
	0x00, 0x00, 0x00, 0x00, 0x00, 0x00, 0x00, 0x00, 0x00, 0x00, 0x00, 
	0x00, 0x00, 0x00, 0x00, 0x00, 0x00, 0x00, 0x00, 0x00, 0x00, 0x00, 
	0x00, 0x00, 0x00, 0x00, 0x00, 0x00, 0x00, 0x00, 0x00, 0x00, 0x00, 
	0x00, 0x00, 0x00, 0x00, 0x00, 0x00, 0x00, 0x00, 0x00, 0x00, 0x00, 
	0x00, 0x00, 0x00, 0x00, 0x00, 0x00, 0x00, 0x00, 0x00, 0x00, 0x00, 
	0x00, 0x00, 0x00, 0x00, 0x00, 0x00, 0x00, 0x00, 0x00, 0x00, 0x00, 
	0x00, 0x00, 0x00, 0x00, 0x00, 0x00, 0x00, 0x00, 0x00, 0x00, 0x00, 
	0x00, 0x00, 0x00, 0x00, 0x00, 0x00, 0x00, 0x00, 0x00, 0x00, 0x00, 
	0x00, 0x00, 0x00, 0x00, 0x00, 0x00, 0x00, 0x00, 0x00, 0x00, 0x00, 
	0x00, 0x00, 0x00, 0x00, 0x00, 0x00, 0x00, 0x00, 0x00, 0x00, 0x00, 
	0x00, 0x00, 0x00, 0x00, 0x00, 0x00, 0x00, 0x00, 0x00, 0x00, 0x00, 
	0x00, 0x00, 0x00, 0x00, 0x00, 0x00, 0x00, 0x00, 0x00, 0x00, 0x00, 
	0x00, 0x00, 0x00, 0x00, 0x00, 0x00, 0x00, 0x00, 0x00, 0x00, 0x00, 
	0x00, 0x00, 0x00, 0x00, 0x00, 0x00, 0x00, 0x00, 0x00, 0x00, 0x00, 
	0x00, 0x00, 0x00, 0x00, 0x00, 0x00, 0x00, 0x00, 0x00, 0x00, 0x00, 
	0x00, 0x00, 0x00, 0x00, 0x00, 0x00, 0x00, 0x00, 0x00, 0x00, 0x00, 
	0x00, 0x00, 0x00, 0x00, 0x00, 0x00, 0x00, 0x00, 0x00, 0x00, 0x00, 
	0x00, 0x00, 0x00, 0x00, 0x00, 0x00, 0x00, 0x00, 0x00, 0x00, 0x00, 
	0x00, 0x00, 0x00, 0x00, 0x00, 0x00, 0x00, 0x00, 0x00, 0x00, 0x00, 
	0x00, 0x00, 0x00, 0x00, 0x00, 0x00, 0x00, 0x00, 0x00, 0x00, 0x00, 
	0x00, 0x00, 0x00, 0x00, 0x00, 0x00, 0x00, 0x00, 0x00, 0x00, 0x00, 
	0x00, 0x00, 0x00, 0x00, 0x00, 0x00, 0x00, 0x00, 0x00, 0x00, 0x00, 
	0x00, 0x00, 0x00, 0x00, 0x00, 0x00, 0x00, 0x00, 0x00, 0x00, 0x00, 
	0x00, 0x00, 0x00, 0x00, 0x00, 0x00, 0x00, 0x00, 0x00, 0x00, 0x00, 
	0x00, 0x00, 0x00, 0x00, 0x00, 0x00, 0x00, 0x00, 0x00, 0x00, 0x00, 
	0x00, 0x00, 0x00, 0x00, 0x00, 0x00, 0x00, 0x00, 0x00, 0x00, 0x00, 
	0x00, 0x00, 0x00, 0x00, 0x00, 0x00, 0x00, 0x00, 0x00, 0x00, 0x00, 
	0x00, 0x00, 0x00, 0x00, 0x00, 0x00, 0x00, 0x00, 0x00, 0x00, 0x00, 
	0x00, 0x00, 0x00, 0x00, 0x00, 0x00, 0x00, 0x00, 0x00, 0x00, 0x00, 
	0x00, 0x00, 0x00, 0x00, 0x00, 0x00, 0x00, 0x00, 0x00, 0x00, 0x00, 
	0x00, 0x00, 0x00, 0x00, 0x00, 0x00, 0x00, 0x00, 0x00, 0x00, 0x00, 
	0x00, 0x00, 0x00, 0x00, 0x00, 0x00, 0x00, 0x00, 0x00, 0x00, 0x00, 
	0x00, 0x00, 0x00, 0x00, 0x00, 0x00, 0x00, 0x00, 0x00, 0x00, 0x00, 
	0x00, 0x00, 0x00, 0x00, 0x00, 0x00, 0x00, 0x00, 0x00, 0x00, 0x00, 
	0x00, 0x00, 0x00, 0x00, 0x00, 0x00, 0x00, 0x00, 0x00, 0x00, 0x00, 
	0x00, 0x00, 0x00, 0x00, 0x00, 0x00, 0x00, 0x00, 0x00, 0x00, 0x00, 
	0x00, 0x00, 0x00, 0x00, 0x00, 0x00, 0x00, 0x00, 0x00, 0x00, 0x00, 
	0x00, 0x00, 0x00, 0x00, 0x00, 0x00, 0x00, 0x00, 0x00, 0x00, 0x00, 
	0x00, 0x00, 0x00, 0x00, 0x00, 0x00, 0x00, 0x00, 0x00, 0x00, 0x00, 
	0x00, 0x00, 0x00, 0x00, 0x00, 0x00, 0x00, 0x00, 0x00, 0x00, 0x00, 
	0x00, 0x00, 0x00, 0x00, 0x00, 0x00, 0x00, 0x00, 0x00, 0x00, 0x00, 
	0x00, 0x00, 0x00, 0x00, 0x00, 0x00, 0x00, 0x00, 0x00, 0x00, 0x00, 
	0x00, 0x00, 0x00, 0x00, 0x00, 0x00, 0x00, 0x00, 0x00, 0x00, 0x00, 
	0x00, 0x00, 0x00, 0x00, 0x00, 0x00, 0x00, 0x00, 0x00, 0x00, 0x00, 
	0x00, 0x00, 0x00, 0x00, 0x00, 0x00, 0x00, 0x00, 0x00, 0x00, 0x00, 
	0x00, 0x00, 0x00, 0x00, 0x00, 0x00, 0x00, 0x00, 0x00, 0x00, 0x00, 
	0x00, 0x00, 0x00, 0x00, 0x00, 0x00, 0x00, 0x00, 0x00, 0x00, 0x00, 
	0x00, 0x00, 0x00, 0x00, 0x00, 0x00, 0x00, 0x00, 0x00, 0x00, 0x00, 
	0x00, 0x00, 0x00, 0x00, 0x00, 0x00, 0x00, 0x00, 0x00, 0x00, 0x00, 
	0x00, 0x00, 0x00, 0x00, 0x00, 0x00, 0x00, 0x00, 0x00, 0x00, 0x00, 
	0x00, 0x00, 0x00, 0x00, 0x00, 0x00, 0x00, 0x00, 0x00, 0x00, 0x00, 
	0x00, 0x00, 0x00, 0x00, 0x00, 0x00, 0x00, 0x00, 0x00, 0x00, 0x00, 
	0x00, 0x00, 0x00, 0x00, 0x00, 0x00, 0x00, 0x00, 0x00, 0x00, 0x00, 
	0x00, 0x00, 0x00, 0x00, 0x00, 0x00, 0x00, 0x00, 0x00, 0x00, 0x00, 
	0x00, 0x00, 0x00, 0x00, 0x00, 0x00, 0x00, 0x00, 0x00, 0x00, 0x00, 
	0x00, 0x00, 0x00, 0x00, 0x00, 0x00, 0x00, 0x00, 0x00, 0x00, 0x00, 
	0x00, 0x00, 0x00, 0x00, 0x00, 0x00, 0x00, 0x00, 0x00, 0x00, 0x00, 
	0x00, 0x00, 0x00, 0x00, 0x00, 0x00, 0x00, 0x00, 0x00, 0x00, 0x00, 
	0x00, 0x00, 0x00, 0x00, 0x00, 0x00, 0x00, 0x00, 0x00, 0x00, 0x00, 
	0x00, 0x00, 0x00, 0x00, 0x00, 0x00, 0x00, 0x00, 0x00, 0x00, 0x00, 
	0x00, 0x00, 0x00, 0x00, 0x00, 0x00, 0x00, 0x00, 0x00, 0x00, 0x00, 
	0x00, 0x00, 0x00, 0x00, 0x00, 0x00, 0x00, 0x00, 0x00, 0x00, 0x00, 
	0x00, 0x00, 0x00, 0x00, 0x00, 0x00, 0x00, 0x00, 0x00, 0x00, 0x00, 
	0x00, 0x00, 0x00, 0x00, 0x00, 0x00, 0x00, 0x00, 0x00, 0x00, 0x00, 
	0x00, 0x00, 0x00, 0x00, 0x00, 0x00, 0x00, 0x00, 0x00, 0x00, 0x00, 
	0x00, 0x00, 0x00, 0x00, 0x00, 0x00, 0x00, 0x00, 0x00, 0x00, 0x00, 
	0x00, 0x00, 0x00, 0x00, 0x00, 0x00, 0x00, 0x00, 0x00, 0x00, 0x00, 
	0x00, 0x00, 0x00, 0x00, 0x00, 0x00, 0x00, 0x00, 0x00, 0x00, 0x00, 
	0x00, 0x00, 0x00, 0x00, 0x00, 0x00, 0x00, 0x00, 0x00, 0x00, 0x00, 
	0x00, 0x00, 0x00, 0x00, 0x00, 0x00, 0x00, 0x00, 0x00, 0x00, 0x00, 
	0x00, 0x00, 0x00, 0x00, 0x00, 0x00, 0x00, 0x00, 0x00, 0x00, 0x00, 
	0x00, 0x00, 0x00, 0x00, 0x00, 0x00, 0x00, 0x00, 0x00, 0x00, 0x00, 
	0x00, 0x00, 0x00, 0x00, 0x00, 0x00, 0x00, 0x00, 0x00, 0x00, 0x00, 
	0x00, 0x00, 0x00, 0x00, 0x00, 0x00, 0x00, 0x00, 0x00, 0x00, 0x00, 
	0x00, 0x00, 0x00, 0x00, 0x00, 0x00, 0x00, 0x00, 0x00, 0x00, 0x00, 
	0x00, 0x00, 0x00, 0x00, 0x00, 0x00, 0x00, 0x00, 0x00, 0x00, 0x00, 
	0x00, 0x00, 0x00, 0x00, 0x00, 0x00, 0x00, 0x00, 0x00, 0x00, 0x00, 
	0x00, 0x00, 0x00, 0x00, 0x00, 0x00, 0x00, 0x00, 0x00, 0x00, 0x00, 
	0x00, 0x00, 0x00, 0x00, 0x00, 0x00, 0x00, 0x00, 0x00, 0x00, 0x00, 
	0x00, 0x00, 0x00, 0x00, 0x00, 0x00, 0x00, 0x00, 0x00, 0x00, 0x00, 
	0x00, 0x00, 0x00, 0x00, 0x00, 0x00, 0x00, 0x00, 0x00, 0x00, 0x00, 
	0x00, 0x00, 0x00, 0x00, 0x00, 0x00, 0x00, 0x00, 0x00, 0x00, 0x00, 
	0x00, 0x00, 0x00, 0x00, 0x00, 0x00, 0x00, 0x00, 0x00, 0x00, 0x00, 
	0x00, 0x00, 0x00, 0x00, 0x00, 0x00, 0x00, 0x00, 0x00, 0x00, 0x00, 
	0x00, 0x00, 0x00, 0x00, 0x00, 0x00, 0x00, 0x00, 0x00, 0x00, 0x00, 
	0x00, 0x00, 0x00, 0x00, 0x00, 0x00, 0x00, 0x00, 0x00, 0x00, 0x00, 
	0x00, 0x00, 0x00, 0x00, 0x00, 0x00, 0x00, 0x00, 0x00, 0x00, 0x00, 
	0x00, 0x00, 0x00, 0x00, 0x00, 0x00, 0x00, 0x00, 0x00, 0x00, 0x00, 
	0x00, 0x00, 0x00, 0x00, 0x00, 0x00, 0x00, 0x00, 0x00, 0x00, 0x00, 
	0x00, 0x00, 0x00, 0x00, 0x00, 0x00, 0x00, 0x00, 0x00, 0x00, 0x00, 
	0x00, 0x00, 0x00, 0x00, 0x00, 0x00, 0x00, 0x00, 0x00, 0x00, 0x00, 
	0x00, 0x00, 0x00, 0x00, 0x00, 0x00, 0x00, 0x00, 0x00, 0x00, 0x00, 
	0x00, 0x00, 0x00, 0x00, 0x00, 0x00, 0x00, 0x00, 0x00, 0x00, 0x00, 
	0x00, 0x00, 0x00, 0x00, 0x00, 0x00, 0x00, 0x00, 0x00, 0x00, 0x00, 
	0x00, 0x00, 0x00, 0x00, 0x00, 0x00, 0x00, 0x00, 0x00, 0x00, 0x00, 
	0x00, 0x00, 0x00, 0x00, 0x00, 0x00, 0x00, 0x00, 0x00, 0x00, 0x00, 
	0x00, 0x00, 0x00, 0x00, 0x00, 0x00, 0x00, 0x00, 0x00, 0x00, 0x00, 
	0x00, 0x00, 0x00, 0x00, 0x00, 0x00, 0x00, 0x00, 0x00, 0x00, 0x00, 
	0x00, 0x00, 0x00, 0x00, 0x00, 0x00, 0x00, 0x00, 0x00, 0x00, 0x00, 
	0x00, 0x00, 0x00, 0x00, 0x00, 0x00, 0x00, 0x00, 0x00, 0x00, 0x00, 
	0x00, 0x00, 0x00, 0x00, 0x00, 0x00, 0x00, 0x00, 0x00, 0x00, 0x00, 
	0x00, 0x00, 0x00, 0x00, 0x00, 0x00, 0x00, 0x00, 0x00, 0x00, 0x00, 
	0x00, 0x00, 0x00, 0x00, 0x00, 0x00, 0x00, 0x00, 0x00, 0x00, 0x00, 
	0x00, 0x00, 0x00, 0x00, 0x00, 0x00, 0x00, 0x00, 0x00, 0x00, 0x00, 
	0x00, 0x00, 0x00, 0x00, 0x00, 0x00, 0x00, 0x00, 0x00, 0x00, 0x00, 
	0x00, 0x00, 0x00, 0x00, 0x00, 0x00, 0x00, 0x00, 0x00, 0x00, 0x00, 
	0x00, 0x00, 0x00, 0x00, 0x00, 0x00, 0x00, 0x00, 0x00, 0x00, 0x00, 
	0x00, 0x00, 0x00, 0x00, 0x00, 0x00, 0x00, 0x00, 0x00, 0x00, 0x00, 
	0x00, 0x00, 0x00, 0x00, 0x00, 0x00, 0x00, 0x00, 0x00, 0x00, 0x00, 
	0x00, 0x00, 0x00, 0x00, 0x00, 0x00, 0x00, 0x00, 0x00, 0x00, 0x00, 
	0x00, 0x00, 0x00, 0x00, 0x00, 0x00, 0x00, 0x00, 0x00, 0x00, 0x00, 
	0x00, 0x00, 0x00, 0x00, 0x00, 0x00, 0x00, 0x00, 0x00, 0x00, 0x00, 
	0x00, 0x00, 0x00, 0x00, 0x00, 0x00, 0x00, 0x00, 0x00, 0x00, 0x00, 
	0x00, 0x00, 0x00, 0x00, 0x00, 0x00, 0x00, 0x00, 0x00, 0x00, 0x00, 
	0x00, 0x00, 0x00, 0x00, 0x00, 0x00, 0x00, 0x00, 0x00, 0x00, 0x00, 
	0x00, 0x00, 0x00, 0x00, 0x00, 0x00, 0x00, 0x00, 0x00, 0x00, 0x00, 
	0x00, 0x00, 0x00, 0x00, 0x00, 0x00, 0x00, 0x00, 0x00, 0x00, 0x00, 
	0x00, 0x00, 0x00, 0x00, 0x00, 0x00, 0x00, 0x00, 0x00, 0x00, 0x00, 
	0x00, 0x00, 0x00, 0x00, 0x00, 0x00, 0x00, 0x00, 0x00, 0x00, 0x00, 
	0x00, 0x00, 0x00, 0x00, 0x00, 0x00, 0x00, 0x00, 0x00, 0x00, 0x00, 
	0x00, 0x00, 0x00, 0x00, 0x00, 0x00, 0x00, 0x00, 0x00, 0x00, 0x00, 
	0x00, 0x00, 0x00, 0x00, 0x00, 0x00, 0x00, 0x00, 0x00, 0x00, 0x00, 
	0x00, 0x00, 0x00, 0x00, 0x00, 0x00, 0x00, 0x00, 0x00, 0x00, 0x00, 
	0x00, 0x00, 0x00, 0x00, 0x00, 0x00, 0x00, 0x00, 0x00, 0x00, 0x00, 
	0x00, 0x00, 0x00, 0x00, 0x00, 0x00, 0x00, 0x00, 0x00, 0x00, 0x00, 
	0x00, 0x00, 0x00, 0x00, 0x00, 0x00, 0x00, 0x00, 0x00, 0x00, 0x00, 
	0x00, 0x00, 0x00, 0x00, 0x00, 0x00, 0x00, 0x00, 0x00, 0x00, 0x00, 
	0x00, 0x00, 0x00, 0x00, 0x00, 0x00, 0x00, 0x00, 0x00, 0x00, 0x00, 
	0x00, 0x00, 0x00, 0x00, 0x00, 0x00, 0x00, 0x00, 0x00, 0x00, 0x00, 
	0x00, 0x00, 0x00, 0x00, 0x00, 0x00, 0x00, 0x00, 0x00, 0x00, 0x00, 
	0x00, 0x00, 0x00, 0x00, 0x00, 0x00, 0x00, 0x00, 0x00, 0x00, 0x00, 
	0x00, 0x00, 0x00, 0x00, 0x00, 0x00, 0x00, 0x00, 0x00, 0x00, 0x00, 
	0x00, 0x00, 0x00, 0x00, 0x00, 0x00, 0x00, 0x00, 0x00, 0x00, 0x00, 
	0x00, 0x00, 0x00, 0x00, 0x00, 0x00, 0x00, 0x00, 0x00, 0x00, 0x00, 
	0x00, 0x00, 0x00, 0x00, 0x00, 0x00, 0x00, 0x00, 0x00, 0x00, 0x00, 
	0x00, 0x00, 0x00, 0x00, 0x00, 0x00, 0x00, 0x00, 0x00, 0x00, 0x00, 
	0x00, 0x00, 0x00, 0x00, 0x00, 0x00, 0x00, 0x00, 0x00, 0x00, 0x00, 
	0x00, 0x00, 0x00, 0x00, 0x00, 0x00, 0x00, 0x00, 0x00, 0x00, 0x00, 
	0x00, 0x00, 0x00, 0x00, 0x00, 0x00, 0x00, 0x00, 0x00, 0x00, 0x00, 
	0x00, 0x00, 0x00, 0x00, 0x00, 0x00, 0x00, 0x00, 0x00, 0x00, 0x00, 
	0x00, 0x00, 0x00, 0x00, 0x00, 0x00, 0x00, 0x00, 0x00, 0x00, 0x00, 
	0x00, 0x00, 0x00, 0x00, 0x00, 0x00, 0x00, 0x00, 0x00, 0x00, 0x00, 
	0x00, 0x00, 0x00, 0x00, 0x00, 0x00, 0x00, 0x00, 0x00, 0x00, 0x00, 
	0x00, 0x00, 0x00, 0x00, 0x00, 0x00, 0x00, 0x00, 0x00, 0x00, 0x00, 
	0x00, 0x00, 0x00, 0x00, 0x00, 0x00, 0x00, 0x00, 0x00, 0x00, 0x00, 
	0x00, 0x00, 0x00, 0x00, 0x00, 0x00, 0x00, 0x00, 0x00, 0x00, 0x00, 
	0x00, 0x00, 0x00, 0x00, 0x00, 0x00, 0x00, 0x00, 0x00, 0x00, 0x00, 
	0x00, 0x00, 0x00, 0x00, 0x00, 0x00, 0x00, 0x00, 0x00, 0x00, 0x00, 
	0x00, 0x00, 0x00, 0x00, 0x00, 0x00, 0x00, 0x00, 0x00, 0x00, 0x00, 
	0x00, 0x00, 0x00, 0x00, 0x00, 0x00, 0x00, 0x00, 0x00, 0x00, 0x00, 
	0x00, 0x00, 0x00, 0x00, 0x00, 0x00, 0x00, 0x00, 0x00, 0x00, 0x00, 
	0x00, 0x00, 0x00, 0x00, 0x00, 0x00, 0x00, 0x00, 0x00, 0x00, 0x00, 
	0x00, 0x00, 0x00, 0x00, 0x00, 0x00, 0x00, 0x00, 0x00, 0x00, 0x00, 
	0x00, 0x00, 0x00, 0x00, 0x00, 0x00, 0x00, 0x00, 0x00, 0x00, 0x00, 
	0x00, 0x00, 0x00, 0x00, 0x00, 0x00, 0x00, 0x00, 0x00, 0x00, 0x00, 
	0x00, 0x00, 0x00, 0x00, 0x00, 0x00, 0x00, 0x00, 0x00, 0x00, 0x00, 
	0x00, 0x00, 0x00, 0x00, 0x00, 0x00, 0x00, 0x00, 0x00, 0x00, 0x00, 
	0x00, 0x00, 0x00, 0x00, 0x00, 0x00, 0x00, 0x00, 0x00, 0x00, 0x00, 
	0x00, 0x00, 0x00, 0x00, 0x00, 0x00, 0x00, 0x00, 0x00, 0x00, 0x00, 
	0x00, 0x00, 0x00, 0x00, 0x00, 0x00, 0x00, 0x00, 0x00, 0x00, 0x00, 
	0x00, 0x00, 0x00, 0x00, 0x00, 0x00, 0x00, 0x00, 0x00, 0x00, 0x00, 
	0x00, 0x00, 0x00, 0x00, 0x00, 0x00, 0x00, 0x00, 0x00, 0x00, 0x00, 
	0x00, 0x00, 0x00, 0x00, 0x00, 0x00, 0x00, 0x00, 0x00, 0x00, 0x00, 
	0x00, 0x00, 0x00, 0x00, 0x00, 0x00, 0x00, 0x00, 0x00, 0x00, 0x00, 
	0x00, 0x00, 0x00, 0x00, 0x00, 0x00, 0x00, 0x00, 0x00, 0x00, 0x00, 
	0x00, 0x00, 0x00, 0x00, 0x00, 0x00, 0x00, 0x00, 0x00, 0x00, 0x00, 
	0x00, 0x00, 0x00, 0x00, 0x00, 0x00, 0x00, 0x00, 0x00, 0x00, 0x00, 
	0x00, 0x00, 0x00, 0x00, 0x00, 0x00, 0x00, 0x00, 0x00, 0x00, 0x00, 
	0x00, 0x00, 0x00, 0x00, 0x00, 0x00, 0x00, 0x00, 0x00, 0x00, 0x00, 
	0x00, 0x00, 0x00, 0x00, 0x00, 0x00, 0x00, 0x00, 0x00, 0x00, 0x00, 
	0x00, 0x00, 0x00, 0x00, 0x00, 0x00, 0x00, 0x00, 0x00, 0x00, 0x00, 
	0x00, 0x00, 0x00, 0x00, 0x00, 0x00, 0x00, 0x00, 0x00, 0x00, 0x00, 
	0x00, 0x00, 0x00, 0x00, 0x00, 0x00, 0x00, 0x00, 0x00, 0x00, 0x00, 
	0x00, 0x00, 0x00, 0x00, 0x00, 0x00, 0x00, 0x00, 0x00, 0x00, 0x00, 
	0x00, 0x00, 0x00, 0x00, 0x00, 0x00, 0x00, 0x00, 0x00, 0x00, 0x00, 
	0x00, 0x00, 0x00, 0x00, 0x00, 0x00, 0x00, 0x00, 0x00, 0x00, 0x00, 
	0x00, 0x00, 0x00, 0x00, 0x00, 0x00, 0x00, 0x00, 0x00, 0x00, 0x00, 
	0x00, 0x00, 0x00, 0x00, 0x00, 0x00, 0x00, 0x00, 0x00, 0x00, 0x00, 
	0x00, 0x00, 0x00, 0x00, 0x00, 0x00, 0x00, 0x00, 0x00, 0x00, 0x00, 
	0x00, 0x00, 0x00, 0x00, 0x00, 0x00, 0x00, 0x00, 0x00, 0x00, 0x00, 
	0x00, 0x00, 0x00, 0x00, 0x00, 0x00, 0x00, 0x00, 0x00, 0x00, 0x00, 
	0x00, 0x00, 0x00, 0x00, 0x00, 0x00, 0x00, 0x00, 0x00, 0x00, 0x00, 
	0x00, 0x00, 0x00, 0x00, 0x00, 0x00, 0x00, 0x00, 0x00, 0x00, 0x00, 
	0x00, 0x00, 0x00, 0x00, 0x00, 0x00, 0x00, 0x00, 0x00, 0x00, 0x00, 
	0x00, 0x00, 0x00, 0x00, 0x00, 0x00, 0x00, 0x00, 0x00, 0x00, 0x00, 
	0x00, 0x00, 0x00, 0x00, 0x00, 0x00, 0x00, 0x00, 0x00, 0x00, 0x00, 
	0x00, 0x00, 0x00, 0x00, 0x00, 0x00, 0x00, 0x00, 0x00, 0x00, 0x00, 
	0x00, 0x00, 0x00, 0x00, 0x00, 0x00, 0x00, 0x00, 0x00, 0x00, 0x00, 
	0x00, 0x00, 0x00, 0x00, 0x00, 0x00, 0x00, 0x00, 0x00, 0x00, 0x00, 
	0x00, 0x00, 0x00, 0x00, 0x00, 0x00, 0x00, 0x00, 0x00, 0x00, 0x00, 
	0x00, 0x00, 0x00, 0x00, 0x00, 0x00, 0x00, 0x00, 0x00, 0x00, 0x00, 
	0x00, 0x00, 0x00, 0x00, 0x00, 0x00, 0x00, 0x00, 0x00, 0x00, 0x00, 
	0x00, 0x00, 0x00, 0x00, 0x00, 0x00, 0x00, 0x00, 0x00, 0x00, 0x00, 
	0x00, 0x00, 0x00, 0x00, 0x00, 0x00, 0x00, 0x00, 0x00, 0x00, 0x00, 
	0x00, 0x00, 0x00, 0x00, 0x00, 0x00, 0x00, 0x00, 0x00, 0x00, 0x00, 
	0x00, 0x00, 0x00, 0x00, 0x00, 0x00, 0x00, 0x00, 0x00, 0x00, 0x00, 
	0x00, 0x00, 0x00, 0x00, 0x00, 0x00, 0x00, 0x00, 0x00, 0x00, 0x00, 
	0x00, 0x00, 0x00, 0x00, 0x00, 0x00, 0x00, 0x00, 0x00, 0x00, 0x00, 
	0x00, 0x00, 0x00, 0x00, 0x00, 0x00, 0x00, 0x00, 0x00, 0x00, 0x00, 
	0x00, 0x00, 0x00, 0x00, 0x00, 0x00, 0x00, 0x00, 0x00, 0x00, 0x00, 
	0x00, 0x00, 0x00, 0x00, 0x00, 0x00, 0x00, 0x00, 0x00, 0x00, 0x00, 
	0x00, 0x00, 0x00, 0x00, 0x00, 0x00, 0x00, 0x00, 0x00, 0x00, 0x00, 
	0x00, 0x00, 0x00, 0x00, 0x00, 0x00, 0x00, 0x00, 0x00, 0x00, 0x00, 
	0x00, 0x00, 0x00, 0x00, 0x00, 0x00, 0x00, 0x00, 0x00, 0x00, 0x00, 
	0x00, 0x00, 0x00, 0x00, 0x00, 0x00, 0x00, 0x00, 0x00, 0x00, 0x00, 
	0x00, 0x00, 0x00, 0x00, 0x00, 0x00, 0x00, 0x00, 0x00, 0x00, 0x00, 
	0x00, 0x00, 0x00, 0x00, 0x00, 0x00, 0x00, 0x00, 0x00, 0x00, 0x00, 
	0x00, 0x00, 0x00, 0x00, 0x00, 0x00, 0x00, 0x00, 0x00, 0x00, 0x00, 
	0x00, 0x00, 0x00, 0x00, 0x00, 0x00, 0x00, 0x00, 0x00, 0x00, 0x00, 
	0x00, 0x00, 0x00, 0x00, 0x00, 0x00, 0x00, 0x00, 0x00, 0x00, 0x00, 
	0x00, 0x00, 0x00, 0x00, 0x00, 0x00, 0x00, 0x00, 0x00, 0x00, 0x00, 
	0x00, 0x00, 0x00, 0x00, 0x00, 0x00, 0x00, 0x00, 0x00, 0x00, 0x00, 
	0x00, 0x00, 0x00, 0x00, 0x00, 0x00, 0x00, 0x00, 0x00, 0x00, 0x00, 
	0x00, 0x00, 0x00, 0x00, 0x00, 0x00, 0x00, 0x00, 0x00, 0x00, 0x00, 
	0x00, 0x00, 0x00, 0x00, 0x00, 0x00, 0x00, 0x00, 0x00, 0x00, 0x00, 
	0x00, 0x00, 0x00, 0x00, 0x00, 0x00, 0x00, 0x00, 0x00, 0x00, 0x00, 
	0x00, 0x00, 0x00, 0x00, 0x00, 0x00, 0x00, 0x00, 0x00, 0x00, 0x00, 
	0x00, 0x00, 0x00, 0x00, 0x00, 0x00, 0x00, 0x00, 0x00, 0x00, 0x00, 
	0x00, 0x00, 0x00, 0x00, 0x00, 0x00, 0x00, 0x00, 0x00, 0x00, 0x00, 
	0x00, 0x00, 0x00, 0x00, 0x00, 0x00, 0x00, 0x00, 0x00, 0x00, 0x00, 
	0x00, 0x00, 0x00, 0x00, 0x00, 0x00, 0x00, 0x00, 0x00, 0x00, 0x00, 
	0x00, 0x00, 0x00, 0x00, 0x00, 0x00, 0x00, 0x00, 0x00, 0x00, 0x00, 
	0x00, 0x00, 0x00, 0x00, 0x00, 0x00, 0x00, 0x00, 0x00, 0x00, 0x00, 
	0x00, 0x00, 0x00, 0x00, 0x00, 0x00, 0x00, 0x00, 0x00, 0x00, 0x00, 
	0x00, 0x00, 0x00, 0x00, 0x00, 0x00, 0x00, 0x00, 0x00, 0x00, 0x00, 
	0x00, 0x00, 0x00, 0x00, 0x00, 0x00, 0x00, 0x00, 0x00, 0x00, 0x00, 
	0x00, 0x00, 0x00, 0x00, 0x00, 0x00, 0x00, 0x00, 0x00, 0x00, 0x00, 
	0x00, 0x00, 0x00, 0x00, 0x00, 0x00, 0x00, 0x00, 0x00, 0x00, 0x00, 
	0x00, 0x00, 0x00, 0x00, 0x00, 0x00, 0x00, 0x00, 0x00, 0x00, 0x00, 
	0x00, 0x00, 0x00, 0x00, 0x00, 0x00, 0x00, 0x00, 0x00, 0x00, 0x00, 
	0x00, 0x00, 0x00, 0x00, 0x00, 0x00, 0x00, 0x00, 0x00, 0x00, 0x00, 
	0x00, 0x00, 0x00, 0x00, 0x00, 0x00, 0x00, 0x00, 0x00, 0x00, 0x00, 
	0x00, 0x00, 0x00, 0x00, 0x00, 0x00, 0x00, 0x00, 0x00, 0x00, 0x00, 
	0x00, 0x00, 0x00, 0x00, 0x00, 0x00, 0x00, 0x00, 0x00, 0x00, 0x00, 
	0x00, 0x00, 0x00, 0x00, 0x00, 0x00, 0x00, 0x00, 0x00, 0x00, 0x00, 
	0x00, 0x00, 0x00, 0x00, 0x00, 0x00, 0x00, 0x00, 0x00, 0x00, 0x00, 
	0x00, 0x00, 0x00, 0x00, 0x00, 0x00, 0x00, 0x00, 0x00, 0x00, 0x00, 
	0x00, 0x00, 0x00, 0x00, 0x00, 0x00, 0x00, 0x00, 0x00, 0x00, 0x00, 
	0x00, 0x00, 0x00, 0x00, 0x00, 0x00, 0x00, 0x00, 0x00, 0x00, 0x00, 
	0x00, 0x00, 0x00, 0x00, 0x00, 0x00, 0x00, 0x00, 0x00, 0x00, 0x00, 
	0x00, 0x00, 0x00, 0x00, 0x00, 0x00, 0x00, 0x00, 0x00, 0x00, 0x00, 
	0x00, 0x00, 0x00, 0x00, 0x00, 0x00, 0x00, 0x00, 0x00, 0x00, 0x00, 
	0x00, 0x00, 0x00, 0x00, 0x00, 0x00, 0x00, 0x00, 0x00, 0x00, 0x00, 
	0x00, 0x00, 0x00, 0x00, 0x00, 0x00, 0x00, 0x00, 0x00, 0x00, 0x00, 
	0x00, 0x00, 0x00, 0x00, 0x00, 0x00, 0x00, 0x00, 0x00, 0x00, 0x00, 
	0x00, 0x00, 0x00, 0x00, 0x00, 0x00, 0x00, 0x00, 0x00, 0x00, 0x00, 
	0x00, 0x00, 0x00, 0x00, 0x00, 0x00, 0x00, 0x00, 0x00, 0x00, 0x00, 
	0x00, 0x00, 0x00, 0x00, 0x00, 0x00, 0x00, 0x00, 0x00, 0x00, 0x00, 
	0x00, 0x00, 0x00, 0x00, 0x00, 0x00, 0x00, 0x00, 0x00, 0x00, 0x00, 
	0x00, 0x00, 0x00, 0x00, 0x00, 0x00, 0x00, 0x00, 0x00, 0x00, 0x00, 
	0x00, 0x00, 0x00, 0x00, 0x00, 0x00, 0x00, 0x00, 0x00, 0x00, 0x00, 
	0x00, 0x00, 0x00, 0x00, 0x00, 0x00, 0x00, 0x00, 0x00, 0x00, 0x00, 
	0x00, 0x00, 0x00, 0x00, 0x00, 0x00, 0x00, 0x00, 0x00, 0x00, 0x00, 
	0x00, 0x00, 0x00, 0x00, 0x00, 0x00, 0x00, 0x00, 0x00, 0x00, 0x00, 
	0x00, 0x00, 0x00, 0x00, 0x00, 0x00, 0x00, 0x00, 0x00, 0x00, 0x00, 
	0x00, 0x00, 0x00, 0x00, 0x00, 0x00, 0x00, 0x00, 0x00, 0x00, 0x00, 
	0x00, 0x00, 0x00, 0x00, 0x00, 0x00, 0x00, 0x00, 0x00, 0x00, 0x00, 
	0x00, 0x00, 0x00, 0x00, 0x00, 0x00, 0x00, 0x00, 0x00, 0x00, 0x00, 
	0x00, 0x00, 0x00, 0x00, 0x00, 0x00, 0x00, 0x00, 0x00, 0x00, 0x00, 
	0x00, 0x00, 0x00, 0x00, 0x00, 0x00, 0x00, 0x00, 0x00, 0x00, 0x00, 
	0x00, 0x00, 0x00, 0x00, 0x00, 0x00, 0x00, 0x00, 0x00, 0x00, 0x00, 
	0x00, 0x00, 0x00, 0x00, 0x00, 0x00, 0x00, 0x00, 0x00, 0x00, 0x00, 
	0x00, 0x00, 0x00, 0x00, 0x00, 0x00, 0x00, 0x00, 0x00, 0x00, 0x00, 
	0x00, 0x00, 0x00, 0x00, 0x00, 0x00, 0x00, 0x00, 0x00, 0x00, 0x00, 
	0x00, 0x00, 0x00, 0x00, 0x00, 0x00, 0x00, 0x00, 0x00, 0x00, 0x00, 
	0x00, 0x00, 0x00, 0x00, 0x00, 0x00, 0x00, 0x00, 0x00, 0x00, 0x00, 
	0x00, 0x00, 0x00, 0x00, 0x00, 0x00, 0x00, 0x00, 0x00, 0x00, 0x00, 
	0x00, 0x00, 0x00, 0x00, 0x00, 0x00, 0x00, 0x00, 0x00, 0x00, 0x00, 
	0x00, 0x00, 0x00, 0x00, 0x00, 0x00, 0x00, 0x00, 0x00, 0x00, 0x00, 
	0x00, 0x00, 0x00, 0x00, 0x00, 0x00, 0x00, 0x00, 0x00, 0x00, 0x00, 
	0x00, 0x00, 0x00, 0x00, 0x00, 0x00, 0x00, 0x00, 0x00, 0x00, 0x00, 
	0x00, 0x00, 0x00, 0x00, 0x00, 0x00, 0x00, 0x00, 0x00, 0x00, 0x00, 
	0x00, 0x00, 0x00, 0x00, 0x00, 0x00, 0x00, 0x00, 0x00, 0x00, 0x00, 
	0x00, 0x00, 0x00, 0x00, 0x00, 0x00, 0x00, 0x00, 0x00, 0x00, 0x00, 
	0x00, 0x00, 0x00, 0x00, 0x00, 0x00, 0x00, 0x00, 0x00, 0x00, 0x00, 
	0x00, 0x00, 0x00, 0x00, 0x00, 0x00, 0x00, 0x00, 0x00, 0x00, 0x00, 
	0x00, 0x00, 0x00, 0x00, 0x00, 0x00, 0x00, 0x00, 0x00, 0x00, 0x00, 
	0x00, 0x00, 0x00, 0x00, 0x00, 0x00, 0x00, 0x00, 0x00, 0x00, 0x00, 
	0x00, 0x00, 0x00, 0x00, 0x00, 0x00, 0x00, 0x00, 0x00, 0x00, 0x00, 
	0x00, 0x00, 0x00, 0x00, 0x00, 0x00, 0x00, 0x00, 0x00, 0x00, 0x00, 
	0x00, 0x00, 0x00, 0x00, 0x00, 0x00, 0x00, 0x00, 0x00, 0x00, 0x00, 
	0x00, 0x00, 0x00, 0x00, 0x00, 0x00, 0x00, 0x00, 0x00, 0x00, 0x00, 
	0x00, 0x00, 0x00, 0x00, 0x00, 0x00, 0x00, 0x00, 0x00, 0x00, 0x00, 
	0x00, 0x00, 0x00, 0x00, 0x00, 0x00, 0x00, 0x00, 0x00, 0x00, 0x00, 
	0x00, 0x00, 0x00, 0x00, 0x00, 0x00, 0x00, 0x00, 0x00, 0x00, 0x00, 
	0x00, 0x00, 0x00, 0x00, 0x00, 0x00, 0x00, 0x00, 0x00, 0x00, 0x00, 
	0x00, 0x00, 0x00, 0x00, 0x00, 0x00, 0x00, 0x00, 0x00, 0x00, 0x00, 
	0x00, 0x00, 0x00, 0x00, 0x00, 0x00, 0x00, 0x00, 0x00, 0x00, 0x00, 
	0x00, 0x00, 0x00, 0x00, 0x00, 0x00, 0x00, 0x00, 0x00, 0x00, 0x00, 
	0x00, 0x00, 0x00, 0x00, 0x00, 0x00, 0x00, 0x00, 0x00, 0x00, 0x00, 
	0x00, 0x00, 0x00, 0x00, 0x00, 0x00, 0x00, 0x00, 0x00, 0x00, 0x00, 
	0x00, 0x00, 0x00, 0x00, 0x00, 0x00, 0x00, 0x00, 0x00, 0x00, 0x00, 
	0x00, 0x00, 0x00, 0x00, 0x00, 0x00, 0x00, 0x00, 0x00, 0x00, 0x00, 
	0x00, 0x00, 0x00, 0x00, 0x00, 0x00, 0x00, 0x00, 0x00, 0x00, 0x00, 
	0x00, 0x00, 0x00, 0x00, 0x00, 0x00, 0x00, 0x00, 0x00, 0x00, 0x00, 
	0x00, 0x00, 0x00, 0x00, 0x00, 0x00, 0x00, 0x00, 0x00, 0x00, 0x00, 
	0x00, 0x00, 0x00, 0x00, 0x00, 0x00, 0x00, 0x00, 0x00, 0x00, 0x00, 
	0x00, 0x00, 0x00, 0x00, 0x00, 0x00, 0x00, 0x00, 0x00, 0x00, 0x00, 
	0x00, 0x00, 0x00, 0x00, 0x00, 0x00, 0x00, 0x00, 0x00, 0x00, 0x00, 
	0x00, 0x00, 0x00, 0x00, 0x00, 0x00, 0x00, 0x00, 0x00, 0x00, 0x00, 
	0x00, 0x00, 0x00, 0x00, 0x00, 0x00, 0x00, 0x00, 0x00, 0x00, 0x00, 
	0x00, 0x00, 0x00, 0x00, 0x00, 0x00, 0x00, 0x00, 0x00, 0x00, 0x00, 
	0x00, 0x00, 0x00, 0x00, 0x00, 0x00, 0x00, 0x00, 0x00, 0x00, 0x00, 
	0x00, 0x00, 0x00, 0x00, 0x00, 0x00, 0x00, 0x00, 0x00, 0x00, 0x00, 
	0x00, 0x00, 0x00, 0x00, 0x00, 0x00, 0x00, 0x00, 0x00, 0x00, 0x00, 
	0x00, 0x00, 0x00, 0x00, 0x00, 0x00, 0x00, 0x00, 0x00, 0x00, 0x00, 
	0x00, 0x00, 0x00, 0x00, 0x00, 0x00, 0x00, 0x00, 0x00, 0x00, 0x00, 
	0x00, 0x00, 0x00, 0x00, 0x00, 0x00, 0x00, 0x00, 0x00, 0x00, 0x00, 
	0x00, 0x00, 0x00, 0x00, 0x00, 0x00, 0x00, 0x00, 0x00, 0x00, 0x00, 
	0x00, 0x00, 0x00, 0x00, 0x00, 0x00, 0x00, 0x00, 0x00, 0x00, 0x00, 
	0x00, 0x00, 0x00, 0x00, 0x00, 0x00, 0x00, 0x00, 0x00, 0x00, 0x00, 
	0x00, 0x00, 0x00, 0x00, 0x00, 0x00, 0x00, 0x00, 0x00, 0x00, 0x00, 
	0x00, 0x00, 0x00, 0x00, 0x00, 0x00, 0x00, 0x00, 0x00, 0x00, 0x00, 
	0x00, 0x00, 0x00, 0x00, 0x00, 0x00, 0x00, 0x00, 0x00, 0x00, 0x00, 
	0x00, 0x00, 0x00, 0x00, 0x00, 0x00, 0x00, 0x00, 0x00, 0x00, 0x00, 
	0x00, 0x00, 0x00, 0x00, 0x00, 0x00, 0x00, 0x00, 0x00, 0x00, 0x00, 
	0x00, 0x00, 0x00, 0x00, 0x00, 0x00, 0x00, 0x00, 0x00, 0x00, 0x00, 
	0x00, 0x00, 0x00, 0x00, 0x00, 0x00, 0x00, 0x00, 0x00, 0x00, 0x00, 
	0x00, 0x00, 0x00, 0x00, 0x00, 0x00, 0x00, 0x00, 0x00, 0x00, 0x00, 
	0x00, 0x00, 0x00, 0x00, 0x00, 0x00, 0x00, 0x00, 0x00, 0x00, 0x00, 
	0x00, 0x00, 0x00, 0x00, 0x00, 0x00, 0x00, 0x00, 0x00, 0x00, 0x00, 
	0x00, 0x00, 0x00, 0x00, 0x00, 0x00, 0x00, 0x00, 0x00, 0x00, 0x00, 
	0x00, 0x00, 0x00, 0x00, 0x00, 0x00, 0x00, 0x00, 0x00, 0x00, 0x00, 
	0x00, 0x00, 0x00, 0x00, 0x00, 0x00, 0x00, 0x00, 0x00, 0x00, 0x00, 
	0x00, 0x00, 0x00, 0x00, 0x00, 0x00, 0x00, 0x00, 0x00, 0x00, 0x00, 
	0x00, 0x00, 0x00, 0x00, 0x00, 0x00, 0x00, 0x00, 0x00, 0x00, 0x00, 
	0x00, 0x00, 0x00, 0x00, 0x00, 0x00, 0x00, 0x00, 0x00, 0x00, 0x00, 
	0x00, 0x00, 0x00, 0x00, 0x00, 0x00, 0x00, 0x00, 0x00, 0x00, 0x00, 
	0x00, 0x00, 0x00, 0x00, 0x00, 0x00, 0x00, 0x00, 0x00, 0x00, 0x00, 
	0x00, 0x00, 0x00, 0x00, 0x00, 0x00, 0x00, 0x00, 0x00, 0x00, 0x00, 
	0x00, 0x00, 0x00, 0x00, 0x00, 0x00, 0x00, 0x00, 0x00, 0x00, 0x00, 
	0x00, 0x00, 0x00, 0x00, 0x00, 0x00, 0x00, 0x00, 0x00, 0x00, 0x00, 
	0x00, 0x00, 0x00, 0x00, 0x00, 0x00, 0x00, 0x00, 0x00, 0x00, 0x00, 
	0x00, 0x00, 0x00, 0x00, 0x00, 0x00, 0x00, 0x00, 0x00, 0x00, 0x00, 
	0x00, 0x00, 0x00, 0x00, 0x00, 0x00, 0x00, 0x00, 0x00, 0x00, 0x00, 
	0x00, 0x00, 0x00, 0x00, 0x00, 0x00, 0x00, 0x00, 0x00, 0x00, 0x00, 
	0x00, 0x00, 0x00, 0x00, 0x00, 0x00, 0x00, 0x00, 0x00, 0x00, 0x00, 
	0x00, 0x00, 0x00, 0x00, 0x00, 0x00, 0x00, 0x00, 0x00, 0x00, 0x00, 
	0x00, 0x00, 0x00, 0x00, 0x00, 0x00, 0x00, 0x00, 0x00, 0x00, 0x00, 
	0x00, 0x00, 0x00, 0x00, 0x00, 0x00, 0x00, 0x00, 0x00, 0x00, 0x00, 
	0x00, 0x00, 0x00, 0x00, 0x00, 0x00, 0x00, 0x00, 0x00, 0x00, 0x00, 
	0x00, 0x00, 0x00, 0x00, 0x00, 0x00, 0x00, 0x00, 0x00, 0x00, 0x00, 
	0x00, 0x00, 0x00, 0x00, 0x00, 0x00, 0x00, 0x00, 0x00, 0x00, 0x00, 
	0x00, 0x00, 0x00, 0x00, 0x00, 0x00, 0x00, 0x00, 0x00, 0x00, 0x00, 
	0x00, 0x00, 0x00, 0x00, 0x00, 0x00, 0x00, 0x00, 0x00, 0x00, 0x00, 
	0x00, 0x00, 0x00, 0x00, 0x00, 0x00, 0x00, 0x00, 0x00, 0x00, 0x00, 
	0x00, 0x00, 0x00, 0x00, 0x00, 0x00, 0x00, 0x00, 0x00, 0x00, 0x00, 
	0x00, 0x00, 0x00, 0x00, 0x00, 0x00, 0x00, 0x00, 0x00, 0x00, 0x00, 
	0x00, 0x00, 0x00, 0x00, 0x00, 0x00, 0x00, 0x00, 0x00, 0x00, 0x00, 
	0x00, 0x00, 0x00, 0x00, 0x00, 0x00, 0x00, 0x00, 0x00, 0x00, 0x00, 
	0x00, 0x00, 0x00, 0x00, 0x00, 0x00, 0x00, 0x00, 0x00, 0x00, 0x00, 
	0x00, 0x00, 0x00, 0x00, 0x00, 0x00, 0x00, 0x00, 0x00, 0x00, 0x00, 
	0x00, 0x00, 0x00, 0x00, 0x00, 0x00, 0x00, 0x00, 0x00, 0x00, 0x00, 
	0x00, 0x00, 0x00, 0x00, 0x00, 0x00, 0x00, 0x00, 0x00, 0x00, 0x00, 
	0x00, 0x00, 0x00, 0x00, 0x00, 0x00, 0x00, 0x00, 0x00, 0x00, 0x00, 
	0x00, 0x00, 0x00, 0x00, 0x00, 0x00, 0x00, 0x00, 0x00, 0x00, 0x00, 
	0x00, 0x00, 0x00, 0x00, 0x00, 0x00, 0x00, 0x00, 0x00, 0x00, 0x00, 
	0x00, 0x00, 0x00, 0x00, 0x00, 0x00, 0x00, 0x00, 0x00, 0x00, 0x00, 
	0x00, 0x00, 0x00, 0x00, 0x00, 0x00, 0x00, 0x00, 0x00, 0x00, 0x00, 
	0x00, 0x00, 0x00, 0x00, 0x00, 0x00, 0x00, 0x00, 0x00, 0x00, 0x00, 
	0x00, 0x00, 0x00, 0x00, 0x00, 0x00, 0x00, 0x00, 0x00, 0x00, 0x00, 
	0x00, 0x00, 0x00, 0x00, 0x00, 0x00, 0x00, 0x00, 0x00, 0x00, 0x00, 
	0x00, 0x00, 0x00, 0x00, 0x00, 0x00, 0x00, 0x00, 0x00, 0x00, 0x00, 
	0x00, 0x00, 0x00, 0x00, 0x00, 0x00, 0x00, 0x00, 0x00, 0x00, 0x00, 
	0x00, 0x00, 0x00, 0x00, 0x00, 0x00, 0x00, 0x00, 0x00, 0x00, 0x00, 
	0x00, 0x00, 0x00, 0x00, 0x00, 0x00, 0x00, 0x00, 0x00, 0x00, 0x00, 
	0x00, 0x00, 0x00, 0x00, 0x00, 0x00, 0x00, 0x00, 0x00, 0x00, 0x00, 
	0x00, 0x00, 0x00, 0x00, 0x00, 0x00, 0x00, 0x00, 0x00, 0x00, 0x00, 
	0x00, 0x00, 0x00, 0x00, 0x00, 0x00, 0x00, 0x00, 0x00, 0x00, 0x00, 
	0x00, 0x00, 0x00, 0x00, 0x00, 0x00, 0x00, 0x00, 0x00, 0x00, 0x00, 
	0x00, 0x00, 0x00, 0x00, 0x00, 0x00, 0x00, 0x00, 0x00, 0x00, 0x00, 
	0x00, 0x00, 0x00, 0x00, 0x00, 0x00, 0x00, 0x00, 0x00, 0x00, 0x00, 
	0x00, 0x00, 0x00, 0x00, 0x00, 0x00, 0x00, 0x00, 0x00, 0x00, 0x00, 
	0x00, 0x00, 0x00, 0x00, 0x00, 0x00, 0x00, 0x00, 0x00, 0x00, 0x00, 
	0x00, 0x00, 0x00, 0x00, 0x00, 0x00, 0x00, 0x00, 0x00, 0x00, 0x00, 
	0x00, 0x00, 0x00, 0x00, 0x00, 0x00, 0x00, 0x00, 0x00, 0x00, 0x00, 
	0x00, 0x00, 0x00, 0x00, 0x00, 0x00, 0x00, 0x00, 0x00, 0x00, 0x00, 
	0x00, 0x00, 0x00, 0x00, 0x00, 0x00, 0x00, 0x00, 0x00, 0x00, 0x00, 
	0x00, 0x00, 0x00, 0x00, 0x00, 0x00, 0x00, 0x00, 0x00, 0x00, 0x00, 
	0x00, 0x00, 0x00, 0x00, 0x00, 0x00, 0x00, 0x00, 0x00, 0x00, 0x00, 
	0x00, 0x00, 0x00, 0x00, 0x00, 0x00, 0x00, 0x00, 0x00, 0x00, 0x00, 
	0x00, 0x00, 0x00, 0x00, 0x00, 0x00, 0x00, 0x00, 0x00, 0x00, 0x00, 
	0x00, 0x00, 0x00, 0x00, 0x00, 0x00, 0x00, 0x00, 0x00, 0x00, 0x00, 
	0x00, 0x00, 0x00, 0x00, 0x00, 0x00, 0x00, 0x00, 0x00, 0x00, 0x00, 
	0x00, 0x00, 0x00, 0x00, 0x00, 0x00, 0x00, 0x00, 0x00, 0x00, 0x00, 
	0x00, 0x00, 0x00, 0x00, 0x00, 0x00, 0x00, 0x00, 0x00, 0x00, 0x00, 
	0x00, 0x00, 0x00, 0x00, 0x00, 0x00, 0x00, 0x00, 0x00, 0x00, 0x00, 
	0x00, 0x00, 0x00, 0x00, 0x00, 0x00, 0x00, 0x00, 0x00, 0x00, 0x00, 
	0x00, 0x00, 0x00, 0x00, 0x00, 0x00, 0x00, 0x00, 0x00, 0x00, 0x00, 
	0x00, 0x00, 0x00, 0x00, 0x00, 0x00, 0x00, 0x00, 0x00, 0x00, 0x00, 
	0x00, 0x00, 0x00, 0x00, 0x00, 0x00, 0x00, 0x00, 0x00, 0x00, 0x00, 
	0x00, 0x00, 0x00, 0x00, 0x00, 0x00, 0x00, 0x00, 0x00, 0x00, 0x00, 
	0x00, 0x00, 0x00, 0x00, 0x00, 0x00, 0x00, 0x00, 0x00, 0x00, 0x00, 
	0x00, 0x00, 0x00, 0x00, 0x00, 0x00, 0x00, 0x00, 0x00, 0x00, 0x00, 
	0x00, 0x00, 0x00, 0x00, 0x00, 0x00, 0x00, 0x00, 0x00, 0x00, 0x00, 
	0x00, 0x00, 0x00, 0x00, 0x00, 0x00, 0x00, 0x00, 0x00, 0x00, 0x00, 
	0x00, 0x00, 0x00, 0x00, 0x00, 0x00, 0x00, 0x00, 0x00, 0x00, 0x00, 
	0x00, 0x00, 0x00, 0x00, 0x00, 0x00, 0x00, 0x00, 0x00, 0x00, 0x00, 
	0x00, 0x00, 0x00, 0x00, 0x00, 0x00, 0x00, 0x00, 0x00, 0x00, 0x00, 
	0x00, 0x00, 0x00, 0x00, 0x00, 0x00, 0x00, 0x00, 0x00, 0x00, 0x00, 
	0x00, 0x00, 0x00, 0x00, 0x00, 0x00, 0x00, 0x00, 0x00, 0x00, 0x00, 
	0x00, 0x00, 0x00, 0x00, 0x00, 0x00, 0x00, 0x00, 0x00, 0x00, 0x00, 
	0x00, 0x00, 0x00, 0x00, 0x00, 0x00, 0x00, 0x00, 0x00, 0x00, 0x00, 
	0x00, 0x00, 0x00, 0x00, 0x00, 0x00, 0x00, 0x00, 0x00, 0x00, 0x00, 
	0x00, 0x00, 0x00, 0x00, 0x00, 0x00, 0x00, 0x00, 0x00, 0x00, 0x00, 
	0x00, 0x00, 0x00, 0x00, 0x00, 0x00, 0x00, 0x00, 0x00, 0x00, 0x00, 
	0x00, 0x00, 0x00, 0x00, 0x00, 0x00, 0x00, 0x00, 0x00, 0x00, 0x00, 
	0x00, 0x00, 0x00, 0x00, 0x00, 0x00, 0x00, 0x00, 0x00, 0x00, 0x00, 
	0x00, 0x00, 0x00, 0x00, 0x00, 0x00, 0x00, 0x00, 0x00, 0x00, 0x00, 
	0x00, 0x00, 0x00, 0x00, 0x00, 0x00, 0x00, 0x00, 0x00, 0x00, 0x00, 
	0x00, 0x00, 0x00, 0x00, 0x00, 0x00, 0x00, 0x00, 0x00, 0x00, 0x00, 
	0x00, 0x00, 0x00, 0x00, 0x00, 0x00, 0x00, 0x00, 0x00, 0x00, 0x00, 
	0x00, 0x00, 0x00, 0x00, 0x00, 0x00, 0x00, 0x00, 0x00, 0x00, 0x00, 
	0x00, 0x00, 0x00, 0x00, 0x00, 0x00, 0x00, 0x00, 0x00, 0x00, 0x00, 
	0x00, 0x00, 0x00, 0x00, 0x00, 0x00, 0x00, 0x00, 0x00, 0x00, 0x00, 
	0x00, 0x00, 0x00, 0x00, 0x00, 0x00, 0x00, 0x00, 0x00, 0x00, 0x00, 
	0x00, 0x00, 0x00, 0x00, 0x00, 0x00, 0x00, 0x00, 0x00, 0x00, 0x00, 
	0x00, 0x00, 0x00, 0x00, 0x00, 0x00, 0x00, 0x00, 0x00, 0x00, 0x00, 
	0x00, 0x00, 0x00, 0x00, 0x00, 0x00, 0x00, 0x00, 0x00, 0x00, 0x00, 
	0x00, 0x00, 0x00, 0x00, 0x00, 0x00, 0x00, 0x00, 0x00, 0x00, 0x00, 
	0x00, 0x00, 0x00, 0x00, 0x00, 0x00, 0x00, 0x00, 0x00, 0x00, 0x00, 
	0x00, 0x00, 0x00, 0x00, 0x00, 0x00, 0x00, 0x00, 0x00, 0x00, 0x00, 
	0x00, 0x00, 0x00, 0x00, 0x00, 0x00, 0x00, 0x00, 0x00, 0x00, 0x00, 
	0x00, 0x00, 0x00, 0x00, 0x00, 0x00, 0x00, 0x00, 0x00, 0x00, 0x00, 
	0x00, 0x00, 0x00, 0x00, 0x00, 0x00, 0x00, 0x00, 0x00, 0x00, 0x00, 
	0x00, 0x00, 0x00, 0x00, 0x00, 0x00, 0x00, 0x00, 0x00, 0x00, 0x00, 
	0x00, 0x00, 0x00, 0x00, 0x00, 0x00, 0x00, 0x00, 0x00, 0x00, 0x00, 
	0x00, 0x00, 0x00, 0x00, 0x00, 0x00, 0x00, 0x00, 0x00, 0x00, 0x00, 
	0x00, 0x00, 0x00, 0x00, 0x00, 0x00, 0x00, 0x00, 0x00, 0x00, 0x00, 
	0x00, 0x00, 0x00, 0x00, 0x00, 0x00, 0x00, 0x00, 0x00, 0x00, 0x00, 
	0x00, 0x00, 0x00, 0x00, 0x00, 0x00, 0x00, 0x00, 0x00, 0x00, 0x00, 
	0x00, 0x00, 0x00, 0x00, 0x00, 0x00, 0x00, 0x00, 0x00, 0x00, 0x00, 
	0x00, 0x00, 0x00, 0x00, 0x00, 0x00, 0x00, 0x00, 0x00, 0x00, 0x00, 
	0x00, 0x00, 0x00, 0x00, 0x00, 0x00, 0x00, 0x00, 0x00, 0x00, 0x00, 
	0x00, 0x00, 0x00, 0x00, 0x00, 0x00, 0x00, 0x00, 0x00, 0x00, 0x00, 
	0x00, 0x00, 0x00, 0x00, 0x00, 0x00, 0x00, 0x00, 0x00, 0x00, 0x00, 
	0x00, 0x00, 0x00, 0x00, 0x00, 0x00, 0x00, 0x00, 0x00, 0x00, 0x00, 
	0x00, 0x00, 0x00, 0x00, 0x00, 0x00, 0x00, 0x00, 0x00, 0x00, 0x00, 
	0x00, 0x00, 0x00, 0x00, 0x00, 0x00, 0x00, 0x00, 0x00, 0x00, 0x00, 
	0x00, 0x00, 0x00, 0x00, 0x00, 0x00, 0x00, 0x00, 0x00, 0x00, 0x00, 
	0x00, 0x00, 0x00, 0x00, 0x00, 0x00, 0x00, 0x00, 0x00, 0x00, 0x00, 
	0x00, 0x00, 0x00, 0x00, 0x00, 0x00, 0x00, 0x00, 0x00, 0x00, 0x00, 
	0x00, 0x00, 0x00, 0x00, 0x00, 0x00, 0x00, 0x00, 0x00, 0x00, 0x00, 
	0x00, 0x00, 0x00, 0x00, 0x00, 0x00, 0x00, 0x00, 0x00, 0x00, 0x00, 
	0x00, 0x00, 0x00, 0x00, 0x00, 0x00, 0x00, 0x00, 0x00, 0x00, 0x00, 
	0x00, 0x00, 0x00, 0x00, 0x00, 0x00, 0x00, 0x00, 0x00, 0x00, 0x00, 
	0x00, 0x00, 0x00, 0x00, 0x00, 0x00, 0x00, 0x00, 0x00, 0x00, 0x00, 
	0x00, 0x00, 0x00, 0x00, 0x00, 0x00, 0x00, 0x00, 0x00, 0x00, 0x00, 
	0x00, 0x00, 0x00, 0x00, 0x00, 0x00, 0x00, 0x00, 0x00, 0x00, 0x00, 
	0x00, 0x00, 0x00, 0x00, 0x00, 0x00, 0x00, 0x00, 0x00, 0x00, 0x00, 
	0x00, 0x00, 0x00, 0x00, 0x00, 0x00, 0x00, 0x00, 0x00, 0x00, 0x00, 
	0x00, 0x00, 0x00, 0x00, 0x00, 0x00, 0x00, 0x00, 0x00, 0x00, 0x00, 
	0x00, 0x00, 0x00, 0x00, 0x00, 0x00, 0x00, 0x00, 0x00, 0x00, 0x00, 
	0x00, 0x00, 0x00, 0x00, 0x00, 0x00, 0x00, 0x00, 0x00, 0x00, 0x00, 
	0x00, 0x00, 0x00, 0x00, 0x00, 0x00, 0x00, 0x00, 0x00, 0x00, 0x00, 
	0x00, 0x00, 0x00, 0x00, 0x00, 0x00, 0x00, 0x00, 0x00, 0x00, 0x00, 
	0x00, 0x00, 0x00, 0x00, 0x00, 0x00, 0x00, 0x00, 0x00, 0x00, 0x00, 
	0x00, 0x00, 0x00, 0x00, 0x00, 0x00, 0x00, 0x00, 0x00, 0x00, 0x00, 
	0x00, 0x00, 0x00, 0x00, 0x00, 0x00, 0x00, 0x00, 0x00, 0x00, 0x00, 
	0x00, 0x00, 0x00, 0x00, 0x00, 0x00, 0x00, 0x00, 0x00, 0x00, 0x00, 
	0x00, 0x00, 0x00, 0x00, 0x00, 0x00, 0x00, 0x00, 0x00, 0x00, 0x00, 
	0x00, 0x00, 0x00, 0x00, 0x00, 0x00, 0x00, 0x00, 0x00, 0x00, 0x00, 
	0x00, 0x00, 0x00, 0x00, 0x00, 0x00, 0x00, 0x00, 0x00, 0x00, 0x00, 
	0x00, 0x00, 0x00, 0x00, 0x00, 0x00, 0x00, 0x00, 0x00, 0x00, 0x00, 
	0x00, 0x00, 0x00, 0x00, 0x00, 0x00, 0x00, 0x00, 0x00, 0x00, 0x00, 
	0x00, 0x00, 0x00, 0x00, 0x00, 0x00, 0x00, 0x00, 0x00, 0x00, 0x00, 
	0x00, 0x00, 0x00, 0x00, 0x00, 0x00, 0x00, 0x00, 0x00, 0x00, 0x00, 
	0x00, 0x00, 0x00, 0x00, 0x00, 0x00, 0x00, 0x00, 0x00, 0x00, 0x00, 
	0x00, 0x00, 0x00, 0x00, 0x00, 0x00, 0x00, 0x00, 0x00, 0x00, 0x00, 
	0x00, 0x00, 0x00, 0x00, 0x00, 0x00, 0x00, 0x00, 0x00, 0x00, 0x00, 
	0x00, 0x00, 0x00, 0x00, 0x00, 0x00, 0x00, 0x00, 0x00, 0x00, 0x00, 
	0x00, 0x00, 0x00, 0x00, 0x00, 0x00, 0x00, 0x00, 0x00, 0x00, 0x00, 
	0x00, 0x00, 0x00, 0x00, 0x00, 0x00, 0x00, 0x00, 0x00, 0x00, 0x00, 
	0x00, 0x00, 0x00, 0x00, 0x00, 0x00, 0x00, 0x00, 0x00, 0x00, 0x00, 
	0x00, 0x00, 0x00, 0x00, 0x00, 0x00, 0x00, 0x00, 0x00, 0x00, 0x00, 
	0x00, 0x00, 0x00, 0x00, 0x00, 0x00, 0x00, 0x00, 0x00, 0x00, 0x00, 
	0x00, 0x00, 0x00, 0x00, 0x00, 0x00, 0x00, 0x00, 0x00, 0x00, 0x00, 
	0x00, 0x00, 0x00, 0x00, 0x00, 0x00, 0x00, 0x00, 0x00, 0x00, 0x00, 
	0x00, 0x00, 0x00, 0x00, 0x00, 0x00, 0x00, 0x00, 0x00, 0x00, 0x00, 
	0x00, 0x00, 0x00, 0x00, 0x00, 0x00, 0x00, 0x00, 0x00, 0x00, 0x00, 
	0x00, 0x00, 0x00, 0x00, 0x00, 0x00, 0x00, 0x00, 0x00, 0x00, 0x00, 
	0x00, 0x00, 0x00, 0x00, 0x00, 0x00, 0x00, 0x00, 0x00, 0x00, 0x00, 
	0x00, 0x00, 0x00, 0x00, 0x00, 0x00, 0x00, 0x00, 0x00, 0x00, 0x00, 
	0x00, 0x00, 0x00, 0x00, 0x00, 0x00, 0x00, 0x00, 0x00, 0x00, 0x00, 
	0x00, 0x00, 0x00, 0x00, 0x00, 0x00, 0x00, 0x00, 0x00, 0x00, 0x00, 
	0x00, 0x00, 0x00, 0x00, 0x00, 0x00, 0x00, 0x00, 0x00, 0x00, 0x00, 
	0x00, 0x00, 0x00, 0x00, 0x00, 0x00, 0x00, 0x00, 0x00, 0x00, 0x00, 
	0x00, 0x00, 0x00, 0x00, 0x00, 0x00, 0x00, 0x00, 0x00, 0x00, 0x00, 
	0x00, 0x00, 0x00, 0x00, 0x00, 0x00, 0x00, 0x00, 0x00, 0x00, 0x00, 
	0x00, 0x00, 0x00, 0x00, 0x00, 0x00, 0x00, 0x00, 0x00, 0x00, 0x00, 
	0x00, 0x00, 0x00, 0x00, 0x00, 0x00, 0x00, 0x00, 0x00, 0x00, 0x00, 
	0x00, 0x00, 0x00, 0x00, 0x00, 0x00, 0x00, 0x00, 0x00, 0x00, 0x00, 
	0x00, 0x00, 0x00, 0x00, 0x00, 0x00, 0x00, 0x00, 0x00, 0x00, 0x00, 
	0x00, 0x00, 0x00, 0x00, 0x00, 0x00, 0x00, 0x00, 0x00, 0x00, 0x00, 
	0x00, 0x00, 0x00, 0x00, 0x00, 0x00, 0x00, 0x00, 0x00, 0x00, 0x00, 
	0x00, 0x00, 0x00, 0x00, 0x00, 0x00, 0x00, 0x00, 0x00, 0x00, 0x00, 
	0x00, 0x00, 0x00, 0x00, 0x00, 0x00, 0x00, 0x00, 0x00, 0x00, 0x00, 
	0x00, 0x00, 0x00, 0x00, 0x00, 0x00, 0x00, 0x00, 0x00, 0x00, 0x00, 
	0x00, 0x00, 0x00, 0x00, 0x00, 0x00, 0x00, 0x00, 0x00, 0x00, 0x00, 
	0x00, 0x00, 0x00, 0x00, 0x00, 0x00, 0x00, 0x00, 0x00, 0x00, 0x00, 
	0x00, 0x00, 0x00, 0x00, 0x00, 0x00, 0x00, 0x00, 0x00, 0x00, 0x00, 
	0x00, 0x00, 0x00, 0x00, 0x00, 0x00, 0x00, 0x00, 0x00, 0x00, 0x00, 
	0x00, 0x00, 0x00, 0x00, 0x00, 0x00, 0x00, 0x00, 0x00, 0x00, 0x00, 
	0x00, 0x00, 0x00, 0x00, 0x00, 0x00, 0x00, 0x00, 0x00, 0x00, 0x00, 
	0x00, 0x00, 0x00, 0x00, 0x00, 0x00, 0x00, 0x00, 0x00, 0x00, 0x00, 
	0x00, 0x00, 0x00, 0x00, 0x00, 0x00, 0x00, 0x00, 0x00, 0x00, 0x00, 
	0x00, 0x00, 0x00, 0x00, 0x00, 0x00, 0x00, 0x00, 0x00, 0x00, 0x00, 
	0x00, 0x00, 0x00, 0x00, 0x00, 0x00, 0x00, 0x00, 0x00, 0x00, 0x00, 
	0x00, 0x00, 0x00, 0x00, 0x00, 0x00, 0x00, 0x00, 0x00, 0x00, 0x00, 
	0x00, 0x00, 0x00, 0x00, 0x00, 0x00, 0x00, 0x00, 0x00, 0x00, 0x00, 
	0x00, 0x00, 0x00, 0x00, 0x00, 0x00, 0x00, 0x00, 0x00, 0x00, 0x00, 
	0x00, 0x00, 0x00, 0x00, 0x00, 0x00, 0x00, 0x00, 0x00, 0x00, 0x00, 
	0x00, 0x00, 0x00, 0x00, 0x00, 0x00, 0x00, 0x00, 0x00, 0x00, 0x00, 
	0x00, 0x00, 0x00, 0x00, 0x00, 0x00, 0x00, 0x00, 0x00, 0x00, 0x00, 
	0x00, 0x00, 0x00, 0x00, 0x00, 0x00, 0x00, 0x00, 0x00, 0x00, 0x00, 
	0x00, 0x00, 0x00, 0x00, 0x00, 0x00, 0x00, 0x00, 0x00, 0x00, 0x00, 
	0x00, 0x00, 0x00, 0x00, 0x00, 0x00, 0x00, 0x00, 0x00, 0x00, 0x00, 
	0x00, 0x00, 0x00, 0x00, 0x00, 0x00, 0x00, 0x00, 0x00, 0x00, 0x00, 
	0x00, 0x00, 0x00, 0x00, 0x00, 0x00, 0x00, 0x00, 0x00, 0x00, 0x00, 
	0x00, 0x00, 0x00, 0x00, 0x00, 0x00, 0x00, 0x00, 0x00, 0x00, 0x00, 
	0x00, 0x00, 0x00, 0x00, 0x00, 0x00, 0x00, 0x00, 0x00, 0x00, 0x00, 
	0x00, 0x00, 0x00, 0x00, 0x00, 0x00, 0x00, 0x00, 0x00, 0x00, 0x00, 
	0x00, 0x00, 0x00, 0x00, 0x00, 0x00, 0x00, 0x00, 0x00, 0x00, 0x00, 
	0x00, 0x00, 0x00, 0x00, 0x00, 0x00, 0x00, 0x00, 0x00, 0x00, 0x00, 
	0x00, 0x00, 0x00, 0x00, 0x00, 0x00, 0x00, 0x00, 0x00, 0x00, 0x00, 
	0x00, 0x00, 0x00, 0x00, 0x00, 0x00, 0x00, 0x00, 0x00, 0x00, 0x00, 
	0x00, 0x00, 0x00, 0x00, 0x00, 0x00, 0x00, 0x00, 0x00, 0x00, 0x00, 
	0x00, 0x00, 0x00, 0x00, 0x00, 0x00, 0x00, 0x00, 0x00, 0x00, 0x00, 
	0x00, 0x00, 0x00, 0x00, 0x00, 0x00, 0x00, 0x00, 0x00, 0x00, 0x00, 
	0x00, 0x00, 0x00, 0x00, 0x00, 0x00, 0x00, 0x00, 0x00, 0x00, 0x00, 
	0x00, 0x00, 0x00, 0x00, 0x00, 0x00, 0x00, 0x00, 0x00, 0x00, 0x00, 
	0x00, 0x00, 0x00, 0x00, 0x00, 0x00, 0x00, 0x00, 0x00, 0x00, 0x00, 
	0x00, 0x00, 0x00, 0x00, 0x00, 0x00, 0x00, 0x00, 0x00, 0x00, 0x00, 
	0x00, 0x00, 0x00, 0x00, 0x00, 0x00, 0x00, 0x00, 0x00, 0x00, 0x00, 
	0x00, 0x00, 0x00, 0x00, 0x00, 0x00, 0x00, 0x00, 0x00, 0x00, 0x00, 
	0x00, 0x00, 0x00, 0x00, 0x00, 0x00, 0x00, 0x00, 0x00, 0x00, 0x00, 
	0x00, 0x00, 0x00, 0x00, 0x00, 0x00, 0x00, 0x00, 0x00, 0x00, 0x00, 
	0x00, 0x00, 0x00, 0x00, 0x00, 0x00, 0x00, 0x00, 0x00, 0x00, 0x00, 
	0x00, 0x00, 0x00, 0x00, 0x00, 0x00, 0x00, 0x00, 0x00, 0x00, 0x00, 
	0x00, 0x00, 0x00, 0x00, 0x00, 0x00, 0x00, 0x00, 0x00, 0x00, 0x00, 
	0x00, 0x00, 0x00, 0x00, 0x00, 0x00, 0x00, 0x00, 0x00, 0x00, 0x00, 
	0x00, 0x00, 0x00, 0x00, 0x00, 0x00, 0x00, 0x00, 0x00, 0x00, 0x00, 
	0x00, 0x00, 0x00, 0x00, 0x00, 0x00, 0x00, 0x00, 0x00, 0x00, 0x00, 
	0x00, 0x00, 0x00, 0x00, 0x00, 0x00, 0x00, 0x00, 0x00, 0x00, 0x00, 
	0x00, 0x00, 0x00, 0x00, 0x00, 0x00, 0x00, 0x00, 0x00, 0x00, 0x00, 
	0x00, 0x00, 0x00, 0x00, 0x00, 0x00, 0x00, 0x00, 0x00, 0x00, 0x00, 
	0x00, 0x00, 0x00, 0x00, 0x00, 0x00, 0x00, 0x00, 0x00, 0x00, 0x00, 
	0x00, 0x00, 0x00, 0x00, 0x00, 0x00, 0x00, 0x00, 0x00, 0x00, 0x00, 
	0x00, 0x00, 0x00, 0x00, 0x00, 0x00, 0x00, 0x00, 0x00, 0x00, 0x00, 
	0x00, 0x00, 0x00, 0x00, 0x00, 0x00, 0x00, 0x00, 0x00, 0x00, 0x00, 
	0x00, 0x00, 0x00, 0x00, 0x00, 0x00, 0x00, 0x00, 0x00, 0x00, 0x00, 
	0x00, 0x00, 0x00, 0x00, 0x00, 0x00, 0x00, 0x00, 0x00, 0x00, 0x00, 
	0x00, 0x00, 0x00, 0x00, 0x00, 0x00, 0x00, 0x00, 0x00, 0x00, 0x00, 
	0x00, 0x00, 0x00, 0x00, 0x00, 0x00, 0x00, 0x00, 0x00, 0x00, 0x00, 
	0x00, 0x00, 0x00, 0x00, 0x00, 0x00, 0x00, 0x00, 0x00, 0x00, 0x00, 
	0x00, 0x00, 0x00, 0x00, 0x00, 0x00, 0x00, 0x00, 0x00, 0x00, 0x00, 
	0x00, 0x00, 0x00, 0x00, 0x00, 0x00, 0x00, 0x00, 0x00, 0x00, 0x00, 
	0x00, 0x00, 0x00, 0x00, 0x00, 0x00, 0x00, 0x00, 0x00, 0x00, 0x00, 
	0x00, 0x00, 0x00, 0x00, 0x00, 0x00, 0x00, 0x00, 0x00, 0x00, 0x00, 
	0x00, 0x00, 0x00, 0x00, 0x00, 0x00, 0x00, 0x00, 0x00, 0x00, 0x00, 
	0x00, 0x00, 0x00, 0x00, 0x00, 0x00, 0x00, 0x00, 0x00, 0x00, 0x00, 
	0x00, 0x00, 0x00, 0x00, 0x00, 0x00, 0x00, 0x00, 0x00, 0x00, 0x00, 
	0x00, 0x00, 0x00, 0x00, 0x00, 0x00, 0x00, 0x00, 0x00, 0x00, 0x00, 
	0x00, 0x00, 0x00, 0x00, 0x00, 0x00, 0x00, 0x00, 0x00, 0x00, 0x00, 
	0x00, 0x00, 0x00, 0x00, 0x00, 0x00, 0x00, 0x00, 0x00, 0x00, 0x00, 
	0x00, 0x00, 0x00, 0x00, 0x00, 0x00, 0x00, 0x00, 0x00, 0x00, 0x00, 
	0x00, 0x00, 0x00, 0x00, 0x00, 0x00, 0x00, 0x00, 0x00, 0x00, 0x00, 
	0x00, 0x00, 0x00, 0x00, 0x00, 0x00, 0x00, 0x00, 0x00, 0x00, 0x00, 
	0x00, 0x00, 0x00, 0x00, 0x00, 0x00, 0x00, 0x00, 0x00, 0x00, 0x00, 
	0x00, 0x63, 0x56, 0xa0, 0x02, 0x13, 0x15, 0x25, 0x00, 0x33, 0x85, 
	0xa5, 0x00, 0x83, 0xa7, 0x05, 0x00, 0x03, 0x27, 0x06, 0x00, 0x93, 
	0x85, 0x45, 0x00, 0x13, 0x06, 0x46, 0x00, 0xb3, 0x87, 0xe7, 0x00, 
	0x23, 0xa0, 0xf6, 0x00, 0x93, 0x86, 0x46, 0x00, 0xe3, 0x92, 0xa5, 
	0xfe, 0x67, 0x80, 0x00, 0x00, 0x93, 0x95, 0x25, 0x00, 0x33, 0x05, 
	0xb5, 0x00, 0x23, 0x20, 0xc5, 0x00, 0x67, 0x80, 0x00, 0x00, 0x93, 
	0x07, 0x40, 0x06, 0xb3, 0x07, 0xf6, 0x02, 0xb7, 0x08, 0x00, 0x01, 
	0x13, 0x83, 0x86, 0x00, 0x93, 0x88, 0xf8, 0xff, 0x13, 0x08, 0x80, 
	0x00, 0xb3, 0x87, 0xb7, 0x00, 0x93, 0x97, 0x27, 0x00, 0xb3, 0x05, 
	0xf5, 0x00, 0x13, 0x86, 0x05, 0x00, 0x13, 0x07, 0x00, 0x00, 0x83, 
	0xc7, 0x06, 0x00, 0xb3, 0xd7, 0xe7, 0x40, 0x93, 0xf7, 0x17, 0x00, 
	0x13, 0x07, 0x17, 0x00, 0x63, 0x84, 0x07, 0x00, 0x23, 0x20, 0x16, 
	0x01, 0x13, 0x06, 0x46, 0x00, 0xe3, 0x12, 0x07, 0xff, 0x93, 0x86, 
	0x16, 0x00, 0x93, 0x85, 0x05, 0x19, 0xe3, 0x98, 0x66, 0xfc, 0x67, 
	0x80, 0x00, 0x00, 0xb7, 0x47, 0x00, 0x00, 0x93, 0x06, 0x10, 0x00, 
	0x23, 0xa2, 0xd7, 0x00, 0x23, 0xa6, 0xb7, 0x00, 0x23, 0xa4, 0xa7, 
	0x00, 0x23, 0xaa, 0xd7, 0x00, 0x67, 0x80, 0x00, 0x00, 0x37, 0x43, 
	0x00, 0x00, 0x93, 0x08, 0x03, 0x00, 0x13, 0x08, 0x03, 0x00, 0x93, 
	0x05, 0x03, 0x00, 0x37, 0x26, 0x00, 0x00, 0x13, 0x03, 0x43, 0x00, 
	0x93, 0x88, 0xc8, 0x00, 0x13, 0x08, 0x88, 0x00, 0x93, 0x85, 0x45, 
	0x01, 0x13, 0x06, 0x06, 0x71, 0x93, 0x07, 0x00, 0x00, 0x13, 0x07, 
	0x10, 0x00, 0x83, 0x26, 0x05, 0x00, 0x23, 0x20, 0xe3, 0x00, 0x13, 
	0x05, 0x45, 0x00, 0x23, 0xa0, 0xd8, 0x00, 0x23, 0x20, 0xf8, 0x00, 
	0x23, 0xa0, 0xe5, 0x00, 0x93, 0x87, 0x17, 0x00, 0xe3, 0x92, 0xc7, 
	0xfe, 0x67, 0x80, 0x00, 0x00, 0xb7, 0x47, 0x00, 0x00, 0x13, 0x07, 
	0x10, 0x00, 0x23, 0xa8, 0xe7, 0x00, 0x67, 0x80, 0x00, 0x00, 0x37, 
	0x47, 0x00, 0x00, 0x83, 0x47, 0x07, 0x00, 0xe3, 0x8e, 0x07, 0xfe, 
	0x37, 0x43, 0x00, 0x00, 0x93, 0x08, 0x03, 0x00, 0x13, 0x08, 0x03, 
	0x00, 0x93, 0x05, 0x03, 0x00, 0x37, 0x26, 0x00, 0x00, 0x13, 0x03, 
	0x43, 0x00, 0x93, 0x88, 0xc8, 0x00, 0x13, 0x08, 0x88, 0x00, 0x93, 
	0x85, 0x45, 0x01, 0x13, 0x06, 0x06, 0x71, 0x93, 0x07, 0x00, 0x00, 
	0x13, 0x07, 0x10, 0x00, 0x83, 0x26, 0x05, 0x00, 0x23, 0x20, 0xe3, 
	0x00, 0x13, 0x05, 0x45, 0x00, 0x23, 0xa0, 0xd8, 0x00, 0x23, 0x20, 
	0xf8, 0x00, 0x23, 0xa0, 0xe5, 0x00, 0x93, 0x87, 0x17, 0x00, 0xe3, 
	0x92, 0xc7, 0xfe, 0xb7, 0x47, 0x00, 0x00, 0x23, 0xa8, 0xe7, 0x00, 
	0x23, 0xa8, 0xe7, 0x00, 0x67, 0x80, 0x00, 0x00, 0x13, 0x07, 0x20, 
	0x00, 0xb7, 0x47, 0x00, 0x00, 0x23, 0xa2, 0xe7, 0x00, 0x03, 0x47, 
	0x05, 0x00, 0x63, 0x00, 0x07, 0x04, 0xb7, 0x45, 0x00, 0x00, 0x13, 
	0x86, 0x05, 0x00, 0x93, 0x86, 0x05, 0x00, 0x13, 0x06, 0x86, 0x00, 
	0x93, 0x85, 0xc5, 0x00, 0x93, 0x86, 0x46, 0x01, 0x93, 0x07, 0x00, 
	0x00, 0x13, 0x08, 0x10, 0x00, 0x23, 0xa0, 0xe5, 0x00, 0x23, 0x20, 
	0xf6, 0x00, 0x93, 0x87, 0x17, 0x00, 0x23, 0xa0, 0x06, 0x01, 0x33, 
	0x07, 0xf5, 0x00, 0x03, 0x47, 0x07, 0x00, 0xe3, 0x14, 0x07, 0xfe, 
	0xb7, 0x47, 0x00, 0x00, 0x13, 0x07, 0x10, 0x00, 0x23, 0xa8, 0xe7, 
	0x00, 0x67, 0x80, 0x00, 0x00, 0x93, 0x07, 0xa0, 0x0f, 0x13, 0x00, 
	0x00, 0x00, 0x93, 0x87, 0xf7, 0xff, 0xe3, 0x9c, 0x07, 0xfe, 0x93, 
	0x77, 0xf5, 0x0f, 0x37, 0x07, 0x01, 0xff, 0x23, 0x08, 0xf7, 0x02, 
	0x13, 0x05, 0x00, 0x00, 0x67, 0x80, 0x00, 0x00, 0x13, 0x01, 0x01, 
	0xeb, 0x23, 0x24, 0x81, 0x14, 0x23, 0x20, 0x21, 0x15, 0x23, 0x2e, 
	0x31, 0x13, 0x23, 0x2a, 0x51, 0x13, 0x23, 0x26, 0x11, 0x14, 0x23, 
	0x22, 0x91, 0x14, 0x23, 0x2c, 0x41, 0x13, 0x23, 0x26, 0x71, 0x13, 
	0x23, 0x24, 0x81, 0x13, 0x23, 0x22, 0x91, 0x13, 0x23, 0x20, 0xa1, 
	0x13, 0x93, 0x09, 0x05, 0x00, 0x13, 0x89, 0x05, 0x00, 0x13, 0x04, 
	0x06, 0x00, 0x23, 0x26, 0xd1, 0x00, 0x93, 0x0a, 0x50, 0x02, 0x6f, 
	0x00, 0x40, 0x01, 0x63, 0x04, 0x05, 0x06, 0x93, 0x05, 0x09, 0x00, 
	0x13, 0x04, 0x14, 0x00, 0xe7, 0x80, 0x09, 0x00, 0x03, 0x45, 0x04, 
	0x00, 0xe3, 0x16, 0x55, 0xff, 0x83, 0x46, 0x14, 0x00, 0x13, 0x0a, 
	0x14, 0x00, 0x93, 0x04, 0xf0, 0xff, 0x93, 0x07, 0x00, 0x02, 0x13, 
	0x07, 0x0a, 0x00, 0x13, 0x8c, 0x04, 0x00, 0x23, 0x24, 0xf1, 0x00, 
	0x93, 0x05, 0x00, 0x00, 0x93, 0x87, 0xd6, 0xfd, 0x93, 0xf7, 0xf7, 
	0x0f, 0x13, 0x06, 0x50, 0x05, 0x13, 0x04, 0x17, 0x00, 0x63, 0x6a, 
	0xf6, 0x06, 0x17, 0x16, 0x00, 0x00, 0x13, 0x06, 0x06, 0x37, 0x93, 
	0x97, 0x27, 0x00, 0xb3, 0x87, 0xc7, 0x00, 0x83, 0xa7, 0x07, 0x00, 
	0xb3, 0x87, 0xc7, 0x00, 0x67, 0x80, 0x07, 0x00, 0x83, 0x20, 0xc1, 
	0x14, 0x03, 0x24, 0x81, 0x14, 0x83, 0x24, 0x41, 0x14, 0x03, 0x29, 
	0x01, 0x14, 0x83, 0x29, 0xc1, 0x13, 0x03, 0x2a, 0x81, 0x13, 0x83, 
	0x2a, 0x41, 0x13, 0x83, 0x2b, 0xc1, 0x12, 0x03, 0x2c, 0x81, 0x12, 
	0x83, 0x2c, 0x41, 0x12, 0x03, 0x2d, 0x01, 0x12, 0x13, 0x01, 0x01, 
	0x15, 0x67, 0x80, 0x00, 0x00, 0x23, 0x24, 0xd1, 0x00, 0x83, 0x46, 
	0x17, 0x00, 0x13, 0x06, 0x50, 0x05, 0x13, 0x07, 0x04, 0x00, 0x93, 
	0x87, 0xd6, 0xfd, 0x93, 0xf7, 0xf7, 0x0f, 0x13, 0x04, 0x17, 0x00, 
	0xe3, 0x7a, 0xf6, 0xf8, 0x93, 0x05, 0x09, 0x00, 0x13, 0x05, 0x50, 
	0x02, 0xe7, 0x80, 0x09, 0x00, 0x13, 0x04, 0x0a, 0x00, 0x6f, 0xf0, 
	0x5f, 0xf4, 0x03, 0x46, 0x17, 0x00, 0x13, 0x05, 0x90, 0x00, 0x93, 
	0x84, 0x06, 0xfd, 0x93, 0x07, 0x06, 0xfd, 0x93, 0x06, 0x06, 0x00, 
	0x13, 0x07, 0x04, 0x00, 0x63, 0x66, 0xf5, 0x02, 0x93, 0x97, 0x24, 
	0x00, 0xb3, 0x87, 0x97, 0x00, 0x13, 0x07, 0x17, 0x00, 0x93, 0x97, 
	0x17, 0x00, 0xb3, 0x87, 0xc7, 0x00, 0x03, 0x46, 0x07, 0x00, 0x93, 
	0x84, 0x07, 0xfd, 0x93, 0x07, 0x06, 0xfd, 0x93, 0x06, 0x06, 0x00, 
	0xe3, 0x7e, 0xf5, 0xfc, 0xe3, 0x52, 0x0c, 0xf2, 0x13, 0x8c, 0x04, 
	0x00, 0x93, 0x04, 0xf0, 0xff, 0x6f, 0xf0, 0x9f, 0xf1, 0x83, 0x46, 
	0x17, 0x00, 0x13, 0x07, 0x04, 0x00, 0x6f, 0xf0, 0xdf, 0xf0, 0x93, 
	0x05, 0x09, 0x00, 0x13, 0x05, 0x50, 0x02, 0xe7, 0x80, 0x09, 0x00, 
	0x6f, 0xf0, 0x5f, 0xed, 0x83, 0x27, 0xc1, 0x00, 0x83, 0x46, 0x17, 
	0x00, 0x13, 0x07, 0x04, 0x00, 0x83, 0xa4, 0x07, 0x00, 0x93, 0x87, 
	0x47, 0x00, 0x23, 0x26, 0xf1, 0x00, 0x6f, 0xf0, 0xdf, 0xfb, 0x93, 
	0x05, 0x09, 0x00, 0x13, 0x05, 0x00, 0x03, 0x23, 0x28, 0x61, 0x13, 
	0xe7, 0x80, 0x09, 0x00, 0x93, 0x05, 0x09, 0x00, 0x13, 0x05, 0x80, 
	0x07, 0xe7, 0x80, 0x09, 0x00, 0x83, 0x27, 0xc1, 0x00, 0x93, 0x0b, 
	0x00, 0x01, 0x13, 0x0d, 0x00, 0x00, 0x13, 0x87, 0x47, 0x00, 0x83, 
	0x27, 0xc1, 0x00, 0x93, 0x0c, 0x00, 0x00, 0x83, 0xa4, 0x07, 0x00, 
	0x23, 0x26, 0xe1, 0x00, 0x13, 0x86, 0x0b, 0x00, 0x93, 0x06, 0x00, 
	0x00, 0x13, 0x85, 0x04, 0x00, 0x93, 0x85, 0x0c, 0x00, 0xef, 0x00, 
	0xd0, 0x4e, 0x23, 0x28, 0xa1, 0x00, 0x63, 0x08, 0x9d, 0x27, 0x23, 
	0x2e, 0xb1, 0x11, 0x13, 0x0b, 0x10, 0x00, 0x93, 0x0d, 0x41, 0x01, 
	0x13, 0x85, 0x04, 0x00, 0x93, 0x85, 0x0c, 0x00, 0x13, 0x86, 0x0b, 
	0x00, 0x93, 0x06, 0x00, 0x00, 0xef, 0x00, 0x90, 0x09, 0x13, 0x86, 
	0x0b, 0x00, 0x93, 0x06, 0x00, 0x00, 0x93, 0x04, 0x05, 0x00, 0x93, 
	0x8c, 0x05, 0x00, 0xef, 0x00, 0x10, 0x4b, 0x23, 0xa0, 0xad, 0x00, 
	0x13, 0x0a, 0x0b, 0x00, 0x93, 0x8d, 0x4d, 0x00, 0x13, 0x0b, 0x1b, 
	0x00, 0xe3, 0x14, 0x9d, 0xfd, 0xe3, 0xf2, 0x74, 0xfd, 0x83, 0x2d, 
	0xc1, 0x11, 0x93, 0x0b, 0xfc, 0xff, 0x93, 0x04, 0xfb, 0xff, 0x63, 
	0x5c, 0x8b, 0x01, 0x03, 0x25, 0x81, 0x00, 0x93, 0x05, 0x09, 0x00, 
	0x93, 0x8b, 0xfb, 0xff, 0xe7, 0x80, 0x09, 0x00, 0xe3, 0x98, 0x9b, 
	0xfe, 0x13, 0x1a, 0x2a, 0x00, 0x93, 0x04, 0x01, 0x01, 0x33, 0x8a, 
	0x44, 0x01, 0x13, 0x0b, 0x90, 0x00, 0x6f, 0x00, 0x80, 0x00, 0x13, 
	0x8a, 0x07, 0x00, 0x83, 0x27, 0x0a, 0x00, 0x13, 0x05, 0x00, 0x03, 
	0x63, 0x74, 0xfb, 0x00, 0x13, 0x05, 0x70, 0x05, 0x33, 0x85, 0xa7, 
	0x00, 0x93, 0x05, 0x09, 0x00, 0xe7, 0x80, 0x09, 0x00, 0x93, 0x07, 
	0xca, 0xff, 0xe3, 0x9e, 0x44, 0xfd, 0x03, 0x2b, 0x01, 0x13, 0x6f, 
	0xf0, 0xdf, 0xda, 0x23, 0x28, 0x61, 0x13, 0x93, 0x07, 0x10, 0x00, 
	0x63, 0xc0, 0xb7, 0x1c, 0x83, 0x27, 0xc1, 0x00, 0x83, 0xa4, 0x07, 
	0x00, 0x93, 0x87, 0x47, 0x00, 0x23, 0x26, 0xf1, 0x00, 0x93, 0xdc, 
	0xf4, 0x41, 0x63, 0xd0, 0x0c, 0x02, 0x93, 0x05, 0x09, 0x00, 0x13, 
	0x05, 0xd0, 0x02, 0xe7, 0x80, 0x09, 0x00, 0x33, 0x37, 0x90, 0x00, 
	0xb3, 0x07, 0x90, 0x41, 0xb3, 0x8c, 0xe7, 0x40, 0xb3, 0x04, 0x90, 
	0x40, 0x93, 0x0b, 0xa0, 0x00, 0x13, 0x0d, 0x00, 0x00, 0x6f, 0xf0, 
	0x9f, 0xee, 0x83, 0x46, 0x17, 0x00, 0x93, 0x85, 0x15, 0x00, 0x13, 
	0x07, 0x04, 0x00, 0x6f, 0xf0, 0x9f, 0xd7, 0x23, 0x28, 0x61, 0x13, 
	0x93, 0x0b, 0x00, 0x01, 0x13, 0x0d, 0x00, 0x00, 0x93, 0x07, 0x10, 
	0x00, 0x63, 0xc6, 0xb7, 0x12, 0x83, 0x27, 0xc1, 0x00, 0x13, 0x87, 
	0x47, 0x00, 0x6f, 0xf0, 0x9f, 0xea, 0x83, 0x27, 0xc1, 0x00, 0x03, 
	0xaa, 0x07, 0x00, 0x63, 0x0a, 0x0a, 0x06, 0x63, 0x56, 0x80, 0x0d, 
	0x03, 0x27, 0x81, 0x00, 0x93, 0x07, 0xd0, 0x02, 0x63, 0x10, 0xf7, 
	0x08, 0x03, 0x45, 0x0a, 0x00, 0x63, 0x0c, 0x05, 0x02, 0x23, 0x28, 
	0x61, 0x13, 0x13, 0x0b, 0xf0, 0xff, 0x63, 0xc6, 0x04, 0x00, 0x93, 
	0x84, 0xf4, 0xff, 0x63, 0x8e, 0x64, 0x01, 0x93, 0x05, 0x09, 0x00, 
	0xe7, 0x80, 0x09, 0x00, 0x03, 0x45, 0x1a, 0x00, 0x13, 0x0a, 0x1a, 
	0x00, 0x13, 0x0c, 0xfc, 0xff, 0xe3, 0x10, 0x05, 0xfe, 0x03, 0x2b, 
	0x01, 0x13, 0x63, 0x5c, 0x80, 0x01, 0x93, 0x05, 0x09, 0x00, 0x13, 
	0x05, 0x00, 0x02, 0x13, 0x0c, 0xfc, 0xff, 0xe7, 0x80, 0x09, 0x00, 
	0xe3, 0x18, 0x0c, 0xfe, 0x83, 0x27, 0xc1, 0x00, 0x93, 0x87, 0x47, 
	0x00, 0x23, 0x26, 0xf1, 0x00, 0x6f, 0xf0, 0x5f, 0xcb, 0x63, 0x58, 
	0x80, 0x11, 0x03, 0x27, 0x81, 0x00, 0x93, 0x07, 0xd0, 0x02, 0x17, 
	0x1a, 0x00, 0x00, 0x13, 0x0a, 0x0a, 0x01, 0x13, 0x05, 0x80, 0x02, 
	0xe3, 0x08, 0xf7, 0xf8, 0x93, 0x07, 0x0a, 0x00, 0xb3, 0x06, 0x9a, 
	0x00, 0x63, 0x98, 0x04, 0x00, 0x6f, 0x00, 0x00, 0x02, 0x93, 0x87, 
	0x17, 0x00, 0x63, 0x86, 0xd7, 0x00, 0x03, 0xc7, 0x07, 0x00, 0xe3, 
	0x1a, 0x07, 0xfe, 0xb3, 0x87, 0x47, 0x41, 0x33, 0x0c, 0xfc, 0x40, 
	0x63, 0x5c, 0x80, 0x01, 0x03, 0x25, 0x81, 0x00, 0x93, 0x05, 0x09, 
	0x00, 0x13, 0x0c, 0xfc, 0xff, 0xe7, 0x80, 0x09, 0x00, 0xe3, 0x18, 
	0x0c, 0xfe, 0x03, 0x45, 0x0a, 0x00, 0xe3, 0x08, 0x05, 0xf8, 0x23, 
	0x28, 0x61, 0x13, 0x6f, 0xf0, 0x5f, 0xf4, 0x93, 0x47, 0xfc, 0xff, 
	0x93, 0xd7, 0xf7, 0x41, 0x83, 0x46, 0x17, 0x00, 0x33, 0x7c, 0xfc, 
	0x00, 0x13, 0x07, 0x04, 0x00, 0x6f, 0xf0, 0x9f, 0xc5, 0x83, 0x27, 
	0xc1, 0x00, 0x93, 0x05, 0x09, 0x00, 0x03, 0xa5, 0x07, 0x00, 0x93, 
	0x84, 0x47, 0x00, 0xe7, 0x80, 0x09, 0x00, 0x23, 0x26, 0x91, 0x00, 
	0x6f, 0xf0, 0x5f, 0xc1, 0x83, 0x27, 0xc1, 0x00, 0x93, 0x87, 0x77, 
	0x00, 0x93, 0xf7, 0x87, 0xff, 0x13, 0x87, 0x87, 0x00, 0x83, 0xa4, 
	0x07, 0x00, 0x83, 0xac, 0x47, 0x00, 0x23, 0x26, 0xe1, 0x00, 0x6f, 
	0xf0, 0xdf, 0xd7, 0xe3, 0xfa, 0x74, 0xd9, 0x13, 0x0a, 0x00, 0x00, 
	0x13, 0x0b, 0x10, 0x00, 0x6f, 0xf0, 0x9f, 0xdd, 0x83, 0x27, 0xc1, 
	0x00, 0x93, 0x87, 0x77, 0x00, 0x93, 0xf7, 0x87, 0xff, 0x13, 0x87, 
	0x87, 0x00, 0x83, 0xa4, 0x07, 0x00, 0x83, 0xac, 0x47, 0x00, 0x23, 
	0x26, 0xe1, 0x00, 0x6f, 0xf0, 0xdf, 0xe3, 0x23, 0x28, 0x61, 0x13, 
	0x93, 0x0b, 0xa0, 0x00, 0x13, 0x0d, 0x00, 0x00, 0x6f, 0xf0, 0x5f, 
	0xe7, 0x23, 0x28, 0x61, 0x13, 0x93, 0x0b, 0x80, 0x00, 0x13, 0x0d, 
	0x00, 0x00, 0x6f, 0xf0, 0x5f, 0xe6, 0x23, 0x28, 0x61, 0x13, 0x17, 
	0x1a, 0x00, 0x00, 0x13, 0x0a, 0x8a, 0xf0, 0x13, 0x05, 0x80, 0x02, 
	0x13, 0x0b, 0xf0, 0xff, 0x6f, 0xf0, 0xdf, 0xe8, 0x83, 0xa7, 0x05, 
	0x00, 0x23, 0x80, 0xa7, 0x00, 0x83, 0xa7, 0x05, 0x00, 0x93, 0x87, 
	0x17, 0x00, 0x23, 0xa0, 0xf5, 0x00, 0x67, 0x80, 0x00, 0x00, 0x73, 
	0x27, 0x00, 0xb0, 0x97, 0x27, 0x00, 0x00, 0x93, 0x87, 0x47, 0xfc, 
	0x63, 0x0a, 0x05, 0x00, 0x23, 0xa0, 0xe7, 0x00, 0x73, 0x27, 0x20, 
	0xb0, 0x23, 0xa2, 0xe7, 0x00, 0x67, 0x80, 0x00, 0x00, 0x83, 0xa5, 
	0x07, 0x00, 0x97, 0x26, 0x00, 0x00, 0x93, 0x86, 0xc6, 0xf9, 0x17, 
	0x16, 0x00, 0x00, 0x13, 0x06, 0x86, 0xeb, 0x33, 0x07, 0xb7, 0x40, 
	0x23, 0xa0, 0xe7, 0x00, 0x23, 0xa0, 0xc6, 0x00, 0x73, 0x27, 0x20, 
	0xb0, 0x03, 0xa6, 0x47, 0x00, 0x97, 0x15, 0x00, 0x00, 0x93, 0x85, 
	0x45, 0xea, 0x23, 0xa2, 0xb6, 0x00, 0x33, 0x07, 0xc7, 0x40, 0x23, 
	0xa2, 0xe7, 0x00, 0x67, 0x80, 0x00, 0x00, 0x93, 0x16, 0x15, 0x00, 
	0x13, 0xe7, 0x16, 0x00, 0x97, 0xf6, 0xff, 0xff, 0x93, 0x86, 0x46, 
	0x8a, 0x93, 0x07, 0x00, 0x00, 0x23, 0xa0, 0xe6, 0x00, 0x23, 0xa2, 
	0xf6, 0x00, 0x6f, 0x00, 0x00, 0x00, 0x37, 0x16, 0x00, 0x00, 0x97, 
	0xf7, 0xff, 0xff, 0x93, 0x87, 0x87, 0x88, 0x13, 0x06, 0x36, 0xa7, 
	0x93, 0x06, 0x00, 0x00, 0x23, 0xa0, 0xc7, 0x00, 0x23, 0xa2, 0xd7, 
	0x00, 0x6f, 0x00, 0x00, 0x00, 0x13, 0x01, 0x01, 0xff, 0x23, 0x26, 
	0x11, 0x00, 0xef, 0xf0, 0x9f, 0xfb, 0x97, 0xf7, 0xff, 0xff, 0x93, 
	0x87, 0x07, 0x86, 0x13, 0x06, 0xd0, 0x10, 0x93, 0x06, 0x00, 0x00, 
	0x23, 0xa0, 0xc7, 0x00, 0x23, 0xa2, 0xd7, 0x00, 0x6f, 0x00, 0x00, 
	0x00, 0x83, 0x46, 0x05, 0x00, 0x37, 0x06, 0x01, 0xff, 0x13, 0x07, 
	0x05, 0x00, 0x13, 0x06, 0x06, 0x03, 0x63, 0x84, 0x06, 0x02, 0x93, 
	0x07, 0xa0, 0x0f, 0x13, 0x00, 0x00, 0x00, 0x93, 0x87, 0xf7, 0xff, 
	0xe3, 0x9c, 0x07, 0xfe, 0x23, 0x00, 0xd6, 0x00, 0x83, 0x46, 0x17, 
	0x00, 0x13, 0x07, 0x17, 0x00, 0xe3, 0x92, 0x06, 0xfe, 0x67, 0x80, 
	0x00, 0x00, 0x67, 0x80, 0x00, 0x00, 0x63, 0x14, 0x05, 0x00, 0x67, 
	0x80, 0x00, 0x00, 0x6f, 0x00, 0x00, 0x00, 0x13, 0x01, 0x01, 0xfe, 
	0x13, 0x86, 0x05, 0x00, 0x13, 0x07, 0x05, 0x00, 0x93, 0x05, 0xc1, 
	0x00, 0x93, 0x06, 0xb1, 0x01, 0x13, 0x08, 0x90, 0x00, 0x6f, 0x00, 
	0x80, 0x00, 0x93, 0x86, 0x07, 0x00, 0x93, 0x77, 0xf7, 0x00, 0xb3, 
	0x37, 0xf8, 0x00, 0xb3, 0x07, 0xf0, 0x40, 0x93, 0xf7, 0x77, 0x02, 
	0x13, 0x75, 0xf7, 0x00, 0x93, 0x87, 0x07, 0x03, 0xb3, 0x87, 0xa7, 
	0x00, 0x23, 0x80, 0xf6, 0x00, 0x13, 0x57, 0x47, 0x00, 0x93, 0x17, 
	0xc6, 0x01, 0x33, 0xe7, 0xe7, 0x00, 0x13, 0x56, 0x46, 0x00, 0x93, 
	0x87, 0xf6, 0xff, 0xe3, 0x94, 0xd5, 0xfc, 0x83, 0x46, 0xc1, 0x00, 
	0x37, 0x06, 0x01, 0xff, 0x23, 0x0e, 0x01, 0x00, 0x13, 0x87, 0x05, 
	0x00, 0x13, 0x06, 0x06, 0x03, 0x63, 0x82, 0x06, 0x02, 0x93, 0x07, 
	0xa0, 0x0f, 0x13, 0x00, 0x00, 0x00, 0x93, 0x87, 0xf7, 0xff, 0xe3, 
	0x9c, 0x07, 0xfe, 0x23, 0x00, 0xd6, 0x00, 0x83, 0x46, 0x17, 0x00, 
	0x13, 0x07, 0x17, 0x00, 0xe3, 0x92, 0x06, 0xfe, 0x13, 0x01, 0x01, 
	0x02, 0x67, 0x80, 0x00, 0x00, 0x13, 0x01, 0x01, 0xfc, 0x13, 0x03, 
	0x41, 0x02, 0x23, 0x22, 0xb1, 0x02, 0x23, 0x24, 0xc1, 0x02, 0x23, 
	0x26, 0xd1, 0x02, 0x13, 0x06, 0x05, 0x00, 0x93, 0x06, 0x03, 0x00, 
	0x17, 0x05, 0x00, 0x00, 0x13, 0x05, 0x05, 0x93, 0x93, 0x05, 0x00, 
	0x00, 0x23, 0x2e, 0x11, 0x00, 0x23, 0x28, 0xe1, 0x02, 0x23, 0x2a, 
	0xf1, 0x02, 0x23, 0x2c, 0x01, 0x03, 0x23, 0x2e, 0x11, 0x03, 0x23, 
	0x26, 0x61, 0x00, 0xef, 0xf0, 0x1f, 0x93, 0x83, 0x20, 0xc1, 0x01, 
	0x13, 0x05, 0x00, 0x00, 0x13, 0x01, 0x01, 0x04, 0x67, 0x80, 0x00, 
	0x00, 0x13, 0x01, 0x01, 0xfb, 0x13, 0x03, 0x81, 0x03, 0x23, 0x24, 
	0x81, 0x02, 0x23, 0x26, 0xa1, 0x00, 0x23, 0x2c, 0xc1, 0x02, 0x23, 
	0x2e, 0xd1, 0x02, 0x13, 0x04, 0x05, 0x00, 0x13, 0x86, 0x05, 0x00, 
	0x17, 0x05, 0x00, 0x00, 0x13, 0x05, 0xc5, 0xdc, 0x93, 0x05, 0xc1, 
	0x00, 0x93, 0x06, 0x03, 0x00, 0x23, 0x26, 0x11, 0x02, 0x23, 0x22, 
	0xf1, 0x04, 0x23, 0x20, 0xe1, 0x04, 0x23, 0x24, 0x01, 0x05, 0x23, 
	0x26, 0x11, 0x05, 0x23, 0x2e, 0x61, 0x00, 0xef, 0xf0, 0x5f, 0x8d, 
	0x83, 0x27, 0xc1, 0x00, 0x23, 0x80, 0x07, 0x00, 0x03, 0x25, 0xc1, 
	0x00, 0x83, 0x20, 0xc1, 0x02, 0x33, 0x05, 0x85, 0x40, 0x03, 0x24, 
	0x81, 0x02, 0x13, 0x01, 0x01, 0x05, 0x67, 0x80, 0x00, 0x00, 0xb3, 
	0xe7, 0xc5, 0x00, 0xb3, 0x67, 0xf5, 0x00, 0x93, 0xf7, 0x37, 0x00, 
	0x93, 0x83, 0x05, 0x00, 0xb3, 0x06, 0xc5, 0x00, 0x63, 0x84, 0x07, 
	0x02, 0x33, 0x86, 0xc5, 0x00, 0x93, 0x07, 0x05, 0x00, 0x63, 0x72, 
	0xd5, 0x0a, 0x03, 0xc7, 0x05, 0x00, 0x93, 0x85, 0x15, 0x00, 0x93, 
	0x87, 0x17, 0x00, 0xa3, 0x8f, 0xe7, 0xfe, 0xe3, 0x98, 0xc5, 0xfe, 
	0x67, 0x80, 0x00, 0x00, 0x13, 0x07, 0x05, 0x02, 0x63, 0x74, 0xd7, 
	0x08, 0x93, 0x07, 0x07, 0x00, 0x83, 0xa2, 0x05, 0x00, 0x83, 0xaf, 
	0x45, 0x00, 0x03, 0xaf, 0x85, 0x00, 0x83, 0xae, 0xc5, 0x00, 0x03, 
	0xae, 0x05, 0x01, 0x03, 0xa3, 0x45, 0x01, 0x83, 0xa8, 0x85, 0x01, 
	0x03, 0xa8, 0xc5, 0x01, 0x93, 0x87, 0x07, 0x02, 0x23, 0xa0, 0x57, 
	0xfc, 0x23, 0xa2, 0xf7, 0xfd, 0x23, 0xa4, 0xe7, 0xfd, 0x23, 0xa6, 
	0xd7, 0xfd, 0x23, 0xa8, 0xc7, 0xfd, 0x23, 0xaa, 0x67, 0xfc, 0x23, 
	0xac, 0x17, 0xfd, 0x23, 0xae, 0x07, 0xfd, 0x93, 0x85, 0x05, 0x02, 
	0xe3, 0xec, 0xd7, 0xfa, 0x13, 0x06, 0xf6, 0xfd, 0x13, 0x76, 0x06, 
	0xfe, 0x93, 0x83, 0x03, 0x02, 0xb3, 0x07, 0xc7, 0x00, 0xb3, 0x85, 
	0xc3, 0x00, 0xe3, 0xf8, 0xd7, 0xf8, 0x03, 0xa7, 0x05, 0x00, 0x93, 
	0x87, 0x47, 0x00, 0x93, 0x85, 0x45, 0x00, 0x23, 0xae, 0xe7, 0xfe, 
	0xe3, 0xe8, 0xd7, 0xfe, 0x67, 0x80, 0x00, 0x00, 0x67, 0x80, 0x00, 
	0x00, 0x93, 0x07, 0x05, 0x00, 0x6f, 0xf0, 0xdf, 0xfd, 0xb3, 0x67, 
	0xc5, 0x00, 0x93, 0xf7, 0x37, 0x00, 0x33, 0x06, 0xc5, 0x00, 0x63, 
	0x80, 0x07, 0x02, 0x93, 0xf5, 0xf5, 0x0f, 0x93, 0x07, 0x05, 0x00, 
	0x63, 0x70, 0xc5, 0x04, 0x93, 0x87, 0x17, 0x00, 0xa3, 0x8f, 0xb7, 
	0xfe, 0xe3, 0x1c, 0xf6, 0xfe, 0x67, 0x80, 0x00, 0x00, 0x93, 0xf5, 
	0xf5, 0x0f, 0x13, 0x97, 0x85, 0x00, 0x33, 0x07, 0xb7, 0x00, 0x93, 
	0x17, 0x07, 0x01, 0x33, 0x07, 0xf7, 0x00, 0xe3, 0x74, 0xc5, 0xfe, 
	0x93, 0x07, 0x05, 0x00, 0x93, 0x87, 0x47, 0x00, 0x23, 0xae, 0xe7, 
	0xfe, 0xe3, 0xec, 0xc7, 0xfe, 0x67, 0x80, 0x00, 0x00, 0x67, 0x80, 
	0x00, 0x00, 0x13, 0x01, 0x01, 0xf6, 0x93, 0x87, 0x01, 0x81, 0x23, 
	0x26, 0x31, 0x09, 0x93, 0x89, 0x01, 0x81, 0x23, 0x24, 0x41, 0x09, 
	0x33, 0x8a, 0xf9, 0x40, 0x23, 0x2a, 0x91, 0x08, 0x23, 0x28, 0x21, 
	0x09, 0x93, 0x04, 0x05, 0x00, 0x13, 0x89, 0x05, 0x00, 0x13, 0x05, 
	0x02, 0x00, 0x93, 0x85, 0x07, 0x00, 0x13, 0x06, 0x0a, 0x00, 0x23, 
	0x2e, 0x11, 0x08, 0x23, 0x2c, 0x81, 0x08, 0x23, 0x22, 0x51, 0x09, 
	0x93, 0x0a, 0x02, 0x00, 0xef, 0xf0, 0x1f, 0xe9, 0x13, 0x86, 0x01, 
	0x81, 0x33, 0x06, 0x36, 0x41, 0x93, 0x05, 0x00, 0x00, 0x33, 0x85, 
	0x4a, 0x01, 0xef, 0xf0, 0xdf, 0xf4, 0x93, 0x05, 0x09, 0x00, 0x13, 
	0x85, 0x04, 0x00, 0xef, 0xf0, 0xdf, 0xd0, 0x93, 0x05, 0x00, 0x00, 
	0x13, 0x05, 0x00, 0x00, 0xef, 0x00, 0x10, 0x1d, 0x17, 0x29, 0x00, 
	0x00, 0x13, 0x09, 0x09, 0xbc, 0x83, 0x26, 0x09, 0x00, 0x13, 0x04, 
	0xf1, 0x03, 0x13, 0x74, 0x04, 0xfc, 0x93, 0x04, 0x05, 0x00, 0x63, 
	0x94, 0x06, 0x04, 0x83, 0x26, 0x49, 0x00, 0x63, 0x96, 0x06, 0x00, 
	0x13, 0x85, 0x04, 0x00, 0xef, 0xf0, 0x1f, 0xc3, 0x13, 0x09, 0x04, 
	0x00, 0x97, 0x29, 0x00, 0x00, 0x93, 0x89, 0x89, 0xb8, 0x03, 0xa6, 
	0x49, 0x00, 0x13, 0x05, 0x09, 0x00, 0x97, 0x15, 0x00, 0x00, 0x93, 
	0x85, 0x85, 0xac, 0xef, 0xf0, 0xdf, 0xda, 0x33, 0x09, 0xa9, 0x00, 
	0xe3, 0x0a, 0x24, 0xfd, 0x13, 0x05, 0x04, 0x00, 0xef, 0xf0, 0x9f, 
	0xc6, 0x6f, 0xf0, 0x9f, 0xfc, 0x97, 0x29, 0x00, 0x00, 0x93, 0x89, 
	0x89, 0xb5, 0x03, 0xa6, 0x09, 0x00, 0x97, 0x15, 0x00, 0x00, 0x93, 
	0x85, 0xc5, 0xa9, 0x13, 0x05, 0x04, 0x00, 0xef, 0xf0, 0xdf, 0xd7, 
	0x83, 0x26, 0x49, 0x00, 0x33, 0x09, 0xa4, 0x00, 0xe3, 0x86, 0x06, 
	0xfc, 0x6f, 0xf0, 0x1f, 0xfb, 0x83, 0x47, 0x05, 0x00, 0x63, 0x8e, 
	0x07, 0x00, 0x93, 0x07, 0x05, 0x00, 0x03, 0xc7, 0x17, 0x00, 0x93, 
	0x87, 0x17, 0x00, 0xe3, 0x1c, 0x07, 0xfe, 0x33, 0x85, 0xa7, 0x40, 
	0x67, 0x80, 0x00, 0x00, 0x13, 0x05, 0x00, 0x00, 0x67, 0x80, 0x00, 
	0x00, 0xb3, 0x06, 0xb5, 0x00, 0x93, 0x07, 0x05, 0x00, 0x63, 0x98, 
	0x05, 0x00, 0x6f, 0x00, 0xc0, 0x01, 0x93, 0x87, 0x17, 0x00, 0x63, 
	0x86, 0xd7, 0x00, 0x03, 0xc7, 0x07, 0x00, 0xe3, 0x1a, 0x07, 0xfe, 
	0x33, 0x85, 0xa7, 0x40, 0x67, 0x80, 0x00, 0x00, 0x13, 0x05, 0x00, 
	0x00, 0x67, 0x80, 0x00, 0x00, 0x83, 0x47, 0x05, 0x00, 0x13, 0x05, 
	0x15, 0x00, 0x93, 0x85, 0x15, 0x00, 0x03, 0xc7, 0xf5, 0xff, 0x63, 
	0x88, 0x07, 0x00, 0xe3, 0x86, 0xe7, 0xfe, 0x33, 0x85, 0xe7, 0x40, 
	0x67, 0x80, 0x00, 0x00, 0x93, 0x07, 0x00, 0x00, 0x6f, 0xf0, 0x5f, 
	0xff, 0x93, 0x07, 0x05, 0x00, 0x03, 0xc7, 0x05, 0x00, 0x93, 0x85, 
	0x15, 0x00, 0x93, 0x87, 0x17, 0x00, 0xa3, 0x8f, 0xe7, 0xfe, 0xe3, 
	0x18, 0x07, 0xfe, 0x67, 0x80, 0x00, 0x00, 0x03, 0x47, 0x05, 0x00, 
	0x93, 0x06, 0x00, 0x02, 0x93, 0x07, 0x05, 0x00, 0x63, 0x1a, 0xd7, 
	0x00, 0x93, 0x06, 0x07, 0x00, 0x03, 0xc7, 0x17, 0x00, 0x93, 0x87, 
	0x17, 0x00, 0xe3, 0x0c, 0xd7, 0xfe, 0x93, 0x06, 0xd0, 0x02, 0x63, 
	0x0e, 0xd7, 0x04, 0x93, 0x06, 0xb0, 0x02, 0x63, 0x00, 0xd7, 0x04, 
	0x83, 0xc6, 0x07, 0x00, 0x93, 0x05, 0x00, 0x00, 0x63, 0x8c, 0x06, 
	0x04, 0x13, 0x05, 0x00, 0x00, 0x93, 0x87, 0x17, 0x00, 0x13, 0x86, 
	0x06, 0xfd, 0x13, 0x17, 0x25, 0x00, 0x83, 0xc6, 0x07, 0x00, 0x33, 
	0x07, 0xa7, 0x00, 0x13, 0x17, 0x17, 0x00, 0x33, 0x05, 0xe6, 0x00, 
	0xe3, 0x92, 0x06, 0xfe, 0x63, 0x8a, 0x05, 0x02, 0x33, 0x05, 0xa0, 
	0x40, 0x67, 0x80, 0x00, 0x00, 0x83, 0xc6, 0x17, 0x00, 0x93, 0x87, 
	0x17, 0x00, 0x63, 0x8e, 0x06, 0x00, 0x93, 0x05, 0x00, 0x00, 0x6f, 
	0xf0, 0x1f, 0xfc, 0x83, 0xc6, 0x17, 0x00, 0x93, 0x05, 0x10, 0x00, 
	0xb3, 0x87, 0xb7, 0x00, 0xe3, 0x98, 0x06, 0xfa, 0x13, 0x05, 0x00, 
	0x00, 0x67, 0x80, 0x00, 0x00, 0x93, 0x08, 0x05, 0x00, 0x13, 0x83, 
	0x05, 0x00, 0x13, 0x07, 0x06, 0x00, 0x13, 0x08, 0x05, 0x00, 0x93, 
	0x87, 0x05, 0x00, 0x63, 0x92, 0x06, 0x28, 0xb7, 0x35, 0x00, 0x40, 
	0x93, 0x85, 0x85, 0x76, 0x63, 0x76, 0xc3, 0x0e, 0xb7, 0x06, 0x01, 
	0x00, 0x63, 0x78, 0xd6, 0x0c, 0x93, 0x36, 0x06, 0x10, 0x93, 0xb6, 
	0x16, 0x00, 0x93, 0x96, 0x36, 0x00, 0x33, 0x55, 0xd6, 0x00, 0xb3, 
	0x85, 0xa5, 0x00, 0x83, 0xc5, 0x05, 0x00, 0x13, 0x05, 0x00, 0x02, 
	0xb3, 0x86, 0xd5, 0x00, 0xb3, 0x05, 0xd5, 0x40, 0x63, 0x0c, 0xd5, 
	0x00, 0xb3, 0x17, 0xb3, 0x00, 0xb3, 0xd6, 0xd8, 0x00, 0x33, 0x17, 
	0xb6, 0x00, 0xb3, 0xe7, 0xf6, 0x00, 0x33, 0x98, 0xb8, 0x00, 0x93, 
	0x55, 0x07, 0x01, 0x33, 0xd3, 0xb7, 0x02, 0x13, 0x16, 0x07, 0x01, 
	0x13, 0x56, 0x06, 0x01, 0xb3, 0xf7, 0xb7, 0x02, 0x13, 0x05, 0x03, 
	0x00, 0xb3, 0x08, 0x66, 0x02, 0x93, 0x96, 0x07, 0x01, 0x93, 0x57, 
	0x08, 0x01, 0xb3, 0xe7, 0xd7, 0x00, 0x63, 0xfe, 0x17, 0x01, 0xb3, 
	0x07, 0xf7, 0x00, 0x13, 0x05, 0xf3, 0xff, 0x63, 0xe8, 0xe7, 0x00, 
	0x63, 0xf6, 0x17, 0x01, 0x13, 0x05, 0xe3, 0xff, 0xb3, 0x87, 0xe7, 
	0x00, 0xb3, 0x87, 0x17, 0x41, 0xb3, 0xd8, 0xb7, 0x02, 0x13, 0x18, 
	0x08, 0x01, 0x13, 0x58, 0x08, 0x01, 0xb3, 0xf7, 0xb7, 0x02, 0xb3, 
	0x06, 0x16, 0x03, 0x93, 0x97, 0x07, 0x01, 0x33, 0x68, 0xf8, 0x00, 
	0x93, 0x87, 0x08, 0x00, 0x63, 0x7c, 0xd8, 0x00, 0x33, 0x08, 0x07, 
	0x01, 0x93, 0x87, 0xf8, 0xff, 0x63, 0x66, 0xe8, 0x00, 0x63, 0x74, 
	0xd8, 0x00, 0x93, 0x87, 0xe8, 0xff, 0x13, 0x15, 0x05, 0x01, 0x33, 
	0x65, 0xf5, 0x00, 0x93, 0x05, 0x00, 0x00, 0x67, 0x80, 0x00, 0x00, 
	0x37, 0x05, 0x00, 0x01, 0x93, 0x06, 0x80, 0x01, 0xe3, 0x7c, 0xa6, 
	0xf2, 0x93, 0x06, 0x00, 0x01, 0x6f, 0xf0, 0x1f, 0xf3, 0x93, 0x06, 
	0x00, 0x00, 0x63, 0x0c, 0x06, 0x00, 0xb7, 0x07, 0x01, 0x00, 0x63, 
	0x70, 0xf6, 0x0c, 0x93, 0x36, 0x06, 0x10, 0x93, 0xb6, 0x16, 0x00, 
	0x93, 0x96, 0x36, 0x00, 0xb3, 0x57, 0xd6, 0x00, 0xb3, 0x85, 0xf5, 
	0x00, 0x83, 0xc7, 0x05, 0x00, 0xb3, 0x87, 0xd7, 0x00, 0x93, 0x06, 
	0x00, 0x02, 0xb3, 0x85, 0xf6, 0x40, 0x63, 0x96, 0xf6, 0x0a, 0xb3, 
	0x07, 0xc3, 0x40, 0x93, 0x05, 0x10, 0x00, 0x93, 0x58, 0x07, 0x01, 
	0x33, 0xde, 0x17, 0x03, 0x13, 0x16, 0x07, 0x01, 0x13, 0x56, 0x06, 
	0x01, 0x93, 0x56, 0x08, 0x01, 0xb3, 0xf7, 0x17, 0x03, 0x13, 0x05, 
	0x0e, 0x00, 0x33, 0x03, 0xc6, 0x03, 0x93, 0x97, 0x07, 0x01, 0xb3, 
	0xe7, 0xf6, 0x00, 0x63, 0xfe, 0x67, 0x00, 0xb3, 0x07, 0xf7, 0x00, 
	0x13, 0x05, 0xfe, 0xff, 0x63, 0xe8, 0xe7, 0x00, 0x63, 0xf6, 0x67, 
	0x00, 0x13, 0x05, 0xee, 0xff, 0xb3, 0x87, 0xe7, 0x00, 0xb3, 0x87, 
	0x67, 0x40, 0x33, 0xd3, 0x17, 0x03, 0x13, 0x18, 0x08, 0x01, 0x13, 
	0x58, 0x08, 0x01, 0xb3, 0xf7, 0x17, 0x03, 0xb3, 0x06, 0x66, 0x02, 
	0x93, 0x97, 0x07, 0x01, 0x33, 0x68, 0xf8, 0x00, 0x93, 0x07, 0x03, 
	0x00, 0x63, 0x7c, 0xd8, 0x00, 0x33, 0x08, 0x07, 0x01, 0x93, 0x07, 
	0xf3, 0xff, 0x63, 0x66, 0xe8, 0x00, 0x63, 0x74, 0xd8, 0x00, 0x93, 
	0x07, 0xe3, 0xff, 0x13, 0x15, 0x05, 0x01, 0x33, 0x65, 0xf5, 0x00, 
	0x67, 0x80, 0x00, 0x00, 0xb7, 0x07, 0x00, 0x01, 0x93, 0x06, 0x80, 
	0x01, 0xe3, 0x74, 0xf6, 0xf4, 0x93, 0x06, 0x00, 0x01, 0x6f, 0xf0, 
	0x1f, 0xf4, 0x33, 0x17, 0xb6, 0x00, 0xb3, 0x56, 0xf3, 0x00, 0x13, 
	0x55, 0x07, 0x01, 0x33, 0x13, 0xb3, 0x00, 0xb3, 0xd7, 0xf8, 0x00, 
	0xb3, 0xe7, 0x67, 0x00, 0x33, 0xd3, 0xa6, 0x02, 0x13, 0x16, 0x07, 
	0x01, 0x13, 0x56, 0x06, 0x01, 0x33, 0x98, 0xb8, 0x00, 0xb3, 0xf6, 
	0xa6, 0x02, 0xb3, 0x08, 0x66, 0x02, 0x93, 0x95, 0x06, 0x01, 0x93, 
	0xd6, 0x07, 0x01, 0xb3, 0xe6, 0xb6, 0x00, 0x93, 0x05, 0x03, 0x00, 
	0x63, 0xfe, 0x16, 0x01, 0xb3, 0x06, 0xd7, 0x00, 0x93, 0x05, 0xf3, 
	0xff, 0x63, 0xe8, 0xe6, 0x00, 0x63, 0xf6, 0x16, 0x01, 0x93, 0x05, 
	0xe3, 0xff, 0xb3, 0x86, 0xe6, 0x00, 0xb3, 0x86, 0x16, 0x41, 0xb3, 
	0xd8, 0xa6, 0x02, 0x93, 0x97, 0x07, 0x01, 0x93, 0xd7, 0x07, 0x01, 
	0xb3, 0xf6, 0xa6, 0x02, 0x33, 0x06, 0x16, 0x03, 0x93, 0x96, 0x06, 
	0x01, 0xb3, 0xe7, 0xd7, 0x00, 0x93, 0x86, 0x08, 0x00, 0x63, 0xfe, 
	0xc7, 0x00, 0xb3, 0x07, 0xf7, 0x00, 0x93, 0x86, 0xf8, 0xff, 0x63, 
	0xe8, 0xe7, 0x00, 0x63, 0xf6, 0xc7, 0x00, 0x93, 0x86, 0xe8, 0xff, 
	0xb3, 0x87, 0xe7, 0x00, 0x93, 0x95, 0x05, 0x01, 0xb3, 0x87, 0xc7, 
	0x40, 0xb3, 0xe5, 0xd5, 0x00, 0x6f, 0xf0, 0x9f, 0xeb, 0x63, 0xe4, 
	0xd5, 0x18, 0xb7, 0x07, 0x01, 0x00, 0x63, 0xf4, 0xf6, 0x04, 0x93, 
	0xb7, 0x06, 0x10, 0x93, 0xb7, 0x17, 0x00, 0x93, 0x97, 0x37, 0x00, 
	0x37, 0x37, 0x00, 0x40, 0xb3, 0xd5, 0xf6, 0x00, 0x13, 0x07, 0x87, 
	0x76, 0x33, 0x07, 0xb7, 0x00, 0x03, 0x47, 0x07, 0x00, 0x33, 0x07, 
	0xf7, 0x00, 0x93, 0x07, 0x00, 0x02, 0xb3, 0x85, 0xe7, 0x40, 0x63, 
	0x96, 0xe7, 0x02, 0x13, 0x05, 0x10, 0x00, 0xe3, 0xee, 0x66, 0xe0, 
	0x33, 0xb5, 0xc8, 0x00, 0x13, 0x35, 0x15, 0x00, 0x67, 0x80, 0x00, 
	0x00, 0x37, 0x07, 0x00, 0x01, 0x93, 0x07, 0x80, 0x01, 0xe3, 0xf0, 
	0xe6, 0xfc, 0x93, 0x07, 0x00, 0x01, 0x6f, 0xf0, 0x9f, 0xfb, 0x33, 
	0x55, 0xe6, 0x00, 0xb3, 0x96, 0xb6, 0x00, 0xb3, 0x57, 0xe3, 0x00, 
	0x33, 0x65, 0xd5, 0x00, 0x33, 0x13, 0xb3, 0x00, 0x33, 0xd7, 0xe8, 
	0x00, 0x33, 0x67, 0x67, 0x00, 0x13, 0x53, 0x05, 0x01, 0xb3, 0xde, 
	0x67, 0x02, 0x13, 0x18, 0x05, 0x01, 0x13, 0x58, 0x08, 0x01, 0x93, 
	0x56, 0x07, 0x01, 0x33, 0x16, 0xb6, 0x00, 0xb3, 0xf7, 0x67, 0x02, 
	0x33, 0x0e, 0xd8, 0x03, 0x93, 0x97, 0x07, 0x01, 0xb3, 0xe6, 0xf6, 
	0x00, 0x93, 0x87, 0x0e, 0x00, 0x63, 0xfe, 0xc6, 0x01, 0xb3, 0x06, 
	0xd5, 0x00, 0x93, 0x87, 0xfe, 0xff, 0x63, 0xe8, 0xa6, 0x00, 0x63, 
	0xf6, 0xc6, 0x01, 0x93, 0x87, 0xee, 0xff, 0xb3, 0x86, 0xa6, 0x00, 
	0xb3, 0x86, 0xc6, 0x41, 0x33, 0xde, 0x66, 0x02, 0x13, 0x17, 0x07, 
	0x01, 0x13, 0x57, 0x07, 0x01, 0xb3, 0xf6, 0x66, 0x02, 0x33, 0x08, 
	0xc8, 0x03, 0x93, 0x96, 0x06, 0x01, 0x33, 0x67, 0xd7, 0x00, 0x93, 
	0x06, 0x0e, 0x00, 0x63, 0x7e, 0x07, 0x01, 0x33, 0x07, 0xe5, 0x00, 
	0x93, 0x06, 0xfe, 0xff, 0x63, 0x68, 0xa7, 0x00, 0x63, 0x76, 0x07, 
	0x01, 0x93, 0x06, 0xee, 0xff, 0x33, 0x07, 0xa7, 0x00, 0x93, 0x97, 
	0x07, 0x01, 0x33, 0xe5, 0xd7, 0x00, 0x13, 0x13, 0x06, 0x01, 0x93, 
	0x96, 0x06, 0x01, 0x93, 0xd6, 0x06, 0x01, 0x13, 0x53, 0x03, 0x01, 
	0x13, 0x56, 0x06, 0x01, 0x33, 0x07, 0x07, 0x41, 0x13, 0x58, 0x05, 
	0x01, 0x33, 0x8e, 0x66, 0x02, 0x33, 0x03, 0x68, 0x02, 0x93, 0x57, 
	0x0e, 0x01, 0xb3, 0x86, 0xc6, 0x02, 0xb3, 0x86, 0x66, 0x00, 0xb3, 
	0x87, 0xd7, 0x00, 0x33, 0x08, 0xc8, 0x02, 0x63, 0xf6, 0x67, 0x00, 
	0xb7, 0x06, 0x01, 0x00, 0x33, 0x08, 0xd8, 0x00, 0x93, 0xd6, 0x07, 
	0x01, 0xb3, 0x86, 0x06, 0x01, 0x63, 0x62, 0xd7, 0x02, 0xe3, 0x1c, 
	0xd7, 0xce, 0x13, 0x1e, 0x0e, 0x01, 0x93, 0x97, 0x07, 0x01, 0x13, 
	0x5e, 0x0e, 0x01, 0xb3, 0x98, 0xb8, 0x00, 0xb3, 0x87, 0xc7, 0x01, 
	0x93, 0x05, 0x00, 0x00, 0xe3, 0xf0, 0xf8, 0xce, 0x13, 0x05, 0xf5, 
	0xff, 0x6f, 0xf0, 0x5f, 0xcd, 0x93, 0x05, 0x00, 0x00, 0x13, 0x05, 
	0x00, 0x00, 0x67, 0x80, 0x00, 0x00, 0x13, 0x08, 0x06, 0x00, 0x93, 
	0x07, 0x05, 0x00, 0x13, 0x87, 0x05, 0x00, 0x63, 0x96, 0x06, 0x20, 
	0xb7, 0x38, 0x00, 0x40, 0x93, 0x88, 0x88, 0x76, 0x63, 0xfc, 0xc5, 
	0x0c, 0xb7, 0x06, 0x01, 0x00, 0x63, 0x7e, 0xd6, 0x0a, 0x93, 0x36, 
	0x06, 0x10, 0x93, 0xb6, 0x16, 0x00, 0x93, 0x96, 0x36, 0x00, 0x33, 
	0x53, 0xd6, 0x00, 0xb3, 0x88, 0x68, 0x00, 0x83, 0xc8, 0x08, 0x00, 
	0x13, 0x03, 0x00, 0x02, 0xb3, 0x86, 0xd8, 0x00, 0xb3, 0x08, 0xd3, 
	0x40, 0x63, 0x0c, 0xd3, 0x00, 0x33, 0x97, 0x15, 0x01, 0xb3, 0x56, 
	0xd5, 0x00, 0x33, 0x18, 0x16, 0x01, 0x33, 0xe7, 0xe6, 0x00, 0xb3, 
	0x17, 0x15, 0x01, 0x13, 0x56, 0x08, 0x01, 0xb3, 0x56, 0xc7, 0x02, 
	0x13, 0x15, 0x08, 0x01, 0x13, 0x55, 0x05, 0x01, 0x33, 0x77, 0xc7, 
	0x02, 0xb3, 0x86, 0xa6, 0x02, 0x93, 0x15, 0x07, 0x01, 0x13, 0xd7, 
	0x07, 0x01, 0x33, 0x67, 0xb7, 0x00, 0x63, 0x7a, 0xd7, 0x00, 0x33, 
	0x07, 0xe8, 0x00, 0x63, 0x66, 0x07, 0x01, 0x63, 0x74, 0xd7, 0x00, 
	0x33, 0x07, 0x07, 0x01, 0x33, 0x07, 0xd7, 0x40, 0xb3, 0x56, 0xc7, 
	0x02, 0x33, 0x77, 0xc7, 0x02, 0xb3, 0x86, 0xa6, 0x02, 0x93, 0x97, 
	0x07, 0x01, 0x13, 0x17, 0x07, 0x01, 0x93, 0xd7, 0x07, 0x01, 0xb3, 
	0xe7, 0xe7, 0x00, 0x63, 0xfa, 0xd7, 0x00, 0xb3, 0x07, 0xf8, 0x00, 
	0x63, 0xe6, 0x07, 0x01, 0x63, 0xf4, 0xd7, 0x00, 0xb3, 0x87, 0x07, 
	0x01, 0xb3, 0x87, 0xd7, 0x40, 0x33, 0xd5, 0x17, 0x01, 0x93, 0x05, 
	0x00, 0x00, 0x67, 0x80, 0x00, 0x00, 0x37, 0x03, 0x00, 0x01, 0x93, 
	0x06, 0x80, 0x01, 0xe3, 0x76, 0x66, 0xf4, 0x93, 0x06, 0x00, 0x01, 
	0x6f, 0xf0, 0x5f, 0xf4, 0x93, 0x06, 0x00, 0x00, 0x63, 0x0c, 0x06, 
	0x00, 0x37, 0x07, 0x01, 0x00, 0x63, 0x7e, 0xe6, 0x06, 0x93, 0x36, 
	0x06, 0x10, 0x93, 0xb6, 0x16, 0x00, 0x93, 0x96, 0x36, 0x00, 0x33, 
	0x57, 0xd6, 0x00, 0xb3, 0x88, 0xe8, 0x00, 0x03, 0xc7, 0x08, 0x00, 
	0x33, 0x07, 0xd7, 0x00, 0x93, 0x06, 0x00, 0x02, 0xb3, 0x88, 0xe6, 
	0x40, 0x63, 0x94, 0xe6, 0x06, 0x33, 0x87, 0xc5, 0x40, 0x93, 0x55, 
	0x08, 0x01, 0x33, 0x56, 0xb7, 0x02, 0x13, 0x15, 0x08, 0x01, 0x13, 
	0x55, 0x05, 0x01, 0x93, 0xd6, 0x07, 0x01, 0x33, 0x77, 0xb7, 0x02, 
	0x33, 0x06, 0xa6, 0x02, 0x13, 0x17, 0x07, 0x01, 0x33, 0xe7, 0xe6, 
	0x00, 0x63, 0x7a, 0xc7, 0x00, 0x33, 0x07, 0xe8, 0x00, 0x63, 0x66, 
	0x07, 0x01, 0x63, 0x74, 0xc7, 0x00, 0x33, 0x07, 0x07, 0x01, 0x33, 
	0x07, 0xc7, 0x40, 0xb3, 0x56, 0xb7, 0x02, 0x33, 0x77, 0xb7, 0x02, 
	0xb3, 0x86, 0xa6, 0x02, 0x6f, 0xf0, 0x5f, 0xf3, 0x37, 0x07, 0x00, 
	0x01, 0x93, 0x06, 0x80, 0x01, 0xe3, 0x76, 0xe6, 0xf8, 0x93, 0x06, 
	0x00, 0x01, 0x6f, 0xf0, 0x5f, 0xf8, 0x33, 0x18, 0x16, 0x01, 0xb3, 
	0xd6, 0xe5, 0x00, 0xb3, 0x17, 0x15, 0x01, 0xb3, 0x95, 0x15, 0x01, 
	0x33, 0x57, 0xe5, 0x00, 0x13, 0x55, 0x08, 0x01, 0x33, 0x67, 0xb7, 
	0x00, 0xb3, 0xd5, 0xa6, 0x02, 0x13, 0x13, 0x08, 0x01, 0x13, 0x53, 
	0x03, 0x01, 0xb3, 0xf6, 0xa6, 0x02, 0xb3, 0x85, 0x65, 0x02, 0x13, 
	0x96, 0x06, 0x01, 0x93, 0x56, 0x07, 0x01, 0xb3, 0xe6, 0xc6, 0x00, 
	0x63, 0xfa, 0xb6, 0x00, 0xb3, 0x06, 0xd8, 0x00, 0x63, 0xe6, 0x06, 
	0x01, 0x63, 0xf4, 0xb6, 0x00, 0xb3, 0x86, 0x06, 0x01, 0xb3, 0x86, 
	0xb6, 0x40, 0x33, 0xd6, 0xa6, 0x02, 0x13, 0x17, 0x07, 0x01, 0x13, 
	0x57, 0x07, 0x01, 0xb3, 0xf6, 0xa6, 0x02, 0x33, 0x06, 0x66, 0x02, 
	0x93, 0x96, 0x06, 0x01, 0x33, 0x67, 0xd7, 0x00, 0x63, 0x7a, 0xc7, 
	0x00, 0x33, 0x07, 0xe8, 0x00, 0x63, 0x66, 0x07, 0x01, 0x63, 0x74, 
	0xc7, 0x00, 0x33, 0x07, 0x07, 0x01, 0x33, 0x07, 0xc7, 0x40, 0x6f, 
	0xf0, 0x9f, 0xf1, 0x63, 0xe2, 0xd5, 0x1c, 0x37, 0x08, 0x01, 0x00, 
	0x63, 0xfe, 0x06, 0x05, 0x13, 0xb8, 0x06, 0x10, 0x13, 0x38, 0x18, 
	0x00, 0x13, 0x18, 0x38, 0x00, 0xb7, 0x38, 0x00, 0x40, 0x33, 0xd3, 
	0x06, 0x01, 0x93, 0x88, 0x88, 0x76, 0xb3, 0x88, 0x68, 0x00, 0x83, 
	0xc8, 0x08, 0x00, 0x13, 0x03, 0x00, 0x02, 0xb3, 0x88, 0x08, 0x01, 
	0x33, 0x08, 0x13, 0x41, 0x63, 0x10, 0x13, 0x05, 0x63, 0xe4, 0xb6, 
	0x00, 0x63, 0x6c, 0xc5, 0x00, 0x33, 0x06, 0xc5, 0x40, 0xb3, 0x86, 
	0xd5, 0x40, 0x33, 0x37, 0xc5, 0x00, 0x93, 0x07, 0x06, 0x00, 0x33, 
	0x87, 0xe6, 0x40, 0x13, 0x85, 0x07, 0x00, 0x93, 0x05, 0x07, 0x00, 
	0x67, 0x80, 0x00, 0x00, 0xb7, 0x08, 0x00, 0x01, 0x13, 0x08, 0x80, 
	0x01, 0xe3, 0xf6, 0x16, 0xfb, 0x13, 0x08, 0x00, 0x01, 0x6f, 0xf0, 
	0x5f, 0xfa, 0xb3, 0x57, 0x16, 0x01, 0xb3, 0x96, 0x06, 0x01, 0xb3, 
	0xe6, 0xd7, 0x00, 0x33, 0xd7, 0x15, 0x01, 0x13, 0xd3, 0x06, 0x01, 
	0x33, 0x5f, 0x67, 0x02, 0x13, 0x9e, 0x06, 0x01, 0x13, 0x5e, 0x0e, 
	0x01, 0xb3, 0x97, 0x05, 0x01, 0xb3, 0x55, 0x15, 0x01, 0xb3, 0xe5, 
	0xf5, 0x00, 0x93, 0xd7, 0x05, 0x01, 0x33, 0x16, 0x06, 0x01, 0x33, 
	0x15, 0x05, 0x01, 0x33, 0x77, 0x67, 0x02, 0xb3, 0x0e, 0xee, 0x03, 
	0x13, 0x17, 0x07, 0x01, 0xb3, 0xe7, 0xe7, 0x00, 0x13, 0x07, 0x0f, 
	0x00, 0x63, 0xfe, 0xd7, 0x01, 0xb3, 0x87, 0xf6, 0x00, 0x13, 0x07, 
	0xff, 0xff, 0x63, 0xe8, 0xd7, 0x00, 0x63, 0xf6, 0xd7, 0x01, 0x13, 
	0x07, 0xef, 0xff, 0xb3, 0x87, 0xd7, 0x00, 0xb3, 0x87, 0xd7, 0x41, 
	0xb3, 0xde, 0x67, 0x02, 0x93, 0x95, 0x05, 0x01, 0x93, 0xd5, 0x05, 
	0x01, 0xb3, 0xf7, 0x67, 0x02, 0x13, 0x83, 0x0e, 0x00, 0x33, 0x0e, 
	0xde, 0x03, 0x93, 0x97, 0x07, 0x01, 0xb3, 0xe5, 0xf5, 0x00, 0x63, 
	0xfe, 0xc5, 0x01, 0xb3, 0x85, 0xb6, 0x00, 0x13, 0x83, 0xfe, 0xff, 
	0x63, 0xe8, 0xd5, 0x00, 0x63, 0xf6, 0xc5, 0x01, 0x13, 0x83, 0xee, 
	0xff, 0xb3, 0x85, 0xd5, 0x00, 0x93, 0x17, 0x07, 0x01, 0xb3, 0xe7, 
	0x67, 0x00, 0xb3, 0x85, 0xc5, 0x41, 0x13, 0x13, 0x03, 0x01, 0x13, 
	0x1e, 0x06, 0x01, 0x13, 0x57, 0x06, 0x01, 0x13, 0x53, 0x03, 0x01, 
	0x93, 0xd7, 0x07, 0x01, 0x13, 0x5e, 0x0e, 0x01, 0xb3, 0x0e, 0xc3, 
	0x03, 0x33, 0x8e, 0xc7, 0x03, 0x33, 0x03, 0xe3, 0x02, 0xb3, 0x87, 
	0xe7, 0x02, 0x33, 0x03, 0xc3, 0x01, 0x13, 0xd7, 0x0e, 0x01, 0x33, 
	0x07, 0x67, 0x00, 0x63, 0x76, 0xc7, 0x01, 0x37, 0x03, 0x01, 0x00, 
	0xb3, 0x87, 0x67, 0x00, 0x13, 0x53, 0x07, 0x01, 0x93, 0x9e, 0x0e, 
	0x01, 0x13, 0x17, 0x07, 0x01, 0x93, 0xde, 0x0e, 0x01, 0xb3, 0x07, 
	0xf3, 0x00, 0x33, 0x07, 0xd7, 0x01, 0x63, 0xe6, 0xf5, 0x00, 0x63, 
	0x9e, 0xf5, 0x00, 0x63, 0x7c, 0xe5, 0x00, 0x33, 0x06, 0xc7, 0x40, 
	0x33, 0x33, 0xc7, 0x00, 0xb3, 0x06, 0xd3, 0x00, 0x13, 0x07, 0x06, 
	0x00, 0xb3, 0x87, 0xd7, 0x40, 0x33, 0x07, 0xe5, 0x40, 0x33, 0x35, 
	0xe5, 0x00, 0xb3, 0x85, 0xf5, 0x40, 0xb3, 0x85, 0xa5, 0x40, 0xb3, 
	0x98, 0x15, 0x01, 0x33, 0x57, 0x07, 0x01, 0x33, 0xe5, 0xe8, 0x00, 
	0xb3, 0xd5, 0x05, 0x01, 0x67, 0x80, 0x00, 0x00, 0x13, 0x01, 0x01, 
	0xb4, 0x17, 0x05, 0x00, 0x00, 0x13, 0x05, 0x45, 0x0e, 0x23, 0x2e, 
	0x11, 0x4a, 0x23, 0x2c, 0x81, 0x4a, 0xef, 0xf0, 0x0f, 0xbc, 0x13, 
	0x05, 0x10, 0x00, 0xef, 0xf0, 0x0f, 0xa1, 0x97, 0x16, 0x00, 0x00, 
	0x93, 0x86, 0xc6, 0x86, 0x13, 0x04, 0x01, 0x00, 0x13, 0x06, 0x01, 
	0x00, 0x13, 0x85, 0x06, 0x00, 0x97, 0x07, 0x00, 0x00, 0x93, 0x87, 
	0x87, 0x3a, 0x03, 0xa7, 0x07, 0x00, 0x83, 0xa5, 0x06, 0x00, 0x93, 
	0x87, 0x47, 0x00, 0x93, 0x86, 0x46, 0x00, 0x33, 0x07, 0xb7, 0x00, 
	0x23, 0x20, 0xe6, 0x00, 0x13, 0x06, 0x46, 0x00, 0xe3, 0x92, 0xa7, 
	0xfe, 0x13, 0x05, 0x00, 0x00, 0xef, 0xf0, 0xcf, 0x9c, 0x17, 0x05, 
	0x00, 0x00, 0x13, 0x05, 0xc5, 0x09, 0xef, 0xf0, 0x8f, 0xb6, 0x97, 
	0x17, 0x00, 0x00, 0x93, 0x87, 0xc7, 0xcc, 0x13, 0x05, 0x00, 0x00, 
	0x13, 0x08, 0xc0, 0x12, 0x83, 0x26, 0x04, 0x00, 0x03, 0xa7, 0x07, 
	0x00, 0x83, 0x25, 0x44, 0x00, 0x03, 0xa6, 0x47, 0x00, 0x63, 0x96, 
	0xe6, 0x02, 0x13, 0x05, 0x25, 0x00, 0x63, 0x9a, 0xc5, 0x00, 0x13, 
	0x04, 0x84, 0x00, 0x93, 0x87, 0x87, 0x00, 0xe3, 0x1e, 0x05, 0xfd, 
	0x13, 0x05, 0x00, 0x00, 0x83, 0x20, 0xc1, 0x4b, 0x03, 0x24, 0x81, 
	0x4b, 0x13, 0x01, 0x01, 0x4c, 0x67, 0x80, 0x00, 0x00, 0x13, 0x05, 
	0x15, 0x00, 0x6f, 0xf0, 0xdf, 0xfe, 0x13, 0x01, 0x01, 0xff, 0x17, 
	0x05, 0x00, 0x00, 0x13, 0x05, 0xc5, 0x05, 0x23, 0x26, 0x11, 0x00, 
	0xef, 0xf0, 0x0f, 0xa2, 0x83, 0x20, 0xc1, 0x00, 0x13, 0x05, 0xf0, 
	0xff, 0x13, 0x01, 0x01, 0x01, 0x67, 0x80, 0x00, 0x00, 0x52, 0x75, 
	0x6e, 0x6e, 0x69, 0x6e, 0x67, 0x20, 0x76, 0x76, 0x61, 0x64, 0x64, 
	0x2e, 0x2e, 0x2e, 0x0a, 0x0d, 0x00, 0x00, 0x00, 0x00, 0x00, 0x00, 
	0x44, 0x6f, 0x6e, 0x65, 0x0a, 0x0d, 0x00, 0x00, 0x28, 0x6e, 0x75, 
	0x6c, 0x6c, 0x29, 0x00, 0x00, 0x6d, 0x63, 0x79, 0x63, 0x6c, 0x65, 
	0x00, 0x00, 0x6d, 0x69, 0x6e, 0x73, 0x74, 0x72, 0x65, 0x74, 0x00, 
	0x00, 0x00, 0x00, 0x49, 0x6d, 0x70, 0x6c, 0x65, 0x6d, 0x65, 0x6e, 
	0x74, 0x20, 0x6d, 0x61, 0x69, 0x6e, 0x28, 0x29, 0x2c, 0x20, 0x66, 
	0x6f, 0x6f, 0x21, 0x0a, 0x00, 0x25, 0x73, 0x20, 0x3d, 0x20, 0x25, 
	0x64, 0x0a, 0x0d, 0x00, 0x00, 0x00, 0x68, 0xed, 0xff, 0xff, 0x00, 
	0xed, 0xff, 0xff, 0x74, 0xed, 0xff, 0xff, 0x00, 0xed, 0xff, 0xff, 
	0x00, 0xed, 0xff, 0xff, 0x00, 0xed, 0xff, 0xff, 0x00, 0xed, 0xff, 
	0xff, 0x84, 0xed, 0xff, 0xff, 0x00, 0xed, 0xff, 0xff, 0x00, 0xed, 
	0xff, 0xff, 0xe0, 0xec, 0xff, 0xff, 0x10, 0xf0, 0xff, 0xff, 0x00, 
	0xed, 0xff, 0xff, 0xe0, 0xec, 0xff, 0xff, 0x14, 0xed, 0xff, 0xff, 
	0x14, 0xed, 0xff, 0xff, 0x14, 0xed, 0xff, 0xff, 0x14, 0xed, 0xff, 
	0xff, 0x14, 0xed, 0xff, 0xff, 0x14, 0xed, 0xff, 0xff, 0x14, 0xed, 
	0xff, 0xff, 0x14, 0xed, 0xff, 0xff, 0x14, 0xed, 0xff, 0xff, 0x00, 
	0xed, 0xff, 0xff, 0x00, 0xed, 0xff, 0xff, 0x00, 0xed, 0xff, 0xff, 
	0x00, 0xed, 0xff, 0xff, 0x00, 0xed, 0xff, 0xff, 0x00, 0xed, 0xff, 
	0xff, 0x00, 0xed, 0xff, 0xff, 0x00, 0xed, 0xff, 0xff, 0x00, 0xed, 
	0xff, 0xff, 0x00, 0xed, 0xff, 0xff, 0x00, 0xed, 0xff, 0xff, 0x00, 
	0xed, 0xff, 0xff, 0x00, 0xed, 0xff, 0xff, 0x00, 0xed, 0xff, 0xff, 
	0x00, 0xed, 0xff, 0xff, 0x00, 0xed, 0xff, 0xff, 0x00, 0xed, 0xff, 
	0xff, 0x00, 0xed, 0xff, 0xff, 0x00, 0xed, 0xff, 0xff, 0x00, 0xed, 
	0xff, 0xff, 0x00, 0xed, 0xff, 0xff, 0x00, 0xed, 0xff, 0xff, 0x00, 
	0xed, 0xff, 0xff, 0x00, 0xed, 0xff, 0xff, 0x00, 0xed, 0xff, 0xff, 
	0x00, 0xed, 0xff, 0xff, 0x00, 0xed, 0xff, 0xff, 0x00, 0xed, 0xff, 
	0xff, 0x00, 0xed, 0xff, 0xff, 0x00, 0xed, 0xff, 0xff, 0x00, 0xed, 
	0xff, 0xff, 0x00, 0xed, 0xff, 0xff, 0x00, 0xed, 0xff, 0xff, 0x00, 
	0xed, 0xff, 0xff, 0x00, 0xed, 0xff, 0xff, 0x00, 0xed, 0xff, 0xff, 
	0x00, 0xed, 0xff, 0xff, 0x00, 0xed, 0xff, 0xff, 0x00, 0xed, 0xff, 
	0xff, 0x00, 0xed, 0xff, 0xff, 0x00, 0xed, 0xff, 0xff, 0x28, 0xf0, 
	0xff, 0xff, 0xac, 0xee, 0xff, 0xff, 0x00, 0xed, 0xff, 0xff, 0x00, 
	0xed, 0xff, 0xff, 0x00, 0xed, 0xff, 0xff, 0x00, 0xed, 0xff, 0xff, 
	0x00, 0xed, 0xff, 0xff, 0x00, 0xed, 0xff, 0xff, 0x00, 0xed, 0xff, 
	0xff, 0xf8, 0xee, 0xff, 0xff, 0x00, 0xed, 0xff, 0xff, 0x00, 0xed, 
	0xff, 0xff, 0xa4, 0xf0, 0xff, 0xff, 0xa0, 0xed, 0xff, 0xff, 0x00, 
	0xed, 0xff, 0xff, 0x00, 0xed, 0xff, 0xff, 0x28, 0xef, 0xff, 0xff, 
	0x00, 0xed, 0xff, 0xff, 0x94, 0xf0, 0xff, 0xff, 0x00, 0xed, 0xff, 
	0xff, 0x00, 0xed, 0xff, 0xff, 0x08, 0xef, 0xff, 0xff, 0x00, 0x01, 
	0x02, 0x02, 0x03, 0x03, 0x03, 0x03, 0x04, 0x04, 0x04, 0x04, 0x04, 
	0x04, 0x04, 0x04, 0x05, 0x05, 0x05, 0x05, 0x05, 0x05, 0x05, 0x05, 
	0x05, 0x05, 0x05, 0x05, 0x05, 0x05, 0x05, 0x05, 0x06, 0x06, 0x06, 
	0x06, 0x06, 0x06, 0x06, 0x06, 0x06, 0x06, 0x06, 0x06, 0x06, 0x06, 
	0x06, 0x06, 0x06, 0x06, 0x06, 0x06, 0x06, 0x06, 0x06, 0x06, 0x06, 
	0x06, 0x06, 0x06, 0x06, 0x06, 0x06, 0x06, 0x07, 0x07, 0x07, 0x07, 
	0x07, 0x07, 0x07, 0x07, 0x07, 0x07, 0x07, 0x07, 0x07, 0x07, 0x07, 
	0x07, 0x07, 0x07, 0x07, 0x07, 0x07, 0x07, 0x07, 0x07, 0x07, 0x07, 
	0x07, 0x07, 0x07, 0x07, 0x07, 0x07, 0x07, 0x07, 0x07, 0x07, 0x07, 
	0x07, 0x07, 0x07, 0x07, 0x07, 0x07, 0x07, 0x07, 0x07, 0x07, 0x07, 
	0x07, 0x07, 0x07, 0x07, 0x07, 0x07, 0x07, 0x07, 0x07, 0x07, 0x07, 
	0x07, 0x07, 0x07, 0x07, 0x07, 0x08, 0x08, 0x08, 0x08, 0x08, 0x08, 
	0x08, 0x08, 0x08, 0x08, 0x08, 0x08, 0x08, 0x08, 0x08, 0x08, 0x08, 
	0x08, 0x08, 0x08, 0x08, 0x08, 0x08, 0x08, 0x08, 0x08, 0x08, 0x08, 
	0x08, 0x08, 0x08, 0x08, 0x08, 0x08, 0x08, 0x08, 0x08, 0x08, 0x08, 
	0x08, 0x08, 0x08, 0x08, 0x08, 0x08, 0x08, 0x08, 0x08, 0x08, 0x08, 
	0x08, 0x08, 0x08, 0x08, 0x08, 0x08, 0x08, 0x08, 0x08, 0x08, 0x08, 
	0x08, 0x08, 0x08, 0x08, 0x08, 0x08, 0x08, 0x08, 0x08, 0x08, 0x08, 
	0x08, 0x08, 0x08, 0x08, 0x08, 0x08, 0x08, 0x08, 0x08, 0x08, 0x08, 
	0x08, 0x08, 0x08, 0x08, 0x08, 0x08, 0x08, 0x08, 0x08, 0x08, 0x08, 
	0x08, 0x08, 0x08, 0x08, 0x08, 0x08, 0x08, 0x08, 0x08, 0x08, 0x08, 
	0x08, 0x08, 0x08, 0x08, 0x08, 0x08, 0x08, 0x08, 0x08, 0x08, 0x08, 
	0x08, 0x08, 0x08, 0x08, 0x08, 0x08, 0x08, 0x08, 0x08, 0x08, 0x08, 
	0x08, 0x10, 0x00, 0x00, 0x00, 0x00, 0x00, 0x00, 0x00, 0x03, 0x7a, 
	0x52, 0x00, 0x01, 0x7c, 0x01, 0x01, 0x1b, 0x0c, 0x02, 0x00, 0x10, 
	0x00, 0x00, 0x00, 0x18, 0x00, 0x00, 0x00, 0x38, 0xf4, 0xff, 0xff, 
	0x2c, 0x04, 0x00, 0x00, 0x00, 0x00, 0x00, 0x00, 0x10, 0x00, 0x00, 
	0x00, 0x2c, 0x00, 0x00, 0x00, 0x50, 0xf8, 0xff, 0xff, 0xe0, 0x03, 
	0x00, 0x00, 0x00, 0x00, 0x00, 0x00, 0x29, 0x00, 0x00, 0x00, 0x41, 
	0x03, 0x00, 0x00, 0x34, 0x02, 0x00, 0x00, 0xbb, 0x00, 0x00, 0x00, 
	0xed, 0x02, 0x00, 0x00, 0x5e, 0x01, 0x00, 0x00, 0x84, 0x00, 0x00, 
	0x00, 0xb5, 0x03, 0x00, 0x00, 0x48, 0x02, 0x00, 0x00, 0x25, 0x03, 
	0x00, 0x00, 0x6d, 0x02, 0x00, 0x00, 0x06, 0x00, 0x00, 0x00, 0xa3, 
	0x03, 0x00, 0x00, 0x7a, 0x03, 0x00, 0x00, 0x88, 0x01, 0x00, 0x00, 
	0xb6, 0x02, 0x00, 0x00, 0xc1, 0x03, 0x00, 0x00, 0x6e, 0x00, 0x00, 
	0x00, 0x74, 0x00, 0x00, 0x00, 0x28, 0x01, 0x00, 0x00, 0xaa, 0x01, 
	0x00, 0x00, 0x3a, 0x01, 0x00, 0x00, 0x93, 0x02, 0x00, 0x00, 0x06, 
	0x03, 0x00, 0x00, 0x3f, 0x01, 0x00, 0x00, 0xa6, 0x02, 0x00, 0x00, 
	0x6b, 0x03, 0x00, 0x00, 0x78, 0x01, 0x00, 0x00, 0xda, 0x01, 0x00, 
	0x00, 0xaa, 0x03, 0x00, 0x00, 0x1b, 0x02, 0x00, 0x00, 0x39, 0x02, 
	0x00, 0x00, 0xcb, 0x00, 0x00, 0x00, 0x18, 0x01, 0x00, 0x00, 0xf7, 
	0x02, 0x00, 0x00, 0x5e, 0x02, 0x00, 0x00, 0xff, 0x01, 0x00, 0x00, 
	0x91, 0x02, 0x00, 0x00, 0xc3, 0x00, 0x00, 0x00, 0x51, 0x00, 0x00, 
	0x00, 0x0b, 0x01, 0x00, 0x00, 0xe5, 0x00, 0x00, 0x00, 0x51, 0x01, 
	0x00, 0x00, 0xb0, 0x03, 0x00, 0x00, 0x86, 0x03, 0x00, 0x00, 0xf1, 
	0x00, 0x00, 0x00, 0x91, 0x03, 0x00, 0x00, 0x3a, 0x03, 0x00, 0x00, 
	0xa5, 0x03, 0x00, 0x00, 0xd9, 0x03, 0x00, 0x00, 0xc3, 0x00, 0x00, 
	0x00, 0xc0, 0x03, 0x00, 0x00, 0x36, 0x02, 0x00, 0x00, 0x5e, 0x01, 
	0x00, 0x00, 0x89, 0x02, 0x00, 0x00, 0x91, 0x02, 0x00, 0x00, 0xb5, 
	0x00, 0x00, 0x00, 0x6f, 0x00, 0x00, 0x00, 0x5b, 0x03, 0x00, 0x00, 
	0x41, 0x00, 0x00, 0x00, 0x20, 0x01, 0x00, 0x00, 0x5d, 0x01, 0x00, 
	0x00, 0x8d, 0x00, 0x00, 0x00, 0x89, 0x03, 0x00, 0x00, 0x76, 0x03, 
	0x00, 0x00, 0x08, 0x01, 0x00, 0x00, 0x40, 0x02, 0x00, 0x00, 0xd3, 
	0x03, 0x00, 0x00, 0xf9, 0x02, 0x00, 0x00, 0xf1, 0x00, 0x00, 0x00, 
	0xde, 0x01, 0x00, 0x00, 0xf3, 0x01, 0x00, 0x00, 0x93, 0x01, 0x00, 
	0x00, 0xde, 0x00, 0x00, 0x00, 0xbc, 0x01, 0x00, 0x00, 0xd1, 0x02, 
	0x00, 0x00, 0xa4, 0x02, 0x00, 0x00, 0x3d, 0x01, 0x00, 0x00, 0xe0, 
	0x00, 0x00, 0x00, 0xa9, 0x03, 0x00, 0x00, 0x20, 0x01, 0x00, 0x00, 
	0x77, 0x00, 0x00, 0x00, 0x67, 0x02, 0x00, 0x00, 0x5e, 0x02, 0x00, 
	0x00, 0x85, 0x01, 0x00, 0x00, 0x5f, 0x01, 0x00, 0x00, 0xc7, 0x01, 
	0x00, 0x00, 0x16, 0x01, 0x00, 0x00, 0x6f, 0x01, 0x00, 0x00, 0x66, 
	0x01, 0x00, 0x00, 0x48, 0x02, 0x00, 0x00, 0x3e, 0x00, 0x00, 0x00, 
	0xd9, 0x03, 0x00, 0x00, 0x93, 0x01, 0x00, 0x00, 0x5a, 0x01, 0x00, 
	0x00, 0x05, 0x02, 0x00, 0x00, 0x2f, 0x02, 0x00, 0x00, 0x8c, 0x03, 
	0x00, 0x00, 0x07, 0x03, 0x00, 0x00, 0xff, 0x00, 0x00, 0x00, 0x0a, 
	0x03, 0x00, 0x00, 0x56, 0x02, 0x00, 0x00, 0x8f, 0x00, 0x00, 0x00, 
	0x21, 0x00, 0x00, 0x00, 0x7d, 0x00, 0x00, 0x00, 0xad, 0x03, 0x00, 
	0x00, 0xa5, 0x03, 0x00, 0x00, 0x1f, 0x03, 0x00, 0x00, 0x29, 0x02, 
	0x00, 0x00, 0xaf, 0x01, 0x00, 0x00, 0x88, 0x02, 0x00, 0x00, 0xb8, 
	0x03, 0x00, 0x00, 0x1f, 0x01, 0x00, 0x00, 0x13, 0x00, 0x00, 0x00, 
	0x31, 0x00, 0x00, 0x00, 0x56, 0x00, 0x00, 0x00, 0x5f, 0x00, 0x00, 
	0x00, 0xb9, 0x01, 0x00, 0x00, 0x4b, 0x02, 0x00, 0x00, 0x66, 0x02, 
	0x00, 0x00, 0x7e, 0x01, 0x00, 0x00, 0x18, 0x01, 0x00, 0x00, 0x28, 
	0x03, 0x00, 0x00, 0xcb, 0x03, 0x00, 0x00, 0x33, 0x03, 0x00, 0x00, 
	0x58, 0x01, 0x00, 0x00, 0xc2, 0x01, 0x00, 0x00, 0x00, 0x02, 0x00, 
	0x00, 0xc5, 0x03, 0x00, 0x00, 0x5b, 0x01, 0x00, 0x00, 0x28, 0x03, 
	0x00, 0x00, 0x72, 0x03, 0x00, 0x00, 0x19, 0x02, 0x00, 0x00, 0xb2, 
	0x03, 0x00, 0x00, 0xbd, 0x02, 0x00, 0x00, 0x64, 0x01, 0x00, 0x00, 
	0x37, 0x02, 0x00, 0x00, 0x7b, 0x03, 0x00, 0x00, 0x16, 0x00, 0x00, 
	0x00, 0x38, 0x02, 0x00, 0x00, 0x99, 0x02, 0x00, 0x00, 0xa7, 0x01, 
	0x00, 0x00, 0xb2, 0x01, 0x00, 0x00, 0x9e, 0x00, 0x00, 0x00, 0x02, 
	0x00, 0x00, 0x00, 0x54, 0x00, 0x00, 0x00, 0xf7, 0x00, 0x00, 0x00, 
	0x31, 0x00, 0x00, 0x00, 0xb3, 0x01, 0x00, 0x00, 0x18, 0x03, 0x00, 
	0x00, 0x65, 0x03, 0x00, 0x00, 0xe6, 0x01, 0x00, 0x00, 0x9e, 0x01, 
	0x00, 0x00, 0x71, 0x01, 0x00, 0x00, 0x24, 0x02, 0x00, 0x00, 0x06, 
	0x02, 0x00, 0x00, 0x78, 0x03, 0x00, 0x00, 0xaa, 0x02, 0x00, 0x00, 
	0x1c, 0x01, 0x00, 0x00, 0x08, 0x01, 0x00, 0x00, 0xf3, 0x01, 0x00, 
	0x00, 0x22, 0x01, 0x00, 0x00, 0x81, 0x03, 0x00, 0x00, 0xd7, 0x00, 
	0x00, 0x00, 0xdb, 0x02, 0x00, 0x00, 0xb0, 0x02, 0x00, 0x00, 0xfb, 
	0x00, 0x00, 0x00, 0x12, 0x03, 0x00, 0x00, 0x2b, 0x02, 0x00, 0x00, 
	0x2e, 0x01, 0x00, 0x00, 0x10, 0x02, 0x00, 0x00, 0x20, 0x02, 0x00, 
	0x00, 0x42, 0x01, 0x00, 0x00, 0xb3, 0x03, 0x00, 0x00, 0x1f, 0x01, 
	0x00, 0x00, 0x38, 0x03, 0x00, 0x00, 0x30, 0x01, 0x00, 0x00, 0x14, 
	0x03, 0x00, 0x00, 0xdd, 0x02, 0x00, 0x00, 0xbf, 0x03, 0x00, 0x00, 
	0x6e, 0x01, 0x00, 0x00, 0xd2, 0x02, 0x00, 0x00, 0x26, 0x01, 0x00, 
	0x00, 0xcf, 0x03, 0x00, 0x00, 0x8d, 0x02, 0x00, 0x00, 0xec, 0x02, 
	0x00, 0x00, 0x5b, 0x00, 0x00, 0x00, 0x7a, 0x01, 0x00, 0x00, 0x69, 
	0x00, 0x00, 0x00, 0x66, 0x00, 0x00, 0x00, 0x7d, 0x01, 0x00, 0x00, 
	0x8b, 0x02, 0x00, 0x00, 0x39, 0x03, 0x00, 0x00, 0x48, 0x03, 0x00, 
	0x00, 0x64, 0x01, 0x00, 0x00, 0x94, 0x00, 0x00, 0x00, 0x36, 0x00, 
	0x00, 0x00, 0x8c, 0x00, 0x00, 0x00, 0xbb, 0x03, 0x00, 0x00, 0x57, 
	0x01, 0x00, 0x00, 0x15, 0x02, 0x00, 0x00, 0xf5, 0x02, 0x00, 0x00, 
	0x09, 0x02, 0x00, 0x00, 0x45, 0x03, 0x00, 0x00, 0x50, 0x02, 0x00, 
	0x00, 0x0d, 0x00, 0x00, 0x00, 0xad, 0x00, 0x00, 0x00, 0x3f, 0x00, 
	0x00, 0x00, 0x79, 0x00, 0x00, 0x00, 0x85, 0x00, 0x00, 0x00, 0xf6, 
	0x02, 0x00, 0x00, 0x74, 0x01, 0x00, 0x00, 0xb7, 0x03, 0x00, 0x00, 
	0x27, 0x00, 0x00, 0x00, 0x81, 0x00, 0x00, 0x00, 0x6e, 0x00, 0x00, 
	0x00, 0x4f, 0x03, 0x00, 0x00, 0xb5, 0x01, 0x00, 0x00, 0xff, 0x00, 
	0x00, 0x00, 0x0d, 0x01, 0x00, 0x00, 0x99, 0x01, 0x00, 0x00, 0x74, 
	0x02, 0x00, 0x00, 0x8f, 0x01, 0x00, 0x00, 0x25, 0x02, 0x00, 0x00, 
	0xf1, 0x02, 0x00, 0x00, 0x34, 0x02, 0x00, 0x00, 0xab, 0x00, 0x00, 
	0x00, 0x13, 0x00, 0x00, 0x00, 0xd7, 0x02, 0x00, 0x00, 0xf5, 0x01, 
	0x00, 0x00, 0x09, 0x03, 0x00, 0x00, 0x2b, 0x00, 0x00, 0x00, 0xf1, 
	0x02, 0x00, 0x00, 0x51, 0x00, 0x00, 0x00, 0xca, 0x00, 0x00, 0x00, 
	0x55, 0x03, 0x00, 0x00, 0x99, 0x00, 0x00, 0x00, 0xf8, 0x02, 0x00, 
	0x00, 0x65, 0x01, 0x00, 0x00, 0xaf, 0x03, 0x00, 0x00, 0x9a, 0x03, 
	0x00, 0x00, 0x48, 0x01, 0x00, 0x00, 0xf0, 0x01, 0x00, 0x00, 0xba, 
	0x01, 0x00, 0x00, 0x04, 0x02, 0x00, 0x00, 0x81, 0x02, 0x00, 0x00, 
	0x14, 0x01, 0x00, 0x00, 0x12, 0x03, 0x00, 0x00, 0x71, 0x00, 0x00, 
	0x00, 0x4a, 0x03, 0x00, 0x00, 0x8b, 0x03, 0x00, 0x00, 0x13, 0x01, 
	0x00, 0x00, 0xed, 0x00, 0x00, 0x00, 0x20, 0x00, 0x00, 0x00, 0x10, 
	0x03, 0x00, 0x00, 0x35, 0x02, 0x00, 0x00, 0x65, 0x01, 0x00, 0x00, 
	0x23, 0x03, 0x00, 0x00, 0x33, 0x03, 0x00, 0x00, 0xef, 0x02, 0x00, 
	0x00, 0x18, 0x01, 0x00, 0x00, 0x55, 0x00, 0x00, 0x00, 0xca, 0x01, 
	0x00, 0x00, 0xc6, 0x01, 0x00, 0x00, 0xc6, 0x02, 0x00, 0x00, 0xcb, 
	0x01, 0x00, 0x00, 0x29, 0x00, 0x00, 0x00, 0xfd, 0x00, 0x00, 0x00, 
	0x79, 0x01, 0x00, 0x00, 0xfc, 0x01, 0x00, 0x00, 0xbc, 0x02, 0x00, 
	0x00, 0x5c, 0x03, 0x00, 0x00, 0xe0, 0x01, 0x00, 0x00, 0xe5, 0x02, 
	0x00, 0x00, 0xf3, 0x01, 0x00, 0x00, 0xc5, 0x02, 0x00, 0x00, 0x31, 
	0x00, 0x00, 0x00, 0x73, 0x01, 0x00, 0x00, 0x69, 0x03, 0x00, 0x00, 
	0xb1, 0x03, 0x00, 0x00, 0xe0, 0x03, 0x00, 0x00, 0x0e, 0x02, 0x00, 
	0x00, 0xd1, 0x02, 0x00, 0x00, 0xb3, 0x01, 0x00, 0x00, 0xe8, 0x00, 
	0x00, 0x00, 0xf1, 0x01, 0x00, 0x00, 0xb9, 0x02, 0x00, 0x00, 0x1e, 
	0x00, 0x00, 0x00, 0x5c, 0x01, 0x00, 0x00, 0xfa, 0x00, 0x00, 0x00, 
	0x5e, 0x01, 0x00, 0x00, 0xfa, 0x00, 0x00, 0x00, 0x3d, 0x02, 0x00, 
	0x00, 0x10, 0x03, 0x00, 0x00, 0xed, 0x02, 0x00, 0x00, 0xf6, 0x01, 
	0x00, 0x00, 0x37, 0x03, 0x00, 0x00, 0x3a, 0x03, 0x00, 0x00, 0xaa, 
	0x00, 0x00, 0x00, 0xa0, 0x00, 0x00, 0x00, 0xc6, 0x01, 0x00, 0x00, 
	0x4f, 0x01, 0x00, 0x00, 0x01, 0x00, 0x00, 0x00, 0xdd, 0x03, 0x00, 
	0x00, 0x6d, 0x01, 0x00, 0x00, 0x3c, 0x02, 0x00, 0x00, 0x40, 0x00, 
	0x00, 0x00, 0x99, 0x00, 0x00, 0x00, 0xd8, 0x00, 0x00, 0x00, 0x8c, 
	0x00, 0x00, 0x00, 0xd2, 0x00, 0x00, 0x00, 0x3c, 0x02, 0x00, 0x00, 
	0x53, 0x01, 0x00, 0x00, 0x51, 0x02, 0x00, 0x00, 0x82, 0x03, 0x00, 
	0x00, 0xe4, 0x00, 0x00, 0x00, 0x0c, 0x00, 0x00, 0x00, 0x73, 0x03, 
	0x00, 0x00, 0xee, 0x02, 0x00, 0x00, 0x86, 0x02, 0x00, 0x00, 0xf4, 
	0x01, 0x00, 0x00, 0xb4, 0x01, 0x00, 0x00, 0xbd, 0x02, 0x00, 0x00, 
	0x2c, 0x03, 0x00, 0x00, 0xd5, 0x03, 0x00, 0x00, 0x96, 0x00, 0x00, 
	0x00, 0xb8, 0x02, 0x00, 0x00, 0x34, 0x02, 0x00, 0x00, 0x10, 0x01, 
	0x00, 0x00, 0x02, 0x01, 0x00, 0x00, 0x87, 0x02, 0x00, 0x00, 0xfd, 
	0x01, 0x00, 0x00, 0x58, 0x00, 0x00, 0x00, 0xbf, 0x02, 0x00, 0x00, 
	0x9d, 0x02, 0x00, 0x00, 0x77, 0x01, 0x00, 0x00, 0x27, 0x02, 0x00, 
	0x00, 0xa8, 0x03, 0x00, 0x00, 0x50, 0x02, 0x00, 0x00, 0x39, 0x02, 
	0x00, 0x00, 0xb8, 0x03, 0x00, 0x00, 0x20, 0x03, 0x00, 0x00, 0x48, 
	0x02, 0x00, 0x00, 0x83, 0x02, 0x00, 0x00, 0x70, 0x01, 0x00, 0x00, 
	0xe9, 0x01, 0x00, 0x00, 0x48, 0x01, 0x00, 0x00, 0x39, 0x01, 0x00, 
	0x00, 0x50, 0x02, 0x00, 0x00, 0x84, 0x01, 0x00, 0x00, 0x1f, 0x02, 
	0x00, 0x00, 0x89, 0x02, 0x00, 0x00, 0xd3, 0x03, 0x00, 0x00, 0xe5, 
	0x03, 0x00, 0x00, 0x2e, 0x03, 0x00, 0x00, 0x4f, 0x00, 0x00, 0x00, 
	0xd0, 0x00, 0x00, 0x00, 0xe6, 0x03, 0x00, 0x00, 0x75, 0x02, 0x00, 
	0x00, 0x4f, 0x03, 0x00, 0x00, 0xc0, 0x02, 0x00, 0x00, 0xe5, 0x03, 
	0x00, 0x00, 0xfd, 0x00, 0x00, 0x00, 0xcb, 0x02, 0x00, 0x00, 0xae, 
	0x01, 0x00, 0x00, 0x9f, 0x01, 0x00, 0x00, 0x1a, 0x02, 0x00, 0x00, 
	0xbc, 0x02, 0x00, 0x00, 0x04, 0x00, 0x00, 0x00, 0xee, 0x01, 0x00, 
	0x00, 0x64, 0x00, 0x00, 0x00, 0x60, 0x03, 0x00, 0x00, 0xb5, 0x02, 
	0x00, 0x00, 0xa0, 0x01, 0x00, 0x00, 0x28, 0x01, 0x00, 0x00, 0x1d, 
	0x01, 0x00, 0x00, 0x6c, 0x02, 0x00, 0x00, 0x4e, 0x00, 0x00, 0x00, 
	0x5f, 0x01, 0x00, 0x00, 0x1c, 0x02, 0x00, 0x00, 0x86, 0x02, 0x00, 
	0x00, 0xa9, 0x00, 0x00, 0x00, 0x0f, 0x02, 0x00, 0x00, 0x21, 0x01, 
	0x00, 0x00, 0x1c, 0x03, 0x00, 0x00, 0x21, 0x03, 0x00, 0x00, 0xd0, 
	0x02, 0x00, 0x00, 0xf6, 0x02, 0x00, 0x00, 0xe9, 0x02, 0x00, 0x00, 
	0x5c, 0x00, 0x00, 0x00, 0xdd, 0x03, 0x00, 0x00, 0x0f, 0x01, 0x00, 
	0x00, 0x55, 0x03, 0x00, 0x00, 0x14, 0x03, 0x00, 0x00, 0x13, 0x02, 
	0x00, 0x00, 0xde, 0x00, 0x00, 0x00, 0xcd, 0x01, 0x00, 0x00, 0xf1, 
	0x00, 0x00, 0x00, 0x66, 0x01, 0x00, 0x00, 0x4c, 0x01, 0x00, 0x00, 
	0xac, 0x02, 0x00, 0x00, 0xe4, 0x02, 0x00, 0x00, 0xbe, 0x01, 0x00, 
	0x00, 0x37, 0x01, 0x00, 0x00, 0xe7, 0x02, 0x00, 0x00, 0x2d, 0x02, 
	0x00, 0x00, 0xdf, 0x01, 0x00, 0x00, 0x2d, 0x02, 0x00, 0x00, 0x9d, 
	0x03, 0x00, 0x00, 0x1c, 0x03, 0x00, 0x00, 0x65, 0x01, 0x00, 0x00, 
	0x7b, 0x03, 0x00, 0x00, 0x9a, 0x02, 0x00, 0x00, 0x02, 0x02, 0x00, 
	0x00, 0x2d, 0x02, 0x00, 0x00, 0x66, 0x03, 0x00, 0x00, 0x55, 0x03, 
	0x00, 0x00, 0xb8, 0x01, 0x00, 0x00, 0x3d, 0x00, 0x00, 0x00, 0xa6, 
	0x02, 0x00, 0x00, 0x8c, 0x01, 0x00, 0x00, 0x09, 0x00, 0x00, 0x00, 
	0x11, 0x00, 0x00, 0x00, 0xaa, 0x00, 0x00, 0x00, 0x23, 0x01, 0x00, 
	0x00, 0x7c, 0x01, 0x00, 0x00, 0x18, 0x02, 0x00, 0x00, 0xb9, 0x00, 
	0x00, 0x00, 0x95, 0x03, 0x00, 0x00, 0x1b, 0x02, 0x00, 0x00, 0xd7, 
	0x03, 0x00, 0x00, 0x77, 0x03, 0x00, 0x00, 0x36, 0x00, 0x00, 0x00, 
	0x64, 0x02, 0x00, 0x00, 0xb7, 0x03, 0x00, 0x00, 0xdf, 0x01, 0x00, 
	0x00, 0x97, 0x00, 0x00, 0x00, 0x07, 0x00, 0x00, 0x00, 0x81, 0x02, 
	0x00, 0x00, 0x4f, 0x01, 0x00, 0x00, 0xda, 0x02, 0x00, 0x00, 0x5f, 
	0x00, 0x00, 0x00, 0xd8, 0x02, 0x00, 0x00, 0x18, 0x01, 0x00, 0x00, 
	0x8b, 0x01, 0x00, 0x00, 0xb0, 0x02, 0x00, 0x00, 0x8f, 0x03, 0x00, 
	0x00, 0xdc, 0x01, 0x00, 0x00, 0x2f, 0x03, 0x00, 0x00, 0xd9, 0x02, 
	0x00, 0x00, 0x09, 0x01, 0x00, 0x00, 0x7f, 0x00, 0x00, 0x00, 0xec, 
	0x00, 0x00, 0x00, 0xd6, 0x00, 0x00, 0x00, 0xb4, 0x00, 0x00, 0x00, 
	0x06, 0x00, 0x00, 0x00, 0xf7, 0x01, 0x00, 0x00, 0x54, 0x02, 0x00, 
	0x00, 0xad, 0x00, 0x00, 0x00, 0x83, 0x02, 0x00, 0x00, 0x5a, 0x01, 
	0x00, 0x00, 0x57, 0x02, 0x00, 0x00, 0x44, 0x00, 0x00, 0x00, 0x51, 
	0x03, 0x00, 0x00, 0x92, 0x02, 0x00, 0x00, 0x6b, 0x02, 0x00, 0x00, 
	0x79, 0x00, 0x00, 0x00, 0x83, 0x00, 0x00, 0x00, 0x3c, 0x03, 0x00, 
	0x00, 0x9b, 0x02, 0x00, 0x00, 0xb1, 0x01, 0x00, 0x00, 0xe7, 0x01, 
	0x00, 0x00, 0xf1, 0x02, 0x00, 0x00, 0x7d, 0x00, 0x00, 0x00, 0x72, 
	0x02, 0x00, 0x00, 0x0e, 0x00, 0x00, 0x00, 0x0a, 0x00, 0x00, 0x00, 
	0x93, 0x01, 0x00, 0x00, 0x6a, 0x00, 0x00, 0x00, 0xbf, 0x02, 0x00, 
	0x00, 0x32, 0x03, 0x00, 0x00, 0xc4, 0x03, 0x00, 0x00, 0x96, 0x01, 
	0x00, 0x00, 0x6a, 0x03, 0x00, 0x00, 0x58, 0x03, 0x00, 0x00, 0x56, 
	0x00, 0x00, 0x00, 0x3c, 0x00, 0x00, 0x00, 0x94, 0x02, 0x00, 0x00, 
	0x9b, 0x02, 0x00, 0x00, 0x99, 0x00, 0x00, 0x00, 0x79, 0x00, 0x00, 
	0x00, 0x62, 0x00, 0x00, 0x00, 0x9c, 0x01, 0x00, 0x00, 0xec, 0x00, 
	0x00, 0x00, 0x0c, 0x00, 0x00, 0x00, 0xa7, 0x01, 0x00, 0x00, 0xc5, 
	0x03, 0x00, 0x00, 0xd8, 0x00, 0x00, 0x00, 0x6d, 0x02, 0x00, 0x00, 
	0x69, 0x01, 0x00, 0x00, 0x99, 0x03, 0x00, 0x00, 0xcb, 0x02, 0x00, 
	0x00, 0x87, 0x02, 0x00, 0x00, 0x2b, 0x01, 0x00, 0x00, 0x76, 0x03, 
	0x00, 0x00, 0xaa, 0x02, 0x00, 0x00, 0x24, 0x00, 0x00, 0x00, 0xed, 
	0x01, 0x00, 0x00, 0x27, 0x02, 0x00, 0x00, 0x19, 0x02, 0x00, 0x00, 
	0xc9, 0x03, 0x00, 0x00, 0x83, 0x02, 0x00, 0x00, 0xb2, 0x01, 0x00, 
	0x00, 0x9f, 0x01, 0x00, 0x00, 0x2f, 0x01, 0x00, 0x00, 0xb6, 0x01, 
	0x00, 0x00, 0x5c, 0x03, 0x00, 0x00, 0xcb, 0x00, 0x00, 0x00, 0xde, 
	0x01, 0x00, 0x00, 0xdc, 0x03, 0x00, 0x00, 0xa3, 0x02, 0x00, 0x00, 
	0xcf, 0x02, 0x00, 0x00, 0xde, 0x03, 0x00, 0x00, 0x52, 0x01, 0x00, 
	0x00, 0xc2, 0x01, 0x00, 0x00, 0x79, 0x02, 0x00, 0x00, 0x9b, 0x00, 
	0x00, 0x00, 0x86, 0x02, 0x00, 0x00, 0xc4, 0x01, 0x00, 0x00, 0xab, 
	0x01, 0x00, 0x00, 0xfd, 0x01, 0x00, 0x00, 0xdc, 0x03, 0x00, 0x00, 
	0xaa, 0x01, 0x00, 0x00, 0x0c, 0x00, 0x00, 0x00, 0xe3, 0x01, 0x00, 
	0x00, 0x8e, 0x00, 0x00, 0x00, 0x53, 0x01, 0x00, 0x00, 0x86, 0x01, 
	0x00, 0x00, 0x32, 0x00, 0x00, 0x00, 0xab, 0x00, 0x00, 0x00, 0x59, 
	0x02, 0x00, 0x00, 0x69, 0x00, 0x00, 0x00, 0xc8, 0x03, 0x00, 0x00, 
	0x79, 0x00, 0x00, 0x00, 0x6f, 0x03, 0x00, 0x00, 0x51, 0x00, 0x00, 
	0x00, 0x66, 0x03, 0x00, 0x00, 0x58, 0x02, 0x00, 0x00, 0x5b, 0x02, 
	0x00, 0x00, 0x67, 0x03, 0x00, 0x00, 0x77, 0x03, 0x00, 0x00, 0x62, 
	0x02, 0x00, 0x00, 0x94, 0x01, 0x00, 0x00, 0xea, 0x00, 0x00, 0x00, 
	0xe9, 0x02, 0x00, 0x00, 0x0e, 0x02, 0x00, 0x00, 0x13, 0x01, 0x00, 
	0x00, 0xb9, 0x01, 0x00, 0x00, 0xe2, 0x00, 0x00, 0x00, 0xf0, 0x02, 
	0x00, 0x00, 0xaf, 0x03, 0x00, 0x00, 0xd6, 0x02, 0x00, 0x00, 0xc5, 
	0x02, 0x00, 0x00, 0xc9, 0x00, 0x00, 0x00, 0x36, 0x00, 0x00, 0x00, 
	0xf6, 0x02, 0x00, 0x00, 0x35, 0x00, 0x00, 0x00, 0x8d, 0x01, 0x00, 
	0x00, 0x29, 0x00, 0x00, 0x00, 0x8d, 0x00, 0x00, 0x00, 0xa0, 0x01, 
	0x00, 0x00, 0xeb, 0x02, 0x00, 0x00, 0xdb, 0x00, 0x00, 0x00, 0xde, 
	0x01, 0x00, 0x00, 0x02, 0x03, 0x00, 0x00, 0xb4, 0x00, 0x00, 0x00, 
	0xe2, 0x01, 0x00, 0x00, 0xb3, 0x02, 0x00, 0x00, 0xd5, 0x02, 0x00, 
	0x00, 0xad, 0x00, 0x00, 0x00, 0xba, 0x00, 0x00, 0x00, 0x92, 0x03, 
	0x00, 0x00, 0x01, 0x00, 0x00, 0x00, 0xc3, 0x03, 0x00, 0x00, 0xf7, 
	0x00, 0x00, 0x00, 0xd0, 0x01, 0x00, 0x00, 0x6a, 0x01, 0x00, 0x00, 
	0x09, 0x02, 0x00, 0x00, 0xe9, 0x00, 0x00, 0x00, 0x78, 0x00, 0x00, 
	0x00, 0x28, 0x00, 0x00, 0x00, 0x0b, 0x03, 0x00, 0x00, 0xc3, 0x00, 
	0x00, 0x00, 0xa1, 0x00, 0x00, 0x00, 0xe7, 0x02, 0x00, 0x00, 0xb7, 
	0x01, 0x00, 0x00, 0x63, 0x01, 0x00, 0x00, 0x93, 0x01, 0x00, 0x00, 
	0x8d, 0x00, 0x00, 0x00, 0x79, 0x02, 0x00, 0x00, 0xef, 0x01, 0x00, 
	0x00, 0x90, 0x04, 0x00, 0x00, 0x35, 0x02, 0x00, 0x00, 0x98, 0x04, 
	0x00, 0x00, 0x5a, 0x04, 0x00, 0x00, 0x9a, 0x03, 0x00, 0x00, 0xc4, 
	0x00, 0x00, 0x00, 0x4e, 0x04, 0x00, 0x00, 0x20, 0x03, 0x00, 0x00, 
	0xb1, 0x03, 0x00, 0x00, 0x3f, 0x03, 0x00, 0x00, 0x42, 0x02, 0x00, 
	0x00, 0xf6, 0x04, 0x00, 0x00, 0xcb, 0x05, 0x00, 0x00, 0x0a, 0x05, 
	0x00, 0x00, 0x9a, 0x03, 0x00, 0x00, 0xcd, 0x03, 0x00, 0x00, 0xe1, 
	0x03, 0x00, 0x00, 0x62, 0x03, 0x00, 0x00, 0xae, 0x03, 0x00, 0x00, 
	0x9e, 0x03, 0x00, 0x00, 0xee, 0x02, 0x00, 0x00, 0x50, 0x05, 0x00, 
	0x00, 0x32, 0x06, 0x00, 0x00, 0x14, 0x05, 0x00, 0x00, 0x3c, 0x03, 
	0x00, 0x00, 0x23, 0x06, 0x00, 0x00, 0xac, 0x03, 0x00, 0x00, 0xea, 
	0x02, 0x00, 0x00, 0xac, 0x04, 0x00, 0x00, 0xa2, 0x04, 0x00, 0x00, 
	0x36, 0x04, 0x00, 0x00, 0x23, 0x01, 0x00, 0x00, 0xd7, 0x03, 0x00, 
	0x00, 0x94, 0x05, 0x00, 0x00, 0xd5, 0x03, 0x00, 0x00, 0x26, 0x04, 
	0x00, 0x00, 0x39, 0x06, 0x00, 0x00, 0x13, 0x03, 0x00, 0x00, 0x8a, 
	0x02, 0x00, 0x00, 0xc3, 0x04, 0x00, 0x00, 0x05, 0x04, 0x00, 0x00, 
	0x99, 0x03, 0x00, 0x00, 0x33, 0x06, 0x00, 0x00, 0xf6, 0x04, 0x00, 
	0x00, 0xda, 0x02, 0x00, 0x00, 0xd9, 0x04, 0x00, 0x00, 0x73, 0x04, 
	0x00, 0x00, 0xf5, 0x05, 0x00, 0x00, 0x5d, 0x05, 0x00, 0x00, 0xe2, 
	0x02, 0x00, 0x00, 0x49, 0x06, 0x00, 0x00, 0x09, 0x06, 0x00, 0x00, 
	0x43, 0x05, 0x00, 0x00, 0xb7, 0x05, 0x00, 0x00, 0xe0, 0x02, 0x00, 
	0x00, 0x85, 0x01, 0x00, 0x00, 0x55, 0x04, 0x00, 0x00, 0xd0, 0x05, 
	0x00, 0x00, 0x90, 0x03, 0x00, 0x00, 0xe0, 0x03, 0x00, 0x00, 0x42, 
	0x05, 0x00, 0x00, 0x8a, 0x01, 0x00, 0x00, 0x54, 0x06, 0x00, 0x00, 
	0x24, 0x05, 0x00, 0x00, 0xa7, 0x02, 0x00, 0x00, 0x5a, 0x04, 0x00, 
	0x00, 0x8f, 0x06, 0x00, 0x00, 0xfd, 0x02, 0x00, 0x00, 0xdf, 0x02, 
	0x00, 0x00, 0x42, 0x02, 0x00, 0x00, 0x53, 0x05, 0x00, 0x00, 0x48, 
	0x04, 0x00, 0x00, 0x7e, 0x02, 0x00, 0x00, 0xe4, 0x02, 0x00, 0x00, 
	0xee, 0x03, 0x00, 0x00, 0x10, 0x05, 0x00, 0x00, 0x8b, 0x01, 0x00, 
	0x00, 0x3f, 0x02, 0x00, 0x00, 0xc5, 0x05, 0x00, 0x00, 0xa6, 0x03, 
	0x00, 0x00, 0x20, 0x01, 0x00, 0x00, 0x76, 0x04, 0x00, 0x00, 0x7f, 
	0x03, 0x00, 0x00, 0xa1, 0x04, 0x00, 0x00, 0x80, 0x04, 0x00, 0x00, 
	0x97, 0x04, 0x00, 0x00, 0x0c, 0x04, 0x00, 0x00, 0x58, 0x04, 0x00, 
	0x00, 0xc2, 0x01, 0x00, 0x00, 0x25, 0x06, 0x00, 0x00, 0x4d, 0x01, 
	0x00, 0x00, 0x2e, 0x07, 0x00, 0x00, 0xa7, 0x04, 0x00, 0x00, 0x6d, 
	0x03, 0x00, 0x00, 0xe3, 0x02, 0x00, 0x00, 0xfc, 0x03, 0x00, 0x00, 
	0x7d, 0x04, 0x00, 0x00, 0x6d, 0x04, 0x00, 0x00, 0x4b, 0x02, 0x00, 
	0x00, 0xb6, 0x05, 0x00, 0x00, 0x3a, 0x05, 0x00, 0x00, 0x4d, 0x02, 
	0x00, 0x00, 0x58, 0x01, 0x00, 0x00, 0x64, 0x03, 0x00, 0x00, 0xda, 
	0x05, 0x00, 0x00, 0x84, 0x05, 0x00, 0x00, 0x4c, 0x05, 0x00, 0x00, 
	0xc6, 0x05, 0x00, 0x00, 0xcb, 0x04, 0x00, 0x00, 0xed, 0x03, 0x00, 
	0x00, 0x33, 0x07, 0x00, 0x00, 0xb9, 0x03, 0x00, 0x00, 0x15, 0x02, 
	0x00, 0x00, 0x5e, 0x02, 0x00, 0x00, 0xbc, 0x03, 0x00, 0x00, 0xb4, 
	0x03, 0x00, 0x00, 0x71, 0x03, 0x00, 0x00, 0x88, 0x02, 0x00, 0x00, 
	0x0c, 0x05, 0x00, 0x00, 0x0a, 0x03, 0x00, 0x00, 0x21, 0x01, 0x00, 
	0x00, 0x39, 0x03, 0x00, 0x00, 0x75, 0x04, 0x00, 0x00, 0x56, 0x04, 
	0x00, 0x00, 0xd4, 0x02, 0x00, 0x00, 0xda, 0x03, 0x00, 0x00, 0xb9, 
	0x02, 0x00, 0x00, 0x5a, 0x07, 0x00, 0x00, 0x76, 0x03, 0x00, 0x00, 
	0xff, 0x06, 0x00, 0x00, 0xe9, 0x06, 0x00, 0x00, 0x4f, 0x02, 0x00, 
	0x00, 0x16, 0x06, 0x00, 0x00, 0x74, 0x06, 0x00, 0x00, 0x43, 0x03, 
	0x00, 0x00, 0xce, 0x02, 0x00, 0x00, 0x82, 0x03, 0x00, 0x00, 0x97, 
	0x02, 0x00, 0x00, 0x87, 0x03, 0x00, 0x00, 0x73, 0x05, 0x00, 0x00, 
	0x06, 0x02, 0x00, 0x00, 0x8a, 0x04, 0x00, 0x00, 0xb6, 0x01, 0x00, 
	0x00, 0x8d, 0x01, 0x00, 0x00, 0x04, 0x03, 0x00, 0x00, 0x86, 0x04, 
	0x00, 0x00, 0x0d, 0x02, 0x00, 0x00, 0xe2, 0x04, 0x00, 0x00, 0xf1, 
	0x05, 0x00, 0x00, 0x6e, 0x04, 0x00, 0x00, 0x65, 0x02, 0x00, 0x00, 
	0x8a, 0x02, 0x00, 0x00, 0x47, 0x02, 0x00, 0x00, 0xd8, 0x02, 0x00, 
	0x00, 0x0c, 0x02, 0x00, 0x00, 0x6f, 0x05, 0x00, 0x00, 0xfe, 0x04, 
	0x00, 0x00, 0xc9, 0x01, 0x00, 0x00, 0x8b, 0x03, 0x00, 0x00, 0x4d, 
	0x03, 0x00, 0x00, 0x79, 0x03, 0x00, 0x00, 0xc5, 0x03, 0x00, 0x00, 
	0x28, 0x04, 0x00, 0x00, 0x6d, 0x05, 0x00, 0x00, 0x1b, 0x05, 0x00, 
	0x00, 0x74, 0x01, 0x00, 0x00, 0x95, 0x03, 0x00, 0x00, 0x67, 0x05, 
	0x00, 0x00, 0xc9, 0x03, 0x00, 0x00, 0xc1, 0x03, 0x00, 0x00, 0x07, 
	0x04, 0x00, 0x00, 0x33, 0x04, 0x00, 0x00, 0x30, 0x04, 0x00, 0x00, 
	0x91, 0x03, 0x00, 0x00, 0x46, 0x03, 0x00, 0x00, 0x3a, 0x01, 0x00, 
	0x00, 0xa7, 0x04, 0x00, 0x00, 0x47, 0x03, 0x00, 0x00, 0x7e, 0x06, 
	0x00, 0x00, 0xa0, 0x04, 0x00, 0x00, 0x96, 0x06, 0x00, 0x00, 0xbc, 
	0x02, 0x00, 0x00, 0x39, 0x07, 0x00, 0x00, 0xe5, 0x05, 0x00, 0x00, 
	0x42, 0x03, 0x00, 0x00, 0x97, 0x00, 0x00, 0x00, 0x0e, 0x04, 0x00, 
	0x00, 0x04, 0x03, 0x00, 0x00, 0xff, 0x00, 0x00, 0x00, 0xf6, 0x01, 
	0x00, 0x00, 0xed, 0x02, 0x00, 0x00, 0xd5, 0x04, 0x00, 0x00, 0x34, 
	0x04, 0x00, 0x00, 0x70, 0x01, 0x00, 0x00, 0x3b, 0x02, 0x00, 0x00, 
	0xfb, 0x03, 0x00, 0x00, 0x64, 0x01, 0x00, 0x00, 0x28, 0x06, 0x00, 
	0x00, 0xc0, 0x02, 0x00, 0x00, 0xae, 0x05, 0x00, 0x00, 0xc0, 0x05, 
	0x00, 0x00, 0x90, 0x04, 0x00, 0x00, 0x70, 0x04, 0x00, 0x00, 0xc6, 
	0x05, 0x00, 0x00, 0xb7, 0x02, 0x00, 0x00, 0xd1, 0x00, 0x00, 0x00, 
	0x2c, 0x02, 0x00, 0x00, 0xa0, 0x02, 0x00, 0x00, 0x9e, 0x02, 0x00, 
	0x00, 0xbf, 0x06, 0x00, 0x00, 0xf7, 0x03, 0x00, 0x00, 0x69, 0x05, 
	0x00, 0x00, 0xc6, 0x01, 0x00, 0x00, 0xb0, 0x01, 0x00, 0x00, 0x24, 
	0x02, 0x00, 0x00, 0xab, 0x06, 0x00, 0x00, 0x80, 0x02, 0x00, 0x00, 
	0xdd, 0x02, 0x00, 0x00, 0xe9, 0x04, 0x00, 0x00, 0x3c, 0x04, 0x00, 
	0x00, 0x43, 0x05, 0x00, 0x00, 0x6d, 0x05, 0x00, 0x00, 0x77, 0x03, 
	0x00, 0x00, 0xb3, 0x04, 0x00, 0x00, 0xad, 0x04, 0x00, 0x00, 0x46, 
	0x01, 0x00, 0x00, 0x99, 0x02, 0x00, 0x00, 0x9b, 0x04, 0x00, 0x00, 
	0xa0, 0x03, 0x00, 0x00, 0x06, 0x05, 0x00, 0x00, 0x07, 0x04, 0x00, 
	0x00, 0x9b, 0x04, 0x00, 0x00, 0x5d, 0x00, 0x00, 0x00, 0xad, 0x02, 
	0x00, 0x00, 0xe3, 0x03, 0x00, 0x00, 0xec, 0x01, 0x00, 0x00, 0x7e, 
	0x04, 0x00, 0x00, 0x97, 0x01, 0x00, 0x00, 0x5a, 0x04, 0x00, 0x00, 
	0xf3, 0x05, 0x00, 0x00, 0xb1, 0x01, 0x00, 0x00, 0xb8, 0x05, 0x00, 
	0x00, 0x33, 0x02, 0x00, 0x00, 0x73, 0x05, 0x00, 0x00, 0xd2, 0x02, 
	0x00, 0x00, 0x7a, 0x04, 0x00, 0x00, 0x6a, 0x05, 0x00, 0x00, 0xcc, 
	0x02, 0x00, 0x00, 0xb1, 0x06, 0x00, 0x00, 0x02, 0x07, 0x00, 0x00, 
	0x75, 0x03, 0x00, 0x00, 0x81, 0x02, 0x00, 0x00, 0x0a, 0x01, 0x00, 
	0x00, 0xf9, 0x05, 0x00, 0x00, 0x43, 0x04, 0x00, 0x00, 0x78, 0x02, 
	0x00, 0x00, 0xdc, 0x04, 0x00, 0x00, 0x15, 0x04, 0x00, 0x00, 0xdf, 
	0x05, 0x00, 0x00, 0xc7, 0x04, 0x00, 0x00, 0x2b, 0x03, 0x00, 0x00, 
	0x8f, 0x04, 0x00, 0x00, 0x8f, 0x02, 0x00, 0x00, 0xfc, 0x02, 0x00, 
	0x00, 0xc1, 0x04, 0x00, 0x00, 0x5e, 0x00, 0x00, 0x00, 0x8a, 0x02, 
	0x00, 0x00, 0xa2, 0x01, 0x00, 0x00, 0x89, 0x02, 0x00, 0x00, 0x5c, 
	0x04, 0x00, 0x00, 0x47, 0x06, 0x00, 0x00, 0xbb, 0x02, 0x00, 0x00, 
	0xc3, 0x04, 0x00, 0x00, 0xf5, 0x04, 0x00, 0x00, 0x79, 0x03, 0x00, 
	0x00, 0x13, 0x02, 0x00, 0x00, 0x26, 0x04, 0x00, 0x00, 0x3e, 0x06, 
	0x00, 0x00, 0x5e, 0x04, 0x00, 0x00, 0x9a, 0x04, 0x00, 0x00, 0xa0, 
	0x05, 0x00, 0x00, 0xd2, 0x02, 0x00, 0x00, 0x76, 0x05, 0x00, 0x00, 
	0xdf, 0x01, 0x00, 0x00, 0xc1, 0x03, 0x00, 0x00, 0x23, 0x04, 0x00, 
	0x00, 0x27, 0x02, 0x00, 0x00, 0x45, 0x02, 0x00, 0x00, 0x72, 0x01, 
	0x00, 0x00, 0x86, 0x01, 0x00, 0x00, 0x05, 0x04, 0x00, 0x00, 0x00, 
	0x03, 0x00, 0x00, 0xb1, 0x03, 0x00, 0x00, 0xd4, 0x05, 0x00, 0x00, 
	0xad, 0x03, 0x00, 0x00, 0x9a, 0x04, 0x00, 0x00, 0xcd, 0x04, 0x00, 
	0x00, 0x37, 0x01, 0x00, 0x00, 0x19, 0x03, 0x00, 0x00, 0xd8, 0x35, 
	0x00, 0x40, 0xe0, 0x35, 0x00, 0x40, 0x47, 0x43, 0x43, 0x3a, 0x20, 
	0x28, 0x67, 0x30, 0x34, 0x36, 0x39, 0x36, 0x64, 0x66, 0x30, 0x39, 
	0x36, 0x33, 0x29, 0x20, 0x31, 0x34, 0x2e, 0x32, 0x2e, 0x30, 0x00, 
	0x41, 0x36, 0x00, 0x00, 0x00, 0x72, 0x69, 0x73, 0x63, 0x76, 0x00, 
	0x01, 0x2c, 0x00, 0x00, 0x00, 0x04, 0x10, 0x05, 0x72, 0x76, 0x33, 
	0x32, 0x69, 0x32, 0x70, 0x31, 0x5f, 0x6d, 0x32, 0x70, 0x30, 0x5f, 
	0x7a, 0x69, 0x63, 0x73, 0x72, 0x32, 0x70, 0x30, 0x5f, 0x7a, 0x6d, 
	0x6d, 0x75, 0x6c, 0x31, 0x70, 0x30, 0x00, 0x08, 0x01, 0x0a, 0x0b, 
	0x72, 0x07, 0x00, 0x00, 0x05, 0x00, 0x01, 0x04, 0x00, 0x00, 0x00, 
	0x00, 0x11, 0x8c, 0x00, 0x00, 0x00, 0x1d, 0x00, 0x00, 0x00, 0x00, 
	0x26, 0x00, 0x00, 0x00, 0xbc, 0x2c, 0x00, 0x40, 0x2c, 0x04, 0x00, 
	0x00, 0x00, 0x00, 0x00, 0x00, 0x04, 0x08, 0x07, 0x55, 0x00, 0x00, 
	0x00, 0x12, 0x04, 0x05, 0x69, 0x6e, 0x74, 0x00, 0x04, 0x04, 0x07, 
	0x5f, 0x00, 0x00, 0x00, 0x04, 0x08, 0x05, 0x47, 0x00, 0x00, 0x00, 
	0x04, 0x10, 0x04, 0xe4, 0x01, 0x00, 0x00, 0x04, 0x01, 0x06, 0x60, 
	0x01, 0x00, 0x00, 0x04, 0x01, 0x08, 0x5e, 0x01, 0x00, 0x00, 0x04, 
	0x02, 0x05, 0x21, 0x00, 0x00, 0x00, 0x04, 0x02, 0x07, 0x88, 0x01, 
	0x00, 0x00, 0x04, 0x04, 0x05, 0x4c, 0x00, 0x00, 0x00, 0x04, 0x04, 
	0x07, 0x5a, 0x00, 0x00, 0x00, 0x04, 0x01, 0x08, 0x67, 0x01, 0x00, 
	0x00, 0x04, 0x01, 0x02, 0xb5, 0x01, 0x00, 0x00, 0x06, 0x80, 0x01, 
	0x00, 0x00, 0x7e, 0x16, 0x50, 0x00, 0x00, 0x00, 0x09, 0x81, 0x00, 
	0x00, 0x00, 0x06, 0xa4, 0x01, 0x00, 0x00, 0x83, 0x0f, 0x2d, 0x00, 
	0x00, 0x00, 0x06, 0xa3, 0x01, 0x00, 0x00, 0x84, 0x16, 0x34, 0x00, 
	0x00, 0x00, 0x06, 0x9c, 0x01, 0x00, 0x00, 0x87, 0x0f, 0x3b, 0x00, 
	0x00, 0x00, 0x06, 0x9b, 0x01, 0x00, 0x00, 0x88, 0x16, 0x26, 0x00, 
	0x00, 0x00, 0x04, 0x02, 0x04, 0x83, 0x00, 0x00, 0x00, 0x04, 0x04, 
	0x03, 0x7b, 0x00, 0x00, 0x00, 0x04, 0x04, 0x04, 0x1b, 0x00, 0x00, 
	0x00, 0x04, 0x08, 0x03, 0x13, 0x00, 0x00, 0x00, 0x04, 0x08, 0x04, 
	0xe9, 0x01, 0x00, 0x00, 0x04, 0x10, 0x03, 0xbb, 0x01, 0x00, 0x00, 
	0x04, 0x20, 0x03, 0xdc, 0x01, 0x00, 0x00, 0x13, 0x0a, 0x00, 0x00, 
	0x00, 0x08, 0x02, 0x05, 0x02, 0x0a, 0x19, 0x01, 0x00, 0x00, 0x14, 
	0x6c, 0x6f, 0x77, 0x00, 0x02, 0x05, 0x02, 0x1a, 0x91, 0x00, 0x00, 
	0x00, 0x00, 0x15, 0x6c, 0x00, 0x00, 0x00, 0x02, 0x05, 0x02, 0x1f, 
	0x91, 0x00, 0x00, 0x00, 0x04, 0x00, 0x16, 0x08, 0x02, 0x0c, 0x02, 
	0x09, 0x39, 0x01, 0x00, 0x00, 0x0c, 0x73, 0x00, 0x0e, 0x02, 0x13, 
	0xee, 0x00, 0x00, 0x00, 0x0c, 0x6c, 0x6c, 0x00, 0x0f, 0x02, 0x0a, 
	0xa7, 0x00, 0x00, 0x00, 0x00, 0x17, 0x2b, 0x00, 0x00, 0x00, 0x02, 
	0x10, 0x02, 0x03, 0x19, 0x01, 0x00, 0x00, 0x09, 0x39, 0x01, 0x00, 
	0x00, 0x18, 0x8c, 0x00, 0x00, 0x00, 0x5b, 0x01, 0x00, 0x00, 0x19, 
	0x34, 0x00, 0x00, 0x00, 0xff, 0x00, 0x09, 0x4b, 0x01, 0x00, 0x00, 
	0x1a, 0x71, 0x00, 0x00, 0x00, 0x02, 0x1a, 0x02, 0x16, 0x5b, 0x01, 
	0x00, 0x00, 0x1b, 0x00, 0x00, 0x00, 0x00, 0x01, 0x12, 0x05, 0x01, 
	0xb2, 0x00, 0x00, 0x00, 0xbc, 0x2c, 0x00, 0x40, 0x2c, 0x04, 0x00, 
	0x00, 0x01, 0x9c, 0x43, 0x04, 0x00, 0x00, 0x0d, 0x6e, 0x00, 0x14, 
	0xb2, 0x00, 0x00, 0x00, 0x0c, 0x00, 0x00, 0x00, 0x0d, 0x64, 0x00, 
	0x1f, 0xb2, 0x00, 0x00, 0x00, 0xb2, 0x00, 0x00, 0x00, 0x1c, 0x43, 
	0x04, 0x00, 0x00, 0xbc, 0x2c, 0x00, 0x40, 0x0c, 0x00, 0x00, 0x00, 
	0x01, 0x14, 0x05, 0x0a, 0x0a, 0x55, 0x04, 0x00, 0x00, 0x1c, 0x01, 
	0x00, 0x00, 0x0a, 0x5d, 0x04, 0x00, 0x00, 0xc9, 0x01, 0x00, 0x00, 
	0x0a, 0x65, 0x04, 0x00, 0x00, 0xf8, 0x01, 0x00, 0x00, 0x1d, 0x19, 
	0x00, 0x00, 0x00, 0x08, 0x6e, 0x04, 0x00, 0x00, 0x08, 0x79, 0x04, 
	0x00, 0x00, 0x08, 0x84, 0x04, 0x00, 0x00, 0x01, 0x8f, 0x04, 0x00, 
	0x00, 0x08, 0x02, 0x00, 0x00, 0x01, 0x9a, 0x04, 0x00, 0x00, 0x4b, 
	0x02, 0x00, 0x00, 0x01, 0xa5, 0x04, 0x00, 0x00, 0x6d, 0x02, 0x00, 
	0x00, 0x01, 0xb0, 0x04, 0x00, 0x00, 0xe0, 0x02, 0x00, 0x00, 0x01, 
	0xbb, 0x04, 0x00, 0x00, 0x28, 0x03, 0x00, 0x00, 0x01, 0xc6, 0x04, 
	0x00, 0x00, 0x37, 0x03, 0x00, 0x00, 0x01, 0xd1, 0x04, 0x00, 0x00, 
	0x4d, 0x03, 0x00, 0x00, 0x01, 0xdc, 0x04, 0x00, 0x00, 0x64, 0x03, 
	0x00, 0x00, 0x01, 0xe6, 0x04, 0x00, 0x00, 0x73, 0x03, 0x00, 0x00, 
	0x08, 0xf1, 0x04, 0x00, 0x00, 0x07, 0xfc, 0x04, 0x00, 0x00, 0x2b, 
	0x00, 0x00, 0x00, 0x56, 0x02, 0x00, 0x00, 0x01, 0x01, 0x05, 0x00, 
	0x00, 0x95, 0x03, 0x00, 0x00, 0x01, 0x0d, 0x05, 0x00, 0x00, 0xb5, 
	0x03, 0x00, 0x00, 0x00, 0x0e, 0x1a, 0x05, 0x00, 0x00, 0x24, 0x2d, 
	0x00, 0x40, 0x88, 0x00, 0x00, 0x00, 0xa7, 0x02, 0x00, 0x00, 0x01, 
	0x1f, 0x05, 0x00, 0x00, 0xbb, 0x03, 0x00, 0x00, 0x01, 0x2b, 0x05, 
	0x00, 0x00, 0xc2, 0x03, 0x00, 0x00, 0x01, 0x37, 0x05, 0x00, 0x00, 
	0xc9, 0x03, 0x00, 0x00, 0x01, 0x43, 0x05, 0x00, 0x00, 0xd7, 0x03, 
	0x00, 0x00, 0x01, 0x4f, 0x05, 0x00, 0x00, 0xe6, 0x03, 0x00, 0x00, 
	0x01, 0x5b, 0x05, 0x00, 0x00, 0x13, 0x04, 0x00, 0x00, 0x01, 0x67, 
	0x05, 0x00, 0x00, 0x2e, 0x04, 0x00, 0x00, 0x00, 0x07, 0x76, 0x06, 
	0x00, 0x00, 0x34, 0x00, 0x00, 0x00, 0x66, 0x03, 0x00, 0x00, 0x01, 
	0x77, 0x06, 0x00, 0x00, 0x49, 0x04, 0x00, 0x00, 0x01, 0x82, 0x06, 
	0x00, 0x00, 0x51, 0x04, 0x00, 0x00, 0x07, 0x8d, 0x06, 0x00, 0x00, 
	0x3f, 0x00, 0x00, 0x00, 0x13, 0x03, 0x00, 0x00, 0x01, 0x92, 0x06, 
	0x00, 0x00, 0x68, 0x04, 0x00, 0x00, 0x01, 0x9e, 0x06, 0x00, 0x00, 
	0x70, 0x04, 0x00, 0x00, 0x01, 0xaa, 0x06, 0x00, 0x00, 0x85, 0x04, 
	0x00, 0x00, 0x01, 0xb6, 0x06, 0x00, 0x00, 0x94, 0x04, 0x00, 0x00, 
	0x01, 0xc2, 0x06, 0x00, 0x00, 0xa3, 0x04, 0x00, 0x00, 0x01, 0xce, 
	0x06, 0x00, 0x00, 0xc5, 0x04, 0x00, 0x00, 0x01, 0xda, 0x06, 0x00, 
	0x00, 0xe7, 0x04, 0x00, 0x00, 0x00, 0x0f, 0xe7, 0x06, 0x00, 0x00, 
	0x4f, 0x00, 0x00, 0x00, 0x01, 0xec, 0x06, 0x00, 0x00, 0x02, 0x05, 
	0x00, 0x00, 0x01, 0xf8, 0x06, 0x00, 0x00, 0x0a, 0x05, 0x00, 0x00, 
	0x01, 0x04, 0x07, 0x00, 0x00, 0x25, 0x05, 0x00, 0x00, 0x01, 0x10, 
	0x07, 0x00, 0x00, 0x2d, 0x05, 0x00, 0x00, 0x01, 0x1c, 0x07, 0x00, 
	0x00, 0x35, 0x05, 0x00, 0x00, 0x01, 0x28, 0x07, 0x00, 0x00, 0x3d, 
	0x05, 0x00, 0x00, 0x01, 0x34, 0x07, 0x00, 0x00, 0x45, 0x05, 0x00, 
	0x00, 0x01, 0x40, 0x07, 0x00, 0x00, 0x63, 0x05, 0x00, 0x00, 0x00, 
	0x00, 0x07, 0x74, 0x05, 0x00, 0x00, 0x64, 0x00, 0x00, 0x00, 0x86, 
	0x03, 0x00, 0x00, 0x01, 0x79, 0x05, 0x00, 0x00, 0x6b, 0x05, 0x00, 
	0x00, 0x01, 0x85, 0x05, 0x00, 0x00, 0x7a, 0x05, 0x00, 0x00, 0x00, 
	0x0e, 0xec, 0x05, 0x00, 0x00, 0x08, 0x2e, 0x00, 0x40, 0x8c, 0x00, 
	0x00, 0x00, 0xd7, 0x03, 0x00, 0x00, 0x01, 0xf1, 0x05, 0x00, 0x00, 
	0x82, 0x05, 0x00, 0x00, 0x01, 0xfd, 0x05, 0x00, 0x00, 0x8a, 0x05, 
	0x00, 0x00, 0x01, 0x09, 0x06, 0x00, 0x00, 0x92, 0x05, 0x00, 0x00, 
	0x01, 0x15, 0x06, 0x00, 0x00, 0xa1, 0x05, 0x00, 0x00, 0x01, 0x21, 
	0x06, 0x00, 0x00, 0xb0, 0x05, 0x00, 0x00, 0x01, 0x2d, 0x06, 0x00, 
	0x00, 0xd2, 0x05, 0x00, 0x00, 0x01, 0x39, 0x06, 0x00, 0x00, 0xed, 
	0x05, 0x00, 0x00, 0x00, 0x07, 0x92, 0x05, 0x00, 0x00, 0x74, 0x00, 
	0x00, 0x00, 0x24, 0x04, 0x00, 0x00, 0x01, 0x97, 0x05, 0x00, 0x00, 
	0x08, 0x06, 0x00, 0x00, 0x01, 0xa3, 0x05, 0x00, 0x00, 0x10, 0x06, 
	0x00, 0x00, 0x01, 0xaf, 0x05, 0x00, 0x00, 0x25, 0x06, 0x00, 0x00, 
	0x01, 0xbb, 0x05, 0x00, 0x00, 0x34, 0x06, 0x00, 0x00, 0x01, 0xc7, 
	0x05, 0x00, 0x00, 0x43, 0x06, 0x00, 0x00, 0x01, 0xd3, 0x05, 0x00, 
	0x00, 0x65, 0x06, 0x00, 0x00, 0x01, 0xdf, 0x05, 0x00, 0x00, 0x87, 
	0x06, 0x00, 0x00, 0x00, 0x0f, 0x46, 0x06, 0x00, 0x00, 0x84, 0x00, 
	0x00, 0x00, 0x01, 0x4b, 0x06, 0x00, 0x00, 0xa2, 0x06, 0x00, 0x00, 
	0x01, 0x57, 0x06, 0x00, 0x00, 0xaa, 0x06, 0x00, 0x00, 0x00, 0x00, 
	0x00, 0x00, 0x1e, 0xcf, 0x01, 0x00, 0x00, 0x01, 0xe3, 0x03, 0x01, 
	0xb2, 0x00, 0x00, 0x00, 0x03, 0x6f, 0x07, 0x00, 0x00, 0x0b, 0x6e, 
	0x00, 0x17, 0xb2, 0x00, 0x00, 0x00, 0x0b, 0x64, 0x00, 0x22, 0xb2, 
	0x00, 0x00, 0x00, 0x0b, 0x72, 0x70, 0x00, 0x2e, 0x6f, 0x07, 0x00, 
	0x00, 0x03, 0x6e, 0x6e, 0x00, 0xe5, 0x03, 0x11, 0x46, 0x01, 0x00, 
	0x00, 0x03, 0x64, 0x64, 0x00, 0xe6, 0x03, 0x11, 0x46, 0x01, 0x00, 
	0x00, 0x03, 0x72, 0x72, 0x00, 0xe7, 0x03, 0x0b, 0x39, 0x01, 0x00, 
	0x00, 0x03, 0x64, 0x30, 0x00, 0xe8, 0x03, 0x0a, 0x9c, 0x00, 0x00, 
	0x00, 0x03, 0x64, 0x31, 0x00, 0xe8, 0x03, 0x0e, 0x9c, 0x00, 0x00, 
	0x00, 0x03, 0x6e, 0x30, 0x00, 0xe8, 0x03, 0x12, 0x9c, 0x00, 0x00, 
	0x00, 0x03, 0x6e, 0x31, 0x00, 0xe8, 0x03, 0x16, 0x9c, 0x00, 0x00, 
	0x00, 0x03, 0x6e, 0x32, 0x00, 0xe8, 0x03, 0x1a, 0x9c, 0x00, 0x00, 
	0x00, 0x03, 0x71, 0x30, 0x00, 0xe9, 0x03, 0x0a, 0x9c, 0x00, 0x00, 
	0x00, 0x03, 0x71, 0x31, 0x00, 0xe9, 0x03, 0x0e, 0x9c, 0x00, 0x00, 
	0x00, 0x03, 0x62, 0x00, 0xea, 0x03, 0x0a, 0x9c, 0x00, 0x00, 0x00, 
	0x03, 0x62, 0x6d, 0x00, 0xea, 0x03, 0x0d, 0x9c, 0x00, 0x00, 0x00, 
	0x03, 0x77, 0x77, 0x00, 0xb3, 0x04, 0x11, 0x46, 0x01, 0x00, 0x00, 
	0x05, 0x1a, 0x05, 0x00, 0x00, 0x02, 0xca, 0x01, 0x00, 0x00, 0x1a, 
	0x04, 0x04, 0x9c, 0x00, 0x00, 0x00, 0x03, 0x5f, 0x5f, 0x61, 0x00, 
	0x1a, 0x04, 0x04, 0x9c, 0x00, 0x00, 0x00, 0x00, 0x05, 0x74, 0x05, 
	0x00, 0x00, 0x02, 0x38, 0x00, 0x00, 0x00, 0x26, 0x04, 0x04, 0x9c, 
	0x00, 0x00, 0x00, 0x02, 0x33, 0x00, 0x00, 0x00, 0x26, 0x04, 0x04, 
	0x9c, 0x00, 0x00, 0x00, 0x02, 0xb0, 0x01, 0x00, 0x00, 0x26, 0x04, 
	0x04, 0x9c, 0x00, 0x00, 0x00, 0x02, 0xab, 0x01, 0x00, 0x00, 0x26, 
	0x04, 0x04, 0x9c, 0x00, 0x00, 0x00, 0x02, 0xf5, 0x01, 0x00, 0x00, 
	0x26, 0x04, 0x04, 0x9c, 0x00, 0x00, 0x00, 0x02, 0xf0, 0x01, 0x00, 
	0x00, 0x26, 0x04, 0x04, 0x9c, 0x00, 0x00, 0x00, 0x03, 0x5f, 0x5f, 
	0x6d, 0x00, 0x26, 0x04, 0x04, 0x9c, 0x00, 0x00, 0x00, 0x00, 0x05, 
	0x92, 0x05, 0x00, 0x00, 0x02, 0xca, 0x01, 0x00, 0x00, 0x32, 0x04, 
	0x04, 0x9c, 0x00, 0x00, 0x00, 0x03, 0x5f, 0x5f, 0x61, 0x00, 0x32, 
	0x04, 0x04, 0x9c, 0x00, 0x00, 0x00, 0x00, 0x05, 0xec, 0x05, 0x00, 
	0x00, 0x02, 0x38, 0x00, 0x00, 0x00, 0x4b, 0x04, 0x08, 0x9c, 0x00, 
	0x00, 0x00, 0x02, 0x33, 0x00, 0x00, 0x00, 0x4b, 0x04, 0x08, 0x9c, 
	0x00, 0x00, 0x00, 0x02, 0xb0, 0x01, 0x00, 0x00, 0x4b, 0x04, 0x08, 
	0x9c, 0x00, 0x00, 0x00, 0x02, 0xab, 0x01, 0x00, 0x00, 0x4b, 0x04, 
	0x08, 0x9c, 0x00, 0x00, 0x00, 0x02, 0xf5, 0x01, 0x00, 0x00, 0x4b, 
	0x04, 0x08, 0x9c, 0x00, 0x00, 0x00, 0x02, 0xf0, 0x01, 0x00, 0x00, 
	0x4b, 0x04, 0x08, 0x9c, 0x00, 0x00, 0x00, 0x03, 0x5f, 0x5f, 0x6d, 
	0x00, 0x4b, 0x04, 0x08, 0x9c, 0x00, 0x00, 0x00, 0x00, 0x05, 0x46, 
	0x06, 0x00, 0x00, 0x02, 0x38, 0x00, 0x00, 0x00, 0x50, 0x04, 0x04, 
	0x9c, 0x00, 0x00, 0x00, 0x02, 0x33, 0x00, 0x00, 0x00, 0x50, 0x04, 
	0x04, 0x9c, 0x00, 0x00, 0x00, 0x02, 0xb0, 0x01, 0x00, 0x00, 0x50, 
	0x04, 0x04, 0x9c, 0x00, 0x00, 0x00, 0x02, 0xab, 0x01, 0x00, 0x00, 
	0x50, 0x04, 0x04, 0x9c, 0x00, 0x00, 0x00, 0x02, 0xf5, 0x01, 0x00, 
	0x00, 0x50, 0x04, 0x04, 0x9c, 0x00, 0x00, 0x00, 0x02, 0xf0, 0x01, 
	0x00, 0x00, 0x50, 0x04, 0x04, 0x9c, 0x00, 0x00, 0x00, 0x03, 0x5f, 
	0x5f, 0x6d, 0x00, 0x50, 0x04, 0x04, 0x9c, 0x00, 0x00, 0x00, 0x00, 
	0x05, 0x64, 0x06, 0x00, 0x00, 0x02, 0xca, 0x01, 0x00, 0x00, 0x73, 
	0x04, 0x04, 0x9c, 0x00, 0x00, 0x00, 0x03, 0x5f, 0x5f, 0x61, 0x00, 
	0x73, 0x04, 0x04, 0x9c, 0x00, 0x00, 0x00, 0x00, 0x05, 0x76, 0x06, 
	0x00, 0x00, 0x03, 0x5f, 0x5f, 0x78, 0x00, 0x81, 0x04, 0x05, 0x9c, 
	0x00, 0x00, 0x00, 0x00, 0x10, 0x03, 0x6d, 0x31, 0x00, 0x91, 0x04, 
	0x0f, 0x9c, 0x00, 0x00, 0x00, 0x03, 0x6d, 0x30, 0x00, 0x91, 0x04, 
	0x13, 0x9c, 0x00, 0x00, 0x00, 0x05, 0xe7, 0x06, 0x00, 0x00, 0x02, 
	0x38, 0x00, 0x00, 0x00, 0x9c, 0x04, 0x08, 0x9c, 0x00, 0x00, 0x00, 
	0x02, 0x33, 0x00, 0x00, 0x00, 0x9c, 0x04, 0x08, 0x9c, 0x00, 0x00, 
	0x00, 0x02, 0xb0, 0x01, 0x00, 0x00, 0x9c, 0x04, 0x08, 0x9c, 0x00, 
	0x00, 0x00, 0x02, 0xab, 0x01, 0x00, 0x00, 0x9c, 0x04, 0x08, 0x9c, 
	0x00, 0x00, 0x00, 0x02, 0xf5, 0x01, 0x00, 0x00, 0x9c, 0x04, 0x08, 
	0x9c, 0x00, 0x00, 0x00, 0x02, 0xf0, 0x01, 0x00, 0x00, 0x9c, 0x04, 
	0x08, 0x9c, 0x00, 0x00, 0x00, 0x03, 0x5f, 0x5f, 0x6d, 0x00, 0x9c, 
	0x04, 0x08, 0x9c, 0x00, 0x00, 0x00, 0x00, 0x05, 0x4d, 0x07, 0x00, 
	0x00, 0x02, 0x6c, 0x01, 0x00, 0x00, 0x9d, 0x04, 0x08, 0x9c, 0x00, 
	0x00, 0x00, 0x02, 0x71, 0x01, 0x00, 0x00, 0x9d, 0x04, 0x08, 0x9c, 
	0x00, 0x00, 0x00, 0x02, 0x76, 0x01, 0x00, 0x00, 0x9d, 0x04, 0x08, 
	0x9c, 0x00, 0x00, 0x00, 0x02, 0x7b, 0x01, 0x00, 0x00, 0x9d, 0x04, 
	0x08, 0x9c, 0x00, 0x00, 0x00, 0x02, 0xff, 0x01, 0x00, 0x00, 0x9d, 
	0x04, 0x08, 0x9c, 0x00, 0x00, 0x00, 0x02, 0x42, 0x00, 0x00, 0x00, 
	0x9d, 0x04, 0x08, 0x9c, 0x00, 0x00, 0x00, 0x02, 0xfa, 0x01, 0x00, 
	0x00, 0x9d, 0x04, 0x08, 0x9c, 0x00, 0x00, 0x00, 0x02, 0x3d, 0x00, 
	0x00, 0x00, 0x9d, 0x04, 0x08, 0x9c, 0x00, 0x00, 0x00, 0x00, 0x05, 
	0x5f, 0x07, 0x00, 0x00, 0x03, 0x5f, 0x5f, 0x78, 0x00, 0xa2, 0x04, 
	0x05, 0x9c, 0x00, 0x00, 0x00, 0x00, 0x10, 0x03, 0x5f, 0x5f, 0x78, 
	0x00, 0xaa, 0x04, 0x05, 0x9c, 0x00, 0x00, 0x00, 0x00, 0x00, 0x00, 
	0x1f, 0x04, 0xb2, 0x00, 0x00, 0x00, 0x00, 0xbf, 0x07, 0x00, 0x00, 
	0x05, 0x00, 0x01, 0x04, 0xa6, 0x01, 0x00, 0x00, 0x12, 0x8c, 0x00, 
	0x00, 0x00, 0x1d, 0x00, 0x00, 0x00, 0x00, 0x26, 0x00, 0x00, 0x00, 
	0xe8, 0x30, 0x00, 0x40, 0xe0, 0x03, 0x00, 0x00, 0x7b, 0x09, 0x00, 
	0x00, 0x04, 0x08, 0x07, 0x55, 0x00, 0x00, 0x00, 0x04, 0x04, 0x07, 
	0x5f, 0x00, 0x00, 0x00, 0x13, 0x04, 0x05, 0x69, 0x6e, 0x74, 0x00, 
	0x04, 0x08, 0x05, 0x47, 0x00, 0x00, 0x00, 0x04, 0x10, 0x04, 0xe4, 
	0x01, 0x00, 0x00, 0x04, 0x01, 0x06, 0x60, 0x01, 0x00, 0x00, 0x04, 
	0x01, 0x08, 0x5e, 0x01, 0x00, 0x00, 0x04, 0x02, 0x05, 0x21, 0x00, 
	0x00, 0x00, 0x04, 0x02, 0x07, 0x88, 0x01, 0x00, 0x00, 0x04, 0x04, 
	0x05, 0x4c, 0x00, 0x00, 0x00, 0x04, 0x04, 0x07, 0x5a, 0x00, 0x00, 
	0x00, 0x04, 0x01, 0x08, 0x67, 0x01, 0x00, 0x00, 0x04, 0x01, 0x02, 
	0xb5, 0x01, 0x00, 0x00, 0x08, 0x80, 0x01, 0x00, 0x00, 0x7e, 0x16, 
	0x50, 0x00, 0x00, 0x00, 0x0a, 0x81, 0x00, 0x00, 0x00, 0x08, 0xa4, 
	0x01, 0x00, 0x00, 0x83, 0x0f, 0x34, 0x00, 0x00, 0x00, 0x08, 0xa3, 
	0x01, 0x00, 0x00, 0x84, 0x16, 0x2d, 0x00, 0x00, 0x00, 0x08, 0x9c, 
	0x01, 0x00, 0x00, 0x87, 0x0f, 0x3b, 0x00, 0x00, 0x00, 0x08, 0x9b, 
	0x01, 0x00, 0x00, 0x88, 0x16, 0x26, 0x00, 0x00, 0x00, 0x04, 0x02, 
	0x04, 0x83, 0x00, 0x00, 0x00, 0x04, 0x04, 0x03, 0x7b, 0x00, 0x00, 
	0x00, 0x04, 0x04, 0x04, 0x1b, 0x00, 0x00, 0x00, 0x04, 0x08, 0x03, 
	0x13, 0x00, 0x00, 0x00, 0x04, 0x08, 0x04, 0xe9, 0x01, 0x00, 0x00, 
	0x04, 0x10, 0x03, 0xbb, 0x01, 0x00, 0x00, 0x04, 0x20, 0x03, 0xdc, 
	0x01, 0x00, 0x00, 0x14, 0x0a, 0x00, 0x00, 0x00, 0x08, 0x02, 0x05, 
	0x02, 0x0a, 0x19, 0x01, 0x00, 0x00, 0x15, 0x6c, 0x6f, 0x77, 0x00, 
	0x02, 0x05, 0x02, 0x1a, 0x91, 0x00, 0x00, 0x00, 0x00, 0x16, 0x6c, 
	0x00, 0x00, 0x00, 0x02, 0x05, 0x02, 0x1f, 0x91, 0x00, 0x00, 0x00, 
	0x04, 0x00, 0x17, 0x08, 0x02, 0x0c, 0x02, 0x09, 0x39, 0x01, 0x00, 
	0x00, 0x0d, 0x73, 0x00, 0x0e, 0x02, 0x13, 0xee, 0x00, 0x00, 0x00, 
	0x0d, 0x6c, 0x6c, 0x00, 0x0f, 0x02, 0x0a, 0xa7, 0x00, 0x00, 0x00, 
	0x00, 0x18, 0x2b, 0x00, 0x00, 0x00, 0x02, 0x10, 0x02, 0x03, 0x19, 
	0x01, 0x00, 0x00, 0x0a, 0x39, 0x01, 0x00, 0x00, 0x19, 0x8c, 0x00, 
	0x00, 0x00, 0x5b, 0x01, 0x00, 0x00, 0x1a, 0x2d, 0x00, 0x00, 0x00, 
	0xff, 0x00, 0x0a, 0x4b, 0x01, 0x00, 0x00, 0x1b, 0x71, 0x00, 0x00, 
	0x00, 0x02, 0x1a, 0x02, 0x16, 0x5b, 0x01, 0x00, 0x00, 0x1c, 0x04, 
	0x02, 0x00, 0x00, 0x01, 0x06, 0x05, 0x01, 0xb2, 0x00, 0x00, 0x00, 
	0xe8, 0x30, 0x00, 0x40, 0xe0, 0x03, 0x00, 0x00, 0x01, 0x9c, 0x90, 
	0x04, 0x00, 0x00, 0x0e, 0x75, 0x00, 0x14, 0xb2, 0x00, 0x00, 0x00, 
	0xbe, 0x06, 0x00, 0x00, 0x0e, 0x76, 0x00, 0x1f, 0xb2, 0x00, 0x00, 
	0x00, 0x34, 0x07, 0x00, 0x00, 0x03, 0x77, 0x00, 0x08, 0x05, 0x0b, 
	0xb2, 0x00, 0x00, 0x00, 0x1d, 0x90, 0x04, 0x00, 0x00, 0xe8, 0x30, 
	0x00, 0x40, 0xdc, 0x03, 0x00, 0x00, 0x01, 0x0a, 0x05, 0x0a, 0x0b, 
	0xa2, 0x04, 0x00, 0x00, 0xaa, 0x07, 0x00, 0x00, 0x0b, 0xaa, 0x04, 
	0x00, 0x00, 0xe5, 0x07, 0x00, 0x00, 0x0b, 0xb2, 0x04, 0x00, 0x00, 
	0x14, 0x08, 0x00, 0x00, 0x06, 0xbb, 0x04, 0x00, 0x00, 0x06, 0xc6, 
	0x04, 0x00, 0x00, 0x06, 0xd1, 0x04, 0x00, 0x00, 0x01, 0xdc, 0x04, 
	0x00, 0x00, 0x20, 0x08, 0x00, 0x00, 0x01, 0xe7, 0x04, 0x00, 0x00, 
	0x56, 0x08, 0x00, 0x00, 0x01, 0xf2, 0x04, 0x00, 0x00, 0x78, 0x08, 
	0x00, 0x00, 0x01, 0xfd, 0x04, 0x00, 0x00, 0xa8, 0x08, 0x00, 0x00, 
	0x01, 0x08, 0x05, 0x00, 0x00, 0xf2, 0x08, 0x00, 0x00, 0x01, 0x13, 
	0x05, 0x00, 0x00, 0x01, 0x09, 0x00, 0x00, 0x01, 0x1e, 0x05, 0x00, 
	0x00, 0x0a, 0x09, 0x00, 0x00, 0x01, 0x29, 0x05, 0x00, 0x00, 0x1b, 
	0x09, 0x00, 0x00, 0x01, 0x33, 0x05, 0x00, 0x00, 0x2a, 0x09, 0x00, 
	0x00, 0x06, 0x3e, 0x05, 0x00, 0x00, 0x07, 0x49, 0x05, 0x00, 0x00, 
	0x9b, 0x00, 0x00, 0x00, 0x5b, 0x02, 0x00, 0x00, 0x01, 0x4e, 0x05, 
	0x00, 0x00, 0x4d, 0x09, 0x00, 0x00, 0x01, 0x5a, 0x05, 0x00, 0x00, 
	0x5a, 0x09, 0x00, 0x00, 0x00, 0x09, 0x67, 0x05, 0x00, 0x00, 0x48, 
	0x31, 0x00, 0x40, 0x48, 0x00, 0x00, 0x00, 0xa8, 0x02, 0x00, 0x00, 
	0x01, 0x6c, 0x05, 0x00, 0x00, 0x60, 0x09, 0x00, 0x00, 0x01, 0x78, 
	0x05, 0x00, 0x00, 0x67, 0x09, 0x00, 0x00, 0x06, 0x84, 0x05, 0x00, 
	0x00, 0x01, 0x90, 0x05, 0x00, 0x00, 0x6e, 0x09, 0x00, 0x00, 0x01, 
	0x9c, 0x05, 0x00, 0x00, 0x88, 0x09, 0x00, 0x00, 0x01, 0xa8, 0x05, 
	0x00, 0x00, 0x90, 0x09, 0x00, 0x00, 0x01, 0xb4, 0x05, 0x00, 0x00, 
	0xa4, 0x09, 0x00, 0x00, 0x00, 0x07, 0x39, 0x06, 0x00, 0x00, 0xa4, 
	0x00, 0x00, 0x00, 0xf5, 0x02, 0x00, 0x00, 0x01, 0x3e, 0x06, 0x00, 
	0x00, 0xab, 0x09, 0x00, 0x00, 0x01, 0x4a, 0x06, 0x00, 0x00, 0xb3, 
	0x09, 0x00, 0x00, 0x01, 0x56, 0x06, 0x00, 0x00, 0xbb, 0x09, 0x00, 
	0x00, 0x01, 0x62, 0x06, 0x00, 0x00, 0xc3, 0x09, 0x00, 0x00, 0x01, 
	0x6e, 0x06, 0x00, 0x00, 0xdd, 0x09, 0x00, 0x00, 0x01, 0x7a, 0x06, 
	0x00, 0x00, 0xf8, 0x09, 0x00, 0x00, 0x01, 0x86, 0x06, 0x00, 0x00, 
	0x13, 0x0a, 0x00, 0x00, 0x00, 0x07, 0xc1, 0x05, 0x00, 0x00, 0xaf, 
	0x00, 0x00, 0x00, 0x15, 0x03, 0x00, 0x00, 0x01, 0xc6, 0x05, 0x00, 
	0x00, 0x22, 0x0a, 0x00, 0x00, 0x01, 0xd2, 0x05, 0x00, 0x00, 0x31, 
	0x0a, 0x00, 0x00, 0x00, 0x07, 0xdf, 0x05, 0x00, 0x00, 0xbf, 0x00, 
	0x00, 0x00, 0x62, 0x03, 0x00, 0x00, 0x01, 0xe4, 0x05, 0x00, 0x00, 
	0x39, 0x0a, 0x00, 0x00, 0x01, 0xf0, 0x05, 0x00, 0x00, 0x41, 0x0a, 
	0x00, 0x00, 0x01, 0xfc, 0x05, 0x00, 0x00, 0x49, 0x0a, 0x00, 0x00, 
	0x01, 0x08, 0x06, 0x00, 0x00, 0x51, 0x0a, 0x00, 0x00, 0x01, 0x14, 
	0x06, 0x00, 0x00, 0x6b, 0x0a, 0x00, 0x00, 0x01, 0x20, 0x06, 0x00, 
	0x00, 0x86, 0x0a, 0x00, 0x00, 0x01, 0x2c, 0x06, 0x00, 0x00, 0xa1, 
	0x0a, 0x00, 0x00, 0x00, 0x07, 0x93, 0x06, 0x00, 0x00, 0xca, 0x00, 
	0x00, 0x00, 0x82, 0x03, 0x00, 0x00, 0x01, 0x98, 0x06, 0x00, 0x00, 
	0xb0, 0x0a, 0x00, 0x00, 0x01, 0xa4, 0x06, 0x00, 0x00, 0xbf, 0x0a, 
	0x00, 0x00, 0x00, 0x09, 0xb1, 0x06, 0x00, 0x00, 0x44, 0x33, 0x00, 
	0x40, 0x14, 0x00, 0x00, 0x00, 0x99, 0x03, 0x00, 0x00, 0x06, 0xb6, 
	0x06, 0x00, 0x00, 0x00, 0x0f, 0xc3, 0x06, 0x00, 0x00, 0x78, 0x33, 
	0x00, 0x40, 0x4c, 0x01, 0x00, 0x00, 0x01, 0xc4, 0x06, 0x00, 0x00, 
	0xc7, 0x0a, 0x00, 0x00, 0x01, 0xcf, 0x06, 0x00, 0x00, 0xcf, 0x0a, 
	0x00, 0x00, 0x07, 0xda, 0x06, 0x00, 0x00, 0xd5, 0x00, 0x00, 0x00, 
	0x05, 0x04, 0x00, 0x00, 0x01, 0xdf, 0x06, 0x00, 0x00, 0xde, 0x0a, 
	0x00, 0x00, 0x01, 0xeb, 0x06, 0x00, 0x00, 0xf1, 0x0a, 0x00, 0x00, 
	0x01, 0xf7, 0x06, 0x00, 0x00, 0x06, 0x0b, 0x00, 0x00, 0x01, 0x03, 
	0x07, 0x00, 0x00, 0x15, 0x0b, 0x00, 0x00, 0x01, 0x0f, 0x07, 0x00, 
	0x00, 0x24, 0x0b, 0x00, 0x00, 0x01, 0x1b, 0x07, 0x00, 0x00, 0x46, 
	0x0b, 0x00, 0x00, 0x01, 0x27, 0x07, 0x00, 0x00, 0x68, 0x0b, 0x00, 
	0x00, 0x00, 0x09, 0x34, 0x07, 0x00, 0x00, 0x2c, 0x34, 0x00, 0x40, 
	0x58, 0x00, 0x00, 0x00, 0x5b, 0x04, 0x00, 0x00, 0x01, 0x39, 0x07, 
	0x00, 0x00, 0x93, 0x0b, 0x00, 0x00, 0x01, 0x45, 0x07, 0x00, 0x00, 
	0x9b, 0x0b, 0x00, 0x00, 0x01, 0x51, 0x07, 0x00, 0x00, 0xa3, 0x0b, 
	0x00, 0x00, 0x01, 0x5d, 0x07, 0x00, 0x00, 0xab, 0x0b, 0x00, 0x00, 
	0x01, 0x69, 0x07, 0x00, 0x00, 0xb3, 0x0b, 0x00, 0x00, 0x10, 0x75, 
	0x07, 0x00, 0x00, 0x01, 0x6c, 0x01, 0x81, 0x07, 0x00, 0x00, 0xbb, 
	0x0b, 0x00, 0x00, 0x10, 0x8d, 0x07, 0x00, 0x00, 0x01, 0x5e, 0x00, 
	0x09, 0x9a, 0x07, 0x00, 0x00, 0x90, 0x34, 0x00, 0x40, 0x14, 0x00, 
	0x00, 0x00, 0x76, 0x04, 0x00, 0x00, 0x01, 0x9f, 0x07, 0x00, 0x00, 
	0xc3, 0x0b, 0x00, 0x00, 0x00, 0x0f, 0xac, 0x07, 0x00, 0x00, 0xa4, 
	0x34, 0x00, 0x40, 0x10, 0x00, 0x00, 0x00, 0x01, 0xad, 0x07, 0x00, 
	0x00, 0xcb, 0x0b, 0x00, 0x00, 0x00, 0x00, 0x00, 0x00, 0x1e, 0xcf, 
	0x01, 0x00, 0x00, 0x01, 0xe3, 0x03, 0x01, 0xb2, 0x00, 0x00, 0x00, 
	0x03, 0xbc, 0x07, 0x00, 0x00, 0x0c, 0x6e, 0x00, 0x17, 0xb2, 0x00, 
	0x00, 0x00, 0x0c, 0x64, 0x00, 0x22, 0xb2, 0x00, 0x00, 0x00, 0x0c, 
	0x72, 0x70, 0x00, 0x2e, 0xbc, 0x07, 0x00, 0x00, 0x03, 0x6e, 0x6e, 
	0x00, 0xe5, 0x03, 0x11, 0x46, 0x01, 0x00, 0x00, 0x03, 0x64, 0x64, 
	0x00, 0xe6, 0x03, 0x11, 0x46, 0x01, 0x00, 0x00, 0x03, 0x72, 0x72, 
	0x00, 0xe7, 0x03, 0x0b, 0x39, 0x01, 0x00, 0x00, 0x03, 0x64, 0x30, 
	0x00, 0xe8, 0x03, 0x0a, 0x9c, 0x00, 0x00, 0x00, 0x03, 0x64, 0x31, 
	0x00, 0xe8, 0x03, 0x0e, 0x9c, 0x00, 0x00, 0x00, 0x03, 0x6e, 0x30, 
	0x00, 0xe8, 0x03, 0x12, 0x9c, 0x00, 0x00, 0x00, 0x03, 0x6e, 0x31, 
	0x00, 0xe8, 0x03, 0x16, 0x9c, 0x00, 0x00, 0x00, 0x03, 0x6e, 0x32, 
	0x00, 0xe8, 0x03, 0x1a, 0x9c, 0x00, 0x00, 0x00, 0x03, 0x71, 0x30, 
	0x00, 0xe9, 0x03, 0x0a, 0x9c, 0x00, 0x00, 0x00, 0x03, 0x71, 0x31, 
	0x00, 0xe9, 0x03, 0x0e, 0x9c, 0x00, 0x00, 0x00, 0x03, 0x62, 0x00, 
	0xea, 0x03, 0x0a, 0x9c, 0x00, 0x00, 0x00, 0x03, 0x62, 0x6d, 0x00, 
	0xea, 0x03, 0x0d, 0x9c, 0x00, 0x00, 0x00, 0x03, 0x77, 0x77, 0x00, 
	0xb3, 0x04, 0x11, 0x46, 0x01, 0x00, 0x00, 0x05, 0x67, 0x05, 0x00, 
	0x00, 0x02, 0xca, 0x01, 0x00, 0x00, 0x1a, 0x04, 0x04, 0x9c, 0x00, 
	0x00, 0x00, 0x03, 0x5f, 0x5f, 0x61, 0x00, 0x1a, 0x04, 0x04, 0x9c, 
	0x00, 0x00, 0x00, 0x00, 0x05, 0xc1, 0x05, 0x00, 0x00, 0x02, 0x38, 
	0x00, 0x00, 0x00, 0x26, 0x04, 0x04, 0x9c, 0x00, 0x00, 0x00, 0x02, 
	0x33, 0x00, 0x00, 0x00, 0x26, 0x04, 0x04, 0x9c, 0x00, 0x00, 0x00, 
	0x02, 0xb0, 0x01, 0x00, 0x00, 0x26, 0x04, 0x04, 0x9c, 0x00, 0x00, 
	0x00, 0x02, 0xab, 0x01, 0x00, 0x00, 0x26, 0x04, 0x04, 0x9c, 0x00, 
	0x00, 0x00, 0x02, 0xf5, 0x01, 0x00, 0x00, 0x26, 0x04, 0x04, 0x9c, 
	0x00, 0x00, 0x00, 0x02, 0xf0, 0x01, 0x00, 0x00, 0x26, 0x04, 0x04, 
	0x9c, 0x00, 0x00, 0x00, 0x03, 0x5f, 0x5f, 0x6d, 0x00, 0x26, 0x04, 
	0x04, 0x9c, 0x00, 0x00, 0x00, 0x00, 0x05, 0xdf, 0x05, 0x00, 0x00, 
	0x02, 0xca, 0x01, 0x00, 0x00, 0x32, 0x04, 0x04, 0x9c, 0x00, 0x00, 
	0x00, 0x03, 0x5f, 0x5f, 0x61, 0x00, 0x32, 0x04, 0x04, 0x9c, 0x00, 
	0x00, 0x00, 0x00, 0x05, 0x39, 0x06, 0x00, 0x00, 0x02, 0x38, 0x00, 
	0x00, 0x00, 0x4b, 0x04, 0x08, 0x9c, 0x00, 0x00, 0x00, 0x02, 0x33, 
	0x00, 0x00, 0x00, 0x4b, 0x04, 0x08, 0x9c, 0x00, 0x00, 0x00, 0x02, 
	0xb0, 0x01, 0x00, 0x00, 0x4b, 0x04, 0x08, 0x9c, 0x00, 0x00, 0x00, 
	0x02, 0xab, 0x01, 0x00, 0x00, 0x4b, 0x04, 0x08, 0x9c, 0x00, 0x00, 
	0x00, 0x02, 0xf5, 0x01, 0x00, 0x00, 0x4b, 0x04, 0x08, 0x9c, 0x00, 
	0x00, 0x00, 0x02, 0xf0, 0x01, 0x00, 0x00, 0x4b, 0x04, 0x08, 0x9c, 
	0x00, 0x00, 0x00, 0x03, 0x5f, 0x5f, 0x6d, 0x00, 0x4b, 0x04, 0x08, 
	0x9c, 0x00, 0x00, 0x00, 0x00, 0x05, 0x93, 0x06, 0x00, 0x00, 0x02, 
	0x38, 0x00, 0x00, 0x00, 0x50, 0x04, 0x04, 0x9c, 0x00, 0x00, 0x00, 
	0x02, 0x33, 0x00, 0x00, 0x00, 0x50, 0x04, 0x04, 0x9c, 0x00, 0x00, 
	0x00, 0x02, 0xb0, 0x01, 0x00, 0x00, 0x50, 0x04, 0x04, 0x9c, 0x00, 
	0x00, 0x00, 0x02, 0xab, 0x01, 0x00, 0x00, 0x50, 0x04, 0x04, 0x9c, 
	0x00, 0x00, 0x00, 0x02, 0xf5, 0x01, 0x00, 0x00, 0x50, 0x04, 0x04, 
	0x9c, 0x00, 0x00, 0x00, 0x02, 0xf0, 0x01, 0x00, 0x00, 0x50, 0x04, 
	0x04, 0x9c, 0x00, 0x00, 0x00, 0x03, 0x5f, 0x5f, 0x6d, 0x00, 0x50, 
	0x04, 0x04, 0x9c, 0x00, 0x00, 0x00, 0x00, 0x05, 0xb1, 0x06, 0x00, 
	0x00, 0x02, 0xca, 0x01, 0x00, 0x00, 0x73, 0x04, 0x04, 0x9c, 0x00, 
	0x00, 0x00, 0x03, 0x5f, 0x5f, 0x61, 0x00, 0x73, 0x04, 0x04, 0x9c, 
	0x00, 0x00, 0x00, 0x00, 0x05, 0xc3, 0x06, 0x00, 0x00, 0x03, 0x5f, 
	0x5f, 0x78, 0x00, 0x81, 0x04, 0x05, 0x9c, 0x00, 0x00, 0x00, 0x00, 
	0x11, 0x03, 0x6d, 0x31, 0x00, 0x91, 0x04, 0x0f, 0x9c, 0x00, 0x00, 
	0x00, 0x03, 0x6d, 0x30, 0x00, 0x91, 0x04, 0x13, 0x9c, 0x00, 0x00, 
	0x00, 0x05, 0x34, 0x07, 0x00, 0x00, 0x02, 0x38, 0x00, 0x00, 0x00, 
	0x9c, 0x04, 0x08, 0x9c, 0x00, 0x00, 0x00, 0x02, 0x33, 0x00, 0x00, 
	0x00, 0x9c, 0x04, 0x08, 0x9c, 0x00, 0x00, 0x00, 0x02, 0xb0, 0x01, 
	0x00, 0x00, 0x9c, 0x04, 0x08, 0x9c, 0x00, 0x00, 0x00, 0x02, 0xab, 
	0x01, 0x00, 0x00, 0x9c, 0x04, 0x08, 0x9c, 0x00, 0x00, 0x00, 0x02, 
	0xf5, 0x01, 0x00, 0x00, 0x9c, 0x04, 0x08, 0x9c, 0x00, 0x00, 0x00, 
	0x02, 0xf0, 0x01, 0x00, 0x00, 0x9c, 0x04, 0x08, 0x9c, 0x00, 0x00, 
	0x00, 0x03, 0x5f, 0x5f, 0x6d, 0x00, 0x9c, 0x04, 0x08, 0x9c, 0x00, 
	0x00, 0x00, 0x00, 0x05, 0x9a, 0x07, 0x00, 0x00, 0x02, 0x6c, 0x01, 
	0x00, 0x00, 0x9d, 0x04, 0x08, 0x9c, 0x00, 0x00, 0x00, 0x02, 0x71, 
	0x01, 0x00, 0x00, 0x9d, 0x04, 0x08, 0x9c, 0x00, 0x00, 0x00, 0x02, 
	0x76, 0x01, 0x00, 0x00, 0x9d, 0x04, 0x08, 0x9c, 0x00, 0x00, 0x00, 
	0x02, 0x7b, 0x01, 0x00, 0x00, 0x9d, 0x04, 0x08, 0x9c, 0x00, 0x00, 
	0x00, 0x02, 0xff, 0x01, 0x00, 0x00, 0x9d, 0x04, 0x08, 0x9c, 0x00, 
	0x00, 0x00, 0x02, 0x42, 0x00, 0x00, 0x00, 0x9d, 0x04, 0x08, 0x9c, 
	0x00, 0x00, 0x00, 0x02, 0xfa, 0x01, 0x00, 0x00, 0x9d, 0x04, 0x08, 
	0x9c, 0x00, 0x00, 0x00, 0x02, 0x3d, 0x00, 0x00, 0x00, 0x9d, 0x04, 
	0x08, 0x9c, 0x00, 0x00, 0x00, 0x00, 0x05, 0xac, 0x07, 0x00, 0x00, 
	0x03, 0x5f, 0x5f, 0x78, 0x00, 0xa2, 0x04, 0x05, 0x9c, 0x00, 0x00, 
	0x00, 0x00, 0x11, 0x03, 0x5f, 0x5f, 0x78, 0x00, 0xaa, 0x04, 0x05, 
	0x9c, 0x00, 0x00, 0x00, 0x00, 0x00, 0x00, 0x1f, 0x04, 0xb2, 0x00, 
	0x00, 0x00, 0x00, 0xe9, 0x00, 0x00, 0x00, 0x05, 0x00, 0x01, 0x04, 
	0x50, 0x03, 0x00, 0x00, 0x03, 0x0e, 0x02, 0x00, 0x00, 0x1d, 0x00, 
	0x00, 0x00, 0x00, 0x26, 0x00, 0x00, 0x00, 0x08, 0x13, 0x00, 0x00, 
	0x04, 0x04, 0x05, 0x69, 0x6e, 0x74, 0x00, 0x01, 0x04, 0x07, 0x5f, 
	0x00, 0x00, 0x00, 0x01, 0x08, 0x05, 0x47, 0x00, 0x00, 0x00, 0x01, 
	0x10, 0x04, 0xe4, 0x01, 0x00, 0x00, 0x01, 0x01, 0x06, 0x60, 0x01, 
	0x00, 0x00, 0x01, 0x01, 0x08, 0x5e, 0x01, 0x00, 0x00, 0x01, 0x02, 
	0x05, 0x21, 0x00, 0x00, 0x00, 0x01, 0x02, 0x07, 0x88, 0x01, 0x00, 
	0x00, 0x01, 0x04, 0x05, 0x4c, 0x00, 0x00, 0x00, 0x01, 0x04, 0x07, 
	0x5a, 0x00, 0x00, 0x00, 0x01, 0x08, 0x07, 0x55, 0x00, 0x00, 0x00, 
	0x01, 0x01, 0x08, 0x67, 0x01, 0x00, 0x00, 0x01, 0x01, 0x02, 0xb5, 
	0x01, 0x00, 0x00, 0x05, 0x80, 0x01, 0x00, 0x00, 0x01, 0x7e, 0x16, 
	0x41, 0x00, 0x00, 0x00, 0x02, 0x79, 0x00, 0x00, 0x00, 0x01, 0x02, 
	0x04, 0x83, 0x00, 0x00, 0x00, 0x01, 0x04, 0x03, 0x7b, 0x00, 0x00, 
	0x00, 0x01, 0x04, 0x04, 0x1b, 0x00, 0x00, 0x00, 0x01, 0x08, 0x03, 
	0x13, 0x00, 0x00, 0x00, 0x01, 0x08, 0x04, 0xe9, 0x01, 0x00, 0x00, 
	0x01, 0x10, 0x03, 0xbb, 0x01, 0x00, 0x00, 0x01, 0x20, 0x03, 0xdc, 
	0x01, 0x00, 0x00, 0x06, 0x85, 0x00, 0x00, 0x00, 0xcb, 0x00, 0x00, 
	0x00, 0x07, 0x25, 0x00, 0x00, 0x00, 0xff, 0x00, 0x02, 0xbb, 0x00, 
	0x00, 0x00, 0x08, 0x71, 0x00, 0x00, 0x00, 0x01, 0x1a, 0x02, 0x16, 
	0xcb, 0x00, 0x00, 0x00, 0x09, 0xd0, 0x00, 0x00, 0x00, 0x02, 0x9e, 
	0x02, 0x0f, 0x05, 0x03, 0x68, 0x37, 0x00, 0x40, 0x00, 0x01, 0x34, 
	0x00, 0x31, 0x13, 0x02, 0x17, 0x00, 0x00, 0x02, 0x34, 0x00, 0x03, 
	0x0e, 0x3a, 0x21, 0x01, 0x3b, 0x05, 0x39, 0x0b, 0x49, 0x13, 0x00, 
	0x00, 0x03, 0x34, 0x00, 0x03, 0x08, 0x3a, 0x21, 0x01, 0x3b, 0x05, 
	0x39, 0x0b, 0x49, 0x13, 0x00, 0x00, 0x04, 0x24, 0x00, 0x0b, 0x0b, 
	0x3e, 0x0b, 0x03, 0x0e, 0x00, 0x00, 0x05, 0x0b, 0x01, 0x01, 0x13, 
	0x00, 0x00, 0x06, 0x16, 0x00, 0x03, 0x0e, 0x3a, 0x21, 0x02, 0x3b, 
	0x0b, 0x39, 0x0b, 0x49, 0x13, 0x00, 0x00, 0x07, 0x0b, 0x01, 0x31, 
	0x13, 0x55, 0x17, 0x01, 0x13, 0x00, 0x00, 0x08, 0x34, 0x00, 0x31, 
	0x13, 0x00, 0x00, 0x09, 0x26, 0x00, 0x49, 0x13, 0x00, 0x00, 0x0a, 
	0x05, 0x00, 0x31, 0x13, 0x02, 0x17, 0x00, 0x00, 0x0b, 0x05, 0x00, 
	0x03, 0x08, 0x3a, 0x21, 0x01, 0x3b, 0x21, 0xe3, 0x07, 0x39, 0x0b, 
	0x49, 0x13, 0x00, 0x00, 0x0c, 0x0d, 0x00, 0x03, 0x08, 0x3a, 0x21, 
	0x02, 0x3b, 0x05, 0x39, 0x0b, 0x49, 0x13, 0x00, 0x00, 0x0d, 0x05, 
	0x00, 0x03, 0x08, 0x3a, 0x21, 0x01, 0x3b, 0x21, 0x92, 0x0a, 0x39, 
	0x0b, 0x49, 0x13, 0x02, 0x17, 0x00, 0x00, 0x0e, 0x0b, 0x01, 0x31, 
	0x13, 0x11, 0x01, 0x12, 0x06, 0x01, 0x13, 0x00, 0x00, 0x0f, 0x0b, 
	0x01, 0x31, 0x13, 0x55, 0x17, 0x00, 0x00, 0x10, 0x0b, 0x01, 0x00, 
	0x00, 0x11, 0x11, 0x01, 0x25, 0x0e, 0x13, 0x0b, 0x03, 0x1f, 0x1b, 
	0x1f, 0x11, 0x01, 0x12, 0x06, 0x10, 0x17, 0x00, 0x00, 0x12, 0x24, 
	0x00, 0x0b, 0x0b, 0x3e, 0x0b, 0x03, 0x08, 0x00, 0x00, 0x13, 0x13, 
	0x01, 0x03, 0x0e, 0x0b, 0x0b, 0x3a, 0x0b, 0x3b, 0x05, 0x39, 0x0b, 
	0x01, 0x13, 0x00, 0x00, 0x14, 0x0d, 0x00, 0x03, 0x08, 0x3a, 0x0b, 
	0x3b, 0x05, 0x39, 0x0b, 0x49, 0x13, 0x38, 0x0b, 0x00, 0x00, 0x15, 
	0x0d, 0x00, 0x03, 0x0e, 0x3a, 0x0b, 0x3b, 0x05, 0x39, 0x0b, 0x49, 
	0x13, 0x38, 0x0b, 0x00, 0x00, 0x16, 0x17, 0x01, 0x0b, 0x0b, 0x3a, 
	0x0b, 0x3b, 0x05, 0x39, 0x0b, 0x01, 0x13, 0x00, 0x00, 0x17, 0x16, 
	0x00, 0x03, 0x0e, 0x3a, 0x0b, 0x3b, 0x05, 0x39, 0x0b, 0x49, 0x13, 
	0x00, 0x00, 0x18, 0x01, 0x01, 0x49, 0x13, 0x01, 0x13, 0x00, 0x00, 
	0x19, 0x21, 0x00, 0x49, 0x13, 0x2f, 0x0b, 0x00, 0x00, 0x1a, 0x34, 
	0x00, 0x03, 0x0e, 0x3a, 0x0b, 0x3b, 0x05, 0x39, 0x0b, 0x49, 0x13, 
	0x3f, 0x19, 0x3c, 0x19, 0x00, 0x00, 0x1b, 0x2e, 0x01, 0x3f, 0x19, 
	0x03, 0x0e, 0x3a, 0x0b, 0x3b, 0x05, 0x39, 0x0b, 0x27, 0x19, 0x49, 
	0x13, 0x11, 0x01, 0x12, 0x06, 0x40, 0x18, 0x7a, 0x19, 0x01, 0x13, 
	0x00, 0x00, 0x1c, 0x1d, 0x01, 0x31, 0x13, 0x52, 0x01, 0x55, 0x17, 
	0x58, 0x0b, 0x59, 0x05, 0x57, 0x0b, 0x00, 0x00, 0x1d, 0x0b, 0x01, 
	0x55, 0x17, 0x00, 0x00, 0x1e, 0x2e, 0x01, 0x03, 0x0e, 0x3a, 0x0b, 
	0x3b, 0x05, 0x39, 0x0b, 0x27, 0x19, 0x49, 0x13, 0x20, 0x0b, 0x01, 
	0x13, 0x00, 0x00, 0x1f, 0x0f, 0x00, 0x0b, 0x0b, 0x49, 0x13, 0x00, 
	0x00, 0x00, 0x01, 0x34, 0x00, 0x31, 0x13, 0x02, 0x17, 0x00, 0x00, 
	0x02, 0x34, 0x00, 0x03, 0x0e, 0x3a, 0x21, 0x01, 0x3b, 0x05, 0x39, 
	0x0b, 0x49, 0x13, 0x00, 0x00, 0x03, 0x34, 0x00, 0x03, 0x08, 0x3a, 
	0x21, 0x01, 0x3b, 0x05, 0x39, 0x0b, 0x49, 0x13, 0x00, 0x00, 0x04, 
	0x24, 0x00, 0x0b, 0x0b, 0x3e, 0x0b, 0x03, 0x0e, 0x00, 0x00, 0x05, 
	0x0b, 0x01, 0x01, 0x13, 0x00, 0x00, 0x06, 0x34, 0x00, 0x31, 0x13, 
	0x00, 0x00, 0x07, 0x0b, 0x01, 0x31, 0x13, 0x55, 0x17, 0x01, 0x13, 
	0x00, 0x00, 0x08, 0x16, 0x00, 0x03, 0x0e, 0x3a, 0x21, 0x02, 0x3b, 
	0x0b, 0x39, 0x0b, 0x49, 0x13, 0x00, 0x00, 0x09, 0x0b, 0x01, 0x31, 
	0x13, 0x11, 0x01, 0x12, 0x06, 0x01, 0x13, 0x00, 0x00, 0x0a, 0x26, 
	0x00, 0x49, 0x13, 0x00, 0x00, 0x0b, 0x05, 0x00, 0x31, 0x13, 0x02, 
	0x17, 0x00, 0x00, 0x0c, 0x05, 0x00, 0x03, 0x08, 0x3a, 0x21, 0x01, 
	0x3b, 0x21, 0xe3, 0x07, 0x39, 0x0b, 0x49, 0x13, 0x00, 0x00, 0x0d, 
	0x0d, 0x00, 0x03, 0x08, 0x3a, 0x21, 0x02, 0x3b, 0x05, 0x39, 0x0b, 
	0x49, 0x13, 0x00, 0x00, 0x0e, 0x05, 0x00, 0x03, 0x08, 0x3a, 0x21, 
	0x01, 0x3b, 0x21, 0x86, 0x0a, 0x39, 0x0b, 0x49, 0x13, 0x02, 0x17, 
	0x00, 0x00, 0x0f, 0x0b, 0x01, 0x31, 0x13, 0x11, 0x01, 0x12, 0x06, 
	0x00, 0x00, 0x10, 0x34, 0x00, 0x31, 0x13, 0x02, 0x18, 0x00, 0x00, 
	0x11, 0x0b, 0x01, 0x00, 0x00, 0x12, 0x11, 0x01, 0x25, 0x0e, 0x13, 
	0x0b, 0x03, 0x1f, 0x1b, 0x1f, 0x11, 0x01, 0x12, 0x06, 0x10, 0x17, 
	0x00, 0x00, 0x13, 0x24, 0x00, 0x0b, 0x0b, 0x3e, 0x0b, 0x03, 0x08, 
	0x00, 0x00, 0x14, 0x13, 0x01, 0x03, 0x0e, 0x0b, 0x0b, 0x3a, 0x0b, 
	0x3b, 0x05, 0x39, 0x0b, 0x01, 0x13, 0x00, 0x00, 0x15, 0x0d, 0x00, 
	0x03, 0x08, 0x3a, 0x0b, 0x3b, 0x05, 0x39, 0x0b, 0x49, 0x13, 0x38, 
	0x0b, 0x00, 0x00, 0x16, 0x0d, 0x00, 0x03, 0x0e, 0x3a, 0x0b, 0x3b, 
	0x05, 0x39, 0x0b, 0x49, 0x13, 0x38, 0x0b, 0x00, 0x00, 0x17, 0x17, 
	0x01, 0x0b, 0x0b, 0x3a, 0x0b, 0x3b, 0x05, 0x39, 0x0b, 0x01, 0x13, 
	0x00, 0x00, 0x18, 0x16, 0x00, 0x03, 0x0e, 0x3a, 0x0b, 0x3b, 0x05, 
	0x39, 0x0b, 0x49, 0x13, 0x00, 0x00, 0x19, 0x01, 0x01, 0x49, 0x13, 
	0x01, 0x13, 0x00, 0x00, 0x1a, 0x21, 0x00, 0x49, 0x13, 0x2f, 0x0b, 
	0x00, 0x00, 0x1b, 0x34, 0x00, 0x03, 0x0e, 0x3a, 0x0b, 0x3b, 0x05, 
	0x39, 0x0b, 0x49, 0x13, 0x3f, 0x19, 0x3c, 0x19, 0x00, 0x00, 0x1c, 
	0x2e, 0x01, 0x3f, 0x19, 0x03, 0x0e, 0x3a, 0x0b, 0x3b, 0x05, 0x39, 
	0x0b, 0x27, 0x19, 0x49, 0x13, 0x11, 0x01, 0x12, 0x06, 0x40, 0x18, 
	0x7a, 0x19, 0x01, 0x13, 0x00, 0x00, 0x1d, 0x1d, 0x01, 0x31, 0x13, 
	0x11, 0x01, 0x12, 0x06, 0x58, 0x0b, 0x59, 0x05, 0x57, 0x0b, 0x00, 
	0x00, 0x1e, 0x2e, 0x01, 0x03, 0x0e, 0x3a, 0x0b, 0x3b, 0x05, 0x39, 
	0x0b, 0x27, 0x19, 0x49, 0x13, 0x20, 0x0b, 0x01, 0x13, 0x00, 0x00, 
	0x1f, 0x0f, 0x00, 0x0b, 0x0b, 0x49, 0x13, 0x00, 0x00, 0x00, 0x01, 
	0x24, 0x00, 0x0b, 0x0b, 0x3e, 0x0b, 0x03, 0x0e, 0x00, 0x00, 0x02, 
	0x26, 0x00, 0x49, 0x13, 0x00, 0x00, 0x03, 0x11, 0x01, 0x25, 0x0e, 
	0x13, 0x0b, 0x03, 0x1f, 0x1b, 0x1f, 0x10, 0x17, 0x00, 0x00, 0x04, 
	0x24, 0x00, 0x0b, 0x0b, 0x3e, 0x0b, 0x03, 0x08, 0x00, 0x00, 0x05, 
	0x16, 0x00, 0x03, 0x0e, 0x3a, 0x0b, 0x3b, 0x0b, 0x39, 0x0b, 0x49, 
	0x13, 0x00, 0x00, 0x06, 0x01, 0x01, 0x49, 0x13, 0x01, 0x13, 0x00, 
	0x00, 0x07, 0x21, 0x00, 0x49, 0x13, 0x2f, 0x0b, 0x00, 0x00, 0x08, 
	0x34, 0x00, 0x03, 0x0e, 0x3a, 0x0b, 0x3b, 0x05, 0x39, 0x0b, 0x49, 
	0x13, 0x3f, 0x19, 0x3c, 0x19, 0x00, 0x00, 0x09, 0x34, 0x00, 0x47, 
	0x13, 0x3a, 0x0b, 0x3b, 0x05, 0x39, 0x0b, 0x02, 0x18, 0x00, 0x00, 
	0x00, 0xae, 0x06, 0x00, 0x00, 0x05, 0x00, 0x04, 0x00, 0x00, 0x00, 
	0x00, 0x00, 0x04, 0x00, 0x38, 0x06, 0x5a, 0x93, 0x04, 0x5b, 0x93, 
	0x04, 0x04, 0x38, 0xf8, 0x01, 0x06, 0xa3, 0x03, 0xa5, 0x0a, 0x26, 
	0x9f, 0x04, 0xf8, 0x01, 0xfc, 0x01, 0x06, 0x5a, 0x93, 0x04, 0x5b, 
	0x93, 0x04, 0x04, 0xfc, 0x01, 0x8c, 0x02, 0x06, 0xa3, 0x03, 0xa5, 
	0x0a, 0x26, 0x9f, 0x04, 0x8c, 0x02, 0xcc, 0x02, 0x06, 0x5a, 0x93, 
	0x04, 0x5b, 0x93, 0x04, 0x04, 0xcc, 0x02, 0xd8, 0x03, 0x06, 0xa3, 
	0x03, 0xa5, 0x0a, 0x26, 0x9f, 0x04, 0xd8, 0x03, 0xf8, 0x03, 0x06, 
	0x5a, 0x93, 0x04, 0x5b, 0x93, 0x04, 0x04, 0xf8, 0x03, 0x98, 0x05, 
	0x06, 0xa3, 0x03, 0xa5, 0x0a, 0x26, 0x9f, 0x04, 0x98, 0x05, 0xd8, 
	0x05, 0x06, 0x5a, 0x93, 0x04, 0x5b, 0x93, 0x04, 0x04, 0xd8, 0x05, 
	0xe8, 0x05, 0x06, 0xa3, 0x03, 0xa5, 0x0a, 0x26, 0x9f, 0x04, 0xe8, 
	0x05, 0x80, 0x06, 0x06, 0x5a, 0x93, 0x04, 0x5b, 0x93, 0x04, 0x04, 
	0x80, 0x06, 0xa0, 0x08, 0x06, 0xa3, 0x03, 0xa5, 0x0a, 0x26, 0x9f, 
	0x04, 0xa0, 0x08, 0xa8, 0x08, 0x06, 0x5a, 0x93, 0x04, 0x5b, 0x93, 
	0x04, 0x04, 0xa8, 0x08, 0xac, 0x08, 0x06, 0xa3, 0x03, 0xa5, 0x0a, 
	0x26, 0x9f, 0x00, 0x04, 0x00, 0x74, 0x06, 0x5c, 0x93, 0x04, 0x5d, 
	0x93, 0x04, 0x04, 0x74, 0xf8, 0x01, 0x06, 0xa3, 0x03, 0xa5, 0x0c, 
	0x26, 0x9f, 0x04, 0xf8, 0x01, 0xcc, 0x02, 0x06, 0x5c, 0x93, 0x04, 
	0x5d, 0x93, 0x04, 0x04, 0xcc, 0x02, 0xd8, 0x03, 0x06, 0xa3, 0x03, 
	0xa5, 0x0c, 0x26, 0x9f, 0x04, 0xd8, 0x03, 0x8c, 0x04, 0x06, 0x5c, 
	0x93, 0x04, 0x5d, 0x93, 0x04, 0x04, 0x8c, 0x04, 0x98, 0x05, 0x06, 
	0xa3, 0x03, 0xa5, 0x0c, 0x26, 0x9f, 0x04, 0x98, 0x05, 0xb0, 0x06, 
	0x06, 0x5c, 0x93, 0x04, 0x5d, 0x93, 0x04, 0x04, 0xb0, 0x06, 0xa0, 
	0x08, 0x06, 0xa3, 0x03, 0xa5, 0x0c, 0x26, 0x9f, 0x04, 0xa0, 0x08, 
	0xac, 0x08, 0x06, 0x5c, 0x93, 0x04, 0x5d, 0x93, 0x04, 0x00, 0x04, 
	0x00, 0x1c, 0x06, 0x5a, 0x93, 0x04, 0x5b, 0x93, 0x04, 0x04, 0x1c, 
	0x38, 0x06, 0x5a, 0x93, 0x04, 0x56, 0x93, 0x04, 0x04, 0x38, 0x68, 
	0x06, 0x60, 0x93, 0x04, 0x56, 0x93, 0x04, 0x04, 0x68, 0x70, 0x06, 
	0x61, 0x93, 0x04, 0x56, 0x93, 0x04, 0x04, 0xf8, 0x01, 0xfc, 0x01, 
	0x06, 0x5a, 0x93, 0x04, 0x56, 0x93, 0x04, 0x04, 0xfc, 0x01, 0x8c, 
	0x02, 0x06, 0x60, 0x93, 0x04, 0x56, 0x93, 0x04, 0x04, 0x8c, 0x02, 
	0xcc, 0x02, 0x06, 0x5a, 0x93, 0x04, 0x56, 0x93, 0x04, 0x04, 0xd8, 
	0x03, 0xf8, 0x03, 0x06, 0x5a, 0x93, 0x04, 0x56, 0x93, 0x04, 0x04, 
	0xf8, 0x03, 0xfc, 0x03, 0x06, 0x60, 0x93, 0x04, 0x56, 0x93, 0x04, 
	0x04, 0x98, 0x05, 0xd8, 0x05, 0x06, 0x5a, 0x93, 0x04, 0x56, 0x93, 
	0x04, 0x04, 0xd8, 0x05, 0xe8, 0x05, 0x06, 0x60, 0x93, 0x04, 0x56, 
	0x93, 0x04, 0x04, 0xe8, 0x05, 0x80, 0x06, 0x06, 0x5a, 0x93, 0x04, 
	0x56, 0x93, 0x04, 0x04, 0x80, 0x06, 0x90, 0x06, 0x06, 0x60, 0x93, 
	0x04, 0x56, 0x93, 0x04, 0x04, 0xa0, 0x08, 0xa8, 0x08, 0x06, 0x5a, 
	0x93, 0x04, 0x56, 0x93, 0x04, 0x04, 0xa8, 0x08, 0xac, 0x08, 0x06, 
	0x60, 0x93, 0x04, 0x56, 0x93, 0x04, 0x00, 0x04, 0x00, 0x28, 0x06, 
	0x5c, 0x93, 0x04, 0x5d, 0x93, 0x04, 0x04, 0x8c, 0x02, 0x90, 0x02, 
	0x06, 0x5c, 0x93, 0x04, 0x5d, 0x93, 0x04, 0x04, 0x98, 0x05, 0x84, 
	0x06, 0x06, 0x5c, 0x93, 0x04, 0x5d, 0x93, 0x04, 0x04, 0xa0, 0x08, 
	0xac, 0x08, 0x06, 0x5c, 0x93, 0x04, 0x5d, 0x93, 0x04, 0x00, 0x04, 
	0x00, 0xf4, 0x01, 0x02, 0x30, 0x9f, 0x04, 0xf8, 0x01, 0xac, 0x08, 
	0x02, 0x30, 0x9f, 0x00, 0x04, 0x0c, 0x54, 0x01, 0x5c, 0x04, 0x54, 
	0x60, 0x09, 0x7c, 0x00, 0x7b, 0x00, 0x08, 0xff, 0x1a, 0x24, 0x9f, 
	0x04, 0x60, 0xf0, 0x01, 0x01, 0x5e, 0x04, 0xf8, 0x01, 0x9c, 0x02, 
	0x01, 0x5c, 0x04, 0xcc, 0x02, 0xd8, 0x03, 0x01, 0x5e, 0x04, 0xd8, 
	0x03, 0xec, 0x03, 0x01, 0x5c, 0x04, 0xf0, 0x03, 0x98, 0x05, 0x01, 
	0x5e, 0x04, 0x98, 0x05, 0xbc, 0x07, 0x01, 0x5c, 0x04, 0xa0, 0x08, 
	0xac, 0x08, 0x01, 0x5c, 0x00, 0x04, 0x0c, 0x28, 0x01, 0x5d, 0x04, 
	0x8c, 0x02, 0x90, 0x02, 0x01, 0x5d, 0x04, 0x98, 0x05, 0x84, 0x06, 
	0x01, 0x5d, 0x04, 0x8c, 0x06, 0xa8, 0x07, 0x01, 0x5a, 0x04, 0xa0, 
	0x08, 0xac, 0x08, 0x01, 0x5d, 0x00, 0x04, 0x10, 0x38, 0x01, 0x5a, 
	0x04, 0x38, 0xb8, 0x01, 0x01, 0x60, 0x04, 0xf8, 0x01, 0xfc, 0x01, 
	0x01, 0x5a, 0x04, 0xfc, 0x01, 0x8c, 0x02, 0x01, 0x60, 0x04, 0x8c, 
	0x02, 0xcc, 0x02, 0x01, 0x5a, 0x04, 0xcc, 0x02, 0x9c, 0x03, 0x01, 
	0x60, 0x04, 0xd8, 0x03, 0xf8, 0x03, 0x01, 0x5a, 0x04, 0xf8, 0x03, 
	0x98, 0x05, 0x01, 0x60, 0x04, 0x98, 0x05, 0xd8, 0x05, 0x01, 0x5a, 
	0x04, 0xd8, 0x05, 0xe8, 0x05, 0x01, 0x60, 0x04, 0xe8, 0x05, 0x80, 
	0x06, 0x01, 0x5a, 0x04, 0x80, 0x06, 0xa4, 0x06, 0x01, 0x60, 0x04, 
	0xa4, 0x06, 0xb0, 0x06, 0x01, 0x61, 0x04, 0xb0, 0x06, 0x8c, 0x08, 
	0x06, 0x81, 0x00, 0x7b, 0x00, 0x24, 0x9f, 0x04, 0xa0, 0x08, 0xa8, 
	0x08, 0x01, 0x5a, 0x04, 0xa8, 0x08, 0xac, 0x08, 0x01, 0x60, 0x00, 
	0x04, 0x14, 0x1c, 0x01, 0x5b, 0x04, 0x1c, 0x64, 0x01, 0x56, 0x04, 
	0x64, 0x7c, 0x01, 0x5f, 0x04, 0xf8, 0x01, 0xc8, 0x02, 0x01, 0x56, 
	0x04, 0xc8, 0x02, 0xe4, 0x02, 0x01, 0x5f, 0x04, 0xd8, 0x03, 0xfc, 
	0x03, 0x01, 0x56, 0x04, 0x84, 0x04, 0xd4, 0x04, 0x01, 0x5f, 0x04, 
	0x98, 0x05, 0x90, 0x06, 0x01, 0x56, 0x04, 0xb0, 0x06, 0xec, 0x06, 
	0x01, 0x5e, 0x04, 0xc0, 0x07, 0xa0, 0x08, 0x01, 0x5e, 0x04, 0xa0, 
	0x08, 0xac, 0x08, 0x01, 0x56, 0x00, 0x04, 0xf4, 0x03, 0x98, 0x04, 
	0x01, 0x5d, 0x04, 0xb0, 0x06, 0xb4, 0x06, 0x01, 0x5f, 0x00, 0x04, 
	0xf0, 0x01, 0xf4, 0x01, 0x01, 0x5a, 0x04, 0xd4, 0x03, 0xd8, 0x03, 
	0x01, 0x5a, 0x04, 0xc0, 0x07, 0xa0, 0x08, 0x01, 0x5a, 0x00, 0x04, 
	0xc8, 0x02, 0xcc, 0x02, 0x02, 0x31, 0x9f, 0x04, 0xcc, 0x02, 0xd8, 
	0x03, 0x01, 0x5b, 0x04, 0x94, 0x05, 0x98, 0x05, 0x01, 0x5b, 0x00, 
	0x04, 0xec, 0x03, 0x80, 0x04, 0x01, 0x5f, 0x04, 0xfc, 0x05, 0x94, 
	0x06, 0x01, 0x5e, 0x00, 0x04, 0x50, 0x6c, 0x01, 0x5b, 0x04, 0xc0, 
	0x02, 0xcc, 0x02, 0x01, 0x5b, 0x04, 0xec, 0x03, 0xa0, 0x04, 0x01, 
	0x5b, 0x04, 0xd0, 0x05, 0xe8, 0x05, 0x01, 0x5b, 0x04, 0xfc, 0x05, 
	0x94, 0x08, 0x01, 0x5b, 0x00, 0x04, 0x24, 0x54, 0x01, 0x5c, 0x04, 
	0x54, 0x60, 0x09, 0x7c, 0x00, 0x7b, 0x00, 0x08, 0xff, 0x1a, 0x24, 
	0x9f, 0x04, 0x60, 0xf0, 0x01, 0x01, 0x5e, 0x04, 0xf8, 0x01, 0x8c, 
	0x02, 0x01, 0x5c, 0x00, 0x04, 0x38, 0x4c, 0x01, 0x5d, 0x00, 0x04, 
	0x6c, 0xf0, 0x01, 0x01, 0x5b, 0x00, 0x04, 0x78, 0xf0, 0x01, 0x01, 
	0x5c, 0x00, 0x04, 0x78, 0x9c, 0x01, 0x01, 0x56, 0x04, 0x9c, 0x01, 
	0xec, 0x01, 0x01, 0x5a, 0x00, 0x04, 0xb4, 0x01, 0xdc, 0x01, 0x01, 
	0x61, 0x04, 0xdc, 0x01, 0xf0, 0x01, 0x01, 0x5f, 0x00, 0x04, 0x78, 
	0x7c, 0x06, 0x7f, 0x00, 0x7b, 0x00, 0x1d, 0x9f, 0x04, 0x7c, 0x8c, 
	0x01, 0x01, 0x5f, 0x04, 0x90, 0x01, 0x98, 0x01, 0x01, 0x5f, 0x04, 
	0x98, 0x01, 0x9c, 0x01, 0x08, 0x80, 0x00, 0x40, 0x25, 0x7d, 0x00, 
	0x21, 0x9f, 0x04, 0x9c, 0x01, 0xc0, 0x01, 0x01, 0x5f, 0x00, 0x04, 
	0xb0, 0x01, 0xc0, 0x01, 0x06, 0x7f, 0x00, 0x7b, 0x00, 0x1d, 0x9f, 
	0x04, 0xc0, 0x01, 0xc8, 0x01, 0x01, 0x5f, 0x04, 0xcc, 0x01, 0xd8, 
	0x01, 0x01, 0x60, 0x00, 0x04, 0x84, 0x01, 0xb4, 0x01, 0x01, 0x61, 
	0x04, 0xb4, 0x01, 0xc4, 0x01, 0x06, 0x7c, 0x00, 0x76, 0x00, 0x1e, 
	0x9f, 0x04, 0xc4, 0x01, 0xf0, 0x01, 0x01, 0x5d, 0x00, 0x04, 0xf4, 
	0x07, 0x9c, 0x08, 0x01, 0x5d, 0x00, 0x04, 0xf4, 0x07, 0x80, 0x08, 
	0x10, 0x8c, 0x00, 0x0a, 0xff, 0xff, 0x1a, 0x7f, 0x00, 0x0a, 0xff, 
	0xff, 0x1a, 0x40, 0x24, 0x22, 0x9f, 0x00, 0x04, 0xb0, 0x06, 0xac, 
	0x07, 0x01, 0x56, 0x00, 0x04, 0xb0, 0x06, 0xf8, 0x06, 0x01, 0x60, 
	0x04, 0xf8, 0x06, 0xa8, 0x07, 0x07, 0x7a, 0x00, 0x40, 0x24, 0x40, 
	0x25, 0x9f, 0x00, 0x04, 0xb0, 0x06, 0xd0, 0x06, 0x01, 0x6d, 0x04, 
	0xd0, 0x06, 0xa4, 0x07, 0x01, 0x5f, 0x00, 0x04, 0xe8, 0x06, 0x90, 
	0x07, 0x01, 0x6c, 0x04, 0x90, 0x07, 0xb0, 0x07, 0x01, 0x5d, 0x00, 
	0x04, 0xb0, 0x06, 0xb4, 0x06, 0x06, 0x7f, 0x00, 0x76, 0x00, 0x1d, 
	0x9f, 0x04, 0xb4, 0x06, 0xbc, 0x06, 0x01, 0x5f, 0x04, 0xc0, 0x06, 
	0xcc, 0x06, 0x01, 0x5d, 0x04, 0xd0, 0x06, 0xf4, 0x06, 0x01, 0x5d, 
	0x00, 0x04, 0xe4, 0x06, 0xf4, 0x06, 0x06, 0x7d, 0x00, 0x76, 0x00, 
	0x1d, 0x9f, 0x04, 0xf4, 0x06, 0xfc, 0x06, 0x01, 0x5d, 0x04, 0x80, 
	0x07, 0x8c, 0x07, 0x01, 0x5e, 0x04, 0x90, 0x07, 0xa0, 0x08, 0x01, 
	0x5e, 0x00, 0x04, 0xb8, 0x06, 0xe8, 0x06, 0x01, 0x6c, 0x04, 0xe8, 
	0x06, 0xf8, 0x06, 0x06, 0x80, 0x00, 0x8d, 0x00, 0x1e, 0x9f, 0x04, 
	0xf8, 0x06, 0xc4, 0x07, 0x01, 0x60, 0x00, 0x04, 0xc8, 0x07, 0x80, 
	0x08, 0x01, 0x6c, 0x00, 0x04, 0xc8, 0x07, 0xd4, 0x07, 0x06, 0x7d, 
	0x00, 0x7c, 0x00, 0x1e, 0x9f, 0x04, 0xd4, 0x07, 0xd8, 0x07, 0x01, 
	0x5d, 0x04, 0xe0, 0x07, 0x84, 0x08, 0x01, 0x5f, 0x00, 0x04, 0xcc, 
	0x07, 0xa0, 0x08, 0x01, 0x56, 0x00, 0x04, 0xe0, 0x07, 0xa0, 0x08, 
	0x01, 0x60, 0x00, 0x04, 0xc0, 0x07, 0xd4, 0x07, 0x01, 0x5d, 0x00, 
	0x04, 0xc4, 0x07, 0xcc, 0x07, 0x01, 0x56, 0x00, 0x04, 0xc4, 0x07, 
	0xe0, 0x07, 0x01, 0x60, 0x04, 0xe0, 0x07, 0x9c, 0x08, 0x05, 0x7a, 
	0x00, 0x40, 0x25, 0x9f, 0x04, 0x9c, 0x08, 0xa0, 0x08, 0x05, 0x7a, 
	0x01, 0x40, 0x25, 0x9f, 0x00, 0x04, 0xc4, 0x07, 0xa0, 0x08, 0x01, 
	0x5c, 0x00, 0x04, 0x94, 0x02, 0x9c, 0x02, 0x01, 0x5c, 0x04, 0xd8, 
	0x03, 0xec, 0x03, 0x01, 0x5c, 0x00, 0x04, 0xa8, 0x02, 0xbc, 0x02, 
	0x01, 0x5d, 0x00, 0x04, 0xd0, 0x02, 0xd8, 0x03, 0x01, 0x61, 0x00, 
	0x04, 0xdc, 0x02, 0xd8, 0x03, 0x01, 0x5c, 0x00, 0x04, 0xdc, 0x02, 
	0x80, 0x03, 0x01, 0x6c, 0x04, 0x80, 0x03, 0xd0, 0x03, 0x01, 0x5a, 
	0x00, 0x04, 0x98, 0x03, 0xc0, 0x03, 0x01, 0x56, 0x04, 0xc0, 0x03, 
	0xd8, 0x03, 0x01, 0x5f, 0x00, 0x04, 0xdc, 0x02, 0xe4, 0x02, 0x06, 
	0x7f, 0x00, 0x81, 0x00, 0x1d, 0x9f, 0x04, 0xe4, 0x02, 0xf0, 0x02, 
	0x01, 0x5f, 0x04, 0xf4, 0x02, 0xfc, 0x02, 0x01, 0x5f, 0x04, 0x80, 
	0x03, 0xa4, 0x03, 0x01, 0x5f, 0x00, 0x04, 0x94, 0x03, 0xa4, 0x03, 
	0x06, 0x7f, 0x00, 0x81, 0x00, 0x1d, 0x9f, 0x04, 0xa4, 0x03, 0xac, 
	0x03, 0x01, 0x5f, 0x04, 0xb0, 0x03, 0xbc, 0x03, 0x01, 0x60, 0x00, 
	0x04, 0xec, 0x02, 0x98, 0x03, 0x01, 0x56, 0x04, 0x98, 0x03, 0xa8, 
	0x03, 0x06, 0x7c, 0x00, 0x8c, 0x00, 0x1e, 0x9f, 0x04, 0xa8, 0x03, 
	0xd8, 0x03, 0x01, 0x5d, 0x00, 0x04, 0x94, 0x04, 0x98, 0x05, 0x01, 
	0x5a, 0x00, 0x04, 0x94, 0x04, 0xe0, 0x04, 0x01, 0x5c, 0x04, 0xe0, 
	0x04, 0x98, 0x05, 0x07, 0x7e, 0x00, 0x40, 0x24, 0x40, 0x25, 0x9f, 
	0x00, 0x04, 0x94, 0x04, 0xb8, 0x04, 0x01, 0x56, 0x04, 0xb8, 0x04, 
	0x8c, 0x05, 0x01, 0x5b, 0x00, 0x04, 0xd0, 0x04, 0xf8, 0x04, 0x01, 
	0x61, 0x04, 0xf8, 0x04, 0x98, 0x05, 0x01, 0x5d, 0x00, 0x04, 0x94, 
	0x04, 0x98, 0x04, 0x06, 0x7d, 0x00, 0x7a, 0x00, 0x1d, 0x9f, 0x04, 
	0x98, 0x04, 0xa4, 0x04, 0x01, 0x5d, 0x04, 0xa8, 0x04, 0xb4, 0x04, 
	0x01, 0x5d, 0x04, 0xb8, 0x04, 0xdc, 0x04, 0x01, 0x5d, 0x00, 0x04, 
	0xcc, 0x04, 0xdc, 0x04, 0x06, 0x7d, 0x00, 0x7a, 0x00, 0x1d, 0x9f, 
	0x04, 0xdc, 0x04, 0xe4, 0x04, 0x01, 0x5d, 0x04, 0xe8, 0x04, 0xf4, 
	0x04, 0x01, 0x5f, 0x04, 0xf8, 0x04, 0x98, 0x05, 0x01, 0x5f, 0x00, 
	0x04, 0x9c, 0x04, 0xd0, 0x04, 0x01, 0x61, 0x04, 0xd0, 0x04, 0xe0, 
	0x04, 0x06, 0x7c, 0x00, 0x76, 0x00, 0x1e, 0x9f, 0x04, 0xe0, 0x04, 
	0x98, 0x05, 0x01, 0x5c, 0x00, 0x04, 0x9c, 0x05, 0x84, 0x06, 0x01, 
	0x5d, 0x00, 0x04, 0xb0, 0x05, 0xcc, 0x05, 0x01, 0x5f, 0x00, 0x1d, 
	0x05, 0x00, 0x00, 0x05, 0x00, 0x04, 0x00, 0x00, 0x00, 0x00, 0x00, 
	0x04, 0x00, 0x6c, 0x06, 0x5a, 0x93, 0x04, 0x5b, 0x93, 0x04, 0x04, 
	0x6c, 0xdc, 0x01, 0x06, 0xa3, 0x03, 0xa5, 0x0a, 0x26, 0x9f, 0x04, 
	0xdc, 0x01, 0xac, 0x02, 0x06, 0x5a, 0x93, 0x04, 0x5b, 0x93, 0x04, 
	0x04, 0xac, 0x02, 0xf8, 0x02, 0x06, 0xa3, 0x03, 0xa5, 0x0a, 0x26, 
	0x9f, 0x04, 0xf8, 0x02, 0xa4, 0x03, 0x06, 0x5a, 0x93, 0x04, 0x5b, 
	0x93, 0x04, 0x04, 0xa4, 0x03, 0x98, 0x04, 0x06, 0xa3, 0x03, 0xa5, 
	0x0a, 0x26, 0x9f, 0x04, 0x98, 0x04, 0xf4, 0x04, 0x06, 0x5a, 0x93, 
	0x04, 0x5b, 0x93, 0x04, 0x04, 0xf4, 0x04, 0xfc, 0x04, 0x06, 0xa3, 
	0x03, 0xa5, 0x0a, 0x26, 0x9f, 0x04, 0xfc, 0x04, 0xc8, 0x05, 0x06, 
	0x5a, 0x93, 0x04, 0x5b, 0x93, 0x04, 0x04, 0xc8, 0x05, 0xe0, 0x07, 
	0x06, 0xa3, 0x03, 0xa5, 0x0a, 0x26, 0x9f, 0x00, 0x04, 0x00, 0x64, 
	0x06, 0x5c, 0x93, 0x04, 0x5d, 0x93, 0x04, 0x04, 0x64, 0xdc, 0x01, 
	0x06, 0xa3, 0x03, 0xa5, 0x0c, 0x26, 0x9f, 0x04, 0xdc, 0x01, 0xac, 
	0x02, 0x06, 0x5c, 0x93, 0x04, 0x5d, 0x93, 0x04, 0x04, 0xac, 0x02, 
	0xf8, 0x02, 0x06, 0xa3, 0x03, 0xa5, 0x0c, 0x26, 0x9f, 0x04, 0xf8, 
	0x02, 0xc0, 0x03, 0x06, 0x5c, 0x93, 0x04, 0x5d, 0x93, 0x04, 0x04, 
	0xc0, 0x03, 0x98, 0x04, 0x06, 0xa3, 0x03, 0xa5, 0x0c, 0x26, 0x9f, 
	0x04, 0x98, 0x04, 0xe0, 0x04, 0x06, 0x5c, 0x93, 0x04, 0x5d, 0x93, 
	0x04, 0x04, 0xe0, 0x04, 0xfc, 0x04, 0x06, 0xa3, 0x03, 0xa5, 0x0c, 
	0x26, 0x9f, 0x04, 0xfc, 0x04, 0xc4, 0x05, 0x06, 0x5c, 0x93, 0x04, 
	0x5d, 0x93, 0x04, 0x04, 0xc4, 0x05, 0xe0, 0x07, 0x06, 0xa3, 0x03, 
	0xa5, 0x0c, 0x26, 0x9f, 0x00, 0x04, 0x00, 0x6c, 0x06, 0x5a, 0x93, 
	0x04, 0x5b, 0x93, 0x04, 0x04, 0xdc, 0x01, 0xac, 0x02, 0x06, 0x5a, 
	0x93, 0x04, 0x5b, 0x93, 0x04, 0x04, 0xf8, 0x02, 0x9c, 0x03, 0x06, 
	0x5a, 0x93, 0x04, 0x5b, 0x93, 0x04, 0x04, 0x98, 0x04, 0xf4, 0x04, 
	0x06, 0x5a, 0x93, 0x04, 0x5b, 0x93, 0x04, 0x04, 0xfc, 0x04, 0xb8, 
	0x05, 0x06, 0x5a, 0x93, 0x04, 0x5b, 0x93, 0x04, 0x00, 0x04, 0x00, 
	0x20, 0x06, 0x5c, 0x93, 0x04, 0x5d, 0x93, 0x04, 0x04, 0xf0, 0x01, 
	0xf4, 0x01, 0x06, 0x5c, 0x93, 0x04, 0x5d, 0x93, 0x04, 0x04, 0x98, 
	0x04, 0xe0, 0x04, 0x06, 0x5c, 0x93, 0x04, 0x5d, 0x93, 0x04, 0x04, 
	0xfc, 0x04, 0x98, 0x05, 0x06, 0x5c, 0x93, 0x04, 0x5d, 0x93, 0x04, 
	0x00, 0x04, 0x00, 0xdc, 0x07, 0x06, 0xa0, 0x16, 0x09, 0x00, 0x00, 
	0x00, 0x00, 0x04, 0x04, 0x58, 0x01, 0x5c, 0x04, 0x58, 0xdc, 0x01, 
	0x01, 0x60, 0x04, 0xdc, 0x01, 0x80, 0x02, 0x01, 0x5c, 0x04, 0xac, 
	0x02, 0xf8, 0x02, 0x01, 0x60, 0x04, 0xf8, 0x02, 0x8c, 0x03, 0x01, 
	0x5c, 0x04, 0x90, 0x03, 0x98, 0x04, 0x01, 0x60, 0x04, 0x98, 0x04, 
	0xe0, 0x04, 0x01, 0x5c, 0x04, 0xfc, 0x04, 0xac, 0x07, 0x01, 0x5c, 
	0x00, 0x04, 0x04, 0x20, 0x01, 0x5d, 0x04, 0xf0, 0x01, 0xf4, 0x01, 
	0x01, 0x5d, 0x04, 0x98, 0x04, 0xe4, 0x04, 0x01, 0x5d, 0x04, 0xfc, 
	0x04, 0x98, 0x05, 0x01, 0x5d, 0x04, 0x9c, 0x05, 0xb4, 0x07, 0x01, 
	0x5d, 0x00, 0x04, 0x08, 0x60, 0x01, 0x5a, 0x04, 0xd0, 0x01, 0xdc, 
	0x01, 0x01, 0x5f, 0x04, 0xdc, 0x01, 0xac, 0x02, 0x01, 0x5a, 0x04, 
	0xf8, 0x02, 0xa4, 0x03, 0x01, 0x5a, 0x04, 0x98, 0x04, 0xf0, 0x04, 
	0x01, 0x5a, 0x04, 0xfc, 0x04, 0xc4, 0x07, 0x01, 0x5a, 0x04, 0xcc, 
	0x07, 0xd4, 0x07, 0x01, 0x5e, 0x00, 0x04, 0x0c, 0x5c, 0x01, 0x5b, 
	0x04, 0x5c, 0x60, 0x01, 0x5e, 0x04, 0xdc, 0x01, 0xac, 0x02, 0x01, 
	0x5b, 0x04, 0xac, 0x02, 0xc4, 0x02, 0x01, 0x5e, 0x04, 0xf8, 0x02, 
	0x9c, 0x03, 0x01, 0x5b, 0x04, 0xa8, 0x03, 0xe8, 0x03, 0x01, 0x5e, 
	0x04, 0x98, 0x04, 0xf0, 0x04, 0x01, 0x5b, 0x04, 0xfc, 0x04, 0xb8, 
	0x05, 0x01, 0x5b, 0x04, 0xc4, 0x05, 0x84, 0x06, 0x01, 0x5b, 0x04, 
	0xc4, 0x06, 0xc8, 0x07, 0x01, 0x5b, 0x04, 0xcc, 0x07, 0xdc, 0x07, 
	0x01, 0x5b, 0x00, 0x04, 0x94, 0x03, 0xb8, 0x03, 0x01, 0x5d, 0x04, 
	0xc4, 0x05, 0xcc, 0x05, 0x01, 0x5e, 0x00, 0x04, 0xdc, 0x04, 0xf0, 
	0x04, 0x02, 0x31, 0x9f, 0x00, 0x04, 0xf0, 0x04, 0xfc, 0x04, 0x02, 
	0x30, 0x9f, 0x04, 0xbc, 0x07, 0xdc, 0x07, 0x02, 0x30, 0x9f, 0x00, 
	0x04, 0x8c, 0x03, 0xa0, 0x03, 0x01, 0x5e, 0x04, 0x90, 0x05, 0xd0, 
	0x07, 0x01, 0x61, 0x00, 0x04, 0x48, 0xdc, 0x01, 0x01, 0x61, 0x04, 
	0xa4, 0x02, 0xf8, 0x02, 0x01, 0x61, 0x04, 0x8c, 0x03, 0x98, 0x04, 
	0x01, 0x61, 0x04, 0xd0, 0x04, 0xfc, 0x04, 0x01, 0x60, 0x04, 0x90, 
	0x05, 0xdc, 0x07, 0x01, 0x60, 0x00, 0x04, 0x1c, 0x64, 0x01, 0x5c, 
	0x04, 0xdc, 0x01, 0xf0, 0x01, 0x01, 0x5c, 0x00, 0x04, 0x30, 0x44, 
	0x01, 0x5d, 0x00, 0x04, 0x64, 0xa8, 0x01, 0x01, 0x5c, 0x00, 0x04, 
	0x70, 0xa8, 0x01, 0x01, 0x5a, 0x00, 0x04, 0x9c, 0x01, 0xa0, 0x01, 
	0x0c, 0x7e, 0x00, 0xa8, 0x2d, 0x7c, 0x00, 0xa8, 0x2d, 0x1b, 0xa8, 
	0x00, 0x9f, 0x04, 0xa0, 0x01, 0xa8, 0x01, 0x01, 0x5d, 0x00, 0x04, 
	0x84, 0x01, 0xa4, 0x01, 0x01, 0x5e, 0x00, 0x04, 0x9c, 0x01, 0xa4, 
	0x01, 0x06, 0x7e, 0x00, 0x7c, 0x00, 0x1d, 0x9f, 0x04, 0xa4, 0x01, 
	0xa8, 0x01, 0x01, 0x5e, 0x00, 0x04, 0x78, 0xa0, 0x01, 0x01, 0x5d, 
	0x00, 0x04, 0xb0, 0x02, 0xf8, 0x02, 0x01, 0x5b, 0x00, 0x04, 0xbc, 
	0x02, 0xf8, 0x02, 0x01, 0x5a, 0x00, 0x04, 0xbc, 0x02, 0xc8, 0x02, 
	0x01, 0x5c, 0x00, 0x04, 0xe8, 0x02, 0xec, 0x02, 0x0c, 0x7e, 0x00, 
	0xa8, 0x2d, 0x7b, 0x00, 0xa8, 0x2d, 0x1b, 0xa8, 0x00, 0x9f, 0x04, 
	0xec, 0x02, 0xf4, 0x02, 0x01, 0x5d, 0x00, 0x04, 0xbc, 0x02, 0xc4, 
	0x02, 0x06, 0x7e, 0x00, 0x7b, 0x00, 0x1d, 0x9f, 0x04, 0xc4, 0x02, 
	0xcc, 0x02, 0x01, 0x5e, 0x04, 0xd0, 0x02, 0xf0, 0x02, 0x01, 0x5e, 
	0x00, 0x04, 0xb8, 0x01, 0xdc, 0x01, 0x01, 0x5f, 0x04, 0xe8, 0x02, 
	0xf0, 0x02, 0x06, 0x7e, 0x00, 0x7b, 0x00, 0x1d, 0x9f, 0x04, 0xf0, 
	0x02, 0xf8, 0x02, 0x01, 0x5e, 0x00, 0x04, 0xc8, 0x02, 0xf4, 0x02, 
	0x01, 0x5c, 0x04, 0xf4, 0x02, 0xf8, 0x02, 0x01, 0x5d, 0x00, 0x04, 
	0xf8, 0x01, 0x80, 0x02, 0x01, 0x5c, 0x04, 0xf8, 0x02, 0x8c, 0x03, 
	0x01, 0x5c, 0x00, 0x04, 0x8c, 0x02, 0xa0, 0x02, 0x01, 0x5d, 0x00, 
	0x04, 0xa8, 0x03, 0x98, 0x04, 0x01, 0x5a, 0x00, 0x04, 0xb4, 0x03, 
	0x98, 0x04, 0x01, 0x56, 0x00, 0x04, 0xb4, 0x03, 0xbc, 0x03, 0x01, 
	0x5b, 0x00, 0x04, 0xe0, 0x03, 0xe4, 0x03, 0x0c, 0x7d, 0x00, 0xa8, 
	0x2d, 0x7a, 0x00, 0xa8, 0x2d, 0x1b, 0xa8, 0x00, 0x9f, 0x04, 0xe4, 
	0x03, 0xf4, 0x03, 0x01, 0x5c, 0x00, 0x04, 0xb4, 0x03, 0xb8, 0x03, 
	0x06, 0x7d, 0x00, 0x7a, 0x00, 0x1d, 0x9f, 0x04, 0xb8, 0x03, 0xc4, 
	0x03, 0x01, 0x5d, 0x04, 0xc8, 0x03, 0xf0, 0x03, 0x01, 0x5d, 0x00, 
	0x04, 0xe0, 0x03, 0xf0, 0x03, 0x06, 0x7d, 0x00, 0x7a, 0x00, 0x1d, 
	0x9f, 0x04, 0xf0, 0x03, 0xf8, 0x03, 0x01, 0x5d, 0x04, 0xfc, 0x03, 
	0x98, 0x04, 0x01, 0x5e, 0x00, 0x04, 0xbc, 0x03, 0xf4, 0x03, 0x01, 
	0x5b, 0x04, 0xf4, 0x03, 0x98, 0x04, 0x01, 0x5c, 0x00, 0x04, 0x9c, 
	0x04, 0xe4, 0x04, 0x01, 0x5d, 0x04, 0xfc, 0x04, 0x98, 0x05, 0x01, 
	0x5d, 0x00, 0x04, 0xb0, 0x04, 0xd0, 0x04, 0x01, 0x60, 0x00, 0x04, 
	0x98, 0x07, 0xdc, 0x07, 0x01, 0x5f, 0x00, 0x04, 0x9c, 0x07, 0xb8, 
	0x07, 0x01, 0x5e, 0x04, 0xbc, 0x07, 0xc0, 0x07, 0x01, 0x5e, 0x00, 
	0x04, 0xc8, 0x05, 0x90, 0x06, 0x01, 0x56, 0x04, 0x90, 0x06, 0xb4, 
	0x07, 0x05, 0x7d, 0x00, 0x40, 0x25, 0x9f, 0x00, 0x04, 0xc8, 0x05, 
	0x94, 0x06, 0x01, 0x6c, 0x04, 0x94, 0x06, 0xb4, 0x07, 0x07, 0x7d, 
	0x00, 0x40, 0x24, 0x40, 0x25, 0x9f, 0x00, 0x04, 0xc8, 0x05, 0xe8, 
	0x05, 0x01, 0x6e, 0x04, 0xe8, 0x05, 0xd0, 0x06, 0x01, 0x5e, 0x00, 
	0x04, 0x80, 0x06, 0xa8, 0x06, 0x01, 0x6d, 0x04, 0xa8, 0x06, 0xc8, 
	0x06, 0x01, 0x56, 0x00, 0x04, 0xc8, 0x05, 0xcc, 0x05, 0x06, 0x7e, 
	0x00, 0x76, 0x00, 0x1d, 0x9f, 0x04, 0xcc, 0x05, 0xd4, 0x05, 0x01, 
	0x5e, 0x04, 0xd8, 0x05, 0xe4, 0x05, 0x01, 0x5f, 0x04, 0xe8, 0x05, 
	0x8c, 0x06, 0x01, 0x5f, 0x00, 0x04, 0xfc, 0x05, 0x8c, 0x06, 0x06, 
	0x7f, 0x00, 0x76, 0x00, 0x1d, 0x9f, 0x04, 0x8c, 0x06, 0x98, 0x06, 
	0x01, 0x5f, 0x04, 0x9c, 0x06, 0xa4, 0x06, 0x01, 0x5b, 0x04, 0xa8, 
	0x06, 0xc8, 0x07, 0x01, 0x5b, 0x00, 0x04, 0xd0, 0x05, 0x80, 0x06, 
	0x01, 0x6d, 0x04, 0x80, 0x06, 0x94, 0x06, 0x06, 0x8c, 0x00, 0x8e, 
	0x00, 0x1e, 0x9f, 0x04, 0x94, 0x06, 0xcc, 0x06, 0x01, 0x6c, 0x04, 
	0xcc, 0x06, 0xe0, 0x06, 0x0a, 0x7d, 0x00, 0x40, 0x24, 0x40, 0x25, 
	0x8d, 0x00, 0x1e, 0x9f, 0x00, 0x04, 0xe0, 0x06, 0x8c, 0x07, 0x01, 
	0x6d, 0x00, 0x04, 0xf8, 0x06, 0x90, 0x07, 0x01, 0x5e, 0x00, 0x04, 
	0xe4, 0x06, 0xdc, 0x07, 0x01, 0x6c, 0x00, 0x04, 0xec, 0x06, 0x98, 
	0x07, 0x01, 0x5f, 0x00, 0x04, 0xd4, 0x06, 0xe8, 0x06, 0x01, 0x56, 
	0x00, 0x04, 0xd8, 0x06, 0xec, 0x06, 0x01, 0x5f, 0x00, 0x04, 0xb8, 
	0x07, 0xbc, 0x07, 0x01, 0x5c, 0x00, 0x04, 0xc0, 0x07, 0xd4, 0x07, 
	0x01, 0x5e, 0x00, 0x1c, 0x00, 0x00, 0x00, 0x02, 0x00, 0x00, 0x00, 
	0x00, 0x00, 0x04, 0x00, 0x00, 0x00, 0x00, 0x00, 0xbc, 0x2c, 0x00, 
	0x40, 0x2c, 0x04, 0x00, 0x00, 0x00, 0x00, 0x00, 0x00, 0x00, 0x00, 
	0x00, 0x00, 0x1c, 0x00, 0x00, 0x00, 0x02, 0x00, 0x76, 0x07, 0x00, 
	0x00, 0x04, 0x00, 0x00, 0x00, 0x00, 0x00, 0xe8, 0x30, 0x00, 0x40, 
	0xe0, 0x03, 0x00, 0x00, 0x00, 0x00, 0x00, 0x00, 0x00, 0x00, 0x00, 
	0x00, 0x14, 0x00, 0x00, 0x00, 0x02, 0x00, 0x39, 0x0f, 0x00, 0x00, 
	0x04, 0x00, 0x00, 0x00, 0x00, 0x00, 0x00, 0x00, 0x00, 0x00, 0x00, 
	0x00, 0x00, 0x00, 0x8b, 0x00, 0x00, 0x00, 0x05, 0x00, 0x04, 0x00, 
	0x00, 0x00, 0x00, 0x00, 0x04, 0x00, 0x00, 0x04, 0x08, 0xf4, 0x01, 
	0x04, 0xf8, 0x01, 0xac, 0x08, 0x00, 0x04, 0x00, 0x00, 0x04, 0x08, 
	0xf4, 0x01, 0x04, 0xf8, 0x01, 0x9c, 0x08, 0x04, 0xa0, 0x08, 0xac, 
	0x08, 0x00, 0x04, 0x24, 0x50, 0x04, 0xf8, 0x01, 0x8c, 0x02, 0x00, 
	0x04, 0xf0, 0x01, 0xf4, 0x01, 0x04, 0xfc, 0x05, 0x9c, 0x08, 0x00, 
	0x04, 0x98, 0x06, 0xac, 0x06, 0x04, 0xb0, 0x06, 0xa8, 0x07, 0x04, 
	0xbc, 0x07, 0xc0, 0x07, 0x00, 0x04, 0xa8, 0x07, 0xbc, 0x07, 0x04, 
	0xc0, 0x07, 0xf4, 0x07, 0x04, 0xfc, 0x07, 0x88, 0x08, 0x04, 0x8c, 
	0x08, 0x90, 0x08, 0x00, 0x04, 0x8c, 0x02, 0x90, 0x02, 0x04, 0x94, 
	0x02, 0xc0, 0x02, 0x04, 0xd8, 0x03, 0xec, 0x03, 0x00, 0x04, 0xf4, 
	0x03, 0xf8, 0x03, 0x04, 0x84, 0x04, 0x90, 0x04, 0x04, 0x94, 0x04, 
	0x98, 0x05, 0x00, 0x04, 0x9c, 0x05, 0xd0, 0x05, 0x04, 0xe8, 0x05, 
	0xfc, 0x05, 0x00, 0x52, 0x00, 0x00, 0x00, 0x05, 0x00, 0x04, 0x00, 
	0x00, 0x00, 0x00, 0x00, 0x04, 0x1c, 0x48, 0x04, 0xdc, 0x01, 0xf0, 
	0x01, 0x00, 0x04, 0xa8, 0x01, 0xd0, 0x01, 0x04, 0xac, 0x02, 0xf8, 
	0x02, 0x00, 0x04, 0xf0, 0x01, 0xf4, 0x01, 0x04, 0xf8, 0x01, 0xa4, 
	0x02, 0x04, 0xf8, 0x02, 0x8c, 0x03, 0x00, 0x04, 0xa0, 0x03, 0xa4, 
	0x03, 0x04, 0xa8, 0x03, 0x98, 0x04, 0x00, 0x04, 0x9c, 0x04, 0xd0, 
	0x04, 0x04, 0xfc, 0x04, 0x90, 0x05, 0x00, 0x04, 0xa0, 0x05, 0xb0, 
	0x05, 0x04, 0xbc, 0x05, 0xc0, 0x05, 0x04, 0xc8, 0x05, 0xc4, 0x06, 
	0x00, 0x77, 0x09, 0x00, 0x00, 0x05, 0x00, 0x04, 0x00, 0x33, 0x00, 
	0x00, 0x00, 0x01, 0x01, 0x01, 0xfb, 0x0e, 0x0d, 0x00, 0x01, 0x01, 
	0x01, 0x01, 0x00, 0x00, 0x00, 0x01, 0x00, 0x00, 0x01, 0x01, 0x01, 
	0x1f, 0x02, 0x26, 0x00, 0x00, 0x00, 0x9b, 0x00, 0x00, 0x00, 0x02, 
	0x01, 0x1f, 0x02, 0x0f, 0x03, 0x1c, 0x00, 0x00, 0x00, 0x01, 0x1c, 
	0x00, 0x00, 0x00, 0x01, 0xb7, 0x00, 0x00, 0x00, 0x01, 0x05, 0x01, 
	0x00, 0x05, 0x02, 0xbc, 0x2c, 0x00, 0x40, 0x03, 0x92, 0x0a, 0x01, 
	0x05, 0x03, 0x03, 0x01, 0x09, 0x00, 0x00, 0x01, 0x03, 0xd1, 0x7d, 
	0x09, 0x00, 0x00, 0x01, 0x03, 0x01, 0x09, 0x00, 0x00, 0x01, 0x03, 
	0x01, 0x09, 0x00, 0x00, 0x01, 0x03, 0x01, 0x09, 0x00, 0x00, 0x01, 
	0x03, 0x01, 0x09, 0x00, 0x00, 0x01, 0x03, 0x01, 0x09, 0x00, 0x00, 
	0x01, 0x03, 0x02, 0x09, 0x00, 0x00, 0x01, 0x05, 0x01, 0x06, 0x03, 
	0xa7, 0x02, 0x09, 0x00, 0x00, 0x01, 0x05, 0x06, 0x03, 0xd9, 0x7d, 
	0x09, 0x08, 0x00, 0x01, 0x05, 0x03, 0x06, 0x03, 0x01, 0x09, 0x04, 
	0x00, 0x01, 0x03, 0x01, 0x09, 0x00, 0x00, 0x01, 0x05, 0x06, 0x06, 
	0x03, 0x00, 0x09, 0x00, 0x00, 0x01, 0x05, 0x03, 0x06, 0x03, 0x01, 
	0x09, 0x04, 0x00, 0x01, 0x05, 0x06, 0x06, 0x03, 0x00, 0x09, 0x00, 
	0x00, 0x01, 0x05, 0x03, 0x06, 0x03, 0x25, 0x09, 0x04, 0x00, 0x01, 
	0x05, 0x06, 0x06, 0x03, 0x00, 0x09, 0x00, 0x00, 0x01, 0x05, 0x07, 
	0x06, 0x03, 0x02, 0x09, 0x04, 0x00, 0x01, 0x05, 0x0a, 0x06, 0x03, 
	0x00, 0x09, 0x08, 0x00, 0x01, 0x05, 0x04, 0x06, 0x03, 0x04, 0x09, 
	0x04, 0x00, 0x01, 0x03, 0x00, 0x09, 0x00, 0x00, 0x01, 0x03, 0x00, 
	0x09, 0x00, 0x00, 0x01, 0x03, 0x00, 0x09, 0x00, 0x00, 0x01, 0x00, 
	0x02, 0x04, 0x01, 0x03, 0x00, 0x09, 0x00, 0x00, 0x01, 0x00, 0x02, 
	0x04, 0x03, 0x06, 0x03, 0x00, 0x09, 0x08, 0x00, 0x01, 0x00, 0x02, 
	0x04, 0x15, 0x06, 0x03, 0x00, 0x09, 0x0c, 0x00, 0x01, 0x03, 0x00, 
	0x09, 0x18, 0x00, 0x01, 0x03, 0x02, 0x09, 0x00, 0x00, 0x01, 0x05, 
	0x07, 0x06, 0x03, 0x00, 0x09, 0x00, 0x00, 0x01, 0x05, 0x08, 0x06, 
	0x03, 0x05, 0x09, 0x04, 0x00, 0x01, 0x05, 0x11, 0x06, 0x03, 0x01, 
	0x09, 0x00, 0x00, 0x01, 0x05, 0x1e, 0x03, 0x00, 0x09, 0x04, 0x00, 
	0x01, 0x05, 0x0b, 0x03, 0x7f, 0x09, 0x04, 0x00, 0x01, 0x05, 0x08, 
	0x06, 0x03, 0x01, 0x09, 0x04, 0x00, 0x01, 0x05, 0x0b, 0x06, 0x03, 
	0x00, 0x09, 0x00, 0x00, 0x01, 0x05, 0x08, 0x06, 0x03, 0x01, 0x09, 
	0x04, 0x00, 0x01, 0x05, 0x0b, 0x06, 0x03, 0x00, 0x09, 0x00, 0x00, 
	0x01, 0x05, 0x04, 0x06, 0x03, 0x03, 0x09, 0x04, 0x00, 0x01, 0x03, 
	0x00, 0x09, 0x00, 0x00, 0x01, 0x03, 0x00, 0x09, 0x00, 0x00, 0x01, 
	0x03, 0x00, 0x09, 0x00, 0x00, 0x01, 0x03, 0x00, 0x09, 0x04, 0x00, 
	0x01, 0x03, 0x00, 0x09, 0x0c, 0x00, 0x01, 0x03, 0x00, 0x09, 0x00, 
	0x00, 0x01, 0x03, 0x00, 0x09, 0x00, 0x00, 0x01, 0x03, 0x00, 0x09, 
	0x0c, 0x00, 0x01, 0x03, 0x00, 0x09, 0x0c, 0x00, 0x01, 0x00, 0x02, 
	0x04, 0x01, 0x03, 0x00, 0x09, 0x04, 0x00, 0x01, 0x03, 0x00, 0x09, 
	0x08, 0x00, 0x01, 0x00, 0x02, 0x04, 0x01, 0x06, 0x03, 0x00, 0x09, 
	0x00, 0x00, 0x01, 0x00, 0x02, 0x04, 0x03, 0x06, 0x03, 0x00, 0x09, 
	0x04, 0x00, 0x01, 0x00, 0x02, 0x04, 0x05, 0x03, 0x00, 0x09, 0x04, 
	0x00, 0x01, 0x00, 0x02, 0x04, 0x07, 0x03, 0x00, 0x09, 0x08, 0x00, 
	0x01, 0x03, 0x00, 0x09, 0x04, 0x00, 0x01, 0x03, 0x00, 0x09, 0x00, 
	0x00, 0x01, 0x00, 0x02, 0x04, 0x07, 0x06, 0x03, 0x00, 0x09, 0x00, 
	0x00, 0x01, 0x06, 0x03, 0x00, 0x09, 0x04, 0x00, 0x01, 0x00, 0x02, 
	0x04, 0x07, 0x06, 0x03, 0x00, 0x09, 0x00, 0x00, 0x01, 0x06, 0x03, 
	0x00, 0x09, 0x10, 0x00, 0x01, 0x00, 0x02, 0x04, 0x07, 0x06, 0x03, 
	0x00, 0x09, 0x00, 0x00, 0x01, 0x06, 0x03, 0x00, 0x09, 0x08, 0x00, 
	0x01, 0x00, 0x02, 0x04, 0x07, 0x06, 0x03, 0x00, 0x09, 0x00, 0x00, 
	0x01, 0x00, 0x02, 0x04, 0x08, 0x06, 0x03, 0x00, 0x09, 0x08, 0x00, 
	0x01, 0x00, 0x02, 0x04, 0x0a, 0x03, 0x00, 0x09, 0x0c, 0x00, 0x01, 
	0x00, 0x02, 0x04, 0x0c, 0x03, 0x00, 0x09, 0x04, 0x00, 0x01, 0x00, 
	0x02, 0x04, 0x0e, 0x03, 0x00, 0x09, 0x04, 0x00, 0x01, 0x03, 0x00, 
	0x09, 0x00, 0x00, 0x01, 0x00, 0x02, 0x04, 0x0e, 0x06, 0x03, 0x00, 
	0x09, 0x00, 0x00, 0x01, 0x06, 0x03, 0x00, 0x09, 0x08, 0x00, 0x01, 
	0x03, 0x00, 0x09, 0x00, 0x00, 0x01, 0x03, 0x01, 0x09, 0x00, 0x00, 
	0x01, 0x05, 0x0b, 0x06, 0x03, 0xfe, 0x00, 0x09, 0x00, 0x00, 0x01, 
	0x05, 0x03, 0x06, 0x03, 0x0e, 0x09, 0x04, 0x00, 0x01, 0x03, 0x01, 
	0x09, 0x00, 0x00, 0x01, 0x05, 0x01, 0x06, 0x03, 0xe1, 0x00, 0x09, 
	0x00, 0x00, 0x01, 0x05, 0x04, 0x00, 0x02, 0x04, 0x04, 0x03, 0x85, 
	0x7e, 0x09, 0x04, 0x00, 0x01, 0x00, 0x02, 0x04, 0x0b, 0x03, 0x00, 
	0x09, 0x04, 0x00, 0x01, 0x00, 0x02, 0x04, 0x04, 0x03, 0x00, 0x09, 
	0x04, 0x00, 0x01, 0x00, 0x02, 0x04, 0x0a, 0x03, 0x00, 0x09, 0x04, 
	0x00, 0x01, 0x06, 0x03, 0x15, 0x09, 0x08, 0x00, 0x01, 0x00, 0x02, 
	0x04, 0x05, 0x06, 0x03, 0x03, 0x09, 0x00, 0x00, 0x01, 0x05, 0x07, 
	0x03, 0x7d, 0x09, 0x04, 0x00, 0x01, 0x05, 0x04, 0x06, 0x03, 0x03, 
	0x09, 0x04, 0x00, 0x01, 0x03, 0x00, 0x09, 0x00, 0x00, 0x01, 0x03, 
	0x00, 0x09, 0x00, 0x00, 0x01, 0x03, 0x00, 0x09, 0x00, 0x00, 0x01, 
	0x00, 0x02, 0x04, 0x01, 0x03, 0x00, 0x09, 0x00, 0x00, 0x01, 0x00, 
	0x02, 0x04, 0x03, 0x06, 0x03, 0x00, 0x09, 0x08, 0x00, 0x01, 0x00, 
	0x02, 0x04, 0x15, 0x06, 0x03, 0x00, 0x09, 0x0c, 0x00, 0x01, 0x03, 
	0x00, 0x09, 0x18, 0x00, 0x01, 0x03, 0x02, 0x09, 0x00, 0x00, 0x01, 
	0x05, 0x07, 0x06, 0x03, 0x00, 0x09, 0x00, 0x00, 0x01, 0x05, 0x08, 
	0x06, 0x03, 0x09, 0x09, 0x04, 0x00, 0x01, 0x05, 0x0b, 0x06, 0x03, 
	0x00, 0x09, 0x00, 0x00, 0x01, 0x05, 0x08, 0x06, 0x03, 0x01, 0x09, 
	0x04, 0x00, 0x01, 0x05, 0x0b, 0x06, 0x03, 0x00, 0x09, 0x00, 0x00, 
	0x01, 0x05, 0x08, 0x00, 0x02, 0x04, 0x0f, 0x06, 0x03, 0x0d, 0x09, 
	0x04, 0x00, 0x01, 0x05, 0x04, 0x03, 0x05, 0x09, 0x00, 0x00, 0x01, 
	0x03, 0x00, 0x09, 0x00, 0x00, 0x01, 0x03, 0x00, 0x09, 0x00, 0x00, 
	0x01, 0x03, 0x00, 0x09, 0x00, 0x00, 0x01, 0x03, 0x00, 0x09, 0x04, 
	0x00, 0x01, 0x03, 0x00, 0x09, 0x0c, 0x00, 0x01, 0x03, 0x00, 0x09, 
	0x00, 0x00, 0x01, 0x03, 0x00, 0x09, 0x00, 0x00, 0x01, 0x03, 0x00, 
	0x09, 0x10, 0x00, 0x01, 0x03, 0x00, 0x09, 0x08, 0x00, 0x01, 0x00, 
	0x02, 0x04, 0x01, 0x03, 0x00, 0x09, 0x04, 0x00, 0x01, 0x03, 0x00, 
	0x09, 0x08, 0x00, 0x01, 0x00, 0x02, 0x04, 0x01, 0x06, 0x03, 0x00, 
	0x09, 0x00, 0x00, 0x01, 0x00, 0x02, 0x04, 0x03, 0x06, 0x03, 0x00, 
	0x09, 0x04, 0x00, 0x01, 0x00, 0x02, 0x04, 0x05, 0x03, 0x00, 0x09, 
	0x04, 0x00, 0x01, 0x00, 0x02, 0x04, 0x07, 0x03, 0x00, 0x09, 0x08, 
	0x00, 0x01, 0x03, 0x00, 0x09, 0x04, 0x00, 0x01, 0x03, 0x00, 0x09, 
	0x00, 0x00, 0x01, 0x00, 0x02, 0x04, 0x07, 0x06, 0x03, 0x00, 0x09, 
	0x00, 0x00, 0x01, 0x06, 0x03, 0x00, 0x09, 0x04, 0x00, 0x01, 0x00, 
	0x02, 0x04, 0x07, 0x06, 0x03, 0x00, 0x09, 0x00, 0x00, 0x01, 0x06, 
	0x03, 0x00, 0x09, 0x10, 0x00, 0x01, 0x00, 0x02, 0x04, 0x07, 0x06, 
	0x03, 0x00, 0x09, 0x00, 0x00, 0x01, 0x06, 0x03, 0x00, 0x09, 0x08, 
	0x00, 0x01, 0x00, 0x02, 0x04, 0x07, 0x06, 0x03, 0x00, 0x09, 0x00, 
	0x00, 0x01, 0x00, 0x02, 0x04, 0x08, 0x06, 0x03, 0x00, 0x09, 0x08, 
	0x00, 0x01, 0x00, 0x02, 0x04, 0x0a, 0x03, 0x00, 0x09, 0x0c, 0x00, 
	0x01, 0x00, 0x02, 0x04, 0x0c, 0x03, 0x00, 0x09, 0x04, 0x00, 0x01, 
	0x00, 0x02, 0x04, 0x0e, 0x03, 0x00, 0x09, 0x04, 0x00, 0x01, 0x03, 
	0x00, 0x09, 0x00, 0x00, 0x01, 0x00, 0x02, 0x04, 0x0e, 0x06, 0x03, 
	0x00, 0x09, 0x00, 0x00, 0x01, 0x06, 0x03, 0x00, 0x09, 0x08, 0x00, 
	0x01, 0x00, 0x02, 0x04, 0x04, 0x06, 0x03, 0x62, 0x09, 0x04, 0x00, 
	0x01, 0x00, 0x02, 0x04, 0x0b, 0x03, 0x00, 0x09, 0x04, 0x00, 0x01, 
	0x00, 0x02, 0x04, 0x04, 0x03, 0x00, 0x09, 0x04, 0x00, 0x01, 0x00, 
	0x02, 0x04, 0x0a, 0x03, 0x00, 0x09, 0x04, 0x00, 0x01, 0x05, 0x08, 
	0x06, 0x03, 0x12, 0x09, 0x08, 0x00, 0x01, 0x03, 0x02, 0x09, 0x00, 
	0x00, 0x01, 0x05, 0x0b, 0x06, 0x03, 0x00, 0x09, 0x00, 0x00, 0x01, 
	0x05, 0x08, 0x06, 0x03, 0x01, 0x09, 0x04, 0x00, 0x01, 0x05, 0x0b, 
	0x06, 0x03, 0x00, 0x09, 0x00, 0x00, 0x01, 0x05, 0x08, 0x06, 0x03, 
	0x01, 0x09, 0x04, 0x00, 0x01, 0x06, 0x03, 0x03, 0x09, 0x00, 0x00, 
	0x01, 0x05, 0x11, 0x03, 0x7d, 0x09, 0x04, 0x00, 0x01, 0x05, 0x1e, 
	0x03, 0x00, 0x09, 0x04, 0x00, 0x01, 0x05, 0x0b, 0x03, 0x00, 0x09, 
	0x04, 0x00, 0x01, 0x05, 0x08, 0x06, 0x03, 0x01, 0x09, 0x04, 0x00, 
	0x01, 0x06, 0x03, 0x02, 0x09, 0x00, 0x00, 0x01, 0x05, 0x0b, 0x03, 
	0x7e, 0x09, 0x0c, 0x00, 0x01, 0x05, 0x08, 0x06, 0x03, 0x02, 0x09, 
	0x04, 0x00, 0x01, 0x03, 0x00, 0x09, 0x00, 0x00, 0x01, 0x03, 0x00, 
	0x09, 0x00, 0x00, 0x01, 0x03, 0x00, 0x09, 0x00, 0x00, 0x01, 0x03, 
	0x00, 0x09, 0x00, 0x00, 0x01, 0x03, 0x00, 0x09, 0x00, 0x00, 0x01, 
	0x03, 0x00, 0x09, 0x00, 0x00, 0x01, 0x03, 0x00, 0x09, 0x00, 0x00, 
	0x01, 0x03, 0x00, 0x09, 0x08, 0x00, 0x01, 0x03, 0x00, 0x09, 0x0c, 
	0x00, 0x01, 0x00, 0x02, 0x04, 0x01, 0x03, 0x00, 0x09, 0x08, 0x00, 
	0x01, 0x03, 0x00, 0x09, 0x08, 0x00, 0x01, 0x00, 0x02, 0x04, 0x01, 
	0x06, 0x03, 0x00, 0x09, 0x00, 0x00, 0x01, 0x00, 0x02, 0x04, 0x03, 
	0x06, 0x03, 0x00, 0x09, 0x04, 0x00, 0x01, 0x00, 0x02, 0x04, 0x05, 
	0x03, 0x00, 0x09, 0x04, 0x00, 0x01, 0x00, 0x02, 0x04, 0x07, 0x03, 
	0x00, 0x09, 0x08, 0x00, 0x01, 0x03, 0x00, 0x09, 0x04, 0x00, 0x01, 
	0x03, 0x00, 0x09, 0x00, 0x00, 0x01, 0x00, 0x02, 0x04, 0x07, 0x06, 
	0x03, 0x00, 0x09, 0x00, 0x00, 0x01, 0x06, 0x03, 0x00, 0x09, 0x04, 
	0x00, 0x01, 0x00, 0x02, 0x04, 0x07, 0x06, 0x03, 0x00, 0x09, 0x00, 
	0x00, 0x01, 0x06, 0x03, 0x00, 0x09, 0x10, 0x00, 0x01, 0x00, 0x02, 
	0x04, 0x07, 0x06, 0x03, 0x00, 0x09, 0x00, 0x00, 0x01, 0x06, 0x03, 
	0x00, 0x09, 0x08, 0x00, 0x01, 0x00, 0x02, 0x04, 0x07, 0x06, 0x03, 
	0x00, 0x09, 0x00, 0x00, 0x01, 0x00, 0x02, 0x04, 0x08, 0x06, 0x03, 
	0x00, 0x09, 0x08, 0x00, 0x01, 0x03, 0x00, 0x09, 0x08, 0x00, 0x01, 
	0x00, 0x02, 0x04, 0x08, 0x06, 0x03, 0x00, 0x09, 0x00, 0x00, 0x01, 
	0x00, 0x02, 0x04, 0x0a, 0x06, 0x03, 0x00, 0x09, 0x04, 0x00, 0x01, 
	0x00, 0x02, 0x04, 0x0c, 0x03, 0x00, 0x09, 0x04, 0x00, 0x01, 0x00, 
	0x02, 0x04, 0x0e, 0x03, 0x00, 0x09, 0x08, 0x00, 0x01, 0x03, 0x00, 
	0x09, 0x08, 0x00, 0x01, 0x00, 0x02, 0x04, 0x0e, 0x06, 0x03, 0x00, 
	0x09, 0x00, 0x00, 0x01, 0x06, 0x03, 0x00, 0x09, 0x04, 0x00, 0x01, 
	0x05, 0x07, 0x03, 0x15, 0x09, 0x04, 0x00, 0x01, 0x05, 0x0a, 0x06, 
	0x03, 0x00, 0x09, 0x00, 0x00, 0x01, 0x05, 0x04, 0x06, 0x03, 0x13, 
	0x09, 0x04, 0x00, 0x01, 0x03, 0x00, 0x09, 0x00, 0x00, 0x01, 0x03, 
	0x00, 0x09, 0x00, 0x00, 0x01, 0x03, 0x00, 0x09, 0x00, 0x00, 0x01, 
	0x00, 0x02, 0x04, 0x01, 0x03, 0x00, 0x09, 0x00, 0x00, 0x01, 0x00, 
	0x02, 0x04, 0x03, 0x06, 0x03, 0x00, 0x09, 0x08, 0x00, 0x01, 0x00, 
	0x02, 0x04, 0x15, 0x06, 0x03, 0x00, 0x09, 0x0c, 0x00, 0x01, 0x03, 
	0x00, 0x09, 0x20, 0x00, 0x01, 0x03, 0x01, 0x09, 0x00, 0x00, 0x01, 
	0x05, 0x07, 0x06, 0x03, 0x00, 0x09, 0x00, 0x00, 0x01, 0x05, 0x08, 
	0x06, 0x03, 0x0a, 0x09, 0x04, 0x00, 0x01, 0x06, 0x03, 0x02, 0x09, 
	0x00, 0x00, 0x01, 0x05, 0x0b, 0x03, 0x7e, 0x09, 0x04, 0x00, 0x01, 
	0x05, 0x14, 0x00, 0x02, 0x04, 0x01, 0x03, 0x00, 0x09, 0x04, 0x00, 
	0x01, 0x05, 0x04, 0x00, 0x02, 0x04, 0x04, 0x03, 0x75, 0x09, 0x0c, 
	0x00, 0x01, 0x00, 0x02, 0x04, 0x0b, 0x03, 0x00, 0x09, 0x04, 0x00, 
	0x01, 0x00, 0x02, 0x04, 0x04, 0x03, 0x00, 0x09, 0x04, 0x00, 0x01, 
	0x00, 0x02, 0x04, 0x0a, 0x03, 0x00, 0x09, 0x04, 0x00, 0x01, 0x05, 
	0x08, 0x06, 0x03, 0x1e, 0x09, 0x08, 0x00, 0x01, 0x03, 0x03, 0x09, 
	0x00, 0x00, 0x01, 0x03, 0x02, 0x09, 0x00, 0x00, 0x01, 0x05, 0x1e, 
	0x06, 0x03, 0x00, 0x09, 0x00, 0x00, 0x01, 0x05, 0x11, 0x03, 0x00, 
	0x09, 0x04, 0x00, 0x01, 0x05, 0x0b, 0x03, 0x02, 0x09, 0x04, 0x00, 
	0x01, 0x03, 0x7e, 0x09, 0x04, 0x00, 0x01, 0x05, 0x08, 0x06, 0x03, 
	0x01, 0x09, 0x04, 0x00, 0x01, 0x05, 0x11, 0x06, 0x03, 0x02, 0x09, 
	0x00, 0x00, 0x01, 0x05, 0x1e, 0x03, 0x00, 0x09, 0x04, 0x00, 0x01, 
	0x05, 0x0b, 0x03, 0x00, 0x09, 0x04, 0x00, 0x01, 0x05, 0x08, 0x03, 
	0x03, 0x09, 0x04, 0x00, 0x01, 0x05, 0x0b, 0x03, 0x7b, 0x09, 0x14, 
	0x00, 0x01, 0x05, 0x08, 0x06, 0x03, 0x01, 0x09, 0x04, 0x00, 0x01, 
	0x03, 0x01, 0x09, 0x00, 0x00, 0x01, 0x03, 0x01, 0x09, 0x00, 0x00, 
	0x01, 0x03, 0x02, 0x09, 0x00, 0x00, 0x01, 0x03, 0x00, 0x09, 0x00, 
	0x00, 0x01, 0x03, 0x00, 0x09, 0x00, 0x00, 0x01, 0x03, 0x00, 0x09, 
	0x00, 0x00, 0x01, 0x03, 0x00, 0x09, 0x00, 0x00, 0x01, 0x03, 0x00, 
	0x09, 0x00, 0x00, 0x01, 0x03, 0x00, 0x09, 0x00, 0x00, 0x01, 0x03, 
	0x00, 0x09, 0x00, 0x00, 0x01, 0x03, 0x00, 0x09, 0x08, 0x00, 0x01, 
	0x03, 0x00, 0x09, 0x08, 0x00, 0x01, 0x00, 0x02, 0x04, 0x01, 0x03, 
	0x00, 0x09, 0x08, 0x00, 0x01, 0x03, 0x00, 0x09, 0x08, 0x00, 0x01, 
	0x00, 0x02, 0x04, 0x01, 0x06, 0x03, 0x00, 0x09, 0x00, 0x00, 0x01, 
	0x00, 0x02, 0x04, 0x03, 0x06, 0x03, 0x00, 0x09, 0x04, 0x00, 0x01, 
	0x00, 0x02, 0x04, 0x05, 0x03, 0x00, 0x09, 0x04, 0x00, 0x01, 0x00, 
	0x02, 0x04, 0x07, 0x03, 0x00, 0x09, 0x08, 0x00, 0x01, 0x03, 0x00, 
	0x09, 0x04, 0x00, 0x01, 0x03, 0x00, 0x09, 0x00, 0x00, 0x01, 0x00, 
	0x02, 0x04, 0x07, 0x06, 0x03, 0x00, 0x09, 0x00, 0x00, 0x01, 0x06, 
	0x03, 0x00, 0x09, 0x04, 0x00, 0x01, 0x00, 0x02, 0x04, 0x07, 0x06, 
	0x03, 0x00, 0x09, 0x00, 0x00, 0x01, 0x06, 0x03, 0x00, 0x09, 0x10, 
	0x00, 0x01, 0x00, 0x02, 0x04, 0x07, 0x06, 0x03, 0x00, 0x09, 0x00, 
	0x00, 0x01, 0x06, 0x03, 0x00, 0x09, 0x08, 0x00, 0x01, 0x00, 0x02, 
	0x04, 0x07, 0x06, 0x03, 0x00, 0x09, 0x00, 0x00, 0x01, 0x00, 0x02, 
	0x04, 0x08, 0x06, 0x03, 0x00, 0x09, 0x08, 0x00, 0x01, 0x03, 0x00, 
	0x09, 0x08, 0x00, 0x01, 0x00, 0x02, 0x04, 0x08, 0x06, 0x03, 0x00, 
	0x09, 0x00, 0x00, 0x01, 0x00, 0x02, 0x04, 0x0a, 0x06, 0x03, 0x00, 
	0x09, 0x04, 0x00, 0x01, 0x00, 0x02, 0x04, 0x0c, 0x03, 0x00, 0x09, 
	0x04, 0x00, 0x01, 0x00, 0x02, 0x04, 0x0e, 0x03, 0x00, 0x09, 0x08, 
	0x00, 0x01, 0x06, 0x03, 0x01, 0x09, 0x08, 0x00, 0x01, 0x00, 0x02, 
	0x04, 0x0e, 0x03, 0x7f, 0x09, 0x14, 0x00, 0x01, 0x06, 0x03, 0x00, 
	0x09, 0x04, 0x00, 0x01, 0x03, 0x00, 0x09, 0x00, 0x00, 0x01, 0x03, 
	0x00, 0x09, 0x00, 0x00, 0x01, 0x03, 0x01, 0x09, 0x00, 0x00, 0x01, 
	0x03, 0x00, 0x09, 0x00, 0x00, 0x01, 0x03, 0x00, 0x09, 0x00, 0x00, 
	0x01, 0x03, 0x00, 0x09, 0x00, 0x00, 0x01, 0x03, 0x00, 0x09, 0x00, 
	0x00, 0x01, 0x03, 0x00, 0x09, 0x04, 0x00, 0x01, 0x03, 0x00, 0x09, 
	0x00, 0x00, 0x01, 0x03, 0x00, 0x09, 0x00, 0x00, 0x01, 0x03, 0x00, 
	0x09, 0x04, 0x00, 0x01, 0x03, 0x00, 0x09, 0x00, 0x00, 0x01, 0x03, 
	0x00, 0x09, 0x04, 0x00, 0x01, 0x03, 0x00, 0x09, 0x14, 0x00, 0x01, 
	0x03, 0x00, 0x09, 0x00, 0x00, 0x01, 0x03, 0x00, 0x09, 0x00, 0x00, 
	0x01, 0x00, 0x02, 0x04, 0x01, 0x03, 0x00, 0x09, 0x04, 0x00, 0x01, 
	0x00, 0x02, 0x04, 0x03, 0x03, 0x00, 0x09, 0x08, 0x00, 0x01, 0x03, 
	0x00, 0x09, 0x08, 0x00, 0x01, 0x03, 0x00, 0x09, 0x00, 0x00, 0x01, 
	0x03, 0x02, 0x09, 0x00, 0x00, 0x01, 0x05, 0x0b, 0x06, 0x03, 0x00, 
	0x09, 0x00, 0x00, 0x01, 0x05, 0x14, 0x00, 0x02, 0x04, 0x01, 0x03, 
	0x00, 0x09, 0x04, 0x00, 0x01, 0x05, 0x08, 0x00, 0x02, 0x04, 0x03, 
	0x03, 0x7e, 0x09, 0x04, 0x00, 0x01, 0x05, 0x0b, 0x03, 0x7d, 0x09, 
	0x0c, 0x00, 0x01, 0x05, 0x08, 0x00, 0x02, 0x04, 0x03, 0x03, 0x03, 
	0x09, 0x04, 0x00, 0x01, 0x05, 0x0b, 0x03, 0x08, 0x09, 0x04, 0x00, 
	0x01, 0x05, 0x21, 0x00, 0x02, 0x04, 0x02, 0x03, 0x7a, 0x09, 0x04, 
	0x00, 0x01, 0x05, 0x05, 0x06, 0x03, 0x02, 0x09, 0x04, 0x00, 0x01, 
	0x05, 0x07, 0x06, 0x03, 0x00, 0x09, 0x00, 0x00, 0x01, 0x05, 0x05, 
	0x06, 0x03, 0x01, 0x09, 0x04, 0x00, 0x01, 0x03, 0x00, 0x09, 0x00, 
	0x00, 0x01, 0x03, 0x00, 0x09, 0x00, 0x00, 0x01, 0x03, 0x00, 0x09, 
	0x00, 0x00, 0x01, 0x03, 0x00, 0x09, 0x00, 0x00, 0x01, 0x05, 0x07, 
	0x06, 0x03, 0x43, 0x09, 0x04, 0x00, 0x01, 0x03, 0x7f, 0x09, 0x04, 
	0x00, 0x01, 0x09, 0x08, 0x00, 0x00, 0x01, 0x01, 0x89, 0x09, 0x00, 
	0x00, 0x05, 0x00, 0x04, 0x00, 0x33, 0x00, 0x00, 0x00, 0x01, 0x01, 
	0x01, 0xfb, 0x0e, 0x0d, 0x00, 0x01, 0x01, 0x01, 0x01, 0x00, 0x00, 
	0x00, 0x01, 0x00, 0x00, 0x01, 0x01, 0x01, 0x1f, 0x02, 0x26, 0x00, 
	0x00, 0x00, 0x9b, 0x00, 0x00, 0x00, 0x02, 0x01, 0x1f, 0x02, 0x0f, 
	0x03, 0x1c, 0x00, 0x00, 0x00, 0x01, 0x1c, 0x00, 0x00, 0x00, 0x01, 
	0xb7, 0x00, 0x00, 0x00, 0x01, 0x05, 0x01, 0x00, 0x05, 0x02, 0xe8, 
	0x30, 0x00, 0x40, 0x03, 0x86, 0x0a, 0x01, 0x05, 0x03, 0x03, 0x01, 
	0x09, 0x00, 0x00, 0x01, 0x03, 0x02, 0x09, 0x00, 0x00, 0x01, 0x03, 
	0xdb, 0x7d, 0x09, 0x00, 0x00, 0x01, 0x03, 0x01, 0x09, 0x00, 0x00, 
	0x01, 0x03, 0x01, 0x09, 0x00, 0x00, 0x01, 0x03, 0x01, 0x09, 0x00, 
	0x00, 0x01, 0x03, 0x01, 0x09, 0x00, 0x00, 0x01, 0x03, 0x01, 0x09, 
	0x00, 0x00, 0x01, 0x03, 0x02, 0x09, 0x00, 0x00, 0x01, 0x05, 0x06, 
	0x06, 0x03, 0x00, 0x09, 0x00, 0x00, 0x01, 0x05, 0x03, 0x06, 0x03, 
	0x01, 0x09, 0x04, 0x00, 0x01, 0x03, 0x01, 0x09, 0x00, 0x00, 0x01, 
	0x05, 0x06, 0x06, 0x03, 0x00, 0x09, 0x00, 0x00, 0x01, 0x05, 0x03, 
	0x06, 0x03, 0x01, 0x09, 0x04, 0x00, 0x01, 0x05, 0x06, 0x06, 0x03, 
	0x00, 0x09, 0x00, 0x00, 0x01, 0x05, 0x03, 0x06, 0x03, 0x25, 0x09, 
	0x04, 0x00, 0x01, 0x05, 0x06, 0x06, 0x03, 0x00, 0x09, 0x00, 0x00, 
	0x01, 0x05, 0x07, 0x06, 0x03, 0x02, 0x09, 0x04, 0x00, 0x01, 0x05, 
	0x0a, 0x06, 0x03, 0x00, 0x09, 0x08, 0x00, 0x01, 0x05, 0x04, 0x06, 
	0x03, 0x04, 0x09, 0x04, 0x00, 0x01, 0x03, 0x00, 0x09, 0x00, 0x00, 
	0x01, 0x03, 0x00, 0x09, 0x00, 0x00, 0x01, 0x03, 0x00, 0x09, 0x00, 
	0x00, 0x01, 0x00, 0x02, 0x04, 0x01, 0x03, 0x00, 0x09, 0x00, 0x00, 
	0x01, 0x00, 0x02, 0x04, 0x03, 0x06, 0x03, 0x00, 0x09, 0x08, 0x00, 
	0x01, 0x00, 0x02, 0x04, 0x15, 0x06, 0x03, 0x00, 0x09, 0x0c, 0x00, 
	0x01, 0x03, 0x00, 0x09, 0x18, 0x00, 0x01, 0x03, 0x02, 0x09, 0x00, 
	0x00, 0x01, 0x05, 0x07, 0x06, 0x03, 0x00, 0x09, 0x00, 0x00, 0x01, 
	0x05, 0x08, 0x06, 0x03, 0x05, 0x09, 0x04, 0x00, 0x01, 0x05, 0x11, 
	0x06, 0x03, 0x01, 0x09, 0x00, 0x00, 0x01, 0x05, 0x1e, 0x03, 0x00, 
	0x09, 0x04, 0x00, 0x01, 0x05, 0x0b, 0x03, 0x7f, 0x09, 0x04, 0x00, 
	0x01, 0x05, 0x08, 0x06, 0x03, 0x01, 0x09, 0x04, 0x00, 0x01, 0x05, 
	0x0b, 0x06, 0x03, 0x00, 0x09, 0x00, 0x00, 0x01, 0x05, 0x08, 0x06, 
	0x03, 0x01, 0x09, 0x04, 0x00, 0x01, 0x05, 0x0b, 0x06, 0x03, 0x00, 
	0x09, 0x00, 0x00, 0x01, 0x05, 0x04, 0x06, 0x03, 0x03, 0x09, 0x04, 
	0x00, 0x01, 0x03, 0x00, 0x09, 0x00, 0x00, 0x01, 0x03, 0x00, 0x09, 
	0x00, 0x00, 0x01, 0x03, 0x00, 0x09, 0x00, 0x00, 0x01, 0x03, 0x00, 
	0x09, 0x04, 0x00, 0x01, 0x03, 0x00, 0x09, 0x0c, 0x00, 0x01, 0x03, 
	0x00, 0x09, 0x00, 0x00, 0x01, 0x03, 0x00, 0x09, 0x00, 0x00, 0x01, 
	0x03, 0x00, 0x09, 0x08, 0x00, 0x01, 0x03, 0x00, 0x09, 0x0c, 0x00, 
	0x01, 0x00, 0x02, 0x04, 0x01, 0x03, 0x00, 0x09, 0x04, 0x00, 0x01, 
	0x03, 0x00, 0x09, 0x04, 0x00, 0x01, 0x00, 0x02, 0x04, 0x01, 0x06, 
	0x03, 0x00, 0x09, 0x00, 0x00, 0x01, 0x00, 0x02, 0x04, 0x03, 0x06, 
	0x03, 0x00, 0x09, 0x04, 0x00, 0x01, 0x00, 0x02, 0x04, 0x05, 0x03, 
	0x00, 0x09, 0x04, 0x00, 0x01, 0x00, 0x02, 0x04, 0x07, 0x03, 0x00, 
	0x09, 0x04, 0x00, 0x01, 0x03, 0x00, 0x09, 0x04, 0x00, 0x01, 0x03, 
	0x00, 0x09, 0x00, 0x00, 0x01, 0x03, 0x00, 0x09, 0x00, 0x00, 0x01, 
	0x00, 0x02, 0x04, 0x07, 0x06, 0x03, 0x00, 0x09, 0x00, 0x00, 0x01, 
	0x06, 0x03, 0x00, 0x09, 0x0c, 0x00, 0x01, 0x00, 0x02, 0x04, 0x07, 
	0x06, 0x03, 0x2a, 0x09, 0x00, 0x00, 0x01, 0x06, 0x03, 0x00, 0x09, 
	0x10, 0x00, 0x01, 0x00, 0x02, 0x04, 0x07, 0x06, 0x03, 0x00, 0x09, 
	0x00, 0x00, 0x01, 0x00, 0x02, 0x04, 0x08, 0x06, 0x03, 0x00, 0x09, 
	0x04, 0x00, 0x01, 0x03, 0x00, 0x09, 0x04, 0x00, 0x01, 0x00, 0x02, 
	0x04, 0x08, 0x06, 0x03, 0x00, 0x09, 0x00, 0x00, 0x01, 0x00, 0x02, 
	0x04, 0x0a, 0x06, 0x03, 0x00, 0x09, 0x04, 0x00, 0x01, 0x00, 0x02, 
	0x04, 0x0c, 0x03, 0x00, 0x09, 0x04, 0x00, 0x01, 0x00, 0x02, 0x04, 
	0x0e, 0x03, 0x00, 0x09, 0x04, 0x00, 0x01, 0x03, 0x00, 0x09, 0x04, 
	0x00, 0x01, 0x03, 0x00, 0x09, 0x00, 0x00, 0x01, 0x00, 0x02, 0x04, 
	0x0f, 0x03, 0x00, 0x09, 0x00, 0x00, 0x01, 0x05, 0x07, 0x03, 0x05, 
	0x09, 0x00, 0x00, 0x01, 0x05, 0x04, 0x03, 0x02, 0x09, 0x00, 0x00, 
	0x01, 0x05, 0x12, 0x06, 0x03, 0x00, 0x09, 0x00, 0x00, 0x01, 0x05, 
	0x04, 0x06, 0x03, 0x01, 0x09, 0x04, 0x00, 0x01, 0x03, 0x01, 0x09, 
	0x00, 0x00, 0x01, 0x05, 0x0c, 0x06, 0x03, 0x00, 0x09, 0x00, 0x00, 
	0x01, 0x05, 0x04, 0x00, 0x02, 0x04, 0x04, 0x03, 0x41, 0x09, 0x08, 
	0x00, 0x01, 0x00, 0x02, 0x04, 0x0b, 0x03, 0x00, 0x09, 0x04, 0x00, 
	0x01, 0x00, 0x02, 0x04, 0x04, 0x03, 0x00, 0x09, 0x04, 0x00, 0x01, 
	0x00, 0x02, 0x04, 0x0a, 0x03, 0x00, 0x09, 0x04, 0x00, 0x01, 0x06, 
	0x03, 0x15, 0x09, 0x08, 0x00, 0x01, 0x00, 0x02, 0x04, 0x05, 0x06, 
	0x03, 0x03, 0x09, 0x00, 0x00, 0x01, 0x05, 0x07, 0x03, 0x7d, 0x09, 
	0x04, 0x00, 0x01, 0x05, 0x04, 0x06, 0x03, 0x03, 0x09, 0x04, 0x00, 
	0x01, 0x03, 0x00, 0x09, 0x00, 0x00, 0x01, 0x03, 0x00, 0x09, 0x00, 
	0x00, 0x01, 0x03, 0x00, 0x09, 0x00, 0x00, 0x01, 0x00, 0x02, 0x04, 
	0x01, 0x03, 0x00, 0x09, 0x00, 0x00, 0x01, 0x00, 0x02, 0x04, 0x03, 
	0x06, 0x03, 0x00, 0x09, 0x08, 0x00, 0x01, 0x00, 0x02, 0x04, 0x15, 
	0x06, 0x03, 0x00, 0x09, 0x0c, 0x00, 0x01, 0x03, 0x00, 0x09, 0x18, 
	0x00, 0x01, 0x03, 0x02, 0x09, 0x00, 0x00, 0x01, 0x05, 0x07, 0x06, 
	0x03, 0x00, 0x09, 0x00, 0x00, 0x01, 0x05, 0x08, 0x06, 0x03, 0x09, 
	0x09, 0x04, 0x00, 0x01, 0x05, 0x0b, 0x06, 0x03, 0x00, 0x09, 0x00, 
	0x00, 0x01, 0x05, 0x08, 0x06, 0x03, 0x01, 0x09, 0x04, 0x00, 0x01, 
	0x00, 0x02, 0x04, 0x0f, 0x03, 0x0d, 0x09, 0x00, 0x00, 0x01, 0x05, 
	0x04, 0x03, 0x05, 0x09, 0x00, 0x00, 0x01, 0x03, 0x00, 0x09, 0x00, 
	0x00, 0x01, 0x03, 0x00, 0x09, 0x00, 0x00, 0x01, 0x03, 0x00, 0x09, 
	0x00, 0x00, 0x01, 0x03, 0x00, 0x09, 0x04, 0x00, 0x01, 0x03, 0x00, 
	0x09, 0x0c, 0x00, 0x01, 0x03, 0x00, 0x09, 0x00, 0x00, 0x01, 0x03, 
	0x00, 0x09, 0x00, 0x00, 0x01, 0x03, 0x00, 0x09, 0x0c, 0x00, 0x01, 
	0x03, 0x00, 0x09, 0x08, 0x00, 0x01, 0x00, 0x02, 0x04, 0x01, 0x03, 
	0x00, 0x09, 0x04, 0x00, 0x01, 0x03, 0x00, 0x09, 0x04, 0x00, 0x01, 
	0x00, 0x02, 0x04, 0x01, 0x06, 0x03, 0x00, 0x09, 0x00, 0x00, 0x01, 
	0x00, 0x02, 0x04, 0x03, 0x06, 0x03, 0x00, 0x09, 0x04, 0x00, 0x01, 
	0x00, 0x02, 0x04, 0x05, 0x03, 0x00, 0x09, 0x04, 0x00, 0x01, 0x00, 
	0x02, 0x04, 0x07, 0x03, 0x00, 0x09, 0x04, 0x00, 0x01, 0x03, 0x00, 
	0x09, 0x04, 0x00, 0x01, 0x03, 0x00, 0x09, 0x00, 0x00, 0x01, 0x03, 
	0x00, 0x09, 0x00, 0x00, 0x01, 0x00, 0x02, 0x04, 0x07, 0x06, 0x03, 
	0x00, 0x09, 0x00, 0x00, 0x01, 0x06, 0x03, 0x00, 0x09, 0x0c, 0x00, 
	0x01, 0x00, 0x02, 0x04, 0x04, 0x06, 0x03, 0x62, 0x09, 0x04, 0x00, 
	0x01, 0x00, 0x02, 0x04, 0x0b, 0x03, 0x00, 0x09, 0x04, 0x00, 0x01, 
	0x00, 0x02, 0x04, 0x04, 0x03, 0x00, 0x09, 0x04, 0x00, 0x01, 0x00, 
	0x02, 0x04, 0x0a, 0x03, 0x00, 0x09, 0x04, 0x00, 0x01, 0x05, 0x08, 
	0x06, 0x03, 0x12, 0x09, 0x08, 0x00, 0x01, 0x03, 0x02, 0x09, 0x00, 
	0x00, 0x01, 0x05, 0x0b, 0x06, 0x03, 0x00, 0x09, 0x00, 0x00, 0x01, 
	0x05, 0x08, 0x06, 0x03, 0x01, 0x09, 0x04, 0x00, 0x01, 0x05, 0x0b, 
	0x06, 0x03, 0x00, 0x09, 0x00, 0x00, 0x01, 0x05, 0x08, 0x06, 0x03, 
	0x01, 0x09, 0x04, 0x00, 0x01, 0x05, 0x0b, 0x06, 0x03, 0x01, 0x09, 
	0x00, 0x00, 0x01, 0x05, 0x11, 0x03, 0x7f, 0x09, 0x04, 0x00, 0x01, 
	0x05, 0x1e, 0x03, 0x00, 0x09, 0x04, 0x00, 0x01, 0x05, 0x08, 0x03, 
	0x03, 0x09, 0x04, 0x00, 0x01, 0x05, 0x0b, 0x03, 0x7d, 0x09, 0x04, 
	0x00, 0x01, 0x05, 0x08, 0x06, 0x03, 0x01, 0x09, 0x04, 0x00, 0x01, 
	0x03, 0x02, 0x09, 0x00, 0x00, 0x01, 0x03, 0x00, 0x09, 0x00, 0x00, 
	0x01, 0x03, 0x00, 0x09, 0x00, 0x00, 0x01, 0x03, 0x00, 0x09, 0x00, 
	0x00, 0x01, 0x03, 0x00, 0x09, 0x00, 0x00, 0x01, 0x03, 0x00, 0x09, 
	0x0c, 0x00, 0x01, 0x03, 0x00, 0x09, 0x00, 0x00, 0x01, 0x03, 0x00, 
	0x09, 0x00, 0x00, 0x01, 0x03, 0x00, 0x09, 0x08, 0x00, 0x01, 0x03, 
	0x00, 0x09, 0x0c, 0x00, 0x01, 0x00, 0x02, 0x04, 0x01, 0x03, 0x00, 
	0x09, 0x04, 0x00, 0x01, 0x03, 0x00, 0x09, 0x04, 0x00, 0x01, 0x00, 
	0x02, 0x04, 0x01, 0x06, 0x03, 0x00, 0x09, 0x00, 0x00, 0x01, 0x00, 
	0x02, 0x04, 0x03, 0x06, 0x03, 0x00, 0x09, 0x04, 0x00, 0x01, 0x00, 
	0x02, 0x04, 0x05, 0x03, 0x00, 0x09, 0x04, 0x00, 0x01, 0x00, 0x02, 
	0x04, 0x07, 0x03, 0x00, 0x09, 0x04, 0x00, 0x01, 0x03, 0x00, 0x09, 
	0x04, 0x00, 0x01, 0x03, 0x00, 0x09, 0x00, 0x00, 0x01, 0x03, 0x00, 
	0x09, 0x00, 0x00, 0x01, 0x00, 0x02, 0x04, 0x07, 0x06, 0x03, 0x00, 
	0x09, 0x00, 0x00, 0x01, 0x06, 0x03, 0x00, 0x09, 0x14, 0x00, 0x01, 
	0x00, 0x02, 0x04, 0x07, 0x06, 0x03, 0x00, 0x09, 0x00, 0x00, 0x01, 
	0x06, 0x03, 0x00, 0x09, 0x08, 0x00, 0x01, 0x00, 0x02, 0x04, 0x07, 
	0x06, 0x03, 0x00, 0x09, 0x00, 0x00, 0x01, 0x00, 0x02, 0x04, 0x08, 
	0x06, 0x03, 0x00, 0x09, 0x04, 0x00, 0x01, 0x03, 0x00, 0x09, 0x04, 
	0x00, 0x01, 0x00, 0x02, 0x04, 0x08, 0x06, 0x03, 0x00, 0x09, 0x00, 
	0x00, 0x01, 0x00, 0x02, 0x04, 0x0a, 0x06, 0x03, 0x00, 0x09, 0x04, 
	0x00, 0x01, 0x00, 0x02, 0x04, 0x0c, 0x03, 0x00, 0x09, 0x04, 0x00, 
	0x01, 0x00, 0x02, 0x04, 0x0e, 0x03, 0x00, 0x09, 0x04, 0x00, 0x01, 
	0x03, 0x00, 0x09, 0x04, 0x00, 0x01, 0x03, 0x00, 0x09, 0x00, 0x00, 
	0x01, 0x05, 0x07, 0x03, 0x15, 0x09, 0x04, 0x00, 0x01, 0x05, 0x0a, 
	0x06, 0x03, 0x00, 0x09, 0x00, 0x00, 0x01, 0x05, 0x04, 0x06, 0x03, 
	0x13, 0x09, 0x04, 0x00, 0x01, 0x03, 0x00, 0x09, 0x00, 0x00, 0x01, 
	0x03, 0x00, 0x09, 0x00, 0x00, 0x01, 0x03, 0x00, 0x09, 0x00, 0x00, 
	0x01, 0x00, 0x02, 0x04, 0x01, 0x03, 0x00, 0x09, 0x00, 0x00, 0x01, 
	0x00, 0x02, 0x04, 0x03, 0x06, 0x03, 0x00, 0x09, 0x08, 0x00, 0x01, 
	0x00, 0x02, 0x04, 0x15, 0x06, 0x03, 0x00, 0x09, 0x0c, 0x00, 0x01, 
	0x03, 0x00, 0x09, 0x20, 0x00, 0x01, 0x03, 0x01, 0x09, 0x00, 0x00, 
	0x01, 0x05, 0x07, 0x06, 0x03, 0x00, 0x09, 0x00, 0x00, 0x01, 0x05, 
	0x08, 0x06, 0x03, 0x0a, 0x09, 0x04, 0x00, 0x01, 0x05, 0x0b, 0x06, 
	0x03, 0x00, 0x09, 0x00, 0x00, 0x01, 0x05, 0x14, 0x00, 0x02, 0x04, 
	0x01, 0x03, 0x00, 0x09, 0x04, 0x00, 0x01, 0x05, 0x05, 0x06, 0x03, 
	0x02, 0x09, 0x04, 0x00, 0x01, 0x03, 0x01, 0x09, 0x00, 0x00, 0x01, 
	0x03, 0x00, 0x09, 0x00, 0x00, 0x01, 0x03, 0x00, 0x09, 0x00, 0x00, 
	0x01, 0x03, 0x00, 0x09, 0x10, 0x00, 0x01, 0x03, 0x00, 0x09, 0x04, 
	0x00, 0x01, 0x03, 0x00, 0x09, 0x00, 0x00, 0x01, 0x05, 0x08, 0x03, 
	0x05, 0x09, 0x00, 0x00, 0x01, 0x03, 0x02, 0x09, 0x00, 0x00, 0x01, 
	0x05, 0x05, 0x03, 0x02, 0x09, 0x00, 0x00, 0x01, 0x03, 0x01, 0x09, 
	0x00, 0x00, 0x01, 0x03, 0x01, 0x09, 0x00, 0x00, 0x01, 0x05, 0x0d, 
	0x06, 0x03, 0x00, 0x09, 0x00, 0x00, 0x01, 0x05, 0x04, 0x00, 0x02, 
	0x04, 0x04, 0x03, 0x67, 0x09, 0x0c, 0x00, 0x01, 0x00, 0x02, 0x04, 
	0x0b, 0x03, 0x00, 0x09, 0x04, 0x00, 0x01, 0x00, 0x02, 0x04, 0x04, 
	0x03, 0x00, 0x09, 0x04, 0x00, 0x01, 0x00, 0x02, 0x04, 0x0a, 0x03, 
	0x00, 0x09, 0x04, 0x00, 0x01, 0x05, 0x08, 0x06, 0x03, 0x1e, 0x09, 
	0x08, 0x00, 0x01, 0x03, 0x03, 0x09, 0x00, 0x00, 0x01, 0x03, 0x02, 
	0x09, 0x00, 0x00, 0x01, 0x05, 0x1e, 0x06, 0x03, 0x00, 0x09, 0x00, 
	0x00, 0x01, 0x05, 0x11, 0x03, 0x00, 0x09, 0x04, 0x00, 0x01, 0x05, 
	0x0b, 0x03, 0x00, 0x09, 0x04, 0x00, 0x01, 0x05, 0x08, 0x06, 0x03, 
	0x01, 0x09, 0x04, 0x00, 0x01, 0x05, 0x0b, 0x06, 0x03, 0x01, 0x09, 
	0x00, 0x00, 0x01, 0x05, 0x08, 0x03, 0x04, 0x09, 0x04, 0x00, 0x01, 
	0x05, 0x11, 0x03, 0x7d, 0x09, 0x10, 0x00, 0x01, 0x05, 0x1e, 0x03, 
	0x00, 0x09, 0x04, 0x00, 0x01, 0x05, 0x0b, 0x03, 0x00, 0x09, 0x04, 
	0x00, 0x01, 0x05, 0x08, 0x03, 0x03, 0x09, 0x04, 0x00, 0x01, 0x05, 
	0x0b, 0x03, 0x7b, 0x09, 0x04, 0x00, 0x01, 0x05, 0x08, 0x06, 0x03, 
	0x01, 0x09, 0x04, 0x00, 0x01, 0x03, 0x01, 0x09, 0x00, 0x00, 0x01, 
	0x03, 0x01, 0x09, 0x00, 0x00, 0x01, 0x05, 0x0b, 0x06, 0x03, 0x00, 
	0x09, 0x00, 0x00, 0x01, 0x05, 0x08, 0x06, 0x03, 0x02, 0x09, 0x04, 
	0x00, 0x01, 0x03, 0x00, 0x09, 0x00, 0x00, 0x01, 0x03, 0x00, 0x09, 
	0x00, 0x00, 0x01, 0x03, 0x00, 0x09, 0x00, 0x00, 0x01, 0x03, 0x00, 
	0x09, 0x00, 0x00, 0x01, 0x03, 0x00, 0x09, 0x00, 0x00, 0x01, 0x03, 
	0x00, 0x09, 0x00, 0x00, 0x01, 0x03, 0x00, 0x09, 0x00, 0x00, 0x01, 
	0x03, 0x00, 0x09, 0x08, 0x00, 0x01, 0x03, 0x00, 0x09, 0x08, 0x00, 
	0x01, 0x00, 0x02, 0x04, 0x01, 0x03, 0x00, 0x09, 0x08, 0x00, 0x01, 
	0x03, 0x00, 0x09, 0x08, 0x00, 0x01, 0x00, 0x02, 0x04, 0x01, 0x06, 
	0x03, 0x00, 0x09, 0x00, 0x00, 0x01, 0x00, 0x02, 0x04, 0x03, 0x06, 
	0x03, 0x00, 0x09, 0x04, 0x00, 0x01, 0x00, 0x02, 0x04, 0x05, 0x03, 
	0x00, 0x09, 0x04, 0x00, 0x01, 0x00, 0x02, 0x04, 0x07, 0x03, 0x00, 
	0x09, 0x08, 0x00, 0x01, 0x03, 0x00, 0x09, 0x04, 0x00, 0x01, 0x03, 
	0x00, 0x09, 0x00, 0x00, 0x01, 0x00, 0x02, 0x04, 0x07, 0x06, 0x03, 
	0x00, 0x09, 0x00, 0x00, 0x01, 0x06, 0x03, 0x00, 0x09, 0x04, 0x00, 
	0x01, 0x00, 0x02, 0x04, 0x07, 0x06, 0x03, 0x00, 0x09, 0x00, 0x00, 
	0x01, 0x06, 0x03, 0x00, 0x09, 0x14, 0x00, 0x01, 0x00, 0x02, 0x04, 
	0x07, 0x06, 0x03, 0x00, 0x09, 0x00, 0x00, 0x01, 0x06, 0x03, 0x00, 
	0x09, 0x08, 0x00, 0x01, 0x00, 0x02, 0x04, 0x07, 0x06, 0x03, 0x00, 
	0x09, 0x00, 0x00, 0x01, 0x00, 0x02, 0x04, 0x08, 0x06, 0x03, 0x00, 
	0x09, 0x04, 0x00, 0x01, 0x03, 0x00, 0x09, 0x08, 0x00, 0x01, 0x00, 
	0x02, 0x04, 0x08, 0x06, 0x03, 0x00, 0x09, 0x00, 0x00, 0x01, 0x00, 
	0x02, 0x04, 0x0a, 0x06, 0x03, 0x00, 0x09, 0x04, 0x00, 0x01, 0x00, 
	0x02, 0x04, 0x0c, 0x03, 0x00, 0x09, 0x04, 0x00, 0x01, 0x00, 0x02, 
	0x04, 0x0e, 0x03, 0x00, 0x09, 0x08, 0x00, 0x01, 0x03, 0x00, 0x09, 
	0x0c, 0x00, 0x01, 0x03, 0x00, 0x09, 0x00, 0x00, 0x01, 0x03, 0x00, 
	0x09, 0x00, 0x00, 0x01, 0x03, 0x01, 0x09, 0x00, 0x00, 0x01, 0x03, 
	0x00, 0x09, 0x00, 0x00, 0x01, 0x03, 0x00, 0x09, 0x00, 0x00, 0x01, 
	0x03, 0x00, 0x09, 0x00, 0x00, 0x01, 0x03, 0x00, 0x09, 0x10, 0x00, 
	0x01, 0x03, 0x00, 0x09, 0x04, 0x00, 0x01, 0x03, 0x00, 0x09, 0x04, 
	0x00, 0x01, 0x03, 0x00, 0x09, 0x00, 0x00, 0x01, 0x03, 0x00, 0x09, 
	0x04, 0x00, 0x01, 0x03, 0x00, 0x09, 0x00, 0x00, 0x01, 0x03, 0x00, 
	0x09, 0x04, 0x00, 0x01, 0x03, 0x00, 0x09, 0x08, 0x00, 0x01, 0x03, 
	0x00, 0x09, 0x04, 0x00, 0x01, 0x03, 0x00, 0x09, 0x08, 0x00, 0x01, 
	0x00, 0x02, 0x04, 0x01, 0x03, 0x00, 0x09, 0x04, 0x00, 0x01, 0x00, 
	0x02, 0x04, 0x03, 0x03, 0x00, 0x09, 0x08, 0x00, 0x01, 0x03, 0x00, 
	0x09, 0x14, 0x00, 0x01, 0x00, 0x02, 0x04, 0x03, 0x06, 0x03, 0x00, 
	0x09, 0x00, 0x00, 0x01, 0x06, 0x03, 0x00, 0x09, 0x04, 0x00, 0x01, 
	0x03, 0x02, 0x09, 0x00, 0x00, 0x01, 0x05, 0x0b, 0x06, 0x03, 0x00, 
	0x09, 0x00, 0x00, 0x01, 0x05, 0x14, 0x00, 0x02, 0x04, 0x01, 0x03, 
	0x00, 0x09, 0x04, 0x00, 0x01, 0x05, 0x21, 0x00, 0x02, 0x04, 0x02, 
	0x03, 0x00, 0x09, 0x04, 0x00, 0x01, 0x05, 0x05, 0x06, 0x03, 0x02, 
	0x09, 0x04, 0x00, 0x01, 0x03, 0x01, 0x09, 0x00, 0x00, 0x01, 0x03, 
	0x00, 0x09, 0x00, 0x00, 0x01, 0x03, 0x00, 0x09, 0x00, 0x00, 0x01, 
	0x03, 0x00, 0x09, 0x10, 0x00, 0x01, 0x03, 0x00, 0x09, 0x04, 0x00, 
	0x01, 0x00, 0x02, 0x04, 0x01, 0x03, 0x00, 0x09, 0x00, 0x00, 0x01, 
	0x05, 0x08, 0x03, 0x03, 0x09, 0x00, 0x00, 0x01, 0x03, 0x03, 0x09, 
	0x00, 0x00, 0x01, 0x05, 0x05, 0x03, 0x02, 0x09, 0x00, 0x00, 0x01, 
	0x03, 0x00, 0x09, 0x00, 0x00, 0x01, 0x03, 0x00, 0x09, 0x00, 0x00, 
	0x01, 0x03, 0x00, 0x09, 0x04, 0x00, 0x01, 0x03, 0x00, 0x09, 0x0c, 
	0x00, 0x01, 0x03, 0x00, 0x09, 0x00, 0x00, 0x01, 0x03, 0x01, 0x09, 
	0x00, 0x00, 0x01, 0x03, 0x01, 0x09, 0x00, 0x00, 0x01, 0x03, 0x01, 
	0x09, 0x00, 0x00, 0x01, 0x05, 0x14, 0x06, 0x03, 0x7e, 0x09, 0x00, 
	0x00, 0x01, 0x05, 0x20, 0x03, 0x00, 0x09, 0x04, 0x00, 0x01, 0x05, 
	0x0d, 0x03, 0x02, 0x09, 0x04, 0x00, 0x01, 0x05, 0x03, 0x06, 0x03, 
	0x06, 0x09, 0x08, 0x00, 0x01, 0x03, 0x01, 0x09, 0x00, 0x00, 0x01, 
	0x03, 0xd8, 0x00, 0x09, 0x00, 0x00, 0x01, 0x05, 0x01, 0x06, 0x03, 
	0x01, 0x09, 0x00, 0x00, 0x01, 0x09, 0x04, 0x00, 0x00, 0x01, 0x01, 
	0x3b, 0x00, 0x00, 0x00, 0x05, 0x00, 0x04, 0x00, 0x33, 0x00, 0x00, 
	0x00, 0x01, 0x01, 0x01, 0xfb, 0x0e, 0x0d, 0x00, 0x01, 0x01, 0x01, 
	0x01, 0x00, 0x00, 0x00, 0x01, 0x00, 0x00, 0x01, 0x01, 0x01, 0x1f, 
	0x02, 0x26, 0x00, 0x00, 0x00, 0x9b, 0x00, 0x00, 0x00, 0x02, 0x01, 
	0x1f, 0x02, 0x0f, 0x03, 0x1c, 0x00, 0x00, 0x00, 0x01, 0xb7, 0x00, 
	0x00, 0x00, 0x01, 0x1c, 0x00, 0x00, 0x00, 0x01, 0x5f, 0x5f, 0x75, 
	0x64, 0x69, 0x76, 0x64, 0x69, 0x33, 0x00, 0x44, 0x57, 0x73, 0x74, 
	0x72, 0x75, 0x63, 0x74, 0x00, 0x63, 0x6f, 0x6d, 0x70, 0x6c, 0x65, 
	0x78, 0x20, 0x66, 0x6c, 0x6f, 0x61, 0x74, 0x00, 0x73, 0x68, 0x6f, 
	0x72, 0x74, 0x20, 0x69, 0x6e, 0x74, 0x00, 0x44, 0x57, 0x75, 0x6e, 
	0x69, 0x6f, 0x6e, 0x00, 0x5f, 0x5f, 0x64, 0x30, 0x00, 0x5f, 0x5f, 
	0x64, 0x31, 0x00, 0x5f, 0x5f, 0x76, 0x68, 0x00, 0x5f, 0x5f, 0x76, 
	0x6c, 0x00, 0x6c, 0x6f, 0x6e, 0x67, 0x20, 0x6c, 0x6f, 0x6e, 0x67, 
	0x20, 0x69, 0x6e, 0x74, 0x00, 0x6c, 0x6f, 0x6e, 0x67, 0x20, 0x6c, 
	0x6f, 0x6e, 0x67, 0x20, 0x75, 0x6e, 0x73, 0x69, 0x67, 0x6e, 0x65, 
	0x64, 0x20, 0x69, 0x6e, 0x74, 0x00, 0x68, 0x69, 0x67, 0x68, 0x00, 
	0x5f, 0x5f, 0x63, 0x6c, 0x7a, 0x5f, 0x74, 0x61, 0x62, 0x00, 0x63, 
	0x6f, 0x6d, 0x70, 0x6c, 0x65, 0x78, 0x20, 0x5f, 0x46, 0x6c, 0x6f, 
	0x61, 0x74, 0x31, 0x36, 0x00, 0x47, 0x4e, 0x55, 0x20, 0x43, 0x31, 
	0x37, 0x20, 0x31, 0x34, 0x2e, 0x32, 0x2e, 0x30, 0x20, 0x2d, 0x6d, 
	0x63, 0x6d, 0x6f, 0x64, 0x65, 0x6c, 0x3d, 0x6d, 0x65, 0x64, 0x6c, 
	0x6f, 0x77, 0x20, 0x2d, 0x6d, 0x61, 0x62, 0x69, 0x3d, 0x69, 0x6c, 
	0x70, 0x33, 0x32, 0x20, 0x2d, 0x6d, 0x63, 0x6d, 0x6f, 0x64, 0x65, 
	0x6c, 0x3d, 0x6d, 0x65, 0x64, 0x6c, 0x6f, 0x77, 0x20, 0x2d, 0x6d, 
	0x74, 0x75, 0x6e, 0x65, 0x3d, 0x72, 0x6f, 0x63, 0x6b, 0x65, 0x74, 
	0x20, 0x2d, 0x6d, 0x69, 0x73, 0x61, 0x2d, 0x73, 0x70, 0x65, 0x63, 
	0x3d, 0x32, 0x30, 0x31, 0x39, 0x31, 0x32, 0x31, 0x33, 0x20, 0x2d, 
	0x6d, 0x61, 0x72, 0x63, 0x68, 0x3d, 0x72, 0x76, 0x33, 0x32, 0x69, 
	0x6d, 0x20, 0x2d, 0x67, 0x20, 0x2d, 0x4f, 0x73, 0x20, 0x2d, 0x4f, 
	0x32, 0x20, 0x2d, 0x4f, 0x73, 0x20, 0x2d, 0x66, 0x62, 0x75, 0x69, 
	0x6c, 0x64, 0x69, 0x6e, 0x67, 0x2d, 0x6c, 0x69, 0x62, 0x67, 0x63, 
	0x63, 0x20, 0x2d, 0x66, 0x6e, 0x6f, 0x2d, 0x73, 0x74, 0x61, 0x63, 
	0x6b, 0x2d, 0x70, 0x72, 0x6f, 0x74, 0x65, 0x63, 0x74, 0x6f, 0x72, 
	0x20, 0x2d, 0x66, 0x61, 0x73, 0x79, 0x6e, 0x63, 0x68, 0x72, 0x6f, 
	0x6e, 0x6f, 0x75, 0x73, 0x2d, 0x75, 0x6e, 0x77, 0x69, 0x6e, 0x64, 
	0x2d, 0x74, 0x61, 0x62, 0x6c, 0x65, 0x73, 0x20, 0x2d, 0x66, 0x76, 
	0x69, 0x73, 0x69, 0x62, 0x69, 0x6c, 0x69, 0x74, 0x79, 0x3d, 0x68, 
	0x69, 0x64, 0x64, 0x65, 0x6e, 0x00, 0x75, 0x6e, 0x73, 0x69, 0x67, 
	0x6e, 0x65, 0x64, 0x20, 0x63, 0x68, 0x61, 0x72, 0x00, 0x5f, 0x5f, 
	0x78, 0x30, 0x00, 0x5f, 0x5f, 0x78, 0x31, 0x00, 0x5f, 0x5f, 0x78, 
	0x32, 0x00, 0x5f, 0x5f, 0x78, 0x33, 0x00, 0x55, 0x51, 0x49, 0x74, 
	0x79, 0x70, 0x65, 0x00, 0x73, 0x68, 0x6f, 0x72, 0x74, 0x20, 0x75, 
	0x6e, 0x73, 0x69, 0x67, 0x6e, 0x65, 0x64, 0x20, 0x69, 0x6e, 0x74, 
	0x00, 0x55, 0x44, 0x49, 0x74, 0x79, 0x70, 0x65, 0x00, 0x55, 0x53, 
	0x49, 0x74, 0x79, 0x70, 0x65, 0x00, 0x5f, 0x5f, 0x71, 0x30, 0x00, 
	0x5f, 0x5f, 0x71, 0x31, 0x00, 0x5f, 0x42, 0x6f, 0x6f, 0x6c, 0x00, 
	0x63, 0x6f, 0x6d, 0x70, 0x6c, 0x65, 0x78, 0x20, 0x64, 0x6f, 0x75, 
	0x62, 0x6c, 0x65, 0x00, 0x5f, 0x5f, 0x78, 0x72, 0x00, 0x5f, 0x5f, 
	0x75, 0x64, 0x69, 0x76, 0x6d, 0x6f, 0x64, 0x64, 0x69, 0x34, 0x00, 
	0x63, 0x6f, 0x6d, 0x70, 0x6c, 0x65, 0x78, 0x20, 0x6c, 0x6f, 0x6e, 
	0x67, 0x20, 0x64, 0x6f, 0x75, 0x62, 0x6c, 0x65, 0x00, 0x5f, 0x5f, 
	0x72, 0x30, 0x00, 0x5f, 0x5f, 0x72, 0x31, 0x00, 0x5f, 0x5f, 0x75, 
	0x68, 0x00, 0x5f, 0x5f, 0x75, 0x6c, 0x00, 0x5f, 0x5f, 0x75, 0x6d, 
	0x6f, 0x64, 0x64, 0x69, 0x33, 0x00, 0x47, 0x4e, 0x55, 0x20, 0x43, 
	0x31, 0x37, 0x20, 0x31, 0x34, 0x2e, 0x32, 0x2e, 0x30, 0x20, 0x2d, 
	0x6d, 0x63, 0x6d, 0x6f, 0x64, 0x65, 0x6c, 0x3d, 0x6d, 0x65, 0x64, 
	0x6c, 0x6f, 0x77, 0x20, 0x2d, 0x6d, 0x61, 0x62, 0x69, 0x3d, 0x69, 
	0x6c, 0x70, 0x33, 0x32, 0x20, 0x2d, 0x6d, 0x63, 0x6d, 0x6f, 0x64, 
	0x65, 0x6c, 0x3d, 0x6d, 0x65, 0x64, 0x6c, 0x6f, 0x77, 0x20, 0x2d, 
	0x6d, 0x74, 0x75, 0x6e, 0x65, 0x3d, 0x72, 0x6f, 0x63, 0x6b, 0x65, 
	0x74, 0x20, 0x2d, 0x6d, 0x69, 0x73, 0x61, 0x2d, 0x73, 0x70, 0x65, 
	0x63, 0x3d, 0x32, 0x30, 0x31, 0x39, 0x31, 0x32, 0x31, 0x33, 0x20, 
	0x2d, 0x6d, 0x61, 0x72, 0x63, 0x68, 0x3d, 0x72, 0x76, 0x33, 0x32, 
	0x69, 0x6d, 0x20, 0x2d, 0x67, 0x20, 0x2d, 0x4f, 0x73, 0x20, 0x2d, 
	0x4f, 0x32, 0x20, 0x2d, 0x4f, 0x73, 0x20, 0x2d, 0x66, 0x62, 0x75, 
	0x69, 0x6c, 0x64, 0x69, 0x6e, 0x67, 0x2d, 0x6c, 0x69, 0x62, 0x67, 
	0x63, 0x63, 0x20, 0x2d, 0x66, 0x6e, 0x6f, 0x2d, 0x73, 0x74, 0x61, 
	0x63, 0x6b, 0x2d, 0x70, 0x72, 0x6f, 0x74, 0x65, 0x63, 0x74, 0x6f, 
	0x72, 0x20, 0x2d, 0x66, 0x76, 0x69, 0x73, 0x69, 0x62, 0x69, 0x6c, 
	0x69, 0x74, 0x79, 0x3d, 0x68, 0x69, 0x64, 0x64, 0x65, 0x6e, 0x00, 
	0x2e, 0x2e, 0x2f, 0x2e, 0x2e, 0x2f, 0x2e, 0x2e, 0x2f, 0x2e, 0x2e, 
	0x2f, 0x2e, 0x2e, 0x2f, 0x2e, 0x2f, 0x67, 0x63, 0x63, 0x2f, 0x6c, 
	0x69, 0x62, 0x67, 0x63, 0x63, 0x2f, 0x6c, 0x69, 0x62, 0x67, 0x63, 
	0x63, 0x32, 0x2e, 0x63, 0x00, 0x2f, 0x68, 0x6f, 0x6d, 0x65, 0x2f, 
	0x61, 0x6c, 0x69, 0x73, 0x68, 0x65, 0x72, 0x2f, 0x44, 0x6f, 0x63, 
	0x75, 0x6d, 0x65, 0x6e, 0x74, 0x73, 0x2f, 0x43, 0x41, 0x50, 0x53, 
	0x54, 0x4f, 0x4e, 0x45, 0x2f, 0x72, 0x69, 0x73, 0x63, 0x76, 0x2d, 
	0x67, 0x6e, 0x75, 0x2d, 0x74, 0x6f, 0x6f, 0x6c, 0x63, 0x68, 0x61, 
	0x69, 0x6e, 0x2f, 0x62, 0x75, 0x69, 0x6c, 0x64, 0x2d, 0x67, 0x63, 
	0x63, 0x2d, 0x6e, 0x65, 0x77, 0x6c, 0x69, 0x62, 0x2d, 0x73, 0x74, 
	0x61, 0x67, 0x65, 0x32, 0x2f, 0x72, 0x69, 0x73, 0x63, 0x76, 0x33, 
	0x32, 0x2d, 0x75, 0x6e, 0x6b, 0x6e, 0x6f, 0x77, 0x6e, 0x2d, 0x65, 
	0x6c, 0x66, 0x2f, 0x72, 0x76, 0x33, 0x32, 0x69, 0x6d, 0x2f, 0x69, 
	0x6c, 0x70, 0x33, 0x32, 0x2f, 0x6c, 0x69, 0x62, 0x67, 0x63, 0x63, 
	0x00, 0x2e, 0x2e, 0x2f, 0x2e, 0x2e, 0x2f, 0x2e, 0x2e, 0x2f, 0x2e, 
	0x2e, 0x2f, 0x2e, 0x2e, 0x2f, 0x2e, 0x2f, 0x67, 0x63, 0x63, 0x2f, 
	0x6c, 0x69, 0x62, 0x67, 0x63, 0x63, 0x00, 0x6c, 0x69, 0x62, 0x67, 
	0x63, 0x63, 0x32, 0x2e, 0x68, 0x00, 0x00, 0x00, 0x00, 0x00, 0x00, 
	0x00, 0x00, 0x00, 0x00, 0x00, 0x00, 0x00, 0x00, 0x00, 0x00, 0x00, 
	0x00, 0x00, 0x00, 0x00, 0x00, 0x00, 0x00, 0x00, 0x40, 0x00, 0x00, 
	0x00, 0x00, 0x03, 0x00, 0x01, 0x00, 0x00, 0x00, 0x00, 0x00, 0x00, 
	0x10, 0x00, 0x40, 0x00, 0x00, 0x00, 0x00, 0x03, 0x00, 0x02, 0x00, 
	0x00, 0x00, 0x00, 0x00, 0x00, 0x20, 0x00, 0x40, 0x00, 0x00, 0x00, 
	0x00, 0x03, 0x00, 0x03, 0x00, 0x00, 0x00, 0x00, 0x00, 0xc8, 0x34, 
	0x00, 0x40, 0x00, 0x00, 0x00, 0x00, 0x03, 0x00, 0x04, 0x00, 0x00, 
	0x00, 0x00, 0x00, 0xb0, 0x35, 0x00, 0x40, 0x00, 0x00, 0x00, 0x00, 
	0x03, 0x00, 0x05, 0x00, 0x00, 0x00, 0x00, 0x00, 0x10, 0x36, 0x00, 
	0x40, 0x00, 0x00, 0x00, 0x00, 0x03, 0x00, 0x06, 0x00, 0x00, 0x00, 
	0x00, 0x00, 0x68, 0x38, 0x00, 0x40, 0x00, 0x00, 0x00, 0x00, 0x03, 
	0x00, 0x07, 0x00, 0x00, 0x00, 0x00, 0x00, 0xa4, 0x38, 0x00, 0x40, 
	0x00, 0x00, 0x00, 0x00, 0x03, 0x00, 0x08, 0x00, 0x00, 0x00, 0x00, 
	0x00, 0xb4, 0x46, 0x00, 0x40, 0x00, 0x00, 0x00, 0x00, 0x03, 0x00, 
	0x09, 0x00, 0x00, 0x00, 0x00, 0x00, 0xbc, 0x46, 0x00, 0x40, 0x00, 
	0x00, 0x00, 0x00, 0x03, 0x00, 0x0a, 0x00, 0x00, 0x00, 0x00, 0x00, 
	0x00, 0x00, 0x00, 0x00, 0x00, 0x00, 0x00, 0x00, 0x03, 0x00, 0x0b, 
	0x00, 0x00, 0x00, 0x00, 0x00, 0x00, 0x00, 0x00, 0x00, 0x00, 0x00, 
	0x00, 0x00, 0x03, 0x00, 0x0c, 0x00, 0x00, 0x00, 0x00, 0x00, 0x00, 
	0x00, 0x00, 0x00, 0x00, 0x00, 0x00, 0x00, 0x03, 0x00, 0x0d, 0x00, 
	0x00, 0x00, 0x00, 0x00, 0x00, 0x00, 0x00, 0x00, 0x00, 0x00, 0x00, 
	0x00, 0x03, 0x00, 0x0e, 0x00, 0x00, 0x00, 0x00, 0x00, 0x00, 0x00, 
	0x00, 0x00, 0x00, 0x00, 0x00, 0x00, 0x03, 0x00, 0x0f, 0x00, 0x00, 
	0x00, 0x00, 0x00, 0x00, 0x00, 0x00, 0x00, 0x00, 0x00, 0x00, 0x00, 
	0x03, 0x00, 0x10, 0x00, 0x00, 0x00, 0x00, 0x00, 0x00, 0x00, 0x00, 
	0x00, 0x00, 0x00, 0x00, 0x00, 0x03, 0x00, 0x11, 0x00, 0x00, 0x00, 
	0x00, 0x00, 0x00, 0x00, 0x00, 0x00, 0x00, 0x00, 0x00, 0x00, 0x03, 
	0x00, 0x12, 0x00, 0x00, 0x00, 0x00, 0x00, 0x00, 0x00, 0x00, 0x00, 
	0x00, 0x00, 0x00, 0x00, 0x03, 0x00, 0x13, 0x00, 0x00, 0x00, 0x00, 
	0x00, 0x00, 0x00, 0x00, 0x00, 0x00, 0x00, 0x00, 0x00, 0x03, 0x00, 
	0x14, 0x00, 0x01, 0x00, 0x00, 0x00, 0x00, 0x00, 0x00, 0x00, 0x00, 
	0x00, 0x00, 0x00, 0x04, 0x00, 0xf1, 0xff, 0x0c, 0x00, 0x00, 0x00, 
	0x00, 0x00, 0x00, 0x40, 0x00, 0x00, 0x00, 0x00, 0x00, 0x00, 0x01, 
	0x00, 0x2e, 0x00, 0x00, 0x00, 0xdc, 0x00, 0x00, 0x40, 0x00, 0x00, 
	0x00, 0x00, 0x00, 0x00, 0x01, 0x00, 0x39, 0x00, 0x00, 0x00, 0x00, 
	0x00, 0x00, 0x00, 0x00, 0x00, 0x00, 0x00, 0x04, 0x00, 0xf1, 0xff, 
	0x0c, 0x00, 0x00, 0x00, 0x00, 0x20, 0x00, 0x40, 0x00, 0x00, 0x00, 
	0x00, 0x00, 0x00, 0x03, 0x00, 0x0c, 0x00, 0x00, 0x00, 0xc8, 0x34, 
	0x00, 0x40, 0x00, 0x00, 0x00, 0x00, 0x00, 0x00, 0x04, 0x00, 0x46, 
	0x00, 0x00, 0x00, 0x00, 0x00, 0x00, 0x00, 0x00, 0x00, 0x00, 0x00, 
	0x04, 0x00, 0xf1, 0xff, 0x0c, 0x00, 0x00, 0x00, 0x30, 0x20, 0x00, 
	0x40, 0x00, 0x00, 0x00, 0x00, 0x00, 0x00, 0x03, 0x00, 0x4c, 0x00, 
	0x00, 0x00, 0x00, 0x00, 0x00, 0x00, 0x00, 0x00, 0x00, 0x00, 0x04, 
	0x00, 0xf1, 0xff, 0x0c, 0x00, 0x00, 0x00, 0xe8, 0x21, 0x00, 0x40, 
	0x00, 0x00, 0x00, 0x00, 0x00, 0x00, 0x03, 0x00, 0x57, 0x00, 0x00, 
	0x00, 0x0c, 0x22, 0x00, 0x40, 0xd0, 0x04, 0x00, 0x00, 0x02, 0x00, 
	0x03, 0x00, 0x61, 0x00, 0x00, 0x00, 0xdc, 0x26, 0x00, 0x40, 0x18, 
	0x00, 0x00, 0x00, 0x02, 0x00, 0x03, 0x00, 0x0c, 0x00, 0x00, 0x00, 
	0x8c, 0x35, 0x00, 0x40, 0x00, 0x00, 0x00, 0x00, 0x00, 0x00, 0x04, 
	0x00, 0x71, 0x00, 0x00, 0x00, 0x00, 0x00, 0x00, 0x00, 0x00, 0x00, 
	0x00, 0x00, 0x04, 0x00, 0xf1, 0xff, 0x7b, 0x00, 0x00, 0x00, 0xbc, 
	0x2c, 0x00, 0x40, 0x00, 0x00, 0x00, 0x00, 0x00, 0x00, 0x03, 0x00, 
	0x71, 0x00, 0x00, 0x00, 0x00, 0x00, 0x00, 0x00, 0x00, 0x00, 0x00, 
	0x00, 0x04, 0x00, 0xf1, 0xff, 0x7b, 0x00, 0x00, 0x00, 0xe8, 0x30, 
	0x00, 0x40, 0x00, 0x00, 0x00, 0x00, 0x00, 0x00, 0x03, 0x00, 0x71, 
	0x00, 0x00, 0x00, 0x00, 0x00, 0x00, 0x00, 0x00, 0x00, 0x00, 0x00, 
	0x04, 0x00, 0xf1, 0xff, 0x94, 0x00, 0x00, 0x00, 0xe8, 0x21, 0x00, 
	0x40, 0x24, 0x00, 0x00, 0x00, 0x12, 0x00, 0x03, 0x00, 0x9c, 0x00, 
	0x00, 0x00, 0x08, 0x2c, 0x00, 0x40, 0x1c, 0x00, 0x00, 0x00, 0x12, 
	0x00, 0x03, 0x00, 0xa3, 0x00, 0x00, 0x00, 0xbc, 0x27, 0x00, 0x40, 
	0x3c, 0x00, 0x00, 0x00, 0x12, 0x00, 0x03, 0x00, 0x6b, 0x01, 0x00, 
	0x00, 0x9c, 0x28, 0x00, 0x40, 0x54, 0x00, 0x00, 0x00, 0x12, 0x00, 
	0x03, 0x00, 0xac, 0x00, 0x00, 0x00, 0xb4, 0x4e, 0x00, 0x40, 0x00, 
	0x00, 0x00, 0x00, 0x10, 0x00, 0x09, 0x00, 0xbe, 0x00, 0x00, 0x00, 
	0x24, 0x2c, 0x00, 0x40, 0x98, 0x00, 0x00, 0x00, 0x12, 0x00, 0x03, 
	0x00, 0xc3, 0x00, 0x00, 0x00, 0x5c, 0x29, 0x00, 0x40, 0xd0, 0x00, 
	0x00, 0x00, 0x12, 0x00, 0x03, 0x00, 0xca, 0x00, 0x00, 0x00, 0x74, 
	0x27, 0x00, 0x40, 0x20, 0x00, 0x00, 0x00, 0x22, 0x00, 0x03, 0x00, 
	0xd6, 0x00, 0x00, 0x00, 0x00, 0x20, 0x00, 0x40, 0x30, 0x00, 0x00, 
	0x00, 0x12, 0x00, 0x03, 0x00, 0xdc, 0x00, 0x00, 0x00, 0xb8, 0x20, 
	0x00, 0x40, 0x54, 0x00, 0x00, 0x00, 0x12, 0x00, 0x03, 0x00, 0xe8, 
	0x00, 0x00, 0x00, 0x30, 0x20, 0x00, 0x40, 0x10, 0x00, 0x00, 0x00, 
	0x12, 0x00, 0x03, 0x00, 0xf2, 0x00, 0x00, 0x00, 0xa4, 0x38, 0x00, 
	0x40, 0xb0, 0x04, 0x00, 0x00, 0x11, 0x00, 0x08, 0x00, 0xfe, 0x00, 
	0x00, 0x00, 0x54, 0x3d, 0x00, 0x40, 0xb0, 0x04, 0x00, 0x00, 0x11, 
	0x00, 0x08, 0x00, 0x0a, 0x01, 0x00, 0x00, 0xe8, 0x30, 0x00, 0x40, 
	0xe0, 0x03, 0x00, 0x00, 0x12, 0x02, 0x03, 0x00, 0x14, 0x01, 0x00, 
	0x00, 0xbc, 0x2c, 0x00, 0x40, 0x2c, 0x04, 0x00, 0x00, 0x12, 0x02, 
	0x03, 0x00, 0x1e, 0x01, 0x00, 0x00, 0xa0, 0x27, 0x00, 0x40, 0x1c, 
	0x00, 0x00, 0x00, 0x12, 0x00, 0x03, 0x00, 0x24, 0x01, 0x00, 0x00, 
	0x88, 0x2a, 0x00, 0x40, 0x00, 0x01, 0x00, 0x00, 0x12, 0x00, 0x03, 
	0x00, 0x2a, 0x01, 0x00, 0x00, 0xf4, 0x26, 0x00, 0x40, 0x60, 0x00, 
	0x00, 0x00, 0x12, 0x00, 0x03, 0x00, 0x33, 0x01, 0x00, 0x00, 0xb0, 
	0x2b, 0x00, 0x40, 0x30, 0x00, 0x00, 0x00, 0x12, 0x00, 0x03, 0x00, 
	0x3b, 0x01, 0x00, 0x00, 0x00, 0x00, 0x00, 0x40, 0x00, 0x00, 0x00, 
	0x00, 0x10, 0x00, 0x01, 0x00, 0x42, 0x01, 0x00, 0x00, 0xbc, 0x46, 
	0x00, 0x40, 0x08, 0x00, 0x00, 0x00, 0x11, 0x00, 0x0a, 0x00, 0x4b, 
	0x01, 0x00, 0x00, 0x2c, 0x2a, 0x00, 0x40, 0x5c, 0x00, 0x00, 0x00, 
	0x12, 0x00, 0x03, 0x00, 0x52, 0x01, 0x00, 0x00, 0xc8, 0x34, 0x00, 
	0x40, 0xc4, 0x00, 0x00, 0x00, 0x12, 0x00, 0x04, 0x00, 0x57, 0x01, 
	0x00, 0x00, 0x9c, 0x20, 0x00, 0x40, 0x1c, 0x00, 0x00, 0x00, 0x12, 
	0x00, 0x03, 0x00, 0x63, 0x01, 0x00, 0x00, 0xe0, 0x2b, 0x00, 0x40, 
	0x28, 0x00, 0x00, 0x00, 0x12, 0x00, 0x03, 0x00, 0x6a, 0x01, 0x00, 
	0x00, 0xf0, 0x28, 0x00, 0x40, 0x6c, 0x00, 0x00, 0x00, 0x12, 0x00, 
	0x03, 0x00, 0x72, 0x01, 0x00, 0x00, 0x68, 0x37, 0x00, 0x40, 0x00, 
	0x01, 0x00, 0x00, 0x11, 0x02, 0x06, 0x00, 0x7c, 0x01, 0x00, 0x00, 
	0x04, 0x28, 0x00, 0x40, 0x98, 0x00, 0x00, 0x00, 0x12, 0x00, 0x03, 
	0x00, 0x85, 0x01, 0x00, 0x00, 0xc4, 0x46, 0x00, 0x40, 0x00, 0x00, 
	0x00, 0x00, 0x10, 0x00, 0x0b, 0x00, 0x90, 0x01, 0x00, 0x00, 0x1c, 
	0x21, 0x00, 0x40, 0x6c, 0x00, 0x00, 0x00, 0x12, 0x00, 0x03, 0x00, 
	0x9b, 0x01, 0x00, 0x00, 0x40, 0x20, 0x00, 0x40, 0x5c, 0x00, 0x00, 
	0x00, 0x12, 0x00, 0x03, 0x00, 0x8b, 0x01, 0x00, 0x00, 0xc4, 0x46, 
	0x00, 0x40, 0x00, 0x00, 0x00, 0x00, 0x10, 0x00, 0x0a, 0x00, 0xa4, 
	0x01, 0x00, 0x00, 0x40, 0x10, 0x00, 0x40, 0x00, 0x00, 0x00, 0x00, 
	0x10, 0x00, 0x02, 0x00, 0xad, 0x01, 0x00, 0x00, 0xc4, 0x46, 0x00, 
	0x40, 0x00, 0x00, 0x00, 0x00, 0x10, 0x00, 0x0b, 0x00, 0xba, 0x01, 
	0x00, 0x00, 0x00, 0x10, 0x00, 0x40, 0x00, 0x00, 0x00, 0x00, 0x10, 
	0x00, 0x02, 0x00, 0xc8, 0x01, 0x00, 0x00, 0x94, 0x27, 0x00, 0x40, 
	0x0c, 0x00, 0x00, 0x00, 0x12, 0x00, 0x03, 0x00, 0xc1, 0x01, 0x00, 
	0x00, 0x54, 0x27, 0x00, 0x40, 0x20, 0x00, 0x00, 0x00, 0x12, 0x00, 
	0x03, 0x00, 0xcd, 0x01, 0x00, 0x00, 0x04, 0x42, 0x00, 0x40, 0xb0, 
	0x04, 0x00, 0x00, 0x11, 0x00, 0x08, 0x00, 0xd9, 0x01, 0x00, 0x00, 
	0xc4, 0x46, 0x00, 0x40, 0x00, 0x00, 0x00, 0x00, 0x10, 0x00, 0x0b, 
	0x00, 0xe3, 0x01, 0x00, 0x00, 0x0c, 0x21, 0x00, 0x40, 0x10, 0x00, 
	0x00, 0x00, 0x12, 0x00, 0x03, 0x00, 0xf0, 0x01, 0x00, 0x00, 0x88, 
	0x2b, 0x00, 0x40, 0x28, 0x00, 0x00, 0x00, 0x12, 0x00, 0x03, 0x00, 
	0xf7, 0x01, 0x00, 0x00, 0xb4, 0x46, 0x00, 0x40, 0x08, 0x00, 0x00, 
	0x00, 0x11, 0x00, 0x09, 0x00, 0x05, 0x02, 0x00, 0x00, 0xf8, 0x27, 
	0x00, 0x40, 0x0c, 0x00, 0x00, 0x00, 0x22, 0x00, 0x03, 0x00, 0x12, 
	0x02, 0x00, 0x00, 0x88, 0x21, 0x00, 0x40, 0x60, 0x00, 0x00, 0x00, 
	0x12, 0x00, 0x03, 0x00, 0x00, 0x63, 0x63, 0x4d, 0x54, 0x74, 0x4c, 
	0x59, 0x66, 0x2e, 0x6f, 0x00, 0x24, 0x78, 0x72, 0x76, 0x33, 0x32, 
	0x69, 0x32, 0x70, 0x31, 0x5f, 0x6d, 0x32, 0x70, 0x30, 0x5f, 0x7a, 
	0x69, 0x63, 0x73, 0x72, 0x32, 0x70, 0x30, 0x5f, 0x7a, 0x6d, 0x6d, 
	0x75, 0x6c, 0x31, 0x70, 0x30, 0x00, 0x74, 0x72, 0x61, 0x70, 0x5f, 
	0x65, 0x6e, 0x74, 0x72, 0x79, 0x00, 0x76, 0x76, 0x61, 0x64, 0x64, 
	0x5f, 0x6d, 0x61, 0x69, 0x6e, 0x2e, 0x63, 0x00, 0x50, 0x50, 0x4d, 
	0x2e, 0x63, 0x00, 0x73, 0x79, 0x73, 0x63, 0x61, 0x6c, 0x6c, 0x73, 
	0x2e, 0x63, 0x00, 0x76, 0x70, 0x72, 0x69, 0x6e, 0x74, 0x66, 0x6d, 
	0x74, 0x00, 0x73, 0x70, 0x72, 0x69, 0x6e, 0x74, 0x66, 0x5f, 0x70, 
	0x75, 0x74, 0x63, 0x68, 0x2e, 0x30, 0x00, 0x6c, 0x69, 0x62, 0x67, 
	0x63, 0x63, 0x32, 0x2e, 0x63, 0x00, 0x24, 0x78, 0x72, 0x76, 0x33, 
	0x32, 0x69, 0x32, 0x70, 0x31, 0x5f, 0x6d, 0x32, 0x70, 0x30, 0x5f, 
	0x7a, 0x6d, 0x6d, 0x75, 0x6c, 0x31, 0x70, 0x30, 0x00, 0x70, 0x75, 
	0x74, 0x63, 0x68, 0x61, 0x72, 0x00, 0x73, 0x74, 0x72, 0x63, 0x70, 
	0x79, 0x00, 0x70, 0x72, 0x69, 0x6e, 0x74, 0x73, 0x74, 0x72, 0x00, 
	0x5f, 0x5f, 0x67, 0x6c, 0x6f, 0x62, 0x61, 0x6c, 0x5f, 0x70, 0x6f, 
	0x69, 0x6e, 0x74, 0x65, 0x72, 0x24, 0x00, 0x61, 0x74, 0x6f, 0x6c, 
	0x00, 0x6d, 0x65, 0x6d, 0x63, 0x70, 0x79, 0x00, 0x68, 0x61, 0x6e, 
	0x64, 0x6c, 0x65, 0x5f, 0x74, 0x72, 0x61, 0x70, 0x00, 0x76, 0x76, 
	0x61, 0x64, 0x64, 0x00, 0x77, 0x72, 0x69, 0x74, 0x65, 0x5f, 0x66, 
	0x72, 0x61, 0x6d, 0x65, 0x00, 0x73, 0x65, 0x74, 0x5f, 0x70, 0x69, 
	0x78, 0x65, 0x6c, 0x00, 0x69, 0x6e, 0x70, 0x75, 0x74, 0x31, 0x5f, 
	0x64, 0x61, 0x74, 0x61, 0x00, 0x69, 0x6e, 0x70, 0x75, 0x74, 0x32, 
	0x5f, 0x64, 0x61, 0x74, 0x61, 0x00, 0x5f, 0x5f, 0x75, 0x6d, 0x6f, 
	0x64, 0x64, 0x69, 0x33, 0x00, 0x5f, 0x5f, 0x75, 0x64, 0x69, 0x76, 
	0x64, 0x69, 0x33, 0x00, 0x61, 0x62, 0x6f, 0x72, 0x74, 0x00, 0x5f, 
	0x69, 0x6e, 0x69, 0x74, 0x00, 0x73, 0x65, 0x74, 0x53, 0x74, 0x61, 
	0x74, 0x73, 0x00, 0x73, 0x74, 0x72, 0x6e, 0x6c, 0x65, 0x6e, 0x00, 
	0x5f, 0x73, 0x74, 0x61, 0x72, 0x74, 0x00, 0x63, 0x6f, 0x75, 0x6e, 
	0x74, 0x65, 0x72, 0x73, 0x00, 0x6d, 0x65, 0x6d, 0x73, 0x65, 0x74, 
	0x00, 0x6d, 0x61, 0x69, 0x6e, 0x00, 0x77, 0x72, 0x69, 0x74, 0x65, 
	0x5f, 0x70, 0x69, 0x78, 0x65, 0x6c, 0x00, 0x73, 0x74, 0x72, 0x63, 
	0x6d, 0x70, 0x00, 0x73, 0x70, 0x72, 0x69, 0x6e, 0x74, 0x66, 0x00, 
	0x5f, 0x5f, 0x63, 0x6c, 0x7a, 0x5f, 0x74, 0x61, 0x62, 0x00, 0x70, 
	0x72, 0x69, 0x6e, 0x74, 0x68, 0x65, 0x78, 0x00, 0x5f, 0x74, 0x64, 
	0x61, 0x74, 0x61, 0x5f, 0x65, 0x6e, 0x64, 0x00, 0x64, 0x75, 0x6d, 
	0x70, 0x5f, 0x66, 0x72, 0x61, 0x6d, 0x65, 0x00, 0x73, 0x65, 0x74, 
	0x5f, 0x63, 0x68, 0x61, 0x72, 0x00, 0x66, 0x72, 0x6f, 0x6d, 0x68, 
	0x6f, 0x73, 0x74, 0x00, 0x5f, 0x74, 0x64, 0x61, 0x74, 0x61, 0x5f, 
	0x62, 0x65, 0x67, 0x69, 0x6e, 0x00, 0x74, 0x6f, 0x68, 0x6f, 0x73, 
	0x74, 0x00, 0x74, 0x6f, 0x68, 0x6f, 0x73, 0x74, 0x5f, 0x65, 0x78, 
	0x69, 0x74, 0x00, 0x76, 0x65, 0x72, 0x69, 0x66, 0x79, 0x5f, 0x64, 
	0x61, 0x74, 0x61, 0x00, 0x5f, 0x74, 0x62, 0x73, 0x73, 0x5f, 0x65, 
	0x6e, 0x64, 0x00, 0x67, 0x65, 0x6e, 0x65, 0x72, 0x61, 0x74, 0x65, 
	0x5f, 0x70, 0x70, 0x6d, 0x00, 0x73, 0x74, 0x72, 0x6c, 0x65, 0x6e, 
	0x00, 0x63, 0x6f, 0x75, 0x6e, 0x74, 0x65, 0x72, 0x5f, 0x6e, 0x61, 
	0x6d, 0x65, 0x73, 0x00, 0x74, 0x68, 0x72, 0x65, 0x61, 0x64, 0x5f, 
	0x65, 0x6e, 0x74, 0x72, 0x79, 0x00, 0x77, 0x72, 0x69, 0x74, 0x65, 
	0x5f, 0x66, 0x69, 0x6c, 0x65, 0x6e, 0x61, 0x6d, 0x65, 0x00, 0x00, 
	0x2e, 0x73, 0x79, 0x6d, 0x74, 0x61, 0x62, 0x00, 0x2e, 0x73, 0x74, 
	0x72, 0x74, 0x61, 0x62, 0x00, 0x2e, 0x73, 0x68, 0x73, 0x74, 0x72, 
	0x74, 0x61, 0x62, 0x00, 0x2e, 0x74, 0x65, 0x78, 0x74, 0x2e, 0x69, 
	0x6e, 0x69, 0x74, 0x00, 0x2e, 0x74, 0x6f, 0x68, 0x6f, 0x73, 0x74, 
	0x00, 0x2e, 0x74, 0x65, 0x78, 0x74, 0x00, 0x2e, 0x74, 0x65, 0x78, 
	0x74, 0x2e, 0x73, 0x74, 0x61, 0x72, 0x74, 0x75, 0x70, 0x00, 0x2e, 
	0x72, 0x6f, 0x64, 0x61, 0x74, 0x61, 0x2e, 0x73, 0x74, 0x72, 0x31, 
	0x2e, 0x34, 0x00, 0x2e, 0x72, 0x6f, 0x64, 0x61, 0x74, 0x61, 0x00, 
	0x2e, 0x65, 0x68, 0x5f, 0x66, 0x72, 0x61, 0x6d, 0x65, 0x00, 0x2e, 
	0x64, 0x61, 0x74, 0x61, 0x00, 0x2e, 0x73, 0x64, 0x61, 0x74, 0x61, 
	0x00, 0x2e, 0x73, 0x62, 0x73, 0x73, 0x00, 0x2e, 0x63, 0x6f, 0x6d, 
	0x6d, 0x65, 0x6e, 0x74, 0x00, 0x2e, 0x72, 0x69, 0x73, 0x63, 0x76, 
	0x2e, 0x61, 0x74, 0x74, 0x72, 0x69, 0x62, 0x75, 0x74, 0x65, 0x73, 
	0x00, 0x2e, 0x64, 0x65, 0x62, 0x75, 0x67, 0x5f, 0x69, 0x6e, 0x66, 
	0x6f, 0x00, 0x2e, 0x64, 0x65, 0x62, 0x75, 0x67, 0x5f, 0x61, 0x62, 
	0x62, 0x72, 0x65, 0x76, 0x00, 0x2e, 0x64, 0x65, 0x62, 0x75, 0x67, 
	0x5f, 0x6c, 0x6f, 0x63, 0x6c, 0x69, 0x73, 0x74, 0x73, 0x00, 0x2e, 
	0x64, 0x65, 0x62, 0x75, 0x67, 0x5f, 0x61, 0x72, 0x61, 0x6e, 0x67, 
	0x65, 0x73, 0x00, 0x2e, 0x64, 0x65, 0x62, 0x75, 0x67, 0x5f, 0x72, 
	0x6e, 0x67, 0x6c, 0x69, 0x73, 0x74, 0x73, 0x00, 0x2e, 0x64, 0x65, 
	0x62, 0x75, 0x67, 0x5f, 0x6c, 0x69, 0x6e, 0x65, 0x00, 0x2e, 0x64, 
	0x65, 0x62, 0x75, 0x67, 0x5f, 0x73, 0x74, 0x72, 0x00, 0x2e, 0x64, 
	0x65, 0x62, 0x75, 0x67, 0x5f, 0x6c, 0x69, 0x6e, 0x65, 0x5f, 0x73, 
	0x74, 0x72, 0x00, 0x00, 0x00, 0x00, 0x00, 0x00, 0x00, 0x00, 0x00, 
	0x00, 0x00, 0x00, 0x00, 0x00, 0x00, 0x00, 0x00, 0x00, 0x00, 0x00, 
	0x00, 0x00, 0x00, 0x00, 0x00, 0x00, 0x00, 0x00, 0x00, 0x00, 0x00, 
	0x00, 0x00, 0x00, 0x00, 0x00, 0x00, 0x00, 0x00, 0x00, 0x00, 0x00, 
	0x00, 0x1b, 0x00, 0x00, 0x00, 0x01, 0x00, 0x00, 0x00, 0x06, 0x00, 
	0x00, 0x00, 0x00, 0x00, 0x00, 0x40, 0x00, 0x10, 0x00, 0x00, 0x00, 
	0x02, 0x00, 0x00, 0x00, 0x00, 0x00, 0x00, 0x00, 0x00, 0x00, 0x00, 
	0x04, 0x00, 0x00, 0x00, 0x00, 0x00, 0x00, 0x00, 0x26, 0x00, 0x00, 
	0x00, 0x01, 0x00, 0x00, 0x00, 0x03, 0x00, 0x00, 0x00, 0x00, 0x10, 
	0x00, 0x40, 0x00, 0x20, 0x00, 0x00, 0x48, 0x00, 0x00, 0x00, 0x00, 
	0x00, 0x00, 0x00, 0x00, 0x00, 0x00, 0x00, 0x40, 0x00, 0x00, 0x00, 
	0x00, 0x00, 0x00, 0x00, 0x2e, 0x00, 0x00, 0x00, 0x01, 0x00, 0x00, 
	0x00, 0x06, 0x00, 0x00, 0x00, 0x00, 0x20, 0x00, 0x40, 0x00, 0x30, 
	0x00, 0x00, 0xc8, 0x14, 0x00, 0x00, 0x00, 0x00, 0x00, 0x00, 0x00, 
	0x00, 0x00, 0x00, 0x04, 0x00, 0x00, 0x00, 0x00, 0x00, 0x00, 0x00, 
	0x34, 0x00, 0x00, 0x00, 0x01, 0x00, 0x00, 0x00, 0x06, 0x00, 0x00, 
	0x00, 0xc8, 0x34, 0x00, 0x40, 0xc8, 0x44, 0x00, 0x00, 0xe8, 0x00, 
	0x00, 0x00, 0x00, 0x00, 0x00, 0x00, 0x00, 0x00, 0x00, 0x00, 0x04, 
	0x00, 0x00, 0x00, 0x00, 0x00, 0x00, 0x00, 0x42, 0x00, 0x00, 0x00, 
	0x01, 0x00, 0x00, 0x00, 0x32, 0x00, 0x00, 0x00, 0xb0, 0x35, 0x00, 
	0x40, 0xb0, 0x45, 0x00, 0x00, 0x5e, 0x00, 0x00, 0x00, 0x00, 0x00, 
	0x00, 0x00, 0x00, 0x00, 0x00, 0x00, 0x04, 0x00, 0x00, 0x00, 0x01, 
	0x00, 0x00, 0x00, 0x51, 0x00, 0x00, 0x00, 0x01, 0x00, 0x00, 0x00, 
	0x02, 0x00, 0x00, 0x00, 0x10, 0x36, 0x00, 0x40, 0x10, 0x46, 0x00, 
	0x00, 0x58, 0x02, 0x00, 0x00, 0x00, 0x00, 0x00, 0x00, 0x00, 0x00, 
	0x00, 0x00, 0x04, 0x00, 0x00, 0x00, 0x00, 0x00, 0x00, 0x00, 0x59, 
	0x00, 0x00, 0x00, 0x01, 0x00, 0x00, 0x00, 0x02, 0x00, 0x00, 0x00, 
	0x68, 0x38, 0x00, 0x40, 0x68, 0x48, 0x00, 0x00, 0x3c, 0x00, 0x00, 
	0x00, 0x00, 0x00, 0x00, 0x00, 0x00, 0x00, 0x00, 0x00, 0x04, 0x00, 
	0x00, 0x00, 0x00, 0x00, 0x00, 0x00, 0x63, 0x00, 0x00, 0x00, 0x01, 
	0x00, 0x00, 0x00, 0x03, 0x00, 0x00, 0x00, 0xa4, 0x38, 0x00, 0x40, 
	0xa4, 0x48, 0x00, 0x00, 0x10, 0x0e, 0x00, 0x00, 0x00, 0x00, 0x00, 
	0x00, 0x00, 0x00, 0x00, 0x00, 0x04, 0x00, 0x00, 0x00, 0x00, 0x00, 
	0x00, 0x00, 0x69, 0x00, 0x00, 0x00, 0x01, 0x00, 0x00, 0x00, 0x03, 
	0x00, 0x00, 0x00, 0xb4, 0x46, 0x00, 0x40, 0xb4, 0x56, 0x00, 0x00, 
	0x08, 0x00, 0x00, 0x00, 0x00, 0x00, 0x00, 0x00, 0x00, 0x00, 0x00, 
	0x00, 0x04, 0x00, 0x00, 0x00, 0x00, 0x00, 0x00, 0x00, 0x70, 0x00, 
	0x00, 0x00, 0x08, 0x00, 0x00, 0x00, 0x03, 0x00, 0x00, 0x00, 0xbc, 
	0x46, 0x00, 0x40, 0xbc, 0x56, 0x00, 0x00, 0x08, 0x00, 0x00, 0x00, 
	0x00, 0x00, 0x00, 0x00, 0x00, 0x00, 0x00, 0x00, 0x04, 0x00, 0x00, 
	0x00, 0x00, 0x00, 0x00, 0x00, 0x76, 0x00, 0x00, 0x00, 0x01, 0x00, 
	0x00, 0x00, 0x30, 0x00, 0x00, 0x00, 0x00, 0x00, 0x00, 0x00, 0xbc, 
	0x56, 0x00, 0x00, 0x1b, 0x00, 0x00, 0x00, 0x00, 0x00, 0x00, 0x00, 
	0x00, 0x00, 0x00, 0x00, 0x01, 0x00, 0x00, 0x00, 0x01, 0x00, 0x00, 
	0x00, 0x7f, 0x00, 0x00, 0x00, 0x03, 0x00, 0x00, 0x70, 0x00, 0x00, 
	0x00, 0x00, 0x00, 0x00, 0x00, 0x00, 0xd7, 0x56, 0x00, 0x00, 0x37, 
	0x00, 0x00, 0x00, 0x00, 0x00, 0x00, 0x00, 0x00, 0x00, 0x00, 0x00, 
	0x01, 0x00, 0x00, 0x00, 0x00, 0x00, 0x00, 0x00, 0x91, 0x00, 0x00, 
	0x00, 0x01, 0x00, 0x00, 0x00, 0x00, 0x00, 0x00, 0x00, 0x00, 0x00, 
	0x00, 0x00, 0x0e, 0x57, 0x00, 0x00, 0x26, 0x10, 0x00, 0x00, 0x00, 
	0x00, 0x00, 0x00, 0x00, 0x00, 0x00, 0x00, 0x01, 0x00, 0x00, 0x00, 
	0x00, 0x00, 0x00, 0x00, 0x9d, 0x00, 0x00, 0x00, 0x01, 0x00, 0x00, 
	0x00, 0x00, 0x00, 0x00, 0x00, 0x00, 0x00, 0x00, 0x00, 0x34, 0x67, 
	0x00, 0x00, 0xc0, 0x03, 0x00, 0x00, 0x00, 0x00, 0x00, 0x00, 0x00, 
	0x00, 0x00, 0x00, 0x01, 0x00, 0x00, 0x00, 0x00, 0x00, 0x00, 0x00, 
	0xab, 0x00, 0x00, 0x00, 0x01, 0x00, 0x00, 0x00, 0x00, 0x00, 0x00, 
	0x00, 0x00, 0x00, 0x00, 0x00, 0xf4, 0x6a, 0x00, 0x00, 0xd3, 0x0b, 
	0x00, 0x00, 0x00, 0x00, 0x00, 0x00, 0x00, 0x00, 0x00, 0x00, 0x01, 
	0x00, 0x00, 0x00, 0x00, 0x00, 0x00, 0x00, 0xbb, 0x00, 0x00, 0x00, 
	0x01, 0x00, 0x00, 0x00, 0x00, 0x00, 0x00, 0x00, 0x00, 0x00, 0x00, 
	0x00, 0xc7, 0x76, 0x00, 0x00, 0x58, 0x00, 0x00, 0x00, 0x00, 0x00, 
	0x00, 0x00, 0x00, 0x00, 0x00, 0x00, 0x01, 0x00, 0x00, 0x00, 0x00, 
	0x00, 0x00, 0x00, 0xca, 0x00, 0x00, 0x00, 0x01, 0x00, 0x00, 0x00, 
	0x00, 0x00, 0x00, 0x00, 0x00, 0x00, 0x00, 0x00, 0x1f, 0x77, 0x00, 
	0x00, 0xe5, 0x00, 0x00, 0x00, 0x00, 0x00, 0x00, 0x00, 0x00, 0x00, 
	0x00, 0x00, 0x01, 0x00, 0x00, 0x00, 0x00, 0x00, 0x00, 0x00, 0xda, 
	0x00, 0x00, 0x00, 0x01, 0x00, 0x00, 0x00, 0x00, 0x00, 0x00, 0x00, 
	0x00, 0x00, 0x00, 0x00, 0x04, 0x78, 0x00, 0x00, 0x47, 0x13, 0x00, 
	0x00, 0x00, 0x00, 0x00, 0x00, 0x00, 0x00, 0x00, 0x00, 0x01, 0x00, 
	0x00, 0x00, 0x00, 0x00, 0x00, 0x00, 0xe6, 0x00, 0x00, 0x00, 0x01, 
	0x00, 0x00, 0x00, 0x30, 0x00, 0x00, 0x00, 0x00, 0x00, 0x00, 0x00, 
	0x4b, 0x8b, 0x00, 0x00, 0xc3, 0x02, 0x00, 0x00, 0x00, 0x00, 0x00, 
	0x00, 0x00, 0x00, 0x00, 0x00, 0x01, 0x00, 0x00, 0x00, 0x01, 0x00, 
	0x00, 0x00, 0xf1, 0x00, 0x00, 0x00, 0x01, 0x00, 0x00, 0x00, 0x30, 
	0x00, 0x00, 0x00, 0x00, 0x00, 0x00, 0x00, 0x0e, 0x8e, 0x00, 0x00, 
	0xc1, 0x00, 0x00, 0x00, 0x00, 0x00, 0x00, 0x00, 0x00, 0x00, 0x00, 
	0x00, 0x01, 0x00, 0x00, 0x00, 0x01, 0x00, 0x00, 0x00, 0x01, 0x00, 
	0x00, 0x00, 0x02, 0x00, 0x00, 0x00, 0x00, 0x00, 0x00, 0x00, 0x00, 
	0x00, 0x00, 0x00, 0xd0, 0x8e, 0x00, 0x00, 0x30, 0x05, 0x00, 0x00, 
	0x16, 0x00, 0x00, 0x00, 0x27, 0x00, 0x00, 0x00, 0x04, 0x00, 0x00, 
	0x00, 0x10, 0x00, 0x00, 0x00, 0x09, 0x00, 0x00, 0x00, 0x03, 0x00, 
	0x00, 0x00, 0x00, 0x00, 0x00, 0x00, 0x00, 0x00, 0x00, 0x00, 0x00, 
	0x94, 0x00, 0x00, 0x21, 0x02, 0x00, 0x00, 0x00, 0x00, 0x00, 0x00, 
	0x00, 0x00, 0x00, 0x00, 0x01, 0x00, 0x00, 0x00, 0x00, 0x00, 0x00, 
	0x00, 0x11, 0x00, 0x00, 0x00, 0x03, 0x00, 0x00, 0x00, 0x00, 0x00, 
	0x00, 0x00, 0x00, 0x00, 0x00, 0x00, 0x21, 0x96, 0x00, 0x00, 0x01, 
	0x01, 0x00, 0x00, 0x00, 0x00, 0x00, 0x00, 0x00, 0x00, 0x00, 0x00, 
	0x01, 0x00, 0x00, 0x00, 0x00, 0x00, 0x00, 0x00
};

const int vvadd_bin_length = 39652;
