13:08:03 INFO  : updated workspace path: /mnt/Storage/SCHOOL/Capstone/bringup/ChaosCore-FPGA/RV32RocketFPGAConfig/RV32Rocket
13:08:03 INFO  : created .gitignore file for the project /mnt/Storage/SCHOOL/Capstone/bringup/ChaosCore-FPGA/RV32RocketFPGAConfig/RV32Rocket
13:08:03 INFO  : bash, -c, source /tools/Xilinx/Vitis/2024.2/tps/lnx64/lopper-1.1.0/env/bin/activate && python /tools/Xilinx/Vitis/2024.2/data/embeddedsw/scripts/pyesw//repo.py -st   /tools/Xilinx/Vitis/2024.2/data/embeddedsw && deactivate
13:08:04 INFO  : Successfully created repository data at /mnt/Storage/SCHOOL/Capstone/bringup/ChaosCore-FPGA/RV32RocketFPGAConfig/RV32Rocket/_ide/.wsdata
13:08:04 INFO  : bash, -c, source /tools/Xilinx/Vitis/2024.2/tps/lnx64/lopper-1.1.0/env/bin/activate && python /tools/Xilinx/Vitis/2024.2/data/embeddedsw/scripts/pyesw//get_template_data.py -d /tmp/rigel_lopper_alisher15227946518666912755 -r /mnt/Storage/SCHOOL/Capstone/bringup/ChaosCore-FPGA/RV32RocketFPGAConfig/RV32Rocket/_ide/.wsdata/.repo.yaml && deactivate
13:08:04 INFO  : Embedded Template List generated successfully
13:08:19 INFO  : Found no platform with name 'BD_wrapper' in install repositories
13:08:20 INFO  : Using sdt generation script from /tools/Xilinx/Vitis/2024.2/vitis-server/scripts/platformutil.tcl
13:08:20 INFO  : bash, -c, source /tools/Xilinx/Vitis/2024.2/tps/lnx64/lopper-1.1.0/env/bin/activate && xsct /tools/Xilinx/Vitis/2024.2/vitis-server/scripts/platformutil.tcl /mnt/Storage/SCHOOL/Capstone/bringup/ChaosCore-FPGA/RV32RocketFPGAConfig/RV32Rocket/BD_wrapper.xsa /mnt/Storage/SCHOOL/Capstone/bringup/ChaosCore-FPGA/RV32RocketFPGAConfig/RV32Rocket/.rigel_lopper_temp_platform/BD_wrapper/hw/sdt && deactivate
13:08:31 INFO  : SDT generated successfully
13:08:31 INFO  : Lopper command for cpu List generation: lopper --enhanced --werror -f -O /mnt/Storage/SCHOOL/Capstone/bringup/ChaosCore-FPGA/RV32RocketFPGAConfig/RV32Rocket/.rigel_lopper -i /tools/Xilinx/Vitis/2024.2/tps/lnx64/lopper-1.1.0/env/lib/python3.8/site-packages/lopper/lops/lop-cpu-oslist.dts /mnt/Storage/SCHOOL/Capstone/bringup/ChaosCore-FPGA/RV32RocketFPGAConfig/RV32Rocket/.rigel_lopper_temp_platform/BD_wrapper/hw/sdt/system-top.dts
13:08:31 INFO  : bash, -c, source /tools/Xilinx/Vitis/2024.2/tps/lnx64/lopper-1.1.0/env/bin/activate && lopper --enhanced --werror -f -O /mnt/Storage/SCHOOL/Capstone/bringup/ChaosCore-FPGA/RV32RocketFPGAConfig/RV32Rocket/.rigel_lopper -i /tools/Xilinx/Vitis/2024.2/tps/lnx64/lopper-1.1.0/env/lib/python3.8/site-packages/lopper/lops/lop-cpu-oslist.dts /mnt/Storage/SCHOOL/Capstone/bringup/ChaosCore-FPGA/RV32RocketFPGAConfig/RV32Rocket/.rigel_lopper_temp_platform/BD_wrapper/hw/sdt/system-top.dts && deactivate
13:08:32 INFO  : CPU List generated successfully
13:08:34 INFO  : Platform platform creation started.
13:08:34 INFO  : Found no platform with name 'BD_wrapper' in install repositories
13:08:35 INFO  : Lopper command for cpu List generation: lopper --enhanced --werror -f -O /mnt/Storage/SCHOOL/Capstone/bringup/ChaosCore-FPGA/RV32RocketFPGAConfig/RV32Rocket/.rigel_lopper -i /tools/Xilinx/Vitis/2024.2/tps/lnx64/lopper-1.1.0/env/lib/python3.8/site-packages/lopper/lops/lop-cpu-oslist.dts /mnt/Storage/SCHOOL/Capstone/bringup/ChaosCore-FPGA/RV32RocketFPGAConfig/RV32Rocket/platform/hw/sdt/system-top.dts
13:08:35 INFO  : bash, -c, source /tools/Xilinx/Vitis/2024.2/tps/lnx64/lopper-1.1.0/env/bin/activate && lopper --enhanced --werror -f -O /mnt/Storage/SCHOOL/Capstone/bringup/ChaosCore-FPGA/RV32RocketFPGAConfig/RV32Rocket/.rigel_lopper -i /tools/Xilinx/Vitis/2024.2/tps/lnx64/lopper-1.1.0/env/lib/python3.8/site-packages/lopper/lops/lop-cpu-oslist.dts /mnt/Storage/SCHOOL/Capstone/bringup/ChaosCore-FPGA/RV32RocketFPGAConfig/RV32Rocket/platform/hw/sdt/system-top.dts && deactivate
13:08:36 INFO  : CPU List generated successfully
13:08:36 INFO  : SDT generated successfully.
13:08:36 INFO  : created .gitignore file for the project /mnt/Storage/SCHOOL/Capstone/bringup/ChaosCore-FPGA/RV32RocketFPGAConfig/RV32Rocket/platform
13:08:36 INFO  : ZYNQMP: Using the QEMU args from install at  : /tools/Xilinx/Vitis/2024.2/data/emulation/platforms/zynqmp/sw/a53_linux/qemu/qemu_args.txt
13:08:36 INFO  : ZYNQMP: Using the PMUQEMU args from install at  : /tools/Xilinx/Vitis/2024.2/data/emulation/platforms/zynqmp/sw/a53_linux/qemu/pmu_args.txt
13:08:36 INFO  : ZYNQMP: Using the QEMU args from install at  : /tools/Xilinx/Vitis/2024.2/data/emulation/platforms/zynqmp/sw/a53_standalone/qemu/qemu_args.txt
13:08:36 INFO  : ZYNQMP: Using the QEMU args from install at  : /tools/Xilinx/Vitis/2024.2/data/emulation/platforms/zynqmp/sw/a53_standalone/qemu/qemu_args.txt
13:08:36 INFO  : ZYNQMP: Using the PMUQEMU args from install at  : /tools/Xilinx/Vitis/2024.2/data/emulation/platforms/zynqmp/sw/a53_standalone/qemu/pmu_args.txt
13:08:36 INFO  : ZYNQMP: Using the PMUQEMU args from install at  : /tools/Xilinx/Vitis/2024.2/data/emulation/platforms/zynqmp/sw/a53_standalone/qemu/pmu_args.txt
13:08:36 INFO  : lopper command to generate BSP :python /tools/Xilinx/Vitis/2024.2/data/embeddedsw/scripts/pyesw//create_bsp.py -w /mnt/Storage/SCHOOL/Capstone/bringup/ChaosCore-FPGA/RV32RocketFPGAConfig/RV32Rocket/platform/zynqmp_fsbl/zynqmp_fsbl_bsp -p psu_cortexa53_0 -o standalone -s /mnt/Storage/SCHOOL/Capstone/bringup/ChaosCore-FPGA/RV32RocketFPGAConfig/RV32Rocket/platform/hw/sdt/system-top.dts -t zynqmp_fsbl -r /mnt/Storage/SCHOOL/Capstone/bringup/ChaosCore-FPGA/RV32RocketFPGAConfig/RV32Rocket/_ide/.wsdata/.repo.yaml
13:08:36 INFO  : bash, -c, source /tools/Xilinx/Vitis/2024.2/tps/lnx64/lopper-1.1.0/env/bin/activate && python /tools/Xilinx/Vitis/2024.2/data/embeddedsw/scripts/pyesw//create_bsp.py -w /mnt/Storage/SCHOOL/Capstone/bringup/ChaosCore-FPGA/RV32RocketFPGAConfig/RV32Rocket/platform/zynqmp_fsbl/zynqmp_fsbl_bsp -p psu_cortexa53_0 -o standalone -s /mnt/Storage/SCHOOL/Capstone/bringup/ChaosCore-FPGA/RV32RocketFPGAConfig/RV32Rocket/platform/hw/sdt/system-top.dts -t zynqmp_fsbl -r /mnt/Storage/SCHOOL/Capstone/bringup/ChaosCore-FPGA/RV32RocketFPGAConfig/RV32Rocket/_ide/.wsdata/.repo.yaml && deactivate
13:08:36 INFO  : lopper command to generate BSP :python /tools/Xilinx/Vitis/2024.2/data/embeddedsw/scripts/pyesw//create_bsp.py -w /mnt/Storage/SCHOOL/Capstone/bringup/ChaosCore-FPGA/RV32RocketFPGAConfig/RV32Rocket/platform/psu_cortexa53_0/standalone_psu_cortexa53_0/bsp -p psu_cortexa53_0 -o standalone -s /mnt/Storage/SCHOOL/Capstone/bringup/ChaosCore-FPGA/RV32RocketFPGAConfig/RV32Rocket/platform/hw/sdt/system-top.dts -t empty_application -r /mnt/Storage/SCHOOL/Capstone/bringup/ChaosCore-FPGA/RV32RocketFPGAConfig/RV32Rocket/_ide/.wsdata/.repo.yaml
13:08:36 INFO  : bash, -c, source /tools/Xilinx/Vitis/2024.2/tps/lnx64/lopper-1.1.0/env/bin/activate && python /tools/Xilinx/Vitis/2024.2/data/embeddedsw/scripts/pyesw//create_bsp.py -w /mnt/Storage/SCHOOL/Capstone/bringup/ChaosCore-FPGA/RV32RocketFPGAConfig/RV32Rocket/platform/psu_cortexa53_0/standalone_psu_cortexa53_0/bsp -p psu_cortexa53_0 -o standalone -s /mnt/Storage/SCHOOL/Capstone/bringup/ChaosCore-FPGA/RV32RocketFPGAConfig/RV32Rocket/platform/hw/sdt/system-top.dts -t empty_application -r /mnt/Storage/SCHOOL/Capstone/bringup/ChaosCore-FPGA/RV32RocketFPGAConfig/RV32Rocket/_ide/.wsdata/.repo.yaml && deactivate
13:08:46 INFO  : Successfully created Domain at /mnt/Storage/SCHOOL/Capstone/bringup/ChaosCore-FPGA/RV32RocketFPGAConfig/RV32Rocket/platform/psu_cortexa53_0/standalone_psu_cortexa53_0/bsp
13:08:46 INFO  : Successfully Generated Domain /mnt/Storage/SCHOOL/Capstone/bringup/ChaosCore-FPGA/RV32RocketFPGAConfig/RV32Rocket/platform/psu_cortexa53_0/standalone_psu_cortexa53_0/bsp
13:08:46 INFO  : Domain standalone_psu_cortexa53_0 added successfully.
13:08:49 INFO  : Successfully created Domain at /mnt/Storage/SCHOOL/Capstone/bringup/ChaosCore-FPGA/RV32RocketFPGAConfig/RV32Rocket/platform/zynqmp_fsbl/zynqmp_fsbl_bsp
13:08:49 INFO  : Successfully Generated Domain /mnt/Storage/SCHOOL/Capstone/bringup/ChaosCore-FPGA/RV32RocketFPGAConfig/RV32Rocket/platform/zynqmp_fsbl/zynqmp_fsbl_bsp
13:08:49 INFO  : lopper command to create baremetal application :python /tools/Xilinx/Vitis/2024.2/data/embeddedsw/scripts/pyesw//create_app.py -s /mnt/Storage/SCHOOL/Capstone/bringup/ChaosCore-FPGA/RV32RocketFPGAConfig/RV32Rocket/platform/zynqmp_fsbl -t zynqmp_fsbl -d /mnt/Storage/SCHOOL/Capstone/bringup/ChaosCore-FPGA/RV32RocketFPGAConfig/RV32Rocket/platform/zynqmp_fsbl/zynqmp_fsbl_bsp -n fsbl -r /mnt/Storage/SCHOOL/Capstone/bringup/ChaosCore-FPGA/RV32RocketFPGAConfig/RV32Rocket/_ide/.wsdata/.repo.yaml
13:08:49 INFO  : bash, -c, source /tools/Xilinx/Vitis/2024.2/tps/lnx64/lopper-1.1.0/env/bin/activate && python /tools/Xilinx/Vitis/2024.2/data/embeddedsw/scripts/pyesw//validate_bsp.py -t zynqmp_fsbl -d /mnt/Storage/SCHOOL/Capstone/bringup/ChaosCore-FPGA/RV32RocketFPGAConfig/RV32Rocket/platform/zynqmp_fsbl/zynqmp_fsbl_bsp -r /mnt/Storage/SCHOOL/Capstone/bringup/ChaosCore-FPGA/RV32RocketFPGAConfig/RV32Rocket/_ide/.wsdata/.repo.yaml && deactivate
13:08:50 INFO  : Successfully validated template zynqmp_fsbl
13:08:50 INFO  : bash, -c, source /tools/Xilinx/Vitis/2024.2/tps/lnx64/lopper-1.1.0/env/bin/activate && python /tools/Xilinx/Vitis/2024.2/data/embeddedsw/scripts/pyesw//create_app.py -s /mnt/Storage/SCHOOL/Capstone/bringup/ChaosCore-FPGA/RV32RocketFPGAConfig/RV32Rocket/platform/zynqmp_fsbl -t zynqmp_fsbl -d /mnt/Storage/SCHOOL/Capstone/bringup/ChaosCore-FPGA/RV32RocketFPGAConfig/RV32Rocket/platform/zynqmp_fsbl/zynqmp_fsbl_bsp -n fsbl -r /mnt/Storage/SCHOOL/Capstone/bringup/ChaosCore-FPGA/RV32RocketFPGAConfig/RV32Rocket/_ide/.wsdata/.repo.yaml && deactivate
13:08:53 INFO  : Successfully Created Application sources at /mnt/Storage/SCHOOL/Capstone/bringup/ChaosCore-FPGA/RV32RocketFPGAConfig/RV32Rocket/platform/zynqmp_fsbl
13:08:53 INFO  : Successfully created Application /mnt/Storage/SCHOOL/Capstone/bringup/ChaosCore-FPGA/RV32RocketFPGAConfig/RV32Rocket/platform/zynqmp_fsbl
13:08:53 INFO  : Platform FSBL Boot domain added successfully.
13:08:53 INFO  : Platform creation finished successfully.
13:08:53 INFO  : Platform Quick Build initiated.
13:08:53 INFO  : Generating Export directory
13:08:53 INFO  : Generated platform metadata for creating application(s) based on platform platform.
13:09:06 INFO  : bash, -c, source /tools/Xilinx/Vitis/2024.2/tps/lnx64/lopper-1.1.0/env/bin/activate && lopper -O  . /mnt/Storage/SCHOOL/Capstone/bringup/ChaosCore-FPGA/RV32RocketFPGAConfig/RV32Rocket/platform/hw/sdt/system-top.dts -- baremetal_getsupported_comp_xlnx psu_cortexa53_0 /mnt/Storage/SCHOOL/Capstone/bringup/ChaosCore-FPGA/RV32RocketFPGAConfig/RV32Rocket/_ide/.wsdata/.repo.yaml && deactivate
13:09:07 INFO  : Supported Library List generated.
13:09:11 INFO  : Generating BSP for the domain /mnt/Storage/SCHOOL/Capstone/bringup/ChaosCore-FPGA/RV32RocketFPGAConfig/RV32Rocket/platform/psu_cortexa53_0/standalone_psu_cortexa53_0/bsp
13:09:11 INFO  : lopper command to reconfigure BSP :python /tools/Xilinx/Vitis/2024.2/data/embeddedsw/scripts/pyesw//reconfig_bsp.py -d /mnt/Storage/SCHOOL/Capstone/bringup/ChaosCore-FPGA/RV32RocketFPGAConfig/RV32Rocket/platform/psu_cortexa53_0/standalone_psu_cortexa53_0/bsp
13:09:11 INFO  : bash, -c, source /tools/Xilinx/Vitis/2024.2/tps/lnx64/lopper-1.1.0/env/bin/activate && python /tools/Xilinx/Vitis/2024.2/data/embeddedsw/scripts/pyesw//reconfig_bsp.py -d /mnt/Storage/SCHOOL/Capstone/bringup/ChaosCore-FPGA/RV32RocketFPGAConfig/RV32Rocket/platform/psu_cortexa53_0/standalone_psu_cortexa53_0/bsp && deactivate
13:09:11 INFO  : Domain reconfigured successfully
13:09:11 INFO  : Updating the given parameters of library in BSP /mnt/Storage/SCHOOL/Capstone/bringup/ChaosCore-FPGA/RV32RocketFPGAConfig/RV32Rocket/platform/psu_cortexa53_0/standalone_psu_cortexa53_0/bsp
13:09:11 INFO  : bash, -c, source /tools/Xilinx/Vitis/2024.2/tps/lnx64/lopper-1.1.0/env/bin/activate && python /tools/Xilinx/Vitis/2024.2/data/embeddedsw/scripts/pyesw//config_bsp.py -d /mnt/Storage/SCHOOL/Capstone/bringup/ChaosCore-FPGA/RV32RocketFPGAConfig/RV32Rocket/platform/psu_cortexa53_0/standalone_psu_cortexa53_0/bsp -st standalone standalone_stdin:psu_uart_1 -r /mnt/Storage/SCHOOL/Capstone/bringup/ChaosCore-FPGA/RV32RocketFPGAConfig/RV32Rocket/_ide/.wsdata/.repo.yaml && deactivate
13:09:12 INFO  : -- Configuring done
13:09:12 INFO  : -- Generating done
13:09:12 INFO  : -- Build files have been written to: /mnt/Storage/SCHOOL/Capstone/bringup/ChaosCore-FPGA/RV32RocketFPGAConfig/RV32Rocket/platform/psu_cortexa53_0/standalone_psu_cortexa53_0/bsp/libsrc/build_configs/gen_bsp
13:09:12 INFO  : Updated the library parameters successfully
13:09:12 INFO  : bash, -c, source /tools/Xilinx/Vitis/2024.2/tps/lnx64/lopper-1.1.0/env/bin/activate && lopper -O  . /mnt/Storage/SCHOOL/Capstone/bringup/ChaosCore-FPGA/RV32RocketFPGAConfig/RV32Rocket/platform/hw/sdt/system-top.dts -- baremetal_getsupported_comp_xlnx psu_cortexa53_0 /mnt/Storage/SCHOOL/Capstone/bringup/ChaosCore-FPGA/RV32RocketFPGAConfig/RV32Rocket/_ide/.wsdata/.repo.yaml && deactivate
13:09:13 INFO  : Supported Library List generated.
13:09:14 INFO  : Generating BSP for the domain /mnt/Storage/SCHOOL/Capstone/bringup/ChaosCore-FPGA/RV32RocketFPGAConfig/RV32Rocket/platform/psu_cortexa53_0/standalone_psu_cortexa53_0/bsp
13:09:14 INFO  : lopper command to reconfigure BSP :python /tools/Xilinx/Vitis/2024.2/data/embeddedsw/scripts/pyesw//reconfig_bsp.py -d /mnt/Storage/SCHOOL/Capstone/bringup/ChaosCore-FPGA/RV32RocketFPGAConfig/RV32Rocket/platform/psu_cortexa53_0/standalone_psu_cortexa53_0/bsp
13:09:14 INFO  : bash, -c, source /tools/Xilinx/Vitis/2024.2/tps/lnx64/lopper-1.1.0/env/bin/activate && python /tools/Xilinx/Vitis/2024.2/data/embeddedsw/scripts/pyesw//reconfig_bsp.py -d /mnt/Storage/SCHOOL/Capstone/bringup/ChaosCore-FPGA/RV32RocketFPGAConfig/RV32Rocket/platform/psu_cortexa53_0/standalone_psu_cortexa53_0/bsp && deactivate
13:09:14 INFO  : Domain reconfigured successfully
13:09:14 INFO  : Updating the given parameters of library in BSP /mnt/Storage/SCHOOL/Capstone/bringup/ChaosCore-FPGA/RV32RocketFPGAConfig/RV32Rocket/platform/psu_cortexa53_0/standalone_psu_cortexa53_0/bsp
13:09:14 INFO  : bash, -c, source /tools/Xilinx/Vitis/2024.2/tps/lnx64/lopper-1.1.0/env/bin/activate && python /tools/Xilinx/Vitis/2024.2/data/embeddedsw/scripts/pyesw//config_bsp.py -d /mnt/Storage/SCHOOL/Capstone/bringup/ChaosCore-FPGA/RV32RocketFPGAConfig/RV32Rocket/platform/psu_cortexa53_0/standalone_psu_cortexa53_0/bsp -st standalone standalone_stdout:psu_uart_1 -r /mnt/Storage/SCHOOL/Capstone/bringup/ChaosCore-FPGA/RV32RocketFPGAConfig/RV32Rocket/_ide/.wsdata/.repo.yaml && deactivate
13:09:15 INFO  : -- Configuring done
13:09:15 INFO  : -- Generating done
13:09:15 INFO  : -- Build files have been written to: /mnt/Storage/SCHOOL/Capstone/bringup/ChaosCore-FPGA/RV32RocketFPGAConfig/RV32Rocket/platform/psu_cortexa53_0/standalone_psu_cortexa53_0/bsp/libsrc/build_configs/gen_bsp
13:09:15 INFO  : Updated the library parameters successfully
13:09:15 INFO  : bash, -c, source /tools/Xilinx/Vitis/2024.2/tps/lnx64/lopper-1.1.0/env/bin/activate && lopper -O  . /mnt/Storage/SCHOOL/Capstone/bringup/ChaosCore-FPGA/RV32RocketFPGAConfig/RV32Rocket/platform/hw/sdt/system-top.dts -- baremetal_getsupported_comp_xlnx psu_cortexa53_0 /mnt/Storage/SCHOOL/Capstone/bringup/ChaosCore-FPGA/RV32RocketFPGAConfig/RV32Rocket/_ide/.wsdata/.repo.yaml && deactivate
13:09:16 INFO  : Supported Library List generated.
13:09:28 INFO  : bash, -c, source /tools/Xilinx/Vitis/2024.2/tps/lnx64/lopper-1.1.0/env/bin/activate && python /tools/Xilinx/Vitis/2024.2/data/embeddedsw/scripts/pyesw//validate_bsp.py -t hello_world -d /mnt/Storage/SCHOOL/Capstone/bringup/ChaosCore-FPGA/RV32RocketFPGAConfig/RV32Rocket/platform/export/platform/sw/standalone_psu_cortexa53_0 -r /mnt/Storage/SCHOOL/Capstone/bringup/ChaosCore-FPGA/RV32RocketFPGAConfig/RV32Rocket/_ide/.wsdata/.repo.yaml && deactivate
13:09:30 INFO  : Successfully validated template hello_world
13:09:32 INFO  : lopper command to create baremetal application :python /tools/Xilinx/Vitis/2024.2/data/embeddedsw/scripts/pyesw//create_app.py -s /mnt/Storage/SCHOOL/Capstone/bringup/ChaosCore-FPGA/RV32RocketFPGAConfig/RV32Rocket/hello_world/src -t hello_world -d /mnt/Storage/SCHOOL/Capstone/bringup/ChaosCore-FPGA/RV32RocketFPGAConfig/RV32Rocket/platform/export/platform/sw/standalone_psu_cortexa53_0 -n hello_world -r /mnt/Storage/SCHOOL/Capstone/bringup/ChaosCore-FPGA/RV32RocketFPGAConfig/RV32Rocket/_ide/.wsdata/.repo.yaml
13:09:32 INFO  : bash, -c, source /tools/Xilinx/Vitis/2024.2/tps/lnx64/lopper-1.1.0/env/bin/activate && python /tools/Xilinx/Vitis/2024.2/data/embeddedsw/scripts/pyesw//validate_bsp.py -t hello_world -d /mnt/Storage/SCHOOL/Capstone/bringup/ChaosCore-FPGA/RV32RocketFPGAConfig/RV32Rocket/platform/export/platform/sw/standalone_psu_cortexa53_0 -r /mnt/Storage/SCHOOL/Capstone/bringup/ChaosCore-FPGA/RV32RocketFPGAConfig/RV32Rocket/_ide/.wsdata/.repo.yaml && deactivate
13:09:33 INFO  : Successfully validated template hello_world
13:09:33 INFO  : bash, -c, source /tools/Xilinx/Vitis/2024.2/tps/lnx64/lopper-1.1.0/env/bin/activate && python /tools/Xilinx/Vitis/2024.2/data/embeddedsw/scripts/pyesw//create_app.py -s /mnt/Storage/SCHOOL/Capstone/bringup/ChaosCore-FPGA/RV32RocketFPGAConfig/RV32Rocket/hello_world/src -t hello_world -d /mnt/Storage/SCHOOL/Capstone/bringup/ChaosCore-FPGA/RV32RocketFPGAConfig/RV32Rocket/platform/export/platform/sw/standalone_psu_cortexa53_0 -n hello_world -r /mnt/Storage/SCHOOL/Capstone/bringup/ChaosCore-FPGA/RV32RocketFPGAConfig/RV32Rocket/_ide/.wsdata/.repo.yaml && deactivate
13:09:36 INFO  : Successfully Created Application sources at /mnt/Storage/SCHOOL/Capstone/bringup/ChaosCore-FPGA/RV32RocketFPGAConfig/RV32Rocket/hello_world/src
13:09:36 INFO  : Successfully created Application /mnt/Storage/SCHOOL/Capstone/bringup/ChaosCore-FPGA/RV32RocketFPGAConfig/RV32Rocket/hello_world/src
13:09:36 INFO  : The hardware specification used by project '/mnt/Storage/SCHOOL/Capstone/bringup/ChaosCore-FPGA/RV32RocketFPGAConfig/RV32Rocket/hello_world' is out of sync with the platform. Resource files extracted from the hardware specification will be updated.
13:09:36 INFO  : The updated bitstream files are copied from platform to folder '/mnt/Storage/SCHOOL/Capstone/bringup/ChaosCore-FPGA/RV32RocketFPGAConfig/RV32Rocket/hello_world/_ide/bitstream' in project '/mnt/Storage/SCHOOL/Capstone/bringup/ChaosCore-FPGA/RV32RocketFPGAConfig/RV32Rocket/hello_world'.
13:09:36 INFO  : The updated ps init files are copied from platform to folder '/mnt/Storage/SCHOOL/Capstone/bringup/ChaosCore-FPGA/RV32RocketFPGAConfig/RV32Rocket/hello_world/_ide/psinit' in project '/mnt/Storage/SCHOOL/Capstone/bringup/ChaosCore-FPGA/RV32RocketFPGAConfig/RV32Rocket/hello_world'.
13:09:36 INFO  : created .gitignore file for the project /mnt/Storage/SCHOOL/Capstone/bringup/ChaosCore-FPGA/RV32RocketFPGAConfig/RV32Rocket/hello_world
13:11:19 INFO  : BSP build will be initiated for Domain zynqmp_fsbl
13:11:19 INFO  : BSP build will be initiated for Domain standalone_psu_cortexa53_0
13:11:19 INFO  : Generating BSP for the domain /mnt/Storage/SCHOOL/Capstone/bringup/ChaosCore-FPGA/RV32RocketFPGAConfig/RV32Rocket/platform/zynqmp_fsbl/zynqmp_fsbl_bsp
13:11:19 INFO  : Generating BSP for the domain /mnt/Storage/SCHOOL/Capstone/bringup/ChaosCore-FPGA/RV32RocketFPGAConfig/RV32Rocket/platform/psu_cortexa53_0/standalone_psu_cortexa53_0/bsp
13:11:19 INFO  : lopper command to reconfigure BSP :python /tools/Xilinx/Vitis/2024.2/data/embeddedsw/scripts/pyesw//reconfig_bsp.py -d /mnt/Storage/SCHOOL/Capstone/bringup/ChaosCore-FPGA/RV32RocketFPGAConfig/RV32Rocket/platform/zynqmp_fsbl/zynqmp_fsbl_bsp
13:11:19 INFO  : lopper command to reconfigure BSP :python /tools/Xilinx/Vitis/2024.2/data/embeddedsw/scripts/pyesw//reconfig_bsp.py -d /mnt/Storage/SCHOOL/Capstone/bringup/ChaosCore-FPGA/RV32RocketFPGAConfig/RV32Rocket/platform/psu_cortexa53_0/standalone_psu_cortexa53_0/bsp
13:11:19 INFO  : bash, -c, source /tools/Xilinx/Vitis/2024.2/tps/lnx64/lopper-1.1.0/env/bin/activate && python /tools/Xilinx/Vitis/2024.2/data/embeddedsw/scripts/pyesw//reconfig_bsp.py -d /mnt/Storage/SCHOOL/Capstone/bringup/ChaosCore-FPGA/RV32RocketFPGAConfig/RV32Rocket/platform/zynqmp_fsbl/zynqmp_fsbl_bsp && deactivate
13:11:19 INFO  : bash, -c, source /tools/Xilinx/Vitis/2024.2/tps/lnx64/lopper-1.1.0/env/bin/activate && python /tools/Xilinx/Vitis/2024.2/data/embeddedsw/scripts/pyesw//reconfig_bsp.py -d /mnt/Storage/SCHOOL/Capstone/bringup/ChaosCore-FPGA/RV32RocketFPGAConfig/RV32Rocket/platform/psu_cortexa53_0/standalone_psu_cortexa53_0/bsp && deactivate
13:11:21 INFO  : Domain reconfigured successfully
13:11:21 INFO  : Generating BSP for the domain /mnt/Storage/SCHOOL/Capstone/bringup/ChaosCore-FPGA/RV32RocketFPGAConfig/RV32Rocket/platform/psu_cortexa53_0/standalone_psu_cortexa53_0/bsp
13:11:21 INFO  : lopper command to build BSP :python /tools/Xilinx/Vitis/2024.2/data/embeddedsw/scripts/pyesw//build_bsp.py -d /mnt/Storage/SCHOOL/Capstone/bringup/ChaosCore-FPGA/RV32RocketFPGAConfig/RV32Rocket/platform/psu_cortexa53_0/standalone_psu_cortexa53_0/bsp
13:11:21 INFO  : bash, -c, source /tools/Xilinx/Vitis/2024.2/tps/lnx64/lopper-1.1.0/env/bin/activate && python /tools/Xilinx/Vitis/2024.2/data/embeddedsw/scripts/pyesw//build_bsp.py -d /mnt/Storage/SCHOOL/Capstone/bringup/ChaosCore-FPGA/RV32RocketFPGAConfig/RV32Rocket/platform/psu_cortexa53_0/standalone_psu_cortexa53_0/bsp && deactivate
13:11:21 INFO  : Domain reconfigured successfully
13:11:21 INFO  : Generating BSP for the domain /mnt/Storage/SCHOOL/Capstone/bringup/ChaosCore-FPGA/RV32RocketFPGAConfig/RV32Rocket/platform/zynqmp_fsbl/zynqmp_fsbl_bsp
13:11:21 INFO  : lopper command to build BSP :python /tools/Xilinx/Vitis/2024.2/data/embeddedsw/scripts/pyesw//build_bsp.py -d /mnt/Storage/SCHOOL/Capstone/bringup/ChaosCore-FPGA/RV32RocketFPGAConfig/RV32Rocket/platform/zynqmp_fsbl/zynqmp_fsbl_bsp
13:11:21 INFO  : bash, -c, source /tools/Xilinx/Vitis/2024.2/tps/lnx64/lopper-1.1.0/env/bin/activate && python /tools/Xilinx/Vitis/2024.2/data/embeddedsw/scripts/pyesw//build_bsp.py -d /mnt/Storage/SCHOOL/Capstone/bringup/ChaosCore-FPGA/RV32RocketFPGAConfig/RV32Rocket/platform/zynqmp_fsbl/zynqmp_fsbl_bsp && deactivate
13:11:29 INFO  : Domain build successfully
13:11:29 INFO  : Domain build successfully
13:11:29 INFO  : Generating Boot ELFs
13:11:29 INFO  : lopper command to retarget baremetal application :python /tools/Xilinx/Vitis/2024.2/data/embeddedsw/scripts/pyesw//retarget_app.py -s /mnt/Storage/SCHOOL/Capstone/bringup/ChaosCore-FPGA/RV32RocketFPGAConfig/RV32Rocket/platform/zynqmp_fsbl -d /mnt/Storage/SCHOOL/Capstone/bringup/ChaosCore-FPGA/RV32RocketFPGAConfig/RV32Rocket/platform/zynqmp_fsbl/zynqmp_fsbl_bsp -b /mnt/Storage/SCHOOL/Capstone/bringup/ChaosCore-FPGA/RV32RocketFPGAConfig/RV32Rocket/platform/zynqmp_fsbl/build
13:11:29 INFO  : bash, -c, source /tools/Xilinx/Vitis/2024.2/tps/lnx64/lopper-1.1.0/env/bin/activate && python /tools/Xilinx/Vitis/2024.2/data/embeddedsw/scripts/pyesw//retarget_app.py -s /mnt/Storage/SCHOOL/Capstone/bringup/ChaosCore-FPGA/RV32RocketFPGAConfig/RV32Rocket/platform/zynqmp_fsbl -d /mnt/Storage/SCHOOL/Capstone/bringup/ChaosCore-FPGA/RV32RocketFPGAConfig/RV32Rocket/platform/zynqmp_fsbl/zynqmp_fsbl_bsp -b /mnt/Storage/SCHOOL/Capstone/bringup/ChaosCore-FPGA/RV32RocketFPGAConfig/RV32Rocket/platform/zynqmp_fsbl/build && deactivate
13:11:29 INFO  : Successfully retargeted Application /mnt/Storage/SCHOOL/Capstone/bringup/ChaosCore-FPGA/RV32RocketFPGAConfig/RV32Rocket/platform/zynqmp_fsbl
13:11:29 INFO  : lopper command to build baremetal application :python /tools/Xilinx/Vitis/2024.2/data/embeddedsw/scripts/pyesw//build_app.py -s /mnt/Storage/SCHOOL/Capstone/bringup/ChaosCore-FPGA/RV32RocketFPGAConfig/RV32Rocket/platform/zynqmp_fsbl -b /mnt/Storage/SCHOOL/Capstone/bringup/ChaosCore-FPGA/RV32RocketFPGAConfig/RV32Rocket/platform/zynqmp_fsbl/build
13:11:29 INFO  : bash, -c, source /tools/Xilinx/Vitis/2024.2/tps/lnx64/lopper-1.1.0/env/bin/activate && python /tools/Xilinx/Vitis/2024.2/data/embeddedsw/scripts/pyesw//build_app.py -s /mnt/Storage/SCHOOL/Capstone/bringup/ChaosCore-FPGA/RV32RocketFPGAConfig/RV32Rocket/platform/zynqmp_fsbl -b /mnt/Storage/SCHOOL/Capstone/bringup/ChaosCore-FPGA/RV32RocketFPGAConfig/RV32Rocket/platform/zynqmp_fsbl/build && deactivate
13:11:33 INFO  : Successfully building the baremetal application/mnt/Storage/SCHOOL/Capstone/bringup/ChaosCore-FPGA/RV32RocketFPGAConfig/RV32Rocket/platform/zynqmp_fsbl/build
13:11:33 INFO  : Generating Export directory
13:11:34 INFO  : Platform Build Finished successfully.
13:11:34 INFO  : lopper command to retarget baremetal application :python /tools/Xilinx/Vitis/2024.2/data/embeddedsw/scripts/pyesw//retarget_app.py -s /mnt/Storage/SCHOOL/Capstone/bringup/ChaosCore-FPGA/RV32RocketFPGAConfig/RV32Rocket/hello_world/src -d /mnt/Storage/SCHOOL/Capstone/bringup/ChaosCore-FPGA/RV32RocketFPGAConfig/RV32Rocket/platform/export/platform/sw/standalone_psu_cortexa53_0 -b /mnt/Storage/SCHOOL/Capstone/bringup/ChaosCore-FPGA/RV32RocketFPGAConfig/RV32Rocket/hello_world/build
13:11:34 INFO  : bash, -c, source /tools/Xilinx/Vitis/2024.2/tps/lnx64/lopper-1.1.0/env/bin/activate && python /tools/Xilinx/Vitis/2024.2/data/embeddedsw/scripts/pyesw//retarget_app.py -s /mnt/Storage/SCHOOL/Capstone/bringup/ChaosCore-FPGA/RV32RocketFPGAConfig/RV32Rocket/hello_world/src -d /mnt/Storage/SCHOOL/Capstone/bringup/ChaosCore-FPGA/RV32RocketFPGAConfig/RV32Rocket/platform/export/platform/sw/standalone_psu_cortexa53_0 -b /mnt/Storage/SCHOOL/Capstone/bringup/ChaosCore-FPGA/RV32RocketFPGAConfig/RV32Rocket/hello_world/build && deactivate
13:11:36 INFO  : Successfully retargeted Application /mnt/Storage/SCHOOL/Capstone/bringup/ChaosCore-FPGA/RV32RocketFPGAConfig/RV32Rocket/hello_world/src
13:11:36 INFO  : bash, -c, source /tools/Xilinx/Vitis/2024.2/tps/lnx64/lopper-1.1.0/env/bin/activate && python /tools/Xilinx/Vitis/2024.2/data/embeddedsw/scripts/pyesw//build_app.py -s /mnt/Storage/SCHOOL/Capstone/bringup/ChaosCore-FPGA/RV32RocketFPGAConfig/RV32Rocket/hello_world/src -b /mnt/Storage/SCHOOL/Capstone/bringup/ChaosCore-FPGA/RV32RocketFPGAConfig/RV32Rocket/hello_world/build && deactivate
13:11:40 INFO  : connect -url tcp:127.0.0.1:3121
13:11:44 INFO  : bpremove -all
13:11:44 INFO  : source /tools/Xilinx/Vitis/2024.2/scripts/vitis/util/zynqmp_utils.tcl
13:11:54 ERROR : Failed to initialize the hardware Could not find ARM device on the board for connection 'Local'.
Check if the target is in:
1. Split JTAG - No operations are possible with ARM DAP.
2. Non JTAG bootmode - Bootrom may need time to enable DAP.
Please try again.


Troubleshooting hints:
1. Check whether board is connected to system properly.
2. In case of zynq board, check whether Digilent/Xilinx cable switch settings are correct.
3. If you are using Xilinx Platform Cable USB, ensure that status LED is green.
13:12:00 INFO  : The updated bitstream files are copied from platform to folder '/mnt/Storage/SCHOOL/Capstone/bringup/ChaosCore-FPGA/RV32RocketFPGAConfig/RV32Rocket/hello_world/_ide/bitstream' in project '/mnt/Storage/SCHOOL/Capstone/bringup/ChaosCore-FPGA/RV32RocketFPGAConfig/RV32Rocket/hello_world'.
13:12:00 INFO  : The updated ps init files are copied from platform to folder '/mnt/Storage/SCHOOL/Capstone/bringup/ChaosCore-FPGA/RV32RocketFPGAConfig/RV32Rocket/hello_world/_ide/psinit' in project '/mnt/Storage/SCHOOL/Capstone/bringup/ChaosCore-FPGA/RV32RocketFPGAConfig/RV32Rocket/hello_world'.
13:12:04 INFO  : Connected to target on host '127.0.0.1' and port '3121'.
13:12:04 INFO  : Connected to target on host '127.0.0.1' and port '3121'.
13:12:04 INFO  : 'targets -set -filter {jtag_cable_name =~ "Avnet USB-to-JTAG/UART Pod V1 1234-oj1A" && level==0 && jtag_device_ctx=="jsn-USB-to-JTAG/UART Pod V1-1234-oj1A-14710093-0"}' command is executed.
13:12:07 INFO  : Device configured successfully with "/mnt/Storage/SCHOOL/Capstone/bringup/ChaosCore-FPGA/RV32RocketFPGAConfig/RV32Rocket/hello_world/_ide/bitstream/BD_wrapper.bit"
13:12:12 INFO  : connect -url tcp:127.0.0.1:3121
13:12:12 INFO  : bpremove -all
13:12:12 INFO  : source /tools/Xilinx/Vitis/2024.2/scripts/vitis/util/zynqmp_utils.tcl
13:12:12 INFO  : Context for 'APU' is selected.
13:12:13 INFO  : System reset is completed.
13:12:16 INFO  : 'after 3000' command is executed.
13:12:16 INFO  : 'targets -set -filter {jtag_cable_name =~ "Avnet USB-to-JTAG/UART Pod V1 1234-oj1A" && level==0 && jtag_device_ctx=="jsn-USB-to-JTAG/UART Pod V1-1234-oj1A-14710093-0"}' command is executed.
13:12:19 INFO  : Device configured successfully with "/mnt/Storage/SCHOOL/Capstone/bringup/ChaosCore-FPGA/RV32RocketFPGAConfig/RV32Rocket/hello_world/_ide/bitstream/BD_wrapper.bit"
13:12:19 INFO  : targets -set -nocase -filter {name =~"PSU*"}
13:12:19 INFO  : catch {disable_pmu_gate}
13:12:19 INFO  : targets -set -nocase -filter {name =~"APU*"}
13:12:20 INFO  : loadhw -hw /mnt/Storage/SCHOOL/Capstone/bringup/ChaosCore-FPGA/RV32RocketFPGAConfig/RV32Rocket/platform/export/platform/hw/BD_wrapper.xsa -mem-ranges [list {0x80000000 0xbfffffff} {0x400000000 0x5ffffffff} {0x1000000000 0x7fffffffff}]
13:12:20 INFO  : configparams force-mem-access 1
13:12:20 INFO  : targets -set -nocase -filter {name =~"APU*"}
13:12:20 INFO  : source /tools/Xilinx/Vitis/2024.2/vitis-server/scripts/jtag_reg.tcl
13:12:20 INFO  : Boot mode is read from the target.
13:12:20 INFO  : targets -set -nocase -filter {name =~ "*A53*#0"}
13:12:20 INFO  : rst -processor
13:12:20 INFO  : dow /mnt/Storage/SCHOOL/Capstone/bringup/ChaosCore-FPGA/RV32RocketFPGAConfig/RV32Rocket/platform/export/platform/sw/boot/fsbl.elf
13:12:20 INFO  : set bp_12_20_fsbl_bp [bpadd -addr &XFsbl_Exit]
13:12:21 INFO  : con -block -timeout 60
13:12:21 INFO  : bpremove $bp_12_20_fsbl_bp
13:12:21 INFO  : targets -set -nocase -filter {name =~ "*A53*#0"}
13:12:21 INFO  : rst -processor
13:12:22 INFO  : dow /mnt/Storage/SCHOOL/Capstone/bringup/ChaosCore-FPGA/RV32RocketFPGAConfig/RV32Rocket/hello_world/build/hello_world.elf
13:12:22 INFO  : con
13:12:22 INFO  : configparams force-mem-access 0
13:12:23 INFO  : Testing the connection for 127.0.0.1
13:18:16 INFO  : BSP build will be initiated for Domain standalone_psu_cortexa53_0
13:18:16 INFO  : BSP build will be initiated for Domain zynqmp_fsbl
13:18:16 INFO  : Generating BSP for the domain /mnt/Storage/SCHOOL/Capstone/bringup/ChaosCore-FPGA/RV32RocketFPGAConfig/RV32Rocket/platform/psu_cortexa53_0/standalone_psu_cortexa53_0/bsp
13:18:16 INFO  : Generating BSP for the domain /mnt/Storage/SCHOOL/Capstone/bringup/ChaosCore-FPGA/RV32RocketFPGAConfig/RV32Rocket/platform/zynqmp_fsbl/zynqmp_fsbl_bsp
13:18:16 INFO  : lopper command to reconfigure BSP :python /tools/Xilinx/Vitis/2024.2/data/embeddedsw/scripts/pyesw//reconfig_bsp.py -d /mnt/Storage/SCHOOL/Capstone/bringup/ChaosCore-FPGA/RV32RocketFPGAConfig/RV32Rocket/platform/zynqmp_fsbl/zynqmp_fsbl_bsp
13:18:16 INFO  : lopper command to reconfigure BSP :python /tools/Xilinx/Vitis/2024.2/data/embeddedsw/scripts/pyesw//reconfig_bsp.py -d /mnt/Storage/SCHOOL/Capstone/bringup/ChaosCore-FPGA/RV32RocketFPGAConfig/RV32Rocket/platform/psu_cortexa53_0/standalone_psu_cortexa53_0/bsp
13:18:16 INFO  : bash, -c, source /tools/Xilinx/Vitis/2024.2/tps/lnx64/lopper-1.1.0/env/bin/activate && python /tools/Xilinx/Vitis/2024.2/data/embeddedsw/scripts/pyesw//reconfig_bsp.py -d /mnt/Storage/SCHOOL/Capstone/bringup/ChaosCore-FPGA/RV32RocketFPGAConfig/RV32Rocket/platform/zynqmp_fsbl/zynqmp_fsbl_bsp && deactivate
13:18:16 INFO  : bash, -c, source /tools/Xilinx/Vitis/2024.2/tps/lnx64/lopper-1.1.0/env/bin/activate && python /tools/Xilinx/Vitis/2024.2/data/embeddedsw/scripts/pyesw//reconfig_bsp.py -d /mnt/Storage/SCHOOL/Capstone/bringup/ChaosCore-FPGA/RV32RocketFPGAConfig/RV32Rocket/platform/psu_cortexa53_0/standalone_psu_cortexa53_0/bsp && deactivate
13:18:17 INFO  : Domain reconfigured successfully
13:18:17 INFO  : Generating BSP for the domain /mnt/Storage/SCHOOL/Capstone/bringup/ChaosCore-FPGA/RV32RocketFPGAConfig/RV32Rocket/platform/psu_cortexa53_0/standalone_psu_cortexa53_0/bsp
13:18:17 INFO  : lopper command to build BSP :python /tools/Xilinx/Vitis/2024.2/data/embeddedsw/scripts/pyesw//build_bsp.py -d /mnt/Storage/SCHOOL/Capstone/bringup/ChaosCore-FPGA/RV32RocketFPGAConfig/RV32Rocket/platform/psu_cortexa53_0/standalone_psu_cortexa53_0/bsp
13:18:17 INFO  : bash, -c, source /tools/Xilinx/Vitis/2024.2/tps/lnx64/lopper-1.1.0/env/bin/activate && python /tools/Xilinx/Vitis/2024.2/data/embeddedsw/scripts/pyesw//build_bsp.py -d /mnt/Storage/SCHOOL/Capstone/bringup/ChaosCore-FPGA/RV32RocketFPGAConfig/RV32Rocket/platform/psu_cortexa53_0/standalone_psu_cortexa53_0/bsp && deactivate
13:18:17 INFO  : Domain reconfigured successfully
13:18:17 INFO  : Generating BSP for the domain /mnt/Storage/SCHOOL/Capstone/bringup/ChaosCore-FPGA/RV32RocketFPGAConfig/RV32Rocket/platform/zynqmp_fsbl/zynqmp_fsbl_bsp
13:18:17 INFO  : lopper command to build BSP :python /tools/Xilinx/Vitis/2024.2/data/embeddedsw/scripts/pyesw//build_bsp.py -d /mnt/Storage/SCHOOL/Capstone/bringup/ChaosCore-FPGA/RV32RocketFPGAConfig/RV32Rocket/platform/zynqmp_fsbl/zynqmp_fsbl_bsp
13:18:17 INFO  : bash, -c, source /tools/Xilinx/Vitis/2024.2/tps/lnx64/lopper-1.1.0/env/bin/activate && python /tools/Xilinx/Vitis/2024.2/data/embeddedsw/scripts/pyesw//build_bsp.py -d /mnt/Storage/SCHOOL/Capstone/bringup/ChaosCore-FPGA/RV32RocketFPGAConfig/RV32Rocket/platform/zynqmp_fsbl/zynqmp_fsbl_bsp && deactivate
13:18:17 INFO  : Domain build successfully
13:18:18 INFO  : Domain build successfully
13:18:18 INFO  : Generating Boot ELFs
13:18:18 INFO  : lopper command to retarget baremetal application :python /tools/Xilinx/Vitis/2024.2/data/embeddedsw/scripts/pyesw//retarget_app.py -s /mnt/Storage/SCHOOL/Capstone/bringup/ChaosCore-FPGA/RV32RocketFPGAConfig/RV32Rocket/platform/zynqmp_fsbl -d /mnt/Storage/SCHOOL/Capstone/bringup/ChaosCore-FPGA/RV32RocketFPGAConfig/RV32Rocket/platform/zynqmp_fsbl/zynqmp_fsbl_bsp -b /mnt/Storage/SCHOOL/Capstone/bringup/ChaosCore-FPGA/RV32RocketFPGAConfig/RV32Rocket/platform/zynqmp_fsbl/build
13:18:18 INFO  : bash, -c, source /tools/Xilinx/Vitis/2024.2/tps/lnx64/lopper-1.1.0/env/bin/activate && python /tools/Xilinx/Vitis/2024.2/data/embeddedsw/scripts/pyesw//retarget_app.py -s /mnt/Storage/SCHOOL/Capstone/bringup/ChaosCore-FPGA/RV32RocketFPGAConfig/RV32Rocket/platform/zynqmp_fsbl -d /mnt/Storage/SCHOOL/Capstone/bringup/ChaosCore-FPGA/RV32RocketFPGAConfig/RV32Rocket/platform/zynqmp_fsbl/zynqmp_fsbl_bsp -b /mnt/Storage/SCHOOL/Capstone/bringup/ChaosCore-FPGA/RV32RocketFPGAConfig/RV32Rocket/platform/zynqmp_fsbl/build && deactivate
13:18:18 INFO  : Successfully retargeted Application /mnt/Storage/SCHOOL/Capstone/bringup/ChaosCore-FPGA/RV32RocketFPGAConfig/RV32Rocket/platform/zynqmp_fsbl
13:18:18 INFO  : lopper command to build baremetal application :python /tools/Xilinx/Vitis/2024.2/data/embeddedsw/scripts/pyesw//build_app.py -s /mnt/Storage/SCHOOL/Capstone/bringup/ChaosCore-FPGA/RV32RocketFPGAConfig/RV32Rocket/platform/zynqmp_fsbl -b /mnt/Storage/SCHOOL/Capstone/bringup/ChaosCore-FPGA/RV32RocketFPGAConfig/RV32Rocket/platform/zynqmp_fsbl/build
13:18:18 INFO  : bash, -c, source /tools/Xilinx/Vitis/2024.2/tps/lnx64/lopper-1.1.0/env/bin/activate && python /tools/Xilinx/Vitis/2024.2/data/embeddedsw/scripts/pyesw//build_app.py -s /mnt/Storage/SCHOOL/Capstone/bringup/ChaosCore-FPGA/RV32RocketFPGAConfig/RV32Rocket/platform/zynqmp_fsbl -b /mnt/Storage/SCHOOL/Capstone/bringup/ChaosCore-FPGA/RV32RocketFPGAConfig/RV32Rocket/platform/zynqmp_fsbl/build && deactivate
13:18:20 INFO  : Successfully building the baremetal application/mnt/Storage/SCHOOL/Capstone/bringup/ChaosCore-FPGA/RV32RocketFPGAConfig/RV32Rocket/platform/zynqmp_fsbl/build
13:18:20 INFO  : Generating Export directory
13:18:21 INFO  : Platform Build Finished successfully.
13:18:21 INFO  : lopper command to retarget baremetal application :python /tools/Xilinx/Vitis/2024.2/data/embeddedsw/scripts/pyesw//retarget_app.py -s /mnt/Storage/SCHOOL/Capstone/bringup/ChaosCore-FPGA/RV32RocketFPGAConfig/RV32Rocket/hello_world/src -d /mnt/Storage/SCHOOL/Capstone/bringup/ChaosCore-FPGA/RV32RocketFPGAConfig/RV32Rocket/platform/export/platform/sw/standalone_psu_cortexa53_0 -b /mnt/Storage/SCHOOL/Capstone/bringup/ChaosCore-FPGA/RV32RocketFPGAConfig/RV32Rocket/hello_world/build
13:18:21 INFO  : bash, -c, source /tools/Xilinx/Vitis/2024.2/tps/lnx64/lopper-1.1.0/env/bin/activate && python /tools/Xilinx/Vitis/2024.2/data/embeddedsw/scripts/pyesw//retarget_app.py -s /mnt/Storage/SCHOOL/Capstone/bringup/ChaosCore-FPGA/RV32RocketFPGAConfig/RV32Rocket/hello_world/src -d /mnt/Storage/SCHOOL/Capstone/bringup/ChaosCore-FPGA/RV32RocketFPGAConfig/RV32Rocket/platform/export/platform/sw/standalone_psu_cortexa53_0 -b /mnt/Storage/SCHOOL/Capstone/bringup/ChaosCore-FPGA/RV32RocketFPGAConfig/RV32Rocket/hello_world/build && deactivate
13:18:22 INFO  : Successfully retargeted Application /mnt/Storage/SCHOOL/Capstone/bringup/ChaosCore-FPGA/RV32RocketFPGAConfig/RV32Rocket/hello_world/src
13:18:22 INFO  : bash, -c, source /tools/Xilinx/Vitis/2024.2/tps/lnx64/lopper-1.1.0/env/bin/activate && python /tools/Xilinx/Vitis/2024.2/data/embeddedsw/scripts/pyesw//build_app.py -s /mnt/Storage/SCHOOL/Capstone/bringup/ChaosCore-FPGA/RV32RocketFPGAConfig/RV32Rocket/hello_world/src -b /mnt/Storage/SCHOOL/Capstone/bringup/ChaosCore-FPGA/RV32RocketFPGAConfig/RV32Rocket/hello_world/build && deactivate
13:18:27 INFO  : connect -url tcp:127.0.0.1:3121
13:18:27 INFO  : bpremove -all
13:18:27 INFO  : source /tools/Xilinx/Vitis/2024.2/scripts/vitis/util/zynqmp_utils.tcl
13:18:27 INFO  : Context for 'APU' is selected.
13:18:28 INFO  : System reset is completed.
13:18:28 INFO  : disconnect
13:18:31 INFO  : 'after 3000' command is executed.
13:18:31 ERROR : Failed to initialize the hardware Invalid target. Use "connect" command to connect to hw_server/TCF agent
13:18:40 INFO  : The updated bitstream files are copied from platform to folder '/mnt/Storage/SCHOOL/Capstone/bringup/ChaosCore-FPGA/RV32RocketFPGAConfig/RV32Rocket/hello_world/_ide/bitstream' in project '/mnt/Storage/SCHOOL/Capstone/bringup/ChaosCore-FPGA/RV32RocketFPGAConfig/RV32Rocket/hello_world'.
13:18:40 INFO  : The updated ps init files are copied from platform to folder '/mnt/Storage/SCHOOL/Capstone/bringup/ChaosCore-FPGA/RV32RocketFPGAConfig/RV32Rocket/hello_world/_ide/psinit' in project '/mnt/Storage/SCHOOL/Capstone/bringup/ChaosCore-FPGA/RV32RocketFPGAConfig/RV32Rocket/hello_world'.
13:18:41 INFO  : Connected to target on host '127.0.0.1' and port '3121'.
13:18:45 INFO  : Connected to target on host '127.0.0.1' and port '3121'.
13:18:45 INFO  : 'targets -set -filter {jtag_cable_name =~ "Avnet USB-to-JTAG/UART Pod V1 1234-oj1A" && level==0 && jtag_device_ctx=="jsn-USB-to-JTAG/UART Pod V1-1234-oj1A-14710093-0"}' command is executed.
13:18:48 INFO  : Device configured successfully with "/mnt/Storage/SCHOOL/Capstone/bringup/ChaosCore-FPGA/RV32RocketFPGAConfig/RV32Rocket/hello_world/_ide/bitstream/BD_wrapper.bit"
13:18:50 INFO  : connect -url tcp:127.0.0.1:3121
13:18:50 INFO  : bpremove -all
13:18:50 INFO  : source /tools/Xilinx/Vitis/2024.2/scripts/vitis/util/zynqmp_utils.tcl
13:18:50 INFO  : Context for 'APU' is selected.
13:18:51 INFO  : System reset is completed.
13:18:54 INFO  : 'after 3000' command is executed.
13:18:54 INFO  : 'targets -set -filter {jtag_cable_name =~ "Avnet USB-to-JTAG/UART Pod V1 1234-oj1A" && level==0 && jtag_device_ctx=="jsn-USB-to-JTAG/UART Pod V1-1234-oj1A-14710093-0"}' command is executed.
13:18:57 INFO  : Device configured successfully with "/mnt/Storage/SCHOOL/Capstone/bringup/ChaosCore-FPGA/RV32RocketFPGAConfig/RV32Rocket/hello_world/_ide/bitstream/BD_wrapper.bit"
13:18:57 INFO  : targets -set -nocase -filter {name =~"PSU*"}
13:18:57 INFO  : catch {disable_pmu_gate}
13:18:57 INFO  : targets -set -nocase -filter {name =~"APU*"}
13:18:58 INFO  : loadhw -hw /mnt/Storage/SCHOOL/Capstone/bringup/ChaosCore-FPGA/RV32RocketFPGAConfig/RV32Rocket/platform/export/platform/hw/BD_wrapper.xsa -mem-ranges [list {0x80000000 0xbfffffff} {0x400000000 0x5ffffffff} {0x1000000000 0x7fffffffff}]
13:18:58 INFO  : configparams force-mem-access 1
13:18:58 INFO  : targets -set -nocase -filter {name =~"APU*"}
13:18:58 INFO  : source /tools/Xilinx/Vitis/2024.2/vitis-server/scripts/jtag_reg.tcl
13:18:58 INFO  : Boot mode is read from the target.
13:18:58 INFO  : targets -set -nocase -filter {name =~ "*A53*#0"}
13:18:58 INFO  : rst -processor
13:18:58 INFO  : dow /mnt/Storage/SCHOOL/Capstone/bringup/ChaosCore-FPGA/RV32RocketFPGAConfig/RV32Rocket/platform/export/platform/sw/boot/fsbl.elf
13:18:58 INFO  : set bp_18_58_fsbl_bp [bpadd -addr &XFsbl_Exit]
13:18:59 INFO  : con -block -timeout 60
13:18:59 INFO  : bpremove $bp_18_58_fsbl_bp
13:18:59 INFO  : targets -set -nocase -filter {name =~ "*A53*#0"}
13:18:59 INFO  : rst -processor
13:18:59 INFO  : dow /mnt/Storage/SCHOOL/Capstone/bringup/ChaosCore-FPGA/RV32RocketFPGAConfig/RV32Rocket/hello_world/build/hello_world.elf
13:18:59 INFO  : con
13:18:59 INFO  : configparams force-mem-access 0
13:19:00 INFO  : Testing the connection for 127.0.0.1
13:19:25 INFO  : disconnect
13:19:47 INFO  : bash, -c, source /tools/Xilinx/Vitis/2024.2/tps/lnx64/lopper-1.1.0/env/bin/activate && lopper -O  . /mnt/Storage/SCHOOL/Capstone/bringup/ChaosCore-FPGA/RV32RocketFPGAConfig/RV32Rocket/platform/hw/sdt/system-top.dts -- baremetal_getsupported_comp_xlnx psu_cortexa53_0 /mnt/Storage/SCHOOL/Capstone/bringup/ChaosCore-FPGA/RV32RocketFPGAConfig/RV32Rocket/_ide/.wsdata/.repo.yaml && deactivate
13:19:48 INFO  : Supported Library List generated.
13:20:06 INFO  : Updating Examples in Driver /mnt/Storage/SCHOOL/Capstone/bringup/ChaosCore-FPGA/RV32RocketFPGAConfig/RV32Rocket/platform/zynqmp_fsbl/zynqmp_fsbl_bsp
13:20:06 INFO  : bash, -c, source /tools/Xilinx/Vitis/2024.2/tps/lnx64/lopper-1.1.0/env/bin/activate && python /tools/Xilinx/Vitis/2024.2/data/embeddedsw/scripts/pyesw//load_example.py -d /mnt/Storage/SCHOOL/Capstone/bringup/ChaosCore-FPGA/RV32RocketFPGAConfig/RV32Rocket/platform/zynqmp_fsbl/zynqmp_fsbl_bsp && deactivate
13:20:09 INFO  : -- The C compiler identification is GNU 13.3.0
13:20:09 INFO  : -- The CXX compiler identification is GNU 13.3.0
13:20:09 INFO  : -- Detecting C compiler ABI info
13:20:09 INFO  : -- Detecting C compiler ABI info - done
13:20:09 INFO  : -- Check for working C compiler: /tools/Xilinx/Vitis/2024.2/gnu/aarch64/lin/aarch64-none/bin/aarch64-none-elf-gcc - skipped
13:20:09 INFO  : -- Detecting C compile features
13:20:09 INFO  : -- Detecting C compile features - done
13:20:09 INFO  : -- Detecting CXX compiler ABI info
13:20:09 INFO  : -- Detecting CXX compiler ABI info - done
13:20:09 INFO  : -- Check for working CXX compiler: /tools/Xilinx/Vitis/2024.2/gnu/aarch64/lin/aarch64-none/bin/aarch64-none-elf-g++ - skipped
13:20:09 INFO  : -- Detecting CXX compile features
13:20:09 INFO  : -- Detecting CXX compile features - done
13:20:09 INFO  : -- Configuring done
13:20:09 INFO  : -- Generating done
13:20:09 INFO  : CMake Warning:
13:20:09 INFO  :   Manually-specified variables were not used by the project:
13:20:09 INFO  : 
13:20:09 INFO  :     CMAKE_LIBRARY_PATH
13:20:09 INFO  : 
13:20:09 INFO  : 
13:20:09 INFO  : -- Build files have been written to: /mnt/Storage/SCHOOL/Capstone/bringup/ChaosCore-FPGA/RV32RocketFPGAConfig/RV32Rocket/platform/zynqmp_fsbl/zynqmp_fsbl_bsp/libsrc/build_configs/exmetadata
13:20:09 INFO  : Updated Examples in Driver
13:21:24 INFO  : Updating Examples in Driver /mnt/Storage/SCHOOL/Capstone/bringup/ChaosCore-FPGA/RV32RocketFPGAConfig/RV32Rocket/platform/psu_cortexa53_0/standalone_psu_cortexa53_0/bsp
13:21:24 INFO  : bash, -c, source /tools/Xilinx/Vitis/2024.2/tps/lnx64/lopper-1.1.0/env/bin/activate && python /tools/Xilinx/Vitis/2024.2/data/embeddedsw/scripts/pyesw//load_example.py -d /mnt/Storage/SCHOOL/Capstone/bringup/ChaosCore-FPGA/RV32RocketFPGAConfig/RV32Rocket/platform/psu_cortexa53_0/standalone_psu_cortexa53_0/bsp && deactivate
13:21:27 INFO  : -- The C compiler identification is GNU 13.3.0
13:21:27 INFO  : -- The CXX compiler identification is GNU 13.3.0
13:21:27 INFO  : -- Detecting C compiler ABI info
13:21:27 INFO  : -- Detecting C compiler ABI info - done
13:21:27 INFO  : -- Check for working C compiler: /tools/Xilinx/Vitis/2024.2/gnu/aarch64/lin/aarch64-none/bin/aarch64-none-elf-gcc - skipped
13:21:27 INFO  : -- Detecting C compile features
13:21:27 INFO  : -- Detecting C compile features - done
13:21:27 INFO  : -- Detecting CXX compiler ABI info
13:21:27 INFO  : -- Detecting CXX compiler ABI info - done
13:21:27 INFO  : -- Check for working CXX compiler: /tools/Xilinx/Vitis/2024.2/gnu/aarch64/lin/aarch64-none/bin/aarch64-none-elf-g++ - skipped
13:21:27 INFO  : -- Detecting CXX compile features
13:21:27 INFO  : -- Detecting CXX compile features - done
13:21:27 INFO  : -- Configuring done
13:21:27 INFO  : -- Generating done
13:21:27 INFO  : CMake Warning:
13:21:27 INFO  :   Manually-specified variables were not used by the project:
13:21:27 INFO  : 
13:21:27 INFO  :     CMAKE_LIBRARY_PATH
13:21:27 INFO  : 
13:21:27 INFO  : 
13:21:27 INFO  : -- Build files have been written to: /mnt/Storage/SCHOOL/Capstone/bringup/ChaosCore-FPGA/RV32RocketFPGAConfig/RV32Rocket/platform/psu_cortexa53_0/standalone_psu_cortexa53_0/bsp/libsrc/build_configs/exmetadata
13:21:27 INFO  : Updated Examples in Driver
14:08:21 INFO  : updated workspace path: /mnt/Storage/SCHOOL/Capstone/bringup/ChaosCore-FPGA/RV32RocketFPGAConfig/RV32Rocket
14:08:21 INFO  : bash, -c, source /tools/Xilinx/Vitis/2024.2/tps/lnx64/lopper-1.1.0/env/bin/activate && python /tools/Xilinx/Vitis/2024.2/data/embeddedsw/scripts/pyesw//get_template_data.py -d /tmp/rigel_lopper_alisher9847189407362399829 -r /mnt/Storage/SCHOOL/Capstone/bringup/ChaosCore-FPGA/RV32RocketFPGAConfig/RV32Rocket/_ide/.wsdata/.repo.yaml && deactivate
14:08:21 INFO  : Embedded Template List generated successfully
14:08:26 INFO  : Done
14:08:54 INFO  : BSP build will be initiated for Domain zynqmp_fsbl
14:08:54 INFO  : BSP build will be initiated for Domain standalone_psu_cortexa53_0
14:08:54 INFO  : Generating BSP for the domain /mnt/Storage/SCHOOL/Capstone/bringup/ChaosCore-FPGA/RV32RocketFPGAConfig/RV32Rocket/platform/zynqmp_fsbl/zynqmp_fsbl_bsp
14:08:54 INFO  : Generating BSP for the domain /mnt/Storage/SCHOOL/Capstone/bringup/ChaosCore-FPGA/RV32RocketFPGAConfig/RV32Rocket/platform/psu_cortexa53_0/standalone_psu_cortexa53_0/bsp
14:08:54 INFO  : lopper command to reconfigure BSP :python /tools/Xilinx/Vitis/2024.2/data/embeddedsw/scripts/pyesw//reconfig_bsp.py -d /mnt/Storage/SCHOOL/Capstone/bringup/ChaosCore-FPGA/RV32RocketFPGAConfig/RV32Rocket/platform/zynqmp_fsbl/zynqmp_fsbl_bsp
14:08:54 INFO  : lopper command to reconfigure BSP :python /tools/Xilinx/Vitis/2024.2/data/embeddedsw/scripts/pyesw//reconfig_bsp.py -d /mnt/Storage/SCHOOL/Capstone/bringup/ChaosCore-FPGA/RV32RocketFPGAConfig/RV32Rocket/platform/psu_cortexa53_0/standalone_psu_cortexa53_0/bsp
14:08:54 INFO  : bash, -c, source /tools/Xilinx/Vitis/2024.2/tps/lnx64/lopper-1.1.0/env/bin/activate && python /tools/Xilinx/Vitis/2024.2/data/embeddedsw/scripts/pyesw//reconfig_bsp.py -d /mnt/Storage/SCHOOL/Capstone/bringup/ChaosCore-FPGA/RV32RocketFPGAConfig/RV32Rocket/platform/zynqmp_fsbl/zynqmp_fsbl_bsp && deactivate
14:08:54 INFO  : bash, -c, source /tools/Xilinx/Vitis/2024.2/tps/lnx64/lopper-1.1.0/env/bin/activate && python /tools/Xilinx/Vitis/2024.2/data/embeddedsw/scripts/pyesw//reconfig_bsp.py -d /mnt/Storage/SCHOOL/Capstone/bringup/ChaosCore-FPGA/RV32RocketFPGAConfig/RV32Rocket/platform/psu_cortexa53_0/standalone_psu_cortexa53_0/bsp && deactivate
14:08:55 INFO  : Domain reconfigured successfully
14:08:55 INFO  : Generating BSP for the domain /mnt/Storage/SCHOOL/Capstone/bringup/ChaosCore-FPGA/RV32RocketFPGAConfig/RV32Rocket/platform/psu_cortexa53_0/standalone_psu_cortexa53_0/bsp
14:08:55 INFO  : lopper command to build BSP :python /tools/Xilinx/Vitis/2024.2/data/embeddedsw/scripts/pyesw//build_bsp.py -d /mnt/Storage/SCHOOL/Capstone/bringup/ChaosCore-FPGA/RV32RocketFPGAConfig/RV32Rocket/platform/psu_cortexa53_0/standalone_psu_cortexa53_0/bsp
14:08:55 INFO  : bash, -c, source /tools/Xilinx/Vitis/2024.2/tps/lnx64/lopper-1.1.0/env/bin/activate && python /tools/Xilinx/Vitis/2024.2/data/embeddedsw/scripts/pyesw//build_bsp.py -d /mnt/Storage/SCHOOL/Capstone/bringup/ChaosCore-FPGA/RV32RocketFPGAConfig/RV32Rocket/platform/psu_cortexa53_0/standalone_psu_cortexa53_0/bsp && deactivate
14:08:55 INFO  : Domain reconfigured successfully
14:08:55 INFO  : Generating BSP for the domain /mnt/Storage/SCHOOL/Capstone/bringup/ChaosCore-FPGA/RV32RocketFPGAConfig/RV32Rocket/platform/zynqmp_fsbl/zynqmp_fsbl_bsp
14:08:55 INFO  : lopper command to build BSP :python /tools/Xilinx/Vitis/2024.2/data/embeddedsw/scripts/pyesw//build_bsp.py -d /mnt/Storage/SCHOOL/Capstone/bringup/ChaosCore-FPGA/RV32RocketFPGAConfig/RV32Rocket/platform/zynqmp_fsbl/zynqmp_fsbl_bsp
14:08:55 INFO  : bash, -c, source /tools/Xilinx/Vitis/2024.2/tps/lnx64/lopper-1.1.0/env/bin/activate && python /tools/Xilinx/Vitis/2024.2/data/embeddedsw/scripts/pyesw//build_bsp.py -d /mnt/Storage/SCHOOL/Capstone/bringup/ChaosCore-FPGA/RV32RocketFPGAConfig/RV32Rocket/platform/zynqmp_fsbl/zynqmp_fsbl_bsp && deactivate
14:08:57 INFO  : Domain build successfully
14:08:58 INFO  : Domain build successfully
14:08:58 INFO  : Generating Boot ELFs
14:08:58 INFO  : lopper command to retarget baremetal application :python /tools/Xilinx/Vitis/2024.2/data/embeddedsw/scripts/pyesw//retarget_app.py -s /mnt/Storage/SCHOOL/Capstone/bringup/ChaosCore-FPGA/RV32RocketFPGAConfig/RV32Rocket/platform/zynqmp_fsbl -d /mnt/Storage/SCHOOL/Capstone/bringup/ChaosCore-FPGA/RV32RocketFPGAConfig/RV32Rocket/platform/zynqmp_fsbl/zynqmp_fsbl_bsp -b /mnt/Storage/SCHOOL/Capstone/bringup/ChaosCore-FPGA/RV32RocketFPGAConfig/RV32Rocket/platform/zynqmp_fsbl/build
14:08:58 INFO  : bash, -c, source /tools/Xilinx/Vitis/2024.2/tps/lnx64/lopper-1.1.0/env/bin/activate && python /tools/Xilinx/Vitis/2024.2/data/embeddedsw/scripts/pyesw//retarget_app.py -s /mnt/Storage/SCHOOL/Capstone/bringup/ChaosCore-FPGA/RV32RocketFPGAConfig/RV32Rocket/platform/zynqmp_fsbl -d /mnt/Storage/SCHOOL/Capstone/bringup/ChaosCore-FPGA/RV32RocketFPGAConfig/RV32Rocket/platform/zynqmp_fsbl/zynqmp_fsbl_bsp -b /mnt/Storage/SCHOOL/Capstone/bringup/ChaosCore-FPGA/RV32RocketFPGAConfig/RV32Rocket/platform/zynqmp_fsbl/build && deactivate
14:08:58 INFO  : Successfully retargeted Application /mnt/Storage/SCHOOL/Capstone/bringup/ChaosCore-FPGA/RV32RocketFPGAConfig/RV32Rocket/platform/zynqmp_fsbl
14:08:58 INFO  : lopper command to build baremetal application :python /tools/Xilinx/Vitis/2024.2/data/embeddedsw/scripts/pyesw//build_app.py -s /mnt/Storage/SCHOOL/Capstone/bringup/ChaosCore-FPGA/RV32RocketFPGAConfig/RV32Rocket/platform/zynqmp_fsbl -b /mnt/Storage/SCHOOL/Capstone/bringup/ChaosCore-FPGA/RV32RocketFPGAConfig/RV32Rocket/platform/zynqmp_fsbl/build
14:08:58 INFO  : bash, -c, source /tools/Xilinx/Vitis/2024.2/tps/lnx64/lopper-1.1.0/env/bin/activate && python /tools/Xilinx/Vitis/2024.2/data/embeddedsw/scripts/pyesw//build_app.py -s /mnt/Storage/SCHOOL/Capstone/bringup/ChaosCore-FPGA/RV32RocketFPGAConfig/RV32Rocket/platform/zynqmp_fsbl -b /mnt/Storage/SCHOOL/Capstone/bringup/ChaosCore-FPGA/RV32RocketFPGAConfig/RV32Rocket/platform/zynqmp_fsbl/build && deactivate
14:09:02 INFO  : Successfully building the baremetal application/mnt/Storage/SCHOOL/Capstone/bringup/ChaosCore-FPGA/RV32RocketFPGAConfig/RV32Rocket/platform/zynqmp_fsbl/build
14:09:02 INFO  : Generating Export directory
14:09:05 INFO  : Platform Build Finished successfully.
14:09:06 INFO  : lopper command to retarget baremetal application :python /tools/Xilinx/Vitis/2024.2/data/embeddedsw/scripts/pyesw//retarget_app.py -s /mnt/Storage/SCHOOL/Capstone/bringup/ChaosCore-FPGA/RV32RocketFPGAConfig/RV32Rocket/hello_world/src -d /mnt/Storage/SCHOOL/Capstone/bringup/ChaosCore-FPGA/RV32RocketFPGAConfig/RV32Rocket/platform/export/platform/sw/standalone_psu_cortexa53_0 -b /mnt/Storage/SCHOOL/Capstone/bringup/ChaosCore-FPGA/RV32RocketFPGAConfig/RV32Rocket/hello_world/build
14:09:06 INFO  : bash, -c, source /tools/Xilinx/Vitis/2024.2/tps/lnx64/lopper-1.1.0/env/bin/activate && python /tools/Xilinx/Vitis/2024.2/data/embeddedsw/scripts/pyesw//retarget_app.py -s /mnt/Storage/SCHOOL/Capstone/bringup/ChaosCore-FPGA/RV32RocketFPGAConfig/RV32Rocket/hello_world/src -d /mnt/Storage/SCHOOL/Capstone/bringup/ChaosCore-FPGA/RV32RocketFPGAConfig/RV32Rocket/platform/export/platform/sw/standalone_psu_cortexa53_0 -b /mnt/Storage/SCHOOL/Capstone/bringup/ChaosCore-FPGA/RV32RocketFPGAConfig/RV32Rocket/hello_world/build && deactivate
14:09:06 INFO  : Successfully retargeted Application /mnt/Storage/SCHOOL/Capstone/bringup/ChaosCore-FPGA/RV32RocketFPGAConfig/RV32Rocket/hello_world/src
14:09:06 INFO  : bash, -c, source /tools/Xilinx/Vitis/2024.2/tps/lnx64/lopper-1.1.0/env/bin/activate && python /tools/Xilinx/Vitis/2024.2/data/embeddedsw/scripts/pyesw//build_app.py -s /mnt/Storage/SCHOOL/Capstone/bringup/ChaosCore-FPGA/RV32RocketFPGAConfig/RV32Rocket/hello_world/src -b /mnt/Storage/SCHOOL/Capstone/bringup/ChaosCore-FPGA/RV32RocketFPGAConfig/RV32Rocket/hello_world/build && deactivate
14:09:11 INFO  : Found no platform with name 'BD_wrapper' in install repositories
14:09:11 INFO  : HW XSA update started
14:09:11 INFO  : Using sdt generation script from /tools/Xilinx/Vitis/2024.2/vitis-server/scripts/platformutil.tcl
14:09:11 INFO  : bash, -c, source /tools/Xilinx/Vitis/2024.2/tps/lnx64/lopper-1.1.0/env/bin/activate && xsct /tools/Xilinx/Vitis/2024.2/vitis-server/scripts/platformutil.tcl /mnt/Storage/SCHOOL/Capstone/bringup/ChaosCore-FPGA/RV32RocketFPGAConfig/RV32Rocket/BD_wrapper.xsa /mnt/Storage/SCHOOL/Capstone/bringup/ChaosCore-FPGA/RV32RocketFPGAConfig/RV32Rocket/platform/hw/sdt && deactivate
14:09:22 INFO  : SDT generated successfully
14:09:22 INFO  : Generating BSP for the domain /mnt/Storage/SCHOOL/Capstone/bringup/ChaosCore-FPGA/RV32RocketFPGAConfig/RV32Rocket/platform/zynqmp_fsbl/zynqmp_fsbl_bsp
14:09:22 INFO  : lopper command to reconfigure BSP :python /tools/Xilinx/Vitis/2024.2/data/embeddedsw/scripts/pyesw//reconfig_bsp.py -d /mnt/Storage/SCHOOL/Capstone/bringup/ChaosCore-FPGA/RV32RocketFPGAConfig/RV32Rocket/platform/zynqmp_fsbl/zynqmp_fsbl_bsp
14:09:22 INFO  : bash, -c, source /tools/Xilinx/Vitis/2024.2/tps/lnx64/lopper-1.1.0/env/bin/activate && python /tools/Xilinx/Vitis/2024.2/data/embeddedsw/scripts/pyesw//reconfig_bsp.py -d /mnt/Storage/SCHOOL/Capstone/bringup/ChaosCore-FPGA/RV32RocketFPGAConfig/RV32Rocket/platform/zynqmp_fsbl/zynqmp_fsbl_bsp && deactivate
14:09:22 INFO  : Domain reconfigured successfully
14:09:22 INFO  : lopper command to regenerate BSP :python /tools/Xilinx/Vitis/2024.2/data/embeddedsw/scripts/pyesw//regen_bsp.py -s /mnt/Storage/SCHOOL/Capstone/bringup/ChaosCore-FPGA/RV32RocketFPGAConfig/RV32Rocket/platform/hw/sdt/system-top.dts -d /mnt/Storage/SCHOOL/Capstone/bringup/ChaosCore-FPGA/RV32RocketFPGAConfig/RV32Rocket/platform/zynqmp_fsbl/zynqmp_fsbl_bsp -r /mnt/Storage/SCHOOL/Capstone/bringup/ChaosCore-FPGA/RV32RocketFPGAConfig/RV32Rocket/_ide/.wsdata/.repo.yaml
14:09:22 INFO  : bash, -c, source /tools/Xilinx/Vitis/2024.2/tps/lnx64/lopper-1.1.0/env/bin/activate && python /tools/Xilinx/Vitis/2024.2/data/embeddedsw/scripts/pyesw//regen_bsp.py -s /mnt/Storage/SCHOOL/Capstone/bringup/ChaosCore-FPGA/RV32RocketFPGAConfig/RV32Rocket/platform/hw/sdt/system-top.dts -d /mnt/Storage/SCHOOL/Capstone/bringup/ChaosCore-FPGA/RV32RocketFPGAConfig/RV32Rocket/platform/zynqmp_fsbl/zynqmp_fsbl_bsp -r /mnt/Storage/SCHOOL/Capstone/bringup/ChaosCore-FPGA/RV32RocketFPGAConfig/RV32Rocket/_ide/.wsdata/.repo.yaml && deactivate
14:09:36 INFO  : -- Configuring done
14:09:36 INFO  : -- Generating done
14:09:36 INFO  : -- Build files have been written to: /mnt/Storage/SCHOOL/Capstone/bringup/ChaosCore-FPGA/RV32RocketFPGAConfig/RV32Rocket/platform/zynqmp_fsbl/zynqmp_fsbl_bsp/libsrc/build_configs/gen_bsp
14:09:36 INFO  : Successfully created Domain at /mnt/Storage/SCHOOL/Capstone/bringup/ChaosCore-FPGA/RV32RocketFPGAConfig/RV32Rocket/platform/zynqmp_fsbl/zynqmp_fsbl_bsp
14:09:36 INFO  : BSP regenerated successfully
14:09:36 INFO  : Generating BSP for the domain /mnt/Storage/SCHOOL/Capstone/bringup/ChaosCore-FPGA/RV32RocketFPGAConfig/RV32Rocket/platform/psu_cortexa53_0/standalone_psu_cortexa53_0/bsp
14:09:36 INFO  : lopper command to reconfigure BSP :python /tools/Xilinx/Vitis/2024.2/data/embeddedsw/scripts/pyesw//reconfig_bsp.py -d /mnt/Storage/SCHOOL/Capstone/bringup/ChaosCore-FPGA/RV32RocketFPGAConfig/RV32Rocket/platform/psu_cortexa53_0/standalone_psu_cortexa53_0/bsp
14:09:36 INFO  : bash, -c, source /tools/Xilinx/Vitis/2024.2/tps/lnx64/lopper-1.1.0/env/bin/activate && python /tools/Xilinx/Vitis/2024.2/data/embeddedsw/scripts/pyesw//reconfig_bsp.py -d /mnt/Storage/SCHOOL/Capstone/bringup/ChaosCore-FPGA/RV32RocketFPGAConfig/RV32Rocket/platform/psu_cortexa53_0/standalone_psu_cortexa53_0/bsp && deactivate
14:09:37 INFO  : Domain reconfigured successfully
14:09:37 INFO  : lopper command to regenerate BSP :python /tools/Xilinx/Vitis/2024.2/data/embeddedsw/scripts/pyesw//regen_bsp.py -s /mnt/Storage/SCHOOL/Capstone/bringup/ChaosCore-FPGA/RV32RocketFPGAConfig/RV32Rocket/platform/hw/sdt/system-top.dts -d /mnt/Storage/SCHOOL/Capstone/bringup/ChaosCore-FPGA/RV32RocketFPGAConfig/RV32Rocket/platform/psu_cortexa53_0/standalone_psu_cortexa53_0/bsp -r /mnt/Storage/SCHOOL/Capstone/bringup/ChaosCore-FPGA/RV32RocketFPGAConfig/RV32Rocket/_ide/.wsdata/.repo.yaml
14:09:37 INFO  : bash, -c, source /tools/Xilinx/Vitis/2024.2/tps/lnx64/lopper-1.1.0/env/bin/activate && python /tools/Xilinx/Vitis/2024.2/data/embeddedsw/scripts/pyesw//regen_bsp.py -s /mnt/Storage/SCHOOL/Capstone/bringup/ChaosCore-FPGA/RV32RocketFPGAConfig/RV32Rocket/platform/hw/sdt/system-top.dts -d /mnt/Storage/SCHOOL/Capstone/bringup/ChaosCore-FPGA/RV32RocketFPGAConfig/RV32Rocket/platform/psu_cortexa53_0/standalone_psu_cortexa53_0/bsp -r /mnt/Storage/SCHOOL/Capstone/bringup/ChaosCore-FPGA/RV32RocketFPGAConfig/RV32Rocket/_ide/.wsdata/.repo.yaml && deactivate
14:09:46 INFO  : -- Configuring done
14:09:46 INFO  : -- Generating done
14:09:46 INFO  : -- Build files have been written to: /mnt/Storage/SCHOOL/Capstone/bringup/ChaosCore-FPGA/RV32RocketFPGAConfig/RV32Rocket/platform/psu_cortexa53_0/standalone_psu_cortexa53_0/bsp/libsrc/build_configs/gen_bsp
14:09:46 INFO  : Successfully created Domain at /mnt/Storage/SCHOOL/Capstone/bringup/ChaosCore-FPGA/RV32RocketFPGAConfig/RV32Rocket/platform/psu_cortexa53_0/standalone_psu_cortexa53_0/bsp
14:09:46 INFO  : BSP regenerated successfully
14:09:46 INFO  : Hardware XSA update finished successfully
14:09:54 INFO  : The updated bitstream files are copied from platform to folder '/mnt/Storage/SCHOOL/Capstone/bringup/ChaosCore-FPGA/RV32RocketFPGAConfig/RV32Rocket/hello_world/_ide/bitstream' in project '/mnt/Storage/SCHOOL/Capstone/bringup/ChaosCore-FPGA/RV32RocketFPGAConfig/RV32Rocket/hello_world'.
14:09:54 INFO  : The updated ps init files are copied from platform to folder '/mnt/Storage/SCHOOL/Capstone/bringup/ChaosCore-FPGA/RV32RocketFPGAConfig/RV32Rocket/hello_world/_ide/psinit' in project '/mnt/Storage/SCHOOL/Capstone/bringup/ChaosCore-FPGA/RV32RocketFPGAConfig/RV32Rocket/hello_world'.
14:09:59 INFO  : Connected to target on host '127.0.0.1' and port '3121'.
14:10:00 INFO  : Connected to target on host '127.0.0.1' and port '3121'.
14:10:00 INFO  : 'targets -set -filter {jtag_cable_name =~ "Avnet USB-to-JTAG/UART Pod V1 1234-oj1A" && level==0 && jtag_device_ctx=="jsn-USB-to-JTAG/UART Pod V1-1234-oj1A-14710093-0"}' command is executed.
14:10:04 INFO  : Device configured successfully with "/mnt/Storage/SCHOOL/Capstone/bringup/ChaosCore-FPGA/RV32RocketFPGAConfig/RV32Rocket/hello_world/_ide/bitstream/BD_wrapper.bit"
14:10:27 INFO  : connect -url tcp:127.0.0.1:3121
14:10:27 INFO  : bpremove -all
14:10:27 INFO  : source /tools/Xilinx/Vitis/2024.2/scripts/vitis/util/zynqmp_utils.tcl
14:10:27 INFO  : Context for 'APU' is selected.
14:10:28 INFO  : System reset is completed.
14:10:31 INFO  : 'after 3000' command is executed.
14:10:31 INFO  : 'targets -set -filter {jtag_cable_name =~ "Avnet USB-to-JTAG/UART Pod V1 1234-oj1A" && level==0 && jtag_device_ctx=="jsn-USB-to-JTAG/UART Pod V1-1234-oj1A-14710093-0"}' command is executed.
14:10:34 INFO  : Device configured successfully with "/mnt/Storage/SCHOOL/Capstone/bringup/ChaosCore-FPGA/RV32RocketFPGAConfig/RV32Rocket/hello_world/_ide/bitstream/BD_wrapper.bit"
14:10:34 INFO  : targets -set -nocase -filter {name =~"PSU*"}
14:10:34 INFO  : catch {disable_pmu_gate}
14:10:34 INFO  : targets -set -nocase -filter {name =~"APU*"}
14:10:34 INFO  : loadhw -hw /mnt/Storage/SCHOOL/Capstone/bringup/ChaosCore-FPGA/RV32RocketFPGAConfig/RV32Rocket/platform/export/platform/hw/BD_wrapper.xsa -mem-ranges [list {0x80000000 0xbfffffff} {0x400000000 0x5ffffffff} {0x1000000000 0x7fffffffff}]
14:10:34 INFO  : configparams force-mem-access 1
14:10:34 INFO  : targets -set -nocase -filter {name =~"APU*"}
14:10:34 INFO  : source /tools/Xilinx/Vitis/2024.2/vitis-server/scripts/jtag_reg.tcl
14:10:34 INFO  : Boot mode is read from the target.
14:10:34 INFO  : targets -set -nocase -filter {name =~ "*A53*#0"}
14:10:34 INFO  : rst -processor
14:10:35 INFO  : dow /mnt/Storage/SCHOOL/Capstone/bringup/ChaosCore-FPGA/RV32RocketFPGAConfig/RV32Rocket/platform/export/platform/sw/boot/fsbl.elf
14:10:35 INFO  : set bp_10_35_fsbl_bp [bpadd -addr &XFsbl_Exit]
14:10:36 INFO  : con -block -timeout 60
14:10:36 INFO  : bpremove $bp_10_35_fsbl_bp
14:10:36 INFO  : targets -set -nocase -filter {name =~ "*A53*#0"}
14:10:36 INFO  : rst -processor
14:10:36 INFO  : dow /mnt/Storage/SCHOOL/Capstone/bringup/ChaosCore-FPGA/RV32RocketFPGAConfig/RV32Rocket/hello_world/build/hello_world.elf
14:10:36 INFO  : con
14:10:36 INFO  : configparams force-mem-access 0
14:10:37 INFO  : Testing the connection for 127.0.0.1
14:10:42 ERROR : Error in generating platform.Error in deleting existing Platform contents.
14:10:42 ERROR : Error in generating platform.Error in deleting existing Platform contents.
14:10:49 ERROR : Error in generating platform.Error in deleting existing Platform contents.
14:10:49 ERROR : Error in generating platform.Error in deleting existing Platform contents.
14:10:57 INFO  : disconnect
14:11:01 INFO  : BSP build will be initiated for Domain standalone_psu_cortexa53_0
14:11:01 INFO  : BSP build will be initiated for Domain zynqmp_fsbl
14:11:01 INFO  : Generating BSP for the domain /mnt/Storage/SCHOOL/Capstone/bringup/ChaosCore-FPGA/RV32RocketFPGAConfig/RV32Rocket/platform/psu_cortexa53_0/standalone_psu_cortexa53_0/bsp
14:11:01 INFO  : Generating BSP for the domain /mnt/Storage/SCHOOL/Capstone/bringup/ChaosCore-FPGA/RV32RocketFPGAConfig/RV32Rocket/platform/zynqmp_fsbl/zynqmp_fsbl_bsp
14:11:01 INFO  : lopper command to reconfigure BSP :python /tools/Xilinx/Vitis/2024.2/data/embeddedsw/scripts/pyesw//reconfig_bsp.py -d /mnt/Storage/SCHOOL/Capstone/bringup/ChaosCore-FPGA/RV32RocketFPGAConfig/RV32Rocket/platform/psu_cortexa53_0/standalone_psu_cortexa53_0/bsp
14:11:01 INFO  : lopper command to reconfigure BSP :python /tools/Xilinx/Vitis/2024.2/data/embeddedsw/scripts/pyesw//reconfig_bsp.py -d /mnt/Storage/SCHOOL/Capstone/bringup/ChaosCore-FPGA/RV32RocketFPGAConfig/RV32Rocket/platform/zynqmp_fsbl/zynqmp_fsbl_bsp
14:11:01 INFO  : bash, -c, source /tools/Xilinx/Vitis/2024.2/tps/lnx64/lopper-1.1.0/env/bin/activate && python /tools/Xilinx/Vitis/2024.2/data/embeddedsw/scripts/pyesw//reconfig_bsp.py -d /mnt/Storage/SCHOOL/Capstone/bringup/ChaosCore-FPGA/RV32RocketFPGAConfig/RV32Rocket/platform/psu_cortexa53_0/standalone_psu_cortexa53_0/bsp && deactivate
14:11:01 INFO  : bash, -c, source /tools/Xilinx/Vitis/2024.2/tps/lnx64/lopper-1.1.0/env/bin/activate && python /tools/Xilinx/Vitis/2024.2/data/embeddedsw/scripts/pyesw//reconfig_bsp.py -d /mnt/Storage/SCHOOL/Capstone/bringup/ChaosCore-FPGA/RV32RocketFPGAConfig/RV32Rocket/platform/zynqmp_fsbl/zynqmp_fsbl_bsp && deactivate
14:11:02 INFO  : Domain reconfigured successfully
14:11:02 INFO  : Generating BSP for the domain /mnt/Storage/SCHOOL/Capstone/bringup/ChaosCore-FPGA/RV32RocketFPGAConfig/RV32Rocket/platform/psu_cortexa53_0/standalone_psu_cortexa53_0/bsp
14:11:02 INFO  : lopper command to build BSP :python /tools/Xilinx/Vitis/2024.2/data/embeddedsw/scripts/pyesw//build_bsp.py -d /mnt/Storage/SCHOOL/Capstone/bringup/ChaosCore-FPGA/RV32RocketFPGAConfig/RV32Rocket/platform/psu_cortexa53_0/standalone_psu_cortexa53_0/bsp
14:11:02 INFO  : bash, -c, source /tools/Xilinx/Vitis/2024.2/tps/lnx64/lopper-1.1.0/env/bin/activate && python /tools/Xilinx/Vitis/2024.2/data/embeddedsw/scripts/pyesw//build_bsp.py -d /mnt/Storage/SCHOOL/Capstone/bringup/ChaosCore-FPGA/RV32RocketFPGAConfig/RV32Rocket/platform/psu_cortexa53_0/standalone_psu_cortexa53_0/bsp && deactivate
14:11:02 INFO  : Domain reconfigured successfully
14:11:02 INFO  : Generating BSP for the domain /mnt/Storage/SCHOOL/Capstone/bringup/ChaosCore-FPGA/RV32RocketFPGAConfig/RV32Rocket/platform/zynqmp_fsbl/zynqmp_fsbl_bsp
14:11:02 INFO  : lopper command to build BSP :python /tools/Xilinx/Vitis/2024.2/data/embeddedsw/scripts/pyesw//build_bsp.py -d /mnt/Storage/SCHOOL/Capstone/bringup/ChaosCore-FPGA/RV32RocketFPGAConfig/RV32Rocket/platform/zynqmp_fsbl/zynqmp_fsbl_bsp
14:11:02 INFO  : bash, -c, source /tools/Xilinx/Vitis/2024.2/tps/lnx64/lopper-1.1.0/env/bin/activate && python /tools/Xilinx/Vitis/2024.2/data/embeddedsw/scripts/pyesw//build_bsp.py -d /mnt/Storage/SCHOOL/Capstone/bringup/ChaosCore-FPGA/RV32RocketFPGAConfig/RV32Rocket/platform/zynqmp_fsbl/zynqmp_fsbl_bsp && deactivate
14:11:10 INFO  : Domain build successfully
14:11:11 INFO  : Domain build successfully
14:11:11 INFO  : Generating Boot ELFs
14:11:11 INFO  : lopper command to retarget baremetal application :python /tools/Xilinx/Vitis/2024.2/data/embeddedsw/scripts/pyesw//retarget_app.py -s /mnt/Storage/SCHOOL/Capstone/bringup/ChaosCore-FPGA/RV32RocketFPGAConfig/RV32Rocket/platform/zynqmp_fsbl -d /mnt/Storage/SCHOOL/Capstone/bringup/ChaosCore-FPGA/RV32RocketFPGAConfig/RV32Rocket/platform/zynqmp_fsbl/zynqmp_fsbl_bsp -b /mnt/Storage/SCHOOL/Capstone/bringup/ChaosCore-FPGA/RV32RocketFPGAConfig/RV32Rocket/platform/zynqmp_fsbl/build
14:11:11 INFO  : bash, -c, source /tools/Xilinx/Vitis/2024.2/tps/lnx64/lopper-1.1.0/env/bin/activate && python /tools/Xilinx/Vitis/2024.2/data/embeddedsw/scripts/pyesw//retarget_app.py -s /mnt/Storage/SCHOOL/Capstone/bringup/ChaosCore-FPGA/RV32RocketFPGAConfig/RV32Rocket/platform/zynqmp_fsbl -d /mnt/Storage/SCHOOL/Capstone/bringup/ChaosCore-FPGA/RV32RocketFPGAConfig/RV32Rocket/platform/zynqmp_fsbl/zynqmp_fsbl_bsp -b /mnt/Storage/SCHOOL/Capstone/bringup/ChaosCore-FPGA/RV32RocketFPGAConfig/RV32Rocket/platform/zynqmp_fsbl/build && deactivate
14:11:11 INFO  : Successfully retargeted Application /mnt/Storage/SCHOOL/Capstone/bringup/ChaosCore-FPGA/RV32RocketFPGAConfig/RV32Rocket/platform/zynqmp_fsbl
14:11:11 INFO  : lopper command to build baremetal application :python /tools/Xilinx/Vitis/2024.2/data/embeddedsw/scripts/pyesw//build_app.py -s /mnt/Storage/SCHOOL/Capstone/bringup/ChaosCore-FPGA/RV32RocketFPGAConfig/RV32Rocket/platform/zynqmp_fsbl -b /mnt/Storage/SCHOOL/Capstone/bringup/ChaosCore-FPGA/RV32RocketFPGAConfig/RV32Rocket/platform/zynqmp_fsbl/build
14:11:11 INFO  : bash, -c, source /tools/Xilinx/Vitis/2024.2/tps/lnx64/lopper-1.1.0/env/bin/activate && python /tools/Xilinx/Vitis/2024.2/data/embeddedsw/scripts/pyesw//build_app.py -s /mnt/Storage/SCHOOL/Capstone/bringup/ChaosCore-FPGA/RV32RocketFPGAConfig/RV32Rocket/platform/zynqmp_fsbl -b /mnt/Storage/SCHOOL/Capstone/bringup/ChaosCore-FPGA/RV32RocketFPGAConfig/RV32Rocket/platform/zynqmp_fsbl/build && deactivate
14:11:17 INFO  : Successfully building the baremetal application/mnt/Storage/SCHOOL/Capstone/bringup/ChaosCore-FPGA/RV32RocketFPGAConfig/RV32Rocket/platform/zynqmp_fsbl/build
14:11:17 INFO  : Generating Export directory
14:11:18 INFO  : Platform Build Finished successfully.
14:11:23 INFO  : connect -url tcp:127.0.0.1:3121
14:11:28 INFO  : bpremove -all
14:11:28 INFO  : source /tools/Xilinx/Vitis/2024.2/scripts/vitis/util/zynqmp_utils.tcl
14:11:28 INFO  : Context for 'APU' is selected.
14:11:28 INFO  : System reset is completed.
14:11:31 INFO  : 'after 3000' command is executed.
14:11:31 INFO  : 'targets -set -filter {jtag_cable_name =~ "Avnet USB-to-JTAG/UART Pod V1 1234-oj1A" && level==0 && jtag_device_ctx=="jsn-USB-to-JTAG/UART Pod V1-1234-oj1A-14710093-0"}' command is executed.
14:11:34 INFO  : Device configured successfully with "/mnt/Storage/SCHOOL/Capstone/bringup/ChaosCore-FPGA/RV32RocketFPGAConfig/RV32Rocket/hello_world/_ide/bitstream/BD_wrapper.bit"
14:11:34 INFO  : targets -set -nocase -filter {name =~"PSU*"}
14:11:34 INFO  : catch {disable_pmu_gate}
14:11:34 INFO  : targets -set -nocase -filter {name =~"APU*"}
14:11:34 INFO  : loadhw -hw /mnt/Storage/SCHOOL/Capstone/bringup/ChaosCore-FPGA/RV32RocketFPGAConfig/RV32Rocket/platform/export/platform/hw/BD_wrapper.xsa -mem-ranges [list {0x80000000 0xbfffffff} {0x400000000 0x5ffffffff} {0x1000000000 0x7fffffffff}]
14:11:34 INFO  : configparams force-mem-access 1
14:11:34 INFO  : targets -set -nocase -filter {name =~"APU*"}
14:11:34 INFO  : source /tools/Xilinx/Vitis/2024.2/vitis-server/scripts/jtag_reg.tcl
14:11:34 INFO  : Boot mode is read from the target.
14:11:34 INFO  : targets -set -nocase -filter {name =~ "*A53*#0"}
14:11:34 INFO  : rst -processor
14:11:35 INFO  : dow /mnt/Storage/SCHOOL/Capstone/bringup/ChaosCore-FPGA/RV32RocketFPGAConfig/RV32Rocket/platform/export/platform/sw/boot/fsbl.elf
14:11:35 INFO  : set bp_11_35_fsbl_bp [bpadd -addr &XFsbl_Exit]
14:11:36 INFO  : con -block -timeout 60
14:11:36 INFO  : bpremove $bp_11_35_fsbl_bp
14:11:36 INFO  : targets -set -nocase -filter {name =~ "*A53*#0"}
14:11:36 INFO  : rst -processor
14:11:36 INFO  : dow /mnt/Storage/SCHOOL/Capstone/bringup/ChaosCore-FPGA/RV32RocketFPGAConfig/RV32Rocket/hello_world/build/hello_world.elf
14:11:36 INFO  : con
14:11:36 INFO  : configparams force-mem-access 0
14:11:37 INFO  : Testing the connection for 127.0.0.1
14:14:14 INFO  : disconnect
15:31:27 INFO  : The hardware specification used by project '/mnt/Storage/SCHOOL/Capstone/bringup/ChaosCore-FPGA/RV32RocketFPGAConfig/RV32Rocket/hello_world' is out of sync with the platform. Resource files extracted from the hardware specification will be updated.
15:31:27 INFO  : The file '/mnt/Storage/SCHOOL/Capstone/bringup/ChaosCore-FPGA/RV32RocketFPGAConfig/RV32Rocket/hello_world/_ide/bitstream/BD_wrapper.bit' stored in project is removed.
15:31:28 INFO  : The updated bitstream files are copied from platform to folder '/mnt/Storage/SCHOOL/Capstone/bringup/ChaosCore-FPGA/RV32RocketFPGAConfig/RV32Rocket/hello_world/_ide/bitstream' in project '/mnt/Storage/SCHOOL/Capstone/bringup/ChaosCore-FPGA/RV32RocketFPGAConfig/RV32Rocket/hello_world'.
15:31:28 INFO  : The file '/mnt/Storage/SCHOOL/Capstone/bringup/ChaosCore-FPGA/RV32RocketFPGAConfig/RV32Rocket/hello_world/_ide/psinit/psu_init.tcl' stored in project is removed.
15:31:28 INFO  : The updated ps init files are copied from platform to folder '/mnt/Storage/SCHOOL/Capstone/bringup/ChaosCore-FPGA/RV32RocketFPGAConfig/RV32Rocket/hello_world/_ide/psinit' in project '/mnt/Storage/SCHOOL/Capstone/bringup/ChaosCore-FPGA/RV32RocketFPGAConfig/RV32Rocket/hello_world'.
15:31:30 INFO  : Connected to target on host '127.0.0.1' and port '3121'.
15:31:30 INFO  : Connected to target on host '127.0.0.1' and port '3121'.
15:31:30 INFO  : 'targets -set -filter {jtag_cable_name =~ "Avnet USB-to-JTAG/UART Pod V1 1234-oj1A" && level==0 && jtag_device_ctx=="jsn-USB-to-JTAG/UART Pod V1-1234-oj1A-14710093-0"}' command is executed.
15:31:33 INFO  : Device configured successfully with "/mnt/Storage/SCHOOL/Capstone/bringup/ChaosCore-FPGA/RV32RocketFPGAConfig/RV32Rocket/hello_world/_ide/bitstream/BD_wrapper.bit"
15:31:39 INFO  : connect -url tcp:127.0.0.1:3121
15:31:39 INFO  : bpremove -all
15:31:39 INFO  : source /tools/Xilinx/Vitis/2024.2/scripts/vitis/util/zynqmp_utils.tcl
15:31:39 INFO  : Context for 'APU' is selected.
15:31:40 INFO  : System reset is completed.
15:31:43 INFO  : 'after 3000' command is executed.
15:31:43 INFO  : 'targets -set -filter {jtag_cable_name =~ "Avnet USB-to-JTAG/UART Pod V1 1234-oj1A" && level==0 && jtag_device_ctx=="jsn-USB-to-JTAG/UART Pod V1-1234-oj1A-14710093-0"}' command is executed.
15:31:46 INFO  : Device configured successfully with "/mnt/Storage/SCHOOL/Capstone/bringup/ChaosCore-FPGA/RV32RocketFPGAConfig/RV32Rocket/hello_world/_ide/bitstream/BD_wrapper.bit"
15:31:46 INFO  : targets -set -nocase -filter {name =~"PSU*"}
15:31:46 INFO  : catch {disable_pmu_gate}
15:31:46 INFO  : targets -set -nocase -filter {name =~"APU*"}
15:31:46 INFO  : loadhw -hw /mnt/Storage/SCHOOL/Capstone/bringup/ChaosCore-FPGA/RV32RocketFPGAConfig/RV32Rocket/platform/export/platform/hw/BD_wrapper.xsa -mem-ranges [list {0x80000000 0xbfffffff} {0x400000000 0x5ffffffff} {0x1000000000 0x7fffffffff}]
15:31:46 INFO  : configparams force-mem-access 1
15:31:46 INFO  : targets -set -nocase -filter {name =~"APU*"}
15:31:46 INFO  : source /tools/Xilinx/Vitis/2024.2/vitis-server/scripts/jtag_reg.tcl
15:31:46 INFO  : Boot mode is read from the target.
15:31:46 INFO  : targets -set -nocase -filter {name =~ "*A53*#0"}
15:31:46 INFO  : rst -processor
15:31:47 INFO  : dow /mnt/Storage/SCHOOL/Capstone/bringup/ChaosCore-FPGA/RV32RocketFPGAConfig/RV32Rocket/platform/export/platform/sw/boot/fsbl.elf
15:31:47 INFO  : set bp_31_47_fsbl_bp [bpadd -addr &XFsbl_Exit]
15:31:48 INFO  : con -block -timeout 60
15:31:48 INFO  : bpremove $bp_31_47_fsbl_bp
15:31:48 INFO  : targets -set -nocase -filter {name =~ "*A53*#0"}
15:31:48 INFO  : rst -processor
15:31:48 INFO  : dow /mnt/Storage/SCHOOL/Capstone/bringup/ChaosCore-FPGA/RV32RocketFPGAConfig/RV32Rocket/hello_world/build/hello_world.elf
15:31:48 INFO  : con
15:31:48 INFO  : configparams force-mem-access 0
15:31:49 INFO  : Testing the connection for 127.0.0.1
15:41:18 INFO  : disconnect
15:41:37 INFO  : Terminating Vitis C++ Server
19:00:50 INFO  : updated workspace path: /mnt/Storage/SCHOOL/Capstone/bringup/ChaosCore-FPGA/RV32RocketFPGAConfig/RV32Rocket
19:00:50 INFO  : bash, -c, source /tools/Xilinx/Vitis/2024.2/tps/lnx64/lopper-1.1.0/env/bin/activate && python /tools/Xilinx/Vitis/2024.2/data/embeddedsw/scripts/pyesw//get_template_data.py -d /tmp/rigel_lopper_alisher7374880013986894303 -r /mnt/Storage/SCHOOL/Capstone/bringup/ChaosCore-FPGA/RV32RocketFPGAConfig/RV32Rocket/_ide/.wsdata/.repo.yaml && deactivate
19:00:50 INFO  : Embedded Template List generated successfully
19:00:51 INFO  : Done
19:01:16 INFO  : Found no platform with name 'BD_wrapper' in install repositories
19:01:17 INFO  : HW XSA update started
19:01:17 INFO  : Using sdt generation script from /tools/Xilinx/Vitis/2024.2/vitis-server/scripts/platformutil.tcl
19:01:17 INFO  : bash, -c, source /tools/Xilinx/Vitis/2024.2/tps/lnx64/lopper-1.1.0/env/bin/activate && xsct /tools/Xilinx/Vitis/2024.2/vitis-server/scripts/platformutil.tcl /mnt/Storage/SCHOOL/Capstone/bringup/ChaosCore-FPGA/RV32RocketFPGAConfig/RV32Rocket/BD_wrapper.xsa /mnt/Storage/SCHOOL/Capstone/bringup/ChaosCore-FPGA/RV32RocketFPGAConfig/RV32Rocket/platform/hw/sdt && deactivate
19:01:27 INFO  : SDT generated successfully
19:01:27 INFO  : Generating BSP for the domain /mnt/Storage/SCHOOL/Capstone/bringup/ChaosCore-FPGA/RV32RocketFPGAConfig/RV32Rocket/platform/zynqmp_fsbl/zynqmp_fsbl_bsp
19:01:27 INFO  : lopper command to reconfigure BSP :python /tools/Xilinx/Vitis/2024.2/data/embeddedsw/scripts/pyesw//reconfig_bsp.py -d /mnt/Storage/SCHOOL/Capstone/bringup/ChaosCore-FPGA/RV32RocketFPGAConfig/RV32Rocket/platform/zynqmp_fsbl/zynqmp_fsbl_bsp
19:01:27 INFO  : bash, -c, source /tools/Xilinx/Vitis/2024.2/tps/lnx64/lopper-1.1.0/env/bin/activate && python /tools/Xilinx/Vitis/2024.2/data/embeddedsw/scripts/pyesw//reconfig_bsp.py -d /mnt/Storage/SCHOOL/Capstone/bringup/ChaosCore-FPGA/RV32RocketFPGAConfig/RV32Rocket/platform/zynqmp_fsbl/zynqmp_fsbl_bsp && deactivate
19:01:27 INFO  : Domain reconfigured successfully
19:01:27 INFO  : lopper command to regenerate BSP :python /tools/Xilinx/Vitis/2024.2/data/embeddedsw/scripts/pyesw//regen_bsp.py -s /mnt/Storage/SCHOOL/Capstone/bringup/ChaosCore-FPGA/RV32RocketFPGAConfig/RV32Rocket/platform/hw/sdt/system-top.dts -d /mnt/Storage/SCHOOL/Capstone/bringup/ChaosCore-FPGA/RV32RocketFPGAConfig/RV32Rocket/platform/zynqmp_fsbl/zynqmp_fsbl_bsp -r /mnt/Storage/SCHOOL/Capstone/bringup/ChaosCore-FPGA/RV32RocketFPGAConfig/RV32Rocket/_ide/.wsdata/.repo.yaml
19:01:27 INFO  : bash, -c, source /tools/Xilinx/Vitis/2024.2/tps/lnx64/lopper-1.1.0/env/bin/activate && python /tools/Xilinx/Vitis/2024.2/data/embeddedsw/scripts/pyesw//regen_bsp.py -s /mnt/Storage/SCHOOL/Capstone/bringup/ChaosCore-FPGA/RV32RocketFPGAConfig/RV32Rocket/platform/hw/sdt/system-top.dts -d /mnt/Storage/SCHOOL/Capstone/bringup/ChaosCore-FPGA/RV32RocketFPGAConfig/RV32Rocket/platform/zynqmp_fsbl/zynqmp_fsbl_bsp -r /mnt/Storage/SCHOOL/Capstone/bringup/ChaosCore-FPGA/RV32RocketFPGAConfig/RV32Rocket/_ide/.wsdata/.repo.yaml && deactivate
19:01:42 INFO  : -- Configuring done
19:01:42 INFO  : -- Generating done
19:01:42 INFO  : -- Build files have been written to: /mnt/Storage/SCHOOL/Capstone/bringup/ChaosCore-FPGA/RV32RocketFPGAConfig/RV32Rocket/platform/zynqmp_fsbl/zynqmp_fsbl_bsp/libsrc/build_configs/gen_bsp
19:01:42 INFO  : Successfully created Domain at /mnt/Storage/SCHOOL/Capstone/bringup/ChaosCore-FPGA/RV32RocketFPGAConfig/RV32Rocket/platform/zynqmp_fsbl/zynqmp_fsbl_bsp
19:01:42 INFO  : BSP regenerated successfully
19:01:42 INFO  : Generating BSP for the domain /mnt/Storage/SCHOOL/Capstone/bringup/ChaosCore-FPGA/RV32RocketFPGAConfig/RV32Rocket/platform/psu_cortexa53_0/standalone_psu_cortexa53_0/bsp
19:01:42 INFO  : lopper command to reconfigure BSP :python /tools/Xilinx/Vitis/2024.2/data/embeddedsw/scripts/pyesw//reconfig_bsp.py -d /mnt/Storage/SCHOOL/Capstone/bringup/ChaosCore-FPGA/RV32RocketFPGAConfig/RV32Rocket/platform/psu_cortexa53_0/standalone_psu_cortexa53_0/bsp
19:01:42 INFO  : bash, -c, source /tools/Xilinx/Vitis/2024.2/tps/lnx64/lopper-1.1.0/env/bin/activate && python /tools/Xilinx/Vitis/2024.2/data/embeddedsw/scripts/pyesw//reconfig_bsp.py -d /mnt/Storage/SCHOOL/Capstone/bringup/ChaosCore-FPGA/RV32RocketFPGAConfig/RV32Rocket/platform/psu_cortexa53_0/standalone_psu_cortexa53_0/bsp && deactivate
19:01:42 INFO  : Domain reconfigured successfully
19:01:42 INFO  : lopper command to regenerate BSP :python /tools/Xilinx/Vitis/2024.2/data/embeddedsw/scripts/pyesw//regen_bsp.py -s /mnt/Storage/SCHOOL/Capstone/bringup/ChaosCore-FPGA/RV32RocketFPGAConfig/RV32Rocket/platform/hw/sdt/system-top.dts -d /mnt/Storage/SCHOOL/Capstone/bringup/ChaosCore-FPGA/RV32RocketFPGAConfig/RV32Rocket/platform/psu_cortexa53_0/standalone_psu_cortexa53_0/bsp -r /mnt/Storage/SCHOOL/Capstone/bringup/ChaosCore-FPGA/RV32RocketFPGAConfig/RV32Rocket/_ide/.wsdata/.repo.yaml
19:01:42 INFO  : bash, -c, source /tools/Xilinx/Vitis/2024.2/tps/lnx64/lopper-1.1.0/env/bin/activate && python /tools/Xilinx/Vitis/2024.2/data/embeddedsw/scripts/pyesw//regen_bsp.py -s /mnt/Storage/SCHOOL/Capstone/bringup/ChaosCore-FPGA/RV32RocketFPGAConfig/RV32Rocket/platform/hw/sdt/system-top.dts -d /mnt/Storage/SCHOOL/Capstone/bringup/ChaosCore-FPGA/RV32RocketFPGAConfig/RV32Rocket/platform/psu_cortexa53_0/standalone_psu_cortexa53_0/bsp -r /mnt/Storage/SCHOOL/Capstone/bringup/ChaosCore-FPGA/RV32RocketFPGAConfig/RV32Rocket/_ide/.wsdata/.repo.yaml && deactivate
19:01:53 INFO  : -- Configuring done
19:01:53 INFO  : -- Generating done
19:01:53 INFO  : -- Build files have been written to: /mnt/Storage/SCHOOL/Capstone/bringup/ChaosCore-FPGA/RV32RocketFPGAConfig/RV32Rocket/platform/psu_cortexa53_0/standalone_psu_cortexa53_0/bsp/libsrc/build_configs/gen_bsp
19:01:53 INFO  : Successfully created Domain at /mnt/Storage/SCHOOL/Capstone/bringup/ChaosCore-FPGA/RV32RocketFPGAConfig/RV32Rocket/platform/psu_cortexa53_0/standalone_psu_cortexa53_0/bsp
19:01:53 INFO  : BSP regenerated successfully
19:01:53 INFO  : Hardware XSA update finished successfully
19:01:53 INFO  : BSP build will be initiated for Domain zynqmp_fsbl
19:01:53 INFO  : BSP build will be initiated for Domain standalone_psu_cortexa53_0
19:01:53 INFO  : Generating BSP for the domain /mnt/Storage/SCHOOL/Capstone/bringup/ChaosCore-FPGA/RV32RocketFPGAConfig/RV32Rocket/platform/zynqmp_fsbl/zynqmp_fsbl_bsp
19:01:53 INFO  : Generating BSP for the domain /mnt/Storage/SCHOOL/Capstone/bringup/ChaosCore-FPGA/RV32RocketFPGAConfig/RV32Rocket/platform/psu_cortexa53_0/standalone_psu_cortexa53_0/bsp
19:01:53 INFO  : lopper command to reconfigure BSP :python /tools/Xilinx/Vitis/2024.2/data/embeddedsw/scripts/pyesw//reconfig_bsp.py -d /mnt/Storage/SCHOOL/Capstone/bringup/ChaosCore-FPGA/RV32RocketFPGAConfig/RV32Rocket/platform/zynqmp_fsbl/zynqmp_fsbl_bsp
19:01:53 INFO  : lopper command to reconfigure BSP :python /tools/Xilinx/Vitis/2024.2/data/embeddedsw/scripts/pyesw//reconfig_bsp.py -d /mnt/Storage/SCHOOL/Capstone/bringup/ChaosCore-FPGA/RV32RocketFPGAConfig/RV32Rocket/platform/psu_cortexa53_0/standalone_psu_cortexa53_0/bsp
19:01:53 INFO  : bash, -c, source /tools/Xilinx/Vitis/2024.2/tps/lnx64/lopper-1.1.0/env/bin/activate && python /tools/Xilinx/Vitis/2024.2/data/embeddedsw/scripts/pyesw//reconfig_bsp.py -d /mnt/Storage/SCHOOL/Capstone/bringup/ChaosCore-FPGA/RV32RocketFPGAConfig/RV32Rocket/platform/psu_cortexa53_0/standalone_psu_cortexa53_0/bsp && deactivate
19:01:53 INFO  : bash, -c, source /tools/Xilinx/Vitis/2024.2/tps/lnx64/lopper-1.1.0/env/bin/activate && python /tools/Xilinx/Vitis/2024.2/data/embeddedsw/scripts/pyesw//reconfig_bsp.py -d /mnt/Storage/SCHOOL/Capstone/bringup/ChaosCore-FPGA/RV32RocketFPGAConfig/RV32Rocket/platform/zynqmp_fsbl/zynqmp_fsbl_bsp && deactivate
19:01:53 INFO  : Found no platform with name 'platform' in install repositories
19:02:05 INFO  : Domain reconfigured successfully
19:02:05 INFO  : Generating BSP for the domain /mnt/Storage/SCHOOL/Capstone/bringup/ChaosCore-FPGA/RV32RocketFPGAConfig/RV32Rocket/platform/psu_cortexa53_0/standalone_psu_cortexa53_0/bsp
19:02:05 INFO  : lopper command to build BSP :python /tools/Xilinx/Vitis/2024.2/data/embeddedsw/scripts/pyesw//build_bsp.py -d /mnt/Storage/SCHOOL/Capstone/bringup/ChaosCore-FPGA/RV32RocketFPGAConfig/RV32Rocket/platform/psu_cortexa53_0/standalone_psu_cortexa53_0/bsp
19:02:05 INFO  : bash, -c, source /tools/Xilinx/Vitis/2024.2/tps/lnx64/lopper-1.1.0/env/bin/activate && python /tools/Xilinx/Vitis/2024.2/data/embeddedsw/scripts/pyesw//build_bsp.py -d /mnt/Storage/SCHOOL/Capstone/bringup/ChaosCore-FPGA/RV32RocketFPGAConfig/RV32Rocket/platform/psu_cortexa53_0/standalone_psu_cortexa53_0/bsp && deactivate
19:02:05 INFO  : Domain reconfigured successfully
19:02:05 INFO  : Generating BSP for the domain /mnt/Storage/SCHOOL/Capstone/bringup/ChaosCore-FPGA/RV32RocketFPGAConfig/RV32Rocket/platform/zynqmp_fsbl/zynqmp_fsbl_bsp
19:02:05 INFO  : lopper command to build BSP :python /tools/Xilinx/Vitis/2024.2/data/embeddedsw/scripts/pyesw//build_bsp.py -d /mnt/Storage/SCHOOL/Capstone/bringup/ChaosCore-FPGA/RV32RocketFPGAConfig/RV32Rocket/platform/zynqmp_fsbl/zynqmp_fsbl_bsp
19:02:05 INFO  : bash, -c, source /tools/Xilinx/Vitis/2024.2/tps/lnx64/lopper-1.1.0/env/bin/activate && python /tools/Xilinx/Vitis/2024.2/data/embeddedsw/scripts/pyesw//build_bsp.py -d /mnt/Storage/SCHOOL/Capstone/bringup/ChaosCore-FPGA/RV32RocketFPGAConfig/RV32Rocket/platform/zynqmp_fsbl/zynqmp_fsbl_bsp && deactivate
19:02:17 INFO  : Domain build successfully
19:02:18 INFO  : Domain build successfully
19:02:18 INFO  : Generating Boot ELFs
19:02:18 INFO  : lopper command to retarget baremetal application :python /tools/Xilinx/Vitis/2024.2/data/embeddedsw/scripts/pyesw//retarget_app.py -s /mnt/Storage/SCHOOL/Capstone/bringup/ChaosCore-FPGA/RV32RocketFPGAConfig/RV32Rocket/platform/zynqmp_fsbl -d /mnt/Storage/SCHOOL/Capstone/bringup/ChaosCore-FPGA/RV32RocketFPGAConfig/RV32Rocket/platform/zynqmp_fsbl/zynqmp_fsbl_bsp -b /mnt/Storage/SCHOOL/Capstone/bringup/ChaosCore-FPGA/RV32RocketFPGAConfig/RV32Rocket/platform/zynqmp_fsbl/build
19:02:18 INFO  : bash, -c, source /tools/Xilinx/Vitis/2024.2/tps/lnx64/lopper-1.1.0/env/bin/activate && python /tools/Xilinx/Vitis/2024.2/data/embeddedsw/scripts/pyesw//retarget_app.py -s /mnt/Storage/SCHOOL/Capstone/bringup/ChaosCore-FPGA/RV32RocketFPGAConfig/RV32Rocket/platform/zynqmp_fsbl -d /mnt/Storage/SCHOOL/Capstone/bringup/ChaosCore-FPGA/RV32RocketFPGAConfig/RV32Rocket/platform/zynqmp_fsbl/zynqmp_fsbl_bsp -b /mnt/Storage/SCHOOL/Capstone/bringup/ChaosCore-FPGA/RV32RocketFPGAConfig/RV32Rocket/platform/zynqmp_fsbl/build && deactivate
19:02:18 INFO  : Successfully retargeted Application /mnt/Storage/SCHOOL/Capstone/bringup/ChaosCore-FPGA/RV32RocketFPGAConfig/RV32Rocket/platform/zynqmp_fsbl
19:02:18 INFO  : lopper command to build baremetal application :python /tools/Xilinx/Vitis/2024.2/data/embeddedsw/scripts/pyesw//build_app.py -s /mnt/Storage/SCHOOL/Capstone/bringup/ChaosCore-FPGA/RV32RocketFPGAConfig/RV32Rocket/platform/zynqmp_fsbl -b /mnt/Storage/SCHOOL/Capstone/bringup/ChaosCore-FPGA/RV32RocketFPGAConfig/RV32Rocket/platform/zynqmp_fsbl/build
19:02:18 INFO  : bash, -c, source /tools/Xilinx/Vitis/2024.2/tps/lnx64/lopper-1.1.0/env/bin/activate && python /tools/Xilinx/Vitis/2024.2/data/embeddedsw/scripts/pyesw//build_app.py -s /mnt/Storage/SCHOOL/Capstone/bringup/ChaosCore-FPGA/RV32RocketFPGAConfig/RV32Rocket/platform/zynqmp_fsbl -b /mnt/Storage/SCHOOL/Capstone/bringup/ChaosCore-FPGA/RV32RocketFPGAConfig/RV32Rocket/platform/zynqmp_fsbl/build && deactivate
19:02:23 INFO  : Successfully building the baremetal application/mnt/Storage/SCHOOL/Capstone/bringup/ChaosCore-FPGA/RV32RocketFPGAConfig/RV32Rocket/platform/zynqmp_fsbl/build
19:02:23 INFO  : Generating Export directory
19:02:24 INFO  : Platform Build Finished successfully.
19:02:48 INFO  : The hardware specification used by project '/mnt/Storage/SCHOOL/Capstone/bringup/ChaosCore-FPGA/RV32RocketFPGAConfig/RV32Rocket/hello_world' is out of sync with the platform. Resource files extracted from the hardware specification will be updated.
19:02:48 INFO  : The file '/mnt/Storage/SCHOOL/Capstone/bringup/ChaosCore-FPGA/RV32RocketFPGAConfig/RV32Rocket/hello_world/_ide/bitstream/BD_wrapper.bit' stored in project is removed.
19:02:48 INFO  : The updated bitstream files are copied from platform to folder '/mnt/Storage/SCHOOL/Capstone/bringup/ChaosCore-FPGA/RV32RocketFPGAConfig/RV32Rocket/hello_world/_ide/bitstream' in project '/mnt/Storage/SCHOOL/Capstone/bringup/ChaosCore-FPGA/RV32RocketFPGAConfig/RV32Rocket/hello_world'.
19:02:48 INFO  : The file '/mnt/Storage/SCHOOL/Capstone/bringup/ChaosCore-FPGA/RV32RocketFPGAConfig/RV32Rocket/hello_world/_ide/psinit/psu_init.tcl' stored in project is removed.
19:02:48 INFO  : The updated ps init files are copied from platform to folder '/mnt/Storage/SCHOOL/Capstone/bringup/ChaosCore-FPGA/RV32RocketFPGAConfig/RV32Rocket/hello_world/_ide/psinit' in project '/mnt/Storage/SCHOOL/Capstone/bringup/ChaosCore-FPGA/RV32RocketFPGAConfig/RV32Rocket/hello_world'.
19:02:53 INFO  : Connected to target on host '127.0.0.1' and port '3121'.
19:02:54 INFO  : Connected to target on host '127.0.0.1' and port '3121'.
19:02:54 INFO  : 'targets -set -filter {jtag_cable_name =~ "Avnet USB-to-JTAG/UART Pod V1 1234-oj1A" && level==0 && jtag_device_ctx=="jsn-USB-to-JTAG/UART Pod V1-1234-oj1A-14710093-0"}' command is executed.
19:02:57 INFO  : Device configured successfully with "/mnt/Storage/SCHOOL/Capstone/bringup/ChaosCore-FPGA/RV32RocketFPGAConfig/RV32Rocket/hello_world/_ide/bitstream/BD_wrapper.bit"
19:03:33 INFO  : connect -url tcp:127.0.0.1:3121
19:03:33 INFO  : bpremove -all
19:03:33 INFO  : source /tools/Xilinx/Vitis/2024.2/scripts/vitis/util/zynqmp_utils.tcl
19:03:33 INFO  : Context for 'APU' is selected.
19:03:34 INFO  : System reset is completed.
19:03:37 INFO  : 'after 3000' command is executed.
19:03:37 INFO  : 'targets -set -filter {jtag_cable_name =~ "Avnet USB-to-JTAG/UART Pod V1 1234-oj1A" && level==0 && jtag_device_ctx=="jsn-USB-to-JTAG/UART Pod V1-1234-oj1A-14710093-0"}' command is executed.
19:03:40 INFO  : Device configured successfully with "/mnt/Storage/SCHOOL/Capstone/bringup/ChaosCore-FPGA/RV32RocketFPGAConfig/RV32Rocket/hello_world/_ide/bitstream/BD_wrapper.bit"
19:03:40 INFO  : targets -set -nocase -filter {name =~"PSU*"}
19:03:40 INFO  : catch {disable_pmu_gate}
19:03:40 INFO  : targets -set -nocase -filter {name =~"APU*"}
19:03:41 INFO  : loadhw -hw /mnt/Storage/SCHOOL/Capstone/bringup/ChaosCore-FPGA/RV32RocketFPGAConfig/RV32Rocket/platform/export/platform/hw/BD_wrapper.xsa -mem-ranges [list {0x80000000 0xbfffffff} {0x400000000 0x5ffffffff} {0x1000000000 0x7fffffffff}]
19:03:41 INFO  : configparams force-mem-access 1
19:03:41 INFO  : targets -set -nocase -filter {name =~"APU*"}
19:03:41 INFO  : source /tools/Xilinx/Vitis/2024.2/vitis-server/scripts/jtag_reg.tcl
19:03:41 INFO  : Boot mode is read from the target.
19:03:41 INFO  : targets -set -nocase -filter {name =~ "*A53*#0"}
19:03:41 INFO  : rst -processor
19:03:41 INFO  : dow /mnt/Storage/SCHOOL/Capstone/bringup/ChaosCore-FPGA/RV32RocketFPGAConfig/RV32Rocket/platform/export/platform/sw/boot/fsbl.elf
19:03:41 INFO  : set bp_3_41_fsbl_bp [bpadd -addr &XFsbl_Exit]
19:03:42 INFO  : con -block -timeout 60
19:03:42 INFO  : bpremove $bp_3_41_fsbl_bp
19:03:42 INFO  : targets -set -nocase -filter {name =~ "*A53*#0"}
19:03:42 INFO  : rst -processor
19:03:43 INFO  : dow /mnt/Storage/SCHOOL/Capstone/bringup/ChaosCore-FPGA/RV32RocketFPGAConfig/RV32Rocket/hello_world/build/hello_world.elf
19:03:43 INFO  : con
19:03:43 INFO  : configparams force-mem-access 0
19:03:44 INFO  : Testing the connection for 127.0.0.1
19:07:21 INFO  : connect -url tcp:127.0.0.1:3121
19:07:21 INFO  : bpremove -all
19:07:21 INFO  : source /tools/Xilinx/Vitis/2024.2/scripts/vitis/util/zynqmp_utils.tcl
19:07:21 INFO  : Context for 'APU' is selected.
19:07:21 INFO  : System reset is completed.
19:07:21 INFO  : disconnect
19:07:24 INFO  : 'after 3000' command is executed.
19:07:24 ERROR : Failed to initialize the hardware Invalid target. Use "connect" command to connect to hw_server/TCF agent
19:07:34 INFO  : The updated bitstream files are copied from platform to folder '/mnt/Storage/SCHOOL/Capstone/bringup/ChaosCore-FPGA/RV32RocketFPGAConfig/RV32Rocket/hello_world/_ide/bitstream' in project '/mnt/Storage/SCHOOL/Capstone/bringup/ChaosCore-FPGA/RV32RocketFPGAConfig/RV32Rocket/hello_world'.
19:07:34 INFO  : The updated ps init files are copied from platform to folder '/mnt/Storage/SCHOOL/Capstone/bringup/ChaosCore-FPGA/RV32RocketFPGAConfig/RV32Rocket/hello_world/_ide/psinit' in project '/mnt/Storage/SCHOOL/Capstone/bringup/ChaosCore-FPGA/RV32RocketFPGAConfig/RV32Rocket/hello_world'.
19:07:35 INFO  : Connected to target on host '127.0.0.1' and port '3121'.
19:07:35 INFO  : Connected to target on host '127.0.0.1' and port '3121'.
19:07:35 INFO  : 'targets -set -filter {jtag_cable_name =~ "Avnet USB-to-JTAG/UART Pod V1 1234-oj1A" && level==0 && jtag_device_ctx=="jsn-USB-to-JTAG/UART Pod V1-1234-oj1A-14710093-0"}' command is executed.
19:07:38 INFO  : Device configured successfully with "/mnt/Storage/SCHOOL/Capstone/bringup/ChaosCore-FPGA/RV32RocketFPGAConfig/RV32Rocket/hello_world/_ide/bitstream/BD_wrapper.bit"
19:07:39 INFO  : connect -url tcp:127.0.0.1:3121
19:07:39 INFO  : bpremove -all
19:07:39 INFO  : source /tools/Xilinx/Vitis/2024.2/scripts/vitis/util/zynqmp_utils.tcl
19:07:39 INFO  : Context for 'APU' is selected.
19:07:40 INFO  : System reset is completed.
19:07:43 INFO  : 'after 3000' command is executed.
19:07:43 INFO  : 'targets -set -filter {jtag_cable_name =~ "Avnet USB-to-JTAG/UART Pod V1 1234-oj1A" && level==0 && jtag_device_ctx=="jsn-USB-to-JTAG/UART Pod V1-1234-oj1A-14710093-0"}' command is executed.
19:07:47 INFO  : Device configured successfully with "/mnt/Storage/SCHOOL/Capstone/bringup/ChaosCore-FPGA/RV32RocketFPGAConfig/RV32Rocket/hello_world/_ide/bitstream/BD_wrapper.bit"
19:07:47 INFO  : targets -set -nocase -filter {name =~"PSU*"}
19:07:47 INFO  : catch {disable_pmu_gate}
19:07:47 INFO  : targets -set -nocase -filter {name =~"APU*"}
19:07:47 INFO  : loadhw -hw /mnt/Storage/SCHOOL/Capstone/bringup/ChaosCore-FPGA/RV32RocketFPGAConfig/RV32Rocket/platform/export/platform/hw/BD_wrapper.xsa -mem-ranges [list {0x80000000 0xbfffffff} {0x400000000 0x5ffffffff} {0x1000000000 0x7fffffffff}]
19:07:47 INFO  : configparams force-mem-access 1
19:07:47 INFO  : targets -set -nocase -filter {name =~"APU*"}
19:07:47 INFO  : source /tools/Xilinx/Vitis/2024.2/vitis-server/scripts/jtag_reg.tcl
19:07:47 INFO  : Boot mode is read from the target.
19:07:47 INFO  : targets -set -nocase -filter {name =~ "*A53*#0"}
19:07:47 INFO  : rst -processor
19:07:47 INFO  : dow /mnt/Storage/SCHOOL/Capstone/bringup/ChaosCore-FPGA/RV32RocketFPGAConfig/RV32Rocket/platform/export/platform/sw/boot/fsbl.elf
19:07:47 INFO  : set bp_7_47_fsbl_bp [bpadd -addr &XFsbl_Exit]
19:07:48 INFO  : con -block -timeout 60
19:07:48 INFO  : bpremove $bp_7_47_fsbl_bp
19:07:48 INFO  : targets -set -nocase -filter {name =~ "*A53*#0"}
19:07:48 INFO  : rst -processor
19:07:49 INFO  : dow /mnt/Storage/SCHOOL/Capstone/bringup/ChaosCore-FPGA/RV32RocketFPGAConfig/RV32Rocket/hello_world/build/hello_world.elf
19:07:49 INFO  : con
19:07:49 INFO  : configparams force-mem-access 0
19:07:50 INFO  : Testing the connection for 127.0.0.1
19:10:54 INFO  : disconnect
17:34:36 INFO  : updated workspace path: /mnt/Storage/SCHOOL/Capstone/bringup/ChaosCore-FPGA/RV32RocketFPGAConfig/RV32Rocket
17:34:36 INFO  : created .gitignore file for the project /mnt/Storage/SCHOOL/Capstone/bringup/ChaosCore-FPGA/RV32RocketFPGAConfig/RV32Rocket
17:34:36 INFO  : bash, -c, source /tools/Xilinx/Vitis/2024.2/tps/lnx64/lopper-1.1.0/env/bin/activate && python /tools/Xilinx/Vitis/2024.2/data/embeddedsw/scripts/pyesw//get_template_data.py -d /tmp/rigel_lopper_alisher429391367523015851 -r /mnt/Storage/SCHOOL/Capstone/bringup/ChaosCore-FPGA/RV32RocketFPGAConfig/RV32Rocket/_ide/.wsdata/.repo.yaml && deactivate
17:34:36 INFO  : Embedded Template List generated successfully
17:34:40 INFO  : Done
17:35:19 INFO  : Found no platform with name 'BD_wrapper' in install repositories
17:35:19 INFO  : HW XSA update started
17:35:19 INFO  : Using sdt generation script from /tools/Xilinx/Vitis/2024.2/vitis-server/scripts/platformutil.tcl
17:35:19 INFO  : bash, -c, source /tools/Xilinx/Vitis/2024.2/tps/lnx64/lopper-1.1.0/env/bin/activate && xsct /tools/Xilinx/Vitis/2024.2/vitis-server/scripts/platformutil.tcl /mnt/Storage/SCHOOL/Capstone/bringup/ChaosCore-FPGA/RV32RocketFPGAConfig/RV32Rocket/BD_wrapper.xsa /mnt/Storage/SCHOOL/Capstone/bringup/ChaosCore-FPGA/RV32RocketFPGAConfig/RV32Rocket/platform/hw/sdt && deactivate
17:35:30 INFO  : SDT generated successfully
17:35:30 INFO  : Generating BSP for the domain /mnt/Storage/SCHOOL/Capstone/bringup/ChaosCore-FPGA/RV32RocketFPGAConfig/RV32Rocket/platform/zynqmp_fsbl/zynqmp_fsbl_bsp
17:35:30 INFO  : lopper command to reconfigure BSP :python /tools/Xilinx/Vitis/2024.2/data/embeddedsw/scripts/pyesw//reconfig_bsp.py -d /mnt/Storage/SCHOOL/Capstone/bringup/ChaosCore-FPGA/RV32RocketFPGAConfig/RV32Rocket/platform/zynqmp_fsbl/zynqmp_fsbl_bsp
17:35:30 INFO  : bash, -c, source /tools/Xilinx/Vitis/2024.2/tps/lnx64/lopper-1.1.0/env/bin/activate && python /tools/Xilinx/Vitis/2024.2/data/embeddedsw/scripts/pyesw//reconfig_bsp.py -d /mnt/Storage/SCHOOL/Capstone/bringup/ChaosCore-FPGA/RV32RocketFPGAConfig/RV32Rocket/platform/zynqmp_fsbl/zynqmp_fsbl_bsp && deactivate
17:35:30 INFO  : Domain reconfigured successfully
17:35:30 INFO  : lopper command to regenerate BSP :python /tools/Xilinx/Vitis/2024.2/data/embeddedsw/scripts/pyesw//regen_bsp.py -s /mnt/Storage/SCHOOL/Capstone/bringup/ChaosCore-FPGA/RV32RocketFPGAConfig/RV32Rocket/platform/hw/sdt/system-top.dts -d /mnt/Storage/SCHOOL/Capstone/bringup/ChaosCore-FPGA/RV32RocketFPGAConfig/RV32Rocket/platform/zynqmp_fsbl/zynqmp_fsbl_bsp -r /mnt/Storage/SCHOOL/Capstone/bringup/ChaosCore-FPGA/RV32RocketFPGAConfig/RV32Rocket/_ide/.wsdata/.repo.yaml
17:35:30 INFO  : bash, -c, source /tools/Xilinx/Vitis/2024.2/tps/lnx64/lopper-1.1.0/env/bin/activate && python /tools/Xilinx/Vitis/2024.2/data/embeddedsw/scripts/pyesw//regen_bsp.py -s /mnt/Storage/SCHOOL/Capstone/bringup/ChaosCore-FPGA/RV32RocketFPGAConfig/RV32Rocket/platform/hw/sdt/system-top.dts -d /mnt/Storage/SCHOOL/Capstone/bringup/ChaosCore-FPGA/RV32RocketFPGAConfig/RV32Rocket/platform/zynqmp_fsbl/zynqmp_fsbl_bsp -r /mnt/Storage/SCHOOL/Capstone/bringup/ChaosCore-FPGA/RV32RocketFPGAConfig/RV32Rocket/_ide/.wsdata/.repo.yaml && deactivate
17:35:45 INFO  : -- Configuring done
17:35:45 INFO  : -- Generating done
17:35:45 INFO  : -- Build files have been written to: /mnt/Storage/SCHOOL/Capstone/bringup/ChaosCore-FPGA/RV32RocketFPGAConfig/RV32Rocket/platform/zynqmp_fsbl/zynqmp_fsbl_bsp/libsrc/build_configs/gen_bsp
17:35:45 INFO  : Successfully created Domain at /mnt/Storage/SCHOOL/Capstone/bringup/ChaosCore-FPGA/RV32RocketFPGAConfig/RV32Rocket/platform/zynqmp_fsbl/zynqmp_fsbl_bsp
17:35:45 INFO  : BSP regenerated successfully
17:35:45 INFO  : Generating BSP for the domain /mnt/Storage/SCHOOL/Capstone/bringup/ChaosCore-FPGA/RV32RocketFPGAConfig/RV32Rocket/platform/psu_cortexa53_0/standalone_psu_cortexa53_0/bsp
17:35:45 INFO  : lopper command to reconfigure BSP :python /tools/Xilinx/Vitis/2024.2/data/embeddedsw/scripts/pyesw//reconfig_bsp.py -d /mnt/Storage/SCHOOL/Capstone/bringup/ChaosCore-FPGA/RV32RocketFPGAConfig/RV32Rocket/platform/psu_cortexa53_0/standalone_psu_cortexa53_0/bsp
17:35:45 INFO  : bash, -c, source /tools/Xilinx/Vitis/2024.2/tps/lnx64/lopper-1.1.0/env/bin/activate && python /tools/Xilinx/Vitis/2024.2/data/embeddedsw/scripts/pyesw//reconfig_bsp.py -d /mnt/Storage/SCHOOL/Capstone/bringup/ChaosCore-FPGA/RV32RocketFPGAConfig/RV32Rocket/platform/psu_cortexa53_0/standalone_psu_cortexa53_0/bsp && deactivate
17:35:45 INFO  : Domain reconfigured successfully
17:35:45 INFO  : lopper command to regenerate BSP :python /tools/Xilinx/Vitis/2024.2/data/embeddedsw/scripts/pyesw//regen_bsp.py -s /mnt/Storage/SCHOOL/Capstone/bringup/ChaosCore-FPGA/RV32RocketFPGAConfig/RV32Rocket/platform/hw/sdt/system-top.dts -d /mnt/Storage/SCHOOL/Capstone/bringup/ChaosCore-FPGA/RV32RocketFPGAConfig/RV32Rocket/platform/psu_cortexa53_0/standalone_psu_cortexa53_0/bsp -r /mnt/Storage/SCHOOL/Capstone/bringup/ChaosCore-FPGA/RV32RocketFPGAConfig/RV32Rocket/_ide/.wsdata/.repo.yaml
17:35:45 INFO  : bash, -c, source /tools/Xilinx/Vitis/2024.2/tps/lnx64/lopper-1.1.0/env/bin/activate && python /tools/Xilinx/Vitis/2024.2/data/embeddedsw/scripts/pyesw//regen_bsp.py -s /mnt/Storage/SCHOOL/Capstone/bringup/ChaosCore-FPGA/RV32RocketFPGAConfig/RV32Rocket/platform/hw/sdt/system-top.dts -d /mnt/Storage/SCHOOL/Capstone/bringup/ChaosCore-FPGA/RV32RocketFPGAConfig/RV32Rocket/platform/psu_cortexa53_0/standalone_psu_cortexa53_0/bsp -r /mnt/Storage/SCHOOL/Capstone/bringup/ChaosCore-FPGA/RV32RocketFPGAConfig/RV32Rocket/_ide/.wsdata/.repo.yaml && deactivate
17:35:56 INFO  : -- Configuring done
17:35:56 INFO  : -- Generating done
17:35:56 INFO  : -- Build files have been written to: /mnt/Storage/SCHOOL/Capstone/bringup/ChaosCore-FPGA/RV32RocketFPGAConfig/RV32Rocket/platform/psu_cortexa53_0/standalone_psu_cortexa53_0/bsp/libsrc/build_configs/gen_bsp
17:35:56 INFO  : Successfully created Domain at /mnt/Storage/SCHOOL/Capstone/bringup/ChaosCore-FPGA/RV32RocketFPGAConfig/RV32Rocket/platform/psu_cortexa53_0/standalone_psu_cortexa53_0/bsp
17:35:56 INFO  : BSP regenerated successfully
17:35:56 INFO  : Hardware XSA update finished successfully
17:37:46 INFO  : BSP build will be initiated for Domain zynqmp_fsbl
17:37:46 INFO  : BSP build will be initiated for Domain standalone_psu_cortexa53_0
17:37:46 INFO  : Generating BSP for the domain /mnt/Storage/SCHOOL/Capstone/bringup/ChaosCore-FPGA/RV32RocketFPGAConfig/RV32Rocket/platform/zynqmp_fsbl/zynqmp_fsbl_bsp
17:37:46 INFO  : Generating BSP for the domain /mnt/Storage/SCHOOL/Capstone/bringup/ChaosCore-FPGA/RV32RocketFPGAConfig/RV32Rocket/platform/psu_cortexa53_0/standalone_psu_cortexa53_0/bsp
17:37:46 INFO  : lopper command to reconfigure BSP :python /tools/Xilinx/Vitis/2024.2/data/embeddedsw/scripts/pyesw//reconfig_bsp.py -d /mnt/Storage/SCHOOL/Capstone/bringup/ChaosCore-FPGA/RV32RocketFPGAConfig/RV32Rocket/platform/zynqmp_fsbl/zynqmp_fsbl_bsp
17:37:46 INFO  : lopper command to reconfigure BSP :python /tools/Xilinx/Vitis/2024.2/data/embeddedsw/scripts/pyesw//reconfig_bsp.py -d /mnt/Storage/SCHOOL/Capstone/bringup/ChaosCore-FPGA/RV32RocketFPGAConfig/RV32Rocket/platform/psu_cortexa53_0/standalone_psu_cortexa53_0/bsp
17:37:46 INFO  : bash, -c, source /tools/Xilinx/Vitis/2024.2/tps/lnx64/lopper-1.1.0/env/bin/activate && python /tools/Xilinx/Vitis/2024.2/data/embeddedsw/scripts/pyesw//reconfig_bsp.py -d /mnt/Storage/SCHOOL/Capstone/bringup/ChaosCore-FPGA/RV32RocketFPGAConfig/RV32Rocket/platform/zynqmp_fsbl/zynqmp_fsbl_bsp && deactivate
17:37:46 INFO  : bash, -c, source /tools/Xilinx/Vitis/2024.2/tps/lnx64/lopper-1.1.0/env/bin/activate && python /tools/Xilinx/Vitis/2024.2/data/embeddedsw/scripts/pyesw//reconfig_bsp.py -d /mnt/Storage/SCHOOL/Capstone/bringup/ChaosCore-FPGA/RV32RocketFPGAConfig/RV32Rocket/platform/psu_cortexa53_0/standalone_psu_cortexa53_0/bsp && deactivate
17:37:46 INFO  : Domain reconfigured successfully
17:37:46 INFO  : Generating BSP for the domain /mnt/Storage/SCHOOL/Capstone/bringup/ChaosCore-FPGA/RV32RocketFPGAConfig/RV32Rocket/platform/psu_cortexa53_0/standalone_psu_cortexa53_0/bsp
17:37:46 INFO  : lopper command to build BSP :python /tools/Xilinx/Vitis/2024.2/data/embeddedsw/scripts/pyesw//build_bsp.py -d /mnt/Storage/SCHOOL/Capstone/bringup/ChaosCore-FPGA/RV32RocketFPGAConfig/RV32Rocket/platform/psu_cortexa53_0/standalone_psu_cortexa53_0/bsp
17:37:46 INFO  : bash, -c, source /tools/Xilinx/Vitis/2024.2/tps/lnx64/lopper-1.1.0/env/bin/activate && python /tools/Xilinx/Vitis/2024.2/data/embeddedsw/scripts/pyesw//build_bsp.py -d /mnt/Storage/SCHOOL/Capstone/bringup/ChaosCore-FPGA/RV32RocketFPGAConfig/RV32Rocket/platform/psu_cortexa53_0/standalone_psu_cortexa53_0/bsp && deactivate
17:37:46 INFO  : Domain reconfigured successfully
17:37:46 INFO  : Generating BSP for the domain /mnt/Storage/SCHOOL/Capstone/bringup/ChaosCore-FPGA/RV32RocketFPGAConfig/RV32Rocket/platform/zynqmp_fsbl/zynqmp_fsbl_bsp
17:37:46 INFO  : lopper command to build BSP :python /tools/Xilinx/Vitis/2024.2/data/embeddedsw/scripts/pyesw//build_bsp.py -d /mnt/Storage/SCHOOL/Capstone/bringup/ChaosCore-FPGA/RV32RocketFPGAConfig/RV32Rocket/platform/zynqmp_fsbl/zynqmp_fsbl_bsp
17:37:46 INFO  : bash, -c, source /tools/Xilinx/Vitis/2024.2/tps/lnx64/lopper-1.1.0/env/bin/activate && python /tools/Xilinx/Vitis/2024.2/data/embeddedsw/scripts/pyesw//build_bsp.py -d /mnt/Storage/SCHOOL/Capstone/bringup/ChaosCore-FPGA/RV32RocketFPGAConfig/RV32Rocket/platform/zynqmp_fsbl/zynqmp_fsbl_bsp && deactivate
17:37:58 INFO  : Domain build successfully
17:37:58 INFO  : Domain build successfully
17:37:58 INFO  : Generating Boot ELFs
17:37:58 INFO  : lopper command to retarget baremetal application :python /tools/Xilinx/Vitis/2024.2/data/embeddedsw/scripts/pyesw//retarget_app.py -s /mnt/Storage/SCHOOL/Capstone/bringup/ChaosCore-FPGA/RV32RocketFPGAConfig/RV32Rocket/platform/zynqmp_fsbl -d /mnt/Storage/SCHOOL/Capstone/bringup/ChaosCore-FPGA/RV32RocketFPGAConfig/RV32Rocket/platform/zynqmp_fsbl/zynqmp_fsbl_bsp -b /mnt/Storage/SCHOOL/Capstone/bringup/ChaosCore-FPGA/RV32RocketFPGAConfig/RV32Rocket/platform/zynqmp_fsbl/build
17:37:58 INFO  : bash, -c, source /tools/Xilinx/Vitis/2024.2/tps/lnx64/lopper-1.1.0/env/bin/activate && python /tools/Xilinx/Vitis/2024.2/data/embeddedsw/scripts/pyesw//retarget_app.py -s /mnt/Storage/SCHOOL/Capstone/bringup/ChaosCore-FPGA/RV32RocketFPGAConfig/RV32Rocket/platform/zynqmp_fsbl -d /mnt/Storage/SCHOOL/Capstone/bringup/ChaosCore-FPGA/RV32RocketFPGAConfig/RV32Rocket/platform/zynqmp_fsbl/zynqmp_fsbl_bsp -b /mnt/Storage/SCHOOL/Capstone/bringup/ChaosCore-FPGA/RV32RocketFPGAConfig/RV32Rocket/platform/zynqmp_fsbl/build && deactivate
17:37:58 INFO  : Successfully retargeted Application /mnt/Storage/SCHOOL/Capstone/bringup/ChaosCore-FPGA/RV32RocketFPGAConfig/RV32Rocket/platform/zynqmp_fsbl
17:37:58 INFO  : lopper command to build baremetal application :python /tools/Xilinx/Vitis/2024.2/data/embeddedsw/scripts/pyesw//build_app.py -s /mnt/Storage/SCHOOL/Capstone/bringup/ChaosCore-FPGA/RV32RocketFPGAConfig/RV32Rocket/platform/zynqmp_fsbl -b /mnt/Storage/SCHOOL/Capstone/bringup/ChaosCore-FPGA/RV32RocketFPGAConfig/RV32Rocket/platform/zynqmp_fsbl/build
17:37:58 INFO  : bash, -c, source /tools/Xilinx/Vitis/2024.2/tps/lnx64/lopper-1.1.0/env/bin/activate && python /tools/Xilinx/Vitis/2024.2/data/embeddedsw/scripts/pyesw//build_app.py -s /mnt/Storage/SCHOOL/Capstone/bringup/ChaosCore-FPGA/RV32RocketFPGAConfig/RV32Rocket/platform/zynqmp_fsbl -b /mnt/Storage/SCHOOL/Capstone/bringup/ChaosCore-FPGA/RV32RocketFPGAConfig/RV32Rocket/platform/zynqmp_fsbl/build && deactivate
17:38:02 INFO  : Successfully building the baremetal application/mnt/Storage/SCHOOL/Capstone/bringup/ChaosCore-FPGA/RV32RocketFPGAConfig/RV32Rocket/platform/zynqmp_fsbl/build
17:38:02 INFO  : Generating Export directory
17:38:02 INFO  : Platform Build Finished successfully.
17:42:52 INFO  : connect -url tcp:127.0.0.1:3121
17:42:56 INFO  : bpremove -all
17:42:56 INFO  : source /tools/Xilinx/Vitis/2024.2/scripts/vitis/util/zynqmp_utils.tcl
17:42:56 INFO  : Context for 'APU' is selected.
17:42:57 INFO  : System reset is completed.
17:43:00 INFO  : 'after 3000' command is executed.
17:43:00 INFO  : 'targets -set -filter {jtag_cable_name =~ "Avnet USB-to-JTAG/UART Pod V1 1234-oj1A" && level==0 && jtag_device_ctx=="jsn-USB-to-JTAG/UART Pod V1-1234-oj1A-14710093-0"}' command is executed.
17:43:03 INFO  : Device configured successfully with "/mnt/Storage/SCHOOL/Capstone/bringup/ChaosCore-FPGA/RV32RocketFPGAConfig/RV32Rocket/hello_world/_ide/bitstream/BD_wrapper.bit"
17:43:03 INFO  : targets -set -nocase -filter {name =~"PSU*"}
17:43:03 INFO  : catch {disable_pmu_gate}
17:43:03 INFO  : targets -set -nocase -filter {name =~"APU*"}
17:43:03 INFO  : loadhw -hw /mnt/Storage/SCHOOL/Capstone/bringup/ChaosCore-FPGA/RV32RocketFPGAConfig/RV32Rocket/platform/export/platform/hw/BD_wrapper.xsa -mem-ranges [list {0x80000000 0xbfffffff} {0x400000000 0x5ffffffff} {0x1000000000 0x7fffffffff}]
17:43:03 INFO  : configparams force-mem-access 1
17:43:04 INFO  : targets -set -nocase -filter {name =~"APU*"}
17:43:04 INFO  : source /tools/Xilinx/Vitis/2024.2/vitis-server/scripts/jtag_reg.tcl
17:43:04 INFO  : Boot mode is read from the target.
17:43:04 INFO  : targets -set -nocase -filter {name =~ "*A53*#0"}
17:43:04 INFO  : rst -processor
17:43:04 INFO  : dow /mnt/Storage/SCHOOL/Capstone/bringup/ChaosCore-FPGA/RV32RocketFPGAConfig/RV32Rocket/platform/export/platform/sw/boot/fsbl.elf
17:43:04 INFO  : set bp_43_4_fsbl_bp [bpadd -addr &XFsbl_Exit]
17:43:05 INFO  : con -block -timeout 60
17:43:05 INFO  : bpremove $bp_43_4_fsbl_bp
17:43:05 INFO  : targets -set -nocase -filter {name =~ "*A53*#0"}
17:43:05 INFO  : rst -processor
17:43:06 INFO  : dow /mnt/Storage/SCHOOL/Capstone/bringup/ChaosCore-FPGA/RV32RocketFPGAConfig/RV32Rocket/hello_world/build/hello_world.elf
17:43:06 INFO  : con
17:43:06 INFO  : configparams force-mem-access 0
17:43:07 INFO  : Testing the connection for 127.0.0.1
17:53:14 INFO  : Terminating Vitis C++ Server
18:14:55 INFO  : updated workspace path: /mnt/Storage/SCHOOL/Capstone/bringup/ChaosCore-FPGA/RV32RocketFPGAConfig/RV32Rocket
18:14:55 INFO  : created .gitignore file for the project /mnt/Storage/SCHOOL/Capstone/bringup/ChaosCore-FPGA/RV32RocketFPGAConfig/RV32Rocket
18:14:55 INFO  : bash, -c, source /tools/Xilinx/Vitis/2024.2/tps/lnx64/lopper-1.1.0/env/bin/activate && python /tools/Xilinx/Vitis/2024.2/data/embeddedsw/scripts/pyesw//get_template_data.py -d /tmp/rigel_lopper_alisher6763153246195553902 -r /mnt/Storage/SCHOOL/Capstone/bringup/ChaosCore-FPGA/RV32RocketFPGAConfig/RV32Rocket/_ide/.wsdata/.repo.yaml && deactivate
18:14:55 INFO  : Embedded Template List generated successfully
18:15:25 INFO  : Found no platform with name 'BD_wrapper' in install repositories
18:15:25 INFO  : HW XSA update started
18:15:26 INFO  : Using sdt generation script from /tools/Xilinx/Vitis/2024.2/vitis-server/scripts/platformutil.tcl
18:15:26 INFO  : bash, -c, source /tools/Xilinx/Vitis/2024.2/tps/lnx64/lopper-1.1.0/env/bin/activate && xsct /tools/Xilinx/Vitis/2024.2/vitis-server/scripts/platformutil.tcl /mnt/Storage/SCHOOL/Capstone/bringup/ChaosCore-FPGA/RV32RocketFPGAConfig/RV32Rocket/BD_wrapper.xsa /mnt/Storage/SCHOOL/Capstone/bringup/ChaosCore-FPGA/RV32RocketFPGAConfig/RV32Rocket/platform/hw/sdt && deactivate
18:15:36 INFO  : SDT generated successfully
18:15:36 INFO  : Generating BSP for the domain /mnt/Storage/SCHOOL/Capstone/bringup/ChaosCore-FPGA/RV32RocketFPGAConfig/RV32Rocket/platform/zynqmp_fsbl/zynqmp_fsbl_bsp
18:15:36 INFO  : lopper command to reconfigure BSP :python /tools/Xilinx/Vitis/2024.2/data/embeddedsw/scripts/pyesw//reconfig_bsp.py -d /mnt/Storage/SCHOOL/Capstone/bringup/ChaosCore-FPGA/RV32RocketFPGAConfig/RV32Rocket/platform/zynqmp_fsbl/zynqmp_fsbl_bsp
18:15:36 INFO  : bash, -c, source /tools/Xilinx/Vitis/2024.2/tps/lnx64/lopper-1.1.0/env/bin/activate && python /tools/Xilinx/Vitis/2024.2/data/embeddedsw/scripts/pyesw//reconfig_bsp.py -d /mnt/Storage/SCHOOL/Capstone/bringup/ChaosCore-FPGA/RV32RocketFPGAConfig/RV32Rocket/platform/zynqmp_fsbl/zynqmp_fsbl_bsp && deactivate
18:15:36 INFO  : Domain reconfigured successfully
18:15:36 INFO  : lopper command to regenerate BSP :python /tools/Xilinx/Vitis/2024.2/data/embeddedsw/scripts/pyesw//regen_bsp.py -s /mnt/Storage/SCHOOL/Capstone/bringup/ChaosCore-FPGA/RV32RocketFPGAConfig/RV32Rocket/platform/hw/sdt/system-top.dts -d /mnt/Storage/SCHOOL/Capstone/bringup/ChaosCore-FPGA/RV32RocketFPGAConfig/RV32Rocket/platform/zynqmp_fsbl/zynqmp_fsbl_bsp -r /mnt/Storage/SCHOOL/Capstone/bringup/ChaosCore-FPGA/RV32RocketFPGAConfig/RV32Rocket/_ide/.wsdata/.repo.yaml
18:15:36 INFO  : bash, -c, source /tools/Xilinx/Vitis/2024.2/tps/lnx64/lopper-1.1.0/env/bin/activate && python /tools/Xilinx/Vitis/2024.2/data/embeddedsw/scripts/pyesw//regen_bsp.py -s /mnt/Storage/SCHOOL/Capstone/bringup/ChaosCore-FPGA/RV32RocketFPGAConfig/RV32Rocket/platform/hw/sdt/system-top.dts -d /mnt/Storage/SCHOOL/Capstone/bringup/ChaosCore-FPGA/RV32RocketFPGAConfig/RV32Rocket/platform/zynqmp_fsbl/zynqmp_fsbl_bsp -r /mnt/Storage/SCHOOL/Capstone/bringup/ChaosCore-FPGA/RV32RocketFPGAConfig/RV32Rocket/_ide/.wsdata/.repo.yaml && deactivate
18:15:51 INFO  : -- Configuring done
18:15:51 INFO  : -- Generating done
18:15:51 INFO  : -- Build files have been written to: /mnt/Storage/SCHOOL/Capstone/bringup/ChaosCore-FPGA/RV32RocketFPGAConfig/RV32Rocket/platform/zynqmp_fsbl/zynqmp_fsbl_bsp/libsrc/build_configs/gen_bsp
18:15:51 INFO  : Successfully created Domain at /mnt/Storage/SCHOOL/Capstone/bringup/ChaosCore-FPGA/RV32RocketFPGAConfig/RV32Rocket/platform/zynqmp_fsbl/zynqmp_fsbl_bsp
18:15:51 INFO  : BSP regenerated successfully
18:15:51 INFO  : Generating BSP for the domain /mnt/Storage/SCHOOL/Capstone/bringup/ChaosCore-FPGA/RV32RocketFPGAConfig/RV32Rocket/platform/psu_cortexa53_0/standalone_psu_cortexa53_0/bsp
18:15:51 INFO  : lopper command to reconfigure BSP :python /tools/Xilinx/Vitis/2024.2/data/embeddedsw/scripts/pyesw//reconfig_bsp.py -d /mnt/Storage/SCHOOL/Capstone/bringup/ChaosCore-FPGA/RV32RocketFPGAConfig/RV32Rocket/platform/psu_cortexa53_0/standalone_psu_cortexa53_0/bsp
18:15:51 INFO  : bash, -c, source /tools/Xilinx/Vitis/2024.2/tps/lnx64/lopper-1.1.0/env/bin/activate && python /tools/Xilinx/Vitis/2024.2/data/embeddedsw/scripts/pyesw//reconfig_bsp.py -d /mnt/Storage/SCHOOL/Capstone/bringup/ChaosCore-FPGA/RV32RocketFPGAConfig/RV32Rocket/platform/psu_cortexa53_0/standalone_psu_cortexa53_0/bsp && deactivate
18:15:51 INFO  : Domain reconfigured successfully
18:15:51 INFO  : lopper command to regenerate BSP :python /tools/Xilinx/Vitis/2024.2/data/embeddedsw/scripts/pyesw//regen_bsp.py -s /mnt/Storage/SCHOOL/Capstone/bringup/ChaosCore-FPGA/RV32RocketFPGAConfig/RV32Rocket/platform/hw/sdt/system-top.dts -d /mnt/Storage/SCHOOL/Capstone/bringup/ChaosCore-FPGA/RV32RocketFPGAConfig/RV32Rocket/platform/psu_cortexa53_0/standalone_psu_cortexa53_0/bsp -r /mnt/Storage/SCHOOL/Capstone/bringup/ChaosCore-FPGA/RV32RocketFPGAConfig/RV32Rocket/_ide/.wsdata/.repo.yaml
18:15:51 INFO  : bash, -c, source /tools/Xilinx/Vitis/2024.2/tps/lnx64/lopper-1.1.0/env/bin/activate && python /tools/Xilinx/Vitis/2024.2/data/embeddedsw/scripts/pyesw//regen_bsp.py -s /mnt/Storage/SCHOOL/Capstone/bringup/ChaosCore-FPGA/RV32RocketFPGAConfig/RV32Rocket/platform/hw/sdt/system-top.dts -d /mnt/Storage/SCHOOL/Capstone/bringup/ChaosCore-FPGA/RV32RocketFPGAConfig/RV32Rocket/platform/psu_cortexa53_0/standalone_psu_cortexa53_0/bsp -r /mnt/Storage/SCHOOL/Capstone/bringup/ChaosCore-FPGA/RV32RocketFPGAConfig/RV32Rocket/_ide/.wsdata/.repo.yaml && deactivate
18:16:01 INFO  : -- Configuring done
18:16:01 INFO  : -- Generating done
18:16:01 INFO  : -- Build files have been written to: /mnt/Storage/SCHOOL/Capstone/bringup/ChaosCore-FPGA/RV32RocketFPGAConfig/RV32Rocket/platform/psu_cortexa53_0/standalone_psu_cortexa53_0/bsp/libsrc/build_configs/gen_bsp
18:16:01 INFO  : Successfully created Domain at /mnt/Storage/SCHOOL/Capstone/bringup/ChaosCore-FPGA/RV32RocketFPGAConfig/RV32Rocket/platform/psu_cortexa53_0/standalone_psu_cortexa53_0/bsp
18:16:01 INFO  : BSP regenerated successfully
18:16:01 INFO  : Hardware XSA update finished successfully
18:16:34 INFO  : BSP build will be initiated for Domain zynqmp_fsbl
18:16:34 INFO  : BSP build will be initiated for Domain standalone_psu_cortexa53_0
18:16:34 INFO  : Generating BSP for the domain /mnt/Storage/SCHOOL/Capstone/bringup/ChaosCore-FPGA/RV32RocketFPGAConfig/RV32Rocket/platform/zynqmp_fsbl/zynqmp_fsbl_bsp
18:16:34 INFO  : Generating BSP for the domain /mnt/Storage/SCHOOL/Capstone/bringup/ChaosCore-FPGA/RV32RocketFPGAConfig/RV32Rocket/platform/psu_cortexa53_0/standalone_psu_cortexa53_0/bsp
18:16:34 INFO  : lopper command to reconfigure BSP :python /tools/Xilinx/Vitis/2024.2/data/embeddedsw/scripts/pyesw//reconfig_bsp.py -d /mnt/Storage/SCHOOL/Capstone/bringup/ChaosCore-FPGA/RV32RocketFPGAConfig/RV32Rocket/platform/zynqmp_fsbl/zynqmp_fsbl_bsp
18:16:34 INFO  : lopper command to reconfigure BSP :python /tools/Xilinx/Vitis/2024.2/data/embeddedsw/scripts/pyesw//reconfig_bsp.py -d /mnt/Storage/SCHOOL/Capstone/bringup/ChaosCore-FPGA/RV32RocketFPGAConfig/RV32Rocket/platform/psu_cortexa53_0/standalone_psu_cortexa53_0/bsp
18:16:34 INFO  : bash, -c, source /tools/Xilinx/Vitis/2024.2/tps/lnx64/lopper-1.1.0/env/bin/activate && python /tools/Xilinx/Vitis/2024.2/data/embeddedsw/scripts/pyesw//reconfig_bsp.py -d /mnt/Storage/SCHOOL/Capstone/bringup/ChaosCore-FPGA/RV32RocketFPGAConfig/RV32Rocket/platform/zynqmp_fsbl/zynqmp_fsbl_bsp && deactivate
18:16:34 INFO  : bash, -c, source /tools/Xilinx/Vitis/2024.2/tps/lnx64/lopper-1.1.0/env/bin/activate && python /tools/Xilinx/Vitis/2024.2/data/embeddedsw/scripts/pyesw//reconfig_bsp.py -d /mnt/Storage/SCHOOL/Capstone/bringup/ChaosCore-FPGA/RV32RocketFPGAConfig/RV32Rocket/platform/psu_cortexa53_0/standalone_psu_cortexa53_0/bsp && deactivate
18:16:35 INFO  : Domain reconfigured successfully
18:16:35 INFO  : Generating BSP for the domain /mnt/Storage/SCHOOL/Capstone/bringup/ChaosCore-FPGA/RV32RocketFPGAConfig/RV32Rocket/platform/psu_cortexa53_0/standalone_psu_cortexa53_0/bsp
18:16:35 INFO  : lopper command to build BSP :python /tools/Xilinx/Vitis/2024.2/data/embeddedsw/scripts/pyesw//build_bsp.py -d /mnt/Storage/SCHOOL/Capstone/bringup/ChaosCore-FPGA/RV32RocketFPGAConfig/RV32Rocket/platform/psu_cortexa53_0/standalone_psu_cortexa53_0/bsp
18:16:35 INFO  : bash, -c, source /tools/Xilinx/Vitis/2024.2/tps/lnx64/lopper-1.1.0/env/bin/activate && python /tools/Xilinx/Vitis/2024.2/data/embeddedsw/scripts/pyesw//build_bsp.py -d /mnt/Storage/SCHOOL/Capstone/bringup/ChaosCore-FPGA/RV32RocketFPGAConfig/RV32Rocket/platform/psu_cortexa53_0/standalone_psu_cortexa53_0/bsp && deactivate
18:16:35 INFO  : Domain reconfigured successfully
18:16:35 INFO  : Generating BSP for the domain /mnt/Storage/SCHOOL/Capstone/bringup/ChaosCore-FPGA/RV32RocketFPGAConfig/RV32Rocket/platform/zynqmp_fsbl/zynqmp_fsbl_bsp
18:16:35 INFO  : lopper command to build BSP :python /tools/Xilinx/Vitis/2024.2/data/embeddedsw/scripts/pyesw//build_bsp.py -d /mnt/Storage/SCHOOL/Capstone/bringup/ChaosCore-FPGA/RV32RocketFPGAConfig/RV32Rocket/platform/zynqmp_fsbl/zynqmp_fsbl_bsp
18:16:35 INFO  : bash, -c, source /tools/Xilinx/Vitis/2024.2/tps/lnx64/lopper-1.1.0/env/bin/activate && python /tools/Xilinx/Vitis/2024.2/data/embeddedsw/scripts/pyesw//build_bsp.py -d /mnt/Storage/SCHOOL/Capstone/bringup/ChaosCore-FPGA/RV32RocketFPGAConfig/RV32Rocket/platform/zynqmp_fsbl/zynqmp_fsbl_bsp && deactivate
18:16:49 INFO  : Domain build successfully
18:16:49 INFO  : Domain build successfully
18:16:49 INFO  : Generating Boot ELFs
18:16:49 INFO  : lopper command to retarget baremetal application :python /tools/Xilinx/Vitis/2024.2/data/embeddedsw/scripts/pyesw//retarget_app.py -s /mnt/Storage/SCHOOL/Capstone/bringup/ChaosCore-FPGA/RV32RocketFPGAConfig/RV32Rocket/platform/zynqmp_fsbl -d /mnt/Storage/SCHOOL/Capstone/bringup/ChaosCore-FPGA/RV32RocketFPGAConfig/RV32Rocket/platform/zynqmp_fsbl/zynqmp_fsbl_bsp -b /mnt/Storage/SCHOOL/Capstone/bringup/ChaosCore-FPGA/RV32RocketFPGAConfig/RV32Rocket/platform/zynqmp_fsbl/build
18:16:49 INFO  : bash, -c, source /tools/Xilinx/Vitis/2024.2/tps/lnx64/lopper-1.1.0/env/bin/activate && python /tools/Xilinx/Vitis/2024.2/data/embeddedsw/scripts/pyesw//retarget_app.py -s /mnt/Storage/SCHOOL/Capstone/bringup/ChaosCore-FPGA/RV32RocketFPGAConfig/RV32Rocket/platform/zynqmp_fsbl -d /mnt/Storage/SCHOOL/Capstone/bringup/ChaosCore-FPGA/RV32RocketFPGAConfig/RV32Rocket/platform/zynqmp_fsbl/zynqmp_fsbl_bsp -b /mnt/Storage/SCHOOL/Capstone/bringup/ChaosCore-FPGA/RV32RocketFPGAConfig/RV32Rocket/platform/zynqmp_fsbl/build && deactivate
18:16:50 INFO  : Successfully retargeted Application /mnt/Storage/SCHOOL/Capstone/bringup/ChaosCore-FPGA/RV32RocketFPGAConfig/RV32Rocket/platform/zynqmp_fsbl
18:16:50 INFO  : lopper command to build baremetal application :python /tools/Xilinx/Vitis/2024.2/data/embeddedsw/scripts/pyesw//build_app.py -s /mnt/Storage/SCHOOL/Capstone/bringup/ChaosCore-FPGA/RV32RocketFPGAConfig/RV32Rocket/platform/zynqmp_fsbl -b /mnt/Storage/SCHOOL/Capstone/bringup/ChaosCore-FPGA/RV32RocketFPGAConfig/RV32Rocket/platform/zynqmp_fsbl/build
18:16:50 INFO  : bash, -c, source /tools/Xilinx/Vitis/2024.2/tps/lnx64/lopper-1.1.0/env/bin/activate && python /tools/Xilinx/Vitis/2024.2/data/embeddedsw/scripts/pyesw//build_app.py -s /mnt/Storage/SCHOOL/Capstone/bringup/ChaosCore-FPGA/RV32RocketFPGAConfig/RV32Rocket/platform/zynqmp_fsbl -b /mnt/Storage/SCHOOL/Capstone/bringup/ChaosCore-FPGA/RV32RocketFPGAConfig/RV32Rocket/platform/zynqmp_fsbl/build && deactivate
18:16:53 INFO  : Successfully building the baremetal application/mnt/Storage/SCHOOL/Capstone/bringup/ChaosCore-FPGA/RV32RocketFPGAConfig/RV32Rocket/platform/zynqmp_fsbl/build
18:16:53 INFO  : Generating Export directory
18:16:54 INFO  : Platform Build Finished successfully.
18:17:56 INFO  : connect -url tcp:127.0.0.1:3121
18:18:00 INFO  : bpremove -all
18:18:00 INFO  : source /tools/Xilinx/Vitis/2024.2/scripts/vitis/util/zynqmp_utils.tcl
18:18:01 INFO  : Context for 'APU' is selected.
18:18:02 INFO  : System reset is completed.
18:18:05 INFO  : 'after 3000' command is executed.
18:18:05 INFO  : 'targets -set -filter {jtag_cable_name =~ "Avnet USB-to-JTAG/UART Pod V1 1234-oj1A" && level==0 && jtag_device_ctx=="jsn-USB-to-JTAG/UART Pod V1-1234-oj1A-14710093-0"}' command is executed.
18:18:09 INFO  : Device configured successfully with "/mnt/Storage/SCHOOL/Capstone/bringup/ChaosCore-FPGA/RV32RocketFPGAConfig/RV32Rocket/hello_world/_ide/bitstream/BD_wrapper.bit"
18:18:09 INFO  : targets -set -nocase -filter {name =~"PSU*"}
18:18:09 INFO  : catch {disable_pmu_gate}
18:18:09 INFO  : targets -set -nocase -filter {name =~"APU*"}
18:18:09 INFO  : loadhw -hw /mnt/Storage/SCHOOL/Capstone/bringup/ChaosCore-FPGA/RV32RocketFPGAConfig/RV32Rocket/platform/export/platform/hw/BD_wrapper.xsa -mem-ranges [list {0x80000000 0xbfffffff} {0x400000000 0x5ffffffff} {0x1000000000 0x7fffffffff}]
18:18:09 INFO  : configparams force-mem-access 1
18:18:09 INFO  : targets -set -nocase -filter {name =~"APU*"}
18:18:09 INFO  : source /tools/Xilinx/Vitis/2024.2/vitis-server/scripts/jtag_reg.tcl
18:18:09 INFO  : Boot mode is read from the target.
18:18:09 INFO  : targets -set -nocase -filter {name =~ "*A53*#0"}
18:18:09 INFO  : rst -processor
18:18:10 INFO  : dow /mnt/Storage/SCHOOL/Capstone/bringup/ChaosCore-FPGA/RV32RocketFPGAConfig/RV32Rocket/platform/export/platform/sw/boot/fsbl.elf
18:18:10 INFO  : set bp_18_10_fsbl_bp [bpadd -addr &XFsbl_Exit]
18:18:11 INFO  : con -block -timeout 60
18:18:11 INFO  : bpremove $bp_18_10_fsbl_bp
18:18:11 INFO  : targets -set -nocase -filter {name =~ "*A53*#0"}
18:18:11 INFO  : rst -processor
18:18:12 INFO  : dow /mnt/Storage/SCHOOL/Capstone/bringup/ChaosCore-FPGA/RV32RocketFPGAConfig/RV32Rocket/hello_world/build/hello_world.elf
18:18:12 INFO  : con
18:18:12 INFO  : configparams force-mem-access 0
18:18:13 INFO  : Testing the connection for 127.0.0.1
18:22:01 INFO  : Terminating Vitis C++ Server
18:34:53 INFO  : updated workspace path: /mnt/Storage/SCHOOL/Capstone/bringup/ChaosCore-FPGA/RV32RocketFPGAConfig/RV32Rocket
18:34:53 INFO  : bash, -c, source /tools/Xilinx/Vitis/2024.2/tps/lnx64/lopper-1.1.0/env/bin/activate && python /tools/Xilinx/Vitis/2024.2/data/embeddedsw/scripts/pyesw//get_template_data.py -d /tmp/rigel_lopper_alisher12726770409568740282 -r /mnt/Storage/SCHOOL/Capstone/bringup/ChaosCore-FPGA/RV32RocketFPGAConfig/RV32Rocket/_ide/.wsdata/.repo.yaml && deactivate
18:34:53 INFO  : Embedded Template List generated successfully
18:36:02 INFO  : Found no platform with name 'BD_wrapper' in install repositories
18:36:02 INFO  : HW XSA update started
18:36:02 INFO  : Using sdt generation script from /tools/Xilinx/Vitis/2024.2/vitis-server/scripts/platformutil.tcl
18:36:02 INFO  : bash, -c, source /tools/Xilinx/Vitis/2024.2/tps/lnx64/lopper-1.1.0/env/bin/activate && xsct /tools/Xilinx/Vitis/2024.2/vitis-server/scripts/platformutil.tcl /mnt/Storage/SCHOOL/Capstone/bringup/ChaosCore-FPGA/RV32RocketFPGAConfig/RV32Rocket/BD_wrapper.xsa /mnt/Storage/SCHOOL/Capstone/bringup/ChaosCore-FPGA/RV32RocketFPGAConfig/RV32Rocket/platform/hw/sdt && deactivate
18:36:12 INFO  : SDT generated successfully
18:36:12 INFO  : Generating BSP for the domain /mnt/Storage/SCHOOL/Capstone/bringup/ChaosCore-FPGA/RV32RocketFPGAConfig/RV32Rocket/platform/zynqmp_fsbl/zynqmp_fsbl_bsp
18:36:12 INFO  : lopper command to reconfigure BSP :python /tools/Xilinx/Vitis/2024.2/data/embeddedsw/scripts/pyesw//reconfig_bsp.py -d /mnt/Storage/SCHOOL/Capstone/bringup/ChaosCore-FPGA/RV32RocketFPGAConfig/RV32Rocket/platform/zynqmp_fsbl/zynqmp_fsbl_bsp
18:36:12 INFO  : bash, -c, source /tools/Xilinx/Vitis/2024.2/tps/lnx64/lopper-1.1.0/env/bin/activate && python /tools/Xilinx/Vitis/2024.2/data/embeddedsw/scripts/pyesw//reconfig_bsp.py -d /mnt/Storage/SCHOOL/Capstone/bringup/ChaosCore-FPGA/RV32RocketFPGAConfig/RV32Rocket/platform/zynqmp_fsbl/zynqmp_fsbl_bsp && deactivate
18:36:13 INFO  : Domain reconfigured successfully
18:36:13 INFO  : lopper command to regenerate BSP :python /tools/Xilinx/Vitis/2024.2/data/embeddedsw/scripts/pyesw//regen_bsp.py -s /mnt/Storage/SCHOOL/Capstone/bringup/ChaosCore-FPGA/RV32RocketFPGAConfig/RV32Rocket/platform/hw/sdt/system-top.dts -d /mnt/Storage/SCHOOL/Capstone/bringup/ChaosCore-FPGA/RV32RocketFPGAConfig/RV32Rocket/platform/zynqmp_fsbl/zynqmp_fsbl_bsp -r /mnt/Storage/SCHOOL/Capstone/bringup/ChaosCore-FPGA/RV32RocketFPGAConfig/RV32Rocket/_ide/.wsdata/.repo.yaml
18:36:13 INFO  : bash, -c, source /tools/Xilinx/Vitis/2024.2/tps/lnx64/lopper-1.1.0/env/bin/activate && python /tools/Xilinx/Vitis/2024.2/data/embeddedsw/scripts/pyesw//regen_bsp.py -s /mnt/Storage/SCHOOL/Capstone/bringup/ChaosCore-FPGA/RV32RocketFPGAConfig/RV32Rocket/platform/hw/sdt/system-top.dts -d /mnt/Storage/SCHOOL/Capstone/bringup/ChaosCore-FPGA/RV32RocketFPGAConfig/RV32Rocket/platform/zynqmp_fsbl/zynqmp_fsbl_bsp -r /mnt/Storage/SCHOOL/Capstone/bringup/ChaosCore-FPGA/RV32RocketFPGAConfig/RV32Rocket/_ide/.wsdata/.repo.yaml && deactivate
18:36:28 INFO  : -- Configuring done
18:36:28 INFO  : -- Generating done
18:36:28 INFO  : -- Build files have been written to: /mnt/Storage/SCHOOL/Capstone/bringup/ChaosCore-FPGA/RV32RocketFPGAConfig/RV32Rocket/platform/zynqmp_fsbl/zynqmp_fsbl_bsp/libsrc/build_configs/gen_bsp
18:36:28 INFO  : Successfully created Domain at /mnt/Storage/SCHOOL/Capstone/bringup/ChaosCore-FPGA/RV32RocketFPGAConfig/RV32Rocket/platform/zynqmp_fsbl/zynqmp_fsbl_bsp
18:36:28 INFO  : BSP regenerated successfully
18:36:28 INFO  : Generating BSP for the domain /mnt/Storage/SCHOOL/Capstone/bringup/ChaosCore-FPGA/RV32RocketFPGAConfig/RV32Rocket/platform/psu_cortexa53_0/standalone_psu_cortexa53_0/bsp
18:36:28 INFO  : lopper command to reconfigure BSP :python /tools/Xilinx/Vitis/2024.2/data/embeddedsw/scripts/pyesw//reconfig_bsp.py -d /mnt/Storage/SCHOOL/Capstone/bringup/ChaosCore-FPGA/RV32RocketFPGAConfig/RV32Rocket/platform/psu_cortexa53_0/standalone_psu_cortexa53_0/bsp
18:36:28 INFO  : bash, -c, source /tools/Xilinx/Vitis/2024.2/tps/lnx64/lopper-1.1.0/env/bin/activate && python /tools/Xilinx/Vitis/2024.2/data/embeddedsw/scripts/pyesw//reconfig_bsp.py -d /mnt/Storage/SCHOOL/Capstone/bringup/ChaosCore-FPGA/RV32RocketFPGAConfig/RV32Rocket/platform/psu_cortexa53_0/standalone_psu_cortexa53_0/bsp && deactivate
18:36:28 INFO  : Domain reconfigured successfully
18:36:28 INFO  : lopper command to regenerate BSP :python /tools/Xilinx/Vitis/2024.2/data/embeddedsw/scripts/pyesw//regen_bsp.py -s /mnt/Storage/SCHOOL/Capstone/bringup/ChaosCore-FPGA/RV32RocketFPGAConfig/RV32Rocket/platform/hw/sdt/system-top.dts -d /mnt/Storage/SCHOOL/Capstone/bringup/ChaosCore-FPGA/RV32RocketFPGAConfig/RV32Rocket/platform/psu_cortexa53_0/standalone_psu_cortexa53_0/bsp -r /mnt/Storage/SCHOOL/Capstone/bringup/ChaosCore-FPGA/RV32RocketFPGAConfig/RV32Rocket/_ide/.wsdata/.repo.yaml
18:36:28 INFO  : bash, -c, source /tools/Xilinx/Vitis/2024.2/tps/lnx64/lopper-1.1.0/env/bin/activate && python /tools/Xilinx/Vitis/2024.2/data/embeddedsw/scripts/pyesw//regen_bsp.py -s /mnt/Storage/SCHOOL/Capstone/bringup/ChaosCore-FPGA/RV32RocketFPGAConfig/RV32Rocket/platform/hw/sdt/system-top.dts -d /mnt/Storage/SCHOOL/Capstone/bringup/ChaosCore-FPGA/RV32RocketFPGAConfig/RV32Rocket/platform/psu_cortexa53_0/standalone_psu_cortexa53_0/bsp -r /mnt/Storage/SCHOOL/Capstone/bringup/ChaosCore-FPGA/RV32RocketFPGAConfig/RV32Rocket/_ide/.wsdata/.repo.yaml && deactivate
18:36:39 INFO  : -- Configuring done
18:36:39 INFO  : -- Generating done
18:36:39 INFO  : -- Build files have been written to: /mnt/Storage/SCHOOL/Capstone/bringup/ChaosCore-FPGA/RV32RocketFPGAConfig/RV32Rocket/platform/psu_cortexa53_0/standalone_psu_cortexa53_0/bsp/libsrc/build_configs/gen_bsp
18:36:39 INFO  : Successfully created Domain at /mnt/Storage/SCHOOL/Capstone/bringup/ChaosCore-FPGA/RV32RocketFPGAConfig/RV32Rocket/platform/psu_cortexa53_0/standalone_psu_cortexa53_0/bsp
18:36:39 INFO  : BSP regenerated successfully
18:36:39 INFO  : Hardware XSA update finished successfully
18:36:59 INFO  : BSP build will be initiated for Domain zynqmp_fsbl
18:36:59 INFO  : BSP build will be initiated for Domain standalone_psu_cortexa53_0
18:36:59 INFO  : Generating BSP for the domain /mnt/Storage/SCHOOL/Capstone/bringup/ChaosCore-FPGA/RV32RocketFPGAConfig/RV32Rocket/platform/zynqmp_fsbl/zynqmp_fsbl_bsp
18:36:59 INFO  : Generating BSP for the domain /mnt/Storage/SCHOOL/Capstone/bringup/ChaosCore-FPGA/RV32RocketFPGAConfig/RV32Rocket/platform/psu_cortexa53_0/standalone_psu_cortexa53_0/bsp
18:36:59 INFO  : lopper command to reconfigure BSP :python /tools/Xilinx/Vitis/2024.2/data/embeddedsw/scripts/pyesw//reconfig_bsp.py -d /mnt/Storage/SCHOOL/Capstone/bringup/ChaosCore-FPGA/RV32RocketFPGAConfig/RV32Rocket/platform/zynqmp_fsbl/zynqmp_fsbl_bsp
18:36:59 INFO  : lopper command to reconfigure BSP :python /tools/Xilinx/Vitis/2024.2/data/embeddedsw/scripts/pyesw//reconfig_bsp.py -d /mnt/Storage/SCHOOL/Capstone/bringup/ChaosCore-FPGA/RV32RocketFPGAConfig/RV32Rocket/platform/psu_cortexa53_0/standalone_psu_cortexa53_0/bsp
18:36:59 INFO  : bash, -c, source /tools/Xilinx/Vitis/2024.2/tps/lnx64/lopper-1.1.0/env/bin/activate && python /tools/Xilinx/Vitis/2024.2/data/embeddedsw/scripts/pyesw//reconfig_bsp.py -d /mnt/Storage/SCHOOL/Capstone/bringup/ChaosCore-FPGA/RV32RocketFPGAConfig/RV32Rocket/platform/zynqmp_fsbl/zynqmp_fsbl_bsp && deactivate
18:36:59 INFO  : bash, -c, source /tools/Xilinx/Vitis/2024.2/tps/lnx64/lopper-1.1.0/env/bin/activate && python /tools/Xilinx/Vitis/2024.2/data/embeddedsw/scripts/pyesw//reconfig_bsp.py -d /mnt/Storage/SCHOOL/Capstone/bringup/ChaosCore-FPGA/RV32RocketFPGAConfig/RV32Rocket/platform/psu_cortexa53_0/standalone_psu_cortexa53_0/bsp && deactivate
18:36:59 INFO  : Domain reconfigured successfully
18:36:59 INFO  : Generating BSP for the domain /mnt/Storage/SCHOOL/Capstone/bringup/ChaosCore-FPGA/RV32RocketFPGAConfig/RV32Rocket/platform/psu_cortexa53_0/standalone_psu_cortexa53_0/bsp
18:36:59 INFO  : lopper command to build BSP :python /tools/Xilinx/Vitis/2024.2/data/embeddedsw/scripts/pyesw//build_bsp.py -d /mnt/Storage/SCHOOL/Capstone/bringup/ChaosCore-FPGA/RV32RocketFPGAConfig/RV32Rocket/platform/psu_cortexa53_0/standalone_psu_cortexa53_0/bsp
18:36:59 INFO  : bash, -c, source /tools/Xilinx/Vitis/2024.2/tps/lnx64/lopper-1.1.0/env/bin/activate && python /tools/Xilinx/Vitis/2024.2/data/embeddedsw/scripts/pyesw//build_bsp.py -d /mnt/Storage/SCHOOL/Capstone/bringup/ChaosCore-FPGA/RV32RocketFPGAConfig/RV32Rocket/platform/psu_cortexa53_0/standalone_psu_cortexa53_0/bsp && deactivate
18:37:00 INFO  : Domain reconfigured successfully
18:37:00 INFO  : Generating BSP for the domain /mnt/Storage/SCHOOL/Capstone/bringup/ChaosCore-FPGA/RV32RocketFPGAConfig/RV32Rocket/platform/zynqmp_fsbl/zynqmp_fsbl_bsp
18:37:00 INFO  : lopper command to build BSP :python /tools/Xilinx/Vitis/2024.2/data/embeddedsw/scripts/pyesw//build_bsp.py -d /mnt/Storage/SCHOOL/Capstone/bringup/ChaosCore-FPGA/RV32RocketFPGAConfig/RV32Rocket/platform/zynqmp_fsbl/zynqmp_fsbl_bsp
18:37:00 INFO  : bash, -c, source /tools/Xilinx/Vitis/2024.2/tps/lnx64/lopper-1.1.0/env/bin/activate && python /tools/Xilinx/Vitis/2024.2/data/embeddedsw/scripts/pyesw//build_bsp.py -d /mnt/Storage/SCHOOL/Capstone/bringup/ChaosCore-FPGA/RV32RocketFPGAConfig/RV32Rocket/platform/zynqmp_fsbl/zynqmp_fsbl_bsp && deactivate
18:37:10 INFO  : Domain build successfully
18:37:10 INFO  : Domain build successfully
18:37:10 INFO  : Generating Boot ELFs
18:37:10 INFO  : lopper command to retarget baremetal application :python /tools/Xilinx/Vitis/2024.2/data/embeddedsw/scripts/pyesw//retarget_app.py -s /mnt/Storage/SCHOOL/Capstone/bringup/ChaosCore-FPGA/RV32RocketFPGAConfig/RV32Rocket/platform/zynqmp_fsbl -d /mnt/Storage/SCHOOL/Capstone/bringup/ChaosCore-FPGA/RV32RocketFPGAConfig/RV32Rocket/platform/zynqmp_fsbl/zynqmp_fsbl_bsp -b /mnt/Storage/SCHOOL/Capstone/bringup/ChaosCore-FPGA/RV32RocketFPGAConfig/RV32Rocket/platform/zynqmp_fsbl/build
18:37:10 INFO  : bash, -c, source /tools/Xilinx/Vitis/2024.2/tps/lnx64/lopper-1.1.0/env/bin/activate && python /tools/Xilinx/Vitis/2024.2/data/embeddedsw/scripts/pyesw//retarget_app.py -s /mnt/Storage/SCHOOL/Capstone/bringup/ChaosCore-FPGA/RV32RocketFPGAConfig/RV32Rocket/platform/zynqmp_fsbl -d /mnt/Storage/SCHOOL/Capstone/bringup/ChaosCore-FPGA/RV32RocketFPGAConfig/RV32Rocket/platform/zynqmp_fsbl/zynqmp_fsbl_bsp -b /mnt/Storage/SCHOOL/Capstone/bringup/ChaosCore-FPGA/RV32RocketFPGAConfig/RV32Rocket/platform/zynqmp_fsbl/build && deactivate
18:37:11 INFO  : Successfully retargeted Application /mnt/Storage/SCHOOL/Capstone/bringup/ChaosCore-FPGA/RV32RocketFPGAConfig/RV32Rocket/platform/zynqmp_fsbl
18:37:11 INFO  : lopper command to build baremetal application :python /tools/Xilinx/Vitis/2024.2/data/embeddedsw/scripts/pyesw//build_app.py -s /mnt/Storage/SCHOOL/Capstone/bringup/ChaosCore-FPGA/RV32RocketFPGAConfig/RV32Rocket/platform/zynqmp_fsbl -b /mnt/Storage/SCHOOL/Capstone/bringup/ChaosCore-FPGA/RV32RocketFPGAConfig/RV32Rocket/platform/zynqmp_fsbl/build
18:37:11 INFO  : bash, -c, source /tools/Xilinx/Vitis/2024.2/tps/lnx64/lopper-1.1.0/env/bin/activate && python /tools/Xilinx/Vitis/2024.2/data/embeddedsw/scripts/pyesw//build_app.py -s /mnt/Storage/SCHOOL/Capstone/bringup/ChaosCore-FPGA/RV32RocketFPGAConfig/RV32Rocket/platform/zynqmp_fsbl -b /mnt/Storage/SCHOOL/Capstone/bringup/ChaosCore-FPGA/RV32RocketFPGAConfig/RV32Rocket/platform/zynqmp_fsbl/build && deactivate
18:37:14 INFO  : Successfully building the baremetal application/mnt/Storage/SCHOOL/Capstone/bringup/ChaosCore-FPGA/RV32RocketFPGAConfig/RV32Rocket/platform/zynqmp_fsbl/build
18:37:14 INFO  : Generating Export directory
18:37:16 INFO  : Platform Build Finished successfully.
18:38:14 INFO  : connect -url tcp:127.0.0.1:3121
18:38:18 INFO  : bpremove -all
18:38:18 INFO  : source /tools/Xilinx/Vitis/2024.2/scripts/vitis/util/zynqmp_utils.tcl
18:38:18 INFO  : Context for 'APU' is selected.
18:38:18 INFO  : System reset is completed.
18:38:21 INFO  : 'after 3000' command is executed.
18:38:22 INFO  : 'targets -set -filter {jtag_cable_name =~ "Avnet USB-to-JTAG/UART Pod V1 1234-oj1A" && level==0 && jtag_device_ctx=="jsn-USB-to-JTAG/UART Pod V1-1234-oj1A-14710093-0"}' command is executed.
18:38:26 INFO  : Device configured successfully with "/mnt/Storage/SCHOOL/Capstone/bringup/ChaosCore-FPGA/RV32RocketFPGAConfig/RV32Rocket/hello_world/_ide/bitstream/BD_wrapper.bit"
18:38:26 INFO  : targets -set -nocase -filter {name =~"PSU*"}
18:38:26 INFO  : catch {disable_pmu_gate}
18:38:26 INFO  : targets -set -nocase -filter {name =~"APU*"}
18:38:27 INFO  : loadhw -hw /mnt/Storage/SCHOOL/Capstone/bringup/ChaosCore-FPGA/RV32RocketFPGAConfig/RV32Rocket/platform/export/platform/hw/BD_wrapper.xsa -mem-ranges [list {0x80000000 0xbfffffff} {0x400000000 0x5ffffffff} {0x1000000000 0x7fffffffff}]
18:38:27 INFO  : configparams force-mem-access 1
18:38:27 INFO  : targets -set -nocase -filter {name =~"APU*"}
18:38:27 INFO  : source /tools/Xilinx/Vitis/2024.2/vitis-server/scripts/jtag_reg.tcl
18:38:27 INFO  : Boot mode is read from the target.
18:38:27 INFO  : targets -set -nocase -filter {name =~ "*A53*#0"}
18:38:27 INFO  : rst -processor
18:38:27 INFO  : dow /mnt/Storage/SCHOOL/Capstone/bringup/ChaosCore-FPGA/RV32RocketFPGAConfig/RV32Rocket/platform/export/platform/sw/boot/fsbl.elf
18:38:27 INFO  : set bp_38_27_fsbl_bp [bpadd -addr &XFsbl_Exit]
18:38:28 INFO  : con -block -timeout 60
18:38:28 INFO  : bpremove $bp_38_27_fsbl_bp
18:38:28 INFO  : targets -set -nocase -filter {name =~ "*A53*#0"}
18:38:28 INFO  : rst -processor
18:38:29 INFO  : dow /mnt/Storage/SCHOOL/Capstone/bringup/ChaosCore-FPGA/RV32RocketFPGAConfig/RV32Rocket/hello_world/build/hello_world.elf
18:38:29 INFO  : con
18:38:29 INFO  : configparams force-mem-access 0
18:38:30 INFO  : Testing the connection for 127.0.0.1
18:47:50 INFO  : Terminating Vitis C++ Server
18:57:24 INFO  : updated workspace path: /mnt/Storage/SCHOOL/Capstone/bringup/ChaosCore-FPGA/RV32RocketFPGAConfig/RV32Rocket
18:57:24 INFO  : created .gitignore file for the project /mnt/Storage/SCHOOL/Capstone/bringup/ChaosCore-FPGA/RV32RocketFPGAConfig/RV32Rocket
18:57:24 INFO  : bash, -c, source /tools/Xilinx/Vitis/2024.2/tps/lnx64/lopper-1.1.0/env/bin/activate && python /tools/Xilinx/Vitis/2024.2/data/embeddedsw/scripts/pyesw//get_template_data.py -d /tmp/rigel_lopper_alisher10854137400009067178 -r /mnt/Storage/SCHOOL/Capstone/bringup/ChaosCore-FPGA/RV32RocketFPGAConfig/RV32Rocket/_ide/.wsdata/.repo.yaml && deactivate
18:57:24 INFO  : Embedded Template List generated successfully
18:57:24 INFO  : Done
18:58:04 INFO  : The hardware specification used by project '/mnt/Storage/SCHOOL/Capstone/bringup/ChaosCore-FPGA/RV32RocketFPGAConfig/RV32Rocket/hello_world' is out of sync with the platform. Resource files extracted from the hardware specification will be updated.
18:58:05 INFO  : The file '/mnt/Storage/SCHOOL/Capstone/bringup/ChaosCore-FPGA/RV32RocketFPGAConfig/RV32Rocket/hello_world/_ide/bitstream/BD_wrapper.bit' stored in project is removed.
18:58:05 INFO  : The updated bitstream files are copied from platform to folder '/mnt/Storage/SCHOOL/Capstone/bringup/ChaosCore-FPGA/RV32RocketFPGAConfig/RV32Rocket/hello_world/_ide/bitstream' in project '/mnt/Storage/SCHOOL/Capstone/bringup/ChaosCore-FPGA/RV32RocketFPGAConfig/RV32Rocket/hello_world'.
18:58:05 INFO  : The file '/mnt/Storage/SCHOOL/Capstone/bringup/ChaosCore-FPGA/RV32RocketFPGAConfig/RV32Rocket/hello_world/_ide/psinit/psu_init.tcl' stored in project is removed.
18:58:05 INFO  : The updated ps init files are copied from platform to folder '/mnt/Storage/SCHOOL/Capstone/bringup/ChaosCore-FPGA/RV32RocketFPGAConfig/RV32Rocket/hello_world/_ide/psinit' in project '/mnt/Storage/SCHOOL/Capstone/bringup/ChaosCore-FPGA/RV32RocketFPGAConfig/RV32Rocket/hello_world'.
18:58:17 INFO  : The updated bitstream files are copied from platform to folder '/mnt/Storage/SCHOOL/Capstone/bringup/ChaosCore-FPGA/RV32RocketFPGAConfig/RV32Rocket/hello_world/_ide/bitstream' in project '/mnt/Storage/SCHOOL/Capstone/bringup/ChaosCore-FPGA/RV32RocketFPGAConfig/RV32Rocket/hello_world'.
18:58:17 INFO  : The updated ps init files are copied from platform to folder '/mnt/Storage/SCHOOL/Capstone/bringup/ChaosCore-FPGA/RV32RocketFPGAConfig/RV32Rocket/hello_world/_ide/psinit' in project '/mnt/Storage/SCHOOL/Capstone/bringup/ChaosCore-FPGA/RV32RocketFPGAConfig/RV32Rocket/hello_world'.
18:58:25 INFO  : Connected to target on host '127.0.0.1' and port '3121'.
18:58:26 INFO  : Connected to target on host '127.0.0.1' and port '3121'.
18:58:27 INFO  : 'targets -set -filter {jtag_cable_name =~ "Avnet USB-to-JTAG/UART Pod V1 1234-oj1A" && level==0 && jtag_device_ctx=="jsn-USB-to-JTAG/UART Pod V1-1234-oj1A-14710093-0"}' command is executed.
18:58:30 INFO  : Device configured successfully with "/mnt/Storage/SCHOOL/Capstone/bringup/ChaosCore-FPGA/RV32RocketFPGAConfig/RV32Rocket/hello_world/_ide/bitstream/BD_wrapper.bit"
18:58:33 INFO  : connect -url tcp:127.0.0.1:3121
18:58:33 INFO  : bpremove -all
18:58:33 INFO  : source /tools/Xilinx/Vitis/2024.2/scripts/vitis/util/zynqmp_utils.tcl
18:58:34 INFO  : Context for 'APU' is selected.
18:58:35 INFO  : System reset is completed.
18:58:38 INFO  : 'after 3000' command is executed.
18:58:38 INFO  : 'targets -set -filter {jtag_cable_name =~ "Avnet USB-to-JTAG/UART Pod V1 1234-oj1A" && level==0 && jtag_device_ctx=="jsn-USB-to-JTAG/UART Pod V1-1234-oj1A-14710093-0"}' command is executed.
18:58:41 INFO  : Device configured successfully with "/mnt/Storage/SCHOOL/Capstone/bringup/ChaosCore-FPGA/RV32RocketFPGAConfig/RV32Rocket/hello_world/_ide/bitstream/BD_wrapper.bit"
18:58:41 INFO  : targets -set -nocase -filter {name =~"PSU*"}
18:58:41 INFO  : catch {disable_pmu_gate}
18:58:41 INFO  : targets -set -nocase -filter {name =~"APU*"}
18:58:41 INFO  : loadhw -hw /mnt/Storage/SCHOOL/Capstone/bringup/ChaosCore-FPGA/RV32RocketFPGAConfig/RV32Rocket/platform/export/platform/hw/BD_wrapper.xsa -mem-ranges [list {0x80000000 0xbfffffff} {0x400000000 0x5ffffffff} {0x1000000000 0x7fffffffff}]
18:58:41 INFO  : configparams force-mem-access 1
18:58:41 INFO  : targets -set -nocase -filter {name =~"APU*"}
18:58:41 INFO  : source /tools/Xilinx/Vitis/2024.2/vitis-server/scripts/jtag_reg.tcl
18:58:41 INFO  : Boot mode is read from the target.
18:58:41 INFO  : targets -set -nocase -filter {name =~ "*A53*#0"}
18:58:41 INFO  : rst -processor
18:58:42 INFO  : dow /mnt/Storage/SCHOOL/Capstone/bringup/ChaosCore-FPGA/RV32RocketFPGAConfig/RV32Rocket/platform/export/platform/sw/boot/fsbl.elf
18:58:42 INFO  : set bp_58_42_fsbl_bp [bpadd -addr &XFsbl_Exit]
18:58:43 INFO  : con -block -timeout 60
18:58:43 INFO  : bpremove $bp_58_42_fsbl_bp
18:58:43 INFO  : targets -set -nocase -filter {name =~ "*A53*#0"}
18:58:43 INFO  : rst -processor
18:58:44 INFO  : dow /mnt/Storage/SCHOOL/Capstone/bringup/ChaosCore-FPGA/RV32RocketFPGAConfig/RV32Rocket/hello_world/build/hello_world.elf
18:58:44 INFO  : con
18:58:44 INFO  : configparams force-mem-access 0
18:58:45 INFO  : Testing the connection for 127.0.0.1
18:59:43 INFO  : Terminating Vitis C++ Server
19:17:02 INFO  : updated workspace path: /mnt/Storage/SCHOOL/Capstone/bringup/ChaosCore-FPGA/RV32RocketFPGAConfig/RV32Rocket
19:17:02 INFO  : Successfully created repository data at /tmp/rigel_lopper_alisher13421191049732846226
19:17:02 INFO  : bash, -c, source /tools/Xilinx/Vitis/2024.2/tps/lnx64/lopper-1.1.0/env/bin/activate && python /tools/Xilinx/Vitis/2024.2/data/embeddedsw/scripts/pyesw//get_template_data.py -d /tmp/rigel_lopper_alisher17640322365620659813 -r /tmp/rigel_lopper_alisher13421191049732846226/.repo.yaml && deactivate
19:17:03 INFO  : Embedded Template List generated successfully
19:17:06 INFO  : created .gitignore file for the project /mnt/Storage/SCHOOL/Capstone/bringup/ChaosCore-FPGA/RV32RocketFPGAConfig/RV32Rocket
19:17:06 INFO  : bash, -c, source /tools/Xilinx/Vitis/2024.2/tps/lnx64/lopper-1.1.0/env/bin/activate && python /tools/Xilinx/Vitis/2024.2/data/embeddedsw/scripts/pyesw//get_template_data.py -d /tmp/rigel_lopper_alisher18231913847235994647 -r /mnt/Storage/SCHOOL/Capstone/bringup/ChaosCore-FPGA/RV32RocketFPGAConfig/RV32Rocket/_ide/.wsdata/.repo.yaml && deactivate
19:17:06 INFO  : XSDB server has started successfully from frontend.
19:17:06 INFO  : It has taken  4secs.
19:17:07 INFO  : Embedded Template List generated successfully
19:17:08 INFO  : Connection to XSDB Server established.
19:17:08 INFO  : It has taken  1secs.
19:17:12 INFO  : Done
19:17:16 INFO  : Found no platform with name 'BD_wrapper' in install repositories
19:17:16 INFO  : HW XSA update started
19:17:16 INFO  : Using sdt generation script from /tools/Xilinx/Vitis/2024.2/vitis-server/scripts/platformutil.tcl
19:17:16 INFO  : bash, -c, source /tools/Xilinx/Vitis/2024.2/tps/lnx64/lopper-1.1.0/env/bin/activate && xsct /tools/Xilinx/Vitis/2024.2/vitis-server/scripts/platformutil.tcl /mnt/Storage/SCHOOL/Capstone/bringup/ChaosCore-FPGA/RV32RocketFPGAConfig/RV32Rocket/BD_wrapper.xsa /mnt/Storage/SCHOOL/Capstone/bringup/ChaosCore-FPGA/RV32RocketFPGAConfig/RV32Rocket/platform/hw/sdt && deactivate
19:17:26 INFO  : SDT generated successfully
19:17:26 INFO  : Generating BSP for the domain /mnt/Storage/SCHOOL/Capstone/bringup/ChaosCore-FPGA/RV32RocketFPGAConfig/RV32Rocket/platform/zynqmp_fsbl/zynqmp_fsbl_bsp
19:17:26 INFO  : lopper command to reconfigure BSP :python /tools/Xilinx/Vitis/2024.2/data/embeddedsw/scripts/pyesw//reconfig_bsp.py -d /mnt/Storage/SCHOOL/Capstone/bringup/ChaosCore-FPGA/RV32RocketFPGAConfig/RV32Rocket/platform/zynqmp_fsbl/zynqmp_fsbl_bsp
19:17:26 INFO  : bash, -c, source /tools/Xilinx/Vitis/2024.2/tps/lnx64/lopper-1.1.0/env/bin/activate && python /tools/Xilinx/Vitis/2024.2/data/embeddedsw/scripts/pyesw//reconfig_bsp.py -d /mnt/Storage/SCHOOL/Capstone/bringup/ChaosCore-FPGA/RV32RocketFPGAConfig/RV32Rocket/platform/zynqmp_fsbl/zynqmp_fsbl_bsp && deactivate
19:17:27 INFO  : Domain reconfigured successfully
19:17:27 INFO  : lopper command to regenerate BSP :python /tools/Xilinx/Vitis/2024.2/data/embeddedsw/scripts/pyesw//regen_bsp.py -s /mnt/Storage/SCHOOL/Capstone/bringup/ChaosCore-FPGA/RV32RocketFPGAConfig/RV32Rocket/platform/hw/sdt/system-top.dts -d /mnt/Storage/SCHOOL/Capstone/bringup/ChaosCore-FPGA/RV32RocketFPGAConfig/RV32Rocket/platform/zynqmp_fsbl/zynqmp_fsbl_bsp -r /mnt/Storage/SCHOOL/Capstone/bringup/ChaosCore-FPGA/RV32RocketFPGAConfig/RV32Rocket/_ide/.wsdata/.repo.yaml
19:17:27 INFO  : bash, -c, source /tools/Xilinx/Vitis/2024.2/tps/lnx64/lopper-1.1.0/env/bin/activate && python /tools/Xilinx/Vitis/2024.2/data/embeddedsw/scripts/pyesw//regen_bsp.py -s /mnt/Storage/SCHOOL/Capstone/bringup/ChaosCore-FPGA/RV32RocketFPGAConfig/RV32Rocket/platform/hw/sdt/system-top.dts -d /mnt/Storage/SCHOOL/Capstone/bringup/ChaosCore-FPGA/RV32RocketFPGAConfig/RV32Rocket/platform/zynqmp_fsbl/zynqmp_fsbl_bsp -r /mnt/Storage/SCHOOL/Capstone/bringup/ChaosCore-FPGA/RV32RocketFPGAConfig/RV32Rocket/_ide/.wsdata/.repo.yaml && deactivate
19:17:44 INFO  : -- Configuring done
19:17:44 INFO  : -- Generating done
19:17:44 INFO  : -- Build files have been written to: /mnt/Storage/SCHOOL/Capstone/bringup/ChaosCore-FPGA/RV32RocketFPGAConfig/RV32Rocket/platform/zynqmp_fsbl/zynqmp_fsbl_bsp/libsrc/build_configs/gen_bsp
19:17:44 INFO  : Successfully created Domain at /mnt/Storage/SCHOOL/Capstone/bringup/ChaosCore-FPGA/RV32RocketFPGAConfig/RV32Rocket/platform/zynqmp_fsbl/zynqmp_fsbl_bsp
19:17:44 INFO  : BSP regenerated successfully
19:17:44 INFO  : Generating BSP for the domain /mnt/Storage/SCHOOL/Capstone/bringup/ChaosCore-FPGA/RV32RocketFPGAConfig/RV32Rocket/platform/psu_cortexa53_0/standalone_psu_cortexa53_0/bsp
19:17:44 INFO  : lopper command to reconfigure BSP :python /tools/Xilinx/Vitis/2024.2/data/embeddedsw/scripts/pyesw//reconfig_bsp.py -d /mnt/Storage/SCHOOL/Capstone/bringup/ChaosCore-FPGA/RV32RocketFPGAConfig/RV32Rocket/platform/psu_cortexa53_0/standalone_psu_cortexa53_0/bsp
19:17:44 INFO  : bash, -c, source /tools/Xilinx/Vitis/2024.2/tps/lnx64/lopper-1.1.0/env/bin/activate && python /tools/Xilinx/Vitis/2024.2/data/embeddedsw/scripts/pyesw//reconfig_bsp.py -d /mnt/Storage/SCHOOL/Capstone/bringup/ChaosCore-FPGA/RV32RocketFPGAConfig/RV32Rocket/platform/psu_cortexa53_0/standalone_psu_cortexa53_0/bsp && deactivate
19:17:44 INFO  : Domain reconfigured successfully
19:17:44 INFO  : lopper command to regenerate BSP :python /tools/Xilinx/Vitis/2024.2/data/embeddedsw/scripts/pyesw//regen_bsp.py -s /mnt/Storage/SCHOOL/Capstone/bringup/ChaosCore-FPGA/RV32RocketFPGAConfig/RV32Rocket/platform/hw/sdt/system-top.dts -d /mnt/Storage/SCHOOL/Capstone/bringup/ChaosCore-FPGA/RV32RocketFPGAConfig/RV32Rocket/platform/psu_cortexa53_0/standalone_psu_cortexa53_0/bsp -r /mnt/Storage/SCHOOL/Capstone/bringup/ChaosCore-FPGA/RV32RocketFPGAConfig/RV32Rocket/_ide/.wsdata/.repo.yaml
19:17:44 INFO  : bash, -c, source /tools/Xilinx/Vitis/2024.2/tps/lnx64/lopper-1.1.0/env/bin/activate && python /tools/Xilinx/Vitis/2024.2/data/embeddedsw/scripts/pyesw//regen_bsp.py -s /mnt/Storage/SCHOOL/Capstone/bringup/ChaosCore-FPGA/RV32RocketFPGAConfig/RV32Rocket/platform/hw/sdt/system-top.dts -d /mnt/Storage/SCHOOL/Capstone/bringup/ChaosCore-FPGA/RV32RocketFPGAConfig/RV32Rocket/platform/psu_cortexa53_0/standalone_psu_cortexa53_0/bsp -r /mnt/Storage/SCHOOL/Capstone/bringup/ChaosCore-FPGA/RV32RocketFPGAConfig/RV32Rocket/_ide/.wsdata/.repo.yaml && deactivate
19:17:57 INFO  : -- Configuring done
19:17:57 INFO  : -- Generating done
19:17:57 INFO  : -- Build files have been written to: /mnt/Storage/SCHOOL/Capstone/bringup/ChaosCore-FPGA/RV32RocketFPGAConfig/RV32Rocket/platform/psu_cortexa53_0/standalone_psu_cortexa53_0/bsp/libsrc/build_configs/gen_bsp
19:17:57 INFO  : Successfully created Domain at /mnt/Storage/SCHOOL/Capstone/bringup/ChaosCore-FPGA/RV32RocketFPGAConfig/RV32Rocket/platform/psu_cortexa53_0/standalone_psu_cortexa53_0/bsp
19:17:57 INFO  : BSP regenerated successfully
19:17:57 INFO  : Hardware XSA update finished successfully
19:18:02 INFO  : BSP build will be initiated for Domain standalone_psu_cortexa53_0
19:18:02 INFO  : BSP build will be initiated for Domain zynqmp_fsbl
19:18:02 INFO  : Generating BSP for the domain /mnt/Storage/SCHOOL/Capstone/bringup/ChaosCore-FPGA/RV32RocketFPGAConfig/RV32Rocket/platform/zynqmp_fsbl/zynqmp_fsbl_bsp
19:18:02 INFO  : Generating BSP for the domain /mnt/Storage/SCHOOL/Capstone/bringup/ChaosCore-FPGA/RV32RocketFPGAConfig/RV32Rocket/platform/psu_cortexa53_0/standalone_psu_cortexa53_0/bsp
19:18:02 INFO  : lopper command to reconfigure BSP :python /tools/Xilinx/Vitis/2024.2/data/embeddedsw/scripts/pyesw//reconfig_bsp.py -d /mnt/Storage/SCHOOL/Capstone/bringup/ChaosCore-FPGA/RV32RocketFPGAConfig/RV32Rocket/platform/zynqmp_fsbl/zynqmp_fsbl_bsp
19:18:02 INFO  : lopper command to reconfigure BSP :python /tools/Xilinx/Vitis/2024.2/data/embeddedsw/scripts/pyesw//reconfig_bsp.py -d /mnt/Storage/SCHOOL/Capstone/bringup/ChaosCore-FPGA/RV32RocketFPGAConfig/RV32Rocket/platform/psu_cortexa53_0/standalone_psu_cortexa53_0/bsp
19:18:02 INFO  : bash, -c, source /tools/Xilinx/Vitis/2024.2/tps/lnx64/lopper-1.1.0/env/bin/activate && python /tools/Xilinx/Vitis/2024.2/data/embeddedsw/scripts/pyesw//reconfig_bsp.py -d /mnt/Storage/SCHOOL/Capstone/bringup/ChaosCore-FPGA/RV32RocketFPGAConfig/RV32Rocket/platform/zynqmp_fsbl/zynqmp_fsbl_bsp && deactivate
19:18:02 INFO  : bash, -c, source /tools/Xilinx/Vitis/2024.2/tps/lnx64/lopper-1.1.0/env/bin/activate && python /tools/Xilinx/Vitis/2024.2/data/embeddedsw/scripts/pyesw//reconfig_bsp.py -d /mnt/Storage/SCHOOL/Capstone/bringup/ChaosCore-FPGA/RV32RocketFPGAConfig/RV32Rocket/platform/psu_cortexa53_0/standalone_psu_cortexa53_0/bsp && deactivate
19:18:02 INFO  : Domain reconfigured successfully
19:18:02 INFO  : Generating BSP for the domain /mnt/Storage/SCHOOL/Capstone/bringup/ChaosCore-FPGA/RV32RocketFPGAConfig/RV32Rocket/platform/psu_cortexa53_0/standalone_psu_cortexa53_0/bsp
19:18:02 INFO  : lopper command to build BSP :python /tools/Xilinx/Vitis/2024.2/data/embeddedsw/scripts/pyesw//build_bsp.py -d /mnt/Storage/SCHOOL/Capstone/bringup/ChaosCore-FPGA/RV32RocketFPGAConfig/RV32Rocket/platform/psu_cortexa53_0/standalone_psu_cortexa53_0/bsp
19:18:02 INFO  : bash, -c, source /tools/Xilinx/Vitis/2024.2/tps/lnx64/lopper-1.1.0/env/bin/activate && python /tools/Xilinx/Vitis/2024.2/data/embeddedsw/scripts/pyesw//build_bsp.py -d /mnt/Storage/SCHOOL/Capstone/bringup/ChaosCore-FPGA/RV32RocketFPGAConfig/RV32Rocket/platform/psu_cortexa53_0/standalone_psu_cortexa53_0/bsp && deactivate
19:18:02 INFO  : Domain reconfigured successfully
19:18:02 INFO  : Generating BSP for the domain /mnt/Storage/SCHOOL/Capstone/bringup/ChaosCore-FPGA/RV32RocketFPGAConfig/RV32Rocket/platform/zynqmp_fsbl/zynqmp_fsbl_bsp
19:18:02 INFO  : lopper command to build BSP :python /tools/Xilinx/Vitis/2024.2/data/embeddedsw/scripts/pyesw//build_bsp.py -d /mnt/Storage/SCHOOL/Capstone/bringup/ChaosCore-FPGA/RV32RocketFPGAConfig/RV32Rocket/platform/zynqmp_fsbl/zynqmp_fsbl_bsp
19:18:02 INFO  : bash, -c, source /tools/Xilinx/Vitis/2024.2/tps/lnx64/lopper-1.1.0/env/bin/activate && python /tools/Xilinx/Vitis/2024.2/data/embeddedsw/scripts/pyesw//build_bsp.py -d /mnt/Storage/SCHOOL/Capstone/bringup/ChaosCore-FPGA/RV32RocketFPGAConfig/RV32Rocket/platform/zynqmp_fsbl/zynqmp_fsbl_bsp && deactivate
19:18:14 INFO  : Domain build successfully
19:18:15 INFO  : Domain build successfully
19:18:15 INFO  : Generating Boot ELFs
19:18:15 INFO  : lopper command to retarget baremetal application :python /tools/Xilinx/Vitis/2024.2/data/embeddedsw/scripts/pyesw//retarget_app.py -s /mnt/Storage/SCHOOL/Capstone/bringup/ChaosCore-FPGA/RV32RocketFPGAConfig/RV32Rocket/platform/zynqmp_fsbl -d /mnt/Storage/SCHOOL/Capstone/bringup/ChaosCore-FPGA/RV32RocketFPGAConfig/RV32Rocket/platform/zynqmp_fsbl/zynqmp_fsbl_bsp -b /mnt/Storage/SCHOOL/Capstone/bringup/ChaosCore-FPGA/RV32RocketFPGAConfig/RV32Rocket/platform/zynqmp_fsbl/build
19:18:15 INFO  : bash, -c, source /tools/Xilinx/Vitis/2024.2/tps/lnx64/lopper-1.1.0/env/bin/activate && python /tools/Xilinx/Vitis/2024.2/data/embeddedsw/scripts/pyesw//retarget_app.py -s /mnt/Storage/SCHOOL/Capstone/bringup/ChaosCore-FPGA/RV32RocketFPGAConfig/RV32Rocket/platform/zynqmp_fsbl -d /mnt/Storage/SCHOOL/Capstone/bringup/ChaosCore-FPGA/RV32RocketFPGAConfig/RV32Rocket/platform/zynqmp_fsbl/zynqmp_fsbl_bsp -b /mnt/Storage/SCHOOL/Capstone/bringup/ChaosCore-FPGA/RV32RocketFPGAConfig/RV32Rocket/platform/zynqmp_fsbl/build && deactivate
19:18:15 INFO  : Successfully retargeted Application /mnt/Storage/SCHOOL/Capstone/bringup/ChaosCore-FPGA/RV32RocketFPGAConfig/RV32Rocket/platform/zynqmp_fsbl
19:18:15 INFO  : lopper command to build baremetal application :python /tools/Xilinx/Vitis/2024.2/data/embeddedsw/scripts/pyesw//build_app.py -s /mnt/Storage/SCHOOL/Capstone/bringup/ChaosCore-FPGA/RV32RocketFPGAConfig/RV32Rocket/platform/zynqmp_fsbl -b /mnt/Storage/SCHOOL/Capstone/bringup/ChaosCore-FPGA/RV32RocketFPGAConfig/RV32Rocket/platform/zynqmp_fsbl/build
19:18:15 INFO  : bash, -c, source /tools/Xilinx/Vitis/2024.2/tps/lnx64/lopper-1.1.0/env/bin/activate && python /tools/Xilinx/Vitis/2024.2/data/embeddedsw/scripts/pyesw//build_app.py -s /mnt/Storage/SCHOOL/Capstone/bringup/ChaosCore-FPGA/RV32RocketFPGAConfig/RV32Rocket/platform/zynqmp_fsbl -b /mnt/Storage/SCHOOL/Capstone/bringup/ChaosCore-FPGA/RV32RocketFPGAConfig/RV32Rocket/platform/zynqmp_fsbl/build && deactivate
19:18:18 INFO  : Successfully building the baremetal application/mnt/Storage/SCHOOL/Capstone/bringup/ChaosCore-FPGA/RV32RocketFPGAConfig/RV32Rocket/platform/zynqmp_fsbl/build
19:18:18 INFO  : Generating Export directory
19:18:20 INFO  : Platform Build Finished successfully.
19:21:29 INFO  : The hardware specification used by project '/mnt/Storage/SCHOOL/Capstone/bringup/ChaosCore-FPGA/RV32RocketFPGAConfig/RV32Rocket/hello_world' is out of sync with the platform. Resource files extracted from the hardware specification will be updated.
19:21:29 INFO  : The file '/mnt/Storage/SCHOOL/Capstone/bringup/ChaosCore-FPGA/RV32RocketFPGAConfig/RV32Rocket/hello_world/_ide/bitstream/BD_wrapper.bit' stored in project is removed.
19:21:29 INFO  : The updated bitstream files are copied from platform to folder '/mnt/Storage/SCHOOL/Capstone/bringup/ChaosCore-FPGA/RV32RocketFPGAConfig/RV32Rocket/hello_world/_ide/bitstream' in project '/mnt/Storage/SCHOOL/Capstone/bringup/ChaosCore-FPGA/RV32RocketFPGAConfig/RV32Rocket/hello_world'.
19:21:29 INFO  : The file '/mnt/Storage/SCHOOL/Capstone/bringup/ChaosCore-FPGA/RV32RocketFPGAConfig/RV32Rocket/hello_world/_ide/psinit/psu_init.tcl' stored in project is removed.
19:21:29 INFO  : The updated ps init files are copied from platform to folder '/mnt/Storage/SCHOOL/Capstone/bringup/ChaosCore-FPGA/RV32RocketFPGAConfig/RV32Rocket/hello_world/_ide/psinit' in project '/mnt/Storage/SCHOOL/Capstone/bringup/ChaosCore-FPGA/RV32RocketFPGAConfig/RV32Rocket/hello_world'.
19:21:34 INFO  : Connected to target on host '127.0.0.1' and port '3121'.
19:21:36 INFO  : Connected to target on host '127.0.0.1' and port '3121'.
19:21:36 INFO  : 'targets -set -filter {jtag_cable_name =~ "Avnet USB-to-JTAG/UART Pod V1 1234-oj1A" && level==0 && jtag_device_ctx=="jsn-USB-to-JTAG/UART Pod V1-1234-oj1A-14710093-0"}' command is executed.
19:21:40 INFO  : Device configured successfully with "/mnt/Storage/SCHOOL/Capstone/bringup/ChaosCore-FPGA/RV32RocketFPGAConfig/RV32Rocket/hello_world/_ide/bitstream/BD_wrapper.bit"
19:21:51 INFO  : connect -url tcp:127.0.0.1:3121
19:21:51 INFO  : bpremove -all
19:21:51 INFO  : source /tools/Xilinx/Vitis/2024.2/scripts/vitis/util/zynqmp_utils.tcl
19:21:52 INFO  : Context for 'APU' is selected.
19:21:52 INFO  : System reset is completed.
19:21:55 INFO  : 'after 3000' command is executed.
19:21:55 INFO  : 'targets -set -filter {jtag_cable_name =~ "Avnet USB-to-JTAG/UART Pod V1 1234-oj1A" && level==0 && jtag_device_ctx=="jsn-USB-to-JTAG/UART Pod V1-1234-oj1A-14710093-0"}' command is executed.
19:21:59 INFO  : Device configured successfully with "/mnt/Storage/SCHOOL/Capstone/bringup/ChaosCore-FPGA/RV32RocketFPGAConfig/RV32Rocket/hello_world/_ide/bitstream/BD_wrapper.bit"
19:21:59 INFO  : targets -set -nocase -filter {name =~"PSU*"}
19:21:59 INFO  : catch {disable_pmu_gate}
19:21:59 INFO  : targets -set -nocase -filter {name =~"APU*"}
19:21:59 INFO  : loadhw -hw /mnt/Storage/SCHOOL/Capstone/bringup/ChaosCore-FPGA/RV32RocketFPGAConfig/RV32Rocket/platform/export/platform/hw/BD_wrapper.xsa -mem-ranges [list {0x80000000 0xbfffffff} {0x400000000 0x5ffffffff} {0x1000000000 0x7fffffffff}]
19:21:59 INFO  : configparams force-mem-access 1
19:21:59 INFO  : targets -set -nocase -filter {name =~"APU*"}
19:21:59 INFO  : source /tools/Xilinx/Vitis/2024.2/vitis-server/scripts/jtag_reg.tcl
19:21:59 INFO  : Boot mode is read from the target.
19:21:59 INFO  : targets -set -nocase -filter {name =~ "*A53*#0"}
19:21:59 INFO  : rst -processor
19:21:59 INFO  : dow /mnt/Storage/SCHOOL/Capstone/bringup/ChaosCore-FPGA/RV32RocketFPGAConfig/RV32Rocket/platform/export/platform/sw/boot/fsbl.elf
19:21:59 INFO  : set bp_21_59_fsbl_bp [bpadd -addr &XFsbl_Exit]
19:22:00 INFO  : con -block -timeout 60
19:22:00 INFO  : bpremove $bp_21_59_fsbl_bp
19:22:01 INFO  : targets -set -nocase -filter {name =~ "*A53*#0"}
19:22:01 INFO  : rst -processor
19:22:01 INFO  : dow /mnt/Storage/SCHOOL/Capstone/bringup/ChaosCore-FPGA/RV32RocketFPGAConfig/RV32Rocket/hello_world/build/hello_world.elf
19:22:01 INFO  : con
19:22:01 INFO  : configparams force-mem-access 0
19:22:02 INFO  : Testing the connection for 127.0.0.1
19:22:58 INFO  : connect -url tcp:127.0.0.1:3121
19:22:58 INFO  : bpremove -all
19:22:58 INFO  : source /tools/Xilinx/Vitis/2024.2/scripts/vitis/util/zynqmp_utils.tcl
19:22:58 INFO  : Context for 'APU' is selected.
19:23:00 INFO  : System reset is completed.
19:23:00 INFO  : disconnect
19:23:03 INFO  : 'after 3000' command is executed.
19:23:03 ERROR : Failed to initialize the hardware Invalid target. Use "connect" command to connect to hw_server/TCF agent
19:35:10 INFO  : connect -url tcp:127.0.0.1:3121
19:35:10 INFO  : bpremove -all
19:35:10 INFO  : source /tools/Xilinx/Vitis/2024.2/scripts/vitis/util/zynqmp_utils.tcl
19:35:10 INFO  : Context for 'APU' is selected.
19:35:10 INFO  : System reset is completed.
19:35:13 INFO  : 'after 3000' command is executed.
19:35:13 INFO  : 'targets -set -filter {jtag_cable_name =~ "Avnet USB-to-JTAG/UART Pod V1 1234-oj1A" && level==0 && jtag_device_ctx=="jsn-USB-to-JTAG/UART Pod V1-1234-oj1A-14710093-0"}' command is executed.
19:35:17 INFO  : Device configured successfully with "/mnt/Storage/SCHOOL/Capstone/bringup/ChaosCore-FPGA/RV32RocketFPGAConfig/RV32Rocket/hello_world/_ide/bitstream/BD_wrapper.bit"
19:35:17 INFO  : targets -set -nocase -filter {name =~"PSU*"}
19:35:17 INFO  : catch {disable_pmu_gate}
19:35:17 INFO  : targets -set -nocase -filter {name =~"APU*"}
19:35:17 INFO  : loadhw -hw /mnt/Storage/SCHOOL/Capstone/bringup/ChaosCore-FPGA/RV32RocketFPGAConfig/RV32Rocket/platform/export/platform/hw/BD_wrapper.xsa -mem-ranges [list {0x80000000 0xbfffffff} {0x400000000 0x5ffffffff} {0x1000000000 0x7fffffffff}]
19:35:17 INFO  : configparams force-mem-access 1
19:35:17 INFO  : targets -set -nocase -filter {name =~"APU*"}
19:35:17 INFO  : source /tools/Xilinx/Vitis/2024.2/vitis-server/scripts/jtag_reg.tcl
19:35:17 INFO  : Boot mode is read from the target.
19:35:17 INFO  : targets -set -nocase -filter {name =~ "*A53*#0"}
19:35:17 INFO  : rst -processor
19:35:17 INFO  : dow /mnt/Storage/SCHOOL/Capstone/bringup/ChaosCore-FPGA/RV32RocketFPGAConfig/RV32Rocket/platform/export/platform/sw/boot/fsbl.elf
19:35:17 INFO  : set bp_35_17_fsbl_bp [bpadd -addr &XFsbl_Exit]
19:35:18 INFO  : con -block -timeout 60
19:35:18 INFO  : bpremove $bp_35_17_fsbl_bp
19:35:18 INFO  : targets -set -nocase -filter {name =~ "*A53*#0"}
19:35:18 INFO  : rst -processor
19:35:19 INFO  : dow /mnt/Storage/SCHOOL/Capstone/bringup/ChaosCore-FPGA/RV32RocketFPGAConfig/RV32Rocket/hello_world/build/hello_world.elf
19:35:19 INFO  : con
19:35:19 INFO  : configparams force-mem-access 0
19:35:20 INFO  : Testing the connection for 127.0.0.1
19:36:27 INFO  : connect -url tcp:127.0.0.1:3121
19:36:27 INFO  : bpremove -all
19:36:27 INFO  : source /tools/Xilinx/Vitis/2024.2/scripts/vitis/util/zynqmp_utils.tcl
19:36:27 INFO  : Context for 'APU' is selected.
19:36:27 INFO  : System reset is completed.
19:36:27 INFO  : disconnect
19:36:30 INFO  : 'after 3000' command is executed.
19:36:30 ERROR : Failed to initialize the hardware Invalid target. Use "connect" command to connect to hw_server/TCF agent
19:36:33 INFO  : connect -url tcp:127.0.0.1:3121
19:36:33 INFO  : bpremove -all
19:36:33 INFO  : source /tools/Xilinx/Vitis/2024.2/scripts/vitis/util/zynqmp_utils.tcl
19:36:33 INFO  : Context for 'APU' is selected.
19:36:34 INFO  : System reset is completed.
19:36:37 INFO  : 'after 3000' command is executed.
19:36:37 INFO  : 'targets -set -filter {jtag_cable_name =~ "Avnet USB-to-JTAG/UART Pod V1 1234-oj1A" && level==0 && jtag_device_ctx=="jsn-USB-to-JTAG/UART Pod V1-1234-oj1A-14710093-0"}' command is executed.
19:36:40 INFO  : Device configured successfully with "/mnt/Storage/SCHOOL/Capstone/bringup/ChaosCore-FPGA/RV32RocketFPGAConfig/RV32Rocket/hello_world/_ide/bitstream/BD_wrapper.bit"
19:36:40 INFO  : targets -set -nocase -filter {name =~"PSU*"}
19:36:40 INFO  : catch {disable_pmu_gate}
19:36:40 INFO  : targets -set -nocase -filter {name =~"APU*"}
19:36:40 INFO  : loadhw -hw /mnt/Storage/SCHOOL/Capstone/bringup/ChaosCore-FPGA/RV32RocketFPGAConfig/RV32Rocket/platform/export/platform/hw/BD_wrapper.xsa -mem-ranges [list {0x80000000 0xbfffffff} {0x400000000 0x5ffffffff} {0x1000000000 0x7fffffffff}]
19:36:40 INFO  : configparams force-mem-access 1
19:36:40 INFO  : targets -set -nocase -filter {name =~"APU*"}
19:36:40 INFO  : source /tools/Xilinx/Vitis/2024.2/vitis-server/scripts/jtag_reg.tcl
19:36:40 INFO  : Boot mode is read from the target.
19:36:40 INFO  : targets -set -nocase -filter {name =~ "*A53*#0"}
19:36:40 INFO  : rst -processor
19:36:41 INFO  : dow /mnt/Storage/SCHOOL/Capstone/bringup/ChaosCore-FPGA/RV32RocketFPGAConfig/RV32Rocket/platform/export/platform/sw/boot/fsbl.elf
19:36:41 INFO  : set bp_36_41_fsbl_bp [bpadd -addr &XFsbl_Exit]
19:36:42 INFO  : con -block -timeout 60
19:36:42 INFO  : bpremove $bp_36_41_fsbl_bp
19:36:42 INFO  : targets -set -nocase -filter {name =~ "*A53*#0"}
19:36:42 INFO  : rst -processor
19:36:42 INFO  : dow /mnt/Storage/SCHOOL/Capstone/bringup/ChaosCore-FPGA/RV32RocketFPGAConfig/RV32Rocket/hello_world/build/hello_world.elf
19:36:42 INFO  : con
19:36:42 INFO  : configparams force-mem-access 0
19:36:43 INFO  : Testing the connection for 127.0.0.1
19:50:02 INFO  : connect -url tcp:127.0.0.1:3121
19:50:02 INFO  : bpremove -all
19:50:02 INFO  : source /tools/Xilinx/Vitis/2024.2/scripts/vitis/util/zynqmp_utils.tcl
19:50:02 INFO  : Context for 'APU' is selected.
19:50:04 INFO  : System reset is completed.
19:50:04 INFO  : disconnect
19:50:07 INFO  : 'after 3000' command is executed.
19:50:07 ERROR : Failed to initialize the hardware Invalid target. Use "connect" command to connect to hw_server/TCF agent
20:33:09 INFO  : connect -url tcp:127.0.0.1:3121
20:33:09 INFO  : bpremove -all
20:33:09 INFO  : source /tools/Xilinx/Vitis/2024.2/scripts/vitis/util/zynqmp_utils.tcl
20:33:09 INFO  : Context for 'APU' is selected.
20:33:10 INFO  : System reset is completed.
20:33:13 INFO  : 'after 3000' command is executed.
20:33:13 INFO  : 'targets -set -filter {jtag_cable_name =~ "Avnet USB-to-JTAG/UART Pod V1 1234-oj1A" && level==0 && jtag_device_ctx=="jsn-USB-to-JTAG/UART Pod V1-1234-oj1A-14710093-0"}' command is executed.
20:33:16 INFO  : Device configured successfully with "/mnt/Storage/SCHOOL/Capstone/bringup/ChaosCore-FPGA/RV32RocketFPGAConfig/RV32Rocket/hello_world/_ide/bitstream/BD_wrapper.bit"
20:33:16 INFO  : targets -set -nocase -filter {name =~"PSU*"}
20:33:16 INFO  : catch {disable_pmu_gate}
20:33:16 INFO  : targets -set -nocase -filter {name =~"APU*"}
20:33:16 INFO  : loadhw -hw /mnt/Storage/SCHOOL/Capstone/bringup/ChaosCore-FPGA/RV32RocketFPGAConfig/RV32Rocket/platform/export/platform/hw/BD_wrapper.xsa -mem-ranges [list {0x80000000 0xbfffffff} {0x400000000 0x5ffffffff} {0x1000000000 0x7fffffffff}]
20:33:16 INFO  : configparams force-mem-access 1
20:33:16 INFO  : targets -set -nocase -filter {name =~"APU*"}
20:33:16 INFO  : source /tools/Xilinx/Vitis/2024.2/vitis-server/scripts/jtag_reg.tcl
20:33:16 INFO  : Boot mode is read from the target.
20:33:16 INFO  : targets -set -nocase -filter {name =~ "*A53*#0"}
20:33:16 INFO  : rst -processor
20:33:17 INFO  : dow /mnt/Storage/SCHOOL/Capstone/bringup/ChaosCore-FPGA/RV32RocketFPGAConfig/RV32Rocket/platform/export/platform/sw/boot/fsbl.elf
20:33:17 INFO  : set bp_33_17_fsbl_bp [bpadd -addr &XFsbl_Exit]
20:33:18 INFO  : con -block -timeout 60
20:33:18 INFO  : bpremove $bp_33_17_fsbl_bp
20:33:18 INFO  : targets -set -nocase -filter {name =~ "*A53*#0"}
20:33:18 INFO  : rst -processor
20:33:18 INFO  : dow /mnt/Storage/SCHOOL/Capstone/bringup/ChaosCore-FPGA/RV32RocketFPGAConfig/RV32Rocket/hello_world/build/hello_world.elf
20:33:18 INFO  : con
20:33:18 INFO  : configparams force-mem-access 0
20:33:19 INFO  : Testing the connection for 127.0.0.1
20:36:51 INFO  : connect -url tcp:127.0.0.1:3121
20:36:51 INFO  : bpremove -all
20:36:51 INFO  : source /tools/Xilinx/Vitis/2024.2/scripts/vitis/util/zynqmp_utils.tcl
20:36:51 INFO  : Context for 'APU' is selected.
20:36:51 INFO  : System reset is completed.
20:36:51 INFO  : disconnect
20:36:54 INFO  : 'after 3000' command is executed.
20:36:54 ERROR : Failed to initialize the hardware Invalid target. Use "connect" command to connect to hw_server/TCF agent
20:37:16 INFO  : The updated bitstream files are copied from platform to folder '/mnt/Storage/SCHOOL/Capstone/bringup/ChaosCore-FPGA/RV32RocketFPGAConfig/RV32Rocket/hello_world/_ide/bitstream' in project '/mnt/Storage/SCHOOL/Capstone/bringup/ChaosCore-FPGA/RV32RocketFPGAConfig/RV32Rocket/hello_world'.
20:37:16 INFO  : The updated ps init files are copied from platform to folder '/mnt/Storage/SCHOOL/Capstone/bringup/ChaosCore-FPGA/RV32RocketFPGAConfig/RV32Rocket/hello_world/_ide/psinit' in project '/mnt/Storage/SCHOOL/Capstone/bringup/ChaosCore-FPGA/RV32RocketFPGAConfig/RV32Rocket/hello_world'.
20:37:20 INFO  : The updated bitstream files are copied from platform to folder '/mnt/Storage/SCHOOL/Capstone/bringup/ChaosCore-FPGA/RV32RocketFPGAConfig/RV32Rocket/hello_world/_ide/bitstream' in project '/mnt/Storage/SCHOOL/Capstone/bringup/ChaosCore-FPGA/RV32RocketFPGAConfig/RV32Rocket/hello_world'.
20:37:20 INFO  : The updated ps init files are copied from platform to folder '/mnt/Storage/SCHOOL/Capstone/bringup/ChaosCore-FPGA/RV32RocketFPGAConfig/RV32Rocket/hello_world/_ide/psinit' in project '/mnt/Storage/SCHOOL/Capstone/bringup/ChaosCore-FPGA/RV32RocketFPGAConfig/RV32Rocket/hello_world'.
20:37:21 INFO  : Connected to target on host '127.0.0.1' and port '3121'.
20:37:21 INFO  : Connected to target on host '127.0.0.1' and port '3121'.
20:37:21 INFO  : 'targets -set -filter {jtag_cable_name =~ "Avnet USB-to-JTAG/UART Pod V1 1234-oj1A" && level==0 && jtag_device_ctx=="jsn-USB-to-JTAG/UART Pod V1-1234-oj1A-14710093-0"}' command is executed.
20:37:24 INFO  : Device configured successfully with "/mnt/Storage/SCHOOL/Capstone/bringup/ChaosCore-FPGA/RV32RocketFPGAConfig/RV32Rocket/hello_world/_ide/bitstream/BD_wrapper.bit"
20:37:29 INFO  : connect -url tcp:127.0.0.1:3121
20:37:29 INFO  : bpremove -all
20:37:29 INFO  : source /tools/Xilinx/Vitis/2024.2/scripts/vitis/util/zynqmp_utils.tcl
20:37:29 INFO  : Context for 'APU' is selected.
20:37:29 INFO  : System reset is completed.
20:37:32 INFO  : 'after 3000' command is executed.
20:37:32 INFO  : 'targets -set -filter {jtag_cable_name =~ "Avnet USB-to-JTAG/UART Pod V1 1234-oj1A" && level==0 && jtag_device_ctx=="jsn-USB-to-JTAG/UART Pod V1-1234-oj1A-14710093-0"}' command is executed.
20:37:35 INFO  : Device configured successfully with "/mnt/Storage/SCHOOL/Capstone/bringup/ChaosCore-FPGA/RV32RocketFPGAConfig/RV32Rocket/hello_world/_ide/bitstream/BD_wrapper.bit"
20:37:35 INFO  : targets -set -nocase -filter {name =~"PSU*"}
20:37:35 INFO  : catch {disable_pmu_gate}
20:37:35 INFO  : targets -set -nocase -filter {name =~"APU*"}
20:37:35 INFO  : loadhw -hw /mnt/Storage/SCHOOL/Capstone/bringup/ChaosCore-FPGA/RV32RocketFPGAConfig/RV32Rocket/platform/export/platform/hw/BD_wrapper.xsa -mem-ranges [list {0x80000000 0xbfffffff} {0x400000000 0x5ffffffff} {0x1000000000 0x7fffffffff}]
20:37:35 INFO  : configparams force-mem-access 1
20:37:35 INFO  : targets -set -nocase -filter {name =~"APU*"}
20:37:35 INFO  : source /tools/Xilinx/Vitis/2024.2/vitis-server/scripts/jtag_reg.tcl
20:37:35 INFO  : Boot mode is read from the target.
20:37:35 INFO  : targets -set -nocase -filter {name =~ "*A53*#0"}
20:37:35 INFO  : rst -processor
20:37:36 INFO  : dow /mnt/Storage/SCHOOL/Capstone/bringup/ChaosCore-FPGA/RV32RocketFPGAConfig/RV32Rocket/platform/export/platform/sw/boot/fsbl.elf
20:37:36 INFO  : set bp_37_36_fsbl_bp [bpadd -addr &XFsbl_Exit]
20:37:37 INFO  : con -block -timeout 60
20:37:37 INFO  : bpremove $bp_37_36_fsbl_bp
20:37:37 INFO  : targets -set -nocase -filter {name =~ "*A53*#0"}
20:37:37 INFO  : rst -processor
20:37:37 INFO  : dow /mnt/Storage/SCHOOL/Capstone/bringup/ChaosCore-FPGA/RV32RocketFPGAConfig/RV32Rocket/hello_world/build/hello_world.elf
20:37:37 INFO  : con
20:37:37 INFO  : configparams force-mem-access 0
20:37:38 INFO  : Testing the connection for 127.0.0.1
20:43:12 INFO  : disconnect
20:48:44 INFO  : Terminating Vitis C++ Server
22:15:33 INFO  : updated workspace path: /mnt/Storage/SCHOOL/Capstone/bringup/ChaosCore-FPGA/RV32RocketFPGAConfig/RV32Rocket
22:15:33 INFO  : created .gitignore file for the project /mnt/Storage/SCHOOL/Capstone/bringup/ChaosCore-FPGA/RV32RocketFPGAConfig/RV32Rocket
22:15:33 INFO  : bash, -c, source /tools/Xilinx/Vitis/2024.2/tps/lnx64/lopper-1.1.0/env/bin/activate && python /tools/Xilinx/Vitis/2024.2/data/embeddedsw/scripts/pyesw//get_template_data.py -d /tmp/rigel_lopper_alisher5433004345734001040 -r /mnt/Storage/SCHOOL/Capstone/bringup/ChaosCore-FPGA/RV32RocketFPGAConfig/RV32Rocket/_ide/.wsdata/.repo.yaml && deactivate
22:15:33 INFO  : Embedded Template List generated successfully
22:15:35 INFO  : Done
22:17:45 INFO  : Found no platform with name 'BD_wrapper' in install repositories
22:17:45 INFO  : HW XSA update started
22:17:45 INFO  : Using sdt generation script from /tools/Xilinx/Vitis/2024.2/vitis-server/scripts/platformutil.tcl
22:17:45 INFO  : bash, -c, source /tools/Xilinx/Vitis/2024.2/tps/lnx64/lopper-1.1.0/env/bin/activate && xsct /tools/Xilinx/Vitis/2024.2/vitis-server/scripts/platformutil.tcl /mnt/Storage/SCHOOL/Capstone/bringup/ChaosCore-FPGA/RV32RocketFPGAConfig/RV32Rocket/BD_wrapper.xsa /mnt/Storage/SCHOOL/Capstone/bringup/ChaosCore-FPGA/RV32RocketFPGAConfig/RV32Rocket/platform/hw/sdt && deactivate
22:17:55 INFO  : SDT generated successfully
22:17:55 INFO  : Generating BSP for the domain /mnt/Storage/SCHOOL/Capstone/bringup/ChaosCore-FPGA/RV32RocketFPGAConfig/RV32Rocket/platform/zynqmp_fsbl/zynqmp_fsbl_bsp
22:17:55 INFO  : lopper command to reconfigure BSP :python /tools/Xilinx/Vitis/2024.2/data/embeddedsw/scripts/pyesw//reconfig_bsp.py -d /mnt/Storage/SCHOOL/Capstone/bringup/ChaosCore-FPGA/RV32RocketFPGAConfig/RV32Rocket/platform/zynqmp_fsbl/zynqmp_fsbl_bsp
22:17:55 INFO  : bash, -c, source /tools/Xilinx/Vitis/2024.2/tps/lnx64/lopper-1.1.0/env/bin/activate && python /tools/Xilinx/Vitis/2024.2/data/embeddedsw/scripts/pyesw//reconfig_bsp.py -d /mnt/Storage/SCHOOL/Capstone/bringup/ChaosCore-FPGA/RV32RocketFPGAConfig/RV32Rocket/platform/zynqmp_fsbl/zynqmp_fsbl_bsp && deactivate
22:17:56 INFO  : Domain reconfigured successfully
22:17:56 INFO  : lopper command to regenerate BSP :python /tools/Xilinx/Vitis/2024.2/data/embeddedsw/scripts/pyesw//regen_bsp.py -s /mnt/Storage/SCHOOL/Capstone/bringup/ChaosCore-FPGA/RV32RocketFPGAConfig/RV32Rocket/platform/hw/sdt/system-top.dts -d /mnt/Storage/SCHOOL/Capstone/bringup/ChaosCore-FPGA/RV32RocketFPGAConfig/RV32Rocket/platform/zynqmp_fsbl/zynqmp_fsbl_bsp -r /mnt/Storage/SCHOOL/Capstone/bringup/ChaosCore-FPGA/RV32RocketFPGAConfig/RV32Rocket/_ide/.wsdata/.repo.yaml
22:17:56 INFO  : bash, -c, source /tools/Xilinx/Vitis/2024.2/tps/lnx64/lopper-1.1.0/env/bin/activate && python /tools/Xilinx/Vitis/2024.2/data/embeddedsw/scripts/pyesw//regen_bsp.py -s /mnt/Storage/SCHOOL/Capstone/bringup/ChaosCore-FPGA/RV32RocketFPGAConfig/RV32Rocket/platform/hw/sdt/system-top.dts -d /mnt/Storage/SCHOOL/Capstone/bringup/ChaosCore-FPGA/RV32RocketFPGAConfig/RV32Rocket/platform/zynqmp_fsbl/zynqmp_fsbl_bsp -r /mnt/Storage/SCHOOL/Capstone/bringup/ChaosCore-FPGA/RV32RocketFPGAConfig/RV32Rocket/_ide/.wsdata/.repo.yaml && deactivate
22:18:10 INFO  : -- Configuring done
22:18:10 INFO  : -- Generating done
22:18:10 INFO  : -- Build files have been written to: /mnt/Storage/SCHOOL/Capstone/bringup/ChaosCore-FPGA/RV32RocketFPGAConfig/RV32Rocket/platform/zynqmp_fsbl/zynqmp_fsbl_bsp/libsrc/build_configs/gen_bsp
22:18:10 INFO  : Successfully created Domain at /mnt/Storage/SCHOOL/Capstone/bringup/ChaosCore-FPGA/RV32RocketFPGAConfig/RV32Rocket/platform/zynqmp_fsbl/zynqmp_fsbl_bsp
22:18:10 INFO  : During Regeneration of BSP
22:18:10 INFO  : Drivers ('gpio',) got added
22:18:10 INFO  : BSP regenerated successfully
22:18:10 INFO  : Generating BSP for the domain /mnt/Storage/SCHOOL/Capstone/bringup/ChaosCore-FPGA/RV32RocketFPGAConfig/RV32Rocket/platform/psu_cortexa53_0/standalone_psu_cortexa53_0/bsp
22:18:10 INFO  : lopper command to reconfigure BSP :python /tools/Xilinx/Vitis/2024.2/data/embeddedsw/scripts/pyesw//reconfig_bsp.py -d /mnt/Storage/SCHOOL/Capstone/bringup/ChaosCore-FPGA/RV32RocketFPGAConfig/RV32Rocket/platform/psu_cortexa53_0/standalone_psu_cortexa53_0/bsp
22:18:10 INFO  : bash, -c, source /tools/Xilinx/Vitis/2024.2/tps/lnx64/lopper-1.1.0/env/bin/activate && python /tools/Xilinx/Vitis/2024.2/data/embeddedsw/scripts/pyesw//reconfig_bsp.py -d /mnt/Storage/SCHOOL/Capstone/bringup/ChaosCore-FPGA/RV32RocketFPGAConfig/RV32Rocket/platform/psu_cortexa53_0/standalone_psu_cortexa53_0/bsp && deactivate
22:18:11 INFO  : Domain reconfigured successfully
22:18:11 INFO  : lopper command to regenerate BSP :python /tools/Xilinx/Vitis/2024.2/data/embeddedsw/scripts/pyesw//regen_bsp.py -s /mnt/Storage/SCHOOL/Capstone/bringup/ChaosCore-FPGA/RV32RocketFPGAConfig/RV32Rocket/platform/hw/sdt/system-top.dts -d /mnt/Storage/SCHOOL/Capstone/bringup/ChaosCore-FPGA/RV32RocketFPGAConfig/RV32Rocket/platform/psu_cortexa53_0/standalone_psu_cortexa53_0/bsp -r /mnt/Storage/SCHOOL/Capstone/bringup/ChaosCore-FPGA/RV32RocketFPGAConfig/RV32Rocket/_ide/.wsdata/.repo.yaml
22:18:11 INFO  : bash, -c, source /tools/Xilinx/Vitis/2024.2/tps/lnx64/lopper-1.1.0/env/bin/activate && python /tools/Xilinx/Vitis/2024.2/data/embeddedsw/scripts/pyesw//regen_bsp.py -s /mnt/Storage/SCHOOL/Capstone/bringup/ChaosCore-FPGA/RV32RocketFPGAConfig/RV32Rocket/platform/hw/sdt/system-top.dts -d /mnt/Storage/SCHOOL/Capstone/bringup/ChaosCore-FPGA/RV32RocketFPGAConfig/RV32Rocket/platform/psu_cortexa53_0/standalone_psu_cortexa53_0/bsp -r /mnt/Storage/SCHOOL/Capstone/bringup/ChaosCore-FPGA/RV32RocketFPGAConfig/RV32Rocket/_ide/.wsdata/.repo.yaml && deactivate
22:18:21 INFO  : -- Configuring done
22:18:21 INFO  : -- Generating done
22:18:21 INFO  : -- Build files have been written to: /mnt/Storage/SCHOOL/Capstone/bringup/ChaosCore-FPGA/RV32RocketFPGAConfig/RV32Rocket/platform/psu_cortexa53_0/standalone_psu_cortexa53_0/bsp/libsrc/build_configs/gen_bsp
22:18:21 INFO  : Successfully created Domain at /mnt/Storage/SCHOOL/Capstone/bringup/ChaosCore-FPGA/RV32RocketFPGAConfig/RV32Rocket/platform/psu_cortexa53_0/standalone_psu_cortexa53_0/bsp
22:18:21 INFO  : During Regeneration of BSP
22:18:21 INFO  : Drivers ('gpio',) got added
22:18:21 INFO  : BSP regenerated successfully
22:18:21 INFO  : Hardware XSA update finished successfully
22:18:26 INFO  : BSP build will be initiated for Domain zynqmp_fsbl
22:18:26 INFO  : BSP build will be initiated for Domain standalone_psu_cortexa53_0
22:18:26 INFO  : Generating BSP for the domain /mnt/Storage/SCHOOL/Capstone/bringup/ChaosCore-FPGA/RV32RocketFPGAConfig/RV32Rocket/platform/zynqmp_fsbl/zynqmp_fsbl_bsp
22:18:26 INFO  : Generating BSP for the domain /mnt/Storage/SCHOOL/Capstone/bringup/ChaosCore-FPGA/RV32RocketFPGAConfig/RV32Rocket/platform/psu_cortexa53_0/standalone_psu_cortexa53_0/bsp
22:18:26 INFO  : lopper command to reconfigure BSP :python /tools/Xilinx/Vitis/2024.2/data/embeddedsw/scripts/pyesw//reconfig_bsp.py -d /mnt/Storage/SCHOOL/Capstone/bringup/ChaosCore-FPGA/RV32RocketFPGAConfig/RV32Rocket/platform/zynqmp_fsbl/zynqmp_fsbl_bsp
22:18:26 INFO  : lopper command to reconfigure BSP :python /tools/Xilinx/Vitis/2024.2/data/embeddedsw/scripts/pyesw//reconfig_bsp.py -d /mnt/Storage/SCHOOL/Capstone/bringup/ChaosCore-FPGA/RV32RocketFPGAConfig/RV32Rocket/platform/psu_cortexa53_0/standalone_psu_cortexa53_0/bsp
22:18:26 INFO  : bash, -c, source /tools/Xilinx/Vitis/2024.2/tps/lnx64/lopper-1.1.0/env/bin/activate && python /tools/Xilinx/Vitis/2024.2/data/embeddedsw/scripts/pyesw//reconfig_bsp.py -d /mnt/Storage/SCHOOL/Capstone/bringup/ChaosCore-FPGA/RV32RocketFPGAConfig/RV32Rocket/platform/zynqmp_fsbl/zynqmp_fsbl_bsp && deactivate
22:18:26 INFO  : bash, -c, source /tools/Xilinx/Vitis/2024.2/tps/lnx64/lopper-1.1.0/env/bin/activate && python /tools/Xilinx/Vitis/2024.2/data/embeddedsw/scripts/pyesw//reconfig_bsp.py -d /mnt/Storage/SCHOOL/Capstone/bringup/ChaosCore-FPGA/RV32RocketFPGAConfig/RV32Rocket/platform/psu_cortexa53_0/standalone_psu_cortexa53_0/bsp && deactivate
22:18:28 INFO  : Domain reconfigured successfully
22:18:28 INFO  : Generating BSP for the domain /mnt/Storage/SCHOOL/Capstone/bringup/ChaosCore-FPGA/RV32RocketFPGAConfig/RV32Rocket/platform/psu_cortexa53_0/standalone_psu_cortexa53_0/bsp
22:18:28 INFO  : lopper command to build BSP :python /tools/Xilinx/Vitis/2024.2/data/embeddedsw/scripts/pyesw//build_bsp.py -d /mnt/Storage/SCHOOL/Capstone/bringup/ChaosCore-FPGA/RV32RocketFPGAConfig/RV32Rocket/platform/psu_cortexa53_0/standalone_psu_cortexa53_0/bsp
22:18:28 INFO  : bash, -c, source /tools/Xilinx/Vitis/2024.2/tps/lnx64/lopper-1.1.0/env/bin/activate && python /tools/Xilinx/Vitis/2024.2/data/embeddedsw/scripts/pyesw//build_bsp.py -d /mnt/Storage/SCHOOL/Capstone/bringup/ChaosCore-FPGA/RV32RocketFPGAConfig/RV32Rocket/platform/psu_cortexa53_0/standalone_psu_cortexa53_0/bsp && deactivate
22:18:28 INFO  : Domain reconfigured successfully
22:18:28 INFO  : Generating BSP for the domain /mnt/Storage/SCHOOL/Capstone/bringup/ChaosCore-FPGA/RV32RocketFPGAConfig/RV32Rocket/platform/zynqmp_fsbl/zynqmp_fsbl_bsp
22:18:28 INFO  : lopper command to build BSP :python /tools/Xilinx/Vitis/2024.2/data/embeddedsw/scripts/pyesw//build_bsp.py -d /mnt/Storage/SCHOOL/Capstone/bringup/ChaosCore-FPGA/RV32RocketFPGAConfig/RV32Rocket/platform/zynqmp_fsbl/zynqmp_fsbl_bsp
22:18:28 INFO  : bash, -c, source /tools/Xilinx/Vitis/2024.2/tps/lnx64/lopper-1.1.0/env/bin/activate && python /tools/Xilinx/Vitis/2024.2/data/embeddedsw/scripts/pyesw//build_bsp.py -d /mnt/Storage/SCHOOL/Capstone/bringup/ChaosCore-FPGA/RV32RocketFPGAConfig/RV32Rocket/platform/zynqmp_fsbl/zynqmp_fsbl_bsp && deactivate
22:18:58 INFO  : Domain build successfully
22:18:59 INFO  : Domain build successfully
22:18:59 INFO  : Generating Boot ELFs
22:18:59 INFO  : lopper command to retarget baremetal application :python /tools/Xilinx/Vitis/2024.2/data/embeddedsw/scripts/pyesw//retarget_app.py -s /mnt/Storage/SCHOOL/Capstone/bringup/ChaosCore-FPGA/RV32RocketFPGAConfig/RV32Rocket/platform/zynqmp_fsbl -d /mnt/Storage/SCHOOL/Capstone/bringup/ChaosCore-FPGA/RV32RocketFPGAConfig/RV32Rocket/platform/zynqmp_fsbl/zynqmp_fsbl_bsp -b /mnt/Storage/SCHOOL/Capstone/bringup/ChaosCore-FPGA/RV32RocketFPGAConfig/RV32Rocket/platform/zynqmp_fsbl/build
22:18:59 INFO  : bash, -c, source /tools/Xilinx/Vitis/2024.2/tps/lnx64/lopper-1.1.0/env/bin/activate && python /tools/Xilinx/Vitis/2024.2/data/embeddedsw/scripts/pyesw//retarget_app.py -s /mnt/Storage/SCHOOL/Capstone/bringup/ChaosCore-FPGA/RV32RocketFPGAConfig/RV32Rocket/platform/zynqmp_fsbl -d /mnt/Storage/SCHOOL/Capstone/bringup/ChaosCore-FPGA/RV32RocketFPGAConfig/RV32Rocket/platform/zynqmp_fsbl/zynqmp_fsbl_bsp -b /mnt/Storage/SCHOOL/Capstone/bringup/ChaosCore-FPGA/RV32RocketFPGAConfig/RV32Rocket/platform/zynqmp_fsbl/build && deactivate
22:18:59 INFO  : Successfully retargeted Application /mnt/Storage/SCHOOL/Capstone/bringup/ChaosCore-FPGA/RV32RocketFPGAConfig/RV32Rocket/platform/zynqmp_fsbl
22:18:59 INFO  : lopper command to build baremetal application :python /tools/Xilinx/Vitis/2024.2/data/embeddedsw/scripts/pyesw//build_app.py -s /mnt/Storage/SCHOOL/Capstone/bringup/ChaosCore-FPGA/RV32RocketFPGAConfig/RV32Rocket/platform/zynqmp_fsbl -b /mnt/Storage/SCHOOL/Capstone/bringup/ChaosCore-FPGA/RV32RocketFPGAConfig/RV32Rocket/platform/zynqmp_fsbl/build
22:18:59 INFO  : bash, -c, source /tools/Xilinx/Vitis/2024.2/tps/lnx64/lopper-1.1.0/env/bin/activate && python /tools/Xilinx/Vitis/2024.2/data/embeddedsw/scripts/pyesw//build_app.py -s /mnt/Storage/SCHOOL/Capstone/bringup/ChaosCore-FPGA/RV32RocketFPGAConfig/RV32Rocket/platform/zynqmp_fsbl -b /mnt/Storage/SCHOOL/Capstone/bringup/ChaosCore-FPGA/RV32RocketFPGAConfig/RV32Rocket/platform/zynqmp_fsbl/build && deactivate
22:19:04 INFO  : Successfully building the baremetal application/mnt/Storage/SCHOOL/Capstone/bringup/ChaosCore-FPGA/RV32RocketFPGAConfig/RV32Rocket/platform/zynqmp_fsbl/build
22:19:04 INFO  : Generating Export directory
22:19:05 INFO  : Platform Build Finished successfully.
22:19:14 INFO  : The hardware specification used by project '/mnt/Storage/SCHOOL/Capstone/bringup/ChaosCore-FPGA/RV32RocketFPGAConfig/RV32Rocket/hello_world' is out of sync with the platform. Resource files extracted from the hardware specification will be updated.
22:19:14 INFO  : The file '/mnt/Storage/SCHOOL/Capstone/bringup/ChaosCore-FPGA/RV32RocketFPGAConfig/RV32Rocket/hello_world/_ide/bitstream/BD_wrapper.bit' stored in project is removed.
22:19:14 INFO  : The updated bitstream files are copied from platform to folder '/mnt/Storage/SCHOOL/Capstone/bringup/ChaosCore-FPGA/RV32RocketFPGAConfig/RV32Rocket/hello_world/_ide/bitstream' in project '/mnt/Storage/SCHOOL/Capstone/bringup/ChaosCore-FPGA/RV32RocketFPGAConfig/RV32Rocket/hello_world'.
22:19:14 INFO  : The file '/mnt/Storage/SCHOOL/Capstone/bringup/ChaosCore-FPGA/RV32RocketFPGAConfig/RV32Rocket/hello_world/_ide/psinit/psu_init.tcl' stored in project is removed.
22:19:14 INFO  : The updated ps init files are copied from platform to folder '/mnt/Storage/SCHOOL/Capstone/bringup/ChaosCore-FPGA/RV32RocketFPGAConfig/RV32Rocket/hello_world/_ide/psinit' in project '/mnt/Storage/SCHOOL/Capstone/bringup/ChaosCore-FPGA/RV32RocketFPGAConfig/RV32Rocket/hello_world'.
22:19:19 INFO  : Connected to target on host '127.0.0.1' and port '3121'.
22:19:29 ERROR : Program device failed Could not find FPGA device on the board for connection 'Local'.


Troubleshooting hints:
1. Check whether board is connected to system properly.
2. In case of zynq board, check whether Digilent/Xilinx cable switch settings are correct.
3. If you are using Xilinx Platform Cable USB, ensure that status LED is green.
22:26:07 INFO  : BSP build will be initiated for Domain standalone_psu_cortexa53_0
22:26:07 INFO  : BSP build will be initiated for Domain zynqmp_fsbl
22:26:07 INFO  : Generating BSP for the domain /mnt/Storage/SCHOOL/Capstone/bringup/ChaosCore-FPGA/RV32RocketFPGAConfig/RV32Rocket/platform/psu_cortexa53_0/standalone_psu_cortexa53_0/bsp
22:26:07 INFO  : Generating BSP for the domain /mnt/Storage/SCHOOL/Capstone/bringup/ChaosCore-FPGA/RV32RocketFPGAConfig/RV32Rocket/platform/zynqmp_fsbl/zynqmp_fsbl_bsp
22:26:07 INFO  : lopper command to reconfigure BSP :python /tools/Xilinx/Vitis/2024.2/data/embeddedsw/scripts/pyesw//reconfig_bsp.py -d /mnt/Storage/SCHOOL/Capstone/bringup/ChaosCore-FPGA/RV32RocketFPGAConfig/RV32Rocket/platform/psu_cortexa53_0/standalone_psu_cortexa53_0/bsp
22:26:07 INFO  : lopper command to reconfigure BSP :python /tools/Xilinx/Vitis/2024.2/data/embeddedsw/scripts/pyesw//reconfig_bsp.py -d /mnt/Storage/SCHOOL/Capstone/bringup/ChaosCore-FPGA/RV32RocketFPGAConfig/RV32Rocket/platform/zynqmp_fsbl/zynqmp_fsbl_bsp
22:26:07 INFO  : bash, -c, source /tools/Xilinx/Vitis/2024.2/tps/lnx64/lopper-1.1.0/env/bin/activate && python /tools/Xilinx/Vitis/2024.2/data/embeddedsw/scripts/pyesw//reconfig_bsp.py -d /mnt/Storage/SCHOOL/Capstone/bringup/ChaosCore-FPGA/RV32RocketFPGAConfig/RV32Rocket/platform/psu_cortexa53_0/standalone_psu_cortexa53_0/bsp && deactivate
22:26:07 INFO  : bash, -c, source /tools/Xilinx/Vitis/2024.2/tps/lnx64/lopper-1.1.0/env/bin/activate && python /tools/Xilinx/Vitis/2024.2/data/embeddedsw/scripts/pyesw//reconfig_bsp.py -d /mnt/Storage/SCHOOL/Capstone/bringup/ChaosCore-FPGA/RV32RocketFPGAConfig/RV32Rocket/platform/zynqmp_fsbl/zynqmp_fsbl_bsp && deactivate
22:26:07 INFO  : Domain reconfigured successfully
22:26:07 INFO  : Generating BSP for the domain /mnt/Storage/SCHOOL/Capstone/bringup/ChaosCore-FPGA/RV32RocketFPGAConfig/RV32Rocket/platform/psu_cortexa53_0/standalone_psu_cortexa53_0/bsp
22:26:07 INFO  : lopper command to build BSP :python /tools/Xilinx/Vitis/2024.2/data/embeddedsw/scripts/pyesw//build_bsp.py -d /mnt/Storage/SCHOOL/Capstone/bringup/ChaosCore-FPGA/RV32RocketFPGAConfig/RV32Rocket/platform/psu_cortexa53_0/standalone_psu_cortexa53_0/bsp
22:26:07 INFO  : bash, -c, source /tools/Xilinx/Vitis/2024.2/tps/lnx64/lopper-1.1.0/env/bin/activate && python /tools/Xilinx/Vitis/2024.2/data/embeddedsw/scripts/pyesw//build_bsp.py -d /mnt/Storage/SCHOOL/Capstone/bringup/ChaosCore-FPGA/RV32RocketFPGAConfig/RV32Rocket/platform/psu_cortexa53_0/standalone_psu_cortexa53_0/bsp && deactivate
22:26:07 INFO  : Domain reconfigured successfully
22:26:07 INFO  : Generating BSP for the domain /mnt/Storage/SCHOOL/Capstone/bringup/ChaosCore-FPGA/RV32RocketFPGAConfig/RV32Rocket/platform/zynqmp_fsbl/zynqmp_fsbl_bsp
22:26:07 INFO  : lopper command to build BSP :python /tools/Xilinx/Vitis/2024.2/data/embeddedsw/scripts/pyesw//build_bsp.py -d /mnt/Storage/SCHOOL/Capstone/bringup/ChaosCore-FPGA/RV32RocketFPGAConfig/RV32Rocket/platform/zynqmp_fsbl/zynqmp_fsbl_bsp
22:26:07 INFO  : bash, -c, source /tools/Xilinx/Vitis/2024.2/tps/lnx64/lopper-1.1.0/env/bin/activate && python /tools/Xilinx/Vitis/2024.2/data/embeddedsw/scripts/pyesw//build_bsp.py -d /mnt/Storage/SCHOOL/Capstone/bringup/ChaosCore-FPGA/RV32RocketFPGAConfig/RV32Rocket/platform/zynqmp_fsbl/zynqmp_fsbl_bsp && deactivate
22:26:08 INFO  : Domain build successfully
22:26:08 INFO  : Domain build successfully
22:26:08 INFO  : Generating Boot ELFs
22:26:08 INFO  : lopper command to retarget baremetal application :python /tools/Xilinx/Vitis/2024.2/data/embeddedsw/scripts/pyesw//retarget_app.py -s /mnt/Storage/SCHOOL/Capstone/bringup/ChaosCore-FPGA/RV32RocketFPGAConfig/RV32Rocket/platform/zynqmp_fsbl -d /mnt/Storage/SCHOOL/Capstone/bringup/ChaosCore-FPGA/RV32RocketFPGAConfig/RV32Rocket/platform/zynqmp_fsbl/zynqmp_fsbl_bsp -b /mnt/Storage/SCHOOL/Capstone/bringup/ChaosCore-FPGA/RV32RocketFPGAConfig/RV32Rocket/platform/zynqmp_fsbl/build
22:26:08 INFO  : bash, -c, source /tools/Xilinx/Vitis/2024.2/tps/lnx64/lopper-1.1.0/env/bin/activate && python /tools/Xilinx/Vitis/2024.2/data/embeddedsw/scripts/pyesw//retarget_app.py -s /mnt/Storage/SCHOOL/Capstone/bringup/ChaosCore-FPGA/RV32RocketFPGAConfig/RV32Rocket/platform/zynqmp_fsbl -d /mnt/Storage/SCHOOL/Capstone/bringup/ChaosCore-FPGA/RV32RocketFPGAConfig/RV32Rocket/platform/zynqmp_fsbl/zynqmp_fsbl_bsp -b /mnt/Storage/SCHOOL/Capstone/bringup/ChaosCore-FPGA/RV32RocketFPGAConfig/RV32Rocket/platform/zynqmp_fsbl/build && deactivate
22:26:08 INFO  : Successfully retargeted Application /mnt/Storage/SCHOOL/Capstone/bringup/ChaosCore-FPGA/RV32RocketFPGAConfig/RV32Rocket/platform/zynqmp_fsbl
22:26:08 INFO  : lopper command to build baremetal application :python /tools/Xilinx/Vitis/2024.2/data/embeddedsw/scripts/pyesw//build_app.py -s /mnt/Storage/SCHOOL/Capstone/bringup/ChaosCore-FPGA/RV32RocketFPGAConfig/RV32Rocket/platform/zynqmp_fsbl -b /mnt/Storage/SCHOOL/Capstone/bringup/ChaosCore-FPGA/RV32RocketFPGAConfig/RV32Rocket/platform/zynqmp_fsbl/build
22:26:08 INFO  : bash, -c, source /tools/Xilinx/Vitis/2024.2/tps/lnx64/lopper-1.1.0/env/bin/activate && python /tools/Xilinx/Vitis/2024.2/data/embeddedsw/scripts/pyesw//build_app.py -s /mnt/Storage/SCHOOL/Capstone/bringup/ChaosCore-FPGA/RV32RocketFPGAConfig/RV32Rocket/platform/zynqmp_fsbl -b /mnt/Storage/SCHOOL/Capstone/bringup/ChaosCore-FPGA/RV32RocketFPGAConfig/RV32Rocket/platform/zynqmp_fsbl/build && deactivate
22:26:11 INFO  : Successfully building the baremetal application/mnt/Storage/SCHOOL/Capstone/bringup/ChaosCore-FPGA/RV32RocketFPGAConfig/RV32Rocket/platform/zynqmp_fsbl/build
22:26:11 INFO  : Generating Export directory
22:26:12 INFO  : Platform Build Finished successfully.
22:26:12 INFO  : lopper command to retarget baremetal application :python /tools/Xilinx/Vitis/2024.2/data/embeddedsw/scripts/pyesw//retarget_app.py -s /mnt/Storage/SCHOOL/Capstone/bringup/ChaosCore-FPGA/RV32RocketFPGAConfig/RV32Rocket/hello_world/src -d /mnt/Storage/SCHOOL/Capstone/bringup/ChaosCore-FPGA/RV32RocketFPGAConfig/RV32Rocket/platform/export/platform/sw/standalone_psu_cortexa53_0 -b /mnt/Storage/SCHOOL/Capstone/bringup/ChaosCore-FPGA/RV32RocketFPGAConfig/RV32Rocket/hello_world/build
22:26:12 INFO  : bash, -c, source /tools/Xilinx/Vitis/2024.2/tps/lnx64/lopper-1.1.0/env/bin/activate && python /tools/Xilinx/Vitis/2024.2/data/embeddedsw/scripts/pyesw//retarget_app.py -s /mnt/Storage/SCHOOL/Capstone/bringup/ChaosCore-FPGA/RV32RocketFPGAConfig/RV32Rocket/hello_world/src -d /mnt/Storage/SCHOOL/Capstone/bringup/ChaosCore-FPGA/RV32RocketFPGAConfig/RV32Rocket/platform/export/platform/sw/standalone_psu_cortexa53_0 -b /mnt/Storage/SCHOOL/Capstone/bringup/ChaosCore-FPGA/RV32RocketFPGAConfig/RV32Rocket/hello_world/build && deactivate
22:26:13 INFO  : Successfully retargeted Application /mnt/Storage/SCHOOL/Capstone/bringup/ChaosCore-FPGA/RV32RocketFPGAConfig/RV32Rocket/hello_world/src
22:26:13 INFO  : bash, -c, source /tools/Xilinx/Vitis/2024.2/tps/lnx64/lopper-1.1.0/env/bin/activate && python /tools/Xilinx/Vitis/2024.2/data/embeddedsw/scripts/pyesw//build_app.py -s /mnt/Storage/SCHOOL/Capstone/bringup/ChaosCore-FPGA/RV32RocketFPGAConfig/RV32Rocket/hello_world/src -b /mnt/Storage/SCHOOL/Capstone/bringup/ChaosCore-FPGA/RV32RocketFPGAConfig/RV32Rocket/hello_world/build && deactivate
22:26:14 ERROR : hello_world build failed. 
22:26:28 INFO  : BSP build will be initiated for Domain standalone_psu_cortexa53_0
22:26:28 INFO  : BSP build will be initiated for Domain zynqmp_fsbl
22:26:28 INFO  : Generating BSP for the domain /mnt/Storage/SCHOOL/Capstone/bringup/ChaosCore-FPGA/RV32RocketFPGAConfig/RV32Rocket/platform/psu_cortexa53_0/standalone_psu_cortexa53_0/bsp
22:26:28 INFO  : Generating BSP for the domain /mnt/Storage/SCHOOL/Capstone/bringup/ChaosCore-FPGA/RV32RocketFPGAConfig/RV32Rocket/platform/zynqmp_fsbl/zynqmp_fsbl_bsp
22:26:28 INFO  : lopper command to reconfigure BSP :python /tools/Xilinx/Vitis/2024.2/data/embeddedsw/scripts/pyesw//reconfig_bsp.py -d /mnt/Storage/SCHOOL/Capstone/bringup/ChaosCore-FPGA/RV32RocketFPGAConfig/RV32Rocket/platform/psu_cortexa53_0/standalone_psu_cortexa53_0/bsp
22:26:28 INFO  : lopper command to reconfigure BSP :python /tools/Xilinx/Vitis/2024.2/data/embeddedsw/scripts/pyesw//reconfig_bsp.py -d /mnt/Storage/SCHOOL/Capstone/bringup/ChaosCore-FPGA/RV32RocketFPGAConfig/RV32Rocket/platform/zynqmp_fsbl/zynqmp_fsbl_bsp
22:26:28 INFO  : bash, -c, source /tools/Xilinx/Vitis/2024.2/tps/lnx64/lopper-1.1.0/env/bin/activate && python /tools/Xilinx/Vitis/2024.2/data/embeddedsw/scripts/pyesw//reconfig_bsp.py -d /mnt/Storage/SCHOOL/Capstone/bringup/ChaosCore-FPGA/RV32RocketFPGAConfig/RV32Rocket/platform/psu_cortexa53_0/standalone_psu_cortexa53_0/bsp && deactivate
22:26:28 INFO  : bash, -c, source /tools/Xilinx/Vitis/2024.2/tps/lnx64/lopper-1.1.0/env/bin/activate && python /tools/Xilinx/Vitis/2024.2/data/embeddedsw/scripts/pyesw//reconfig_bsp.py -d /mnt/Storage/SCHOOL/Capstone/bringup/ChaosCore-FPGA/RV32RocketFPGAConfig/RV32Rocket/platform/zynqmp_fsbl/zynqmp_fsbl_bsp && deactivate
22:26:28 INFO  : Domain reconfigured successfully
22:26:28 INFO  : Generating BSP for the domain /mnt/Storage/SCHOOL/Capstone/bringup/ChaosCore-FPGA/RV32RocketFPGAConfig/RV32Rocket/platform/psu_cortexa53_0/standalone_psu_cortexa53_0/bsp
22:26:28 INFO  : lopper command to build BSP :python /tools/Xilinx/Vitis/2024.2/data/embeddedsw/scripts/pyesw//build_bsp.py -d /mnt/Storage/SCHOOL/Capstone/bringup/ChaosCore-FPGA/RV32RocketFPGAConfig/RV32Rocket/platform/psu_cortexa53_0/standalone_psu_cortexa53_0/bsp
22:26:28 INFO  : bash, -c, source /tools/Xilinx/Vitis/2024.2/tps/lnx64/lopper-1.1.0/env/bin/activate && python /tools/Xilinx/Vitis/2024.2/data/embeddedsw/scripts/pyesw//build_bsp.py -d /mnt/Storage/SCHOOL/Capstone/bringup/ChaosCore-FPGA/RV32RocketFPGAConfig/RV32Rocket/platform/psu_cortexa53_0/standalone_psu_cortexa53_0/bsp && deactivate
22:26:28 INFO  : Domain reconfigured successfully
22:26:28 INFO  : Generating BSP for the domain /mnt/Storage/SCHOOL/Capstone/bringup/ChaosCore-FPGA/RV32RocketFPGAConfig/RV32Rocket/platform/zynqmp_fsbl/zynqmp_fsbl_bsp
22:26:28 INFO  : lopper command to build BSP :python /tools/Xilinx/Vitis/2024.2/data/embeddedsw/scripts/pyesw//build_bsp.py -d /mnt/Storage/SCHOOL/Capstone/bringup/ChaosCore-FPGA/RV32RocketFPGAConfig/RV32Rocket/platform/zynqmp_fsbl/zynqmp_fsbl_bsp
22:26:28 INFO  : bash, -c, source /tools/Xilinx/Vitis/2024.2/tps/lnx64/lopper-1.1.0/env/bin/activate && python /tools/Xilinx/Vitis/2024.2/data/embeddedsw/scripts/pyesw//build_bsp.py -d /mnt/Storage/SCHOOL/Capstone/bringup/ChaosCore-FPGA/RV32RocketFPGAConfig/RV32Rocket/platform/zynqmp_fsbl/zynqmp_fsbl_bsp && deactivate
22:26:29 INFO  : Domain build successfully
22:26:29 INFO  : Domain build successfully
22:26:29 INFO  : Generating Boot ELFs
22:26:29 INFO  : lopper command to retarget baremetal application :python /tools/Xilinx/Vitis/2024.2/data/embeddedsw/scripts/pyesw//retarget_app.py -s /mnt/Storage/SCHOOL/Capstone/bringup/ChaosCore-FPGA/RV32RocketFPGAConfig/RV32Rocket/platform/zynqmp_fsbl -d /mnt/Storage/SCHOOL/Capstone/bringup/ChaosCore-FPGA/RV32RocketFPGAConfig/RV32Rocket/platform/zynqmp_fsbl/zynqmp_fsbl_bsp -b /mnt/Storage/SCHOOL/Capstone/bringup/ChaosCore-FPGA/RV32RocketFPGAConfig/RV32Rocket/platform/zynqmp_fsbl/build
22:26:29 INFO  : bash, -c, source /tools/Xilinx/Vitis/2024.2/tps/lnx64/lopper-1.1.0/env/bin/activate && python /tools/Xilinx/Vitis/2024.2/data/embeddedsw/scripts/pyesw//retarget_app.py -s /mnt/Storage/SCHOOL/Capstone/bringup/ChaosCore-FPGA/RV32RocketFPGAConfig/RV32Rocket/platform/zynqmp_fsbl -d /mnt/Storage/SCHOOL/Capstone/bringup/ChaosCore-FPGA/RV32RocketFPGAConfig/RV32Rocket/platform/zynqmp_fsbl/zynqmp_fsbl_bsp -b /mnt/Storage/SCHOOL/Capstone/bringup/ChaosCore-FPGA/RV32RocketFPGAConfig/RV32Rocket/platform/zynqmp_fsbl/build && deactivate
22:26:29 INFO  : Successfully retargeted Application /mnt/Storage/SCHOOL/Capstone/bringup/ChaosCore-FPGA/RV32RocketFPGAConfig/RV32Rocket/platform/zynqmp_fsbl
22:26:29 INFO  : lopper command to build baremetal application :python /tools/Xilinx/Vitis/2024.2/data/embeddedsw/scripts/pyesw//build_app.py -s /mnt/Storage/SCHOOL/Capstone/bringup/ChaosCore-FPGA/RV32RocketFPGAConfig/RV32Rocket/platform/zynqmp_fsbl -b /mnt/Storage/SCHOOL/Capstone/bringup/ChaosCore-FPGA/RV32RocketFPGAConfig/RV32Rocket/platform/zynqmp_fsbl/build
22:26:29 INFO  : bash, -c, source /tools/Xilinx/Vitis/2024.2/tps/lnx64/lopper-1.1.0/env/bin/activate && python /tools/Xilinx/Vitis/2024.2/data/embeddedsw/scripts/pyesw//build_app.py -s /mnt/Storage/SCHOOL/Capstone/bringup/ChaosCore-FPGA/RV32RocketFPGAConfig/RV32Rocket/platform/zynqmp_fsbl -b /mnt/Storage/SCHOOL/Capstone/bringup/ChaosCore-FPGA/RV32RocketFPGAConfig/RV32Rocket/platform/zynqmp_fsbl/build && deactivate
22:26:32 INFO  : Successfully building the baremetal application/mnt/Storage/SCHOOL/Capstone/bringup/ChaosCore-FPGA/RV32RocketFPGAConfig/RV32Rocket/platform/zynqmp_fsbl/build
22:26:32 INFO  : Generating Export directory
22:26:32 INFO  : Platform Build Finished successfully.
22:26:33 INFO  : lopper command to retarget baremetal application :python /tools/Xilinx/Vitis/2024.2/data/embeddedsw/scripts/pyesw//retarget_app.py -s /mnt/Storage/SCHOOL/Capstone/bringup/ChaosCore-FPGA/RV32RocketFPGAConfig/RV32Rocket/hello_world/src -d /mnt/Storage/SCHOOL/Capstone/bringup/ChaosCore-FPGA/RV32RocketFPGAConfig/RV32Rocket/platform/export/platform/sw/standalone_psu_cortexa53_0 -b /mnt/Storage/SCHOOL/Capstone/bringup/ChaosCore-FPGA/RV32RocketFPGAConfig/RV32Rocket/hello_world/build
22:26:33 INFO  : bash, -c, source /tools/Xilinx/Vitis/2024.2/tps/lnx64/lopper-1.1.0/env/bin/activate && python /tools/Xilinx/Vitis/2024.2/data/embeddedsw/scripts/pyesw//retarget_app.py -s /mnt/Storage/SCHOOL/Capstone/bringup/ChaosCore-FPGA/RV32RocketFPGAConfig/RV32Rocket/hello_world/src -d /mnt/Storage/SCHOOL/Capstone/bringup/ChaosCore-FPGA/RV32RocketFPGAConfig/RV32Rocket/platform/export/platform/sw/standalone_psu_cortexa53_0 -b /mnt/Storage/SCHOOL/Capstone/bringup/ChaosCore-FPGA/RV32RocketFPGAConfig/RV32Rocket/hello_world/build && deactivate
22:26:33 INFO  : Successfully retargeted Application /mnt/Storage/SCHOOL/Capstone/bringup/ChaosCore-FPGA/RV32RocketFPGAConfig/RV32Rocket/hello_world/src
22:26:33 INFO  : bash, -c, source /tools/Xilinx/Vitis/2024.2/tps/lnx64/lopper-1.1.0/env/bin/activate && python /tools/Xilinx/Vitis/2024.2/data/embeddedsw/scripts/pyesw//build_app.py -s /mnt/Storage/SCHOOL/Capstone/bringup/ChaosCore-FPGA/RV32RocketFPGAConfig/RV32Rocket/hello_world/src -b /mnt/Storage/SCHOOL/Capstone/bringup/ChaosCore-FPGA/RV32RocketFPGAConfig/RV32Rocket/hello_world/build && deactivate
22:28:26 INFO  : connect -url tcp:127.0.0.1:3121
22:28:26 INFO  : bpremove -all
22:28:26 INFO  : source /tools/Xilinx/Vitis/2024.2/scripts/vitis/util/zynqmp_utils.tcl
22:28:35 ERROR : Failed to initialize the hardware Could not find ARM device on the board for connection 'Local'.
Check if the target is in:
1. Split JTAG - No operations are possible with ARM DAP.
2. Non JTAG bootmode - Bootrom may need time to enable DAP.
Please try again.


Troubleshooting hints:
1. Check whether board is connected to system properly.
2. In case of zynq board, check whether Digilent/Xilinx cable switch settings are correct.
3. If you are using Xilinx Platform Cable USB, ensure that status LED is green.
22:30:14 INFO  : connect -url tcp:127.0.0.1:3121
22:30:14 INFO  : bpremove -all
22:30:14 INFO  : source /tools/Xilinx/Vitis/2024.2/scripts/vitis/util/zynqmp_utils.tcl
22:30:14 INFO  : Context for 'APU' is selected.
22:30:15 INFO  : System reset is completed.
22:30:18 INFO  : 'after 3000' command is executed.
22:30:18 INFO  : 'targets -set -filter {jtag_cable_name =~ "Avnet USB-to-JTAG/UART Pod V1 1234-oj1A" && level==0 && jtag_device_ctx=="jsn-USB-to-JTAG/UART Pod V1-1234-oj1A-14710093-0"}' command is executed.
22:30:22 INFO  : Device configured successfully with "/mnt/Storage/SCHOOL/Capstone/bringup/ChaosCore-FPGA/RV32RocketFPGAConfig/RV32Rocket/hello_world/_ide/bitstream/BD_wrapper.bit"
22:30:22 INFO  : targets -set -nocase -filter {name =~"PSU*"}
22:30:22 INFO  : catch {disable_pmu_gate}
22:30:22 INFO  : targets -set -nocase -filter {name =~"APU*"}
22:30:22 INFO  : loadhw -hw /mnt/Storage/SCHOOL/Capstone/bringup/ChaosCore-FPGA/RV32RocketFPGAConfig/RV32Rocket/platform/export/platform/hw/BD_wrapper.xsa -mem-ranges [list {0x80000000 0xbfffffff} {0x400000000 0x5ffffffff} {0x1000000000 0x7fffffffff}]
22:30:22 INFO  : configparams force-mem-access 1
22:30:22 INFO  : targets -set -nocase -filter {name =~"APU*"}
22:30:22 INFO  : source /tools/Xilinx/Vitis/2024.2/vitis-server/scripts/jtag_reg.tcl
22:30:22 INFO  : Boot mode is read from the target.
22:30:22 INFO  : targets -set -nocase -filter {name =~ "*A53*#0"}
22:30:22 INFO  : rst -processor
22:30:23 INFO  : dow /mnt/Storage/SCHOOL/Capstone/bringup/ChaosCore-FPGA/RV32RocketFPGAConfig/RV32Rocket/platform/export/platform/sw/boot/fsbl.elf
22:30:23 INFO  : set bp_30_23_fsbl_bp [bpadd -addr &XFsbl_Exit]
22:30:24 INFO  : con -block -timeout 60
22:30:24 INFO  : bpremove $bp_30_23_fsbl_bp
22:30:24 INFO  : targets -set -nocase -filter {name =~ "*A53*#0"}
22:30:24 INFO  : rst -processor
22:30:24 INFO  : dow /mnt/Storage/SCHOOL/Capstone/bringup/ChaosCore-FPGA/RV32RocketFPGAConfig/RV32Rocket/hello_world/build/hello_world.elf
22:30:24 INFO  : con
22:30:24 INFO  : configparams force-mem-access 0
22:30:25 INFO  : Testing the connection for 127.0.0.1
22:32:09 INFO  : BSP build will be initiated for Domain standalone_psu_cortexa53_0
22:32:09 INFO  : BSP build will be initiated for Domain zynqmp_fsbl
22:32:09 INFO  : Generating BSP for the domain /mnt/Storage/SCHOOL/Capstone/bringup/ChaosCore-FPGA/RV32RocketFPGAConfig/RV32Rocket/platform/psu_cortexa53_0/standalone_psu_cortexa53_0/bsp
22:32:09 INFO  : Generating BSP for the domain /mnt/Storage/SCHOOL/Capstone/bringup/ChaosCore-FPGA/RV32RocketFPGAConfig/RV32Rocket/platform/zynqmp_fsbl/zynqmp_fsbl_bsp
22:32:09 INFO  : lopper command to reconfigure BSP :python /tools/Xilinx/Vitis/2024.2/data/embeddedsw/scripts/pyesw//reconfig_bsp.py -d /mnt/Storage/SCHOOL/Capstone/bringup/ChaosCore-FPGA/RV32RocketFPGAConfig/RV32Rocket/platform/zynqmp_fsbl/zynqmp_fsbl_bsp
22:32:09 INFO  : lopper command to reconfigure BSP :python /tools/Xilinx/Vitis/2024.2/data/embeddedsw/scripts/pyesw//reconfig_bsp.py -d /mnt/Storage/SCHOOL/Capstone/bringup/ChaosCore-FPGA/RV32RocketFPGAConfig/RV32Rocket/platform/psu_cortexa53_0/standalone_psu_cortexa53_0/bsp
22:32:09 INFO  : bash, -c, source /tools/Xilinx/Vitis/2024.2/tps/lnx64/lopper-1.1.0/env/bin/activate && python /tools/Xilinx/Vitis/2024.2/data/embeddedsw/scripts/pyesw//reconfig_bsp.py -d /mnt/Storage/SCHOOL/Capstone/bringup/ChaosCore-FPGA/RV32RocketFPGAConfig/RV32Rocket/platform/zynqmp_fsbl/zynqmp_fsbl_bsp && deactivate
22:32:09 INFO  : bash, -c, source /tools/Xilinx/Vitis/2024.2/tps/lnx64/lopper-1.1.0/env/bin/activate && python /tools/Xilinx/Vitis/2024.2/data/embeddedsw/scripts/pyesw//reconfig_bsp.py -d /mnt/Storage/SCHOOL/Capstone/bringup/ChaosCore-FPGA/RV32RocketFPGAConfig/RV32Rocket/platform/psu_cortexa53_0/standalone_psu_cortexa53_0/bsp && deactivate
22:32:10 INFO  : Domain reconfigured successfully
22:32:10 INFO  : Generating BSP for the domain /mnt/Storage/SCHOOL/Capstone/bringup/ChaosCore-FPGA/RV32RocketFPGAConfig/RV32Rocket/platform/psu_cortexa53_0/standalone_psu_cortexa53_0/bsp
22:32:10 INFO  : lopper command to build BSP :python /tools/Xilinx/Vitis/2024.2/data/embeddedsw/scripts/pyesw//build_bsp.py -d /mnt/Storage/SCHOOL/Capstone/bringup/ChaosCore-FPGA/RV32RocketFPGAConfig/RV32Rocket/platform/psu_cortexa53_0/standalone_psu_cortexa53_0/bsp
22:32:10 INFO  : bash, -c, source /tools/Xilinx/Vitis/2024.2/tps/lnx64/lopper-1.1.0/env/bin/activate && python /tools/Xilinx/Vitis/2024.2/data/embeddedsw/scripts/pyesw//build_bsp.py -d /mnt/Storage/SCHOOL/Capstone/bringup/ChaosCore-FPGA/RV32RocketFPGAConfig/RV32Rocket/platform/psu_cortexa53_0/standalone_psu_cortexa53_0/bsp && deactivate
22:32:10 INFO  : Domain reconfigured successfully
22:32:10 INFO  : Generating BSP for the domain /mnt/Storage/SCHOOL/Capstone/bringup/ChaosCore-FPGA/RV32RocketFPGAConfig/RV32Rocket/platform/zynqmp_fsbl/zynqmp_fsbl_bsp
22:32:10 INFO  : lopper command to build BSP :python /tools/Xilinx/Vitis/2024.2/data/embeddedsw/scripts/pyesw//build_bsp.py -d /mnt/Storage/SCHOOL/Capstone/bringup/ChaosCore-FPGA/RV32RocketFPGAConfig/RV32Rocket/platform/zynqmp_fsbl/zynqmp_fsbl_bsp
22:32:10 INFO  : bash, -c, source /tools/Xilinx/Vitis/2024.2/tps/lnx64/lopper-1.1.0/env/bin/activate && python /tools/Xilinx/Vitis/2024.2/data/embeddedsw/scripts/pyesw//build_bsp.py -d /mnt/Storage/SCHOOL/Capstone/bringup/ChaosCore-FPGA/RV32RocketFPGAConfig/RV32Rocket/platform/zynqmp_fsbl/zynqmp_fsbl_bsp && deactivate
22:32:10 INFO  : Domain build successfully
22:32:10 INFO  : Domain build successfully
22:32:10 INFO  : Generating Boot ELFs
22:32:10 INFO  : lopper command to retarget baremetal application :python /tools/Xilinx/Vitis/2024.2/data/embeddedsw/scripts/pyesw//retarget_app.py -s /mnt/Storage/SCHOOL/Capstone/bringup/ChaosCore-FPGA/RV32RocketFPGAConfig/RV32Rocket/platform/zynqmp_fsbl -d /mnt/Storage/SCHOOL/Capstone/bringup/ChaosCore-FPGA/RV32RocketFPGAConfig/RV32Rocket/platform/zynqmp_fsbl/zynqmp_fsbl_bsp -b /mnt/Storage/SCHOOL/Capstone/bringup/ChaosCore-FPGA/RV32RocketFPGAConfig/RV32Rocket/platform/zynqmp_fsbl/build
22:32:10 INFO  : bash, -c, source /tools/Xilinx/Vitis/2024.2/tps/lnx64/lopper-1.1.0/env/bin/activate && python /tools/Xilinx/Vitis/2024.2/data/embeddedsw/scripts/pyesw//retarget_app.py -s /mnt/Storage/SCHOOL/Capstone/bringup/ChaosCore-FPGA/RV32RocketFPGAConfig/RV32Rocket/platform/zynqmp_fsbl -d /mnt/Storage/SCHOOL/Capstone/bringup/ChaosCore-FPGA/RV32RocketFPGAConfig/RV32Rocket/platform/zynqmp_fsbl/zynqmp_fsbl_bsp -b /mnt/Storage/SCHOOL/Capstone/bringup/ChaosCore-FPGA/RV32RocketFPGAConfig/RV32Rocket/platform/zynqmp_fsbl/build && deactivate
22:32:10 INFO  : Successfully retargeted Application /mnt/Storage/SCHOOL/Capstone/bringup/ChaosCore-FPGA/RV32RocketFPGAConfig/RV32Rocket/platform/zynqmp_fsbl
22:32:10 INFO  : lopper command to build baremetal application :python /tools/Xilinx/Vitis/2024.2/data/embeddedsw/scripts/pyesw//build_app.py -s /mnt/Storage/SCHOOL/Capstone/bringup/ChaosCore-FPGA/RV32RocketFPGAConfig/RV32Rocket/platform/zynqmp_fsbl -b /mnt/Storage/SCHOOL/Capstone/bringup/ChaosCore-FPGA/RV32RocketFPGAConfig/RV32Rocket/platform/zynqmp_fsbl/build
22:32:10 INFO  : bash, -c, source /tools/Xilinx/Vitis/2024.2/tps/lnx64/lopper-1.1.0/env/bin/activate && python /tools/Xilinx/Vitis/2024.2/data/embeddedsw/scripts/pyesw//build_app.py -s /mnt/Storage/SCHOOL/Capstone/bringup/ChaosCore-FPGA/RV32RocketFPGAConfig/RV32Rocket/platform/zynqmp_fsbl -b /mnt/Storage/SCHOOL/Capstone/bringup/ChaosCore-FPGA/RV32RocketFPGAConfig/RV32Rocket/platform/zynqmp_fsbl/build && deactivate
22:32:13 INFO  : connect -url tcp:127.0.0.1:3121
22:32:13 INFO  : Found no platform with name 'platform' in install repositories
22:32:13 INFO  : Found no platform with name 'platform' in install repositories
22:32:13 INFO  : Found no platform with name 'platform' in install repositories
22:32:13 ERROR : Failed to initialize the hardware null
22:32:14 INFO  : Successfully building the baremetal application/mnt/Storage/SCHOOL/Capstone/bringup/ChaosCore-FPGA/RV32RocketFPGAConfig/RV32Rocket/platform/zynqmp_fsbl/build
22:32:14 INFO  : Generating Export directory
22:32:14 INFO  : Platform Build Finished successfully.
22:32:14 INFO  : lopper command to retarget baremetal application :python /tools/Xilinx/Vitis/2024.2/data/embeddedsw/scripts/pyesw//retarget_app.py -s /mnt/Storage/SCHOOL/Capstone/bringup/ChaosCore-FPGA/RV32RocketFPGAConfig/RV32Rocket/hello_world/src -d /mnt/Storage/SCHOOL/Capstone/bringup/ChaosCore-FPGA/RV32RocketFPGAConfig/RV32Rocket/platform/export/platform/sw/standalone_psu_cortexa53_0 -b /mnt/Storage/SCHOOL/Capstone/bringup/ChaosCore-FPGA/RV32RocketFPGAConfig/RV32Rocket/hello_world/build
22:32:14 INFO  : bash, -c, source /tools/Xilinx/Vitis/2024.2/tps/lnx64/lopper-1.1.0/env/bin/activate && python /tools/Xilinx/Vitis/2024.2/data/embeddedsw/scripts/pyesw//retarget_app.py -s /mnt/Storage/SCHOOL/Capstone/bringup/ChaosCore-FPGA/RV32RocketFPGAConfig/RV32Rocket/hello_world/src -d /mnt/Storage/SCHOOL/Capstone/bringup/ChaosCore-FPGA/RV32RocketFPGAConfig/RV32Rocket/platform/export/platform/sw/standalone_psu_cortexa53_0 -b /mnt/Storage/SCHOOL/Capstone/bringup/ChaosCore-FPGA/RV32RocketFPGAConfig/RV32Rocket/hello_world/build && deactivate
22:32:14 INFO  : Successfully retargeted Application /mnt/Storage/SCHOOL/Capstone/bringup/ChaosCore-FPGA/RV32RocketFPGAConfig/RV32Rocket/hello_world/src
22:32:14 INFO  : bash, -c, source /tools/Xilinx/Vitis/2024.2/tps/lnx64/lopper-1.1.0/env/bin/activate && python /tools/Xilinx/Vitis/2024.2/data/embeddedsw/scripts/pyesw//build_app.py -s /mnt/Storage/SCHOOL/Capstone/bringup/ChaosCore-FPGA/RV32RocketFPGAConfig/RV32Rocket/hello_world/src -b /mnt/Storage/SCHOOL/Capstone/bringup/ChaosCore-FPGA/RV32RocketFPGAConfig/RV32Rocket/hello_world/build && deactivate
22:32:24 INFO  : connect -url tcp:127.0.0.1:3121
22:32:24 INFO  : bpremove -all
22:32:24 INFO  : source /tools/Xilinx/Vitis/2024.2/scripts/vitis/util/zynqmp_utils.tcl
22:32:25 INFO  : Context for 'APU' is selected.
22:32:25 INFO  : System reset is completed.
22:32:25 INFO  : disconnect
22:32:28 INFO  : 'after 3000' command is executed.
22:32:28 ERROR : Failed to initialize the hardware Invalid target. Use "connect" command to connect to hw_server/TCF agent
22:32:55 INFO  : The updated bitstream files are copied from platform to folder '/mnt/Storage/SCHOOL/Capstone/bringup/ChaosCore-FPGA/RV32RocketFPGAConfig/RV32Rocket/hello_world/_ide/bitstream' in project '/mnt/Storage/SCHOOL/Capstone/bringup/ChaosCore-FPGA/RV32RocketFPGAConfig/RV32Rocket/hello_world'.
22:32:55 INFO  : The updated ps init files are copied from platform to folder '/mnt/Storage/SCHOOL/Capstone/bringup/ChaosCore-FPGA/RV32RocketFPGAConfig/RV32Rocket/hello_world/_ide/psinit' in project '/mnt/Storage/SCHOOL/Capstone/bringup/ChaosCore-FPGA/RV32RocketFPGAConfig/RV32Rocket/hello_world'.
22:32:57 INFO  : Connected to target on host '127.0.0.1' and port '3121'.
22:32:57 INFO  : Connected to target on host '127.0.0.1' and port '3121'.
22:32:57 INFO  : 'targets -set -filter {jtag_cable_name =~ "Avnet USB-to-JTAG/UART Pod V1 1234-oj1A" && level==0 && jtag_device_ctx=="jsn-USB-to-JTAG/UART Pod V1-1234-oj1A-14710093-0"}' command is executed.
22:33:00 INFO  : Device configured successfully with "/mnt/Storage/SCHOOL/Capstone/bringup/ChaosCore-FPGA/RV32RocketFPGAConfig/RV32Rocket/hello_world/_ide/bitstream/BD_wrapper.bit"
22:33:18 INFO  : connect -url tcp:127.0.0.1:3121
22:33:18 INFO  : bpremove -all
22:33:18 INFO  : source /tools/Xilinx/Vitis/2024.2/scripts/vitis/util/zynqmp_utils.tcl
22:33:18 INFO  : Context for 'APU' is selected.
22:33:19 INFO  : System reset is completed.
22:33:22 INFO  : 'after 3000' command is executed.
22:33:22 INFO  : 'targets -set -filter {jtag_cable_name =~ "Avnet USB-to-JTAG/UART Pod V1 1234-oj1A" && level==0 && jtag_device_ctx=="jsn-USB-to-JTAG/UART Pod V1-1234-oj1A-14710093-0"}' command is executed.
22:33:25 INFO  : Device configured successfully with "/mnt/Storage/SCHOOL/Capstone/bringup/ChaosCore-FPGA/RV32RocketFPGAConfig/RV32Rocket/hello_world/_ide/bitstream/BD_wrapper.bit"
22:33:25 INFO  : targets -set -nocase -filter {name =~"PSU*"}
22:33:25 INFO  : catch {disable_pmu_gate}
22:33:25 INFO  : targets -set -nocase -filter {name =~"APU*"}
22:33:25 INFO  : loadhw -hw /mnt/Storage/SCHOOL/Capstone/bringup/ChaosCore-FPGA/RV32RocketFPGAConfig/RV32Rocket/platform/export/platform/hw/BD_wrapper.xsa -mem-ranges [list {0x80000000 0xbfffffff} {0x400000000 0x5ffffffff} {0x1000000000 0x7fffffffff}]
22:33:25 INFO  : configparams force-mem-access 1
22:33:25 INFO  : targets -set -nocase -filter {name =~"APU*"}
22:33:25 INFO  : source /tools/Xilinx/Vitis/2024.2/vitis-server/scripts/jtag_reg.tcl
22:33:25 INFO  : Boot mode is read from the target.
22:33:25 INFO  : targets -set -nocase -filter {name =~ "*A53*#0"}
22:33:25 INFO  : rst -processor
22:33:26 INFO  : dow /mnt/Storage/SCHOOL/Capstone/bringup/ChaosCore-FPGA/RV32RocketFPGAConfig/RV32Rocket/platform/export/platform/sw/boot/fsbl.elf
22:33:26 INFO  : set bp_33_26_fsbl_bp [bpadd -addr &XFsbl_Exit]
22:33:27 INFO  : con -block -timeout 60
22:33:27 INFO  : bpremove $bp_33_26_fsbl_bp
22:33:27 INFO  : targets -set -nocase -filter {name =~ "*A53*#0"}
22:33:27 INFO  : rst -processor
22:33:27 INFO  : dow /mnt/Storage/SCHOOL/Capstone/bringup/ChaosCore-FPGA/RV32RocketFPGAConfig/RV32Rocket/hello_world/build/hello_world.elf
22:33:27 INFO  : con
22:33:27 INFO  : configparams force-mem-access 0
22:33:28 INFO  : Testing the connection for 127.0.0.1
22:34:19 INFO  : connect -url tcp:127.0.0.1:3121
22:34:19 INFO  : bpremove -all
22:34:19 INFO  : source /tools/Xilinx/Vitis/2024.2/scripts/vitis/util/zynqmp_utils.tcl
22:34:19 INFO  : Context for 'APU' is selected.
22:34:21 INFO  : System reset is completed.
22:34:21 INFO  : disconnect
22:34:24 INFO  : 'after 3000' command is executed.
22:34:24 ERROR : Failed to initialize the hardware Invalid target. Use "connect" command to connect to hw_server/TCF agent
22:34:50 INFO  : connect -url tcp:127.0.0.1:3121
22:34:50 INFO  : bpremove -all
22:34:50 INFO  : source /tools/Xilinx/Vitis/2024.2/scripts/vitis/util/zynqmp_utils.tcl
22:34:50 INFO  : Context for 'APU' is selected.
22:34:50 INFO  : System reset is completed.
22:34:53 INFO  : 'after 3000' command is executed.
22:34:53 INFO  : 'targets -set -filter {jtag_cable_name =~ "Avnet USB-to-JTAG/UART Pod V1 1234-oj1A" && level==0 && jtag_device_ctx=="jsn-USB-to-JTAG/UART Pod V1-1234-oj1A-14710093-0"}' command is executed.
22:34:56 INFO  : Device configured successfully with "/mnt/Storage/SCHOOL/Capstone/bringup/ChaosCore-FPGA/RV32RocketFPGAConfig/RV32Rocket/hello_world/_ide/bitstream/BD_wrapper.bit"
22:34:56 INFO  : targets -set -nocase -filter {name =~"PSU*"}
22:34:56 INFO  : catch {disable_pmu_gate}
22:34:56 INFO  : targets -set -nocase -filter {name =~"APU*"}
22:34:56 INFO  : loadhw -hw /mnt/Storage/SCHOOL/Capstone/bringup/ChaosCore-FPGA/RV32RocketFPGAConfig/RV32Rocket/platform/export/platform/hw/BD_wrapper.xsa -mem-ranges [list {0x80000000 0xbfffffff} {0x400000000 0x5ffffffff} {0x1000000000 0x7fffffffff}]
22:34:56 INFO  : configparams force-mem-access 1
22:34:56 INFO  : targets -set -nocase -filter {name =~"APU*"}
22:34:56 INFO  : source /tools/Xilinx/Vitis/2024.2/vitis-server/scripts/jtag_reg.tcl
22:34:56 INFO  : Boot mode is read from the target.
22:34:56 INFO  : targets -set -nocase -filter {name =~ "*A53*#0"}
22:34:57 INFO  : rst -processor
22:34:57 INFO  : dow /mnt/Storage/SCHOOL/Capstone/bringup/ChaosCore-FPGA/RV32RocketFPGAConfig/RV32Rocket/platform/export/platform/sw/boot/fsbl.elf
22:34:57 INFO  : set bp_34_57_fsbl_bp [bpadd -addr &XFsbl_Exit]
22:34:58 INFO  : con -block -timeout 60
22:34:58 INFO  : bpremove $bp_34_57_fsbl_bp
22:34:58 INFO  : targets -set -nocase -filter {name =~ "*A53*#0"}
22:34:58 INFO  : rst -processor
22:34:58 INFO  : dow /mnt/Storage/SCHOOL/Capstone/bringup/ChaosCore-FPGA/RV32RocketFPGAConfig/RV32Rocket/hello_world/build/hello_world.elf
22:34:58 INFO  : con
22:34:58 INFO  : configparams force-mem-access 0
22:34:59 INFO  : Testing the connection for 127.0.0.1
23:07:58 INFO  : disconnect
15:36:17 INFO  : updated workspace path: /mnt/Storage/SCHOOL/Capstone/bringup/ChaosCore-FPGA/RV32RocketFPGAConfig/RV32Rocket
15:36:17 INFO  : created .gitignore file for the project /mnt/Storage/SCHOOL/Capstone/bringup/ChaosCore-FPGA/RV32RocketFPGAConfig/RV32Rocket
15:36:18 INFO  : bash, -c, source /tools/Xilinx/Vitis/2024.2/tps/lnx64/lopper-1.1.0/env/bin/activate && python /tools/Xilinx/Vitis/2024.2/data/embeddedsw/scripts/pyesw//get_template_data.py -d /tmp/rigel_lopper_alisher1926331329174981906 -r /mnt/Storage/SCHOOL/Capstone/bringup/ChaosCore-FPGA/RV32RocketFPGAConfig/RV32Rocket/_ide/.wsdata/.repo.yaml && deactivate
15:36:18 INFO  : Embedded Template List generated successfully
15:36:38 INFO  : Found no platform with name 'BD_wrapper' in install repositories
15:36:38 INFO  : HW XSA update started
15:36:38 INFO  : Using sdt generation script from /tools/Xilinx/Vitis/2024.2/vitis-server/scripts/platformutil.tcl
15:36:38 INFO  : bash, -c, source /tools/Xilinx/Vitis/2024.2/tps/lnx64/lopper-1.1.0/env/bin/activate && xsct /tools/Xilinx/Vitis/2024.2/vitis-server/scripts/platformutil.tcl /mnt/Storage/SCHOOL/Capstone/bringup/ChaosCore-FPGA/RV32RocketFPGAConfig/RV32Rocket/BD_wrapper.xsa /mnt/Storage/SCHOOL/Capstone/bringup/ChaosCore-FPGA/RV32RocketFPGAConfig/RV32Rocket/platform/hw/sdt && deactivate
15:36:49 INFO  : SDT generated successfully
15:36:49 INFO  : Generating BSP for the domain /mnt/Storage/SCHOOL/Capstone/bringup/ChaosCore-FPGA/RV32RocketFPGAConfig/RV32Rocket/platform/zynqmp_fsbl/zynqmp_fsbl_bsp
15:36:49 INFO  : lopper command to reconfigure BSP :python /tools/Xilinx/Vitis/2024.2/data/embeddedsw/scripts/pyesw//reconfig_bsp.py -d /mnt/Storage/SCHOOL/Capstone/bringup/ChaosCore-FPGA/RV32RocketFPGAConfig/RV32Rocket/platform/zynqmp_fsbl/zynqmp_fsbl_bsp
15:36:49 INFO  : bash, -c, source /tools/Xilinx/Vitis/2024.2/tps/lnx64/lopper-1.1.0/env/bin/activate && python /tools/Xilinx/Vitis/2024.2/data/embeddedsw/scripts/pyesw//reconfig_bsp.py -d /mnt/Storage/SCHOOL/Capstone/bringup/ChaosCore-FPGA/RV32RocketFPGAConfig/RV32Rocket/platform/zynqmp_fsbl/zynqmp_fsbl_bsp && deactivate
15:36:50 INFO  : Domain reconfigured successfully
15:36:50 INFO  : lopper command to regenerate BSP :python /tools/Xilinx/Vitis/2024.2/data/embeddedsw/scripts/pyesw//regen_bsp.py -s /mnt/Storage/SCHOOL/Capstone/bringup/ChaosCore-FPGA/RV32RocketFPGAConfig/RV32Rocket/platform/hw/sdt/system-top.dts -d /mnt/Storage/SCHOOL/Capstone/bringup/ChaosCore-FPGA/RV32RocketFPGAConfig/RV32Rocket/platform/zynqmp_fsbl/zynqmp_fsbl_bsp -r /mnt/Storage/SCHOOL/Capstone/bringup/ChaosCore-FPGA/RV32RocketFPGAConfig/RV32Rocket/_ide/.wsdata/.repo.yaml
15:36:50 INFO  : bash, -c, source /tools/Xilinx/Vitis/2024.2/tps/lnx64/lopper-1.1.0/env/bin/activate && python /tools/Xilinx/Vitis/2024.2/data/embeddedsw/scripts/pyesw//regen_bsp.py -s /mnt/Storage/SCHOOL/Capstone/bringup/ChaosCore-FPGA/RV32RocketFPGAConfig/RV32Rocket/platform/hw/sdt/system-top.dts -d /mnt/Storage/SCHOOL/Capstone/bringup/ChaosCore-FPGA/RV32RocketFPGAConfig/RV32Rocket/platform/zynqmp_fsbl/zynqmp_fsbl_bsp -r /mnt/Storage/SCHOOL/Capstone/bringup/ChaosCore-FPGA/RV32RocketFPGAConfig/RV32Rocket/_ide/.wsdata/.repo.yaml && deactivate
15:37:04 INFO  : -- Configuring done
15:37:04 INFO  : -- Generating done
15:37:04 INFO  : -- Build files have been written to: /mnt/Storage/SCHOOL/Capstone/bringup/ChaosCore-FPGA/RV32RocketFPGAConfig/RV32Rocket/platform/zynqmp_fsbl/zynqmp_fsbl_bsp/libsrc/build_configs/gen_bsp
15:37:04 INFO  : Successfully created Domain at /mnt/Storage/SCHOOL/Capstone/bringup/ChaosCore-FPGA/RV32RocketFPGAConfig/RV32Rocket/platform/zynqmp_fsbl/zynqmp_fsbl_bsp
15:37:04 INFO  : BSP regenerated successfully
15:37:04 INFO  : Generating BSP for the domain /mnt/Storage/SCHOOL/Capstone/bringup/ChaosCore-FPGA/RV32RocketFPGAConfig/RV32Rocket/platform/psu_cortexa53_0/standalone_psu_cortexa53_0/bsp
15:37:04 INFO  : lopper command to reconfigure BSP :python /tools/Xilinx/Vitis/2024.2/data/embeddedsw/scripts/pyesw//reconfig_bsp.py -d /mnt/Storage/SCHOOL/Capstone/bringup/ChaosCore-FPGA/RV32RocketFPGAConfig/RV32Rocket/platform/psu_cortexa53_0/standalone_psu_cortexa53_0/bsp
15:37:04 INFO  : bash, -c, source /tools/Xilinx/Vitis/2024.2/tps/lnx64/lopper-1.1.0/env/bin/activate && python /tools/Xilinx/Vitis/2024.2/data/embeddedsw/scripts/pyesw//reconfig_bsp.py -d /mnt/Storage/SCHOOL/Capstone/bringup/ChaosCore-FPGA/RV32RocketFPGAConfig/RV32Rocket/platform/psu_cortexa53_0/standalone_psu_cortexa53_0/bsp && deactivate
15:37:04 INFO  : Domain reconfigured successfully
15:37:04 INFO  : lopper command to regenerate BSP :python /tools/Xilinx/Vitis/2024.2/data/embeddedsw/scripts/pyesw//regen_bsp.py -s /mnt/Storage/SCHOOL/Capstone/bringup/ChaosCore-FPGA/RV32RocketFPGAConfig/RV32Rocket/platform/hw/sdt/system-top.dts -d /mnt/Storage/SCHOOL/Capstone/bringup/ChaosCore-FPGA/RV32RocketFPGAConfig/RV32Rocket/platform/psu_cortexa53_0/standalone_psu_cortexa53_0/bsp -r /mnt/Storage/SCHOOL/Capstone/bringup/ChaosCore-FPGA/RV32RocketFPGAConfig/RV32Rocket/_ide/.wsdata/.repo.yaml
15:37:04 INFO  : bash, -c, source /tools/Xilinx/Vitis/2024.2/tps/lnx64/lopper-1.1.0/env/bin/activate && python /tools/Xilinx/Vitis/2024.2/data/embeddedsw/scripts/pyesw//regen_bsp.py -s /mnt/Storage/SCHOOL/Capstone/bringup/ChaosCore-FPGA/RV32RocketFPGAConfig/RV32Rocket/platform/hw/sdt/system-top.dts -d /mnt/Storage/SCHOOL/Capstone/bringup/ChaosCore-FPGA/RV32RocketFPGAConfig/RV32Rocket/platform/psu_cortexa53_0/standalone_psu_cortexa53_0/bsp -r /mnt/Storage/SCHOOL/Capstone/bringup/ChaosCore-FPGA/RV32RocketFPGAConfig/RV32Rocket/_ide/.wsdata/.repo.yaml && deactivate
15:37:14 INFO  : -- Configuring done
15:37:14 INFO  : -- Generating done
15:37:14 INFO  : -- Build files have been written to: /mnt/Storage/SCHOOL/Capstone/bringup/ChaosCore-FPGA/RV32RocketFPGAConfig/RV32Rocket/platform/psu_cortexa53_0/standalone_psu_cortexa53_0/bsp/libsrc/build_configs/gen_bsp
15:37:14 INFO  : Successfully created Domain at /mnt/Storage/SCHOOL/Capstone/bringup/ChaosCore-FPGA/RV32RocketFPGAConfig/RV32Rocket/platform/psu_cortexa53_0/standalone_psu_cortexa53_0/bsp
15:37:14 INFO  : BSP regenerated successfully
15:37:14 INFO  : Hardware XSA update finished successfully
15:37:19 INFO  : BSP build will be initiated for Domain zynqmp_fsbl
15:37:19 INFO  : BSP build will be initiated for Domain standalone_psu_cortexa53_0
15:37:19 INFO  : Generating BSP for the domain /mnt/Storage/SCHOOL/Capstone/bringup/ChaosCore-FPGA/RV32RocketFPGAConfig/RV32Rocket/platform/zynqmp_fsbl/zynqmp_fsbl_bsp
15:37:19 INFO  : Generating BSP for the domain /mnt/Storage/SCHOOL/Capstone/bringup/ChaosCore-FPGA/RV32RocketFPGAConfig/RV32Rocket/platform/psu_cortexa53_0/standalone_psu_cortexa53_0/bsp
15:37:19 INFO  : lopper command to reconfigure BSP :python /tools/Xilinx/Vitis/2024.2/data/embeddedsw/scripts/pyesw//reconfig_bsp.py -d /mnt/Storage/SCHOOL/Capstone/bringup/ChaosCore-FPGA/RV32RocketFPGAConfig/RV32Rocket/platform/zynqmp_fsbl/zynqmp_fsbl_bsp
15:37:19 INFO  : lopper command to reconfigure BSP :python /tools/Xilinx/Vitis/2024.2/data/embeddedsw/scripts/pyesw//reconfig_bsp.py -d /mnt/Storage/SCHOOL/Capstone/bringup/ChaosCore-FPGA/RV32RocketFPGAConfig/RV32Rocket/platform/psu_cortexa53_0/standalone_psu_cortexa53_0/bsp
15:37:19 INFO  : bash, -c, source /tools/Xilinx/Vitis/2024.2/tps/lnx64/lopper-1.1.0/env/bin/activate && python /tools/Xilinx/Vitis/2024.2/data/embeddedsw/scripts/pyesw//reconfig_bsp.py -d /mnt/Storage/SCHOOL/Capstone/bringup/ChaosCore-FPGA/RV32RocketFPGAConfig/RV32Rocket/platform/psu_cortexa53_0/standalone_psu_cortexa53_0/bsp && deactivate
15:37:19 INFO  : bash, -c, source /tools/Xilinx/Vitis/2024.2/tps/lnx64/lopper-1.1.0/env/bin/activate && python /tools/Xilinx/Vitis/2024.2/data/embeddedsw/scripts/pyesw//reconfig_bsp.py -d /mnt/Storage/SCHOOL/Capstone/bringup/ChaosCore-FPGA/RV32RocketFPGAConfig/RV32Rocket/platform/zynqmp_fsbl/zynqmp_fsbl_bsp && deactivate
15:37:20 INFO  : Domain reconfigured successfully
15:37:20 INFO  : Generating BSP for the domain /mnt/Storage/SCHOOL/Capstone/bringup/ChaosCore-FPGA/RV32RocketFPGAConfig/RV32Rocket/platform/psu_cortexa53_0/standalone_psu_cortexa53_0/bsp
15:37:20 INFO  : lopper command to build BSP :python /tools/Xilinx/Vitis/2024.2/data/embeddedsw/scripts/pyesw//build_bsp.py -d /mnt/Storage/SCHOOL/Capstone/bringup/ChaosCore-FPGA/RV32RocketFPGAConfig/RV32Rocket/platform/psu_cortexa53_0/standalone_psu_cortexa53_0/bsp
15:37:20 INFO  : bash, -c, source /tools/Xilinx/Vitis/2024.2/tps/lnx64/lopper-1.1.0/env/bin/activate && python /tools/Xilinx/Vitis/2024.2/data/embeddedsw/scripts/pyesw//build_bsp.py -d /mnt/Storage/SCHOOL/Capstone/bringup/ChaosCore-FPGA/RV32RocketFPGAConfig/RV32Rocket/platform/psu_cortexa53_0/standalone_psu_cortexa53_0/bsp && deactivate
15:37:20 INFO  : Domain reconfigured successfully
15:37:20 INFO  : Generating BSP for the domain /mnt/Storage/SCHOOL/Capstone/bringup/ChaosCore-FPGA/RV32RocketFPGAConfig/RV32Rocket/platform/zynqmp_fsbl/zynqmp_fsbl_bsp
15:37:20 INFO  : lopper command to build BSP :python /tools/Xilinx/Vitis/2024.2/data/embeddedsw/scripts/pyesw//build_bsp.py -d /mnt/Storage/SCHOOL/Capstone/bringup/ChaosCore-FPGA/RV32RocketFPGAConfig/RV32Rocket/platform/zynqmp_fsbl/zynqmp_fsbl_bsp
15:37:20 INFO  : bash, -c, source /tools/Xilinx/Vitis/2024.2/tps/lnx64/lopper-1.1.0/env/bin/activate && python /tools/Xilinx/Vitis/2024.2/data/embeddedsw/scripts/pyesw//build_bsp.py -d /mnt/Storage/SCHOOL/Capstone/bringup/ChaosCore-FPGA/RV32RocketFPGAConfig/RV32Rocket/platform/zynqmp_fsbl/zynqmp_fsbl_bsp && deactivate
15:37:28 INFO  : Domain build successfully
15:37:28 INFO  : Domain build successfully
15:37:28 INFO  : Generating Boot ELFs
15:37:28 INFO  : lopper command to retarget baremetal application :python /tools/Xilinx/Vitis/2024.2/data/embeddedsw/scripts/pyesw//retarget_app.py -s /mnt/Storage/SCHOOL/Capstone/bringup/ChaosCore-FPGA/RV32RocketFPGAConfig/RV32Rocket/platform/zynqmp_fsbl -d /mnt/Storage/SCHOOL/Capstone/bringup/ChaosCore-FPGA/RV32RocketFPGAConfig/RV32Rocket/platform/zynqmp_fsbl/zynqmp_fsbl_bsp -b /mnt/Storage/SCHOOL/Capstone/bringup/ChaosCore-FPGA/RV32RocketFPGAConfig/RV32Rocket/platform/zynqmp_fsbl/build
15:37:28 INFO  : bash, -c, source /tools/Xilinx/Vitis/2024.2/tps/lnx64/lopper-1.1.0/env/bin/activate && python /tools/Xilinx/Vitis/2024.2/data/embeddedsw/scripts/pyesw//retarget_app.py -s /mnt/Storage/SCHOOL/Capstone/bringup/ChaosCore-FPGA/RV32RocketFPGAConfig/RV32Rocket/platform/zynqmp_fsbl -d /mnt/Storage/SCHOOL/Capstone/bringup/ChaosCore-FPGA/RV32RocketFPGAConfig/RV32Rocket/platform/zynqmp_fsbl/zynqmp_fsbl_bsp -b /mnt/Storage/SCHOOL/Capstone/bringup/ChaosCore-FPGA/RV32RocketFPGAConfig/RV32Rocket/platform/zynqmp_fsbl/build && deactivate
15:37:28 INFO  : Successfully retargeted Application /mnt/Storage/SCHOOL/Capstone/bringup/ChaosCore-FPGA/RV32RocketFPGAConfig/RV32Rocket/platform/zynqmp_fsbl
15:37:28 INFO  : lopper command to build baremetal application :python /tools/Xilinx/Vitis/2024.2/data/embeddedsw/scripts/pyesw//build_app.py -s /mnt/Storage/SCHOOL/Capstone/bringup/ChaosCore-FPGA/RV32RocketFPGAConfig/RV32Rocket/platform/zynqmp_fsbl -b /mnt/Storage/SCHOOL/Capstone/bringup/ChaosCore-FPGA/RV32RocketFPGAConfig/RV32Rocket/platform/zynqmp_fsbl/build
15:37:28 INFO  : bash, -c, source /tools/Xilinx/Vitis/2024.2/tps/lnx64/lopper-1.1.0/env/bin/activate && python /tools/Xilinx/Vitis/2024.2/data/embeddedsw/scripts/pyesw//build_app.py -s /mnt/Storage/SCHOOL/Capstone/bringup/ChaosCore-FPGA/RV32RocketFPGAConfig/RV32Rocket/platform/zynqmp_fsbl -b /mnt/Storage/SCHOOL/Capstone/bringup/ChaosCore-FPGA/RV32RocketFPGAConfig/RV32Rocket/platform/zynqmp_fsbl/build && deactivate
15:37:31 INFO  : Successfully building the baremetal application/mnt/Storage/SCHOOL/Capstone/bringup/ChaosCore-FPGA/RV32RocketFPGAConfig/RV32Rocket/platform/zynqmp_fsbl/build
15:37:31 INFO  : Generating Export directory
15:37:32 INFO  : Platform Build Finished successfully.
15:37:41 INFO  : The hardware specification used by project '/mnt/Storage/SCHOOL/Capstone/bringup/ChaosCore-FPGA/RV32RocketFPGAConfig/RV32Rocket/hello_world' is out of sync with the platform. Resource files extracted from the hardware specification will be updated.
15:37:41 INFO  : The file '/mnt/Storage/SCHOOL/Capstone/bringup/ChaosCore-FPGA/RV32RocketFPGAConfig/RV32Rocket/hello_world/_ide/bitstream/BD_wrapper.bit' stored in project is removed.
15:37:41 INFO  : The updated bitstream files are copied from platform to folder '/mnt/Storage/SCHOOL/Capstone/bringup/ChaosCore-FPGA/RV32RocketFPGAConfig/RV32Rocket/hello_world/_ide/bitstream' in project '/mnt/Storage/SCHOOL/Capstone/bringup/ChaosCore-FPGA/RV32RocketFPGAConfig/RV32Rocket/hello_world'.
15:37:41 INFO  : The file '/mnt/Storage/SCHOOL/Capstone/bringup/ChaosCore-FPGA/RV32RocketFPGAConfig/RV32Rocket/hello_world/_ide/psinit/psu_init.tcl' stored in project is removed.
15:37:41 INFO  : The updated ps init files are copied from platform to folder '/mnt/Storage/SCHOOL/Capstone/bringup/ChaosCore-FPGA/RV32RocketFPGAConfig/RV32Rocket/hello_world/_ide/psinit' in project '/mnt/Storage/SCHOOL/Capstone/bringup/ChaosCore-FPGA/RV32RocketFPGAConfig/RV32Rocket/hello_world'.
15:37:47 INFO  : Connected to target on host '127.0.0.1' and port '3121'.
15:37:47 INFO  : Connected to target on host '127.0.0.1' and port '3121'.
15:37:48 INFO  : 'targets -set -filter {jtag_cable_name =~ "Avnet USB-to-JTAG/UART Pod V1 1234-oj1A" && level==0 && jtag_device_ctx=="jsn-USB-to-JTAG/UART Pod V1-1234-oj1A-14710093-0"}' command is executed.
15:37:51 INFO  : Device configured successfully with "/mnt/Storage/SCHOOL/Capstone/bringup/ChaosCore-FPGA/RV32RocketFPGAConfig/RV32Rocket/hello_world/_ide/bitstream/BD_wrapper.bit"
15:38:45 INFO  : BSP build will be initiated for Domain zynqmp_fsbl
15:38:45 INFO  : BSP build will be initiated for Domain standalone_psu_cortexa53_0
15:38:45 INFO  : Generating BSP for the domain /mnt/Storage/SCHOOL/Capstone/bringup/ChaosCore-FPGA/RV32RocketFPGAConfig/RV32Rocket/platform/zynqmp_fsbl/zynqmp_fsbl_bsp
15:38:45 INFO  : Generating BSP for the domain /mnt/Storage/SCHOOL/Capstone/bringup/ChaosCore-FPGA/RV32RocketFPGAConfig/RV32Rocket/platform/psu_cortexa53_0/standalone_psu_cortexa53_0/bsp
15:38:45 INFO  : lopper command to reconfigure BSP :python /tools/Xilinx/Vitis/2024.2/data/embeddedsw/scripts/pyesw//reconfig_bsp.py -d /mnt/Storage/SCHOOL/Capstone/bringup/ChaosCore-FPGA/RV32RocketFPGAConfig/RV32Rocket/platform/psu_cortexa53_0/standalone_psu_cortexa53_0/bsp
15:38:45 INFO  : lopper command to reconfigure BSP :python /tools/Xilinx/Vitis/2024.2/data/embeddedsw/scripts/pyesw//reconfig_bsp.py -d /mnt/Storage/SCHOOL/Capstone/bringup/ChaosCore-FPGA/RV32RocketFPGAConfig/RV32Rocket/platform/zynqmp_fsbl/zynqmp_fsbl_bsp
15:38:45 INFO  : bash, -c, source /tools/Xilinx/Vitis/2024.2/tps/lnx64/lopper-1.1.0/env/bin/activate && python /tools/Xilinx/Vitis/2024.2/data/embeddedsw/scripts/pyesw//reconfig_bsp.py -d /mnt/Storage/SCHOOL/Capstone/bringup/ChaosCore-FPGA/RV32RocketFPGAConfig/RV32Rocket/platform/psu_cortexa53_0/standalone_psu_cortexa53_0/bsp && deactivate
15:38:45 INFO  : bash, -c, source /tools/Xilinx/Vitis/2024.2/tps/lnx64/lopper-1.1.0/env/bin/activate && python /tools/Xilinx/Vitis/2024.2/data/embeddedsw/scripts/pyesw//reconfig_bsp.py -d /mnt/Storage/SCHOOL/Capstone/bringup/ChaosCore-FPGA/RV32RocketFPGAConfig/RV32Rocket/platform/zynqmp_fsbl/zynqmp_fsbl_bsp && deactivate
15:38:46 INFO  : Domain reconfigured successfully
15:38:46 INFO  : Generating BSP for the domain /mnt/Storage/SCHOOL/Capstone/bringup/ChaosCore-FPGA/RV32RocketFPGAConfig/RV32Rocket/platform/psu_cortexa53_0/standalone_psu_cortexa53_0/bsp
15:38:46 INFO  : lopper command to build BSP :python /tools/Xilinx/Vitis/2024.2/data/embeddedsw/scripts/pyesw//build_bsp.py -d /mnt/Storage/SCHOOL/Capstone/bringup/ChaosCore-FPGA/RV32RocketFPGAConfig/RV32Rocket/platform/psu_cortexa53_0/standalone_psu_cortexa53_0/bsp
15:38:46 INFO  : bash, -c, source /tools/Xilinx/Vitis/2024.2/tps/lnx64/lopper-1.1.0/env/bin/activate && python /tools/Xilinx/Vitis/2024.2/data/embeddedsw/scripts/pyesw//build_bsp.py -d /mnt/Storage/SCHOOL/Capstone/bringup/ChaosCore-FPGA/RV32RocketFPGAConfig/RV32Rocket/platform/psu_cortexa53_0/standalone_psu_cortexa53_0/bsp && deactivate
15:38:46 INFO  : Domain reconfigured successfully
15:38:46 INFO  : Generating BSP for the domain /mnt/Storage/SCHOOL/Capstone/bringup/ChaosCore-FPGA/RV32RocketFPGAConfig/RV32Rocket/platform/zynqmp_fsbl/zynqmp_fsbl_bsp
15:38:46 INFO  : lopper command to build BSP :python /tools/Xilinx/Vitis/2024.2/data/embeddedsw/scripts/pyesw//build_bsp.py -d /mnt/Storage/SCHOOL/Capstone/bringup/ChaosCore-FPGA/RV32RocketFPGAConfig/RV32Rocket/platform/zynqmp_fsbl/zynqmp_fsbl_bsp
15:38:46 INFO  : bash, -c, source /tools/Xilinx/Vitis/2024.2/tps/lnx64/lopper-1.1.0/env/bin/activate && python /tools/Xilinx/Vitis/2024.2/data/embeddedsw/scripts/pyesw//build_bsp.py -d /mnt/Storage/SCHOOL/Capstone/bringup/ChaosCore-FPGA/RV32RocketFPGAConfig/RV32Rocket/platform/zynqmp_fsbl/zynqmp_fsbl_bsp && deactivate
15:38:46 INFO  : Domain build successfully
15:38:47 INFO  : Domain build successfully
15:38:47 INFO  : Generating Boot ELFs
15:38:47 INFO  : lopper command to retarget baremetal application :python /tools/Xilinx/Vitis/2024.2/data/embeddedsw/scripts/pyesw//retarget_app.py -s /mnt/Storage/SCHOOL/Capstone/bringup/ChaosCore-FPGA/RV32RocketFPGAConfig/RV32Rocket/platform/zynqmp_fsbl -d /mnt/Storage/SCHOOL/Capstone/bringup/ChaosCore-FPGA/RV32RocketFPGAConfig/RV32Rocket/platform/zynqmp_fsbl/zynqmp_fsbl_bsp -b /mnt/Storage/SCHOOL/Capstone/bringup/ChaosCore-FPGA/RV32RocketFPGAConfig/RV32Rocket/platform/zynqmp_fsbl/build
15:38:47 INFO  : bash, -c, source /tools/Xilinx/Vitis/2024.2/tps/lnx64/lopper-1.1.0/env/bin/activate && python /tools/Xilinx/Vitis/2024.2/data/embeddedsw/scripts/pyesw//retarget_app.py -s /mnt/Storage/SCHOOL/Capstone/bringup/ChaosCore-FPGA/RV32RocketFPGAConfig/RV32Rocket/platform/zynqmp_fsbl -d /mnt/Storage/SCHOOL/Capstone/bringup/ChaosCore-FPGA/RV32RocketFPGAConfig/RV32Rocket/platform/zynqmp_fsbl/zynqmp_fsbl_bsp -b /mnt/Storage/SCHOOL/Capstone/bringup/ChaosCore-FPGA/RV32RocketFPGAConfig/RV32Rocket/platform/zynqmp_fsbl/build && deactivate
15:38:47 INFO  : Successfully retargeted Application /mnt/Storage/SCHOOL/Capstone/bringup/ChaosCore-FPGA/RV32RocketFPGAConfig/RV32Rocket/platform/zynqmp_fsbl
15:38:47 INFO  : lopper command to build baremetal application :python /tools/Xilinx/Vitis/2024.2/data/embeddedsw/scripts/pyesw//build_app.py -s /mnt/Storage/SCHOOL/Capstone/bringup/ChaosCore-FPGA/RV32RocketFPGAConfig/RV32Rocket/platform/zynqmp_fsbl -b /mnt/Storage/SCHOOL/Capstone/bringup/ChaosCore-FPGA/RV32RocketFPGAConfig/RV32Rocket/platform/zynqmp_fsbl/build
15:38:47 INFO  : bash, -c, source /tools/Xilinx/Vitis/2024.2/tps/lnx64/lopper-1.1.0/env/bin/activate && python /tools/Xilinx/Vitis/2024.2/data/embeddedsw/scripts/pyesw//build_app.py -s /mnt/Storage/SCHOOL/Capstone/bringup/ChaosCore-FPGA/RV32RocketFPGAConfig/RV32Rocket/platform/zynqmp_fsbl -b /mnt/Storage/SCHOOL/Capstone/bringup/ChaosCore-FPGA/RV32RocketFPGAConfig/RV32Rocket/platform/zynqmp_fsbl/build && deactivate
15:38:50 INFO  : Successfully building the baremetal application/mnt/Storage/SCHOOL/Capstone/bringup/ChaosCore-FPGA/RV32RocketFPGAConfig/RV32Rocket/platform/zynqmp_fsbl/build
15:38:50 INFO  : Generating Export directory
15:38:50 INFO  : connect -url tcp:127.0.0.1:3121
15:38:50 INFO  : Found no platform with name 'platform' in install repositories
15:38:50 INFO  : Found no platform with name 'platform' in install repositories
15:38:50 INFO  : Found no platform with name 'platform' in install repositories
15:38:50 ERROR : Failed to initialize the hardware null
15:38:51 INFO  : Platform Build Finished successfully.
15:38:51 INFO  : lopper command to retarget baremetal application :python /tools/Xilinx/Vitis/2024.2/data/embeddedsw/scripts/pyesw//retarget_app.py -s /mnt/Storage/SCHOOL/Capstone/bringup/ChaosCore-FPGA/RV32RocketFPGAConfig/RV32Rocket/hello_world/src -d /mnt/Storage/SCHOOL/Capstone/bringup/ChaosCore-FPGA/RV32RocketFPGAConfig/RV32Rocket/platform/export/platform/sw/standalone_psu_cortexa53_0 -b /mnt/Storage/SCHOOL/Capstone/bringup/ChaosCore-FPGA/RV32RocketFPGAConfig/RV32Rocket/hello_world/build
15:38:51 INFO  : bash, -c, source /tools/Xilinx/Vitis/2024.2/tps/lnx64/lopper-1.1.0/env/bin/activate && python /tools/Xilinx/Vitis/2024.2/data/embeddedsw/scripts/pyesw//retarget_app.py -s /mnt/Storage/SCHOOL/Capstone/bringup/ChaosCore-FPGA/RV32RocketFPGAConfig/RV32Rocket/hello_world/src -d /mnt/Storage/SCHOOL/Capstone/bringup/ChaosCore-FPGA/RV32RocketFPGAConfig/RV32Rocket/platform/export/platform/sw/standalone_psu_cortexa53_0 -b /mnt/Storage/SCHOOL/Capstone/bringup/ChaosCore-FPGA/RV32RocketFPGAConfig/RV32Rocket/hello_world/build && deactivate
15:38:51 INFO  : Successfully retargeted Application /mnt/Storage/SCHOOL/Capstone/bringup/ChaosCore-FPGA/RV32RocketFPGAConfig/RV32Rocket/hello_world/src
15:38:51 INFO  : bash, -c, source /tools/Xilinx/Vitis/2024.2/tps/lnx64/lopper-1.1.0/env/bin/activate && python /tools/Xilinx/Vitis/2024.2/data/embeddedsw/scripts/pyesw//build_app.py -s /mnt/Storage/SCHOOL/Capstone/bringup/ChaosCore-FPGA/RV32RocketFPGAConfig/RV32Rocket/hello_world/src -b /mnt/Storage/SCHOOL/Capstone/bringup/ChaosCore-FPGA/RV32RocketFPGAConfig/RV32Rocket/hello_world/build && deactivate
15:39:06 INFO  : connect -url tcp:127.0.0.1:3121
15:39:06 INFO  : bpremove -all
15:39:06 INFO  : source /tools/Xilinx/Vitis/2024.2/scripts/vitis/util/zynqmp_utils.tcl
15:39:06 INFO  : Context for 'APU' is selected.
15:39:07 INFO  : System reset is completed.
15:39:10 INFO  : 'after 3000' command is executed.
15:39:10 INFO  : 'targets -set -filter {jtag_cable_name =~ "Avnet USB-to-JTAG/UART Pod V1 1234-oj1A" && level==0 && jtag_device_ctx=="jsn-USB-to-JTAG/UART Pod V1-1234-oj1A-14710093-0"}' command is executed.
15:39:13 INFO  : Device configured successfully with "/mnt/Storage/SCHOOL/Capstone/bringup/ChaosCore-FPGA/RV32RocketFPGAConfig/RV32Rocket/hello_world/_ide/bitstream/BD_wrapper.bit"
15:39:13 INFO  : targets -set -nocase -filter {name =~"PSU*"}
15:39:13 INFO  : catch {disable_pmu_gate}
15:39:13 INFO  : targets -set -nocase -filter {name =~"APU*"}
15:39:13 INFO  : loadhw -hw /mnt/Storage/SCHOOL/Capstone/bringup/ChaosCore-FPGA/RV32RocketFPGAConfig/RV32Rocket/platform/export/platform/hw/BD_wrapper.xsa -mem-ranges [list {0x80000000 0xbfffffff} {0x400000000 0x5ffffffff} {0x1000000000 0x7fffffffff}]
15:39:13 INFO  : configparams force-mem-access 1
15:39:13 INFO  : targets -set -nocase -filter {name =~"APU*"}
15:39:13 INFO  : source /tools/Xilinx/Vitis/2024.2/vitis-server/scripts/jtag_reg.tcl
15:39:13 INFO  : Boot mode is read from the target.
15:39:13 INFO  : targets -set -nocase -filter {name =~ "*A53*#0"}
15:39:14 INFO  : rst -processor
15:39:14 INFO  : dow /mnt/Storage/SCHOOL/Capstone/bringup/ChaosCore-FPGA/RV32RocketFPGAConfig/RV32Rocket/platform/export/platform/sw/boot/fsbl.elf
15:39:14 INFO  : set bp_39_14_fsbl_bp [bpadd -addr &XFsbl_Exit]
15:39:15 INFO  : con -block -timeout 60
15:39:15 INFO  : bpremove $bp_39_14_fsbl_bp
15:39:15 INFO  : targets -set -nocase -filter {name =~ "*A53*#0"}
15:39:15 INFO  : rst -processor
15:39:15 INFO  : dow /mnt/Storage/SCHOOL/Capstone/bringup/ChaosCore-FPGA/RV32RocketFPGAConfig/RV32Rocket/hello_world/build/hello_world.elf
15:39:15 INFO  : con
15:39:15 INFO  : configparams force-mem-access 0
15:39:16 INFO  : Testing the connection for 127.0.0.1
15:44:10 INFO  : connect -url tcp:127.0.0.1:3121
15:44:10 INFO  : bpremove -all
15:44:10 INFO  : source /tools/Xilinx/Vitis/2024.2/scripts/vitis/util/zynqmp_utils.tcl
15:44:10 INFO  : Context for 'APU' is selected.
15:44:10 INFO  : System reset is completed.
15:44:10 INFO  : disconnect
15:44:13 INFO  : 'after 3000' command is executed.
15:44:13 ERROR : Failed to initialize the hardware Invalid target. Use "connect" command to connect to hw_server/TCF agent
15:44:18 INFO  : connect -url tcp:127.0.0.1:3121
15:44:18 INFO  : bpremove -all
15:44:18 INFO  : source /tools/Xilinx/Vitis/2024.2/scripts/vitis/util/zynqmp_utils.tcl
15:44:19 INFO  : Context for 'APU' is selected.
15:44:19 INFO  : System reset is completed.
15:44:22 INFO  : 'after 3000' command is executed.
15:44:22 INFO  : 'targets -set -filter {jtag_cable_name =~ "Avnet USB-to-JTAG/UART Pod V1 1234-oj1A" && level==0 && jtag_device_ctx=="jsn-USB-to-JTAG/UART Pod V1-1234-oj1A-14710093-0"}' command is executed.
15:44:25 INFO  : Device configured successfully with "/mnt/Storage/SCHOOL/Capstone/bringup/ChaosCore-FPGA/RV32RocketFPGAConfig/RV32Rocket/hello_world/_ide/bitstream/BD_wrapper.bit"
15:44:25 INFO  : targets -set -nocase -filter {name =~"PSU*"}
15:44:25 INFO  : catch {disable_pmu_gate}
15:44:25 INFO  : targets -set -nocase -filter {name =~"APU*"}
15:44:25 INFO  : loadhw -hw /mnt/Storage/SCHOOL/Capstone/bringup/ChaosCore-FPGA/RV32RocketFPGAConfig/RV32Rocket/platform/export/platform/hw/BD_wrapper.xsa -mem-ranges [list {0x80000000 0xbfffffff} {0x400000000 0x5ffffffff} {0x1000000000 0x7fffffffff}]
15:44:25 INFO  : configparams force-mem-access 1
15:44:25 INFO  : targets -set -nocase -filter {name =~"APU*"}
15:44:25 INFO  : source /tools/Xilinx/Vitis/2024.2/vitis-server/scripts/jtag_reg.tcl
15:44:26 INFO  : Boot mode is read from the target.
15:44:26 INFO  : targets -set -nocase -filter {name =~ "*A53*#0"}
15:44:26 INFO  : rst -processor
15:44:26 INFO  : dow /mnt/Storage/SCHOOL/Capstone/bringup/ChaosCore-FPGA/RV32RocketFPGAConfig/RV32Rocket/platform/export/platform/sw/boot/fsbl.elf
15:44:26 INFO  : set bp_44_26_fsbl_bp [bpadd -addr &XFsbl_Exit]
15:44:27 INFO  : con -block -timeout 60
15:44:27 INFO  : bpremove $bp_44_26_fsbl_bp
15:44:27 INFO  : targets -set -nocase -filter {name =~ "*A53*#0"}
15:44:27 INFO  : rst -processor
15:44:27 INFO  : dow /mnt/Storage/SCHOOL/Capstone/bringup/ChaosCore-FPGA/RV32RocketFPGAConfig/RV32Rocket/hello_world/build/hello_world.elf
15:44:27 INFO  : con
15:44:27 INFO  : configparams force-mem-access 0
15:44:28 INFO  : Testing the connection for 127.0.0.1
15:47:13 INFO  : connect -url tcp:127.0.0.1:3121
15:47:13 INFO  : bpremove -all
15:47:13 INFO  : source /tools/Xilinx/Vitis/2024.2/scripts/vitis/util/zynqmp_utils.tcl
15:47:13 INFO  : Context for 'APU' is selected.
15:47:14 INFO  : System reset is completed.
15:47:14 INFO  : disconnect
15:47:17 INFO  : 'after 3000' command is executed.
15:47:17 ERROR : Failed to initialize the hardware Invalid target. Use "connect" command to connect to hw_server/TCF agent
15:47:25 INFO  : connect -url tcp:127.0.0.1:3121
15:47:25 INFO  : bpremove -all
15:47:25 INFO  : source /tools/Xilinx/Vitis/2024.2/scripts/vitis/util/zynqmp_utils.tcl
15:47:25 INFO  : Context for 'APU' is selected.
15:47:26 INFO  : System reset is completed.
15:47:29 INFO  : 'after 3000' command is executed.
15:47:29 INFO  : 'targets -set -filter {jtag_cable_name =~ "Avnet USB-to-JTAG/UART Pod V1 1234-oj1A" && level==0 && jtag_device_ctx=="jsn-USB-to-JTAG/UART Pod V1-1234-oj1A-14710093-0"}' command is executed.
15:47:32 INFO  : Device configured successfully with "/mnt/Storage/SCHOOL/Capstone/bringup/ChaosCore-FPGA/RV32RocketFPGAConfig/RV32Rocket/hello_world/_ide/bitstream/BD_wrapper.bit"
15:47:32 INFO  : targets -set -nocase -filter {name =~"PSU*"}
15:47:32 INFO  : catch {disable_pmu_gate}
15:47:32 INFO  : targets -set -nocase -filter {name =~"APU*"}
15:47:32 INFO  : loadhw -hw /mnt/Storage/SCHOOL/Capstone/bringup/ChaosCore-FPGA/RV32RocketFPGAConfig/RV32Rocket/platform/export/platform/hw/BD_wrapper.xsa -mem-ranges [list {0x80000000 0xbfffffff} {0x400000000 0x5ffffffff} {0x1000000000 0x7fffffffff}]
15:47:32 INFO  : configparams force-mem-access 1
15:47:32 INFO  : targets -set -nocase -filter {name =~"APU*"}
15:47:32 INFO  : source /tools/Xilinx/Vitis/2024.2/vitis-server/scripts/jtag_reg.tcl
15:47:32 INFO  : Boot mode is read from the target.
15:47:32 INFO  : targets -set -nocase -filter {name =~ "*A53*#0"}
15:47:32 INFO  : rst -processor
15:47:33 INFO  : dow /mnt/Storage/SCHOOL/Capstone/bringup/ChaosCore-FPGA/RV32RocketFPGAConfig/RV32Rocket/platform/export/platform/sw/boot/fsbl.elf
15:47:33 INFO  : set bp_47_33_fsbl_bp [bpadd -addr &XFsbl_Exit]
15:47:34 INFO  : con -block -timeout 60
15:47:34 INFO  : bpremove $bp_47_33_fsbl_bp
15:47:34 INFO  : targets -set -nocase -filter {name =~ "*A53*#0"}
15:47:34 INFO  : rst -processor
15:47:34 INFO  : dow /mnt/Storage/SCHOOL/Capstone/bringup/ChaosCore-FPGA/RV32RocketFPGAConfig/RV32Rocket/hello_world/build/hello_world.elf
15:47:34 INFO  : con
15:47:34 INFO  : configparams force-mem-access 0
15:47:35 INFO  : Testing the connection for 127.0.0.1
15:48:33 INFO  : connect -url tcp:127.0.0.1:3121
15:48:33 INFO  : bpremove -all
15:48:33 INFO  : source /tools/Xilinx/Vitis/2024.2/scripts/vitis/util/zynqmp_utils.tcl
15:48:33 INFO  : Context for 'APU' is selected.
15:48:33 INFO  : System reset is completed.
15:48:33 INFO  : disconnect
15:48:36 INFO  : 'after 3000' command is executed.
15:48:36 ERROR : Failed to initialize the hardware Invalid target. Use "connect" command to connect to hw_server/TCF agent
15:48:49 INFO  : connect -url tcp:127.0.0.1:3121
15:48:49 INFO  : bpremove -all
15:48:49 INFO  : source /tools/Xilinx/Vitis/2024.2/scripts/vitis/util/zynqmp_utils.tcl
15:48:49 INFO  : Context for 'APU' is selected.
15:48:50 INFO  : System reset is completed.
15:48:53 INFO  : 'after 3000' command is executed.
15:48:53 INFO  : 'targets -set -filter {jtag_cable_name =~ "Avnet USB-to-JTAG/UART Pod V1 1234-oj1A" && level==0 && jtag_device_ctx=="jsn-USB-to-JTAG/UART Pod V1-1234-oj1A-14710093-0"}' command is executed.
15:48:56 INFO  : Device configured successfully with "/mnt/Storage/SCHOOL/Capstone/bringup/ChaosCore-FPGA/RV32RocketFPGAConfig/RV32Rocket/hello_world/_ide/bitstream/BD_wrapper.bit"
15:48:56 INFO  : targets -set -nocase -filter {name =~"PSU*"}
15:48:56 INFO  : catch {disable_pmu_gate}
15:48:56 INFO  : targets -set -nocase -filter {name =~"APU*"}
15:48:56 INFO  : loadhw -hw /mnt/Storage/SCHOOL/Capstone/bringup/ChaosCore-FPGA/RV32RocketFPGAConfig/RV32Rocket/platform/export/platform/hw/BD_wrapper.xsa -mem-ranges [list {0x80000000 0xbfffffff} {0x400000000 0x5ffffffff} {0x1000000000 0x7fffffffff}]
15:48:56 INFO  : configparams force-mem-access 1
15:48:56 INFO  : targets -set -nocase -filter {name =~"APU*"}
15:48:56 INFO  : source /tools/Xilinx/Vitis/2024.2/vitis-server/scripts/jtag_reg.tcl
15:48:56 INFO  : Boot mode is read from the target.
15:48:56 INFO  : targets -set -nocase -filter {name =~ "*A53*#0"}
15:48:56 INFO  : rst -processor
15:48:57 INFO  : dow /mnt/Storage/SCHOOL/Capstone/bringup/ChaosCore-FPGA/RV32RocketFPGAConfig/RV32Rocket/platform/export/platform/sw/boot/fsbl.elf
15:48:57 INFO  : set bp_48_57_fsbl_bp [bpadd -addr &XFsbl_Exit]
15:48:58 INFO  : con -block -timeout 60
15:48:58 INFO  : bpremove $bp_48_57_fsbl_bp
15:48:58 INFO  : targets -set -nocase -filter {name =~ "*A53*#0"}
15:48:58 INFO  : rst -processor
15:48:58 INFO  : dow /mnt/Storage/SCHOOL/Capstone/bringup/ChaosCore-FPGA/RV32RocketFPGAConfig/RV32Rocket/hello_world/build/hello_world.elf
15:48:58 INFO  : con
15:48:58 INFO  : configparams force-mem-access 0
15:48:59 INFO  : Testing the connection for 127.0.0.1
15:49:57 INFO  : disconnect
15:53:20 INFO  : The updated bitstream files are copied from platform to folder '/mnt/Storage/SCHOOL/Capstone/bringup/ChaosCore-FPGA/RV32RocketFPGAConfig/RV32Rocket/hello_world/_ide/bitstream' in project '/mnt/Storage/SCHOOL/Capstone/bringup/ChaosCore-FPGA/RV32RocketFPGAConfig/RV32Rocket/hello_world'.
15:53:20 INFO  : The updated ps init files are copied from platform to folder '/mnt/Storage/SCHOOL/Capstone/bringup/ChaosCore-FPGA/RV32RocketFPGAConfig/RV32Rocket/hello_world/_ide/psinit' in project '/mnt/Storage/SCHOOL/Capstone/bringup/ChaosCore-FPGA/RV32RocketFPGAConfig/RV32Rocket/hello_world'.
15:53:21 INFO  : Connected to target on host '127.0.0.1' and port '3121'.
15:53:21 INFO  : Connected to target on host '127.0.0.1' and port '3121'.
15:53:21 INFO  : 'targets -set -filter {jtag_cable_name =~ "Avnet USB-to-JTAG/UART Pod V1 1234-oj1A" && level==0 && jtag_device_ctx=="jsn-USB-to-JTAG/UART Pod V1-1234-oj1A-14710093-0"}' command is executed.
15:53:24 INFO  : Device configured successfully with "/mnt/Storage/SCHOOL/Capstone/bringup/ChaosCore-FPGA/RV32RocketFPGAConfig/RV32Rocket/hello_world/_ide/bitstream/BD_wrapper.bit"
15:53:35 INFO  : connect -url tcp:127.0.0.1:3121
15:53:35 INFO  : bpremove -all
15:53:35 INFO  : source /tools/Xilinx/Vitis/2024.2/scripts/vitis/util/zynqmp_utils.tcl
15:53:35 INFO  : Context for 'APU' is selected.
15:53:35 INFO  : System reset is completed.
15:53:38 INFO  : 'after 3000' command is executed.
15:53:38 INFO  : 'targets -set -filter {jtag_cable_name =~ "Avnet USB-to-JTAG/UART Pod V1 1234-oj1A" && level==0 && jtag_device_ctx=="jsn-USB-to-JTAG/UART Pod V1-1234-oj1A-14710093-0"}' command is executed.
15:53:41 INFO  : Device configured successfully with "/mnt/Storage/SCHOOL/Capstone/bringup/ChaosCore-FPGA/RV32RocketFPGAConfig/RV32Rocket/hello_world/_ide/bitstream/BD_wrapper.bit"
15:53:41 INFO  : targets -set -nocase -filter {name =~"PSU*"}
15:53:41 INFO  : catch {disable_pmu_gate}
15:53:41 INFO  : targets -set -nocase -filter {name =~"APU*"}
15:53:41 INFO  : loadhw -hw /mnt/Storage/SCHOOL/Capstone/bringup/ChaosCore-FPGA/RV32RocketFPGAConfig/RV32Rocket/platform/export/platform/hw/BD_wrapper.xsa -mem-ranges [list {0x80000000 0xbfffffff} {0x400000000 0x5ffffffff} {0x1000000000 0x7fffffffff}]
15:53:41 INFO  : configparams force-mem-access 1
15:53:41 INFO  : targets -set -nocase -filter {name =~"APU*"}
15:53:41 INFO  : source /tools/Xilinx/Vitis/2024.2/vitis-server/scripts/jtag_reg.tcl
15:53:41 INFO  : Boot mode is read from the target.
15:53:41 INFO  : targets -set -nocase -filter {name =~ "*A53*#0"}
15:53:42 INFO  : rst -processor
15:53:42 INFO  : dow /mnt/Storage/SCHOOL/Capstone/bringup/ChaosCore-FPGA/RV32RocketFPGAConfig/RV32Rocket/platform/export/platform/sw/boot/fsbl.elf
15:53:42 INFO  : set bp_53_42_fsbl_bp [bpadd -addr &XFsbl_Exit]
15:53:43 INFO  : con -block -timeout 60
15:53:43 INFO  : bpremove $bp_53_42_fsbl_bp
15:53:43 INFO  : targets -set -nocase -filter {name =~ "*A53*#0"}
15:53:43 INFO  : rst -processor
15:53:43 INFO  : dow /mnt/Storage/SCHOOL/Capstone/bringup/ChaosCore-FPGA/RV32RocketFPGAConfig/RV32Rocket/hello_world/build/hello_world.elf
15:53:43 INFO  : con
15:53:43 INFO  : configparams force-mem-access 0
15:53:44 INFO  : Testing the connection for 127.0.0.1
15:54:38 ERROR : Error in generating platform.Error in deleting existing Platform contents.
15:54:38 ERROR : Error in generating platform.Error in deleting existing Platform contents.
15:54:40 INFO  : Found no platform with name 'platform' in install repositories
15:54:49 INFO  : BSP build will be initiated for Domain standalone_psu_cortexa53_0
15:54:49 INFO  : BSP build will be initiated for Domain zynqmp_fsbl
15:54:49 INFO  : Generating BSP for the domain /mnt/Storage/SCHOOL/Capstone/bringup/ChaosCore-FPGA/RV32RocketFPGAConfig/RV32Rocket/platform/psu_cortexa53_0/standalone_psu_cortexa53_0/bsp
15:54:49 INFO  : Generating BSP for the domain /mnt/Storage/SCHOOL/Capstone/bringup/ChaosCore-FPGA/RV32RocketFPGAConfig/RV32Rocket/platform/zynqmp_fsbl/zynqmp_fsbl_bsp
15:54:49 INFO  : lopper command to reconfigure BSP :python /tools/Xilinx/Vitis/2024.2/data/embeddedsw/scripts/pyesw//reconfig_bsp.py -d /mnt/Storage/SCHOOL/Capstone/bringup/ChaosCore-FPGA/RV32RocketFPGAConfig/RV32Rocket/platform/psu_cortexa53_0/standalone_psu_cortexa53_0/bsp
15:54:49 INFO  : lopper command to reconfigure BSP :python /tools/Xilinx/Vitis/2024.2/data/embeddedsw/scripts/pyesw//reconfig_bsp.py -d /mnt/Storage/SCHOOL/Capstone/bringup/ChaosCore-FPGA/RV32RocketFPGAConfig/RV32Rocket/platform/zynqmp_fsbl/zynqmp_fsbl_bsp
15:54:49 INFO  : bash, -c, source /tools/Xilinx/Vitis/2024.2/tps/lnx64/lopper-1.1.0/env/bin/activate && python /tools/Xilinx/Vitis/2024.2/data/embeddedsw/scripts/pyesw//reconfig_bsp.py -d /mnt/Storage/SCHOOL/Capstone/bringup/ChaosCore-FPGA/RV32RocketFPGAConfig/RV32Rocket/platform/psu_cortexa53_0/standalone_psu_cortexa53_0/bsp && deactivate
15:54:49 INFO  : bash, -c, source /tools/Xilinx/Vitis/2024.2/tps/lnx64/lopper-1.1.0/env/bin/activate && python /tools/Xilinx/Vitis/2024.2/data/embeddedsw/scripts/pyesw//reconfig_bsp.py -d /mnt/Storage/SCHOOL/Capstone/bringup/ChaosCore-FPGA/RV32RocketFPGAConfig/RV32Rocket/platform/zynqmp_fsbl/zynqmp_fsbl_bsp && deactivate
15:54:50 INFO  : Domain reconfigured successfully
15:54:50 INFO  : Generating BSP for the domain /mnt/Storage/SCHOOL/Capstone/bringup/ChaosCore-FPGA/RV32RocketFPGAConfig/RV32Rocket/platform/psu_cortexa53_0/standalone_psu_cortexa53_0/bsp
15:54:50 INFO  : lopper command to build BSP :python /tools/Xilinx/Vitis/2024.2/data/embeddedsw/scripts/pyesw//build_bsp.py -d /mnt/Storage/SCHOOL/Capstone/bringup/ChaosCore-FPGA/RV32RocketFPGAConfig/RV32Rocket/platform/psu_cortexa53_0/standalone_psu_cortexa53_0/bsp
15:54:50 INFO  : bash, -c, source /tools/Xilinx/Vitis/2024.2/tps/lnx64/lopper-1.1.0/env/bin/activate && python /tools/Xilinx/Vitis/2024.2/data/embeddedsw/scripts/pyesw//build_bsp.py -d /mnt/Storage/SCHOOL/Capstone/bringup/ChaosCore-FPGA/RV32RocketFPGAConfig/RV32Rocket/platform/psu_cortexa53_0/standalone_psu_cortexa53_0/bsp && deactivate
15:54:50 INFO  : Domain reconfigured successfully
15:54:50 INFO  : Generating BSP for the domain /mnt/Storage/SCHOOL/Capstone/bringup/ChaosCore-FPGA/RV32RocketFPGAConfig/RV32Rocket/platform/zynqmp_fsbl/zynqmp_fsbl_bsp
15:54:50 INFO  : lopper command to build BSP :python /tools/Xilinx/Vitis/2024.2/data/embeddedsw/scripts/pyesw//build_bsp.py -d /mnt/Storage/SCHOOL/Capstone/bringup/ChaosCore-FPGA/RV32RocketFPGAConfig/RV32Rocket/platform/zynqmp_fsbl/zynqmp_fsbl_bsp
15:54:50 INFO  : bash, -c, source /tools/Xilinx/Vitis/2024.2/tps/lnx64/lopper-1.1.0/env/bin/activate && python /tools/Xilinx/Vitis/2024.2/data/embeddedsw/scripts/pyesw//build_bsp.py -d /mnt/Storage/SCHOOL/Capstone/bringup/ChaosCore-FPGA/RV32RocketFPGAConfig/RV32Rocket/platform/zynqmp_fsbl/zynqmp_fsbl_bsp && deactivate
15:54:50 INFO  : Domain build successfully
15:54:51 INFO  : Domain build successfully
15:54:51 INFO  : Generating Boot ELFs
15:54:51 INFO  : lopper command to retarget baremetal application :python /tools/Xilinx/Vitis/2024.2/data/embeddedsw/scripts/pyesw//retarget_app.py -s /mnt/Storage/SCHOOL/Capstone/bringup/ChaosCore-FPGA/RV32RocketFPGAConfig/RV32Rocket/platform/zynqmp_fsbl -d /mnt/Storage/SCHOOL/Capstone/bringup/ChaosCore-FPGA/RV32RocketFPGAConfig/RV32Rocket/platform/zynqmp_fsbl/zynqmp_fsbl_bsp -b /mnt/Storage/SCHOOL/Capstone/bringup/ChaosCore-FPGA/RV32RocketFPGAConfig/RV32Rocket/platform/zynqmp_fsbl/build
15:54:51 INFO  : bash, -c, source /tools/Xilinx/Vitis/2024.2/tps/lnx64/lopper-1.1.0/env/bin/activate && python /tools/Xilinx/Vitis/2024.2/data/embeddedsw/scripts/pyesw//retarget_app.py -s /mnt/Storage/SCHOOL/Capstone/bringup/ChaosCore-FPGA/RV32RocketFPGAConfig/RV32Rocket/platform/zynqmp_fsbl -d /mnt/Storage/SCHOOL/Capstone/bringup/ChaosCore-FPGA/RV32RocketFPGAConfig/RV32Rocket/platform/zynqmp_fsbl/zynqmp_fsbl_bsp -b /mnt/Storage/SCHOOL/Capstone/bringup/ChaosCore-FPGA/RV32RocketFPGAConfig/RV32Rocket/platform/zynqmp_fsbl/build && deactivate
15:54:51 INFO  : Successfully retargeted Application /mnt/Storage/SCHOOL/Capstone/bringup/ChaosCore-FPGA/RV32RocketFPGAConfig/RV32Rocket/platform/zynqmp_fsbl
15:54:51 INFO  : lopper command to build baremetal application :python /tools/Xilinx/Vitis/2024.2/data/embeddedsw/scripts/pyesw//build_app.py -s /mnt/Storage/SCHOOL/Capstone/bringup/ChaosCore-FPGA/RV32RocketFPGAConfig/RV32Rocket/platform/zynqmp_fsbl -b /mnt/Storage/SCHOOL/Capstone/bringup/ChaosCore-FPGA/RV32RocketFPGAConfig/RV32Rocket/platform/zynqmp_fsbl/build
15:54:51 INFO  : bash, -c, source /tools/Xilinx/Vitis/2024.2/tps/lnx64/lopper-1.1.0/env/bin/activate && python /tools/Xilinx/Vitis/2024.2/data/embeddedsw/scripts/pyesw//build_app.py -s /mnt/Storage/SCHOOL/Capstone/bringup/ChaosCore-FPGA/RV32RocketFPGAConfig/RV32Rocket/platform/zynqmp_fsbl -b /mnt/Storage/SCHOOL/Capstone/bringup/ChaosCore-FPGA/RV32RocketFPGAConfig/RV32Rocket/platform/zynqmp_fsbl/build && deactivate
15:54:54 INFO  : Successfully building the baremetal application/mnt/Storage/SCHOOL/Capstone/bringup/ChaosCore-FPGA/RV32RocketFPGAConfig/RV32Rocket/platform/zynqmp_fsbl/build
15:54:54 INFO  : Generating Export directory
15:54:54 INFO  : Platform Build Finished successfully.
15:54:55 INFO  : lopper command to retarget baremetal application :python /tools/Xilinx/Vitis/2024.2/data/embeddedsw/scripts/pyesw//retarget_app.py -s /mnt/Storage/SCHOOL/Capstone/bringup/ChaosCore-FPGA/RV32RocketFPGAConfig/RV32Rocket/hello_world/src -d /mnt/Storage/SCHOOL/Capstone/bringup/ChaosCore-FPGA/RV32RocketFPGAConfig/RV32Rocket/platform/export/platform/sw/standalone_psu_cortexa53_0 -b /mnt/Storage/SCHOOL/Capstone/bringup/ChaosCore-FPGA/RV32RocketFPGAConfig/RV32Rocket/hello_world/build
15:54:55 INFO  : bash, -c, source /tools/Xilinx/Vitis/2024.2/tps/lnx64/lopper-1.1.0/env/bin/activate && python /tools/Xilinx/Vitis/2024.2/data/embeddedsw/scripts/pyesw//retarget_app.py -s /mnt/Storage/SCHOOL/Capstone/bringup/ChaosCore-FPGA/RV32RocketFPGAConfig/RV32Rocket/hello_world/src -d /mnt/Storage/SCHOOL/Capstone/bringup/ChaosCore-FPGA/RV32RocketFPGAConfig/RV32Rocket/platform/export/platform/sw/standalone_psu_cortexa53_0 -b /mnt/Storage/SCHOOL/Capstone/bringup/ChaosCore-FPGA/RV32RocketFPGAConfig/RV32Rocket/hello_world/build && deactivate
15:54:55 INFO  : Successfully retargeted Application /mnt/Storage/SCHOOL/Capstone/bringup/ChaosCore-FPGA/RV32RocketFPGAConfig/RV32Rocket/hello_world/src
15:54:55 INFO  : bash, -c, source /tools/Xilinx/Vitis/2024.2/tps/lnx64/lopper-1.1.0/env/bin/activate && python /tools/Xilinx/Vitis/2024.2/data/embeddedsw/scripts/pyesw//build_app.py -s /mnt/Storage/SCHOOL/Capstone/bringup/ChaosCore-FPGA/RV32RocketFPGAConfig/RV32Rocket/hello_world/src -b /mnt/Storage/SCHOOL/Capstone/bringup/ChaosCore-FPGA/RV32RocketFPGAConfig/RV32Rocket/hello_world/build && deactivate
15:54:59 INFO  : connect -url tcp:127.0.0.1:3121
15:54:59 INFO  : bpremove -all
15:54:59 INFO  : source /tools/Xilinx/Vitis/2024.2/scripts/vitis/util/zynqmp_utils.tcl
15:54:59 INFO  : Context for 'APU' is selected.
15:55:00 INFO  : System reset is completed.
15:55:00 INFO  : disconnect
15:55:03 INFO  : 'after 3000' command is executed.
15:55:03 ERROR : Failed to initialize the hardware Invalid target. Use "connect" command to connect to hw_server/TCF agent
15:55:30 INFO  : connect -url tcp:127.0.0.1:3121
15:55:30 INFO  : bpremove -all
15:55:30 INFO  : source /tools/Xilinx/Vitis/2024.2/scripts/vitis/util/zynqmp_utils.tcl
15:55:30 INFO  : Context for 'APU' is selected.
15:55:31 INFO  : System reset is completed.
15:55:34 INFO  : 'after 3000' command is executed.
15:55:34 INFO  : 'targets -set -filter {jtag_cable_name =~ "Avnet USB-to-JTAG/UART Pod V1 1234-oj1A" && level==0 && jtag_device_ctx=="jsn-USB-to-JTAG/UART Pod V1-1234-oj1A-14710093-0"}' command is executed.
15:55:38 INFO  : Device configured successfully with "/mnt/Storage/SCHOOL/Capstone/bringup/ChaosCore-FPGA/RV32RocketFPGAConfig/RV32Rocket/hello_world/_ide/bitstream/BD_wrapper.bit"
15:55:38 INFO  : targets -set -nocase -filter {name =~"PSU*"}
15:55:38 INFO  : catch {disable_pmu_gate}
15:55:38 INFO  : targets -set -nocase -filter {name =~"APU*"}
15:55:38 INFO  : loadhw -hw /mnt/Storage/SCHOOL/Capstone/bringup/ChaosCore-FPGA/RV32RocketFPGAConfig/RV32Rocket/platform/export/platform/hw/BD_wrapper.xsa -mem-ranges [list {0x80000000 0xbfffffff} {0x400000000 0x5ffffffff} {0x1000000000 0x7fffffffff}]
15:55:38 INFO  : configparams force-mem-access 1
15:55:38 INFO  : targets -set -nocase -filter {name =~"APU*"}
15:55:38 INFO  : source /tools/Xilinx/Vitis/2024.2/vitis-server/scripts/jtag_reg.tcl
15:55:38 INFO  : Boot mode is read from the target.
15:55:38 INFO  : targets -set -nocase -filter {name =~ "*A53*#0"}
15:55:38 INFO  : rst -processor
15:55:38 INFO  : dow /mnt/Storage/SCHOOL/Capstone/bringup/ChaosCore-FPGA/RV32RocketFPGAConfig/RV32Rocket/platform/export/platform/sw/boot/fsbl.elf
15:55:38 INFO  : set bp_55_38_fsbl_bp [bpadd -addr &XFsbl_Exit]
15:55:39 INFO  : con -block -timeout 60
15:55:39 INFO  : bpremove $bp_55_38_fsbl_bp
15:55:39 INFO  : targets -set -nocase -filter {name =~ "*A53*#0"}
15:55:39 INFO  : rst -processor
15:55:40 INFO  : dow /mnt/Storage/SCHOOL/Capstone/bringup/ChaosCore-FPGA/RV32RocketFPGAConfig/RV32Rocket/hello_world/build/hello_world.elf
15:55:40 INFO  : con
15:55:40 INFO  : configparams force-mem-access 0
15:55:41 INFO  : Testing the connection for 127.0.0.1
16:06:06 INFO  : connect -url tcp:127.0.0.1:3121
16:06:06 INFO  : bpremove -all
16:06:06 INFO  : source /tools/Xilinx/Vitis/2024.2/scripts/vitis/util/zynqmp_utils.tcl
16:06:06 INFO  : Context for 'APU' is selected.
16:06:07 INFO  : System reset is completed.
16:06:07 INFO  : disconnect
16:06:10 INFO  : 'after 3000' command is executed.
16:06:10 ERROR : Failed to initialize the hardware Invalid target. Use "connect" command to connect to hw_server/TCF agent
16:06:15 INFO  : connect -url tcp:127.0.0.1:3121
16:06:15 INFO  : bpremove -all
16:06:15 INFO  : source /tools/Xilinx/Vitis/2024.2/scripts/vitis/util/zynqmp_utils.tcl
16:06:15 INFO  : Context for 'APU' is selected.
16:06:16 INFO  : System reset is completed.
16:06:19 INFO  : 'after 3000' command is executed.
16:06:19 INFO  : 'targets -set -filter {jtag_cable_name =~ "Avnet USB-to-JTAG/UART Pod V1 1234-oj1A" && level==0 && jtag_device_ctx=="jsn-USB-to-JTAG/UART Pod V1-1234-oj1A-14710093-0"}' command is executed.
16:06:22 INFO  : Device configured successfully with "/mnt/Storage/SCHOOL/Capstone/bringup/ChaosCore-FPGA/RV32RocketFPGAConfig/RV32Rocket/hello_world/_ide/bitstream/BD_wrapper.bit"
16:06:22 INFO  : targets -set -nocase -filter {name =~"PSU*"}
16:06:22 INFO  : catch {disable_pmu_gate}
16:06:22 INFO  : targets -set -nocase -filter {name =~"APU*"}
16:06:22 INFO  : loadhw -hw /mnt/Storage/SCHOOL/Capstone/bringup/ChaosCore-FPGA/RV32RocketFPGAConfig/RV32Rocket/platform/export/platform/hw/BD_wrapper.xsa -mem-ranges [list {0x80000000 0xbfffffff} {0x400000000 0x5ffffffff} {0x1000000000 0x7fffffffff}]
16:06:22 INFO  : configparams force-mem-access 1
16:06:22 INFO  : targets -set -nocase -filter {name =~"APU*"}
16:06:22 INFO  : source /tools/Xilinx/Vitis/2024.2/vitis-server/scripts/jtag_reg.tcl
16:06:22 INFO  : Boot mode is read from the target.
16:06:22 INFO  : targets -set -nocase -filter {name =~ "*A53*#0"}
16:06:22 INFO  : rst -processor
16:06:23 INFO  : dow /mnt/Storage/SCHOOL/Capstone/bringup/ChaosCore-FPGA/RV32RocketFPGAConfig/RV32Rocket/platform/export/platform/sw/boot/fsbl.elf
16:06:23 INFO  : set bp_6_23_fsbl_bp [bpadd -addr &XFsbl_Exit]
16:06:24 INFO  : con -block -timeout 60
16:06:24 INFO  : bpremove $bp_6_23_fsbl_bp
16:06:24 INFO  : targets -set -nocase -filter {name =~ "*A53*#0"}
16:06:24 INFO  : rst -processor
16:06:24 INFO  : dow /mnt/Storage/SCHOOL/Capstone/bringup/ChaosCore-FPGA/RV32RocketFPGAConfig/RV32Rocket/hello_world/build/hello_world.elf
16:06:24 INFO  : con
16:06:24 INFO  : configparams force-mem-access 0
16:06:25 INFO  : Testing the connection for 127.0.0.1
16:07:31 INFO  : BSP build will be initiated for Domain zynqmp_fsbl
16:07:31 INFO  : BSP build will be initiated for Domain standalone_psu_cortexa53_0
16:07:31 INFO  : Generating BSP for the domain /mnt/Storage/SCHOOL/Capstone/bringup/ChaosCore-FPGA/RV32RocketFPGAConfig/RV32Rocket/platform/psu_cortexa53_0/standalone_psu_cortexa53_0/bsp
16:07:31 INFO  : Generating BSP for the domain /mnt/Storage/SCHOOL/Capstone/bringup/ChaosCore-FPGA/RV32RocketFPGAConfig/RV32Rocket/platform/zynqmp_fsbl/zynqmp_fsbl_bsp
16:07:31 INFO  : lopper command to reconfigure BSP :python /tools/Xilinx/Vitis/2024.2/data/embeddedsw/scripts/pyesw//reconfig_bsp.py -d /mnt/Storage/SCHOOL/Capstone/bringup/ChaosCore-FPGA/RV32RocketFPGAConfig/RV32Rocket/platform/psu_cortexa53_0/standalone_psu_cortexa53_0/bsp
16:07:31 INFO  : lopper command to reconfigure BSP :python /tools/Xilinx/Vitis/2024.2/data/embeddedsw/scripts/pyesw//reconfig_bsp.py -d /mnt/Storage/SCHOOL/Capstone/bringup/ChaosCore-FPGA/RV32RocketFPGAConfig/RV32Rocket/platform/zynqmp_fsbl/zynqmp_fsbl_bsp
16:07:31 INFO  : bash, -c, source /tools/Xilinx/Vitis/2024.2/tps/lnx64/lopper-1.1.0/env/bin/activate && python /tools/Xilinx/Vitis/2024.2/data/embeddedsw/scripts/pyesw//reconfig_bsp.py -d /mnt/Storage/SCHOOL/Capstone/bringup/ChaosCore-FPGA/RV32RocketFPGAConfig/RV32Rocket/platform/psu_cortexa53_0/standalone_psu_cortexa53_0/bsp && deactivate
16:07:31 INFO  : bash, -c, source /tools/Xilinx/Vitis/2024.2/tps/lnx64/lopper-1.1.0/env/bin/activate && python /tools/Xilinx/Vitis/2024.2/data/embeddedsw/scripts/pyesw//reconfig_bsp.py -d /mnt/Storage/SCHOOL/Capstone/bringup/ChaosCore-FPGA/RV32RocketFPGAConfig/RV32Rocket/platform/zynqmp_fsbl/zynqmp_fsbl_bsp && deactivate
16:07:33 INFO  : Domain reconfigured successfully
16:07:33 INFO  : Generating BSP for the domain /mnt/Storage/SCHOOL/Capstone/bringup/ChaosCore-FPGA/RV32RocketFPGAConfig/RV32Rocket/platform/psu_cortexa53_0/standalone_psu_cortexa53_0/bsp
16:07:33 INFO  : lopper command to build BSP :python /tools/Xilinx/Vitis/2024.2/data/embeddedsw/scripts/pyesw//build_bsp.py -d /mnt/Storage/SCHOOL/Capstone/bringup/ChaosCore-FPGA/RV32RocketFPGAConfig/RV32Rocket/platform/psu_cortexa53_0/standalone_psu_cortexa53_0/bsp
16:07:33 INFO  : bash, -c, source /tools/Xilinx/Vitis/2024.2/tps/lnx64/lopper-1.1.0/env/bin/activate && python /tools/Xilinx/Vitis/2024.2/data/embeddedsw/scripts/pyesw//build_bsp.py -d /mnt/Storage/SCHOOL/Capstone/bringup/ChaosCore-FPGA/RV32RocketFPGAConfig/RV32Rocket/platform/psu_cortexa53_0/standalone_psu_cortexa53_0/bsp && deactivate
16:07:33 INFO  : Domain reconfigured successfully
16:07:33 INFO  : Generating BSP for the domain /mnt/Storage/SCHOOL/Capstone/bringup/ChaosCore-FPGA/RV32RocketFPGAConfig/RV32Rocket/platform/zynqmp_fsbl/zynqmp_fsbl_bsp
16:07:33 INFO  : lopper command to build BSP :python /tools/Xilinx/Vitis/2024.2/data/embeddedsw/scripts/pyesw//build_bsp.py -d /mnt/Storage/SCHOOL/Capstone/bringup/ChaosCore-FPGA/RV32RocketFPGAConfig/RV32Rocket/platform/zynqmp_fsbl/zynqmp_fsbl_bsp
16:07:33 INFO  : bash, -c, source /tools/Xilinx/Vitis/2024.2/tps/lnx64/lopper-1.1.0/env/bin/activate && python /tools/Xilinx/Vitis/2024.2/data/embeddedsw/scripts/pyesw//build_bsp.py -d /mnt/Storage/SCHOOL/Capstone/bringup/ChaosCore-FPGA/RV32RocketFPGAConfig/RV32Rocket/platform/zynqmp_fsbl/zynqmp_fsbl_bsp && deactivate
16:07:33 INFO  : Domain build successfully
16:07:33 INFO  : Domain build successfully
16:07:33 INFO  : Generating Boot ELFs
16:07:33 INFO  : lopper command to retarget baremetal application :python /tools/Xilinx/Vitis/2024.2/data/embeddedsw/scripts/pyesw//retarget_app.py -s /mnt/Storage/SCHOOL/Capstone/bringup/ChaosCore-FPGA/RV32RocketFPGAConfig/RV32Rocket/platform/zynqmp_fsbl -d /mnt/Storage/SCHOOL/Capstone/bringup/ChaosCore-FPGA/RV32RocketFPGAConfig/RV32Rocket/platform/zynqmp_fsbl/zynqmp_fsbl_bsp -b /mnt/Storage/SCHOOL/Capstone/bringup/ChaosCore-FPGA/RV32RocketFPGAConfig/RV32Rocket/platform/zynqmp_fsbl/build
16:07:33 INFO  : bash, -c, source /tools/Xilinx/Vitis/2024.2/tps/lnx64/lopper-1.1.0/env/bin/activate && python /tools/Xilinx/Vitis/2024.2/data/embeddedsw/scripts/pyesw//retarget_app.py -s /mnt/Storage/SCHOOL/Capstone/bringup/ChaosCore-FPGA/RV32RocketFPGAConfig/RV32Rocket/platform/zynqmp_fsbl -d /mnt/Storage/SCHOOL/Capstone/bringup/ChaosCore-FPGA/RV32RocketFPGAConfig/RV32Rocket/platform/zynqmp_fsbl/zynqmp_fsbl_bsp -b /mnt/Storage/SCHOOL/Capstone/bringup/ChaosCore-FPGA/RV32RocketFPGAConfig/RV32Rocket/platform/zynqmp_fsbl/build && deactivate
16:07:33 INFO  : Successfully retargeted Application /mnt/Storage/SCHOOL/Capstone/bringup/ChaosCore-FPGA/RV32RocketFPGAConfig/RV32Rocket/platform/zynqmp_fsbl
16:07:33 INFO  : lopper command to build baremetal application :python /tools/Xilinx/Vitis/2024.2/data/embeddedsw/scripts/pyesw//build_app.py -s /mnt/Storage/SCHOOL/Capstone/bringup/ChaosCore-FPGA/RV32RocketFPGAConfig/RV32Rocket/platform/zynqmp_fsbl -b /mnt/Storage/SCHOOL/Capstone/bringup/ChaosCore-FPGA/RV32RocketFPGAConfig/RV32Rocket/platform/zynqmp_fsbl/build
16:07:33 INFO  : bash, -c, source /tools/Xilinx/Vitis/2024.2/tps/lnx64/lopper-1.1.0/env/bin/activate && python /tools/Xilinx/Vitis/2024.2/data/embeddedsw/scripts/pyesw//build_app.py -s /mnt/Storage/SCHOOL/Capstone/bringup/ChaosCore-FPGA/RV32RocketFPGAConfig/RV32Rocket/platform/zynqmp_fsbl -b /mnt/Storage/SCHOOL/Capstone/bringup/ChaosCore-FPGA/RV32RocketFPGAConfig/RV32Rocket/platform/zynqmp_fsbl/build && deactivate
16:07:34 INFO  : connect -url tcp:127.0.0.1:3121
16:07:34 INFO  : Found no platform with name 'platform' in install repositories
16:07:34 INFO  : Found no platform with name 'platform' in install repositories
16:07:34 INFO  : Found no platform with name 'platform' in install repositories
16:07:34 ERROR : Failed to initialize the hardware null
16:07:37 INFO  : Successfully building the baremetal application/mnt/Storage/SCHOOL/Capstone/bringup/ChaosCore-FPGA/RV32RocketFPGAConfig/RV32Rocket/platform/zynqmp_fsbl/build
16:07:37 INFO  : Generating Export directory
16:07:37 INFO  : Platform Build Finished successfully.
16:07:38 INFO  : lopper command to retarget baremetal application :python /tools/Xilinx/Vitis/2024.2/data/embeddedsw/scripts/pyesw//retarget_app.py -s /mnt/Storage/SCHOOL/Capstone/bringup/ChaosCore-FPGA/RV32RocketFPGAConfig/RV32Rocket/hello_world/src -d /mnt/Storage/SCHOOL/Capstone/bringup/ChaosCore-FPGA/RV32RocketFPGAConfig/RV32Rocket/platform/export/platform/sw/standalone_psu_cortexa53_0 -b /mnt/Storage/SCHOOL/Capstone/bringup/ChaosCore-FPGA/RV32RocketFPGAConfig/RV32Rocket/hello_world/build
16:07:38 INFO  : bash, -c, source /tools/Xilinx/Vitis/2024.2/tps/lnx64/lopper-1.1.0/env/bin/activate && python /tools/Xilinx/Vitis/2024.2/data/embeddedsw/scripts/pyesw//retarget_app.py -s /mnt/Storage/SCHOOL/Capstone/bringup/ChaosCore-FPGA/RV32RocketFPGAConfig/RV32Rocket/hello_world/src -d /mnt/Storage/SCHOOL/Capstone/bringup/ChaosCore-FPGA/RV32RocketFPGAConfig/RV32Rocket/platform/export/platform/sw/standalone_psu_cortexa53_0 -b /mnt/Storage/SCHOOL/Capstone/bringup/ChaosCore-FPGA/RV32RocketFPGAConfig/RV32Rocket/hello_world/build && deactivate
16:07:38 INFO  : Successfully retargeted Application /mnt/Storage/SCHOOL/Capstone/bringup/ChaosCore-FPGA/RV32RocketFPGAConfig/RV32Rocket/hello_world/src
16:07:38 INFO  : bash, -c, source /tools/Xilinx/Vitis/2024.2/tps/lnx64/lopper-1.1.0/env/bin/activate && python /tools/Xilinx/Vitis/2024.2/data/embeddedsw/scripts/pyesw//build_app.py -s /mnt/Storage/SCHOOL/Capstone/bringup/ChaosCore-FPGA/RV32RocketFPGAConfig/RV32Rocket/hello_world/src -b /mnt/Storage/SCHOOL/Capstone/bringup/ChaosCore-FPGA/RV32RocketFPGAConfig/RV32Rocket/hello_world/build && deactivate
16:07:50 INFO  : connect -url tcp:127.0.0.1:3121
16:07:50 INFO  : bpremove -all
16:07:50 INFO  : source /tools/Xilinx/Vitis/2024.2/scripts/vitis/util/zynqmp_utils.tcl
16:07:50 INFO  : Context for 'APU' is selected.
16:07:51 INFO  : System reset is completed.
16:07:51 INFO  : disconnect
16:07:54 INFO  : 'after 3000' command is executed.
16:07:54 ERROR : Failed to initialize the hardware Invalid target. Use "connect" command to connect to hw_server/TCF agent
16:08:02 INFO  : connect -url tcp:127.0.0.1:3121
16:08:02 INFO  : bpremove -all
16:08:02 INFO  : source /tools/Xilinx/Vitis/2024.2/scripts/vitis/util/zynqmp_utils.tcl
16:08:02 INFO  : Context for 'APU' is selected.
16:08:03 INFO  : System reset is completed.
16:08:06 INFO  : 'after 3000' command is executed.
16:08:06 INFO  : 'targets -set -filter {jtag_cable_name =~ "Avnet USB-to-JTAG/UART Pod V1 1234-oj1A" && level==0 && jtag_device_ctx=="jsn-USB-to-JTAG/UART Pod V1-1234-oj1A-14710093-0"}' command is executed.
16:08:09 INFO  : Device configured successfully with "/mnt/Storage/SCHOOL/Capstone/bringup/ChaosCore-FPGA/RV32RocketFPGAConfig/RV32Rocket/hello_world/_ide/bitstream/BD_wrapper.bit"
16:08:09 INFO  : targets -set -nocase -filter {name =~"PSU*"}
16:08:09 INFO  : catch {disable_pmu_gate}
16:08:09 INFO  : targets -set -nocase -filter {name =~"APU*"}
16:08:09 INFO  : loadhw -hw /mnt/Storage/SCHOOL/Capstone/bringup/ChaosCore-FPGA/RV32RocketFPGAConfig/RV32Rocket/platform/export/platform/hw/BD_wrapper.xsa -mem-ranges [list {0x80000000 0xbfffffff} {0x400000000 0x5ffffffff} {0x1000000000 0x7fffffffff}]
16:08:09 INFO  : configparams force-mem-access 1
16:08:09 INFO  : targets -set -nocase -filter {name =~"APU*"}
16:08:09 INFO  : source /tools/Xilinx/Vitis/2024.2/vitis-server/scripts/jtag_reg.tcl
16:08:09 INFO  : Boot mode is read from the target.
16:08:09 INFO  : targets -set -nocase -filter {name =~ "*A53*#0"}
16:08:09 INFO  : rst -processor
16:08:10 INFO  : dow /mnt/Storage/SCHOOL/Capstone/bringup/ChaosCore-FPGA/RV32RocketFPGAConfig/RV32Rocket/platform/export/platform/sw/boot/fsbl.elf
16:08:10 INFO  : set bp_8_10_fsbl_bp [bpadd -addr &XFsbl_Exit]
16:08:11 INFO  : con -block -timeout 60
16:08:11 INFO  : bpremove $bp_8_10_fsbl_bp
16:08:11 INFO  : targets -set -nocase -filter {name =~ "*A53*#0"}
16:08:11 INFO  : rst -processor
16:08:11 INFO  : dow /mnt/Storage/SCHOOL/Capstone/bringup/ChaosCore-FPGA/RV32RocketFPGAConfig/RV32Rocket/hello_world/build/hello_world.elf
16:08:11 INFO  : con
16:08:11 INFO  : configparams force-mem-access 0
16:08:12 INFO  : Testing the connection for 127.0.0.1
16:25:50 INFO  : disconnect
16:48:46 INFO  : Found no platform with name 'BD_wrapper' in install repositories
16:48:47 INFO  : HW XSA update started
16:48:48 INFO  : Using sdt generation script from /tools/Xilinx/Vitis/2024.2/vitis-server/scripts/platformutil.tcl
16:48:48 INFO  : bash, -c, source /tools/Xilinx/Vitis/2024.2/tps/lnx64/lopper-1.1.0/env/bin/activate && xsct /tools/Xilinx/Vitis/2024.2/vitis-server/scripts/platformutil.tcl /mnt/Storage/SCHOOL/Capstone/bringup/ChaosCore-FPGA/RV32RocketFPGAConfig/RV32Rocket/BD_wrapper.xsa /mnt/Storage/SCHOOL/Capstone/bringup/ChaosCore-FPGA/RV32RocketFPGAConfig/RV32Rocket/platform/hw/sdt && deactivate
16:48:59 INFO  : SDT generated successfully
16:48:59 INFO  : Generating BSP for the domain /mnt/Storage/SCHOOL/Capstone/bringup/ChaosCore-FPGA/RV32RocketFPGAConfig/RV32Rocket/platform/zynqmp_fsbl/zynqmp_fsbl_bsp
16:48:59 INFO  : lopper command to reconfigure BSP :python /tools/Xilinx/Vitis/2024.2/data/embeddedsw/scripts/pyesw//reconfig_bsp.py -d /mnt/Storage/SCHOOL/Capstone/bringup/ChaosCore-FPGA/RV32RocketFPGAConfig/RV32Rocket/platform/zynqmp_fsbl/zynqmp_fsbl_bsp
16:48:59 INFO  : bash, -c, source /tools/Xilinx/Vitis/2024.2/tps/lnx64/lopper-1.1.0/env/bin/activate && python /tools/Xilinx/Vitis/2024.2/data/embeddedsw/scripts/pyesw//reconfig_bsp.py -d /mnt/Storage/SCHOOL/Capstone/bringup/ChaosCore-FPGA/RV32RocketFPGAConfig/RV32Rocket/platform/zynqmp_fsbl/zynqmp_fsbl_bsp && deactivate
16:49:00 INFO  : Domain reconfigured successfully
16:49:00 INFO  : lopper command to regenerate BSP :python /tools/Xilinx/Vitis/2024.2/data/embeddedsw/scripts/pyesw//regen_bsp.py -s /mnt/Storage/SCHOOL/Capstone/bringup/ChaosCore-FPGA/RV32RocketFPGAConfig/RV32Rocket/platform/hw/sdt/system-top.dts -d /mnt/Storage/SCHOOL/Capstone/bringup/ChaosCore-FPGA/RV32RocketFPGAConfig/RV32Rocket/platform/zynqmp_fsbl/zynqmp_fsbl_bsp -r /mnt/Storage/SCHOOL/Capstone/bringup/ChaosCore-FPGA/RV32RocketFPGAConfig/RV32Rocket/_ide/.wsdata/.repo.yaml
16:49:00 INFO  : bash, -c, source /tools/Xilinx/Vitis/2024.2/tps/lnx64/lopper-1.1.0/env/bin/activate && python /tools/Xilinx/Vitis/2024.2/data/embeddedsw/scripts/pyesw//regen_bsp.py -s /mnt/Storage/SCHOOL/Capstone/bringup/ChaosCore-FPGA/RV32RocketFPGAConfig/RV32Rocket/platform/hw/sdt/system-top.dts -d /mnt/Storage/SCHOOL/Capstone/bringup/ChaosCore-FPGA/RV32RocketFPGAConfig/RV32Rocket/platform/zynqmp_fsbl/zynqmp_fsbl_bsp -r /mnt/Storage/SCHOOL/Capstone/bringup/ChaosCore-FPGA/RV32RocketFPGAConfig/RV32Rocket/_ide/.wsdata/.repo.yaml && deactivate
16:49:18 INFO  : -- Configuring done
16:49:18 INFO  : -- Generating done
16:49:18 INFO  : -- Build files have been written to: /mnt/Storage/SCHOOL/Capstone/bringup/ChaosCore-FPGA/RV32RocketFPGAConfig/RV32Rocket/platform/zynqmp_fsbl/zynqmp_fsbl_bsp/libsrc/build_configs/gen_bsp
16:49:18 INFO  : Successfully created Domain at /mnt/Storage/SCHOOL/Capstone/bringup/ChaosCore-FPGA/RV32RocketFPGAConfig/RV32Rocket/platform/zynqmp_fsbl/zynqmp_fsbl_bsp
16:49:18 INFO  : BSP regenerated successfully
16:49:18 INFO  : Generating BSP for the domain /mnt/Storage/SCHOOL/Capstone/bringup/ChaosCore-FPGA/RV32RocketFPGAConfig/RV32Rocket/platform/psu_cortexa53_0/standalone_psu_cortexa53_0/bsp
16:49:18 INFO  : lopper command to reconfigure BSP :python /tools/Xilinx/Vitis/2024.2/data/embeddedsw/scripts/pyesw//reconfig_bsp.py -d /mnt/Storage/SCHOOL/Capstone/bringup/ChaosCore-FPGA/RV32RocketFPGAConfig/RV32Rocket/platform/psu_cortexa53_0/standalone_psu_cortexa53_0/bsp
16:49:18 INFO  : bash, -c, source /tools/Xilinx/Vitis/2024.2/tps/lnx64/lopper-1.1.0/env/bin/activate && python /tools/Xilinx/Vitis/2024.2/data/embeddedsw/scripts/pyesw//reconfig_bsp.py -d /mnt/Storage/SCHOOL/Capstone/bringup/ChaosCore-FPGA/RV32RocketFPGAConfig/RV32Rocket/platform/psu_cortexa53_0/standalone_psu_cortexa53_0/bsp && deactivate
16:49:18 INFO  : Domain reconfigured successfully
16:49:18 INFO  : lopper command to regenerate BSP :python /tools/Xilinx/Vitis/2024.2/data/embeddedsw/scripts/pyesw//regen_bsp.py -s /mnt/Storage/SCHOOL/Capstone/bringup/ChaosCore-FPGA/RV32RocketFPGAConfig/RV32Rocket/platform/hw/sdt/system-top.dts -d /mnt/Storage/SCHOOL/Capstone/bringup/ChaosCore-FPGA/RV32RocketFPGAConfig/RV32Rocket/platform/psu_cortexa53_0/standalone_psu_cortexa53_0/bsp -r /mnt/Storage/SCHOOL/Capstone/bringup/ChaosCore-FPGA/RV32RocketFPGAConfig/RV32Rocket/_ide/.wsdata/.repo.yaml
16:49:18 INFO  : bash, -c, source /tools/Xilinx/Vitis/2024.2/tps/lnx64/lopper-1.1.0/env/bin/activate && python /tools/Xilinx/Vitis/2024.2/data/embeddedsw/scripts/pyesw//regen_bsp.py -s /mnt/Storage/SCHOOL/Capstone/bringup/ChaosCore-FPGA/RV32RocketFPGAConfig/RV32Rocket/platform/hw/sdt/system-top.dts -d /mnt/Storage/SCHOOL/Capstone/bringup/ChaosCore-FPGA/RV32RocketFPGAConfig/RV32Rocket/platform/psu_cortexa53_0/standalone_psu_cortexa53_0/bsp -r /mnt/Storage/SCHOOL/Capstone/bringup/ChaosCore-FPGA/RV32RocketFPGAConfig/RV32Rocket/_ide/.wsdata/.repo.yaml && deactivate
16:49:31 INFO  : -- Configuring done
16:49:31 INFO  : -- Generating done
16:49:31 INFO  : -- Build files have been written to: /mnt/Storage/SCHOOL/Capstone/bringup/ChaosCore-FPGA/RV32RocketFPGAConfig/RV32Rocket/platform/psu_cortexa53_0/standalone_psu_cortexa53_0/bsp/libsrc/build_configs/gen_bsp
16:49:31 INFO  : Successfully created Domain at /mnt/Storage/SCHOOL/Capstone/bringup/ChaosCore-FPGA/RV32RocketFPGAConfig/RV32Rocket/platform/psu_cortexa53_0/standalone_psu_cortexa53_0/bsp
16:49:31 INFO  : BSP regenerated successfully
16:49:31 INFO  : Hardware XSA update finished successfully
16:49:41 INFO  : BSP build will be initiated for Domain zynqmp_fsbl
16:49:41 INFO  : BSP build will be initiated for Domain standalone_psu_cortexa53_0
16:49:41 INFO  : Generating BSP for the domain /mnt/Storage/SCHOOL/Capstone/bringup/ChaosCore-FPGA/RV32RocketFPGAConfig/RV32Rocket/platform/zynqmp_fsbl/zynqmp_fsbl_bsp
16:49:41 INFO  : Generating BSP for the domain /mnt/Storage/SCHOOL/Capstone/bringup/ChaosCore-FPGA/RV32RocketFPGAConfig/RV32Rocket/platform/psu_cortexa53_0/standalone_psu_cortexa53_0/bsp
16:49:41 INFO  : lopper command to reconfigure BSP :python /tools/Xilinx/Vitis/2024.2/data/embeddedsw/scripts/pyesw//reconfig_bsp.py -d /mnt/Storage/SCHOOL/Capstone/bringup/ChaosCore-FPGA/RV32RocketFPGAConfig/RV32Rocket/platform/zynqmp_fsbl/zynqmp_fsbl_bsp
16:49:41 INFO  : lopper command to reconfigure BSP :python /tools/Xilinx/Vitis/2024.2/data/embeddedsw/scripts/pyesw//reconfig_bsp.py -d /mnt/Storage/SCHOOL/Capstone/bringup/ChaosCore-FPGA/RV32RocketFPGAConfig/RV32Rocket/platform/psu_cortexa53_0/standalone_psu_cortexa53_0/bsp
16:49:41 INFO  : bash, -c, source /tools/Xilinx/Vitis/2024.2/tps/lnx64/lopper-1.1.0/env/bin/activate && python /tools/Xilinx/Vitis/2024.2/data/embeddedsw/scripts/pyesw//reconfig_bsp.py -d /mnt/Storage/SCHOOL/Capstone/bringup/ChaosCore-FPGA/RV32RocketFPGAConfig/RV32Rocket/platform/zynqmp_fsbl/zynqmp_fsbl_bsp && deactivate
16:49:41 INFO  : bash, -c, source /tools/Xilinx/Vitis/2024.2/tps/lnx64/lopper-1.1.0/env/bin/activate && python /tools/Xilinx/Vitis/2024.2/data/embeddedsw/scripts/pyesw//reconfig_bsp.py -d /mnt/Storage/SCHOOL/Capstone/bringup/ChaosCore-FPGA/RV32RocketFPGAConfig/RV32Rocket/platform/psu_cortexa53_0/standalone_psu_cortexa53_0/bsp && deactivate
16:49:42 INFO  : Domain reconfigured successfully
16:49:42 INFO  : Generating BSP for the domain /mnt/Storage/SCHOOL/Capstone/bringup/ChaosCore-FPGA/RV32RocketFPGAConfig/RV32Rocket/platform/psu_cortexa53_0/standalone_psu_cortexa53_0/bsp
16:49:42 INFO  : lopper command to build BSP :python /tools/Xilinx/Vitis/2024.2/data/embeddedsw/scripts/pyesw//build_bsp.py -d /mnt/Storage/SCHOOL/Capstone/bringup/ChaosCore-FPGA/RV32RocketFPGAConfig/RV32Rocket/platform/psu_cortexa53_0/standalone_psu_cortexa53_0/bsp
16:49:42 INFO  : bash, -c, source /tools/Xilinx/Vitis/2024.2/tps/lnx64/lopper-1.1.0/env/bin/activate && python /tools/Xilinx/Vitis/2024.2/data/embeddedsw/scripts/pyesw//build_bsp.py -d /mnt/Storage/SCHOOL/Capstone/bringup/ChaosCore-FPGA/RV32RocketFPGAConfig/RV32Rocket/platform/psu_cortexa53_0/standalone_psu_cortexa53_0/bsp && deactivate
16:49:42 INFO  : Domain reconfigured successfully
16:49:42 INFO  : Generating BSP for the domain /mnt/Storage/SCHOOL/Capstone/bringup/ChaosCore-FPGA/RV32RocketFPGAConfig/RV32Rocket/platform/zynqmp_fsbl/zynqmp_fsbl_bsp
16:49:42 INFO  : lopper command to build BSP :python /tools/Xilinx/Vitis/2024.2/data/embeddedsw/scripts/pyesw//build_bsp.py -d /mnt/Storage/SCHOOL/Capstone/bringup/ChaosCore-FPGA/RV32RocketFPGAConfig/RV32Rocket/platform/zynqmp_fsbl/zynqmp_fsbl_bsp
16:49:42 INFO  : bash, -c, source /tools/Xilinx/Vitis/2024.2/tps/lnx64/lopper-1.1.0/env/bin/activate && python /tools/Xilinx/Vitis/2024.2/data/embeddedsw/scripts/pyesw//build_bsp.py -d /mnt/Storage/SCHOOL/Capstone/bringup/ChaosCore-FPGA/RV32RocketFPGAConfig/RV32Rocket/platform/zynqmp_fsbl/zynqmp_fsbl_bsp && deactivate
16:49:55 INFO  : Domain build successfully
16:49:56 INFO  : Domain build successfully
16:49:56 INFO  : Generating Boot ELFs
16:49:56 INFO  : lopper command to retarget baremetal application :python /tools/Xilinx/Vitis/2024.2/data/embeddedsw/scripts/pyesw//retarget_app.py -s /mnt/Storage/SCHOOL/Capstone/bringup/ChaosCore-FPGA/RV32RocketFPGAConfig/RV32Rocket/platform/zynqmp_fsbl -d /mnt/Storage/SCHOOL/Capstone/bringup/ChaosCore-FPGA/RV32RocketFPGAConfig/RV32Rocket/platform/zynqmp_fsbl/zynqmp_fsbl_bsp -b /mnt/Storage/SCHOOL/Capstone/bringup/ChaosCore-FPGA/RV32RocketFPGAConfig/RV32Rocket/platform/zynqmp_fsbl/build
16:49:56 INFO  : bash, -c, source /tools/Xilinx/Vitis/2024.2/tps/lnx64/lopper-1.1.0/env/bin/activate && python /tools/Xilinx/Vitis/2024.2/data/embeddedsw/scripts/pyesw//retarget_app.py -s /mnt/Storage/SCHOOL/Capstone/bringup/ChaosCore-FPGA/RV32RocketFPGAConfig/RV32Rocket/platform/zynqmp_fsbl -d /mnt/Storage/SCHOOL/Capstone/bringup/ChaosCore-FPGA/RV32RocketFPGAConfig/RV32Rocket/platform/zynqmp_fsbl/zynqmp_fsbl_bsp -b /mnt/Storage/SCHOOL/Capstone/bringup/ChaosCore-FPGA/RV32RocketFPGAConfig/RV32Rocket/platform/zynqmp_fsbl/build && deactivate
16:49:57 INFO  : Successfully retargeted Application /mnt/Storage/SCHOOL/Capstone/bringup/ChaosCore-FPGA/RV32RocketFPGAConfig/RV32Rocket/platform/zynqmp_fsbl
16:49:57 INFO  : lopper command to build baremetal application :python /tools/Xilinx/Vitis/2024.2/data/embeddedsw/scripts/pyesw//build_app.py -s /mnt/Storage/SCHOOL/Capstone/bringup/ChaosCore-FPGA/RV32RocketFPGAConfig/RV32Rocket/platform/zynqmp_fsbl -b /mnt/Storage/SCHOOL/Capstone/bringup/ChaosCore-FPGA/RV32RocketFPGAConfig/RV32Rocket/platform/zynqmp_fsbl/build
16:49:57 INFO  : bash, -c, source /tools/Xilinx/Vitis/2024.2/tps/lnx64/lopper-1.1.0/env/bin/activate && python /tools/Xilinx/Vitis/2024.2/data/embeddedsw/scripts/pyesw//build_app.py -s /mnt/Storage/SCHOOL/Capstone/bringup/ChaosCore-FPGA/RV32RocketFPGAConfig/RV32Rocket/platform/zynqmp_fsbl -b /mnt/Storage/SCHOOL/Capstone/bringup/ChaosCore-FPGA/RV32RocketFPGAConfig/RV32Rocket/platform/zynqmp_fsbl/build && deactivate
16:50:03 INFO  : Successfully building the baremetal application/mnt/Storage/SCHOOL/Capstone/bringup/ChaosCore-FPGA/RV32RocketFPGAConfig/RV32Rocket/platform/zynqmp_fsbl/build
16:50:03 INFO  : Generating Export directory
16:50:05 INFO  : Platform Build Finished successfully.
16:50:37 INFO  : BSP build will be initiated for Domain zynqmp_fsbl
16:50:37 INFO  : Generating BSP for the domain /mnt/Storage/SCHOOL/Capstone/bringup/ChaosCore-FPGA/RV32RocketFPGAConfig/RV32Rocket/platform/zynqmp_fsbl/zynqmp_fsbl_bsp
16:50:37 INFO  : BSP build will be initiated for Domain standalone_psu_cortexa53_0
16:50:37 INFO  : Generating BSP for the domain /mnt/Storage/SCHOOL/Capstone/bringup/ChaosCore-FPGA/RV32RocketFPGAConfig/RV32Rocket/platform/psu_cortexa53_0/standalone_psu_cortexa53_0/bsp
16:50:37 INFO  : lopper command to reconfigure BSP :python /tools/Xilinx/Vitis/2024.2/data/embeddedsw/scripts/pyesw//reconfig_bsp.py -d /mnt/Storage/SCHOOL/Capstone/bringup/ChaosCore-FPGA/RV32RocketFPGAConfig/RV32Rocket/platform/zynqmp_fsbl/zynqmp_fsbl_bsp
16:50:37 INFO  : lopper command to reconfigure BSP :python /tools/Xilinx/Vitis/2024.2/data/embeddedsw/scripts/pyesw//reconfig_bsp.py -d /mnt/Storage/SCHOOL/Capstone/bringup/ChaosCore-FPGA/RV32RocketFPGAConfig/RV32Rocket/platform/psu_cortexa53_0/standalone_psu_cortexa53_0/bsp
16:50:37 INFO  : bash, -c, source /tools/Xilinx/Vitis/2024.2/tps/lnx64/lopper-1.1.0/env/bin/activate && python /tools/Xilinx/Vitis/2024.2/data/embeddedsw/scripts/pyesw//reconfig_bsp.py -d /mnt/Storage/SCHOOL/Capstone/bringup/ChaosCore-FPGA/RV32RocketFPGAConfig/RV32Rocket/platform/psu_cortexa53_0/standalone_psu_cortexa53_0/bsp && deactivate
16:50:37 INFO  : bash, -c, source /tools/Xilinx/Vitis/2024.2/tps/lnx64/lopper-1.1.0/env/bin/activate && python /tools/Xilinx/Vitis/2024.2/data/embeddedsw/scripts/pyesw//reconfig_bsp.py -d /mnt/Storage/SCHOOL/Capstone/bringup/ChaosCore-FPGA/RV32RocketFPGAConfig/RV32Rocket/platform/zynqmp_fsbl/zynqmp_fsbl_bsp && deactivate
16:50:37 INFO  : Domain reconfigured successfully
16:50:37 INFO  : Generating BSP for the domain /mnt/Storage/SCHOOL/Capstone/bringup/ChaosCore-FPGA/RV32RocketFPGAConfig/RV32Rocket/platform/psu_cortexa53_0/standalone_psu_cortexa53_0/bsp
16:50:37 INFO  : lopper command to build BSP :python /tools/Xilinx/Vitis/2024.2/data/embeddedsw/scripts/pyesw//build_bsp.py -d /mnt/Storage/SCHOOL/Capstone/bringup/ChaosCore-FPGA/RV32RocketFPGAConfig/RV32Rocket/platform/psu_cortexa53_0/standalone_psu_cortexa53_0/bsp
16:50:37 INFO  : bash, -c, source /tools/Xilinx/Vitis/2024.2/tps/lnx64/lopper-1.1.0/env/bin/activate && python /tools/Xilinx/Vitis/2024.2/data/embeddedsw/scripts/pyesw//build_bsp.py -d /mnt/Storage/SCHOOL/Capstone/bringup/ChaosCore-FPGA/RV32RocketFPGAConfig/RV32Rocket/platform/psu_cortexa53_0/standalone_psu_cortexa53_0/bsp && deactivate
16:50:37 INFO  : Domain reconfigured successfully
16:50:37 INFO  : Generating BSP for the domain /mnt/Storage/SCHOOL/Capstone/bringup/ChaosCore-FPGA/RV32RocketFPGAConfig/RV32Rocket/platform/zynqmp_fsbl/zynqmp_fsbl_bsp
16:50:37 INFO  : lopper command to build BSP :python /tools/Xilinx/Vitis/2024.2/data/embeddedsw/scripts/pyesw//build_bsp.py -d /mnt/Storage/SCHOOL/Capstone/bringup/ChaosCore-FPGA/RV32RocketFPGAConfig/RV32Rocket/platform/zynqmp_fsbl/zynqmp_fsbl_bsp
16:50:37 INFO  : bash, -c, source /tools/Xilinx/Vitis/2024.2/tps/lnx64/lopper-1.1.0/env/bin/activate && python /tools/Xilinx/Vitis/2024.2/data/embeddedsw/scripts/pyesw//build_bsp.py -d /mnt/Storage/SCHOOL/Capstone/bringup/ChaosCore-FPGA/RV32RocketFPGAConfig/RV32Rocket/platform/zynqmp_fsbl/zynqmp_fsbl_bsp && deactivate
16:50:38 INFO  : Domain build successfully
16:50:39 INFO  : Domain build successfully
16:50:39 INFO  : Generating Boot ELFs
16:50:39 INFO  : lopper command to retarget baremetal application :python /tools/Xilinx/Vitis/2024.2/data/embeddedsw/scripts/pyesw//retarget_app.py -s /mnt/Storage/SCHOOL/Capstone/bringup/ChaosCore-FPGA/RV32RocketFPGAConfig/RV32Rocket/platform/zynqmp_fsbl -d /mnt/Storage/SCHOOL/Capstone/bringup/ChaosCore-FPGA/RV32RocketFPGAConfig/RV32Rocket/platform/zynqmp_fsbl/zynqmp_fsbl_bsp -b /mnt/Storage/SCHOOL/Capstone/bringup/ChaosCore-FPGA/RV32RocketFPGAConfig/RV32Rocket/platform/zynqmp_fsbl/build
16:50:39 INFO  : bash, -c, source /tools/Xilinx/Vitis/2024.2/tps/lnx64/lopper-1.1.0/env/bin/activate && python /tools/Xilinx/Vitis/2024.2/data/embeddedsw/scripts/pyesw//retarget_app.py -s /mnt/Storage/SCHOOL/Capstone/bringup/ChaosCore-FPGA/RV32RocketFPGAConfig/RV32Rocket/platform/zynqmp_fsbl -d /mnt/Storage/SCHOOL/Capstone/bringup/ChaosCore-FPGA/RV32RocketFPGAConfig/RV32Rocket/platform/zynqmp_fsbl/zynqmp_fsbl_bsp -b /mnt/Storage/SCHOOL/Capstone/bringup/ChaosCore-FPGA/RV32RocketFPGAConfig/RV32Rocket/platform/zynqmp_fsbl/build && deactivate
16:50:39 INFO  : Successfully retargeted Application /mnt/Storage/SCHOOL/Capstone/bringup/ChaosCore-FPGA/RV32RocketFPGAConfig/RV32Rocket/platform/zynqmp_fsbl
16:50:39 INFO  : lopper command to build baremetal application :python /tools/Xilinx/Vitis/2024.2/data/embeddedsw/scripts/pyesw//build_app.py -s /mnt/Storage/SCHOOL/Capstone/bringup/ChaosCore-FPGA/RV32RocketFPGAConfig/RV32Rocket/platform/zynqmp_fsbl -b /mnt/Storage/SCHOOL/Capstone/bringup/ChaosCore-FPGA/RV32RocketFPGAConfig/RV32Rocket/platform/zynqmp_fsbl/build
16:50:39 INFO  : bash, -c, source /tools/Xilinx/Vitis/2024.2/tps/lnx64/lopper-1.1.0/env/bin/activate && python /tools/Xilinx/Vitis/2024.2/data/embeddedsw/scripts/pyesw//build_app.py -s /mnt/Storage/SCHOOL/Capstone/bringup/ChaosCore-FPGA/RV32RocketFPGAConfig/RV32Rocket/platform/zynqmp_fsbl -b /mnt/Storage/SCHOOL/Capstone/bringup/ChaosCore-FPGA/RV32RocketFPGAConfig/RV32Rocket/platform/zynqmp_fsbl/build && deactivate
16:50:42 INFO  : Successfully building the baremetal application/mnt/Storage/SCHOOL/Capstone/bringup/ChaosCore-FPGA/RV32RocketFPGAConfig/RV32Rocket/platform/zynqmp_fsbl/build
16:50:42 INFO  : Generating Export directory
16:50:42 INFO  : Platform Build Finished successfully.
16:50:43 INFO  : lopper command to retarget baremetal application :python /tools/Xilinx/Vitis/2024.2/data/embeddedsw/scripts/pyesw//retarget_app.py -s /mnt/Storage/SCHOOL/Capstone/bringup/ChaosCore-FPGA/RV32RocketFPGAConfig/RV32Rocket/hello_world/src -d /mnt/Storage/SCHOOL/Capstone/bringup/ChaosCore-FPGA/RV32RocketFPGAConfig/RV32Rocket/platform/export/platform/sw/standalone_psu_cortexa53_0 -b /mnt/Storage/SCHOOL/Capstone/bringup/ChaosCore-FPGA/RV32RocketFPGAConfig/RV32Rocket/hello_world/build
16:50:43 INFO  : bash, -c, source /tools/Xilinx/Vitis/2024.2/tps/lnx64/lopper-1.1.0/env/bin/activate && python /tools/Xilinx/Vitis/2024.2/data/embeddedsw/scripts/pyesw//retarget_app.py -s /mnt/Storage/SCHOOL/Capstone/bringup/ChaosCore-FPGA/RV32RocketFPGAConfig/RV32Rocket/hello_world/src -d /mnt/Storage/SCHOOL/Capstone/bringup/ChaosCore-FPGA/RV32RocketFPGAConfig/RV32Rocket/platform/export/platform/sw/standalone_psu_cortexa53_0 -b /mnt/Storage/SCHOOL/Capstone/bringup/ChaosCore-FPGA/RV32RocketFPGAConfig/RV32Rocket/hello_world/build && deactivate
16:50:43 INFO  : Successfully retargeted Application /mnt/Storage/SCHOOL/Capstone/bringup/ChaosCore-FPGA/RV32RocketFPGAConfig/RV32Rocket/hello_world/src
16:50:43 INFO  : bash, -c, source /tools/Xilinx/Vitis/2024.2/tps/lnx64/lopper-1.1.0/env/bin/activate && python /tools/Xilinx/Vitis/2024.2/data/embeddedsw/scripts/pyesw//build_app.py -s /mnt/Storage/SCHOOL/Capstone/bringup/ChaosCore-FPGA/RV32RocketFPGAConfig/RV32Rocket/hello_world/src -b /mnt/Storage/SCHOOL/Capstone/bringup/ChaosCore-FPGA/RV32RocketFPGAConfig/RV32Rocket/hello_world/build && deactivate
16:50:57 INFO  : connect -url tcp:127.0.0.1:3121
16:51:03 INFO  : bpremove -all
16:51:03 INFO  : source /tools/Xilinx/Vitis/2024.2/scripts/vitis/util/zynqmp_utils.tcl
16:51:03 INFO  : Context for 'APU' is selected.
16:51:03 INFO  : System reset is completed.
16:51:06 INFO  : 'after 3000' command is executed.
16:51:06 INFO  : 'targets -set -filter {jtag_cable_name =~ "Avnet USB-to-JTAG/UART Pod V1 1234-oj1A" && level==0 && jtag_device_ctx=="jsn-USB-to-JTAG/UART Pod V1-1234-oj1A-14710093-0"}' command is executed.
16:51:10 INFO  : Device configured successfully with "/mnt/Storage/SCHOOL/Capstone/bringup/ChaosCore-FPGA/RV32RocketFPGAConfig/RV32Rocket/hello_world/_ide/bitstream/BD_wrapper.bit"
16:51:10 INFO  : targets -set -nocase -filter {name =~"PSU*"}
16:51:10 INFO  : catch {disable_pmu_gate}
16:51:10 INFO  : targets -set -nocase -filter {name =~"APU*"}
16:51:10 INFO  : loadhw -hw /mnt/Storage/SCHOOL/Capstone/bringup/ChaosCore-FPGA/RV32RocketFPGAConfig/RV32Rocket/platform/export/platform/hw/BD_wrapper.xsa -mem-ranges [list {0x80000000 0xbfffffff} {0x400000000 0x5ffffffff} {0x1000000000 0x7fffffffff}]
16:51:10 INFO  : configparams force-mem-access 1
16:51:10 INFO  : targets -set -nocase -filter {name =~"APU*"}
16:51:10 INFO  : source /tools/Xilinx/Vitis/2024.2/vitis-server/scripts/jtag_reg.tcl
16:51:10 INFO  : Boot mode is read from the target.
16:51:10 INFO  : targets -set -nocase -filter {name =~ "*A53*#0"}
16:51:10 INFO  : rst -processor
16:51:11 INFO  : dow /mnt/Storage/SCHOOL/Capstone/bringup/ChaosCore-FPGA/RV32RocketFPGAConfig/RV32Rocket/platform/export/platform/sw/boot/fsbl.elf
16:51:11 INFO  : set bp_51_11_fsbl_bp [bpadd -addr &XFsbl_Exit]
16:51:12 INFO  : con -block -timeout 60
16:51:12 INFO  : bpremove $bp_51_11_fsbl_bp
16:51:12 INFO  : targets -set -nocase -filter {name =~ "*A53*#0"}
16:51:12 INFO  : rst -processor
16:51:12 INFO  : dow /mnt/Storage/SCHOOL/Capstone/bringup/ChaosCore-FPGA/RV32RocketFPGAConfig/RV32Rocket/hello_world/build/hello_world.elf
16:51:12 INFO  : con
16:51:12 INFO  : configparams force-mem-access 0
16:51:13 INFO  : Testing the connection for 127.0.0.1
17:01:25 INFO  : BSP build will be initiated for Domain zynqmp_fsbl
17:01:25 INFO  : Generating BSP for the domain /mnt/Storage/SCHOOL/Capstone/bringup/ChaosCore-FPGA/RV32RocketFPGAConfig/RV32Rocket/platform/zynqmp_fsbl/zynqmp_fsbl_bsp
17:01:25 INFO  : BSP build will be initiated for Domain standalone_psu_cortexa53_0
17:01:25 INFO  : lopper command to reconfigure BSP :python /tools/Xilinx/Vitis/2024.2/data/embeddedsw/scripts/pyesw//reconfig_bsp.py -d /mnt/Storage/SCHOOL/Capstone/bringup/ChaosCore-FPGA/RV32RocketFPGAConfig/RV32Rocket/platform/zynqmp_fsbl/zynqmp_fsbl_bsp
17:01:25 INFO  : Generating BSP for the domain /mnt/Storage/SCHOOL/Capstone/bringup/ChaosCore-FPGA/RV32RocketFPGAConfig/RV32Rocket/platform/psu_cortexa53_0/standalone_psu_cortexa53_0/bsp
17:01:25 INFO  : lopper command to reconfigure BSP :python /tools/Xilinx/Vitis/2024.2/data/embeddedsw/scripts/pyesw//reconfig_bsp.py -d /mnt/Storage/SCHOOL/Capstone/bringup/ChaosCore-FPGA/RV32RocketFPGAConfig/RV32Rocket/platform/psu_cortexa53_0/standalone_psu_cortexa53_0/bsp
17:01:25 INFO  : bash, -c, source /tools/Xilinx/Vitis/2024.2/tps/lnx64/lopper-1.1.0/env/bin/activate && python /tools/Xilinx/Vitis/2024.2/data/embeddedsw/scripts/pyesw//reconfig_bsp.py -d /mnt/Storage/SCHOOL/Capstone/bringup/ChaosCore-FPGA/RV32RocketFPGAConfig/RV32Rocket/platform/zynqmp_fsbl/zynqmp_fsbl_bsp && deactivate
17:01:25 INFO  : bash, -c, source /tools/Xilinx/Vitis/2024.2/tps/lnx64/lopper-1.1.0/env/bin/activate && python /tools/Xilinx/Vitis/2024.2/data/embeddedsw/scripts/pyesw//reconfig_bsp.py -d /mnt/Storage/SCHOOL/Capstone/bringup/ChaosCore-FPGA/RV32RocketFPGAConfig/RV32Rocket/platform/psu_cortexa53_0/standalone_psu_cortexa53_0/bsp && deactivate
17:01:25 INFO  : Domain reconfigured successfully
17:01:25 INFO  : Generating BSP for the domain /mnt/Storage/SCHOOL/Capstone/bringup/ChaosCore-FPGA/RV32RocketFPGAConfig/RV32Rocket/platform/psu_cortexa53_0/standalone_psu_cortexa53_0/bsp
17:01:25 INFO  : lopper command to build BSP :python /tools/Xilinx/Vitis/2024.2/data/embeddedsw/scripts/pyesw//build_bsp.py -d /mnt/Storage/SCHOOL/Capstone/bringup/ChaosCore-FPGA/RV32RocketFPGAConfig/RV32Rocket/platform/psu_cortexa53_0/standalone_psu_cortexa53_0/bsp
17:01:25 INFO  : bash, -c, source /tools/Xilinx/Vitis/2024.2/tps/lnx64/lopper-1.1.0/env/bin/activate && python /tools/Xilinx/Vitis/2024.2/data/embeddedsw/scripts/pyesw//build_bsp.py -d /mnt/Storage/SCHOOL/Capstone/bringup/ChaosCore-FPGA/RV32RocketFPGAConfig/RV32Rocket/platform/psu_cortexa53_0/standalone_psu_cortexa53_0/bsp && deactivate
17:01:25 INFO  : Domain reconfigured successfully
17:01:25 INFO  : Generating BSP for the domain /mnt/Storage/SCHOOL/Capstone/bringup/ChaosCore-FPGA/RV32RocketFPGAConfig/RV32Rocket/platform/zynqmp_fsbl/zynqmp_fsbl_bsp
17:01:25 INFO  : lopper command to build BSP :python /tools/Xilinx/Vitis/2024.2/data/embeddedsw/scripts/pyesw//build_bsp.py -d /mnt/Storage/SCHOOL/Capstone/bringup/ChaosCore-FPGA/RV32RocketFPGAConfig/RV32Rocket/platform/zynqmp_fsbl/zynqmp_fsbl_bsp
17:01:25 INFO  : bash, -c, source /tools/Xilinx/Vitis/2024.2/tps/lnx64/lopper-1.1.0/env/bin/activate && python /tools/Xilinx/Vitis/2024.2/data/embeddedsw/scripts/pyesw//build_bsp.py -d /mnt/Storage/SCHOOL/Capstone/bringup/ChaosCore-FPGA/RV32RocketFPGAConfig/RV32Rocket/platform/zynqmp_fsbl/zynqmp_fsbl_bsp && deactivate
17:01:25 INFO  : Domain build successfully
17:01:26 INFO  : Domain build successfully
17:01:26 INFO  : Generating Boot ELFs
17:01:26 INFO  : lopper command to retarget baremetal application :python /tools/Xilinx/Vitis/2024.2/data/embeddedsw/scripts/pyesw//retarget_app.py -s /mnt/Storage/SCHOOL/Capstone/bringup/ChaosCore-FPGA/RV32RocketFPGAConfig/RV32Rocket/platform/zynqmp_fsbl -d /mnt/Storage/SCHOOL/Capstone/bringup/ChaosCore-FPGA/RV32RocketFPGAConfig/RV32Rocket/platform/zynqmp_fsbl/zynqmp_fsbl_bsp -b /mnt/Storage/SCHOOL/Capstone/bringup/ChaosCore-FPGA/RV32RocketFPGAConfig/RV32Rocket/platform/zynqmp_fsbl/build
17:01:26 INFO  : bash, -c, source /tools/Xilinx/Vitis/2024.2/tps/lnx64/lopper-1.1.0/env/bin/activate && python /tools/Xilinx/Vitis/2024.2/data/embeddedsw/scripts/pyesw//retarget_app.py -s /mnt/Storage/SCHOOL/Capstone/bringup/ChaosCore-FPGA/RV32RocketFPGAConfig/RV32Rocket/platform/zynqmp_fsbl -d /mnt/Storage/SCHOOL/Capstone/bringup/ChaosCore-FPGA/RV32RocketFPGAConfig/RV32Rocket/platform/zynqmp_fsbl/zynqmp_fsbl_bsp -b /mnt/Storage/SCHOOL/Capstone/bringup/ChaosCore-FPGA/RV32RocketFPGAConfig/RV32Rocket/platform/zynqmp_fsbl/build && deactivate
17:01:26 INFO  : Successfully retargeted Application /mnt/Storage/SCHOOL/Capstone/bringup/ChaosCore-FPGA/RV32RocketFPGAConfig/RV32Rocket/platform/zynqmp_fsbl
17:01:26 INFO  : lopper command to build baremetal application :python /tools/Xilinx/Vitis/2024.2/data/embeddedsw/scripts/pyesw//build_app.py -s /mnt/Storage/SCHOOL/Capstone/bringup/ChaosCore-FPGA/RV32RocketFPGAConfig/RV32Rocket/platform/zynqmp_fsbl -b /mnt/Storage/SCHOOL/Capstone/bringup/ChaosCore-FPGA/RV32RocketFPGAConfig/RV32Rocket/platform/zynqmp_fsbl/build
17:01:26 INFO  : bash, -c, source /tools/Xilinx/Vitis/2024.2/tps/lnx64/lopper-1.1.0/env/bin/activate && python /tools/Xilinx/Vitis/2024.2/data/embeddedsw/scripts/pyesw//build_app.py -s /mnt/Storage/SCHOOL/Capstone/bringup/ChaosCore-FPGA/RV32RocketFPGAConfig/RV32Rocket/platform/zynqmp_fsbl -b /mnt/Storage/SCHOOL/Capstone/bringup/ChaosCore-FPGA/RV32RocketFPGAConfig/RV32Rocket/platform/zynqmp_fsbl/build && deactivate
17:01:27 INFO  : connect -url tcp:127.0.0.1:3121
17:01:27 INFO  : Found no platform with name 'platform' in install repositories
17:01:27 INFO  : Found no platform with name 'platform' in install repositories
17:01:27 INFO  : Found no platform with name 'platform' in install repositories
17:01:27 ERROR : Failed to initialize the hardware null
17:01:29 INFO  : Successfully building the baremetal application/mnt/Storage/SCHOOL/Capstone/bringup/ChaosCore-FPGA/RV32RocketFPGAConfig/RV32Rocket/platform/zynqmp_fsbl/build
17:01:29 INFO  : Generating Export directory
17:01:30 INFO  : Platform Build Finished successfully.
17:01:30 INFO  : lopper command to retarget baremetal application :python /tools/Xilinx/Vitis/2024.2/data/embeddedsw/scripts/pyesw//retarget_app.py -s /mnt/Storage/SCHOOL/Capstone/bringup/ChaosCore-FPGA/RV32RocketFPGAConfig/RV32Rocket/hello_world/src -d /mnt/Storage/SCHOOL/Capstone/bringup/ChaosCore-FPGA/RV32RocketFPGAConfig/RV32Rocket/platform/export/platform/sw/standalone_psu_cortexa53_0 -b /mnt/Storage/SCHOOL/Capstone/bringup/ChaosCore-FPGA/RV32RocketFPGAConfig/RV32Rocket/hello_world/build
17:01:30 INFO  : bash, -c, source /tools/Xilinx/Vitis/2024.2/tps/lnx64/lopper-1.1.0/env/bin/activate && python /tools/Xilinx/Vitis/2024.2/data/embeddedsw/scripts/pyesw//retarget_app.py -s /mnt/Storage/SCHOOL/Capstone/bringup/ChaosCore-FPGA/RV32RocketFPGAConfig/RV32Rocket/hello_world/src -d /mnt/Storage/SCHOOL/Capstone/bringup/ChaosCore-FPGA/RV32RocketFPGAConfig/RV32Rocket/platform/export/platform/sw/standalone_psu_cortexa53_0 -b /mnt/Storage/SCHOOL/Capstone/bringup/ChaosCore-FPGA/RV32RocketFPGAConfig/RV32Rocket/hello_world/build && deactivate
17:01:30 INFO  : Successfully retargeted Application /mnt/Storage/SCHOOL/Capstone/bringup/ChaosCore-FPGA/RV32RocketFPGAConfig/RV32Rocket/hello_world/src
17:01:30 INFO  : bash, -c, source /tools/Xilinx/Vitis/2024.2/tps/lnx64/lopper-1.1.0/env/bin/activate && python /tools/Xilinx/Vitis/2024.2/data/embeddedsw/scripts/pyesw//build_app.py -s /mnt/Storage/SCHOOL/Capstone/bringup/ChaosCore-FPGA/RV32RocketFPGAConfig/RV32Rocket/hello_world/src -b /mnt/Storage/SCHOOL/Capstone/bringup/ChaosCore-FPGA/RV32RocketFPGAConfig/RV32Rocket/hello_world/build && deactivate
17:01:33 INFO  : connect -url tcp:127.0.0.1:3121
17:01:33 INFO  : bpremove -all
17:01:33 INFO  : source /tools/Xilinx/Vitis/2024.2/scripts/vitis/util/zynqmp_utils.tcl
17:01:33 INFO  : Context for 'APU' is selected.
17:01:33 INFO  : System reset is completed.
17:01:33 INFO  : disconnect
17:01:36 INFO  : 'after 3000' command is executed.
17:01:36 ERROR : Failed to initialize the hardware Invalid target. Use "connect" command to connect to hw_server/TCF agent
17:01:41 INFO  : connect -url tcp:127.0.0.1:3121
17:01:41 INFO  : bpremove -all
17:01:41 INFO  : source /tools/Xilinx/Vitis/2024.2/scripts/vitis/util/zynqmp_utils.tcl
17:01:41 INFO  : Context for 'APU' is selected.
17:01:42 INFO  : System reset is completed.
17:01:45 INFO  : 'after 3000' command is executed.
17:01:45 INFO  : 'targets -set -filter {jtag_cable_name =~ "Avnet USB-to-JTAG/UART Pod V1 1234-oj1A" && level==0 && jtag_device_ctx=="jsn-USB-to-JTAG/UART Pod V1-1234-oj1A-14710093-0"}' command is executed.
17:01:48 INFO  : Device configured successfully with "/mnt/Storage/SCHOOL/Capstone/bringup/ChaosCore-FPGA/RV32RocketFPGAConfig/RV32Rocket/hello_world/_ide/bitstream/BD_wrapper.bit"
17:01:48 INFO  : targets -set -nocase -filter {name =~"PSU*"}
17:01:48 INFO  : catch {disable_pmu_gate}
17:01:48 INFO  : targets -set -nocase -filter {name =~"APU*"}
17:01:48 INFO  : loadhw -hw /mnt/Storage/SCHOOL/Capstone/bringup/ChaosCore-FPGA/RV32RocketFPGAConfig/RV32Rocket/platform/export/platform/hw/BD_wrapper.xsa -mem-ranges [list {0x80000000 0xbfffffff} {0x400000000 0x5ffffffff} {0x1000000000 0x7fffffffff}]
17:01:48 INFO  : configparams force-mem-access 1
17:01:48 INFO  : targets -set -nocase -filter {name =~"APU*"}
17:01:48 INFO  : source /tools/Xilinx/Vitis/2024.2/vitis-server/scripts/jtag_reg.tcl
17:01:48 INFO  : Boot mode is read from the target.
17:01:48 INFO  : targets -set -nocase -filter {name =~ "*A53*#0"}
17:01:48 INFO  : rst -processor
17:01:49 INFO  : dow /mnt/Storage/SCHOOL/Capstone/bringup/ChaosCore-FPGA/RV32RocketFPGAConfig/RV32Rocket/platform/export/platform/sw/boot/fsbl.elf
17:01:49 INFO  : set bp_1_49_fsbl_bp [bpadd -addr &XFsbl_Exit]
17:01:50 INFO  : con -block -timeout 60
17:01:50 INFO  : bpremove $bp_1_49_fsbl_bp
17:01:50 INFO  : targets -set -nocase -filter {name =~ "*A53*#0"}
17:01:50 INFO  : rst -processor
17:01:50 INFO  : dow /mnt/Storage/SCHOOL/Capstone/bringup/ChaosCore-FPGA/RV32RocketFPGAConfig/RV32Rocket/hello_world/build/hello_world.elf
17:01:50 INFO  : con
17:01:50 INFO  : configparams force-mem-access 0
17:01:51 INFO  : Testing the connection for 127.0.0.1
17:02:32 ERROR : Error in generating platform.Error in deleting existing Platform contents.
17:02:32 ERROR : Error in generating platform.Error in deleting existing Platform contents.
17:02:33 INFO  : Found no platform with name 'platform' in install repositories
17:02:37 ERROR : Error in generating platform.Error in deleting existing Platform contents.
17:02:37 ERROR : Error in generating platform.Error in deleting existing Platform contents.
17:02:37 INFO  : Found no platform with name 'platform' in install repositories
17:02:38 ERROR : Error in generating platform.Error in deleting existing Platform contents.
17:02:38 ERROR : Error in generating platform.Error in deleting existing Platform contents.
17:02:38 INFO  : Found no platform with name 'platform' in install repositories
17:02:54 INFO  : BSP build will be initiated for Domain zynqmp_fsbl
17:02:54 INFO  : Generating BSP for the domain /mnt/Storage/SCHOOL/Capstone/bringup/ChaosCore-FPGA/RV32RocketFPGAConfig/RV32Rocket/platform/zynqmp_fsbl/zynqmp_fsbl_bsp
17:02:54 INFO  : lopper command to reconfigure BSP :python /tools/Xilinx/Vitis/2024.2/data/embeddedsw/scripts/pyesw//reconfig_bsp.py -d /mnt/Storage/SCHOOL/Capstone/bringup/ChaosCore-FPGA/RV32RocketFPGAConfig/RV32Rocket/platform/zynqmp_fsbl/zynqmp_fsbl_bsp
17:02:54 INFO  : BSP build will be initiated for Domain standalone_psu_cortexa53_0
17:02:54 INFO  : Generating BSP for the domain /mnt/Storage/SCHOOL/Capstone/bringup/ChaosCore-FPGA/RV32RocketFPGAConfig/RV32Rocket/platform/psu_cortexa53_0/standalone_psu_cortexa53_0/bsp
17:02:54 INFO  : lopper command to reconfigure BSP :python /tools/Xilinx/Vitis/2024.2/data/embeddedsw/scripts/pyesw//reconfig_bsp.py -d /mnt/Storage/SCHOOL/Capstone/bringup/ChaosCore-FPGA/RV32RocketFPGAConfig/RV32Rocket/platform/psu_cortexa53_0/standalone_psu_cortexa53_0/bsp
17:02:54 INFO  : bash, -c, source /tools/Xilinx/Vitis/2024.2/tps/lnx64/lopper-1.1.0/env/bin/activate && python /tools/Xilinx/Vitis/2024.2/data/embeddedsw/scripts/pyesw//reconfig_bsp.py -d /mnt/Storage/SCHOOL/Capstone/bringup/ChaosCore-FPGA/RV32RocketFPGAConfig/RV32Rocket/platform/zynqmp_fsbl/zynqmp_fsbl_bsp && deactivate
17:02:54 INFO  : bash, -c, source /tools/Xilinx/Vitis/2024.2/tps/lnx64/lopper-1.1.0/env/bin/activate && python /tools/Xilinx/Vitis/2024.2/data/embeddedsw/scripts/pyesw//reconfig_bsp.py -d /mnt/Storage/SCHOOL/Capstone/bringup/ChaosCore-FPGA/RV32RocketFPGAConfig/RV32Rocket/platform/psu_cortexa53_0/standalone_psu_cortexa53_0/bsp && deactivate
17:02:55 INFO  : Domain reconfigured successfully
17:02:55 INFO  : Generating BSP for the domain /mnt/Storage/SCHOOL/Capstone/bringup/ChaosCore-FPGA/RV32RocketFPGAConfig/RV32Rocket/platform/psu_cortexa53_0/standalone_psu_cortexa53_0/bsp
17:02:55 INFO  : lopper command to build BSP :python /tools/Xilinx/Vitis/2024.2/data/embeddedsw/scripts/pyesw//build_bsp.py -d /mnt/Storage/SCHOOL/Capstone/bringup/ChaosCore-FPGA/RV32RocketFPGAConfig/RV32Rocket/platform/psu_cortexa53_0/standalone_psu_cortexa53_0/bsp
17:02:55 INFO  : bash, -c, source /tools/Xilinx/Vitis/2024.2/tps/lnx64/lopper-1.1.0/env/bin/activate && python /tools/Xilinx/Vitis/2024.2/data/embeddedsw/scripts/pyesw//build_bsp.py -d /mnt/Storage/SCHOOL/Capstone/bringup/ChaosCore-FPGA/RV32RocketFPGAConfig/RV32Rocket/platform/psu_cortexa53_0/standalone_psu_cortexa53_0/bsp && deactivate
17:02:55 INFO  : Domain reconfigured successfully
17:02:55 INFO  : Generating BSP for the domain /mnt/Storage/SCHOOL/Capstone/bringup/ChaosCore-FPGA/RV32RocketFPGAConfig/RV32Rocket/platform/zynqmp_fsbl/zynqmp_fsbl_bsp
17:02:55 INFO  : lopper command to build BSP :python /tools/Xilinx/Vitis/2024.2/data/embeddedsw/scripts/pyesw//build_bsp.py -d /mnt/Storage/SCHOOL/Capstone/bringup/ChaosCore-FPGA/RV32RocketFPGAConfig/RV32Rocket/platform/zynqmp_fsbl/zynqmp_fsbl_bsp
17:02:55 INFO  : bash, -c, source /tools/Xilinx/Vitis/2024.2/tps/lnx64/lopper-1.1.0/env/bin/activate && python /tools/Xilinx/Vitis/2024.2/data/embeddedsw/scripts/pyesw//build_bsp.py -d /mnt/Storage/SCHOOL/Capstone/bringup/ChaosCore-FPGA/RV32RocketFPGAConfig/RV32Rocket/platform/zynqmp_fsbl/zynqmp_fsbl_bsp && deactivate
17:02:56 INFO  : Domain build successfully
17:02:56 INFO  : Domain build successfully
17:02:56 INFO  : Generating Boot ELFs
17:02:56 INFO  : lopper command to retarget baremetal application :python /tools/Xilinx/Vitis/2024.2/data/embeddedsw/scripts/pyesw//retarget_app.py -s /mnt/Storage/SCHOOL/Capstone/bringup/ChaosCore-FPGA/RV32RocketFPGAConfig/RV32Rocket/platform/zynqmp_fsbl -d /mnt/Storage/SCHOOL/Capstone/bringup/ChaosCore-FPGA/RV32RocketFPGAConfig/RV32Rocket/platform/zynqmp_fsbl/zynqmp_fsbl_bsp -b /mnt/Storage/SCHOOL/Capstone/bringup/ChaosCore-FPGA/RV32RocketFPGAConfig/RV32Rocket/platform/zynqmp_fsbl/build
17:02:56 INFO  : bash, -c, source /tools/Xilinx/Vitis/2024.2/tps/lnx64/lopper-1.1.0/env/bin/activate && python /tools/Xilinx/Vitis/2024.2/data/embeddedsw/scripts/pyesw//retarget_app.py -s /mnt/Storage/SCHOOL/Capstone/bringup/ChaosCore-FPGA/RV32RocketFPGAConfig/RV32Rocket/platform/zynqmp_fsbl -d /mnt/Storage/SCHOOL/Capstone/bringup/ChaosCore-FPGA/RV32RocketFPGAConfig/RV32Rocket/platform/zynqmp_fsbl/zynqmp_fsbl_bsp -b /mnt/Storage/SCHOOL/Capstone/bringup/ChaosCore-FPGA/RV32RocketFPGAConfig/RV32Rocket/platform/zynqmp_fsbl/build && deactivate
17:02:57 INFO  : Successfully retargeted Application /mnt/Storage/SCHOOL/Capstone/bringup/ChaosCore-FPGA/RV32RocketFPGAConfig/RV32Rocket/platform/zynqmp_fsbl
17:02:57 INFO  : lopper command to build baremetal application :python /tools/Xilinx/Vitis/2024.2/data/embeddedsw/scripts/pyesw//build_app.py -s /mnt/Storage/SCHOOL/Capstone/bringup/ChaosCore-FPGA/RV32RocketFPGAConfig/RV32Rocket/platform/zynqmp_fsbl -b /mnt/Storage/SCHOOL/Capstone/bringup/ChaosCore-FPGA/RV32RocketFPGAConfig/RV32Rocket/platform/zynqmp_fsbl/build
17:02:57 INFO  : bash, -c, source /tools/Xilinx/Vitis/2024.2/tps/lnx64/lopper-1.1.0/env/bin/activate && python /tools/Xilinx/Vitis/2024.2/data/embeddedsw/scripts/pyesw//build_app.py -s /mnt/Storage/SCHOOL/Capstone/bringup/ChaosCore-FPGA/RV32RocketFPGAConfig/RV32Rocket/platform/zynqmp_fsbl -b /mnt/Storage/SCHOOL/Capstone/bringup/ChaosCore-FPGA/RV32RocketFPGAConfig/RV32Rocket/platform/zynqmp_fsbl/build && deactivate
17:02:59 INFO  : Successfully building the baremetal application/mnt/Storage/SCHOOL/Capstone/bringup/ChaosCore-FPGA/RV32RocketFPGAConfig/RV32Rocket/platform/zynqmp_fsbl/build
17:02:59 INFO  : Generating Export directory
17:03:00 INFO  : Platform Build Finished successfully.
17:03:00 INFO  : lopper command to retarget baremetal application :python /tools/Xilinx/Vitis/2024.2/data/embeddedsw/scripts/pyesw//retarget_app.py -s /mnt/Storage/SCHOOL/Capstone/bringup/ChaosCore-FPGA/RV32RocketFPGAConfig/RV32Rocket/hello_world/src -d /mnt/Storage/SCHOOL/Capstone/bringup/ChaosCore-FPGA/RV32RocketFPGAConfig/RV32Rocket/platform/export/platform/sw/standalone_psu_cortexa53_0 -b /mnt/Storage/SCHOOL/Capstone/bringup/ChaosCore-FPGA/RV32RocketFPGAConfig/RV32Rocket/hello_world/build
17:03:00 INFO  : bash, -c, source /tools/Xilinx/Vitis/2024.2/tps/lnx64/lopper-1.1.0/env/bin/activate && python /tools/Xilinx/Vitis/2024.2/data/embeddedsw/scripts/pyesw//retarget_app.py -s /mnt/Storage/SCHOOL/Capstone/bringup/ChaosCore-FPGA/RV32RocketFPGAConfig/RV32Rocket/hello_world/src -d /mnt/Storage/SCHOOL/Capstone/bringup/ChaosCore-FPGA/RV32RocketFPGAConfig/RV32Rocket/platform/export/platform/sw/standalone_psu_cortexa53_0 -b /mnt/Storage/SCHOOL/Capstone/bringup/ChaosCore-FPGA/RV32RocketFPGAConfig/RV32Rocket/hello_world/build && deactivate
17:03:00 INFO  : Successfully retargeted Application /mnt/Storage/SCHOOL/Capstone/bringup/ChaosCore-FPGA/RV32RocketFPGAConfig/RV32Rocket/hello_world/src
17:03:00 INFO  : bash, -c, source /tools/Xilinx/Vitis/2024.2/tps/lnx64/lopper-1.1.0/env/bin/activate && python /tools/Xilinx/Vitis/2024.2/data/embeddedsw/scripts/pyesw//build_app.py -s /mnt/Storage/SCHOOL/Capstone/bringup/ChaosCore-FPGA/RV32RocketFPGAConfig/RV32Rocket/hello_world/src -b /mnt/Storage/SCHOOL/Capstone/bringup/ChaosCore-FPGA/RV32RocketFPGAConfig/RV32Rocket/hello_world/build && deactivate
17:03:03 INFO  : connect -url tcp:127.0.0.1:3121
17:03:03 INFO  : bpremove -all
17:03:03 INFO  : source /tools/Xilinx/Vitis/2024.2/scripts/vitis/util/zynqmp_utils.tcl
17:03:03 INFO  : Context for 'APU' is selected.
17:03:03 INFO  : System reset is completed.
17:03:03 INFO  : disconnect
17:03:06 INFO  : 'after 3000' command is executed.
17:03:06 ERROR : Failed to initialize the hardware Invalid target. Use "connect" command to connect to hw_server/TCF agent
17:03:10 INFO  : connect -url tcp:127.0.0.1:3121
17:03:10 INFO  : bpremove -all
17:03:10 INFO  : source /tools/Xilinx/Vitis/2024.2/scripts/vitis/util/zynqmp_utils.tcl
17:03:10 INFO  : Context for 'APU' is selected.
17:03:10 INFO  : System reset is completed.
17:03:13 INFO  : 'after 3000' command is executed.
17:03:13 INFO  : 'targets -set -filter {jtag_cable_name =~ "Avnet USB-to-JTAG/UART Pod V1 1234-oj1A" && level==0 && jtag_device_ctx=="jsn-USB-to-JTAG/UART Pod V1-1234-oj1A-14710093-0"}' command is executed.
17:03:17 INFO  : Device configured successfully with "/mnt/Storage/SCHOOL/Capstone/bringup/ChaosCore-FPGA/RV32RocketFPGAConfig/RV32Rocket/hello_world/_ide/bitstream/BD_wrapper.bit"
17:03:17 INFO  : targets -set -nocase -filter {name =~"PSU*"}
17:03:17 INFO  : catch {disable_pmu_gate}
17:03:17 INFO  : targets -set -nocase -filter {name =~"APU*"}
17:03:17 INFO  : loadhw -hw /mnt/Storage/SCHOOL/Capstone/bringup/ChaosCore-FPGA/RV32RocketFPGAConfig/RV32Rocket/platform/export/platform/hw/BD_wrapper.xsa -mem-ranges [list {0x80000000 0xbfffffff} {0x400000000 0x5ffffffff} {0x1000000000 0x7fffffffff}]
17:03:17 INFO  : configparams force-mem-access 1
17:03:17 INFO  : targets -set -nocase -filter {name =~"APU*"}
17:03:17 INFO  : source /tools/Xilinx/Vitis/2024.2/vitis-server/scripts/jtag_reg.tcl
17:03:17 INFO  : Boot mode is read from the target.
17:03:17 INFO  : targets -set -nocase -filter {name =~ "*A53*#0"}
17:03:17 INFO  : rst -processor
17:03:17 INFO  : dow /mnt/Storage/SCHOOL/Capstone/bringup/ChaosCore-FPGA/RV32RocketFPGAConfig/RV32Rocket/platform/export/platform/sw/boot/fsbl.elf
17:03:17 INFO  : set bp_3_17_fsbl_bp [bpadd -addr &XFsbl_Exit]
17:03:18 INFO  : con -block -timeout 60
17:03:18 INFO  : bpremove $bp_3_17_fsbl_bp
17:03:18 INFO  : targets -set -nocase -filter {name =~ "*A53*#0"}
17:03:18 INFO  : rst -processor
17:03:19 INFO  : dow /mnt/Storage/SCHOOL/Capstone/bringup/ChaosCore-FPGA/RV32RocketFPGAConfig/RV32Rocket/hello_world/build/hello_world.elf
17:03:19 INFO  : con
17:03:19 INFO  : configparams force-mem-access 0
17:03:20 INFO  : Testing the connection for 127.0.0.1
17:05:19 INFO  : BSP build will be initiated for Domain zynqmp_fsbl
17:05:19 INFO  : BSP build will be initiated for Domain standalone_psu_cortexa53_0
17:05:19 INFO  : Generating BSP for the domain /mnt/Storage/SCHOOL/Capstone/bringup/ChaosCore-FPGA/RV32RocketFPGAConfig/RV32Rocket/platform/zynqmp_fsbl/zynqmp_fsbl_bsp
17:05:19 INFO  : Generating BSP for the domain /mnt/Storage/SCHOOL/Capstone/bringup/ChaosCore-FPGA/RV32RocketFPGAConfig/RV32Rocket/platform/psu_cortexa53_0/standalone_psu_cortexa53_0/bsp
17:05:19 INFO  : lopper command to reconfigure BSP :python /tools/Xilinx/Vitis/2024.2/data/embeddedsw/scripts/pyesw//reconfig_bsp.py -d /mnt/Storage/SCHOOL/Capstone/bringup/ChaosCore-FPGA/RV32RocketFPGAConfig/RV32Rocket/platform/zynqmp_fsbl/zynqmp_fsbl_bsp
17:05:19 INFO  : lopper command to reconfigure BSP :python /tools/Xilinx/Vitis/2024.2/data/embeddedsw/scripts/pyesw//reconfig_bsp.py -d /mnt/Storage/SCHOOL/Capstone/bringup/ChaosCore-FPGA/RV32RocketFPGAConfig/RV32Rocket/platform/psu_cortexa53_0/standalone_psu_cortexa53_0/bsp
17:05:19 INFO  : bash, -c, source /tools/Xilinx/Vitis/2024.2/tps/lnx64/lopper-1.1.0/env/bin/activate && python /tools/Xilinx/Vitis/2024.2/data/embeddedsw/scripts/pyesw//reconfig_bsp.py -d /mnt/Storage/SCHOOL/Capstone/bringup/ChaosCore-FPGA/RV32RocketFPGAConfig/RV32Rocket/platform/zynqmp_fsbl/zynqmp_fsbl_bsp && deactivate
17:05:19 INFO  : bash, -c, source /tools/Xilinx/Vitis/2024.2/tps/lnx64/lopper-1.1.0/env/bin/activate && python /tools/Xilinx/Vitis/2024.2/data/embeddedsw/scripts/pyesw//reconfig_bsp.py -d /mnt/Storage/SCHOOL/Capstone/bringup/ChaosCore-FPGA/RV32RocketFPGAConfig/RV32Rocket/platform/psu_cortexa53_0/standalone_psu_cortexa53_0/bsp && deactivate
17:05:19 INFO  : Domain reconfigured successfully
17:05:19 INFO  : Generating BSP for the domain /mnt/Storage/SCHOOL/Capstone/bringup/ChaosCore-FPGA/RV32RocketFPGAConfig/RV32Rocket/platform/psu_cortexa53_0/standalone_psu_cortexa53_0/bsp
17:05:19 INFO  : lopper command to build BSP :python /tools/Xilinx/Vitis/2024.2/data/embeddedsw/scripts/pyesw//build_bsp.py -d /mnt/Storage/SCHOOL/Capstone/bringup/ChaosCore-FPGA/RV32RocketFPGAConfig/RV32Rocket/platform/psu_cortexa53_0/standalone_psu_cortexa53_0/bsp
17:05:19 INFO  : bash, -c, source /tools/Xilinx/Vitis/2024.2/tps/lnx64/lopper-1.1.0/env/bin/activate && python /tools/Xilinx/Vitis/2024.2/data/embeddedsw/scripts/pyesw//build_bsp.py -d /mnt/Storage/SCHOOL/Capstone/bringup/ChaosCore-FPGA/RV32RocketFPGAConfig/RV32Rocket/platform/psu_cortexa53_0/standalone_psu_cortexa53_0/bsp && deactivate
17:05:19 INFO  : Domain reconfigured successfully
17:05:19 INFO  : Generating BSP for the domain /mnt/Storage/SCHOOL/Capstone/bringup/ChaosCore-FPGA/RV32RocketFPGAConfig/RV32Rocket/platform/zynqmp_fsbl/zynqmp_fsbl_bsp
17:05:19 INFO  : lopper command to build BSP :python /tools/Xilinx/Vitis/2024.2/data/embeddedsw/scripts/pyesw//build_bsp.py -d /mnt/Storage/SCHOOL/Capstone/bringup/ChaosCore-FPGA/RV32RocketFPGAConfig/RV32Rocket/platform/zynqmp_fsbl/zynqmp_fsbl_bsp
17:05:19 INFO  : bash, -c, source /tools/Xilinx/Vitis/2024.2/tps/lnx64/lopper-1.1.0/env/bin/activate && python /tools/Xilinx/Vitis/2024.2/data/embeddedsw/scripts/pyesw//build_bsp.py -d /mnt/Storage/SCHOOL/Capstone/bringup/ChaosCore-FPGA/RV32RocketFPGAConfig/RV32Rocket/platform/zynqmp_fsbl/zynqmp_fsbl_bsp && deactivate
17:05:20 INFO  : Domain build successfully
17:05:20 INFO  : Domain build successfully
17:05:20 INFO  : Generating Boot ELFs
17:05:20 INFO  : lopper command to retarget baremetal application :python /tools/Xilinx/Vitis/2024.2/data/embeddedsw/scripts/pyesw//retarget_app.py -s /mnt/Storage/SCHOOL/Capstone/bringup/ChaosCore-FPGA/RV32RocketFPGAConfig/RV32Rocket/platform/zynqmp_fsbl -d /mnt/Storage/SCHOOL/Capstone/bringup/ChaosCore-FPGA/RV32RocketFPGAConfig/RV32Rocket/platform/zynqmp_fsbl/zynqmp_fsbl_bsp -b /mnt/Storage/SCHOOL/Capstone/bringup/ChaosCore-FPGA/RV32RocketFPGAConfig/RV32Rocket/platform/zynqmp_fsbl/build
17:05:20 INFO  : bash, -c, source /tools/Xilinx/Vitis/2024.2/tps/lnx64/lopper-1.1.0/env/bin/activate && python /tools/Xilinx/Vitis/2024.2/data/embeddedsw/scripts/pyesw//retarget_app.py -s /mnt/Storage/SCHOOL/Capstone/bringup/ChaosCore-FPGA/RV32RocketFPGAConfig/RV32Rocket/platform/zynqmp_fsbl -d /mnt/Storage/SCHOOL/Capstone/bringup/ChaosCore-FPGA/RV32RocketFPGAConfig/RV32Rocket/platform/zynqmp_fsbl/zynqmp_fsbl_bsp -b /mnt/Storage/SCHOOL/Capstone/bringup/ChaosCore-FPGA/RV32RocketFPGAConfig/RV32Rocket/platform/zynqmp_fsbl/build && deactivate
17:05:20 INFO  : Successfully retargeted Application /mnt/Storage/SCHOOL/Capstone/bringup/ChaosCore-FPGA/RV32RocketFPGAConfig/RV32Rocket/platform/zynqmp_fsbl
17:05:20 INFO  : lopper command to build baremetal application :python /tools/Xilinx/Vitis/2024.2/data/embeddedsw/scripts/pyesw//build_app.py -s /mnt/Storage/SCHOOL/Capstone/bringup/ChaosCore-FPGA/RV32RocketFPGAConfig/RV32Rocket/platform/zynqmp_fsbl -b /mnt/Storage/SCHOOL/Capstone/bringup/ChaosCore-FPGA/RV32RocketFPGAConfig/RV32Rocket/platform/zynqmp_fsbl/build
17:05:20 INFO  : bash, -c, source /tools/Xilinx/Vitis/2024.2/tps/lnx64/lopper-1.1.0/env/bin/activate && python /tools/Xilinx/Vitis/2024.2/data/embeddedsw/scripts/pyesw//build_app.py -s /mnt/Storage/SCHOOL/Capstone/bringup/ChaosCore-FPGA/RV32RocketFPGAConfig/RV32Rocket/platform/zynqmp_fsbl -b /mnt/Storage/SCHOOL/Capstone/bringup/ChaosCore-FPGA/RV32RocketFPGAConfig/RV32Rocket/platform/zynqmp_fsbl/build && deactivate
17:05:21 INFO  : connect -url tcp:127.0.0.1:3121
17:05:21 INFO  : Found no platform with name 'platform' in install repositories
17:05:21 INFO  : Found no platform with name 'platform' in install repositories
17:05:21 INFO  : Found no platform with name 'platform' in install repositories
17:05:21 ERROR : Failed to initialize the hardware null
17:05:23 INFO  : Successfully building the baremetal application/mnt/Storage/SCHOOL/Capstone/bringup/ChaosCore-FPGA/RV32RocketFPGAConfig/RV32Rocket/platform/zynqmp_fsbl/build
17:05:23 INFO  : Generating Export directory
17:05:24 INFO  : Platform Build Finished successfully.
17:05:24 INFO  : lopper command to retarget baremetal application :python /tools/Xilinx/Vitis/2024.2/data/embeddedsw/scripts/pyesw//retarget_app.py -s /mnt/Storage/SCHOOL/Capstone/bringup/ChaosCore-FPGA/RV32RocketFPGAConfig/RV32Rocket/hello_world/src -d /mnt/Storage/SCHOOL/Capstone/bringup/ChaosCore-FPGA/RV32RocketFPGAConfig/RV32Rocket/platform/export/platform/sw/standalone_psu_cortexa53_0 -b /mnt/Storage/SCHOOL/Capstone/bringup/ChaosCore-FPGA/RV32RocketFPGAConfig/RV32Rocket/hello_world/build
17:05:24 INFO  : bash, -c, source /tools/Xilinx/Vitis/2024.2/tps/lnx64/lopper-1.1.0/env/bin/activate && python /tools/Xilinx/Vitis/2024.2/data/embeddedsw/scripts/pyesw//retarget_app.py -s /mnt/Storage/SCHOOL/Capstone/bringup/ChaosCore-FPGA/RV32RocketFPGAConfig/RV32Rocket/hello_world/src -d /mnt/Storage/SCHOOL/Capstone/bringup/ChaosCore-FPGA/RV32RocketFPGAConfig/RV32Rocket/platform/export/platform/sw/standalone_psu_cortexa53_0 -b /mnt/Storage/SCHOOL/Capstone/bringup/ChaosCore-FPGA/RV32RocketFPGAConfig/RV32Rocket/hello_world/build && deactivate
17:05:24 INFO  : Successfully retargeted Application /mnt/Storage/SCHOOL/Capstone/bringup/ChaosCore-FPGA/RV32RocketFPGAConfig/RV32Rocket/hello_world/src
17:05:24 INFO  : bash, -c, source /tools/Xilinx/Vitis/2024.2/tps/lnx64/lopper-1.1.0/env/bin/activate && python /tools/Xilinx/Vitis/2024.2/data/embeddedsw/scripts/pyesw//build_app.py -s /mnt/Storage/SCHOOL/Capstone/bringup/ChaosCore-FPGA/RV32RocketFPGAConfig/RV32Rocket/hello_world/src -b /mnt/Storage/SCHOOL/Capstone/bringup/ChaosCore-FPGA/RV32RocketFPGAConfig/RV32Rocket/hello_world/build && deactivate
17:05:32 INFO  : connect -url tcp:127.0.0.1:3121
17:05:32 INFO  : bpremove -all
17:05:32 INFO  : source /tools/Xilinx/Vitis/2024.2/scripts/vitis/util/zynqmp_utils.tcl
17:05:32 INFO  : Context for 'APU' is selected.
17:05:33 INFO  : System reset is completed.
17:05:33 INFO  : disconnect
17:05:36 INFO  : 'after 3000' command is executed.
17:05:36 ERROR : Failed to initialize the hardware Invalid target. Use "connect" command to connect to hw_server/TCF agent
17:05:43 INFO  : connect -url tcp:127.0.0.1:3121
17:05:43 INFO  : bpremove -all
17:05:43 INFO  : source /tools/Xilinx/Vitis/2024.2/scripts/vitis/util/zynqmp_utils.tcl
17:05:43 INFO  : Context for 'APU' is selected.
17:05:43 INFO  : System reset is completed.
17:05:46 INFO  : 'after 3000' command is executed.
17:05:46 INFO  : 'targets -set -filter {jtag_cable_name =~ "Avnet USB-to-JTAG/UART Pod V1 1234-oj1A" && level==0 && jtag_device_ctx=="jsn-USB-to-JTAG/UART Pod V1-1234-oj1A-14710093-0"}' command is executed.
17:05:49 INFO  : Device configured successfully with "/mnt/Storage/SCHOOL/Capstone/bringup/ChaosCore-FPGA/RV32RocketFPGAConfig/RV32Rocket/hello_world/_ide/bitstream/BD_wrapper.bit"
17:05:49 INFO  : targets -set -nocase -filter {name =~"PSU*"}
17:05:49 INFO  : catch {disable_pmu_gate}
17:05:49 INFO  : targets -set -nocase -filter {name =~"APU*"}
17:05:50 INFO  : loadhw -hw /mnt/Storage/SCHOOL/Capstone/bringup/ChaosCore-FPGA/RV32RocketFPGAConfig/RV32Rocket/platform/export/platform/hw/BD_wrapper.xsa -mem-ranges [list {0x80000000 0xbfffffff} {0x400000000 0x5ffffffff} {0x1000000000 0x7fffffffff}]
17:05:50 INFO  : configparams force-mem-access 1
17:05:50 INFO  : targets -set -nocase -filter {name =~"APU*"}
17:05:50 INFO  : source /tools/Xilinx/Vitis/2024.2/vitis-server/scripts/jtag_reg.tcl
17:05:50 INFO  : Boot mode is read from the target.
17:05:50 INFO  : targets -set -nocase -filter {name =~ "*A53*#0"}
17:05:50 INFO  : rst -processor
17:05:50 INFO  : dow /mnt/Storage/SCHOOL/Capstone/bringup/ChaosCore-FPGA/RV32RocketFPGAConfig/RV32Rocket/platform/export/platform/sw/boot/fsbl.elf
17:05:50 INFO  : set bp_5_50_fsbl_bp [bpadd -addr &XFsbl_Exit]
17:05:51 INFO  : con -block -timeout 60
17:05:51 INFO  : bpremove $bp_5_50_fsbl_bp
17:05:51 INFO  : targets -set -nocase -filter {name =~ "*A53*#0"}
17:05:51 INFO  : rst -processor
17:05:51 INFO  : dow /mnt/Storage/SCHOOL/Capstone/bringup/ChaosCore-FPGA/RV32RocketFPGAConfig/RV32Rocket/hello_world/build/hello_world.elf
17:05:51 INFO  : con
17:05:51 INFO  : configparams force-mem-access 0
17:05:52 INFO  : Testing the connection for 127.0.0.1
17:07:49 INFO  : BSP build will be initiated for Domain zynqmp_fsbl
17:07:49 INFO  : BSP build will be initiated for Domain standalone_psu_cortexa53_0
17:07:49 INFO  : Generating BSP for the domain /mnt/Storage/SCHOOL/Capstone/bringup/ChaosCore-FPGA/RV32RocketFPGAConfig/RV32Rocket/platform/psu_cortexa53_0/standalone_psu_cortexa53_0/bsp
17:07:49 INFO  : Generating BSP for the domain /mnt/Storage/SCHOOL/Capstone/bringup/ChaosCore-FPGA/RV32RocketFPGAConfig/RV32Rocket/platform/zynqmp_fsbl/zynqmp_fsbl_bsp
17:07:49 INFO  : lopper command to reconfigure BSP :python /tools/Xilinx/Vitis/2024.2/data/embeddedsw/scripts/pyesw//reconfig_bsp.py -d /mnt/Storage/SCHOOL/Capstone/bringup/ChaosCore-FPGA/RV32RocketFPGAConfig/RV32Rocket/platform/psu_cortexa53_0/standalone_psu_cortexa53_0/bsp
17:07:49 INFO  : lopper command to reconfigure BSP :python /tools/Xilinx/Vitis/2024.2/data/embeddedsw/scripts/pyesw//reconfig_bsp.py -d /mnt/Storage/SCHOOL/Capstone/bringup/ChaosCore-FPGA/RV32RocketFPGAConfig/RV32Rocket/platform/zynqmp_fsbl/zynqmp_fsbl_bsp
17:07:49 INFO  : bash, -c, source /tools/Xilinx/Vitis/2024.2/tps/lnx64/lopper-1.1.0/env/bin/activate && python /tools/Xilinx/Vitis/2024.2/data/embeddedsw/scripts/pyesw//reconfig_bsp.py -d /mnt/Storage/SCHOOL/Capstone/bringup/ChaosCore-FPGA/RV32RocketFPGAConfig/RV32Rocket/platform/psu_cortexa53_0/standalone_psu_cortexa53_0/bsp && deactivate
17:07:49 INFO  : bash, -c, source /tools/Xilinx/Vitis/2024.2/tps/lnx64/lopper-1.1.0/env/bin/activate && python /tools/Xilinx/Vitis/2024.2/data/embeddedsw/scripts/pyesw//reconfig_bsp.py -d /mnt/Storage/SCHOOL/Capstone/bringup/ChaosCore-FPGA/RV32RocketFPGAConfig/RV32Rocket/platform/zynqmp_fsbl/zynqmp_fsbl_bsp && deactivate
17:07:50 INFO  : Domain reconfigured successfully
17:07:50 INFO  : Generating BSP for the domain /mnt/Storage/SCHOOL/Capstone/bringup/ChaosCore-FPGA/RV32RocketFPGAConfig/RV32Rocket/platform/psu_cortexa53_0/standalone_psu_cortexa53_0/bsp
17:07:50 INFO  : lopper command to build BSP :python /tools/Xilinx/Vitis/2024.2/data/embeddedsw/scripts/pyesw//build_bsp.py -d /mnt/Storage/SCHOOL/Capstone/bringup/ChaosCore-FPGA/RV32RocketFPGAConfig/RV32Rocket/platform/psu_cortexa53_0/standalone_psu_cortexa53_0/bsp
17:07:50 INFO  : bash, -c, source /tools/Xilinx/Vitis/2024.2/tps/lnx64/lopper-1.1.0/env/bin/activate && python /tools/Xilinx/Vitis/2024.2/data/embeddedsw/scripts/pyesw//build_bsp.py -d /mnt/Storage/SCHOOL/Capstone/bringup/ChaosCore-FPGA/RV32RocketFPGAConfig/RV32Rocket/platform/psu_cortexa53_0/standalone_psu_cortexa53_0/bsp && deactivate
17:07:50 INFO  : Domain reconfigured successfully
17:07:50 INFO  : Generating BSP for the domain /mnt/Storage/SCHOOL/Capstone/bringup/ChaosCore-FPGA/RV32RocketFPGAConfig/RV32Rocket/platform/zynqmp_fsbl/zynqmp_fsbl_bsp
17:07:50 INFO  : lopper command to build BSP :python /tools/Xilinx/Vitis/2024.2/data/embeddedsw/scripts/pyesw//build_bsp.py -d /mnt/Storage/SCHOOL/Capstone/bringup/ChaosCore-FPGA/RV32RocketFPGAConfig/RV32Rocket/platform/zynqmp_fsbl/zynqmp_fsbl_bsp
17:07:50 INFO  : bash, -c, source /tools/Xilinx/Vitis/2024.2/tps/lnx64/lopper-1.1.0/env/bin/activate && python /tools/Xilinx/Vitis/2024.2/data/embeddedsw/scripts/pyesw//build_bsp.py -d /mnt/Storage/SCHOOL/Capstone/bringup/ChaosCore-FPGA/RV32RocketFPGAConfig/RV32Rocket/platform/zynqmp_fsbl/zynqmp_fsbl_bsp && deactivate
17:07:51 INFO  : Domain build successfully
17:07:51 INFO  : Domain build successfully
17:07:51 INFO  : Generating Boot ELFs
17:07:51 INFO  : lopper command to retarget baremetal application :python /tools/Xilinx/Vitis/2024.2/data/embeddedsw/scripts/pyesw//retarget_app.py -s /mnt/Storage/SCHOOL/Capstone/bringup/ChaosCore-FPGA/RV32RocketFPGAConfig/RV32Rocket/platform/zynqmp_fsbl -d /mnt/Storage/SCHOOL/Capstone/bringup/ChaosCore-FPGA/RV32RocketFPGAConfig/RV32Rocket/platform/zynqmp_fsbl/zynqmp_fsbl_bsp -b /mnt/Storage/SCHOOL/Capstone/bringup/ChaosCore-FPGA/RV32RocketFPGAConfig/RV32Rocket/platform/zynqmp_fsbl/build
17:07:51 INFO  : bash, -c, source /tools/Xilinx/Vitis/2024.2/tps/lnx64/lopper-1.1.0/env/bin/activate && python /tools/Xilinx/Vitis/2024.2/data/embeddedsw/scripts/pyesw//retarget_app.py -s /mnt/Storage/SCHOOL/Capstone/bringup/ChaosCore-FPGA/RV32RocketFPGAConfig/RV32Rocket/platform/zynqmp_fsbl -d /mnt/Storage/SCHOOL/Capstone/bringup/ChaosCore-FPGA/RV32RocketFPGAConfig/RV32Rocket/platform/zynqmp_fsbl/zynqmp_fsbl_bsp -b /mnt/Storage/SCHOOL/Capstone/bringup/ChaosCore-FPGA/RV32RocketFPGAConfig/RV32Rocket/platform/zynqmp_fsbl/build && deactivate
17:07:52 INFO  : Successfully retargeted Application /mnt/Storage/SCHOOL/Capstone/bringup/ChaosCore-FPGA/RV32RocketFPGAConfig/RV32Rocket/platform/zynqmp_fsbl
17:07:52 INFO  : lopper command to build baremetal application :python /tools/Xilinx/Vitis/2024.2/data/embeddedsw/scripts/pyesw//build_app.py -s /mnt/Storage/SCHOOL/Capstone/bringup/ChaosCore-FPGA/RV32RocketFPGAConfig/RV32Rocket/platform/zynqmp_fsbl -b /mnt/Storage/SCHOOL/Capstone/bringup/ChaosCore-FPGA/RV32RocketFPGAConfig/RV32Rocket/platform/zynqmp_fsbl/build
17:07:52 INFO  : bash, -c, source /tools/Xilinx/Vitis/2024.2/tps/lnx64/lopper-1.1.0/env/bin/activate && python /tools/Xilinx/Vitis/2024.2/data/embeddedsw/scripts/pyesw//build_app.py -s /mnt/Storage/SCHOOL/Capstone/bringup/ChaosCore-FPGA/RV32RocketFPGAConfig/RV32Rocket/platform/zynqmp_fsbl -b /mnt/Storage/SCHOOL/Capstone/bringup/ChaosCore-FPGA/RV32RocketFPGAConfig/RV32Rocket/platform/zynqmp_fsbl/build && deactivate
17:07:54 INFO  : connect -url tcp:127.0.0.1:3121
17:07:54 INFO  : Found no platform with name 'platform' in install repositories
17:07:54 INFO  : Found no platform with name 'platform' in install repositories
17:07:54 INFO  : Found no platform with name 'platform' in install repositories
17:07:54 ERROR : Failed to initialize the hardware null
17:07:55 INFO  : Successfully building the baremetal application/mnt/Storage/SCHOOL/Capstone/bringup/ChaosCore-FPGA/RV32RocketFPGAConfig/RV32Rocket/platform/zynqmp_fsbl/build
17:07:55 INFO  : Generating Export directory
17:07:55 INFO  : Platform Build Finished successfully.
17:07:56 INFO  : lopper command to retarget baremetal application :python /tools/Xilinx/Vitis/2024.2/data/embeddedsw/scripts/pyesw//retarget_app.py -s /mnt/Storage/SCHOOL/Capstone/bringup/ChaosCore-FPGA/RV32RocketFPGAConfig/RV32Rocket/hello_world/src -d /mnt/Storage/SCHOOL/Capstone/bringup/ChaosCore-FPGA/RV32RocketFPGAConfig/RV32Rocket/platform/export/platform/sw/standalone_psu_cortexa53_0 -b /mnt/Storage/SCHOOL/Capstone/bringup/ChaosCore-FPGA/RV32RocketFPGAConfig/RV32Rocket/hello_world/build
17:07:56 INFO  : bash, -c, source /tools/Xilinx/Vitis/2024.2/tps/lnx64/lopper-1.1.0/env/bin/activate && python /tools/Xilinx/Vitis/2024.2/data/embeddedsw/scripts/pyesw//retarget_app.py -s /mnt/Storage/SCHOOL/Capstone/bringup/ChaosCore-FPGA/RV32RocketFPGAConfig/RV32Rocket/hello_world/src -d /mnt/Storage/SCHOOL/Capstone/bringup/ChaosCore-FPGA/RV32RocketFPGAConfig/RV32Rocket/platform/export/platform/sw/standalone_psu_cortexa53_0 -b /mnt/Storage/SCHOOL/Capstone/bringup/ChaosCore-FPGA/RV32RocketFPGAConfig/RV32Rocket/hello_world/build && deactivate
17:07:56 INFO  : Successfully retargeted Application /mnt/Storage/SCHOOL/Capstone/bringup/ChaosCore-FPGA/RV32RocketFPGAConfig/RV32Rocket/hello_world/src
17:07:56 INFO  : bash, -c, source /tools/Xilinx/Vitis/2024.2/tps/lnx64/lopper-1.1.0/env/bin/activate && python /tools/Xilinx/Vitis/2024.2/data/embeddedsw/scripts/pyesw//build_app.py -s /mnt/Storage/SCHOOL/Capstone/bringup/ChaosCore-FPGA/RV32RocketFPGAConfig/RV32Rocket/hello_world/src -b /mnt/Storage/SCHOOL/Capstone/bringup/ChaosCore-FPGA/RV32RocketFPGAConfig/RV32Rocket/hello_world/build && deactivate
17:07:59 INFO  : connect -url tcp:127.0.0.1:3121
17:07:59 INFO  : bpremove -all
17:07:59 INFO  : source /tools/Xilinx/Vitis/2024.2/scripts/vitis/util/zynqmp_utils.tcl
17:08:00 INFO  : Context for 'APU' is selected.
17:08:00 INFO  : System reset is completed.
17:08:00 INFO  : disconnect
17:08:03 INFO  : 'after 3000' command is executed.
17:08:03 ERROR : Failed to initialize the hardware Invalid target. Use "connect" command to connect to hw_server/TCF agent
17:08:09 INFO  : connect -url tcp:127.0.0.1:3121
17:08:09 INFO  : bpremove -all
17:08:09 INFO  : source /tools/Xilinx/Vitis/2024.2/scripts/vitis/util/zynqmp_utils.tcl
17:08:09 INFO  : Context for 'APU' is selected.
17:08:10 INFO  : System reset is completed.
17:08:13 INFO  : 'after 3000' command is executed.
17:08:13 INFO  : 'targets -set -filter {jtag_cable_name =~ "Avnet USB-to-JTAG/UART Pod V1 1234-oj1A" && level==0 && jtag_device_ctx=="jsn-USB-to-JTAG/UART Pod V1-1234-oj1A-14710093-0"}' command is executed.
17:08:17 INFO  : Device configured successfully with "/mnt/Storage/SCHOOL/Capstone/bringup/ChaosCore-FPGA/RV32RocketFPGAConfig/RV32Rocket/hello_world/_ide/bitstream/BD_wrapper.bit"
17:08:17 INFO  : targets -set -nocase -filter {name =~"PSU*"}
17:08:17 INFO  : catch {disable_pmu_gate}
17:08:17 INFO  : targets -set -nocase -filter {name =~"APU*"}
17:08:17 INFO  : loadhw -hw /mnt/Storage/SCHOOL/Capstone/bringup/ChaosCore-FPGA/RV32RocketFPGAConfig/RV32Rocket/platform/export/platform/hw/BD_wrapper.xsa -mem-ranges [list {0x80000000 0xbfffffff} {0x400000000 0x5ffffffff} {0x1000000000 0x7fffffffff}]
17:08:17 INFO  : configparams force-mem-access 1
17:08:17 INFO  : targets -set -nocase -filter {name =~"APU*"}
17:08:17 INFO  : source /tools/Xilinx/Vitis/2024.2/vitis-server/scripts/jtag_reg.tcl
17:08:17 INFO  : Boot mode is read from the target.
17:08:17 INFO  : targets -set -nocase -filter {name =~ "*A53*#0"}
17:08:17 INFO  : rst -processor
17:08:17 INFO  : dow /mnt/Storage/SCHOOL/Capstone/bringup/ChaosCore-FPGA/RV32RocketFPGAConfig/RV32Rocket/platform/export/platform/sw/boot/fsbl.elf
17:08:17 INFO  : set bp_8_17_fsbl_bp [bpadd -addr &XFsbl_Exit]
17:08:18 INFO  : con -block -timeout 60
17:08:18 INFO  : bpremove $bp_8_17_fsbl_bp
17:08:18 INFO  : targets -set -nocase -filter {name =~ "*A53*#0"}
17:08:18 INFO  : rst -processor
17:08:19 INFO  : dow /mnt/Storage/SCHOOL/Capstone/bringup/ChaosCore-FPGA/RV32RocketFPGAConfig/RV32Rocket/hello_world/build/hello_world.elf
17:08:19 INFO  : con
17:08:19 INFO  : configparams force-mem-access 0
17:08:20 INFO  : Testing the connection for 127.0.0.1
17:11:58 INFO  : bash, -c, source /tools/Xilinx/Vitis/2024.2/tps/lnx64/lopper-1.1.0/env/bin/activate && lopper -O  . /mnt/Storage/SCHOOL/Capstone/bringup/ChaosCore-FPGA/RV32RocketFPGAConfig/RV32Rocket/platform/hw/sdt/system-top.dts -- baremetal_getsupported_comp_xlnx psu_cortexa53_0 /mnt/Storage/SCHOOL/Capstone/bringup/ChaosCore-FPGA/RV32RocketFPGAConfig/RV32Rocket/_ide/.wsdata/.repo.yaml && deactivate
17:11:59 INFO  : Supported Library List generated.
17:12:16 INFO  : Updating Examples in Driver /mnt/Storage/SCHOOL/Capstone/bringup/ChaosCore-FPGA/RV32RocketFPGAConfig/RV32Rocket/platform/zynqmp_fsbl/zynqmp_fsbl_bsp
17:12:16 INFO  : bash, -c, source /tools/Xilinx/Vitis/2024.2/tps/lnx64/lopper-1.1.0/env/bin/activate && python /tools/Xilinx/Vitis/2024.2/data/embeddedsw/scripts/pyesw//load_example.py -d /mnt/Storage/SCHOOL/Capstone/bringup/ChaosCore-FPGA/RV32RocketFPGAConfig/RV32Rocket/platform/zynqmp_fsbl/zynqmp_fsbl_bsp && deactivate
17:12:20 INFO  : -- The C compiler identification is GNU 13.3.0
17:12:20 INFO  : -- The CXX compiler identification is GNU 13.3.0
17:12:20 INFO  : -- Detecting C compiler ABI info
17:12:20 INFO  : -- Detecting C compiler ABI info - done
17:12:20 INFO  : -- Check for working C compiler: /tools/Xilinx/Vitis/2024.2/gnu/aarch64/lin/aarch64-none/bin/aarch64-none-elf-gcc - skipped
17:12:20 INFO  : -- Detecting C compile features
17:12:20 INFO  : -- Detecting C compile features - done
17:12:20 INFO  : -- Detecting CXX compiler ABI info
17:12:20 INFO  : -- Detecting CXX compiler ABI info - done
17:12:20 INFO  : -- Check for working CXX compiler: /tools/Xilinx/Vitis/2024.2/gnu/aarch64/lin/aarch64-none/bin/aarch64-none-elf-g++ - skipped
17:12:20 INFO  : -- Detecting CXX compile features
17:12:20 INFO  : -- Detecting CXX compile features - done
17:12:20 INFO  : -- Configuring done
17:12:20 INFO  : -- Generating done
17:12:20 INFO  : CMake Warning:
17:12:20 INFO  :   Manually-specified variables were not used by the project:
17:12:20 INFO  : 
17:12:20 INFO  :     CMAKE_LIBRARY_PATH
17:12:20 INFO  : 
17:12:20 INFO  : 
17:12:20 INFO  : -- Build files have been written to: /mnt/Storage/SCHOOL/Capstone/bringup/ChaosCore-FPGA/RV32RocketFPGAConfig/RV32Rocket/platform/zynqmp_fsbl/zynqmp_fsbl_bsp/libsrc/build_configs/exmetadata
17:12:20 INFO  : Updated Examples in Driver
17:12:20 INFO  : bash, -c, source /tools/Xilinx/Vitis/2024.2/tps/lnx64/lopper-1.1.0/env/bin/activate && lopper -O  . /mnt/Storage/SCHOOL/Capstone/bringup/ChaosCore-FPGA/RV32RocketFPGAConfig/RV32Rocket/platform/hw/sdt/system-top.dts -- baremetal_getsupported_comp_xlnx psu_cortexa53_0 /mnt/Storage/SCHOOL/Capstone/bringup/ChaosCore-FPGA/RV32RocketFPGAConfig/RV32Rocket/_ide/.wsdata/.repo.yaml && deactivate
17:12:21 INFO  : Supported Library List generated.
17:12:31 INFO  : Updating Examples in Driver /mnt/Storage/SCHOOL/Capstone/bringup/ChaosCore-FPGA/RV32RocketFPGAConfig/RV32Rocket/platform/psu_cortexa53_0/standalone_psu_cortexa53_0/bsp
17:12:31 INFO  : bash, -c, source /tools/Xilinx/Vitis/2024.2/tps/lnx64/lopper-1.1.0/env/bin/activate && python /tools/Xilinx/Vitis/2024.2/data/embeddedsw/scripts/pyesw//load_example.py -d /mnt/Storage/SCHOOL/Capstone/bringup/ChaosCore-FPGA/RV32RocketFPGAConfig/RV32Rocket/platform/psu_cortexa53_0/standalone_psu_cortexa53_0/bsp && deactivate
17:12:34 INFO  : -- The C compiler identification is GNU 13.3.0
17:12:34 INFO  : -- The CXX compiler identification is GNU 13.3.0
17:12:34 INFO  : -- Detecting C compiler ABI info
17:12:34 INFO  : -- Detecting C compiler ABI info - done
17:12:34 INFO  : -- Check for working C compiler: /tools/Xilinx/Vitis/2024.2/gnu/aarch64/lin/aarch64-none/bin/aarch64-none-elf-gcc - skipped
17:12:34 INFO  : -- Detecting C compile features
17:12:34 INFO  : -- Detecting C compile features - done
17:12:34 INFO  : -- Detecting CXX compiler ABI info
17:12:34 INFO  : -- Detecting CXX compiler ABI info - done
17:12:34 INFO  : -- Check for working CXX compiler: /tools/Xilinx/Vitis/2024.2/gnu/aarch64/lin/aarch64-none/bin/aarch64-none-elf-g++ - skipped
17:12:34 INFO  : -- Detecting CXX compile features
17:12:34 INFO  : -- Detecting CXX compile features - done
17:12:34 INFO  : -- Configuring done
17:12:34 INFO  : -- Generating done
17:12:34 INFO  : CMake Warning:
17:12:34 INFO  :   Manually-specified variables were not used by the project:
17:12:34 INFO  : 
17:12:34 INFO  :     CMAKE_LIBRARY_PATH
17:12:34 INFO  : 
17:12:34 INFO  : 
17:12:34 INFO  : -- Build files have been written to: /mnt/Storage/SCHOOL/Capstone/bringup/ChaosCore-FPGA/RV32RocketFPGAConfig/RV32Rocket/platform/psu_cortexa53_0/standalone_psu_cortexa53_0/bsp/libsrc/build_configs/exmetadata
17:12:34 INFO  : Updated Examples in Driver
17:26:56 INFO  : disconnect
18:04:41 INFO  : Found no platform with name 'BD_wrapper' in install repositories
18:04:42 INFO  : HW XSA update started
18:04:42 INFO  : Using sdt generation script from /tools/Xilinx/Vitis/2024.2/vitis-server/scripts/platformutil.tcl
18:04:42 INFO  : bash, -c, source /tools/Xilinx/Vitis/2024.2/tps/lnx64/lopper-1.1.0/env/bin/activate && xsct /tools/Xilinx/Vitis/2024.2/vitis-server/scripts/platformutil.tcl /mnt/Storage/SCHOOL/Capstone/bringup/ChaosCore-FPGA/RV32RocketFPGAConfig/RV32Rocket/BD_wrapper.xsa /mnt/Storage/SCHOOL/Capstone/bringup/ChaosCore-FPGA/RV32RocketFPGAConfig/RV32Rocket/platform/hw/sdt && deactivate
18:04:56 INFO  : SDT generated successfully
18:04:56 INFO  : Generating BSP for the domain /mnt/Storage/SCHOOL/Capstone/bringup/ChaosCore-FPGA/RV32RocketFPGAConfig/RV32Rocket/platform/zynqmp_fsbl/zynqmp_fsbl_bsp
18:04:56 INFO  : lopper command to reconfigure BSP :python /tools/Xilinx/Vitis/2024.2/data/embeddedsw/scripts/pyesw//reconfig_bsp.py -d /mnt/Storage/SCHOOL/Capstone/bringup/ChaosCore-FPGA/RV32RocketFPGAConfig/RV32Rocket/platform/zynqmp_fsbl/zynqmp_fsbl_bsp
18:04:56 INFO  : bash, -c, source /tools/Xilinx/Vitis/2024.2/tps/lnx64/lopper-1.1.0/env/bin/activate && python /tools/Xilinx/Vitis/2024.2/data/embeddedsw/scripts/pyesw//reconfig_bsp.py -d /mnt/Storage/SCHOOL/Capstone/bringup/ChaosCore-FPGA/RV32RocketFPGAConfig/RV32Rocket/platform/zynqmp_fsbl/zynqmp_fsbl_bsp && deactivate
18:04:56 INFO  : Domain reconfigured successfully
18:04:57 INFO  : lopper command to regenerate BSP :python /tools/Xilinx/Vitis/2024.2/data/embeddedsw/scripts/pyesw//regen_bsp.py -s /mnt/Storage/SCHOOL/Capstone/bringup/ChaosCore-FPGA/RV32RocketFPGAConfig/RV32Rocket/platform/hw/sdt/system-top.dts -d /mnt/Storage/SCHOOL/Capstone/bringup/ChaosCore-FPGA/RV32RocketFPGAConfig/RV32Rocket/platform/zynqmp_fsbl/zynqmp_fsbl_bsp -r /mnt/Storage/SCHOOL/Capstone/bringup/ChaosCore-FPGA/RV32RocketFPGAConfig/RV32Rocket/_ide/.wsdata/.repo.yaml
18:04:57 INFO  : bash, -c, source /tools/Xilinx/Vitis/2024.2/tps/lnx64/lopper-1.1.0/env/bin/activate && python /tools/Xilinx/Vitis/2024.2/data/embeddedsw/scripts/pyesw//regen_bsp.py -s /mnt/Storage/SCHOOL/Capstone/bringup/ChaosCore-FPGA/RV32RocketFPGAConfig/RV32Rocket/platform/hw/sdt/system-top.dts -d /mnt/Storage/SCHOOL/Capstone/bringup/ChaosCore-FPGA/RV32RocketFPGAConfig/RV32Rocket/platform/zynqmp_fsbl/zynqmp_fsbl_bsp -r /mnt/Storage/SCHOOL/Capstone/bringup/ChaosCore-FPGA/RV32RocketFPGAConfig/RV32Rocket/_ide/.wsdata/.repo.yaml && deactivate
18:05:19 INFO  : -- Configuring done
18:05:19 INFO  : -- Generating done
18:05:19 INFO  : -- Build files have been written to: /mnt/Storage/SCHOOL/Capstone/bringup/ChaosCore-FPGA/RV32RocketFPGAConfig/RV32Rocket/platform/zynqmp_fsbl/zynqmp_fsbl_bsp/libsrc/build_configs/gen_bsp
18:05:19 INFO  : Successfully created Domain at /mnt/Storage/SCHOOL/Capstone/bringup/ChaosCore-FPGA/RV32RocketFPGAConfig/RV32Rocket/platform/zynqmp_fsbl/zynqmp_fsbl_bsp
18:05:19 INFO  : BSP regenerated successfully
18:05:19 INFO  : Generating BSP for the domain /mnt/Storage/SCHOOL/Capstone/bringup/ChaosCore-FPGA/RV32RocketFPGAConfig/RV32Rocket/platform/psu_cortexa53_0/standalone_psu_cortexa53_0/bsp
18:05:19 INFO  : lopper command to reconfigure BSP :python /tools/Xilinx/Vitis/2024.2/data/embeddedsw/scripts/pyesw//reconfig_bsp.py -d /mnt/Storage/SCHOOL/Capstone/bringup/ChaosCore-FPGA/RV32RocketFPGAConfig/RV32Rocket/platform/psu_cortexa53_0/standalone_psu_cortexa53_0/bsp
18:05:19 INFO  : bash, -c, source /tools/Xilinx/Vitis/2024.2/tps/lnx64/lopper-1.1.0/env/bin/activate && python /tools/Xilinx/Vitis/2024.2/data/embeddedsw/scripts/pyesw//reconfig_bsp.py -d /mnt/Storage/SCHOOL/Capstone/bringup/ChaosCore-FPGA/RV32RocketFPGAConfig/RV32Rocket/platform/psu_cortexa53_0/standalone_psu_cortexa53_0/bsp && deactivate
18:05:19 INFO  : Domain reconfigured successfully
18:05:19 INFO  : lopper command to regenerate BSP :python /tools/Xilinx/Vitis/2024.2/data/embeddedsw/scripts/pyesw//regen_bsp.py -s /mnt/Storage/SCHOOL/Capstone/bringup/ChaosCore-FPGA/RV32RocketFPGAConfig/RV32Rocket/platform/hw/sdt/system-top.dts -d /mnt/Storage/SCHOOL/Capstone/bringup/ChaosCore-FPGA/RV32RocketFPGAConfig/RV32Rocket/platform/psu_cortexa53_0/standalone_psu_cortexa53_0/bsp -r /mnt/Storage/SCHOOL/Capstone/bringup/ChaosCore-FPGA/RV32RocketFPGAConfig/RV32Rocket/_ide/.wsdata/.repo.yaml
18:05:19 INFO  : bash, -c, source /tools/Xilinx/Vitis/2024.2/tps/lnx64/lopper-1.1.0/env/bin/activate && python /tools/Xilinx/Vitis/2024.2/data/embeddedsw/scripts/pyesw//regen_bsp.py -s /mnt/Storage/SCHOOL/Capstone/bringup/ChaosCore-FPGA/RV32RocketFPGAConfig/RV32Rocket/platform/hw/sdt/system-top.dts -d /mnt/Storage/SCHOOL/Capstone/bringup/ChaosCore-FPGA/RV32RocketFPGAConfig/RV32Rocket/platform/psu_cortexa53_0/standalone_psu_cortexa53_0/bsp -r /mnt/Storage/SCHOOL/Capstone/bringup/ChaosCore-FPGA/RV32RocketFPGAConfig/RV32Rocket/_ide/.wsdata/.repo.yaml && deactivate
18:05:37 INFO  : -- Configuring done
18:05:37 INFO  : -- Generating done
18:05:37 INFO  : -- Build files have been written to: /mnt/Storage/SCHOOL/Capstone/bringup/ChaosCore-FPGA/RV32RocketFPGAConfig/RV32Rocket/platform/psu_cortexa53_0/standalone_psu_cortexa53_0/bsp/libsrc/build_configs/gen_bsp
18:05:37 INFO  : Successfully created Domain at /mnt/Storage/SCHOOL/Capstone/bringup/ChaosCore-FPGA/RV32RocketFPGAConfig/RV32Rocket/platform/psu_cortexa53_0/standalone_psu_cortexa53_0/bsp
18:05:37 INFO  : BSP regenerated successfully
18:05:37 INFO  : Hardware XSA update finished successfully
18:05:45 INFO  : BSP build will be initiated for Domain standalone_psu_cortexa53_0
18:05:45 INFO  : Generating BSP for the domain /mnt/Storage/SCHOOL/Capstone/bringup/ChaosCore-FPGA/RV32RocketFPGAConfig/RV32Rocket/platform/psu_cortexa53_0/standalone_psu_cortexa53_0/bsp
18:05:45 INFO  : lopper command to reconfigure BSP :python /tools/Xilinx/Vitis/2024.2/data/embeddedsw/scripts/pyesw//reconfig_bsp.py -d /mnt/Storage/SCHOOL/Capstone/bringup/ChaosCore-FPGA/RV32RocketFPGAConfig/RV32Rocket/platform/psu_cortexa53_0/standalone_psu_cortexa53_0/bsp
18:05:45 INFO  : bash, -c, source /tools/Xilinx/Vitis/2024.2/tps/lnx64/lopper-1.1.0/env/bin/activate && python /tools/Xilinx/Vitis/2024.2/data/embeddedsw/scripts/pyesw//reconfig_bsp.py -d /mnt/Storage/SCHOOL/Capstone/bringup/ChaosCore-FPGA/RV32RocketFPGAConfig/RV32Rocket/platform/psu_cortexa53_0/standalone_psu_cortexa53_0/bsp && deactivate
18:05:45 INFO  : BSP build will be initiated for Domain zynqmp_fsbl
18:05:45 INFO  : Generating BSP for the domain /mnt/Storage/SCHOOL/Capstone/bringup/ChaosCore-FPGA/RV32RocketFPGAConfig/RV32Rocket/platform/zynqmp_fsbl/zynqmp_fsbl_bsp
18:05:45 INFO  : lopper command to reconfigure BSP :python /tools/Xilinx/Vitis/2024.2/data/embeddedsw/scripts/pyesw//reconfig_bsp.py -d /mnt/Storage/SCHOOL/Capstone/bringup/ChaosCore-FPGA/RV32RocketFPGAConfig/RV32Rocket/platform/zynqmp_fsbl/zynqmp_fsbl_bsp
18:05:45 INFO  : bash, -c, source /tools/Xilinx/Vitis/2024.2/tps/lnx64/lopper-1.1.0/env/bin/activate && python /tools/Xilinx/Vitis/2024.2/data/embeddedsw/scripts/pyesw//reconfig_bsp.py -d /mnt/Storage/SCHOOL/Capstone/bringup/ChaosCore-FPGA/RV32RocketFPGAConfig/RV32Rocket/platform/zynqmp_fsbl/zynqmp_fsbl_bsp && deactivate
18:05:45 INFO  : Domain reconfigured successfully
18:05:45 INFO  : Generating BSP for the domain /mnt/Storage/SCHOOL/Capstone/bringup/ChaosCore-FPGA/RV32RocketFPGAConfig/RV32Rocket/platform/psu_cortexa53_0/standalone_psu_cortexa53_0/bsp
18:05:45 INFO  : lopper command to build BSP :python /tools/Xilinx/Vitis/2024.2/data/embeddedsw/scripts/pyesw//build_bsp.py -d /mnt/Storage/SCHOOL/Capstone/bringup/ChaosCore-FPGA/RV32RocketFPGAConfig/RV32Rocket/platform/psu_cortexa53_0/standalone_psu_cortexa53_0/bsp
18:05:45 INFO  : bash, -c, source /tools/Xilinx/Vitis/2024.2/tps/lnx64/lopper-1.1.0/env/bin/activate && python /tools/Xilinx/Vitis/2024.2/data/embeddedsw/scripts/pyesw//build_bsp.py -d /mnt/Storage/SCHOOL/Capstone/bringup/ChaosCore-FPGA/RV32RocketFPGAConfig/RV32Rocket/platform/psu_cortexa53_0/standalone_psu_cortexa53_0/bsp && deactivate
18:05:45 INFO  : Domain reconfigured successfully
18:05:45 INFO  : Generating BSP for the domain /mnt/Storage/SCHOOL/Capstone/bringup/ChaosCore-FPGA/RV32RocketFPGAConfig/RV32Rocket/platform/zynqmp_fsbl/zynqmp_fsbl_bsp
18:05:45 INFO  : lopper command to build BSP :python /tools/Xilinx/Vitis/2024.2/data/embeddedsw/scripts/pyesw//build_bsp.py -d /mnt/Storage/SCHOOL/Capstone/bringup/ChaosCore-FPGA/RV32RocketFPGAConfig/RV32Rocket/platform/zynqmp_fsbl/zynqmp_fsbl_bsp
18:05:45 INFO  : bash, -c, source /tools/Xilinx/Vitis/2024.2/tps/lnx64/lopper-1.1.0/env/bin/activate && python /tools/Xilinx/Vitis/2024.2/data/embeddedsw/scripts/pyesw//build_bsp.py -d /mnt/Storage/SCHOOL/Capstone/bringup/ChaosCore-FPGA/RV32RocketFPGAConfig/RV32Rocket/platform/zynqmp_fsbl/zynqmp_fsbl_bsp && deactivate
18:05:59 INFO  : Domain build successfully
18:06:00 INFO  : Domain build successfully
18:06:00 INFO  : Generating Boot ELFs
18:06:00 INFO  : lopper command to retarget baremetal application :python /tools/Xilinx/Vitis/2024.2/data/embeddedsw/scripts/pyesw//retarget_app.py -s /mnt/Storage/SCHOOL/Capstone/bringup/ChaosCore-FPGA/RV32RocketFPGAConfig/RV32Rocket/platform/zynqmp_fsbl -d /mnt/Storage/SCHOOL/Capstone/bringup/ChaosCore-FPGA/RV32RocketFPGAConfig/RV32Rocket/platform/zynqmp_fsbl/zynqmp_fsbl_bsp -b /mnt/Storage/SCHOOL/Capstone/bringup/ChaosCore-FPGA/RV32RocketFPGAConfig/RV32Rocket/platform/zynqmp_fsbl/build
18:06:00 INFO  : bash, -c, source /tools/Xilinx/Vitis/2024.2/tps/lnx64/lopper-1.1.0/env/bin/activate && python /tools/Xilinx/Vitis/2024.2/data/embeddedsw/scripts/pyesw//retarget_app.py -s /mnt/Storage/SCHOOL/Capstone/bringup/ChaosCore-FPGA/RV32RocketFPGAConfig/RV32Rocket/platform/zynqmp_fsbl -d /mnt/Storage/SCHOOL/Capstone/bringup/ChaosCore-FPGA/RV32RocketFPGAConfig/RV32Rocket/platform/zynqmp_fsbl/zynqmp_fsbl_bsp -b /mnt/Storage/SCHOOL/Capstone/bringup/ChaosCore-FPGA/RV32RocketFPGAConfig/RV32Rocket/platform/zynqmp_fsbl/build && deactivate
18:06:00 INFO  : Successfully retargeted Application /mnt/Storage/SCHOOL/Capstone/bringup/ChaosCore-FPGA/RV32RocketFPGAConfig/RV32Rocket/platform/zynqmp_fsbl
18:06:00 INFO  : lopper command to build baremetal application :python /tools/Xilinx/Vitis/2024.2/data/embeddedsw/scripts/pyesw//build_app.py -s /mnt/Storage/SCHOOL/Capstone/bringup/ChaosCore-FPGA/RV32RocketFPGAConfig/RV32Rocket/platform/zynqmp_fsbl -b /mnt/Storage/SCHOOL/Capstone/bringup/ChaosCore-FPGA/RV32RocketFPGAConfig/RV32Rocket/platform/zynqmp_fsbl/build
18:06:00 INFO  : bash, -c, source /tools/Xilinx/Vitis/2024.2/tps/lnx64/lopper-1.1.0/env/bin/activate && python /tools/Xilinx/Vitis/2024.2/data/embeddedsw/scripts/pyesw//build_app.py -s /mnt/Storage/SCHOOL/Capstone/bringup/ChaosCore-FPGA/RV32RocketFPGAConfig/RV32Rocket/platform/zynqmp_fsbl -b /mnt/Storage/SCHOOL/Capstone/bringup/ChaosCore-FPGA/RV32RocketFPGAConfig/RV32Rocket/platform/zynqmp_fsbl/build && deactivate
18:06:04 INFO  : Successfully building the baremetal application/mnt/Storage/SCHOOL/Capstone/bringup/ChaosCore-FPGA/RV32RocketFPGAConfig/RV32Rocket/platform/zynqmp_fsbl/build
18:06:04 INFO  : Generating Export directory
18:06:05 INFO  : Platform Build Finished successfully.
18:06:26 INFO  : The hardware specification used by project '/mnt/Storage/SCHOOL/Capstone/bringup/ChaosCore-FPGA/RV32RocketFPGAConfig/RV32Rocket/hello_world' is out of sync with the platform. Resource files extracted from the hardware specification will be updated.
18:06:26 INFO  : The file '/mnt/Storage/SCHOOL/Capstone/bringup/ChaosCore-FPGA/RV32RocketFPGAConfig/RV32Rocket/hello_world/_ide/bitstream/BD_wrapper.bit' stored in project is removed.
18:06:26 INFO  : The updated bitstream files are copied from platform to folder '/mnt/Storage/SCHOOL/Capstone/bringup/ChaosCore-FPGA/RV32RocketFPGAConfig/RV32Rocket/hello_world/_ide/bitstream' in project '/mnt/Storage/SCHOOL/Capstone/bringup/ChaosCore-FPGA/RV32RocketFPGAConfig/RV32Rocket/hello_world'.
18:06:26 INFO  : The file '/mnt/Storage/SCHOOL/Capstone/bringup/ChaosCore-FPGA/RV32RocketFPGAConfig/RV32Rocket/hello_world/_ide/psinit/psu_init.tcl' stored in project is removed.
18:06:26 INFO  : The updated ps init files are copied from platform to folder '/mnt/Storage/SCHOOL/Capstone/bringup/ChaosCore-FPGA/RV32RocketFPGAConfig/RV32Rocket/hello_world/_ide/psinit' in project '/mnt/Storage/SCHOOL/Capstone/bringup/ChaosCore-FPGA/RV32RocketFPGAConfig/RV32Rocket/hello_world'.
18:06:36 INFO  : Connected to target on host '127.0.0.1' and port '3121'.
18:06:36 INFO  : Connected to target on host '127.0.0.1' and port '3121'.
18:06:36 INFO  : 'targets -set -filter {jtag_cable_name =~ "Avnet USB-to-JTAG/UART Pod V1 1234-oj1A" && level==0 && jtag_device_ctx=="jsn-USB-to-JTAG/UART Pod V1-1234-oj1A-14710093-0"}' command is executed.
18:06:39 INFO  : Device configured successfully with "/mnt/Storage/SCHOOL/Capstone/bringup/ChaosCore-FPGA/RV32RocketFPGAConfig/RV32Rocket/hello_world/_ide/bitstream/BD_wrapper.bit"
18:06:52 INFO  : BSP build will be initiated for Domain zynqmp_fsbl
18:06:52 INFO  : Generating BSP for the domain /mnt/Storage/SCHOOL/Capstone/bringup/ChaosCore-FPGA/RV32RocketFPGAConfig/RV32Rocket/platform/zynqmp_fsbl/zynqmp_fsbl_bsp
18:06:52 INFO  : BSP build will be initiated for Domain standalone_psu_cortexa53_0
18:06:52 INFO  : lopper command to reconfigure BSP :python /tools/Xilinx/Vitis/2024.2/data/embeddedsw/scripts/pyesw//reconfig_bsp.py -d /mnt/Storage/SCHOOL/Capstone/bringup/ChaosCore-FPGA/RV32RocketFPGAConfig/RV32Rocket/platform/zynqmp_fsbl/zynqmp_fsbl_bsp
18:06:52 INFO  : Generating BSP for the domain /mnt/Storage/SCHOOL/Capstone/bringup/ChaosCore-FPGA/RV32RocketFPGAConfig/RV32Rocket/platform/psu_cortexa53_0/standalone_psu_cortexa53_0/bsp
18:06:52 INFO  : lopper command to reconfigure BSP :python /tools/Xilinx/Vitis/2024.2/data/embeddedsw/scripts/pyesw//reconfig_bsp.py -d /mnt/Storage/SCHOOL/Capstone/bringup/ChaosCore-FPGA/RV32RocketFPGAConfig/RV32Rocket/platform/psu_cortexa53_0/standalone_psu_cortexa53_0/bsp
18:06:52 INFO  : bash, -c, source /tools/Xilinx/Vitis/2024.2/tps/lnx64/lopper-1.1.0/env/bin/activate && python /tools/Xilinx/Vitis/2024.2/data/embeddedsw/scripts/pyesw//reconfig_bsp.py -d /mnt/Storage/SCHOOL/Capstone/bringup/ChaosCore-FPGA/RV32RocketFPGAConfig/RV32Rocket/platform/psu_cortexa53_0/standalone_psu_cortexa53_0/bsp && deactivate
18:06:52 INFO  : bash, -c, source /tools/Xilinx/Vitis/2024.2/tps/lnx64/lopper-1.1.0/env/bin/activate && python /tools/Xilinx/Vitis/2024.2/data/embeddedsw/scripts/pyesw//reconfig_bsp.py -d /mnt/Storage/SCHOOL/Capstone/bringup/ChaosCore-FPGA/RV32RocketFPGAConfig/RV32Rocket/platform/zynqmp_fsbl/zynqmp_fsbl_bsp && deactivate
18:06:52 INFO  : Domain reconfigured successfully
18:06:52 INFO  : Generating BSP for the domain /mnt/Storage/SCHOOL/Capstone/bringup/ChaosCore-FPGA/RV32RocketFPGAConfig/RV32Rocket/platform/psu_cortexa53_0/standalone_psu_cortexa53_0/bsp
18:06:52 INFO  : lopper command to build BSP :python /tools/Xilinx/Vitis/2024.2/data/embeddedsw/scripts/pyesw//build_bsp.py -d /mnt/Storage/SCHOOL/Capstone/bringup/ChaosCore-FPGA/RV32RocketFPGAConfig/RV32Rocket/platform/psu_cortexa53_0/standalone_psu_cortexa53_0/bsp
18:06:52 INFO  : bash, -c, source /tools/Xilinx/Vitis/2024.2/tps/lnx64/lopper-1.1.0/env/bin/activate && python /tools/Xilinx/Vitis/2024.2/data/embeddedsw/scripts/pyesw//build_bsp.py -d /mnt/Storage/SCHOOL/Capstone/bringup/ChaosCore-FPGA/RV32RocketFPGAConfig/RV32Rocket/platform/psu_cortexa53_0/standalone_psu_cortexa53_0/bsp && deactivate
18:06:52 INFO  : Domain reconfigured successfully
18:06:52 INFO  : Generating BSP for the domain /mnt/Storage/SCHOOL/Capstone/bringup/ChaosCore-FPGA/RV32RocketFPGAConfig/RV32Rocket/platform/zynqmp_fsbl/zynqmp_fsbl_bsp
18:06:52 INFO  : lopper command to build BSP :python /tools/Xilinx/Vitis/2024.2/data/embeddedsw/scripts/pyesw//build_bsp.py -d /mnt/Storage/SCHOOL/Capstone/bringup/ChaosCore-FPGA/RV32RocketFPGAConfig/RV32Rocket/platform/zynqmp_fsbl/zynqmp_fsbl_bsp
18:06:52 INFO  : bash, -c, source /tools/Xilinx/Vitis/2024.2/tps/lnx64/lopper-1.1.0/env/bin/activate && python /tools/Xilinx/Vitis/2024.2/data/embeddedsw/scripts/pyesw//build_bsp.py -d /mnt/Storage/SCHOOL/Capstone/bringup/ChaosCore-FPGA/RV32RocketFPGAConfig/RV32Rocket/platform/zynqmp_fsbl/zynqmp_fsbl_bsp && deactivate
18:06:53 INFO  : Domain build successfully
18:06:53 INFO  : Domain build successfully
18:06:53 INFO  : Generating Boot ELFs
18:06:53 INFO  : lopper command to retarget baremetal application :python /tools/Xilinx/Vitis/2024.2/data/embeddedsw/scripts/pyesw//retarget_app.py -s /mnt/Storage/SCHOOL/Capstone/bringup/ChaosCore-FPGA/RV32RocketFPGAConfig/RV32Rocket/platform/zynqmp_fsbl -d /mnt/Storage/SCHOOL/Capstone/bringup/ChaosCore-FPGA/RV32RocketFPGAConfig/RV32Rocket/platform/zynqmp_fsbl/zynqmp_fsbl_bsp -b /mnt/Storage/SCHOOL/Capstone/bringup/ChaosCore-FPGA/RV32RocketFPGAConfig/RV32Rocket/platform/zynqmp_fsbl/build
18:06:53 INFO  : bash, -c, source /tools/Xilinx/Vitis/2024.2/tps/lnx64/lopper-1.1.0/env/bin/activate && python /tools/Xilinx/Vitis/2024.2/data/embeddedsw/scripts/pyesw//retarget_app.py -s /mnt/Storage/SCHOOL/Capstone/bringup/ChaosCore-FPGA/RV32RocketFPGAConfig/RV32Rocket/platform/zynqmp_fsbl -d /mnt/Storage/SCHOOL/Capstone/bringup/ChaosCore-FPGA/RV32RocketFPGAConfig/RV32Rocket/platform/zynqmp_fsbl/zynqmp_fsbl_bsp -b /mnt/Storage/SCHOOL/Capstone/bringup/ChaosCore-FPGA/RV32RocketFPGAConfig/RV32Rocket/platform/zynqmp_fsbl/build && deactivate
18:06:53 INFO  : Successfully retargeted Application /mnt/Storage/SCHOOL/Capstone/bringup/ChaosCore-FPGA/RV32RocketFPGAConfig/RV32Rocket/platform/zynqmp_fsbl
18:06:53 INFO  : lopper command to build baremetal application :python /tools/Xilinx/Vitis/2024.2/data/embeddedsw/scripts/pyesw//build_app.py -s /mnt/Storage/SCHOOL/Capstone/bringup/ChaosCore-FPGA/RV32RocketFPGAConfig/RV32Rocket/platform/zynqmp_fsbl -b /mnt/Storage/SCHOOL/Capstone/bringup/ChaosCore-FPGA/RV32RocketFPGAConfig/RV32Rocket/platform/zynqmp_fsbl/build
18:06:53 INFO  : bash, -c, source /tools/Xilinx/Vitis/2024.2/tps/lnx64/lopper-1.1.0/env/bin/activate && python /tools/Xilinx/Vitis/2024.2/data/embeddedsw/scripts/pyesw//build_app.py -s /mnt/Storage/SCHOOL/Capstone/bringup/ChaosCore-FPGA/RV32RocketFPGAConfig/RV32Rocket/platform/zynqmp_fsbl -b /mnt/Storage/SCHOOL/Capstone/bringup/ChaosCore-FPGA/RV32RocketFPGAConfig/RV32Rocket/platform/zynqmp_fsbl/build && deactivate
18:06:56 INFO  : Successfully building the baremetal application/mnt/Storage/SCHOOL/Capstone/bringup/ChaosCore-FPGA/RV32RocketFPGAConfig/RV32Rocket/platform/zynqmp_fsbl/build
18:06:56 INFO  : Generating Export directory
18:06:57 INFO  : Platform Build Finished successfully.
18:06:58 INFO  : lopper command to retarget baremetal application :python /tools/Xilinx/Vitis/2024.2/data/embeddedsw/scripts/pyesw//retarget_app.py -s /mnt/Storage/SCHOOL/Capstone/bringup/ChaosCore-FPGA/RV32RocketFPGAConfig/RV32Rocket/hello_world/src -d /mnt/Storage/SCHOOL/Capstone/bringup/ChaosCore-FPGA/RV32RocketFPGAConfig/RV32Rocket/platform/export/platform/sw/standalone_psu_cortexa53_0 -b /mnt/Storage/SCHOOL/Capstone/bringup/ChaosCore-FPGA/RV32RocketFPGAConfig/RV32Rocket/hello_world/build
18:06:58 INFO  : bash, -c, source /tools/Xilinx/Vitis/2024.2/tps/lnx64/lopper-1.1.0/env/bin/activate && python /tools/Xilinx/Vitis/2024.2/data/embeddedsw/scripts/pyesw//retarget_app.py -s /mnt/Storage/SCHOOL/Capstone/bringup/ChaosCore-FPGA/RV32RocketFPGAConfig/RV32Rocket/hello_world/src -d /mnt/Storage/SCHOOL/Capstone/bringup/ChaosCore-FPGA/RV32RocketFPGAConfig/RV32Rocket/platform/export/platform/sw/standalone_psu_cortexa53_0 -b /mnt/Storage/SCHOOL/Capstone/bringup/ChaosCore-FPGA/RV32RocketFPGAConfig/RV32Rocket/hello_world/build && deactivate
18:06:58 INFO  : Successfully retargeted Application /mnt/Storage/SCHOOL/Capstone/bringup/ChaosCore-FPGA/RV32RocketFPGAConfig/RV32Rocket/hello_world/src
18:06:58 INFO  : bash, -c, source /tools/Xilinx/Vitis/2024.2/tps/lnx64/lopper-1.1.0/env/bin/activate && python /tools/Xilinx/Vitis/2024.2/data/embeddedsw/scripts/pyesw//build_app.py -s /mnt/Storage/SCHOOL/Capstone/bringup/ChaosCore-FPGA/RV32RocketFPGAConfig/RV32Rocket/hello_world/src -b /mnt/Storage/SCHOOL/Capstone/bringup/ChaosCore-FPGA/RV32RocketFPGAConfig/RV32Rocket/hello_world/build && deactivate
18:07:23 INFO  : connect -url tcp:127.0.0.1:3121
18:07:23 INFO  : bpremove -all
18:07:23 INFO  : source /tools/Xilinx/Vitis/2024.2/scripts/vitis/util/zynqmp_utils.tcl
18:07:23 INFO  : Context for 'APU' is selected.
18:07:23 INFO  : System reset is completed.
18:07:26 INFO  : 'after 3000' command is executed.
18:07:26 INFO  : 'targets -set -filter {jtag_cable_name =~ "Avnet USB-to-JTAG/UART Pod V1 1234-oj1A" && level==0 && jtag_device_ctx=="jsn-USB-to-JTAG/UART Pod V1-1234-oj1A-14710093-0"}' command is executed.
18:07:30 INFO  : Device configured successfully with "/mnt/Storage/SCHOOL/Capstone/bringup/ChaosCore-FPGA/RV32RocketFPGAConfig/RV32Rocket/hello_world/_ide/bitstream/BD_wrapper.bit"
18:07:30 INFO  : targets -set -nocase -filter {name =~"PSU*"}
18:07:30 INFO  : catch {disable_pmu_gate}
18:07:30 INFO  : targets -set -nocase -filter {name =~"APU*"}
18:07:30 INFO  : loadhw -hw /mnt/Storage/SCHOOL/Capstone/bringup/ChaosCore-FPGA/RV32RocketFPGAConfig/RV32Rocket/platform/export/platform/hw/BD_wrapper.xsa -mem-ranges [list {0x80000000 0xbfffffff} {0x400000000 0x5ffffffff} {0x1000000000 0x7fffffffff}]
18:07:30 INFO  : configparams force-mem-access 1
18:07:30 INFO  : targets -set -nocase -filter {name =~"APU*"}
18:07:30 INFO  : source /tools/Xilinx/Vitis/2024.2/vitis-server/scripts/jtag_reg.tcl
18:07:30 INFO  : Boot mode is read from the target.
18:07:30 INFO  : targets -set -nocase -filter {name =~ "*A53*#0"}
18:07:30 INFO  : rst -processor
18:07:30 INFO  : dow /mnt/Storage/SCHOOL/Capstone/bringup/ChaosCore-FPGA/RV32RocketFPGAConfig/RV32Rocket/platform/export/platform/sw/boot/fsbl.elf
18:07:30 INFO  : set bp_7_30_fsbl_bp [bpadd -addr &XFsbl_Exit]
18:07:31 INFO  : con -block -timeout 60
18:07:32 INFO  : bpremove $bp_7_30_fsbl_bp
18:07:32 INFO  : targets -set -nocase -filter {name =~ "*A53*#0"}
18:07:32 INFO  : rst -processor
18:07:32 INFO  : dow /mnt/Storage/SCHOOL/Capstone/bringup/ChaosCore-FPGA/RV32RocketFPGAConfig/RV32Rocket/hello_world/build/hello_world.elf
18:07:32 INFO  : con
18:07:32 INFO  : configparams force-mem-access 0
18:07:33 INFO  : Testing the connection for 127.0.0.1
18:27:18 INFO  : disconnect
19:31:10 INFO  : updated workspace path: /mnt/Storage/SCHOOL/Capstone/bringup/ChaosCore-FPGA/RV32RocketFPGAConfig/RV32Rocket
19:31:10 INFO  : created .gitignore file for the project /mnt/Storage/SCHOOL/Capstone/bringup/ChaosCore-FPGA/RV32RocketFPGAConfig/RV32Rocket
19:31:10 INFO  : bash, -c, source /tools/Xilinx/Vitis/2024.2/tps/lnx64/lopper-1.1.0/env/bin/activate && python /tools/Xilinx/Vitis/2024.2/data/embeddedsw/scripts/pyesw//get_template_data.py -d /tmp/rigel_lopper_alisher15156068112024144813 -r /mnt/Storage/SCHOOL/Capstone/bringup/ChaosCore-FPGA/RV32RocketFPGAConfig/RV32Rocket/_ide/.wsdata/.repo.yaml && deactivate
19:31:11 INFO  : Embedded Template List generated successfully
19:31:13 INFO  : Done
19:31:42 INFO  : Found no platform with name 'BD_wrapper' in install repositories
19:31:42 INFO  : HW XSA update started
19:31:43 INFO  : Using sdt generation script from /tools/Xilinx/Vitis/2024.2/vitis-server/scripts/platformutil.tcl
19:31:43 INFO  : bash, -c, source /tools/Xilinx/Vitis/2024.2/tps/lnx64/lopper-1.1.0/env/bin/activate && xsct /tools/Xilinx/Vitis/2024.2/vitis-server/scripts/platformutil.tcl /mnt/Storage/SCHOOL/Capstone/bringup/ChaosCore-FPGA/RV32RocketFPGAConfig/RV32Rocket/BD_wrapper.xsa /mnt/Storage/SCHOOL/Capstone/bringup/ChaosCore-FPGA/RV32RocketFPGAConfig/RV32Rocket/platform/hw/sdt && deactivate
19:31:53 INFO  : SDT generated successfully
19:31:53 INFO  : Generating BSP for the domain /mnt/Storage/SCHOOL/Capstone/bringup/ChaosCore-FPGA/RV32RocketFPGAConfig/RV32Rocket/platform/zynqmp_fsbl/zynqmp_fsbl_bsp
19:31:53 INFO  : lopper command to reconfigure BSP :python /tools/Xilinx/Vitis/2024.2/data/embeddedsw/scripts/pyesw//reconfig_bsp.py -d /mnt/Storage/SCHOOL/Capstone/bringup/ChaosCore-FPGA/RV32RocketFPGAConfig/RV32Rocket/platform/zynqmp_fsbl/zynqmp_fsbl_bsp
19:31:53 INFO  : bash, -c, source /tools/Xilinx/Vitis/2024.2/tps/lnx64/lopper-1.1.0/env/bin/activate && python /tools/Xilinx/Vitis/2024.2/data/embeddedsw/scripts/pyesw//reconfig_bsp.py -d /mnt/Storage/SCHOOL/Capstone/bringup/ChaosCore-FPGA/RV32RocketFPGAConfig/RV32Rocket/platform/zynqmp_fsbl/zynqmp_fsbl_bsp && deactivate
19:31:54 INFO  : Domain reconfigured successfully
19:31:54 INFO  : lopper command to regenerate BSP :python /tools/Xilinx/Vitis/2024.2/data/embeddedsw/scripts/pyesw//regen_bsp.py -s /mnt/Storage/SCHOOL/Capstone/bringup/ChaosCore-FPGA/RV32RocketFPGAConfig/RV32Rocket/platform/hw/sdt/system-top.dts -d /mnt/Storage/SCHOOL/Capstone/bringup/ChaosCore-FPGA/RV32RocketFPGAConfig/RV32Rocket/platform/zynqmp_fsbl/zynqmp_fsbl_bsp -r /mnt/Storage/SCHOOL/Capstone/bringup/ChaosCore-FPGA/RV32RocketFPGAConfig/RV32Rocket/_ide/.wsdata/.repo.yaml
19:31:54 INFO  : bash, -c, source /tools/Xilinx/Vitis/2024.2/tps/lnx64/lopper-1.1.0/env/bin/activate && python /tools/Xilinx/Vitis/2024.2/data/embeddedsw/scripts/pyesw//regen_bsp.py -s /mnt/Storage/SCHOOL/Capstone/bringup/ChaosCore-FPGA/RV32RocketFPGAConfig/RV32Rocket/platform/hw/sdt/system-top.dts -d /mnt/Storage/SCHOOL/Capstone/bringup/ChaosCore-FPGA/RV32RocketFPGAConfig/RV32Rocket/platform/zynqmp_fsbl/zynqmp_fsbl_bsp -r /mnt/Storage/SCHOOL/Capstone/bringup/ChaosCore-FPGA/RV32RocketFPGAConfig/RV32Rocket/_ide/.wsdata/.repo.yaml && deactivate
19:32:10 INFO  : -- Configuring done
19:32:10 INFO  : -- Generating done
19:32:10 INFO  : -- Build files have been written to: /mnt/Storage/SCHOOL/Capstone/bringup/ChaosCore-FPGA/RV32RocketFPGAConfig/RV32Rocket/platform/zynqmp_fsbl/zynqmp_fsbl_bsp/libsrc/build_configs/gen_bsp
19:32:10 INFO  : Successfully created Domain at /mnt/Storage/SCHOOL/Capstone/bringup/ChaosCore-FPGA/RV32RocketFPGAConfig/RV32Rocket/platform/zynqmp_fsbl/zynqmp_fsbl_bsp
19:32:10 INFO  : BSP regenerated successfully
19:32:10 INFO  : Generating BSP for the domain /mnt/Storage/SCHOOL/Capstone/bringup/ChaosCore-FPGA/RV32RocketFPGAConfig/RV32Rocket/platform/psu_cortexa53_0/standalone_psu_cortexa53_0/bsp
19:32:10 INFO  : lopper command to reconfigure BSP :python /tools/Xilinx/Vitis/2024.2/data/embeddedsw/scripts/pyesw//reconfig_bsp.py -d /mnt/Storage/SCHOOL/Capstone/bringup/ChaosCore-FPGA/RV32RocketFPGAConfig/RV32Rocket/platform/psu_cortexa53_0/standalone_psu_cortexa53_0/bsp
19:32:10 INFO  : bash, -c, source /tools/Xilinx/Vitis/2024.2/tps/lnx64/lopper-1.1.0/env/bin/activate && python /tools/Xilinx/Vitis/2024.2/data/embeddedsw/scripts/pyesw//reconfig_bsp.py -d /mnt/Storage/SCHOOL/Capstone/bringup/ChaosCore-FPGA/RV32RocketFPGAConfig/RV32Rocket/platform/psu_cortexa53_0/standalone_psu_cortexa53_0/bsp && deactivate
19:32:11 INFO  : Domain reconfigured successfully
19:32:11 INFO  : lopper command to regenerate BSP :python /tools/Xilinx/Vitis/2024.2/data/embeddedsw/scripts/pyesw//regen_bsp.py -s /mnt/Storage/SCHOOL/Capstone/bringup/ChaosCore-FPGA/RV32RocketFPGAConfig/RV32Rocket/platform/hw/sdt/system-top.dts -d /mnt/Storage/SCHOOL/Capstone/bringup/ChaosCore-FPGA/RV32RocketFPGAConfig/RV32Rocket/platform/psu_cortexa53_0/standalone_psu_cortexa53_0/bsp -r /mnt/Storage/SCHOOL/Capstone/bringup/ChaosCore-FPGA/RV32RocketFPGAConfig/RV32Rocket/_ide/.wsdata/.repo.yaml
19:32:11 INFO  : bash, -c, source /tools/Xilinx/Vitis/2024.2/tps/lnx64/lopper-1.1.0/env/bin/activate && python /tools/Xilinx/Vitis/2024.2/data/embeddedsw/scripts/pyesw//regen_bsp.py -s /mnt/Storage/SCHOOL/Capstone/bringup/ChaosCore-FPGA/RV32RocketFPGAConfig/RV32Rocket/platform/hw/sdt/system-top.dts -d /mnt/Storage/SCHOOL/Capstone/bringup/ChaosCore-FPGA/RV32RocketFPGAConfig/RV32Rocket/platform/psu_cortexa53_0/standalone_psu_cortexa53_0/bsp -r /mnt/Storage/SCHOOL/Capstone/bringup/ChaosCore-FPGA/RV32RocketFPGAConfig/RV32Rocket/_ide/.wsdata/.repo.yaml && deactivate
19:32:21 INFO  : -- Configuring done
19:32:21 INFO  : -- Generating done
19:32:21 INFO  : -- Build files have been written to: /mnt/Storage/SCHOOL/Capstone/bringup/ChaosCore-FPGA/RV32RocketFPGAConfig/RV32Rocket/platform/psu_cortexa53_0/standalone_psu_cortexa53_0/bsp/libsrc/build_configs/gen_bsp
19:32:21 INFO  : Successfully created Domain at /mnt/Storage/SCHOOL/Capstone/bringup/ChaosCore-FPGA/RV32RocketFPGAConfig/RV32Rocket/platform/psu_cortexa53_0/standalone_psu_cortexa53_0/bsp
19:32:21 INFO  : BSP regenerated successfully
19:32:21 INFO  : Hardware XSA update finished successfully
19:32:30 INFO  : BSP build will be initiated for Domain standalone_psu_cortexa53_0
19:32:30 INFO  : BSP build will be initiated for Domain zynqmp_fsbl
19:32:30 INFO  : Generating BSP for the domain /mnt/Storage/SCHOOL/Capstone/bringup/ChaosCore-FPGA/RV32RocketFPGAConfig/RV32Rocket/platform/zynqmp_fsbl/zynqmp_fsbl_bsp
19:32:30 INFO  : Generating BSP for the domain /mnt/Storage/SCHOOL/Capstone/bringup/ChaosCore-FPGA/RV32RocketFPGAConfig/RV32Rocket/platform/psu_cortexa53_0/standalone_psu_cortexa53_0/bsp
19:32:30 INFO  : lopper command to reconfigure BSP :python /tools/Xilinx/Vitis/2024.2/data/embeddedsw/scripts/pyesw//reconfig_bsp.py -d /mnt/Storage/SCHOOL/Capstone/bringup/ChaosCore-FPGA/RV32RocketFPGAConfig/RV32Rocket/platform/psu_cortexa53_0/standalone_psu_cortexa53_0/bsp
19:32:30 INFO  : lopper command to reconfigure BSP :python /tools/Xilinx/Vitis/2024.2/data/embeddedsw/scripts/pyesw//reconfig_bsp.py -d /mnt/Storage/SCHOOL/Capstone/bringup/ChaosCore-FPGA/RV32RocketFPGAConfig/RV32Rocket/platform/zynqmp_fsbl/zynqmp_fsbl_bsp
19:32:30 INFO  : bash, -c, source /tools/Xilinx/Vitis/2024.2/tps/lnx64/lopper-1.1.0/env/bin/activate && python /tools/Xilinx/Vitis/2024.2/data/embeddedsw/scripts/pyesw//reconfig_bsp.py -d /mnt/Storage/SCHOOL/Capstone/bringup/ChaosCore-FPGA/RV32RocketFPGAConfig/RV32Rocket/platform/psu_cortexa53_0/standalone_psu_cortexa53_0/bsp && deactivate
19:32:30 INFO  : bash, -c, source /tools/Xilinx/Vitis/2024.2/tps/lnx64/lopper-1.1.0/env/bin/activate && python /tools/Xilinx/Vitis/2024.2/data/embeddedsw/scripts/pyesw//reconfig_bsp.py -d /mnt/Storage/SCHOOL/Capstone/bringup/ChaosCore-FPGA/RV32RocketFPGAConfig/RV32Rocket/platform/zynqmp_fsbl/zynqmp_fsbl_bsp && deactivate
19:32:30 INFO  : Domain reconfigured successfully
19:32:30 INFO  : Generating BSP for the domain /mnt/Storage/SCHOOL/Capstone/bringup/ChaosCore-FPGA/RV32RocketFPGAConfig/RV32Rocket/platform/psu_cortexa53_0/standalone_psu_cortexa53_0/bsp
19:32:30 INFO  : lopper command to build BSP :python /tools/Xilinx/Vitis/2024.2/data/embeddedsw/scripts/pyesw//build_bsp.py -d /mnt/Storage/SCHOOL/Capstone/bringup/ChaosCore-FPGA/RV32RocketFPGAConfig/RV32Rocket/platform/psu_cortexa53_0/standalone_psu_cortexa53_0/bsp
19:32:30 INFO  : bash, -c, source /tools/Xilinx/Vitis/2024.2/tps/lnx64/lopper-1.1.0/env/bin/activate && python /tools/Xilinx/Vitis/2024.2/data/embeddedsw/scripts/pyesw//build_bsp.py -d /mnt/Storage/SCHOOL/Capstone/bringup/ChaosCore-FPGA/RV32RocketFPGAConfig/RV32Rocket/platform/psu_cortexa53_0/standalone_psu_cortexa53_0/bsp && deactivate
19:32:30 INFO  : Domain reconfigured successfully
19:32:30 INFO  : Generating BSP for the domain /mnt/Storage/SCHOOL/Capstone/bringup/ChaosCore-FPGA/RV32RocketFPGAConfig/RV32Rocket/platform/zynqmp_fsbl/zynqmp_fsbl_bsp
19:32:30 INFO  : lopper command to build BSP :python /tools/Xilinx/Vitis/2024.2/data/embeddedsw/scripts/pyesw//build_bsp.py -d /mnt/Storage/SCHOOL/Capstone/bringup/ChaosCore-FPGA/RV32RocketFPGAConfig/RV32Rocket/platform/zynqmp_fsbl/zynqmp_fsbl_bsp
19:32:30 INFO  : bash, -c, source /tools/Xilinx/Vitis/2024.2/tps/lnx64/lopper-1.1.0/env/bin/activate && python /tools/Xilinx/Vitis/2024.2/data/embeddedsw/scripts/pyesw//build_bsp.py -d /mnt/Storage/SCHOOL/Capstone/bringup/ChaosCore-FPGA/RV32RocketFPGAConfig/RV32Rocket/platform/zynqmp_fsbl/zynqmp_fsbl_bsp && deactivate
19:32:38 INFO  : Domain build successfully
19:32:38 INFO  : Domain build successfully
19:32:38 INFO  : Generating Boot ELFs
19:32:38 INFO  : lopper command to retarget baremetal application :python /tools/Xilinx/Vitis/2024.2/data/embeddedsw/scripts/pyesw//retarget_app.py -s /mnt/Storage/SCHOOL/Capstone/bringup/ChaosCore-FPGA/RV32RocketFPGAConfig/RV32Rocket/platform/zynqmp_fsbl -d /mnt/Storage/SCHOOL/Capstone/bringup/ChaosCore-FPGA/RV32RocketFPGAConfig/RV32Rocket/platform/zynqmp_fsbl/zynqmp_fsbl_bsp -b /mnt/Storage/SCHOOL/Capstone/bringup/ChaosCore-FPGA/RV32RocketFPGAConfig/RV32Rocket/platform/zynqmp_fsbl/build
19:32:38 INFO  : bash, -c, source /tools/Xilinx/Vitis/2024.2/tps/lnx64/lopper-1.1.0/env/bin/activate && python /tools/Xilinx/Vitis/2024.2/data/embeddedsw/scripts/pyesw//retarget_app.py -s /mnt/Storage/SCHOOL/Capstone/bringup/ChaosCore-FPGA/RV32RocketFPGAConfig/RV32Rocket/platform/zynqmp_fsbl -d /mnt/Storage/SCHOOL/Capstone/bringup/ChaosCore-FPGA/RV32RocketFPGAConfig/RV32Rocket/platform/zynqmp_fsbl/zynqmp_fsbl_bsp -b /mnt/Storage/SCHOOL/Capstone/bringup/ChaosCore-FPGA/RV32RocketFPGAConfig/RV32Rocket/platform/zynqmp_fsbl/build && deactivate
19:32:38 INFO  : Successfully retargeted Application /mnt/Storage/SCHOOL/Capstone/bringup/ChaosCore-FPGA/RV32RocketFPGAConfig/RV32Rocket/platform/zynqmp_fsbl
19:32:38 INFO  : lopper command to build baremetal application :python /tools/Xilinx/Vitis/2024.2/data/embeddedsw/scripts/pyesw//build_app.py -s /mnt/Storage/SCHOOL/Capstone/bringup/ChaosCore-FPGA/RV32RocketFPGAConfig/RV32Rocket/platform/zynqmp_fsbl -b /mnt/Storage/SCHOOL/Capstone/bringup/ChaosCore-FPGA/RV32RocketFPGAConfig/RV32Rocket/platform/zynqmp_fsbl/build
19:32:38 INFO  : bash, -c, source /tools/Xilinx/Vitis/2024.2/tps/lnx64/lopper-1.1.0/env/bin/activate && python /tools/Xilinx/Vitis/2024.2/data/embeddedsw/scripts/pyesw//build_app.py -s /mnt/Storage/SCHOOL/Capstone/bringup/ChaosCore-FPGA/RV32RocketFPGAConfig/RV32Rocket/platform/zynqmp_fsbl -b /mnt/Storage/SCHOOL/Capstone/bringup/ChaosCore-FPGA/RV32RocketFPGAConfig/RV32Rocket/platform/zynqmp_fsbl/build && deactivate
19:32:42 INFO  : Successfully building the baremetal application/mnt/Storage/SCHOOL/Capstone/bringup/ChaosCore-FPGA/RV32RocketFPGAConfig/RV32Rocket/platform/zynqmp_fsbl/build
19:32:42 INFO  : Generating Export directory
19:32:43 INFO  : Platform Build Finished successfully.
19:33:23 INFO  : connect -url tcp:127.0.0.1:3121
19:33:27 INFO  : bpremove -all
19:33:27 INFO  : source /tools/Xilinx/Vitis/2024.2/scripts/vitis/util/zynqmp_utils.tcl
19:33:28 INFO  : Context for 'APU' is selected.
19:33:28 INFO  : System reset is completed.
19:33:31 INFO  : 'after 3000' command is executed.
19:33:32 INFO  : 'targets -set -filter {jtag_cable_name =~ "Avnet USB-to-JTAG/UART Pod V1 1234-oj1A" && level==0 && jtag_device_ctx=="jsn-USB-to-JTAG/UART Pod V1-1234-oj1A-14710093-0"}' command is executed.
19:33:36 INFO  : Device configured successfully with "/mnt/Storage/SCHOOL/Capstone/bringup/ChaosCore-FPGA/RV32RocketFPGAConfig/RV32Rocket/hello_world/_ide/bitstream/BD_wrapper.bit"
19:33:36 INFO  : targets -set -nocase -filter {name =~"PSU*"}
19:33:36 INFO  : catch {disable_pmu_gate}
19:33:36 INFO  : targets -set -nocase -filter {name =~"APU*"}
19:33:37 INFO  : loadhw -hw /mnt/Storage/SCHOOL/Capstone/bringup/ChaosCore-FPGA/RV32RocketFPGAConfig/RV32Rocket/platform/export/platform/hw/BD_wrapper.xsa -mem-ranges [list {0x80000000 0xbfffffff} {0x400000000 0x5ffffffff} {0x1000000000 0x7fffffffff}]
19:33:37 INFO  : configparams force-mem-access 1
19:33:37 INFO  : targets -set -nocase -filter {name =~"APU*"}
19:33:37 INFO  : source /tools/Xilinx/Vitis/2024.2/vitis-server/scripts/jtag_reg.tcl
19:33:37 INFO  : Boot mode is read from the target.
19:33:37 INFO  : targets -set -nocase -filter {name =~ "*A53*#0"}
19:33:37 INFO  : rst -processor
19:33:37 INFO  : dow /mnt/Storage/SCHOOL/Capstone/bringup/ChaosCore-FPGA/RV32RocketFPGAConfig/RV32Rocket/platform/export/platform/sw/boot/fsbl.elf
19:33:37 INFO  : set bp_33_37_fsbl_bp [bpadd -addr &XFsbl_Exit]
19:33:38 INFO  : con -block -timeout 60
19:33:38 INFO  : bpremove $bp_33_37_fsbl_bp
19:33:38 INFO  : targets -set -nocase -filter {name =~ "*A53*#0"}
19:33:38 INFO  : rst -processor
19:33:38 INFO  : dow /mnt/Storage/SCHOOL/Capstone/bringup/ChaosCore-FPGA/RV32RocketFPGAConfig/RV32Rocket/hello_world/build/hello_world.elf
19:33:39 INFO  : con
19:33:39 INFO  : configparams force-mem-access 0
19:33:40 INFO  : Testing the connection for 127.0.0.1
19:38:26 INFO  : Terminating Vitis C++ Server
20:49:21 INFO  : updated workspace path: /mnt/Storage/SCHOOL/Capstone/bringup/ChaosCore-FPGA/RV32RocketFPGAConfig/RV32Rocket
20:49:21 INFO  : created .gitignore file for the project /mnt/Storage/SCHOOL/Capstone/bringup/ChaosCore-FPGA/RV32RocketFPGAConfig/RV32Rocket
20:49:21 INFO  : bash, -c, source /tools/Xilinx/Vitis/2024.2/tps/lnx64/lopper-1.1.0/env/bin/activate && python /tools/Xilinx/Vitis/2024.2/data/embeddedsw/scripts/pyesw//get_template_data.py -d /tmp/rigel_lopper_alisher1592301929772046572 -r /mnt/Storage/SCHOOL/Capstone/bringup/ChaosCore-FPGA/RV32RocketFPGAConfig/RV32Rocket/_ide/.wsdata/.repo.yaml && deactivate
20:49:21 INFO  : Embedded Template List generated successfully
20:49:23 INFO  : XSDB server has started successfully from frontend.
20:49:23 INFO  : It has taken  3secs.
20:49:24 INFO  : Connection to XSDB Server established.
20:49:24 INFO  : It has taken  1secs.
20:49:24 INFO  : Done
20:49:37 INFO  : Found no platform with name 'BD_wrapper' in install repositories
20:49:37 INFO  : HW XSA update started
20:49:37 INFO  : Using sdt generation script from /tools/Xilinx/Vitis/2024.2/vitis-server/scripts/platformutil.tcl
20:49:37 INFO  : bash, -c, source /tools/Xilinx/Vitis/2024.2/tps/lnx64/lopper-1.1.0/env/bin/activate && xsct /tools/Xilinx/Vitis/2024.2/vitis-server/scripts/platformutil.tcl /mnt/Storage/SCHOOL/Capstone/bringup/ChaosCore-FPGA/RV32RocketFPGAConfig/RV32Rocket/BD_wrapper.xsa /mnt/Storage/SCHOOL/Capstone/bringup/ChaosCore-FPGA/RV32RocketFPGAConfig/RV32Rocket/platform/hw/sdt && deactivate
20:49:47 INFO  : SDT generated successfully
20:49:47 INFO  : Generating BSP for the domain /mnt/Storage/SCHOOL/Capstone/bringup/ChaosCore-FPGA/RV32RocketFPGAConfig/RV32Rocket/platform/zynqmp_fsbl/zynqmp_fsbl_bsp
20:49:47 INFO  : lopper command to reconfigure BSP :python /tools/Xilinx/Vitis/2024.2/data/embeddedsw/scripts/pyesw//reconfig_bsp.py -d /mnt/Storage/SCHOOL/Capstone/bringup/ChaosCore-FPGA/RV32RocketFPGAConfig/RV32Rocket/platform/zynqmp_fsbl/zynqmp_fsbl_bsp
20:49:47 INFO  : bash, -c, source /tools/Xilinx/Vitis/2024.2/tps/lnx64/lopper-1.1.0/env/bin/activate && python /tools/Xilinx/Vitis/2024.2/data/embeddedsw/scripts/pyesw//reconfig_bsp.py -d /mnt/Storage/SCHOOL/Capstone/bringup/ChaosCore-FPGA/RV32RocketFPGAConfig/RV32Rocket/platform/zynqmp_fsbl/zynqmp_fsbl_bsp && deactivate
20:49:48 INFO  : Domain reconfigured successfully
20:49:48 INFO  : lopper command to regenerate BSP :python /tools/Xilinx/Vitis/2024.2/data/embeddedsw/scripts/pyesw//regen_bsp.py -s /mnt/Storage/SCHOOL/Capstone/bringup/ChaosCore-FPGA/RV32RocketFPGAConfig/RV32Rocket/platform/hw/sdt/system-top.dts -d /mnt/Storage/SCHOOL/Capstone/bringup/ChaosCore-FPGA/RV32RocketFPGAConfig/RV32Rocket/platform/zynqmp_fsbl/zynqmp_fsbl_bsp -r /mnt/Storage/SCHOOL/Capstone/bringup/ChaosCore-FPGA/RV32RocketFPGAConfig/RV32Rocket/_ide/.wsdata/.repo.yaml
20:49:48 INFO  : bash, -c, source /tools/Xilinx/Vitis/2024.2/tps/lnx64/lopper-1.1.0/env/bin/activate && python /tools/Xilinx/Vitis/2024.2/data/embeddedsw/scripts/pyesw//regen_bsp.py -s /mnt/Storage/SCHOOL/Capstone/bringup/ChaosCore-FPGA/RV32RocketFPGAConfig/RV32Rocket/platform/hw/sdt/system-top.dts -d /mnt/Storage/SCHOOL/Capstone/bringup/ChaosCore-FPGA/RV32RocketFPGAConfig/RV32Rocket/platform/zynqmp_fsbl/zynqmp_fsbl_bsp -r /mnt/Storage/SCHOOL/Capstone/bringup/ChaosCore-FPGA/RV32RocketFPGAConfig/RV32Rocket/_ide/.wsdata/.repo.yaml && deactivate
20:50:01 INFO  : -- Configuring done
20:50:01 INFO  : -- Generating done
20:50:01 INFO  : -- Build files have been written to: /mnt/Storage/SCHOOL/Capstone/bringup/ChaosCore-FPGA/RV32RocketFPGAConfig/RV32Rocket/platform/zynqmp_fsbl/zynqmp_fsbl_bsp/libsrc/build_configs/gen_bsp
20:50:01 INFO  : Successfully created Domain at /mnt/Storage/SCHOOL/Capstone/bringup/ChaosCore-FPGA/RV32RocketFPGAConfig/RV32Rocket/platform/zynqmp_fsbl/zynqmp_fsbl_bsp
20:50:01 INFO  : BSP regenerated successfully
20:50:01 INFO  : Generating BSP for the domain /mnt/Storage/SCHOOL/Capstone/bringup/ChaosCore-FPGA/RV32RocketFPGAConfig/RV32Rocket/platform/psu_cortexa53_0/standalone_psu_cortexa53_0/bsp
20:50:01 INFO  : lopper command to reconfigure BSP :python /tools/Xilinx/Vitis/2024.2/data/embeddedsw/scripts/pyesw//reconfig_bsp.py -d /mnt/Storage/SCHOOL/Capstone/bringup/ChaosCore-FPGA/RV32RocketFPGAConfig/RV32Rocket/platform/psu_cortexa53_0/standalone_psu_cortexa53_0/bsp
20:50:01 INFO  : bash, -c, source /tools/Xilinx/Vitis/2024.2/tps/lnx64/lopper-1.1.0/env/bin/activate && python /tools/Xilinx/Vitis/2024.2/data/embeddedsw/scripts/pyesw//reconfig_bsp.py -d /mnt/Storage/SCHOOL/Capstone/bringup/ChaosCore-FPGA/RV32RocketFPGAConfig/RV32Rocket/platform/psu_cortexa53_0/standalone_psu_cortexa53_0/bsp && deactivate
20:50:01 INFO  : Domain reconfigured successfully
20:50:01 INFO  : lopper command to regenerate BSP :python /tools/Xilinx/Vitis/2024.2/data/embeddedsw/scripts/pyesw//regen_bsp.py -s /mnt/Storage/SCHOOL/Capstone/bringup/ChaosCore-FPGA/RV32RocketFPGAConfig/RV32Rocket/platform/hw/sdt/system-top.dts -d /mnt/Storage/SCHOOL/Capstone/bringup/ChaosCore-FPGA/RV32RocketFPGAConfig/RV32Rocket/platform/psu_cortexa53_0/standalone_psu_cortexa53_0/bsp -r /mnt/Storage/SCHOOL/Capstone/bringup/ChaosCore-FPGA/RV32RocketFPGAConfig/RV32Rocket/_ide/.wsdata/.repo.yaml
20:50:01 INFO  : bash, -c, source /tools/Xilinx/Vitis/2024.2/tps/lnx64/lopper-1.1.0/env/bin/activate && python /tools/Xilinx/Vitis/2024.2/data/embeddedsw/scripts/pyesw//regen_bsp.py -s /mnt/Storage/SCHOOL/Capstone/bringup/ChaosCore-FPGA/RV32RocketFPGAConfig/RV32Rocket/platform/hw/sdt/system-top.dts -d /mnt/Storage/SCHOOL/Capstone/bringup/ChaosCore-FPGA/RV32RocketFPGAConfig/RV32Rocket/platform/psu_cortexa53_0/standalone_psu_cortexa53_0/bsp -r /mnt/Storage/SCHOOL/Capstone/bringup/ChaosCore-FPGA/RV32RocketFPGAConfig/RV32Rocket/_ide/.wsdata/.repo.yaml && deactivate
20:50:12 INFO  : -- Configuring done
20:50:12 INFO  : -- Generating done
20:50:12 INFO  : -- Build files have been written to: /mnt/Storage/SCHOOL/Capstone/bringup/ChaosCore-FPGA/RV32RocketFPGAConfig/RV32Rocket/platform/psu_cortexa53_0/standalone_psu_cortexa53_0/bsp/libsrc/build_configs/gen_bsp
20:50:12 INFO  : Successfully created Domain at /mnt/Storage/SCHOOL/Capstone/bringup/ChaosCore-FPGA/RV32RocketFPGAConfig/RV32Rocket/platform/psu_cortexa53_0/standalone_psu_cortexa53_0/bsp
20:50:12 INFO  : BSP regenerated successfully
20:50:12 INFO  : Hardware XSA update finished successfully
20:50:18 INFO  : BSP build will be initiated for Domain standalone_psu_cortexa53_0
20:50:18 INFO  : BSP build will be initiated for Domain zynqmp_fsbl
20:50:18 INFO  : Generating BSP for the domain /mnt/Storage/SCHOOL/Capstone/bringup/ChaosCore-FPGA/RV32RocketFPGAConfig/RV32Rocket/platform/psu_cortexa53_0/standalone_psu_cortexa53_0/bsp
20:50:18 INFO  : Generating BSP for the domain /mnt/Storage/SCHOOL/Capstone/bringup/ChaosCore-FPGA/RV32RocketFPGAConfig/RV32Rocket/platform/zynqmp_fsbl/zynqmp_fsbl_bsp
20:50:18 INFO  : lopper command to reconfigure BSP :python /tools/Xilinx/Vitis/2024.2/data/embeddedsw/scripts/pyesw//reconfig_bsp.py -d /mnt/Storage/SCHOOL/Capstone/bringup/ChaosCore-FPGA/RV32RocketFPGAConfig/RV32Rocket/platform/psu_cortexa53_0/standalone_psu_cortexa53_0/bsp
20:50:18 INFO  : lopper command to reconfigure BSP :python /tools/Xilinx/Vitis/2024.2/data/embeddedsw/scripts/pyesw//reconfig_bsp.py -d /mnt/Storage/SCHOOL/Capstone/bringup/ChaosCore-FPGA/RV32RocketFPGAConfig/RV32Rocket/platform/zynqmp_fsbl/zynqmp_fsbl_bsp
20:50:18 INFO  : bash, -c, source /tools/Xilinx/Vitis/2024.2/tps/lnx64/lopper-1.1.0/env/bin/activate && python /tools/Xilinx/Vitis/2024.2/data/embeddedsw/scripts/pyesw//reconfig_bsp.py -d /mnt/Storage/SCHOOL/Capstone/bringup/ChaosCore-FPGA/RV32RocketFPGAConfig/RV32Rocket/platform/psu_cortexa53_0/standalone_psu_cortexa53_0/bsp && deactivate
20:50:18 INFO  : bash, -c, source /tools/Xilinx/Vitis/2024.2/tps/lnx64/lopper-1.1.0/env/bin/activate && python /tools/Xilinx/Vitis/2024.2/data/embeddedsw/scripts/pyesw//reconfig_bsp.py -d /mnt/Storage/SCHOOL/Capstone/bringup/ChaosCore-FPGA/RV32RocketFPGAConfig/RV32Rocket/platform/zynqmp_fsbl/zynqmp_fsbl_bsp && deactivate
20:50:20 INFO  : Domain reconfigured successfully
20:50:20 INFO  : Generating BSP for the domain /mnt/Storage/SCHOOL/Capstone/bringup/ChaosCore-FPGA/RV32RocketFPGAConfig/RV32Rocket/platform/psu_cortexa53_0/standalone_psu_cortexa53_0/bsp
20:50:20 INFO  : lopper command to build BSP :python /tools/Xilinx/Vitis/2024.2/data/embeddedsw/scripts/pyesw//build_bsp.py -d /mnt/Storage/SCHOOL/Capstone/bringup/ChaosCore-FPGA/RV32RocketFPGAConfig/RV32Rocket/platform/psu_cortexa53_0/standalone_psu_cortexa53_0/bsp
20:50:20 INFO  : bash, -c, source /tools/Xilinx/Vitis/2024.2/tps/lnx64/lopper-1.1.0/env/bin/activate && python /tools/Xilinx/Vitis/2024.2/data/embeddedsw/scripts/pyesw//build_bsp.py -d /mnt/Storage/SCHOOL/Capstone/bringup/ChaosCore-FPGA/RV32RocketFPGAConfig/RV32Rocket/platform/psu_cortexa53_0/standalone_psu_cortexa53_0/bsp && deactivate
20:50:20 INFO  : Domain reconfigured successfully
20:50:20 INFO  : Generating BSP for the domain /mnt/Storage/SCHOOL/Capstone/bringup/ChaosCore-FPGA/RV32RocketFPGAConfig/RV32Rocket/platform/zynqmp_fsbl/zynqmp_fsbl_bsp
20:50:20 INFO  : lopper command to build BSP :python /tools/Xilinx/Vitis/2024.2/data/embeddedsw/scripts/pyesw//build_bsp.py -d /mnt/Storage/SCHOOL/Capstone/bringup/ChaosCore-FPGA/RV32RocketFPGAConfig/RV32Rocket/platform/zynqmp_fsbl/zynqmp_fsbl_bsp
20:50:20 INFO  : bash, -c, source /tools/Xilinx/Vitis/2024.2/tps/lnx64/lopper-1.1.0/env/bin/activate && python /tools/Xilinx/Vitis/2024.2/data/embeddedsw/scripts/pyesw//build_bsp.py -d /mnt/Storage/SCHOOL/Capstone/bringup/ChaosCore-FPGA/RV32RocketFPGAConfig/RV32Rocket/platform/zynqmp_fsbl/zynqmp_fsbl_bsp && deactivate
20:50:29 INFO  : Domain build successfully
20:50:29 INFO  : Domain build successfully
20:50:29 INFO  : Generating Boot ELFs
20:50:29 INFO  : lopper command to retarget baremetal application :python /tools/Xilinx/Vitis/2024.2/data/embeddedsw/scripts/pyesw//retarget_app.py -s /mnt/Storage/SCHOOL/Capstone/bringup/ChaosCore-FPGA/RV32RocketFPGAConfig/RV32Rocket/platform/zynqmp_fsbl -d /mnt/Storage/SCHOOL/Capstone/bringup/ChaosCore-FPGA/RV32RocketFPGAConfig/RV32Rocket/platform/zynqmp_fsbl/zynqmp_fsbl_bsp -b /mnt/Storage/SCHOOL/Capstone/bringup/ChaosCore-FPGA/RV32RocketFPGAConfig/RV32Rocket/platform/zynqmp_fsbl/build
20:50:29 INFO  : bash, -c, source /tools/Xilinx/Vitis/2024.2/tps/lnx64/lopper-1.1.0/env/bin/activate && python /tools/Xilinx/Vitis/2024.2/data/embeddedsw/scripts/pyesw//retarget_app.py -s /mnt/Storage/SCHOOL/Capstone/bringup/ChaosCore-FPGA/RV32RocketFPGAConfig/RV32Rocket/platform/zynqmp_fsbl -d /mnt/Storage/SCHOOL/Capstone/bringup/ChaosCore-FPGA/RV32RocketFPGAConfig/RV32Rocket/platform/zynqmp_fsbl/zynqmp_fsbl_bsp -b /mnt/Storage/SCHOOL/Capstone/bringup/ChaosCore-FPGA/RV32RocketFPGAConfig/RV32Rocket/platform/zynqmp_fsbl/build && deactivate
20:50:29 INFO  : Successfully retargeted Application /mnt/Storage/SCHOOL/Capstone/bringup/ChaosCore-FPGA/RV32RocketFPGAConfig/RV32Rocket/platform/zynqmp_fsbl
20:50:29 INFO  : lopper command to build baremetal application :python /tools/Xilinx/Vitis/2024.2/data/embeddedsw/scripts/pyesw//build_app.py -s /mnt/Storage/SCHOOL/Capstone/bringup/ChaosCore-FPGA/RV32RocketFPGAConfig/RV32Rocket/platform/zynqmp_fsbl -b /mnt/Storage/SCHOOL/Capstone/bringup/ChaosCore-FPGA/RV32RocketFPGAConfig/RV32Rocket/platform/zynqmp_fsbl/build
20:50:29 INFO  : bash, -c, source /tools/Xilinx/Vitis/2024.2/tps/lnx64/lopper-1.1.0/env/bin/activate && python /tools/Xilinx/Vitis/2024.2/data/embeddedsw/scripts/pyesw//build_app.py -s /mnt/Storage/SCHOOL/Capstone/bringup/ChaosCore-FPGA/RV32RocketFPGAConfig/RV32Rocket/platform/zynqmp_fsbl -b /mnt/Storage/SCHOOL/Capstone/bringup/ChaosCore-FPGA/RV32RocketFPGAConfig/RV32Rocket/platform/zynqmp_fsbl/build && deactivate
20:50:32 INFO  : Successfully building the baremetal application/mnt/Storage/SCHOOL/Capstone/bringup/ChaosCore-FPGA/RV32RocketFPGAConfig/RV32Rocket/platform/zynqmp_fsbl/build
20:50:32 INFO  : Generating Export directory
20:50:32 INFO  : Platform Build Finished successfully.
20:50:43 INFO  : The hardware specification used by project '/mnt/Storage/SCHOOL/Capstone/bringup/ChaosCore-FPGA/RV32RocketFPGAConfig/RV32Rocket/hello_world' is out of sync with the platform. Resource files extracted from the hardware specification will be updated.
20:50:43 INFO  : The file '/mnt/Storage/SCHOOL/Capstone/bringup/ChaosCore-FPGA/RV32RocketFPGAConfig/RV32Rocket/hello_world/_ide/bitstream/BD_wrapper.bit' stored in project is removed.
20:50:43 INFO  : The updated bitstream files are copied from platform to folder '/mnt/Storage/SCHOOL/Capstone/bringup/ChaosCore-FPGA/RV32RocketFPGAConfig/RV32Rocket/hello_world/_ide/bitstream' in project '/mnt/Storage/SCHOOL/Capstone/bringup/ChaosCore-FPGA/RV32RocketFPGAConfig/RV32Rocket/hello_world'.
20:50:43 INFO  : The file '/mnt/Storage/SCHOOL/Capstone/bringup/ChaosCore-FPGA/RV32RocketFPGAConfig/RV32Rocket/hello_world/_ide/psinit/psu_init.tcl' stored in project is removed.
20:50:43 INFO  : The updated ps init files are copied from platform to folder '/mnt/Storage/SCHOOL/Capstone/bringup/ChaosCore-FPGA/RV32RocketFPGAConfig/RV32Rocket/hello_world/_ide/psinit' in project '/mnt/Storage/SCHOOL/Capstone/bringup/ChaosCore-FPGA/RV32RocketFPGAConfig/RV32Rocket/hello_world'.
20:50:48 INFO  : Connected to target on host '127.0.0.1' and port '3121'.
20:50:58 ERROR : Program device failed Could not find FPGA device on the board for connection 'Local'.


Troubleshooting hints:
1. Check whether board is connected to system properly.
2. In case of zynq board, check whether Digilent/Xilinx cable switch settings are correct.
3. If you are using Xilinx Platform Cable USB, ensure that status LED is green.
20:51:02 INFO  : The updated bitstream files are copied from platform to folder '/mnt/Storage/SCHOOL/Capstone/bringup/ChaosCore-FPGA/RV32RocketFPGAConfig/RV32Rocket/hello_world/_ide/bitstream' in project '/mnt/Storage/SCHOOL/Capstone/bringup/ChaosCore-FPGA/RV32RocketFPGAConfig/RV32Rocket/hello_world'.
20:51:02 INFO  : The updated ps init files are copied from platform to folder '/mnt/Storage/SCHOOL/Capstone/bringup/ChaosCore-FPGA/RV32RocketFPGAConfig/RV32Rocket/hello_world/_ide/psinit' in project '/mnt/Storage/SCHOOL/Capstone/bringup/ChaosCore-FPGA/RV32RocketFPGAConfig/RV32Rocket/hello_world'.
20:51:03 INFO  : Connected to target on host '127.0.0.1' and port '3121'.
20:51:03 INFO  : Connected to target on host '127.0.0.1' and port '3121'.
20:51:03 INFO  : 'targets -set -filter {jtag_cable_name =~ "Avnet USB-to-JTAG/UART Pod V1 1234-oj1A" && level==0 && jtag_device_ctx=="jsn-USB-to-JTAG/UART Pod V1-1234-oj1A-14710093-0"}' command is executed.
20:51:06 INFO  : Device configured successfully with "/mnt/Storage/SCHOOL/Capstone/bringup/ChaosCore-FPGA/RV32RocketFPGAConfig/RV32Rocket/hello_world/_ide/bitstream/BD_wrapper.bit"
20:51:41 INFO  : connect -url tcp:127.0.0.1:3121
20:51:41 INFO  : bpremove -all
20:51:41 INFO  : source /tools/Xilinx/Vitis/2024.2/scripts/vitis/util/zynqmp_utils.tcl
20:51:41 INFO  : Context for 'APU' is selected.
20:51:41 INFO  : System reset is completed.
20:51:44 INFO  : 'after 3000' command is executed.
20:51:44 INFO  : 'targets -set -filter {jtag_cable_name =~ "Avnet USB-to-JTAG/UART Pod V1 1234-oj1A" && level==0 && jtag_device_ctx=="jsn-USB-to-JTAG/UART Pod V1-1234-oj1A-14710093-0"}' command is executed.
20:51:48 INFO  : Device configured successfully with "/mnt/Storage/SCHOOL/Capstone/bringup/ChaosCore-FPGA/RV32RocketFPGAConfig/RV32Rocket/hello_world/_ide/bitstream/BD_wrapper.bit"
20:51:48 INFO  : targets -set -nocase -filter {name =~"PSU*"}
20:51:48 INFO  : catch {disable_pmu_gate}
20:51:48 INFO  : targets -set -nocase -filter {name =~"APU*"}
20:51:48 INFO  : loadhw -hw /mnt/Storage/SCHOOL/Capstone/bringup/ChaosCore-FPGA/RV32RocketFPGAConfig/RV32Rocket/platform/export/platform/hw/BD_wrapper.xsa -mem-ranges [list {0x80000000 0xbfffffff} {0x400000000 0x5ffffffff} {0x1000000000 0x7fffffffff}]
20:51:48 INFO  : configparams force-mem-access 1
20:51:48 INFO  : targets -set -nocase -filter {name =~"APU*"}
20:51:48 INFO  : source /tools/Xilinx/Vitis/2024.2/vitis-server/scripts/jtag_reg.tcl
20:51:48 INFO  : Boot mode is read from the target.
20:51:48 INFO  : targets -set -nocase -filter {name =~ "*A53*#0"}
20:51:48 INFO  : rst -processor
20:51:48 INFO  : dow /mnt/Storage/SCHOOL/Capstone/bringup/ChaosCore-FPGA/RV32RocketFPGAConfig/RV32Rocket/platform/export/platform/sw/boot/fsbl.elf
20:51:49 INFO  : set bp_51_48_fsbl_bp [bpadd -addr &XFsbl_Exit]
20:51:50 INFO  : con -block -timeout 60
20:51:50 INFO  : bpremove $bp_51_48_fsbl_bp
20:51:50 INFO  : targets -set -nocase -filter {name =~ "*A53*#0"}
20:51:50 INFO  : rst -processor
20:51:50 INFO  : dow /mnt/Storage/SCHOOL/Capstone/bringup/ChaosCore-FPGA/RV32RocketFPGAConfig/RV32Rocket/hello_world/build/hello_world.elf
20:51:50 INFO  : con
20:51:50 INFO  : configparams force-mem-access 0
20:51:51 INFO  : Testing the connection for 127.0.0.1
21:10:37 INFO  : BSP build will be initiated for Domain standalone_psu_cortexa53_0
21:10:37 INFO  : BSP build will be initiated for Domain zynqmp_fsbl
21:10:37 INFO  : Generating BSP for the domain /mnt/Storage/SCHOOL/Capstone/bringup/ChaosCore-FPGA/RV32RocketFPGAConfig/RV32Rocket/platform/psu_cortexa53_0/standalone_psu_cortexa53_0/bsp
21:10:37 INFO  : Generating BSP for the domain /mnt/Storage/SCHOOL/Capstone/bringup/ChaosCore-FPGA/RV32RocketFPGAConfig/RV32Rocket/platform/zynqmp_fsbl/zynqmp_fsbl_bsp
21:10:37 INFO  : lopper command to reconfigure BSP :python /tools/Xilinx/Vitis/2024.2/data/embeddedsw/scripts/pyesw//reconfig_bsp.py -d /mnt/Storage/SCHOOL/Capstone/bringup/ChaosCore-FPGA/RV32RocketFPGAConfig/RV32Rocket/platform/zynqmp_fsbl/zynqmp_fsbl_bsp
21:10:37 INFO  : lopper command to reconfigure BSP :python /tools/Xilinx/Vitis/2024.2/data/embeddedsw/scripts/pyesw//reconfig_bsp.py -d /mnt/Storage/SCHOOL/Capstone/bringup/ChaosCore-FPGA/RV32RocketFPGAConfig/RV32Rocket/platform/psu_cortexa53_0/standalone_psu_cortexa53_0/bsp
21:10:37 INFO  : bash, -c, source /tools/Xilinx/Vitis/2024.2/tps/lnx64/lopper-1.1.0/env/bin/activate && python /tools/Xilinx/Vitis/2024.2/data/embeddedsw/scripts/pyesw//reconfig_bsp.py -d /mnt/Storage/SCHOOL/Capstone/bringup/ChaosCore-FPGA/RV32RocketFPGAConfig/RV32Rocket/platform/psu_cortexa53_0/standalone_psu_cortexa53_0/bsp && deactivate
21:10:37 INFO  : bash, -c, source /tools/Xilinx/Vitis/2024.2/tps/lnx64/lopper-1.1.0/env/bin/activate && python /tools/Xilinx/Vitis/2024.2/data/embeddedsw/scripts/pyesw//reconfig_bsp.py -d /mnt/Storage/SCHOOL/Capstone/bringup/ChaosCore-FPGA/RV32RocketFPGAConfig/RV32Rocket/platform/zynqmp_fsbl/zynqmp_fsbl_bsp && deactivate
21:10:37 INFO  : Domain reconfigured successfully
21:10:37 INFO  : Generating BSP for the domain /mnt/Storage/SCHOOL/Capstone/bringup/ChaosCore-FPGA/RV32RocketFPGAConfig/RV32Rocket/platform/psu_cortexa53_0/standalone_psu_cortexa53_0/bsp
21:10:37 INFO  : lopper command to build BSP :python /tools/Xilinx/Vitis/2024.2/data/embeddedsw/scripts/pyesw//build_bsp.py -d /mnt/Storage/SCHOOL/Capstone/bringup/ChaosCore-FPGA/RV32RocketFPGAConfig/RV32Rocket/platform/psu_cortexa53_0/standalone_psu_cortexa53_0/bsp
21:10:37 INFO  : bash, -c, source /tools/Xilinx/Vitis/2024.2/tps/lnx64/lopper-1.1.0/env/bin/activate && python /tools/Xilinx/Vitis/2024.2/data/embeddedsw/scripts/pyesw//build_bsp.py -d /mnt/Storage/SCHOOL/Capstone/bringup/ChaosCore-FPGA/RV32RocketFPGAConfig/RV32Rocket/platform/psu_cortexa53_0/standalone_psu_cortexa53_0/bsp && deactivate
21:10:37 INFO  : Domain reconfigured successfully
21:10:37 INFO  : Generating BSP for the domain /mnt/Storage/SCHOOL/Capstone/bringup/ChaosCore-FPGA/RV32RocketFPGAConfig/RV32Rocket/platform/zynqmp_fsbl/zynqmp_fsbl_bsp
21:10:37 INFO  : lopper command to build BSP :python /tools/Xilinx/Vitis/2024.2/data/embeddedsw/scripts/pyesw//build_bsp.py -d /mnt/Storage/SCHOOL/Capstone/bringup/ChaosCore-FPGA/RV32RocketFPGAConfig/RV32Rocket/platform/zynqmp_fsbl/zynqmp_fsbl_bsp
21:10:37 INFO  : bash, -c, source /tools/Xilinx/Vitis/2024.2/tps/lnx64/lopper-1.1.0/env/bin/activate && python /tools/Xilinx/Vitis/2024.2/data/embeddedsw/scripts/pyesw//build_bsp.py -d /mnt/Storage/SCHOOL/Capstone/bringup/ChaosCore-FPGA/RV32RocketFPGAConfig/RV32Rocket/platform/zynqmp_fsbl/zynqmp_fsbl_bsp && deactivate
21:10:37 INFO  : Domain build successfully
21:10:38 INFO  : Domain build successfully
21:10:38 INFO  : Generating Boot ELFs
21:10:38 INFO  : lopper command to retarget baremetal application :python /tools/Xilinx/Vitis/2024.2/data/embeddedsw/scripts/pyesw//retarget_app.py -s /mnt/Storage/SCHOOL/Capstone/bringup/ChaosCore-FPGA/RV32RocketFPGAConfig/RV32Rocket/platform/zynqmp_fsbl -d /mnt/Storage/SCHOOL/Capstone/bringup/ChaosCore-FPGA/RV32RocketFPGAConfig/RV32Rocket/platform/zynqmp_fsbl/zynqmp_fsbl_bsp -b /mnt/Storage/SCHOOL/Capstone/bringup/ChaosCore-FPGA/RV32RocketFPGAConfig/RV32Rocket/platform/zynqmp_fsbl/build
21:10:38 INFO  : bash, -c, source /tools/Xilinx/Vitis/2024.2/tps/lnx64/lopper-1.1.0/env/bin/activate && python /tools/Xilinx/Vitis/2024.2/data/embeddedsw/scripts/pyesw//retarget_app.py -s /mnt/Storage/SCHOOL/Capstone/bringup/ChaosCore-FPGA/RV32RocketFPGAConfig/RV32Rocket/platform/zynqmp_fsbl -d /mnt/Storage/SCHOOL/Capstone/bringup/ChaosCore-FPGA/RV32RocketFPGAConfig/RV32Rocket/platform/zynqmp_fsbl/zynqmp_fsbl_bsp -b /mnt/Storage/SCHOOL/Capstone/bringup/ChaosCore-FPGA/RV32RocketFPGAConfig/RV32Rocket/platform/zynqmp_fsbl/build && deactivate
21:10:38 INFO  : Successfully retargeted Application /mnt/Storage/SCHOOL/Capstone/bringup/ChaosCore-FPGA/RV32RocketFPGAConfig/RV32Rocket/platform/zynqmp_fsbl
21:10:38 INFO  : lopper command to build baremetal application :python /tools/Xilinx/Vitis/2024.2/data/embeddedsw/scripts/pyesw//build_app.py -s /mnt/Storage/SCHOOL/Capstone/bringup/ChaosCore-FPGA/RV32RocketFPGAConfig/RV32Rocket/platform/zynqmp_fsbl -b /mnt/Storage/SCHOOL/Capstone/bringup/ChaosCore-FPGA/RV32RocketFPGAConfig/RV32Rocket/platform/zynqmp_fsbl/build
21:10:38 INFO  : bash, -c, source /tools/Xilinx/Vitis/2024.2/tps/lnx64/lopper-1.1.0/env/bin/activate && python /tools/Xilinx/Vitis/2024.2/data/embeddedsw/scripts/pyesw//build_app.py -s /mnt/Storage/SCHOOL/Capstone/bringup/ChaosCore-FPGA/RV32RocketFPGAConfig/RV32Rocket/platform/zynqmp_fsbl -b /mnt/Storage/SCHOOL/Capstone/bringup/ChaosCore-FPGA/RV32RocketFPGAConfig/RV32Rocket/platform/zynqmp_fsbl/build && deactivate
21:10:41 INFO  : Successfully building the baremetal application/mnt/Storage/SCHOOL/Capstone/bringup/ChaosCore-FPGA/RV32RocketFPGAConfig/RV32Rocket/platform/zynqmp_fsbl/build
21:10:41 INFO  : Generating Export directory
21:10:41 INFO  : Platform Build Finished successfully.
21:10:42 INFO  : lopper command to retarget baremetal application :python /tools/Xilinx/Vitis/2024.2/data/embeddedsw/scripts/pyesw//retarget_app.py -s /mnt/Storage/SCHOOL/Capstone/bringup/ChaosCore-FPGA/RV32RocketFPGAConfig/RV32Rocket/hello_world/src -d /mnt/Storage/SCHOOL/Capstone/bringup/ChaosCore-FPGA/RV32RocketFPGAConfig/RV32Rocket/platform/export/platform/sw/standalone_psu_cortexa53_0 -b /mnt/Storage/SCHOOL/Capstone/bringup/ChaosCore-FPGA/RV32RocketFPGAConfig/RV32Rocket/hello_world/build
21:10:42 INFO  : bash, -c, source /tools/Xilinx/Vitis/2024.2/tps/lnx64/lopper-1.1.0/env/bin/activate && python /tools/Xilinx/Vitis/2024.2/data/embeddedsw/scripts/pyesw//retarget_app.py -s /mnt/Storage/SCHOOL/Capstone/bringup/ChaosCore-FPGA/RV32RocketFPGAConfig/RV32Rocket/hello_world/src -d /mnt/Storage/SCHOOL/Capstone/bringup/ChaosCore-FPGA/RV32RocketFPGAConfig/RV32Rocket/platform/export/platform/sw/standalone_psu_cortexa53_0 -b /mnt/Storage/SCHOOL/Capstone/bringup/ChaosCore-FPGA/RV32RocketFPGAConfig/RV32Rocket/hello_world/build && deactivate
21:10:42 INFO  : Successfully retargeted Application /mnt/Storage/SCHOOL/Capstone/bringup/ChaosCore-FPGA/RV32RocketFPGAConfig/RV32Rocket/hello_world/src
21:10:42 INFO  : bash, -c, source /tools/Xilinx/Vitis/2024.2/tps/lnx64/lopper-1.1.0/env/bin/activate && python /tools/Xilinx/Vitis/2024.2/data/embeddedsw/scripts/pyesw//build_app.py -s /mnt/Storage/SCHOOL/Capstone/bringup/ChaosCore-FPGA/RV32RocketFPGAConfig/RV32Rocket/hello_world/src -b /mnt/Storage/SCHOOL/Capstone/bringup/ChaosCore-FPGA/RV32RocketFPGAConfig/RV32Rocket/hello_world/build && deactivate
21:12:59 INFO  : connect -url tcp:127.0.0.1:3121
21:12:59 INFO  : bpremove -all
21:12:59 INFO  : source /tools/Xilinx/Vitis/2024.2/scripts/vitis/util/zynqmp_utils.tcl
21:12:59 INFO  : Context for 'APU' is selected.
21:13:00 INFO  : System reset is completed.
21:13:00 INFO  : disconnect
21:13:03 INFO  : 'after 3000' command is executed.
21:13:03 ERROR : Failed to initialize the hardware Invalid target. Use "connect" command to connect to hw_server/TCF agent
21:13:09 INFO  : connect -url tcp:127.0.0.1:3121
21:13:09 INFO  : bpremove -all
21:13:09 INFO  : source /tools/Xilinx/Vitis/2024.2/scripts/vitis/util/zynqmp_utils.tcl
21:13:10 INFO  : Context for 'APU' is selected.
21:13:10 INFO  : System reset is completed.
21:13:13 INFO  : 'after 3000' command is executed.
21:13:13 INFO  : 'targets -set -filter {jtag_cable_name =~ "Avnet USB-to-JTAG/UART Pod V1 1234-oj1A" && level==0 && jtag_device_ctx=="jsn-USB-to-JTAG/UART Pod V1-1234-oj1A-14710093-0"}' command is executed.
21:13:16 INFO  : Device configured successfully with "/mnt/Storage/SCHOOL/Capstone/bringup/ChaosCore-FPGA/RV32RocketFPGAConfig/RV32Rocket/hello_world/_ide/bitstream/BD_wrapper.bit"
21:13:16 INFO  : targets -set -nocase -filter {name =~"PSU*"}
21:13:16 INFO  : catch {disable_pmu_gate}
21:13:16 INFO  : targets -set -nocase -filter {name =~"APU*"}
21:13:16 INFO  : loadhw -hw /mnt/Storage/SCHOOL/Capstone/bringup/ChaosCore-FPGA/RV32RocketFPGAConfig/RV32Rocket/platform/export/platform/hw/BD_wrapper.xsa -mem-ranges [list {0x80000000 0xbfffffff} {0x400000000 0x5ffffffff} {0x1000000000 0x7fffffffff}]
21:13:16 INFO  : configparams force-mem-access 1
21:13:16 INFO  : targets -set -nocase -filter {name =~"APU*"}
21:13:16 INFO  : source /tools/Xilinx/Vitis/2024.2/vitis-server/scripts/jtag_reg.tcl
21:13:16 INFO  : Boot mode is read from the target.
21:13:17 INFO  : targets -set -nocase -filter {name =~ "*A53*#0"}
21:13:17 INFO  : rst -processor
21:13:17 INFO  : dow /mnt/Storage/SCHOOL/Capstone/bringup/ChaosCore-FPGA/RV32RocketFPGAConfig/RV32Rocket/platform/export/platform/sw/boot/fsbl.elf
21:13:17 INFO  : set bp_13_17_fsbl_bp [bpadd -addr &XFsbl_Exit]
21:13:18 INFO  : con -block -timeout 60
21:13:18 INFO  : bpremove $bp_13_17_fsbl_bp
21:13:18 INFO  : targets -set -nocase -filter {name =~ "*A53*#0"}
21:13:18 INFO  : rst -processor
21:13:18 INFO  : dow /mnt/Storage/SCHOOL/Capstone/bringup/ChaosCore-FPGA/RV32RocketFPGAConfig/RV32Rocket/hello_world/build/hello_world.elf
21:13:18 INFO  : con
21:13:18 INFO  : configparams force-mem-access 0
21:13:19 INFO  : Testing the connection for 127.0.0.1
21:32:21 INFO  : BSP build will be initiated for Domain standalone_psu_cortexa53_0
21:32:21 INFO  : BSP build will be initiated for Domain zynqmp_fsbl
21:32:21 INFO  : Generating BSP for the domain /mnt/Storage/SCHOOL/Capstone/bringup/ChaosCore-FPGA/RV32RocketFPGAConfig/RV32Rocket/platform/psu_cortexa53_0/standalone_psu_cortexa53_0/bsp
21:32:21 INFO  : Generating BSP for the domain /mnt/Storage/SCHOOL/Capstone/bringup/ChaosCore-FPGA/RV32RocketFPGAConfig/RV32Rocket/platform/zynqmp_fsbl/zynqmp_fsbl_bsp
21:32:21 INFO  : lopper command to reconfigure BSP :python /tools/Xilinx/Vitis/2024.2/data/embeddedsw/scripts/pyesw//reconfig_bsp.py -d /mnt/Storage/SCHOOL/Capstone/bringup/ChaosCore-FPGA/RV32RocketFPGAConfig/RV32Rocket/platform/psu_cortexa53_0/standalone_psu_cortexa53_0/bsp
21:32:21 INFO  : lopper command to reconfigure BSP :python /tools/Xilinx/Vitis/2024.2/data/embeddedsw/scripts/pyesw//reconfig_bsp.py -d /mnt/Storage/SCHOOL/Capstone/bringup/ChaosCore-FPGA/RV32RocketFPGAConfig/RV32Rocket/platform/zynqmp_fsbl/zynqmp_fsbl_bsp
21:32:21 INFO  : bash, -c, source /tools/Xilinx/Vitis/2024.2/tps/lnx64/lopper-1.1.0/env/bin/activate && python /tools/Xilinx/Vitis/2024.2/data/embeddedsw/scripts/pyesw//reconfig_bsp.py -d /mnt/Storage/SCHOOL/Capstone/bringup/ChaosCore-FPGA/RV32RocketFPGAConfig/RV32Rocket/platform/zynqmp_fsbl/zynqmp_fsbl_bsp && deactivate
21:32:21 INFO  : bash, -c, source /tools/Xilinx/Vitis/2024.2/tps/lnx64/lopper-1.1.0/env/bin/activate && python /tools/Xilinx/Vitis/2024.2/data/embeddedsw/scripts/pyesw//reconfig_bsp.py -d /mnt/Storage/SCHOOL/Capstone/bringup/ChaosCore-FPGA/RV32RocketFPGAConfig/RV32Rocket/platform/psu_cortexa53_0/standalone_psu_cortexa53_0/bsp && deactivate
21:32:21 INFO  : Domain reconfigured successfully
21:32:21 INFO  : Generating BSP for the domain /mnt/Storage/SCHOOL/Capstone/bringup/ChaosCore-FPGA/RV32RocketFPGAConfig/RV32Rocket/platform/psu_cortexa53_0/standalone_psu_cortexa53_0/bsp
21:32:21 INFO  : lopper command to build BSP :python /tools/Xilinx/Vitis/2024.2/data/embeddedsw/scripts/pyesw//build_bsp.py -d /mnt/Storage/SCHOOL/Capstone/bringup/ChaosCore-FPGA/RV32RocketFPGAConfig/RV32Rocket/platform/psu_cortexa53_0/standalone_psu_cortexa53_0/bsp
21:32:21 INFO  : bash, -c, source /tools/Xilinx/Vitis/2024.2/tps/lnx64/lopper-1.1.0/env/bin/activate && python /tools/Xilinx/Vitis/2024.2/data/embeddedsw/scripts/pyesw//build_bsp.py -d /mnt/Storage/SCHOOL/Capstone/bringup/ChaosCore-FPGA/RV32RocketFPGAConfig/RV32Rocket/platform/psu_cortexa53_0/standalone_psu_cortexa53_0/bsp && deactivate
21:32:21 INFO  : Domain reconfigured successfully
21:32:21 INFO  : Generating BSP for the domain /mnt/Storage/SCHOOL/Capstone/bringup/ChaosCore-FPGA/RV32RocketFPGAConfig/RV32Rocket/platform/zynqmp_fsbl/zynqmp_fsbl_bsp
21:32:21 INFO  : lopper command to build BSP :python /tools/Xilinx/Vitis/2024.2/data/embeddedsw/scripts/pyesw//build_bsp.py -d /mnt/Storage/SCHOOL/Capstone/bringup/ChaosCore-FPGA/RV32RocketFPGAConfig/RV32Rocket/platform/zynqmp_fsbl/zynqmp_fsbl_bsp
21:32:21 INFO  : bash, -c, source /tools/Xilinx/Vitis/2024.2/tps/lnx64/lopper-1.1.0/env/bin/activate && python /tools/Xilinx/Vitis/2024.2/data/embeddedsw/scripts/pyesw//build_bsp.py -d /mnt/Storage/SCHOOL/Capstone/bringup/ChaosCore-FPGA/RV32RocketFPGAConfig/RV32Rocket/platform/zynqmp_fsbl/zynqmp_fsbl_bsp && deactivate
21:32:22 INFO  : Domain build successfully
21:32:22 INFO  : Domain build successfully
21:32:22 INFO  : Generating Boot ELFs
21:32:22 INFO  : lopper command to retarget baremetal application :python /tools/Xilinx/Vitis/2024.2/data/embeddedsw/scripts/pyesw//retarget_app.py -s /mnt/Storage/SCHOOL/Capstone/bringup/ChaosCore-FPGA/RV32RocketFPGAConfig/RV32Rocket/platform/zynqmp_fsbl -d /mnt/Storage/SCHOOL/Capstone/bringup/ChaosCore-FPGA/RV32RocketFPGAConfig/RV32Rocket/platform/zynqmp_fsbl/zynqmp_fsbl_bsp -b /mnt/Storage/SCHOOL/Capstone/bringup/ChaosCore-FPGA/RV32RocketFPGAConfig/RV32Rocket/platform/zynqmp_fsbl/build
21:32:22 INFO  : bash, -c, source /tools/Xilinx/Vitis/2024.2/tps/lnx64/lopper-1.1.0/env/bin/activate && python /tools/Xilinx/Vitis/2024.2/data/embeddedsw/scripts/pyesw//retarget_app.py -s /mnt/Storage/SCHOOL/Capstone/bringup/ChaosCore-FPGA/RV32RocketFPGAConfig/RV32Rocket/platform/zynqmp_fsbl -d /mnt/Storage/SCHOOL/Capstone/bringup/ChaosCore-FPGA/RV32RocketFPGAConfig/RV32Rocket/platform/zynqmp_fsbl/zynqmp_fsbl_bsp -b /mnt/Storage/SCHOOL/Capstone/bringup/ChaosCore-FPGA/RV32RocketFPGAConfig/RV32Rocket/platform/zynqmp_fsbl/build && deactivate
21:32:22 INFO  : Successfully retargeted Application /mnt/Storage/SCHOOL/Capstone/bringup/ChaosCore-FPGA/RV32RocketFPGAConfig/RV32Rocket/platform/zynqmp_fsbl
21:32:22 INFO  : lopper command to build baremetal application :python /tools/Xilinx/Vitis/2024.2/data/embeddedsw/scripts/pyesw//build_app.py -s /mnt/Storage/SCHOOL/Capstone/bringup/ChaosCore-FPGA/RV32RocketFPGAConfig/RV32Rocket/platform/zynqmp_fsbl -b /mnt/Storage/SCHOOL/Capstone/bringup/ChaosCore-FPGA/RV32RocketFPGAConfig/RV32Rocket/platform/zynqmp_fsbl/build
21:32:22 INFO  : bash, -c, source /tools/Xilinx/Vitis/2024.2/tps/lnx64/lopper-1.1.0/env/bin/activate && python /tools/Xilinx/Vitis/2024.2/data/embeddedsw/scripts/pyesw//build_app.py -s /mnt/Storage/SCHOOL/Capstone/bringup/ChaosCore-FPGA/RV32RocketFPGAConfig/RV32Rocket/platform/zynqmp_fsbl -b /mnt/Storage/SCHOOL/Capstone/bringup/ChaosCore-FPGA/RV32RocketFPGAConfig/RV32Rocket/platform/zynqmp_fsbl/build && deactivate
21:32:23 INFO  : connect -url tcp:127.0.0.1:3121
21:32:23 INFO  : Found no platform with name 'platform' in install repositories
21:32:23 INFO  : Found no platform with name 'platform' in install repositories
21:32:23 INFO  : Found no platform with name 'platform' in install repositories
21:32:23 ERROR : Failed to initialize the hardware null
21:32:26 INFO  : Successfully building the baremetal application/mnt/Storage/SCHOOL/Capstone/bringup/ChaosCore-FPGA/RV32RocketFPGAConfig/RV32Rocket/platform/zynqmp_fsbl/build
21:32:26 INFO  : Generating Export directory
21:32:26 INFO  : Platform Build Finished successfully.
21:32:27 INFO  : lopper command to retarget baremetal application :python /tools/Xilinx/Vitis/2024.2/data/embeddedsw/scripts/pyesw//retarget_app.py -s /mnt/Storage/SCHOOL/Capstone/bringup/ChaosCore-FPGA/RV32RocketFPGAConfig/RV32Rocket/hello_world/src -d /mnt/Storage/SCHOOL/Capstone/bringup/ChaosCore-FPGA/RV32RocketFPGAConfig/RV32Rocket/platform/export/platform/sw/standalone_psu_cortexa53_0 -b /mnt/Storage/SCHOOL/Capstone/bringup/ChaosCore-FPGA/RV32RocketFPGAConfig/RV32Rocket/hello_world/build
21:32:27 INFO  : bash, -c, source /tools/Xilinx/Vitis/2024.2/tps/lnx64/lopper-1.1.0/env/bin/activate && python /tools/Xilinx/Vitis/2024.2/data/embeddedsw/scripts/pyesw//retarget_app.py -s /mnt/Storage/SCHOOL/Capstone/bringup/ChaosCore-FPGA/RV32RocketFPGAConfig/RV32Rocket/hello_world/src -d /mnt/Storage/SCHOOL/Capstone/bringup/ChaosCore-FPGA/RV32RocketFPGAConfig/RV32Rocket/platform/export/platform/sw/standalone_psu_cortexa53_0 -b /mnt/Storage/SCHOOL/Capstone/bringup/ChaosCore-FPGA/RV32RocketFPGAConfig/RV32Rocket/hello_world/build && deactivate
21:32:27 INFO  : Successfully retargeted Application /mnt/Storage/SCHOOL/Capstone/bringup/ChaosCore-FPGA/RV32RocketFPGAConfig/RV32Rocket/hello_world/src
21:32:27 INFO  : bash, -c, source /tools/Xilinx/Vitis/2024.2/tps/lnx64/lopper-1.1.0/env/bin/activate && python /tools/Xilinx/Vitis/2024.2/data/embeddedsw/scripts/pyesw//build_app.py -s /mnt/Storage/SCHOOL/Capstone/bringup/ChaosCore-FPGA/RV32RocketFPGAConfig/RV32Rocket/hello_world/src -b /mnt/Storage/SCHOOL/Capstone/bringup/ChaosCore-FPGA/RV32RocketFPGAConfig/RV32Rocket/hello_world/build && deactivate
21:32:43 INFO  : connect -url tcp:127.0.0.1:3121
21:32:43 INFO  : bpremove -all
21:32:43 INFO  : source /tools/Xilinx/Vitis/2024.2/scripts/vitis/util/zynqmp_utils.tcl
21:32:43 INFO  : Context for 'APU' is selected.
21:32:43 INFO  : System reset is completed.
21:32:43 INFO  : disconnect
21:32:46 INFO  : 'after 3000' command is executed.
21:32:46 ERROR : Failed to initialize the hardware Invalid target. Use "connect" command to connect to hw_server/TCF agent
21:32:51 INFO  : connect -url tcp:127.0.0.1:3121
21:32:51 INFO  : bpremove -all
21:32:51 INFO  : source /tools/Xilinx/Vitis/2024.2/scripts/vitis/util/zynqmp_utils.tcl
21:32:51 INFO  : Context for 'APU' is selected.
21:32:53 INFO  : System reset is completed.
21:32:56 INFO  : 'after 3000' command is executed.
21:32:56 INFO  : 'targets -set -filter {jtag_cable_name =~ "Avnet USB-to-JTAG/UART Pod V1 1234-oj1A" && level==0 && jtag_device_ctx=="jsn-USB-to-JTAG/UART Pod V1-1234-oj1A-14710093-0"}' command is executed.
21:32:59 INFO  : Device configured successfully with "/mnt/Storage/SCHOOL/Capstone/bringup/ChaosCore-FPGA/RV32RocketFPGAConfig/RV32Rocket/hello_world/_ide/bitstream/BD_wrapper.bit"
21:32:59 INFO  : targets -set -nocase -filter {name =~"PSU*"}
21:32:59 INFO  : catch {disable_pmu_gate}
21:32:59 INFO  : targets -set -nocase -filter {name =~"APU*"}
21:32:59 INFO  : loadhw -hw /mnt/Storage/SCHOOL/Capstone/bringup/ChaosCore-FPGA/RV32RocketFPGAConfig/RV32Rocket/platform/export/platform/hw/BD_wrapper.xsa -mem-ranges [list {0x80000000 0xbfffffff} {0x400000000 0x5ffffffff} {0x1000000000 0x7fffffffff}]
21:32:59 INFO  : configparams force-mem-access 1
21:32:59 INFO  : targets -set -nocase -filter {name =~"APU*"}
21:32:59 INFO  : source /tools/Xilinx/Vitis/2024.2/vitis-server/scripts/jtag_reg.tcl
21:32:59 INFO  : Boot mode is read from the target.
21:32:59 INFO  : targets -set -nocase -filter {name =~ "*A53*#0"}
21:32:59 INFO  : rst -processor
21:33:00 INFO  : dow /mnt/Storage/SCHOOL/Capstone/bringup/ChaosCore-FPGA/RV32RocketFPGAConfig/RV32Rocket/platform/export/platform/sw/boot/fsbl.elf
21:33:00 INFO  : set bp_33_0_fsbl_bp [bpadd -addr &XFsbl_Exit]
21:33:01 INFO  : con -block -timeout 60
21:33:01 INFO  : bpremove $bp_33_0_fsbl_bp
21:33:01 INFO  : targets -set -nocase -filter {name =~ "*A53*#0"}
21:33:01 INFO  : rst -processor
21:33:01 INFO  : dow /mnt/Storage/SCHOOL/Capstone/bringup/ChaosCore-FPGA/RV32RocketFPGAConfig/RV32Rocket/hello_world/build/hello_world.elf
21:33:01 INFO  : con
21:33:01 INFO  : configparams force-mem-access 0
21:33:02 INFO  : Testing the connection for 127.0.0.1
21:33:26 ERROR : Error in generating platform.Error in deleting existing Platform contents.
21:33:26 ERROR : Error in generating platform.Error in deleting existing Platform contents.
21:33:26 INFO  : Found no platform with name 'platform' in install repositories
21:33:29 ERROR : Error in generating platform.Error in deleting existing Platform contents.
21:33:29 ERROR : Error in generating platform.Error in deleting existing Platform contents.
21:33:29 INFO  : Found no platform with name 'platform' in install repositories
21:33:38 ERROR : Error in generating platform.Error in deleting existing Platform contents.
21:33:38 ERROR : Error in generating platform.Error in deleting existing Platform contents.
21:33:47 ERROR : Error in generating platform.Error in deleting existing Platform contents.
21:33:47 ERROR : Error in generating platform.Error in deleting existing Platform contents.
21:34:03 INFO  : BSP build will be initiated for Domain standalone_psu_cortexa53_0
21:34:03 INFO  : BSP build will be initiated for Domain zynqmp_fsbl
21:34:03 INFO  : Generating BSP for the domain /mnt/Storage/SCHOOL/Capstone/bringup/ChaosCore-FPGA/RV32RocketFPGAConfig/RV32Rocket/platform/psu_cortexa53_0/standalone_psu_cortexa53_0/bsp
21:34:03 INFO  : Generating BSP for the domain /mnt/Storage/SCHOOL/Capstone/bringup/ChaosCore-FPGA/RV32RocketFPGAConfig/RV32Rocket/platform/zynqmp_fsbl/zynqmp_fsbl_bsp
21:34:03 INFO  : lopper command to reconfigure BSP :python /tools/Xilinx/Vitis/2024.2/data/embeddedsw/scripts/pyesw//reconfig_bsp.py -d /mnt/Storage/SCHOOL/Capstone/bringup/ChaosCore-FPGA/RV32RocketFPGAConfig/RV32Rocket/platform/psu_cortexa53_0/standalone_psu_cortexa53_0/bsp
21:34:03 INFO  : lopper command to reconfigure BSP :python /tools/Xilinx/Vitis/2024.2/data/embeddedsw/scripts/pyesw//reconfig_bsp.py -d /mnt/Storage/SCHOOL/Capstone/bringup/ChaosCore-FPGA/RV32RocketFPGAConfig/RV32Rocket/platform/zynqmp_fsbl/zynqmp_fsbl_bsp
21:34:03 INFO  : bash, -c, source /tools/Xilinx/Vitis/2024.2/tps/lnx64/lopper-1.1.0/env/bin/activate && python /tools/Xilinx/Vitis/2024.2/data/embeddedsw/scripts/pyesw//reconfig_bsp.py -d /mnt/Storage/SCHOOL/Capstone/bringup/ChaosCore-FPGA/RV32RocketFPGAConfig/RV32Rocket/platform/zynqmp_fsbl/zynqmp_fsbl_bsp && deactivate
21:34:03 INFO  : bash, -c, source /tools/Xilinx/Vitis/2024.2/tps/lnx64/lopper-1.1.0/env/bin/activate && python /tools/Xilinx/Vitis/2024.2/data/embeddedsw/scripts/pyesw//reconfig_bsp.py -d /mnt/Storage/SCHOOL/Capstone/bringup/ChaosCore-FPGA/RV32RocketFPGAConfig/RV32Rocket/platform/psu_cortexa53_0/standalone_psu_cortexa53_0/bsp && deactivate
21:34:03 INFO  : Domain reconfigured successfully
21:34:03 INFO  : Generating BSP for the domain /mnt/Storage/SCHOOL/Capstone/bringup/ChaosCore-FPGA/RV32RocketFPGAConfig/RV32Rocket/platform/psu_cortexa53_0/standalone_psu_cortexa53_0/bsp
21:34:03 INFO  : lopper command to build BSP :python /tools/Xilinx/Vitis/2024.2/data/embeddedsw/scripts/pyesw//build_bsp.py -d /mnt/Storage/SCHOOL/Capstone/bringup/ChaosCore-FPGA/RV32RocketFPGAConfig/RV32Rocket/platform/psu_cortexa53_0/standalone_psu_cortexa53_0/bsp
21:34:03 INFO  : bash, -c, source /tools/Xilinx/Vitis/2024.2/tps/lnx64/lopper-1.1.0/env/bin/activate && python /tools/Xilinx/Vitis/2024.2/data/embeddedsw/scripts/pyesw//build_bsp.py -d /mnt/Storage/SCHOOL/Capstone/bringup/ChaosCore-FPGA/RV32RocketFPGAConfig/RV32Rocket/platform/psu_cortexa53_0/standalone_psu_cortexa53_0/bsp && deactivate
21:34:03 INFO  : Domain reconfigured successfully
21:34:03 INFO  : Generating BSP for the domain /mnt/Storage/SCHOOL/Capstone/bringup/ChaosCore-FPGA/RV32RocketFPGAConfig/RV32Rocket/platform/zynqmp_fsbl/zynqmp_fsbl_bsp
21:34:03 INFO  : lopper command to build BSP :python /tools/Xilinx/Vitis/2024.2/data/embeddedsw/scripts/pyesw//build_bsp.py -d /mnt/Storage/SCHOOL/Capstone/bringup/ChaosCore-FPGA/RV32RocketFPGAConfig/RV32Rocket/platform/zynqmp_fsbl/zynqmp_fsbl_bsp
21:34:03 INFO  : bash, -c, source /tools/Xilinx/Vitis/2024.2/tps/lnx64/lopper-1.1.0/env/bin/activate && python /tools/Xilinx/Vitis/2024.2/data/embeddedsw/scripts/pyesw//build_bsp.py -d /mnt/Storage/SCHOOL/Capstone/bringup/ChaosCore-FPGA/RV32RocketFPGAConfig/RV32Rocket/platform/zynqmp_fsbl/zynqmp_fsbl_bsp && deactivate
21:34:03 INFO  : Domain build successfully
21:34:03 INFO  : Domain build successfully
21:34:03 INFO  : Generating Boot ELFs
21:34:03 INFO  : lopper command to retarget baremetal application :python /tools/Xilinx/Vitis/2024.2/data/embeddedsw/scripts/pyesw//retarget_app.py -s /mnt/Storage/SCHOOL/Capstone/bringup/ChaosCore-FPGA/RV32RocketFPGAConfig/RV32Rocket/platform/zynqmp_fsbl -d /mnt/Storage/SCHOOL/Capstone/bringup/ChaosCore-FPGA/RV32RocketFPGAConfig/RV32Rocket/platform/zynqmp_fsbl/zynqmp_fsbl_bsp -b /mnt/Storage/SCHOOL/Capstone/bringup/ChaosCore-FPGA/RV32RocketFPGAConfig/RV32Rocket/platform/zynqmp_fsbl/build
21:34:03 INFO  : bash, -c, source /tools/Xilinx/Vitis/2024.2/tps/lnx64/lopper-1.1.0/env/bin/activate && python /tools/Xilinx/Vitis/2024.2/data/embeddedsw/scripts/pyesw//retarget_app.py -s /mnt/Storage/SCHOOL/Capstone/bringup/ChaosCore-FPGA/RV32RocketFPGAConfig/RV32Rocket/platform/zynqmp_fsbl -d /mnt/Storage/SCHOOL/Capstone/bringup/ChaosCore-FPGA/RV32RocketFPGAConfig/RV32Rocket/platform/zynqmp_fsbl/zynqmp_fsbl_bsp -b /mnt/Storage/SCHOOL/Capstone/bringup/ChaosCore-FPGA/RV32RocketFPGAConfig/RV32Rocket/platform/zynqmp_fsbl/build && deactivate
21:34:04 INFO  : Successfully retargeted Application /mnt/Storage/SCHOOL/Capstone/bringup/ChaosCore-FPGA/RV32RocketFPGAConfig/RV32Rocket/platform/zynqmp_fsbl
21:34:04 INFO  : lopper command to build baremetal application :python /tools/Xilinx/Vitis/2024.2/data/embeddedsw/scripts/pyesw//build_app.py -s /mnt/Storage/SCHOOL/Capstone/bringup/ChaosCore-FPGA/RV32RocketFPGAConfig/RV32Rocket/platform/zynqmp_fsbl -b /mnt/Storage/SCHOOL/Capstone/bringup/ChaosCore-FPGA/RV32RocketFPGAConfig/RV32Rocket/platform/zynqmp_fsbl/build
21:34:04 INFO  : bash, -c, source /tools/Xilinx/Vitis/2024.2/tps/lnx64/lopper-1.1.0/env/bin/activate && python /tools/Xilinx/Vitis/2024.2/data/embeddedsw/scripts/pyesw//build_app.py -s /mnt/Storage/SCHOOL/Capstone/bringup/ChaosCore-FPGA/RV32RocketFPGAConfig/RV32Rocket/platform/zynqmp_fsbl -b /mnt/Storage/SCHOOL/Capstone/bringup/ChaosCore-FPGA/RV32RocketFPGAConfig/RV32Rocket/platform/zynqmp_fsbl/build && deactivate
21:34:07 INFO  : Successfully building the baremetal application/mnt/Storage/SCHOOL/Capstone/bringup/ChaosCore-FPGA/RV32RocketFPGAConfig/RV32Rocket/platform/zynqmp_fsbl/build
21:34:07 INFO  : Generating Export directory
21:34:07 INFO  : Platform Build Finished successfully.
21:34:13 INFO  : BSP build will be initiated for Domain zynqmp_fsbl
21:34:13 INFO  : BSP build will be initiated for Domain standalone_psu_cortexa53_0
21:34:13 INFO  : Generating BSP for the domain /mnt/Storage/SCHOOL/Capstone/bringup/ChaosCore-FPGA/RV32RocketFPGAConfig/RV32Rocket/platform/zynqmp_fsbl/zynqmp_fsbl_bsp
21:34:13 INFO  : Generating BSP for the domain /mnt/Storage/SCHOOL/Capstone/bringup/ChaosCore-FPGA/RV32RocketFPGAConfig/RV32Rocket/platform/psu_cortexa53_0/standalone_psu_cortexa53_0/bsp
21:34:13 INFO  : lopper command to reconfigure BSP :python /tools/Xilinx/Vitis/2024.2/data/embeddedsw/scripts/pyesw//reconfig_bsp.py -d /mnt/Storage/SCHOOL/Capstone/bringup/ChaosCore-FPGA/RV32RocketFPGAConfig/RV32Rocket/platform/zynqmp_fsbl/zynqmp_fsbl_bsp
21:34:13 INFO  : lopper command to reconfigure BSP :python /tools/Xilinx/Vitis/2024.2/data/embeddedsw/scripts/pyesw//reconfig_bsp.py -d /mnt/Storage/SCHOOL/Capstone/bringup/ChaosCore-FPGA/RV32RocketFPGAConfig/RV32Rocket/platform/psu_cortexa53_0/standalone_psu_cortexa53_0/bsp
21:34:13 INFO  : bash, -c, source /tools/Xilinx/Vitis/2024.2/tps/lnx64/lopper-1.1.0/env/bin/activate && python /tools/Xilinx/Vitis/2024.2/data/embeddedsw/scripts/pyesw//reconfig_bsp.py -d /mnt/Storage/SCHOOL/Capstone/bringup/ChaosCore-FPGA/RV32RocketFPGAConfig/RV32Rocket/platform/zynqmp_fsbl/zynqmp_fsbl_bsp && deactivate
21:34:13 INFO  : bash, -c, source /tools/Xilinx/Vitis/2024.2/tps/lnx64/lopper-1.1.0/env/bin/activate && python /tools/Xilinx/Vitis/2024.2/data/embeddedsw/scripts/pyesw//reconfig_bsp.py -d /mnt/Storage/SCHOOL/Capstone/bringup/ChaosCore-FPGA/RV32RocketFPGAConfig/RV32Rocket/platform/psu_cortexa53_0/standalone_psu_cortexa53_0/bsp && deactivate
21:34:13 INFO  : Domain reconfigured successfully
21:34:13 INFO  : Generating BSP for the domain /mnt/Storage/SCHOOL/Capstone/bringup/ChaosCore-FPGA/RV32RocketFPGAConfig/RV32Rocket/platform/psu_cortexa53_0/standalone_psu_cortexa53_0/bsp
21:34:13 INFO  : lopper command to build BSP :python /tools/Xilinx/Vitis/2024.2/data/embeddedsw/scripts/pyesw//build_bsp.py -d /mnt/Storage/SCHOOL/Capstone/bringup/ChaosCore-FPGA/RV32RocketFPGAConfig/RV32Rocket/platform/psu_cortexa53_0/standalone_psu_cortexa53_0/bsp
21:34:13 INFO  : bash, -c, source /tools/Xilinx/Vitis/2024.2/tps/lnx64/lopper-1.1.0/env/bin/activate && python /tools/Xilinx/Vitis/2024.2/data/embeddedsw/scripts/pyesw//build_bsp.py -d /mnt/Storage/SCHOOL/Capstone/bringup/ChaosCore-FPGA/RV32RocketFPGAConfig/RV32Rocket/platform/psu_cortexa53_0/standalone_psu_cortexa53_0/bsp && deactivate
21:34:13 INFO  : Domain reconfigured successfully
21:34:13 INFO  : Generating BSP for the domain /mnt/Storage/SCHOOL/Capstone/bringup/ChaosCore-FPGA/RV32RocketFPGAConfig/RV32Rocket/platform/zynqmp_fsbl/zynqmp_fsbl_bsp
21:34:13 INFO  : lopper command to build BSP :python /tools/Xilinx/Vitis/2024.2/data/embeddedsw/scripts/pyesw//build_bsp.py -d /mnt/Storage/SCHOOL/Capstone/bringup/ChaosCore-FPGA/RV32RocketFPGAConfig/RV32Rocket/platform/zynqmp_fsbl/zynqmp_fsbl_bsp
21:34:13 INFO  : bash, -c, source /tools/Xilinx/Vitis/2024.2/tps/lnx64/lopper-1.1.0/env/bin/activate && python /tools/Xilinx/Vitis/2024.2/data/embeddedsw/scripts/pyesw//build_bsp.py -d /mnt/Storage/SCHOOL/Capstone/bringup/ChaosCore-FPGA/RV32RocketFPGAConfig/RV32Rocket/platform/zynqmp_fsbl/zynqmp_fsbl_bsp && deactivate
21:34:13 INFO  : Domain build successfully
21:34:14 INFO  : Domain build successfully
21:34:14 INFO  : Generating Boot ELFs
21:34:14 INFO  : lopper command to retarget baremetal application :python /tools/Xilinx/Vitis/2024.2/data/embeddedsw/scripts/pyesw//retarget_app.py -s /mnt/Storage/SCHOOL/Capstone/bringup/ChaosCore-FPGA/RV32RocketFPGAConfig/RV32Rocket/platform/zynqmp_fsbl -d /mnt/Storage/SCHOOL/Capstone/bringup/ChaosCore-FPGA/RV32RocketFPGAConfig/RV32Rocket/platform/zynqmp_fsbl/zynqmp_fsbl_bsp -b /mnt/Storage/SCHOOL/Capstone/bringup/ChaosCore-FPGA/RV32RocketFPGAConfig/RV32Rocket/platform/zynqmp_fsbl/build
21:34:14 INFO  : bash, -c, source /tools/Xilinx/Vitis/2024.2/tps/lnx64/lopper-1.1.0/env/bin/activate && python /tools/Xilinx/Vitis/2024.2/data/embeddedsw/scripts/pyesw//retarget_app.py -s /mnt/Storage/SCHOOL/Capstone/bringup/ChaosCore-FPGA/RV32RocketFPGAConfig/RV32Rocket/platform/zynqmp_fsbl -d /mnt/Storage/SCHOOL/Capstone/bringup/ChaosCore-FPGA/RV32RocketFPGAConfig/RV32Rocket/platform/zynqmp_fsbl/zynqmp_fsbl_bsp -b /mnt/Storage/SCHOOL/Capstone/bringup/ChaosCore-FPGA/RV32RocketFPGAConfig/RV32Rocket/platform/zynqmp_fsbl/build && deactivate
21:34:14 INFO  : Successfully retargeted Application /mnt/Storage/SCHOOL/Capstone/bringup/ChaosCore-FPGA/RV32RocketFPGAConfig/RV32Rocket/platform/zynqmp_fsbl
21:34:14 INFO  : lopper command to build baremetal application :python /tools/Xilinx/Vitis/2024.2/data/embeddedsw/scripts/pyesw//build_app.py -s /mnt/Storage/SCHOOL/Capstone/bringup/ChaosCore-FPGA/RV32RocketFPGAConfig/RV32Rocket/platform/zynqmp_fsbl -b /mnt/Storage/SCHOOL/Capstone/bringup/ChaosCore-FPGA/RV32RocketFPGAConfig/RV32Rocket/platform/zynqmp_fsbl/build
21:34:14 INFO  : bash, -c, source /tools/Xilinx/Vitis/2024.2/tps/lnx64/lopper-1.1.0/env/bin/activate && python /tools/Xilinx/Vitis/2024.2/data/embeddedsw/scripts/pyesw//build_app.py -s /mnt/Storage/SCHOOL/Capstone/bringup/ChaosCore-FPGA/RV32RocketFPGAConfig/RV32Rocket/platform/zynqmp_fsbl -b /mnt/Storage/SCHOOL/Capstone/bringup/ChaosCore-FPGA/RV32RocketFPGAConfig/RV32Rocket/platform/zynqmp_fsbl/build && deactivate
21:34:17 INFO  : Successfully building the baremetal application/mnt/Storage/SCHOOL/Capstone/bringup/ChaosCore-FPGA/RV32RocketFPGAConfig/RV32Rocket/platform/zynqmp_fsbl/build
21:34:17 INFO  : Generating Export directory
21:34:17 INFO  : Platform Build Finished successfully.
21:34:17 INFO  : lopper command to retarget baremetal application :python /tools/Xilinx/Vitis/2024.2/data/embeddedsw/scripts/pyesw//retarget_app.py -s /mnt/Storage/SCHOOL/Capstone/bringup/ChaosCore-FPGA/RV32RocketFPGAConfig/RV32Rocket/hello_world/src -d /mnt/Storage/SCHOOL/Capstone/bringup/ChaosCore-FPGA/RV32RocketFPGAConfig/RV32Rocket/platform/export/platform/sw/standalone_psu_cortexa53_0 -b /mnt/Storage/SCHOOL/Capstone/bringup/ChaosCore-FPGA/RV32RocketFPGAConfig/RV32Rocket/hello_world/build
21:34:17 INFO  : bash, -c, source /tools/Xilinx/Vitis/2024.2/tps/lnx64/lopper-1.1.0/env/bin/activate && python /tools/Xilinx/Vitis/2024.2/data/embeddedsw/scripts/pyesw//retarget_app.py -s /mnt/Storage/SCHOOL/Capstone/bringup/ChaosCore-FPGA/RV32RocketFPGAConfig/RV32Rocket/hello_world/src -d /mnt/Storage/SCHOOL/Capstone/bringup/ChaosCore-FPGA/RV32RocketFPGAConfig/RV32Rocket/platform/export/platform/sw/standalone_psu_cortexa53_0 -b /mnt/Storage/SCHOOL/Capstone/bringup/ChaosCore-FPGA/RV32RocketFPGAConfig/RV32Rocket/hello_world/build && deactivate
21:34:18 INFO  : Successfully retargeted Application /mnt/Storage/SCHOOL/Capstone/bringup/ChaosCore-FPGA/RV32RocketFPGAConfig/RV32Rocket/hello_world/src
21:34:18 INFO  : bash, -c, source /tools/Xilinx/Vitis/2024.2/tps/lnx64/lopper-1.1.0/env/bin/activate && python /tools/Xilinx/Vitis/2024.2/data/embeddedsw/scripts/pyesw//build_app.py -s /mnt/Storage/SCHOOL/Capstone/bringup/ChaosCore-FPGA/RV32RocketFPGAConfig/RV32Rocket/hello_world/src -b /mnt/Storage/SCHOOL/Capstone/bringup/ChaosCore-FPGA/RV32RocketFPGAConfig/RV32Rocket/hello_world/build && deactivate
21:34:22 INFO  : connect -url tcp:127.0.0.1:3121
21:34:22 INFO  : bpremove -all
21:34:22 INFO  : source /tools/Xilinx/Vitis/2024.2/scripts/vitis/util/zynqmp_utils.tcl
21:34:22 INFO  : Context for 'APU' is selected.
21:34:22 INFO  : System reset is completed.
21:34:22 INFO  : disconnect
21:34:25 INFO  : 'after 3000' command is executed.
21:34:25 ERROR : Failed to initialize the hardware Invalid target. Use "connect" command to connect to hw_server/TCF agent
21:34:36 INFO  : connect -url tcp:127.0.0.1:3121
21:34:36 INFO  : bpremove -all
21:34:36 INFO  : source /tools/Xilinx/Vitis/2024.2/scripts/vitis/util/zynqmp_utils.tcl
21:34:36 INFO  : Context for 'APU' is selected.
21:34:37 INFO  : System reset is completed.
21:34:40 INFO  : 'after 3000' command is executed.
21:34:40 INFO  : 'targets -set -filter {jtag_cable_name =~ "Avnet USB-to-JTAG/UART Pod V1 1234-oj1A" && level==0 && jtag_device_ctx=="jsn-USB-to-JTAG/UART Pod V1-1234-oj1A-14710093-0"}' command is executed.
21:34:43 INFO  : Device configured successfully with "/mnt/Storage/SCHOOL/Capstone/bringup/ChaosCore-FPGA/RV32RocketFPGAConfig/RV32Rocket/hello_world/_ide/bitstream/BD_wrapper.bit"
21:34:43 INFO  : targets -set -nocase -filter {name =~"PSU*"}
21:34:43 INFO  : catch {disable_pmu_gate}
21:34:43 INFO  : targets -set -nocase -filter {name =~"APU*"}
21:34:43 INFO  : loadhw -hw /mnt/Storage/SCHOOL/Capstone/bringup/ChaosCore-FPGA/RV32RocketFPGAConfig/RV32Rocket/platform/export/platform/hw/BD_wrapper.xsa -mem-ranges [list {0x80000000 0xbfffffff} {0x400000000 0x5ffffffff} {0x1000000000 0x7fffffffff}]
21:34:43 INFO  : configparams force-mem-access 1
21:34:43 INFO  : targets -set -nocase -filter {name =~"APU*"}
21:34:43 INFO  : source /tools/Xilinx/Vitis/2024.2/vitis-server/scripts/jtag_reg.tcl
21:34:43 INFO  : Boot mode is read from the target.
21:34:43 INFO  : targets -set -nocase -filter {name =~ "*A53*#0"}
21:34:43 INFO  : rst -processor
21:34:44 INFO  : dow /mnt/Storage/SCHOOL/Capstone/bringup/ChaosCore-FPGA/RV32RocketFPGAConfig/RV32Rocket/platform/export/platform/sw/boot/fsbl.elf
21:34:44 INFO  : set bp_34_44_fsbl_bp [bpadd -addr &XFsbl_Exit]
21:34:45 INFO  : con -block -timeout 60
21:34:45 INFO  : bpremove $bp_34_44_fsbl_bp
21:34:45 INFO  : targets -set -nocase -filter {name =~ "*A53*#0"}
21:34:45 INFO  : rst -processor
21:34:45 INFO  : dow /mnt/Storage/SCHOOL/Capstone/bringup/ChaosCore-FPGA/RV32RocketFPGAConfig/RV32Rocket/hello_world/build/hello_world.elf
21:34:45 INFO  : con
21:34:45 INFO  : configparams force-mem-access 0
21:34:46 INFO  : Testing the connection for 127.0.0.1
21:45:12 INFO  : bash, -c, source /tools/Xilinx/Vitis/2024.2/tps/lnx64/lopper-1.1.0/env/bin/activate && lopper -O  . /mnt/Storage/SCHOOL/Capstone/bringup/ChaosCore-FPGA/RV32RocketFPGAConfig/RV32Rocket/platform/hw/sdt/system-top.dts -- baremetal_getsupported_comp_xlnx psu_cortexa53_0 /mnt/Storage/SCHOOL/Capstone/bringup/ChaosCore-FPGA/RV32RocketFPGAConfig/RV32Rocket/_ide/.wsdata/.repo.yaml && deactivate
21:45:13 INFO  : Supported Library List generated.
21:46:23 INFO  : Updating Examples in Driver /mnt/Storage/SCHOOL/Capstone/bringup/ChaosCore-FPGA/RV32RocketFPGAConfig/RV32Rocket/platform/zynqmp_fsbl/zynqmp_fsbl_bsp
21:46:23 INFO  : bash, -c, source /tools/Xilinx/Vitis/2024.2/tps/lnx64/lopper-1.1.0/env/bin/activate && python /tools/Xilinx/Vitis/2024.2/data/embeddedsw/scripts/pyesw//load_example.py -d /mnt/Storage/SCHOOL/Capstone/bringup/ChaosCore-FPGA/RV32RocketFPGAConfig/RV32Rocket/platform/zynqmp_fsbl/zynqmp_fsbl_bsp && deactivate
21:46:27 INFO  : -- The C compiler identification is GNU 13.3.0
21:46:27 INFO  : -- The CXX compiler identification is GNU 13.3.0
21:46:27 INFO  : -- Detecting C compiler ABI info
21:46:27 INFO  : -- Detecting C compiler ABI info - done
21:46:27 INFO  : -- Check for working C compiler: /tools/Xilinx/Vitis/2024.2/gnu/aarch64/lin/aarch64-none/bin/aarch64-none-elf-gcc - skipped
21:46:27 INFO  : -- Detecting C compile features
21:46:27 INFO  : -- Detecting C compile features - done
21:46:27 INFO  : -- Detecting CXX compiler ABI info
21:46:27 INFO  : -- Detecting CXX compiler ABI info - done
21:46:27 INFO  : -- Check for working CXX compiler: /tools/Xilinx/Vitis/2024.2/gnu/aarch64/lin/aarch64-none/bin/aarch64-none-elf-g++ - skipped
21:46:27 INFO  : -- Detecting CXX compile features
21:46:27 INFO  : -- Detecting CXX compile features - done
21:46:27 INFO  : -- Configuring done
21:46:27 INFO  : -- Generating done
21:46:27 INFO  : CMake Warning:
21:46:27 INFO  :   Manually-specified variables were not used by the project:
21:46:27 INFO  : 
21:46:27 INFO  :     CMAKE_LIBRARY_PATH
21:46:27 INFO  : 
21:46:27 INFO  : 
21:46:27 INFO  : -- Build files have been written to: /mnt/Storage/SCHOOL/Capstone/bringup/ChaosCore-FPGA/RV32RocketFPGAConfig/RV32Rocket/platform/zynqmp_fsbl/zynqmp_fsbl_bsp/libsrc/build_configs/exmetadata
21:46:27 INFO  : Updated Examples in Driver
22:13:19 INFO  : BSP build will be initiated for Domain standalone_psu_cortexa53_0
22:13:19 INFO  : BSP build will be initiated for Domain zynqmp_fsbl
22:13:19 INFO  : Generating BSP for the domain /mnt/Storage/SCHOOL/Capstone/bringup/ChaosCore-FPGA/RV32RocketFPGAConfig/RV32Rocket/platform/psu_cortexa53_0/standalone_psu_cortexa53_0/bsp
22:13:19 INFO  : Generating BSP for the domain /mnt/Storage/SCHOOL/Capstone/bringup/ChaosCore-FPGA/RV32RocketFPGAConfig/RV32Rocket/platform/zynqmp_fsbl/zynqmp_fsbl_bsp
22:13:19 INFO  : lopper command to reconfigure BSP :python /tools/Xilinx/Vitis/2024.2/data/embeddedsw/scripts/pyesw//reconfig_bsp.py -d /mnt/Storage/SCHOOL/Capstone/bringup/ChaosCore-FPGA/RV32RocketFPGAConfig/RV32Rocket/platform/psu_cortexa53_0/standalone_psu_cortexa53_0/bsp
22:13:19 INFO  : lopper command to reconfigure BSP :python /tools/Xilinx/Vitis/2024.2/data/embeddedsw/scripts/pyesw//reconfig_bsp.py -d /mnt/Storage/SCHOOL/Capstone/bringup/ChaosCore-FPGA/RV32RocketFPGAConfig/RV32Rocket/platform/zynqmp_fsbl/zynqmp_fsbl_bsp
22:13:19 INFO  : bash, -c, source /tools/Xilinx/Vitis/2024.2/tps/lnx64/lopper-1.1.0/env/bin/activate && python /tools/Xilinx/Vitis/2024.2/data/embeddedsw/scripts/pyesw//reconfig_bsp.py -d /mnt/Storage/SCHOOL/Capstone/bringup/ChaosCore-FPGA/RV32RocketFPGAConfig/RV32Rocket/platform/zynqmp_fsbl/zynqmp_fsbl_bsp && deactivate
22:13:19 INFO  : bash, -c, source /tools/Xilinx/Vitis/2024.2/tps/lnx64/lopper-1.1.0/env/bin/activate && python /tools/Xilinx/Vitis/2024.2/data/embeddedsw/scripts/pyesw//reconfig_bsp.py -d /mnt/Storage/SCHOOL/Capstone/bringup/ChaosCore-FPGA/RV32RocketFPGAConfig/RV32Rocket/platform/psu_cortexa53_0/standalone_psu_cortexa53_0/bsp && deactivate
22:13:19 INFO  : Domain reconfigured successfully
22:13:19 INFO  : Generating BSP for the domain /mnt/Storage/SCHOOL/Capstone/bringup/ChaosCore-FPGA/RV32RocketFPGAConfig/RV32Rocket/platform/psu_cortexa53_0/standalone_psu_cortexa53_0/bsp
22:13:19 INFO  : lopper command to build BSP :python /tools/Xilinx/Vitis/2024.2/data/embeddedsw/scripts/pyesw//build_bsp.py -d /mnt/Storage/SCHOOL/Capstone/bringup/ChaosCore-FPGA/RV32RocketFPGAConfig/RV32Rocket/platform/psu_cortexa53_0/standalone_psu_cortexa53_0/bsp
22:13:19 INFO  : bash, -c, source /tools/Xilinx/Vitis/2024.2/tps/lnx64/lopper-1.1.0/env/bin/activate && python /tools/Xilinx/Vitis/2024.2/data/embeddedsw/scripts/pyesw//build_bsp.py -d /mnt/Storage/SCHOOL/Capstone/bringup/ChaosCore-FPGA/RV32RocketFPGAConfig/RV32Rocket/platform/psu_cortexa53_0/standalone_psu_cortexa53_0/bsp && deactivate
22:13:19 INFO  : Domain reconfigured successfully
22:13:19 INFO  : Generating BSP for the domain /mnt/Storage/SCHOOL/Capstone/bringup/ChaosCore-FPGA/RV32RocketFPGAConfig/RV32Rocket/platform/zynqmp_fsbl/zynqmp_fsbl_bsp
22:13:19 INFO  : lopper command to build BSP :python /tools/Xilinx/Vitis/2024.2/data/embeddedsw/scripts/pyesw//build_bsp.py -d /mnt/Storage/SCHOOL/Capstone/bringup/ChaosCore-FPGA/RV32RocketFPGAConfig/RV32Rocket/platform/zynqmp_fsbl/zynqmp_fsbl_bsp
22:13:19 INFO  : bash, -c, source /tools/Xilinx/Vitis/2024.2/tps/lnx64/lopper-1.1.0/env/bin/activate && python /tools/Xilinx/Vitis/2024.2/data/embeddedsw/scripts/pyesw//build_bsp.py -d /mnt/Storage/SCHOOL/Capstone/bringup/ChaosCore-FPGA/RV32RocketFPGAConfig/RV32Rocket/platform/zynqmp_fsbl/zynqmp_fsbl_bsp && deactivate
22:13:21 INFO  : Domain build successfully
22:13:21 INFO  : Domain build successfully
22:13:21 INFO  : Generating Boot ELFs
22:13:21 INFO  : lopper command to retarget baremetal application :python /tools/Xilinx/Vitis/2024.2/data/embeddedsw/scripts/pyesw//retarget_app.py -s /mnt/Storage/SCHOOL/Capstone/bringup/ChaosCore-FPGA/RV32RocketFPGAConfig/RV32Rocket/platform/zynqmp_fsbl -d /mnt/Storage/SCHOOL/Capstone/bringup/ChaosCore-FPGA/RV32RocketFPGAConfig/RV32Rocket/platform/zynqmp_fsbl/zynqmp_fsbl_bsp -b /mnt/Storage/SCHOOL/Capstone/bringup/ChaosCore-FPGA/RV32RocketFPGAConfig/RV32Rocket/platform/zynqmp_fsbl/build
22:13:21 INFO  : bash, -c, source /tools/Xilinx/Vitis/2024.2/tps/lnx64/lopper-1.1.0/env/bin/activate && python /tools/Xilinx/Vitis/2024.2/data/embeddedsw/scripts/pyesw//retarget_app.py -s /mnt/Storage/SCHOOL/Capstone/bringup/ChaosCore-FPGA/RV32RocketFPGAConfig/RV32Rocket/platform/zynqmp_fsbl -d /mnt/Storage/SCHOOL/Capstone/bringup/ChaosCore-FPGA/RV32RocketFPGAConfig/RV32Rocket/platform/zynqmp_fsbl/zynqmp_fsbl_bsp -b /mnt/Storage/SCHOOL/Capstone/bringup/ChaosCore-FPGA/RV32RocketFPGAConfig/RV32Rocket/platform/zynqmp_fsbl/build && deactivate
22:13:22 INFO  : Successfully retargeted Application /mnt/Storage/SCHOOL/Capstone/bringup/ChaosCore-FPGA/RV32RocketFPGAConfig/RV32Rocket/platform/zynqmp_fsbl
22:13:22 INFO  : lopper command to build baremetal application :python /tools/Xilinx/Vitis/2024.2/data/embeddedsw/scripts/pyesw//build_app.py -s /mnt/Storage/SCHOOL/Capstone/bringup/ChaosCore-FPGA/RV32RocketFPGAConfig/RV32Rocket/platform/zynqmp_fsbl -b /mnt/Storage/SCHOOL/Capstone/bringup/ChaosCore-FPGA/RV32RocketFPGAConfig/RV32Rocket/platform/zynqmp_fsbl/build
22:13:22 INFO  : bash, -c, source /tools/Xilinx/Vitis/2024.2/tps/lnx64/lopper-1.1.0/env/bin/activate && python /tools/Xilinx/Vitis/2024.2/data/embeddedsw/scripts/pyesw//build_app.py -s /mnt/Storage/SCHOOL/Capstone/bringup/ChaosCore-FPGA/RV32RocketFPGAConfig/RV32Rocket/platform/zynqmp_fsbl -b /mnt/Storage/SCHOOL/Capstone/bringup/ChaosCore-FPGA/RV32RocketFPGAConfig/RV32Rocket/platform/zynqmp_fsbl/build && deactivate
22:13:26 INFO  : Successfully building the baremetal application/mnt/Storage/SCHOOL/Capstone/bringup/ChaosCore-FPGA/RV32RocketFPGAConfig/RV32Rocket/platform/zynqmp_fsbl/build
22:13:26 INFO  : Generating Export directory
22:13:28 INFO  : Platform Build Finished successfully.
22:15:09 INFO  : BSP build will be initiated for Domain zynqmp_fsbl
22:15:09 INFO  : BSP build will be initiated for Domain standalone_psu_cortexa53_0
22:15:09 INFO  : Generating BSP for the domain /mnt/Storage/SCHOOL/Capstone/bringup/ChaosCore-FPGA/RV32RocketFPGAConfig/RV32Rocket/platform/zynqmp_fsbl/zynqmp_fsbl_bsp
22:15:09 INFO  : Generating BSP for the domain /mnt/Storage/SCHOOL/Capstone/bringup/ChaosCore-FPGA/RV32RocketFPGAConfig/RV32Rocket/platform/psu_cortexa53_0/standalone_psu_cortexa53_0/bsp
22:15:09 INFO  : lopper command to reconfigure BSP :python /tools/Xilinx/Vitis/2024.2/data/embeddedsw/scripts/pyesw//reconfig_bsp.py -d /mnt/Storage/SCHOOL/Capstone/bringup/ChaosCore-FPGA/RV32RocketFPGAConfig/RV32Rocket/platform/zynqmp_fsbl/zynqmp_fsbl_bsp
22:15:09 INFO  : lopper command to reconfigure BSP :python /tools/Xilinx/Vitis/2024.2/data/embeddedsw/scripts/pyesw//reconfig_bsp.py -d /mnt/Storage/SCHOOL/Capstone/bringup/ChaosCore-FPGA/RV32RocketFPGAConfig/RV32Rocket/platform/psu_cortexa53_0/standalone_psu_cortexa53_0/bsp
22:15:10 INFO  : bash, -c, source /tools/Xilinx/Vitis/2024.2/tps/lnx64/lopper-1.1.0/env/bin/activate && python /tools/Xilinx/Vitis/2024.2/data/embeddedsw/scripts/pyesw//reconfig_bsp.py -d /mnt/Storage/SCHOOL/Capstone/bringup/ChaosCore-FPGA/RV32RocketFPGAConfig/RV32Rocket/platform/zynqmp_fsbl/zynqmp_fsbl_bsp && deactivate
22:15:10 INFO  : bash, -c, source /tools/Xilinx/Vitis/2024.2/tps/lnx64/lopper-1.1.0/env/bin/activate && python /tools/Xilinx/Vitis/2024.2/data/embeddedsw/scripts/pyesw//reconfig_bsp.py -d /mnt/Storage/SCHOOL/Capstone/bringup/ChaosCore-FPGA/RV32RocketFPGAConfig/RV32Rocket/platform/psu_cortexa53_0/standalone_psu_cortexa53_0/bsp && deactivate
22:15:10 INFO  : Domain reconfigured successfully
22:15:10 INFO  : Generating BSP for the domain /mnt/Storage/SCHOOL/Capstone/bringup/ChaosCore-FPGA/RV32RocketFPGAConfig/RV32Rocket/platform/psu_cortexa53_0/standalone_psu_cortexa53_0/bsp
22:15:10 INFO  : lopper command to build BSP :python /tools/Xilinx/Vitis/2024.2/data/embeddedsw/scripts/pyesw//build_bsp.py -d /mnt/Storage/SCHOOL/Capstone/bringup/ChaosCore-FPGA/RV32RocketFPGAConfig/RV32Rocket/platform/psu_cortexa53_0/standalone_psu_cortexa53_0/bsp
22:15:10 INFO  : bash, -c, source /tools/Xilinx/Vitis/2024.2/tps/lnx64/lopper-1.1.0/env/bin/activate && python /tools/Xilinx/Vitis/2024.2/data/embeddedsw/scripts/pyesw//build_bsp.py -d /mnt/Storage/SCHOOL/Capstone/bringup/ChaosCore-FPGA/RV32RocketFPGAConfig/RV32Rocket/platform/psu_cortexa53_0/standalone_psu_cortexa53_0/bsp && deactivate
22:15:10 INFO  : Domain reconfigured successfully
22:15:10 INFO  : Generating BSP for the domain /mnt/Storage/SCHOOL/Capstone/bringup/ChaosCore-FPGA/RV32RocketFPGAConfig/RV32Rocket/platform/zynqmp_fsbl/zynqmp_fsbl_bsp
22:15:10 INFO  : lopper command to build BSP :python /tools/Xilinx/Vitis/2024.2/data/embeddedsw/scripts/pyesw//build_bsp.py -d /mnt/Storage/SCHOOL/Capstone/bringup/ChaosCore-FPGA/RV32RocketFPGAConfig/RV32Rocket/platform/zynqmp_fsbl/zynqmp_fsbl_bsp
22:15:10 INFO  : bash, -c, source /tools/Xilinx/Vitis/2024.2/tps/lnx64/lopper-1.1.0/env/bin/activate && python /tools/Xilinx/Vitis/2024.2/data/embeddedsw/scripts/pyesw//build_bsp.py -d /mnt/Storage/SCHOOL/Capstone/bringup/ChaosCore-FPGA/RV32RocketFPGAConfig/RV32Rocket/platform/zynqmp_fsbl/zynqmp_fsbl_bsp && deactivate
22:15:10 INFO  : Domain build successfully
22:15:11 INFO  : Domain build successfully
22:15:11 INFO  : Generating Boot ELFs
22:15:11 INFO  : lopper command to retarget baremetal application :python /tools/Xilinx/Vitis/2024.2/data/embeddedsw/scripts/pyesw//retarget_app.py -s /mnt/Storage/SCHOOL/Capstone/bringup/ChaosCore-FPGA/RV32RocketFPGAConfig/RV32Rocket/platform/zynqmp_fsbl -d /mnt/Storage/SCHOOL/Capstone/bringup/ChaosCore-FPGA/RV32RocketFPGAConfig/RV32Rocket/platform/zynqmp_fsbl/zynqmp_fsbl_bsp -b /mnt/Storage/SCHOOL/Capstone/bringup/ChaosCore-FPGA/RV32RocketFPGAConfig/RV32Rocket/platform/zynqmp_fsbl/build
22:15:11 INFO  : bash, -c, source /tools/Xilinx/Vitis/2024.2/tps/lnx64/lopper-1.1.0/env/bin/activate && python /tools/Xilinx/Vitis/2024.2/data/embeddedsw/scripts/pyesw//retarget_app.py -s /mnt/Storage/SCHOOL/Capstone/bringup/ChaosCore-FPGA/RV32RocketFPGAConfig/RV32Rocket/platform/zynqmp_fsbl -d /mnt/Storage/SCHOOL/Capstone/bringup/ChaosCore-FPGA/RV32RocketFPGAConfig/RV32Rocket/platform/zynqmp_fsbl/zynqmp_fsbl_bsp -b /mnt/Storage/SCHOOL/Capstone/bringup/ChaosCore-FPGA/RV32RocketFPGAConfig/RV32Rocket/platform/zynqmp_fsbl/build && deactivate
22:15:11 INFO  : Successfully retargeted Application /mnt/Storage/SCHOOL/Capstone/bringup/ChaosCore-FPGA/RV32RocketFPGAConfig/RV32Rocket/platform/zynqmp_fsbl
22:15:11 INFO  : lopper command to build baremetal application :python /tools/Xilinx/Vitis/2024.2/data/embeddedsw/scripts/pyesw//build_app.py -s /mnt/Storage/SCHOOL/Capstone/bringup/ChaosCore-FPGA/RV32RocketFPGAConfig/RV32Rocket/platform/zynqmp_fsbl -b /mnt/Storage/SCHOOL/Capstone/bringup/ChaosCore-FPGA/RV32RocketFPGAConfig/RV32Rocket/platform/zynqmp_fsbl/build
22:15:11 INFO  : bash, -c, source /tools/Xilinx/Vitis/2024.2/tps/lnx64/lopper-1.1.0/env/bin/activate && python /tools/Xilinx/Vitis/2024.2/data/embeddedsw/scripts/pyesw//build_app.py -s /mnt/Storage/SCHOOL/Capstone/bringup/ChaosCore-FPGA/RV32RocketFPGAConfig/RV32Rocket/platform/zynqmp_fsbl -b /mnt/Storage/SCHOOL/Capstone/bringup/ChaosCore-FPGA/RV32RocketFPGAConfig/RV32Rocket/platform/zynqmp_fsbl/build && deactivate
22:15:14 INFO  : Successfully building the baremetal application/mnt/Storage/SCHOOL/Capstone/bringup/ChaosCore-FPGA/RV32RocketFPGAConfig/RV32Rocket/platform/zynqmp_fsbl/build
22:15:14 INFO  : Generating Export directory
22:15:15 INFO  : Platform Build Finished successfully.
22:15:16 INFO  : lopper command to retarget baremetal application :python /tools/Xilinx/Vitis/2024.2/data/embeddedsw/scripts/pyesw//retarget_app.py -s /mnt/Storage/SCHOOL/Capstone/bringup/ChaosCore-FPGA/RV32RocketFPGAConfig/RV32Rocket/hello_world/src -d /mnt/Storage/SCHOOL/Capstone/bringup/ChaosCore-FPGA/RV32RocketFPGAConfig/RV32Rocket/platform/export/platform/sw/standalone_psu_cortexa53_0 -b /mnt/Storage/SCHOOL/Capstone/bringup/ChaosCore-FPGA/RV32RocketFPGAConfig/RV32Rocket/hello_world/build
22:15:16 INFO  : bash, -c, source /tools/Xilinx/Vitis/2024.2/tps/lnx64/lopper-1.1.0/env/bin/activate && python /tools/Xilinx/Vitis/2024.2/data/embeddedsw/scripts/pyesw//retarget_app.py -s /mnt/Storage/SCHOOL/Capstone/bringup/ChaosCore-FPGA/RV32RocketFPGAConfig/RV32Rocket/hello_world/src -d /mnt/Storage/SCHOOL/Capstone/bringup/ChaosCore-FPGA/RV32RocketFPGAConfig/RV32Rocket/platform/export/platform/sw/standalone_psu_cortexa53_0 -b /mnt/Storage/SCHOOL/Capstone/bringup/ChaosCore-FPGA/RV32RocketFPGAConfig/RV32Rocket/hello_world/build && deactivate
22:15:16 INFO  : Successfully retargeted Application /mnt/Storage/SCHOOL/Capstone/bringup/ChaosCore-FPGA/RV32RocketFPGAConfig/RV32Rocket/hello_world/src
22:15:16 INFO  : bash, -c, source /tools/Xilinx/Vitis/2024.2/tps/lnx64/lopper-1.1.0/env/bin/activate && python /tools/Xilinx/Vitis/2024.2/data/embeddedsw/scripts/pyesw//build_app.py -s /mnt/Storage/SCHOOL/Capstone/bringup/ChaosCore-FPGA/RV32RocketFPGAConfig/RV32Rocket/hello_world/src -b /mnt/Storage/SCHOOL/Capstone/bringup/ChaosCore-FPGA/RV32RocketFPGAConfig/RV32Rocket/hello_world/build && deactivate
22:15:24 INFO  : connect -url tcp:127.0.0.1:3121
22:15:24 INFO  : bpremove -all
22:15:24 INFO  : source /tools/Xilinx/Vitis/2024.2/scripts/vitis/util/zynqmp_utils.tcl
22:15:24 INFO  : Context for 'APU' is selected.
22:15:24 INFO  : System reset is completed.
22:15:24 INFO  : disconnect
22:15:27 INFO  : 'after 3000' command is executed.
22:15:27 ERROR : Failed to initialize the hardware Invalid target. Use "connect" command to connect to hw_server/TCF agent
22:15:40 INFO  : connect -url tcp:127.0.0.1:3121
22:15:40 INFO  : bpremove -all
22:15:40 INFO  : source /tools/Xilinx/Vitis/2024.2/scripts/vitis/util/zynqmp_utils.tcl
22:15:40 INFO  : Context for 'APU' is selected.
22:15:40 INFO  : System reset is completed.
22:15:43 INFO  : 'after 3000' command is executed.
22:15:43 INFO  : 'targets -set -filter {jtag_cable_name =~ "Avnet USB-to-JTAG/UART Pod V1 1234-oj1A" && level==0 && jtag_device_ctx=="jsn-USB-to-JTAG/UART Pod V1-1234-oj1A-14710093-0"}' command is executed.
22:15:47 INFO  : Device configured successfully with "/mnt/Storage/SCHOOL/Capstone/bringup/ChaosCore-FPGA/RV32RocketFPGAConfig/RV32Rocket/hello_world/_ide/bitstream/BD_wrapper.bit"
22:15:47 INFO  : targets -set -nocase -filter {name =~"PSU*"}
22:15:47 INFO  : catch {disable_pmu_gate}
22:15:47 INFO  : targets -set -nocase -filter {name =~"APU*"}
22:15:47 INFO  : loadhw -hw /mnt/Storage/SCHOOL/Capstone/bringup/ChaosCore-FPGA/RV32RocketFPGAConfig/RV32Rocket/platform/export/platform/hw/BD_wrapper.xsa -mem-ranges [list {0x80000000 0xbfffffff} {0x400000000 0x5ffffffff} {0x1000000000 0x7fffffffff}]
22:15:47 INFO  : configparams force-mem-access 1
22:15:47 INFO  : targets -set -nocase -filter {name =~"APU*"}
22:15:47 INFO  : source /tools/Xilinx/Vitis/2024.2/vitis-server/scripts/jtag_reg.tcl
22:15:47 INFO  : Boot mode is read from the target.
22:15:47 INFO  : targets -set -nocase -filter {name =~ "*A53*#0"}
22:15:47 INFO  : rst -processor
22:15:48 INFO  : dow /mnt/Storage/SCHOOL/Capstone/bringup/ChaosCore-FPGA/RV32RocketFPGAConfig/RV32Rocket/platform/export/platform/sw/boot/fsbl.elf
22:15:48 INFO  : set bp_15_48_fsbl_bp [bpadd -addr &XFsbl_Exit]
22:15:49 INFO  : con -block -timeout 60
22:15:49 INFO  : bpremove $bp_15_48_fsbl_bp
22:15:49 INFO  : targets -set -nocase -filter {name =~ "*A53*#0"}
22:15:49 INFO  : rst -processor
22:15:49 INFO  : dow /mnt/Storage/SCHOOL/Capstone/bringup/ChaosCore-FPGA/RV32RocketFPGAConfig/RV32Rocket/hello_world/build/hello_world.elf
22:15:49 INFO  : con
22:15:49 INFO  : configparams force-mem-access 0
22:15:50 INFO  : Testing the connection for 127.0.0.1
22:23:23 INFO  : disconnect
22:40:18 INFO  : BSP build will be initiated for Domain standalone_psu_cortexa53_0
22:40:18 INFO  : BSP build will be initiated for Domain zynqmp_fsbl
22:40:18 INFO  : Generating BSP for the domain /mnt/Storage/SCHOOL/Capstone/bringup/ChaosCore-FPGA/RV32RocketFPGAConfig/RV32Rocket/platform/psu_cortexa53_0/standalone_psu_cortexa53_0/bsp
22:40:18 INFO  : Generating BSP for the domain /mnt/Storage/SCHOOL/Capstone/bringup/ChaosCore-FPGA/RV32RocketFPGAConfig/RV32Rocket/platform/zynqmp_fsbl/zynqmp_fsbl_bsp
22:40:18 INFO  : lopper command to reconfigure BSP :python /tools/Xilinx/Vitis/2024.2/data/embeddedsw/scripts/pyesw//reconfig_bsp.py -d /mnt/Storage/SCHOOL/Capstone/bringup/ChaosCore-FPGA/RV32RocketFPGAConfig/RV32Rocket/platform/psu_cortexa53_0/standalone_psu_cortexa53_0/bsp
22:40:18 INFO  : lopper command to reconfigure BSP :python /tools/Xilinx/Vitis/2024.2/data/embeddedsw/scripts/pyesw//reconfig_bsp.py -d /mnt/Storage/SCHOOL/Capstone/bringup/ChaosCore-FPGA/RV32RocketFPGAConfig/RV32Rocket/platform/zynqmp_fsbl/zynqmp_fsbl_bsp
22:40:18 INFO  : bash, -c, source /tools/Xilinx/Vitis/2024.2/tps/lnx64/lopper-1.1.0/env/bin/activate && python /tools/Xilinx/Vitis/2024.2/data/embeddedsw/scripts/pyesw//reconfig_bsp.py -d /mnt/Storage/SCHOOL/Capstone/bringup/ChaosCore-FPGA/RV32RocketFPGAConfig/RV32Rocket/platform/psu_cortexa53_0/standalone_psu_cortexa53_0/bsp && deactivate
22:40:18 INFO  : bash, -c, source /tools/Xilinx/Vitis/2024.2/tps/lnx64/lopper-1.1.0/env/bin/activate && python /tools/Xilinx/Vitis/2024.2/data/embeddedsw/scripts/pyesw//reconfig_bsp.py -d /mnt/Storage/SCHOOL/Capstone/bringup/ChaosCore-FPGA/RV32RocketFPGAConfig/RV32Rocket/platform/zynqmp_fsbl/zynqmp_fsbl_bsp && deactivate
22:40:19 INFO  : Domain reconfigured successfully
22:40:19 INFO  : Generating BSP for the domain /mnt/Storage/SCHOOL/Capstone/bringup/ChaosCore-FPGA/RV32RocketFPGAConfig/RV32Rocket/platform/psu_cortexa53_0/standalone_psu_cortexa53_0/bsp
22:40:19 INFO  : lopper command to build BSP :python /tools/Xilinx/Vitis/2024.2/data/embeddedsw/scripts/pyesw//build_bsp.py -d /mnt/Storage/SCHOOL/Capstone/bringup/ChaosCore-FPGA/RV32RocketFPGAConfig/RV32Rocket/platform/psu_cortexa53_0/standalone_psu_cortexa53_0/bsp
22:40:19 INFO  : bash, -c, source /tools/Xilinx/Vitis/2024.2/tps/lnx64/lopper-1.1.0/env/bin/activate && python /tools/Xilinx/Vitis/2024.2/data/embeddedsw/scripts/pyesw//build_bsp.py -d /mnt/Storage/SCHOOL/Capstone/bringup/ChaosCore-FPGA/RV32RocketFPGAConfig/RV32Rocket/platform/psu_cortexa53_0/standalone_psu_cortexa53_0/bsp && deactivate
22:40:19 INFO  : Domain reconfigured successfully
22:40:19 INFO  : Generating BSP for the domain /mnt/Storage/SCHOOL/Capstone/bringup/ChaosCore-FPGA/RV32RocketFPGAConfig/RV32Rocket/platform/zynqmp_fsbl/zynqmp_fsbl_bsp
22:40:19 INFO  : lopper command to build BSP :python /tools/Xilinx/Vitis/2024.2/data/embeddedsw/scripts/pyesw//build_bsp.py -d /mnt/Storage/SCHOOL/Capstone/bringup/ChaosCore-FPGA/RV32RocketFPGAConfig/RV32Rocket/platform/zynqmp_fsbl/zynqmp_fsbl_bsp
22:40:19 INFO  : bash, -c, source /tools/Xilinx/Vitis/2024.2/tps/lnx64/lopper-1.1.0/env/bin/activate && python /tools/Xilinx/Vitis/2024.2/data/embeddedsw/scripts/pyesw//build_bsp.py -d /mnt/Storage/SCHOOL/Capstone/bringup/ChaosCore-FPGA/RV32RocketFPGAConfig/RV32Rocket/platform/zynqmp_fsbl/zynqmp_fsbl_bsp && deactivate
22:40:19 INFO  : Domain build successfully
22:40:19 INFO  : Domain build successfully
22:40:19 INFO  : Generating Boot ELFs
22:40:19 INFO  : lopper command to retarget baremetal application :python /tools/Xilinx/Vitis/2024.2/data/embeddedsw/scripts/pyesw//retarget_app.py -s /mnt/Storage/SCHOOL/Capstone/bringup/ChaosCore-FPGA/RV32RocketFPGAConfig/RV32Rocket/platform/zynqmp_fsbl -d /mnt/Storage/SCHOOL/Capstone/bringup/ChaosCore-FPGA/RV32RocketFPGAConfig/RV32Rocket/platform/zynqmp_fsbl/zynqmp_fsbl_bsp -b /mnt/Storage/SCHOOL/Capstone/bringup/ChaosCore-FPGA/RV32RocketFPGAConfig/RV32Rocket/platform/zynqmp_fsbl/build
22:40:19 INFO  : bash, -c, source /tools/Xilinx/Vitis/2024.2/tps/lnx64/lopper-1.1.0/env/bin/activate && python /tools/Xilinx/Vitis/2024.2/data/embeddedsw/scripts/pyesw//retarget_app.py -s /mnt/Storage/SCHOOL/Capstone/bringup/ChaosCore-FPGA/RV32RocketFPGAConfig/RV32Rocket/platform/zynqmp_fsbl -d /mnt/Storage/SCHOOL/Capstone/bringup/ChaosCore-FPGA/RV32RocketFPGAConfig/RV32Rocket/platform/zynqmp_fsbl/zynqmp_fsbl_bsp -b /mnt/Storage/SCHOOL/Capstone/bringup/ChaosCore-FPGA/RV32RocketFPGAConfig/RV32Rocket/platform/zynqmp_fsbl/build && deactivate
22:40:20 INFO  : Successfully retargeted Application /mnt/Storage/SCHOOL/Capstone/bringup/ChaosCore-FPGA/RV32RocketFPGAConfig/RV32Rocket/platform/zynqmp_fsbl
22:40:20 INFO  : lopper command to build baremetal application :python /tools/Xilinx/Vitis/2024.2/data/embeddedsw/scripts/pyesw//build_app.py -s /mnt/Storage/SCHOOL/Capstone/bringup/ChaosCore-FPGA/RV32RocketFPGAConfig/RV32Rocket/platform/zynqmp_fsbl -b /mnt/Storage/SCHOOL/Capstone/bringup/ChaosCore-FPGA/RV32RocketFPGAConfig/RV32Rocket/platform/zynqmp_fsbl/build
22:40:20 INFO  : bash, -c, source /tools/Xilinx/Vitis/2024.2/tps/lnx64/lopper-1.1.0/env/bin/activate && python /tools/Xilinx/Vitis/2024.2/data/embeddedsw/scripts/pyesw//build_app.py -s /mnt/Storage/SCHOOL/Capstone/bringup/ChaosCore-FPGA/RV32RocketFPGAConfig/RV32Rocket/platform/zynqmp_fsbl -b /mnt/Storage/SCHOOL/Capstone/bringup/ChaosCore-FPGA/RV32RocketFPGAConfig/RV32Rocket/platform/zynqmp_fsbl/build && deactivate
22:40:22 INFO  : connect -url tcp:127.0.0.1:3121
22:40:22 INFO  : Found no platform with name 'platform' in install repositories
22:40:22 INFO  : Found no platform with name 'platform' in install repositories
22:40:22 INFO  : Found no platform with name 'platform' in install repositories
22:40:22 ERROR : Failed to initialize the hardware null
22:40:23 INFO  : Successfully building the baremetal application/mnt/Storage/SCHOOL/Capstone/bringup/ChaosCore-FPGA/RV32RocketFPGAConfig/RV32Rocket/platform/zynqmp_fsbl/build
22:40:23 INFO  : Generating Export directory
22:40:24 INFO  : Platform Build Finished successfully.
22:40:24 INFO  : lopper command to retarget baremetal application :python /tools/Xilinx/Vitis/2024.2/data/embeddedsw/scripts/pyesw//retarget_app.py -s /mnt/Storage/SCHOOL/Capstone/bringup/ChaosCore-FPGA/RV32RocketFPGAConfig/RV32Rocket/hello_world/src -d /mnt/Storage/SCHOOL/Capstone/bringup/ChaosCore-FPGA/RV32RocketFPGAConfig/RV32Rocket/platform/export/platform/sw/standalone_psu_cortexa53_0 -b /mnt/Storage/SCHOOL/Capstone/bringup/ChaosCore-FPGA/RV32RocketFPGAConfig/RV32Rocket/hello_world/build
22:40:24 INFO  : bash, -c, source /tools/Xilinx/Vitis/2024.2/tps/lnx64/lopper-1.1.0/env/bin/activate && python /tools/Xilinx/Vitis/2024.2/data/embeddedsw/scripts/pyesw//retarget_app.py -s /mnt/Storage/SCHOOL/Capstone/bringup/ChaosCore-FPGA/RV32RocketFPGAConfig/RV32Rocket/hello_world/src -d /mnt/Storage/SCHOOL/Capstone/bringup/ChaosCore-FPGA/RV32RocketFPGAConfig/RV32Rocket/platform/export/platform/sw/standalone_psu_cortexa53_0 -b /mnt/Storage/SCHOOL/Capstone/bringup/ChaosCore-FPGA/RV32RocketFPGAConfig/RV32Rocket/hello_world/build && deactivate
22:40:24 INFO  : Successfully retargeted Application /mnt/Storage/SCHOOL/Capstone/bringup/ChaosCore-FPGA/RV32RocketFPGAConfig/RV32Rocket/hello_world/src
22:40:24 INFO  : bash, -c, source /tools/Xilinx/Vitis/2024.2/tps/lnx64/lopper-1.1.0/env/bin/activate && python /tools/Xilinx/Vitis/2024.2/data/embeddedsw/scripts/pyesw//build_app.py -s /mnt/Storage/SCHOOL/Capstone/bringup/ChaosCore-FPGA/RV32RocketFPGAConfig/RV32Rocket/hello_world/src -b /mnt/Storage/SCHOOL/Capstone/bringup/ChaosCore-FPGA/RV32RocketFPGAConfig/RV32Rocket/hello_world/build && deactivate
22:40:59 INFO  : BSP build will be initiated for Domain zynqmp_fsbl
22:40:59 INFO  : BSP build will be initiated for Domain standalone_psu_cortexa53_0
22:40:59 INFO  : Generating BSP for the domain /mnt/Storage/SCHOOL/Capstone/bringup/ChaosCore-FPGA/RV32RocketFPGAConfig/RV32Rocket/platform/zynqmp_fsbl/zynqmp_fsbl_bsp
22:40:59 INFO  : Generating BSP for the domain /mnt/Storage/SCHOOL/Capstone/bringup/ChaosCore-FPGA/RV32RocketFPGAConfig/RV32Rocket/platform/psu_cortexa53_0/standalone_psu_cortexa53_0/bsp
22:40:59 INFO  : lopper command to reconfigure BSP :python /tools/Xilinx/Vitis/2024.2/data/embeddedsw/scripts/pyesw//reconfig_bsp.py -d /mnt/Storage/SCHOOL/Capstone/bringup/ChaosCore-FPGA/RV32RocketFPGAConfig/RV32Rocket/platform/psu_cortexa53_0/standalone_psu_cortexa53_0/bsp
22:40:59 INFO  : lopper command to reconfigure BSP :python /tools/Xilinx/Vitis/2024.2/data/embeddedsw/scripts/pyesw//reconfig_bsp.py -d /mnt/Storage/SCHOOL/Capstone/bringup/ChaosCore-FPGA/RV32RocketFPGAConfig/RV32Rocket/platform/zynqmp_fsbl/zynqmp_fsbl_bsp
22:40:59 INFO  : bash, -c, source /tools/Xilinx/Vitis/2024.2/tps/lnx64/lopper-1.1.0/env/bin/activate && python /tools/Xilinx/Vitis/2024.2/data/embeddedsw/scripts/pyesw//reconfig_bsp.py -d /mnt/Storage/SCHOOL/Capstone/bringup/ChaosCore-FPGA/RV32RocketFPGAConfig/RV32Rocket/platform/psu_cortexa53_0/standalone_psu_cortexa53_0/bsp && deactivate
22:40:59 INFO  : bash, -c, source /tools/Xilinx/Vitis/2024.2/tps/lnx64/lopper-1.1.0/env/bin/activate && python /tools/Xilinx/Vitis/2024.2/data/embeddedsw/scripts/pyesw//reconfig_bsp.py -d /mnt/Storage/SCHOOL/Capstone/bringup/ChaosCore-FPGA/RV32RocketFPGAConfig/RV32Rocket/platform/zynqmp_fsbl/zynqmp_fsbl_bsp && deactivate
22:41:00 INFO  : Domain reconfigured successfully
22:41:00 INFO  : Generating BSP for the domain /mnt/Storage/SCHOOL/Capstone/bringup/ChaosCore-FPGA/RV32RocketFPGAConfig/RV32Rocket/platform/psu_cortexa53_0/standalone_psu_cortexa53_0/bsp
22:41:00 INFO  : lopper command to build BSP :python /tools/Xilinx/Vitis/2024.2/data/embeddedsw/scripts/pyesw//build_bsp.py -d /mnt/Storage/SCHOOL/Capstone/bringup/ChaosCore-FPGA/RV32RocketFPGAConfig/RV32Rocket/platform/psu_cortexa53_0/standalone_psu_cortexa53_0/bsp
22:41:00 INFO  : bash, -c, source /tools/Xilinx/Vitis/2024.2/tps/lnx64/lopper-1.1.0/env/bin/activate && python /tools/Xilinx/Vitis/2024.2/data/embeddedsw/scripts/pyesw//build_bsp.py -d /mnt/Storage/SCHOOL/Capstone/bringup/ChaosCore-FPGA/RV32RocketFPGAConfig/RV32Rocket/platform/psu_cortexa53_0/standalone_psu_cortexa53_0/bsp && deactivate
22:41:00 INFO  : Domain reconfigured successfully
22:41:00 INFO  : Generating BSP for the domain /mnt/Storage/SCHOOL/Capstone/bringup/ChaosCore-FPGA/RV32RocketFPGAConfig/RV32Rocket/platform/zynqmp_fsbl/zynqmp_fsbl_bsp
22:41:00 INFO  : lopper command to build BSP :python /tools/Xilinx/Vitis/2024.2/data/embeddedsw/scripts/pyesw//build_bsp.py -d /mnt/Storage/SCHOOL/Capstone/bringup/ChaosCore-FPGA/RV32RocketFPGAConfig/RV32Rocket/platform/zynqmp_fsbl/zynqmp_fsbl_bsp
22:41:00 INFO  : bash, -c, source /tools/Xilinx/Vitis/2024.2/tps/lnx64/lopper-1.1.0/env/bin/activate && python /tools/Xilinx/Vitis/2024.2/data/embeddedsw/scripts/pyesw//build_bsp.py -d /mnt/Storage/SCHOOL/Capstone/bringup/ChaosCore-FPGA/RV32RocketFPGAConfig/RV32Rocket/platform/zynqmp_fsbl/zynqmp_fsbl_bsp && deactivate
22:41:00 INFO  : Domain build successfully
22:41:01 INFO  : connect -url tcp:127.0.0.1:3121
22:41:01 INFO  : Found no platform with name 'platform' in install repositories
22:41:01 INFO  : Found no platform with name 'platform' in install repositories
22:41:01 INFO  : Found no platform with name 'platform' in install repositories
22:41:01 ERROR : Failed to initialize the hardware null
22:41:01 INFO  : Domain build successfully
22:41:01 INFO  : Generating Boot ELFs
22:41:01 INFO  : lopper command to retarget baremetal application :python /tools/Xilinx/Vitis/2024.2/data/embeddedsw/scripts/pyesw//retarget_app.py -s /mnt/Storage/SCHOOL/Capstone/bringup/ChaosCore-FPGA/RV32RocketFPGAConfig/RV32Rocket/platform/zynqmp_fsbl -d /mnt/Storage/SCHOOL/Capstone/bringup/ChaosCore-FPGA/RV32RocketFPGAConfig/RV32Rocket/platform/zynqmp_fsbl/zynqmp_fsbl_bsp -b /mnt/Storage/SCHOOL/Capstone/bringup/ChaosCore-FPGA/RV32RocketFPGAConfig/RV32Rocket/platform/zynqmp_fsbl/build
22:41:01 INFO  : bash, -c, source /tools/Xilinx/Vitis/2024.2/tps/lnx64/lopper-1.1.0/env/bin/activate && python /tools/Xilinx/Vitis/2024.2/data/embeddedsw/scripts/pyesw//retarget_app.py -s /mnt/Storage/SCHOOL/Capstone/bringup/ChaosCore-FPGA/RV32RocketFPGAConfig/RV32Rocket/platform/zynqmp_fsbl -d /mnt/Storage/SCHOOL/Capstone/bringup/ChaosCore-FPGA/RV32RocketFPGAConfig/RV32Rocket/platform/zynqmp_fsbl/zynqmp_fsbl_bsp -b /mnt/Storage/SCHOOL/Capstone/bringup/ChaosCore-FPGA/RV32RocketFPGAConfig/RV32Rocket/platform/zynqmp_fsbl/build && deactivate
22:41:01 INFO  : Successfully retargeted Application /mnt/Storage/SCHOOL/Capstone/bringup/ChaosCore-FPGA/RV32RocketFPGAConfig/RV32Rocket/platform/zynqmp_fsbl
22:41:01 INFO  : lopper command to build baremetal application :python /tools/Xilinx/Vitis/2024.2/data/embeddedsw/scripts/pyesw//build_app.py -s /mnt/Storage/SCHOOL/Capstone/bringup/ChaosCore-FPGA/RV32RocketFPGAConfig/RV32Rocket/platform/zynqmp_fsbl -b /mnt/Storage/SCHOOL/Capstone/bringup/ChaosCore-FPGA/RV32RocketFPGAConfig/RV32Rocket/platform/zynqmp_fsbl/build
22:41:01 INFO  : bash, -c, source /tools/Xilinx/Vitis/2024.2/tps/lnx64/lopper-1.1.0/env/bin/activate && python /tools/Xilinx/Vitis/2024.2/data/embeddedsw/scripts/pyesw//build_app.py -s /mnt/Storage/SCHOOL/Capstone/bringup/ChaosCore-FPGA/RV32RocketFPGAConfig/RV32Rocket/platform/zynqmp_fsbl -b /mnt/Storage/SCHOOL/Capstone/bringup/ChaosCore-FPGA/RV32RocketFPGAConfig/RV32Rocket/platform/zynqmp_fsbl/build && deactivate
22:41:04 INFO  : Successfully building the baremetal application/mnt/Storage/SCHOOL/Capstone/bringup/ChaosCore-FPGA/RV32RocketFPGAConfig/RV32Rocket/platform/zynqmp_fsbl/build
22:41:04 INFO  : Generating Export directory
22:41:04 INFO  : Platform Build Finished successfully.
22:41:05 INFO  : lopper command to retarget baremetal application :python /tools/Xilinx/Vitis/2024.2/data/embeddedsw/scripts/pyesw//retarget_app.py -s /mnt/Storage/SCHOOL/Capstone/bringup/ChaosCore-FPGA/RV32RocketFPGAConfig/RV32Rocket/hello_world/src -d /mnt/Storage/SCHOOL/Capstone/bringup/ChaosCore-FPGA/RV32RocketFPGAConfig/RV32Rocket/platform/export/platform/sw/standalone_psu_cortexa53_0 -b /mnt/Storage/SCHOOL/Capstone/bringup/ChaosCore-FPGA/RV32RocketFPGAConfig/RV32Rocket/hello_world/build
22:41:05 INFO  : bash, -c, source /tools/Xilinx/Vitis/2024.2/tps/lnx64/lopper-1.1.0/env/bin/activate && python /tools/Xilinx/Vitis/2024.2/data/embeddedsw/scripts/pyesw//retarget_app.py -s /mnt/Storage/SCHOOL/Capstone/bringup/ChaosCore-FPGA/RV32RocketFPGAConfig/RV32Rocket/hello_world/src -d /mnt/Storage/SCHOOL/Capstone/bringup/ChaosCore-FPGA/RV32RocketFPGAConfig/RV32Rocket/platform/export/platform/sw/standalone_psu_cortexa53_0 -b /mnt/Storage/SCHOOL/Capstone/bringup/ChaosCore-FPGA/RV32RocketFPGAConfig/RV32Rocket/hello_world/build && deactivate
22:41:05 INFO  : Successfully retargeted Application /mnt/Storage/SCHOOL/Capstone/bringup/ChaosCore-FPGA/RV32RocketFPGAConfig/RV32Rocket/hello_world/src
22:41:05 INFO  : bash, -c, source /tools/Xilinx/Vitis/2024.2/tps/lnx64/lopper-1.1.0/env/bin/activate && python /tools/Xilinx/Vitis/2024.2/data/embeddedsw/scripts/pyesw//build_app.py -s /mnt/Storage/SCHOOL/Capstone/bringup/ChaosCore-FPGA/RV32RocketFPGAConfig/RV32Rocket/hello_world/src -b /mnt/Storage/SCHOOL/Capstone/bringup/ChaosCore-FPGA/RV32RocketFPGAConfig/RV32Rocket/hello_world/build && deactivate
22:41:14 INFO  : connect -url tcp:127.0.0.1:3121
22:41:14 INFO  : bpremove -all
22:41:14 INFO  : source /tools/Xilinx/Vitis/2024.2/scripts/vitis/util/zynqmp_utils.tcl
22:41:14 INFO  : Context for 'APU' is selected.
22:41:14 INFO  : System reset is completed.
22:41:17 INFO  : 'after 3000' command is executed.
22:41:17 INFO  : 'targets -set -filter {jtag_cable_name =~ "Avnet USB-to-JTAG/UART Pod V1 1234-oj1A" && level==0 && jtag_device_ctx=="jsn-USB-to-JTAG/UART Pod V1-1234-oj1A-14710093-0"}' command is executed.
22:41:20 INFO  : Device configured successfully with "/mnt/Storage/SCHOOL/Capstone/bringup/ChaosCore-FPGA/RV32RocketFPGAConfig/RV32Rocket/hello_world/_ide/bitstream/BD_wrapper.bit"
22:41:20 INFO  : targets -set -nocase -filter {name =~"PSU*"}
22:41:20 INFO  : catch {disable_pmu_gate}
22:41:20 INFO  : targets -set -nocase -filter {name =~"APU*"}
22:41:20 INFO  : loadhw -hw /mnt/Storage/SCHOOL/Capstone/bringup/ChaosCore-FPGA/RV32RocketFPGAConfig/RV32Rocket/platform/export/platform/hw/BD_wrapper.xsa -mem-ranges [list {0x80000000 0xbfffffff} {0x400000000 0x5ffffffff} {0x1000000000 0x7fffffffff}]
22:41:20 INFO  : configparams force-mem-access 1
22:41:20 INFO  : targets -set -nocase -filter {name =~"APU*"}
22:41:20 INFO  : source /tools/Xilinx/Vitis/2024.2/vitis-server/scripts/jtag_reg.tcl
22:41:20 INFO  : Boot mode is read from the target.
22:41:20 INFO  : targets -set -nocase -filter {name =~ "*A53*#0"}
22:41:20 INFO  : rst -processor
22:41:21 INFO  : dow /mnt/Storage/SCHOOL/Capstone/bringup/ChaosCore-FPGA/RV32RocketFPGAConfig/RV32Rocket/platform/export/platform/sw/boot/fsbl.elf
22:41:21 INFO  : set bp_41_21_fsbl_bp [bpadd -addr &XFsbl_Exit]
22:41:22 INFO  : con -block -timeout 60
22:41:22 INFO  : bpremove $bp_41_21_fsbl_bp
22:41:22 INFO  : targets -set -nocase -filter {name =~ "*A53*#0"}
22:41:22 INFO  : rst -processor
22:41:22 INFO  : dow /mnt/Storage/SCHOOL/Capstone/bringup/ChaosCore-FPGA/RV32RocketFPGAConfig/RV32Rocket/hello_world/build/hello_world.elf
22:41:22 INFO  : con
22:41:22 INFO  : configparams force-mem-access 0
22:41:23 INFO  : Testing the connection for 127.0.0.1
22:44:50 INFO  : BSP build will be initiated for Domain zynqmp_fsbl
22:44:50 INFO  : BSP build will be initiated for Domain standalone_psu_cortexa53_0
22:44:50 INFO  : Generating BSP for the domain /mnt/Storage/SCHOOL/Capstone/bringup/ChaosCore-FPGA/RV32RocketFPGAConfig/RV32Rocket/platform/zynqmp_fsbl/zynqmp_fsbl_bsp
22:44:50 INFO  : Generating BSP for the domain /mnt/Storage/SCHOOL/Capstone/bringup/ChaosCore-FPGA/RV32RocketFPGAConfig/RV32Rocket/platform/psu_cortexa53_0/standalone_psu_cortexa53_0/bsp
22:44:50 INFO  : lopper command to reconfigure BSP :python /tools/Xilinx/Vitis/2024.2/data/embeddedsw/scripts/pyesw//reconfig_bsp.py -d /mnt/Storage/SCHOOL/Capstone/bringup/ChaosCore-FPGA/RV32RocketFPGAConfig/RV32Rocket/platform/zynqmp_fsbl/zynqmp_fsbl_bsp
22:44:50 INFO  : lopper command to reconfigure BSP :python /tools/Xilinx/Vitis/2024.2/data/embeddedsw/scripts/pyesw//reconfig_bsp.py -d /mnt/Storage/SCHOOL/Capstone/bringup/ChaosCore-FPGA/RV32RocketFPGAConfig/RV32Rocket/platform/psu_cortexa53_0/standalone_psu_cortexa53_0/bsp
22:44:50 INFO  : bash, -c, source /tools/Xilinx/Vitis/2024.2/tps/lnx64/lopper-1.1.0/env/bin/activate && python /tools/Xilinx/Vitis/2024.2/data/embeddedsw/scripts/pyesw//reconfig_bsp.py -d /mnt/Storage/SCHOOL/Capstone/bringup/ChaosCore-FPGA/RV32RocketFPGAConfig/RV32Rocket/platform/psu_cortexa53_0/standalone_psu_cortexa53_0/bsp && deactivate
22:44:50 INFO  : bash, -c, source /tools/Xilinx/Vitis/2024.2/tps/lnx64/lopper-1.1.0/env/bin/activate && python /tools/Xilinx/Vitis/2024.2/data/embeddedsw/scripts/pyesw//reconfig_bsp.py -d /mnt/Storage/SCHOOL/Capstone/bringup/ChaosCore-FPGA/RV32RocketFPGAConfig/RV32Rocket/platform/zynqmp_fsbl/zynqmp_fsbl_bsp && deactivate
22:44:50 INFO  : Domain reconfigured successfully
22:44:50 INFO  : Generating BSP for the domain /mnt/Storage/SCHOOL/Capstone/bringup/ChaosCore-FPGA/RV32RocketFPGAConfig/RV32Rocket/platform/psu_cortexa53_0/standalone_psu_cortexa53_0/bsp
22:44:50 INFO  : lopper command to build BSP :python /tools/Xilinx/Vitis/2024.2/data/embeddedsw/scripts/pyesw//build_bsp.py -d /mnt/Storage/SCHOOL/Capstone/bringup/ChaosCore-FPGA/RV32RocketFPGAConfig/RV32Rocket/platform/psu_cortexa53_0/standalone_psu_cortexa53_0/bsp
22:44:50 INFO  : bash, -c, source /tools/Xilinx/Vitis/2024.2/tps/lnx64/lopper-1.1.0/env/bin/activate && python /tools/Xilinx/Vitis/2024.2/data/embeddedsw/scripts/pyesw//build_bsp.py -d /mnt/Storage/SCHOOL/Capstone/bringup/ChaosCore-FPGA/RV32RocketFPGAConfig/RV32Rocket/platform/psu_cortexa53_0/standalone_psu_cortexa53_0/bsp && deactivate
22:44:50 INFO  : Domain reconfigured successfully
22:44:50 INFO  : Generating BSP for the domain /mnt/Storage/SCHOOL/Capstone/bringup/ChaosCore-FPGA/RV32RocketFPGAConfig/RV32Rocket/platform/zynqmp_fsbl/zynqmp_fsbl_bsp
22:44:50 INFO  : lopper command to build BSP :python /tools/Xilinx/Vitis/2024.2/data/embeddedsw/scripts/pyesw//build_bsp.py -d /mnt/Storage/SCHOOL/Capstone/bringup/ChaosCore-FPGA/RV32RocketFPGAConfig/RV32Rocket/platform/zynqmp_fsbl/zynqmp_fsbl_bsp
22:44:50 INFO  : bash, -c, source /tools/Xilinx/Vitis/2024.2/tps/lnx64/lopper-1.1.0/env/bin/activate && python /tools/Xilinx/Vitis/2024.2/data/embeddedsw/scripts/pyesw//build_bsp.py -d /mnt/Storage/SCHOOL/Capstone/bringup/ChaosCore-FPGA/RV32RocketFPGAConfig/RV32Rocket/platform/zynqmp_fsbl/zynqmp_fsbl_bsp && deactivate
22:44:51 INFO  : Domain build successfully
22:44:51 INFO  : Domain build successfully
22:44:51 INFO  : Generating Boot ELFs
22:44:51 INFO  : lopper command to retarget baremetal application :python /tools/Xilinx/Vitis/2024.2/data/embeddedsw/scripts/pyesw//retarget_app.py -s /mnt/Storage/SCHOOL/Capstone/bringup/ChaosCore-FPGA/RV32RocketFPGAConfig/RV32Rocket/platform/zynqmp_fsbl -d /mnt/Storage/SCHOOL/Capstone/bringup/ChaosCore-FPGA/RV32RocketFPGAConfig/RV32Rocket/platform/zynqmp_fsbl/zynqmp_fsbl_bsp -b /mnt/Storage/SCHOOL/Capstone/bringup/ChaosCore-FPGA/RV32RocketFPGAConfig/RV32Rocket/platform/zynqmp_fsbl/build
22:44:51 INFO  : bash, -c, source /tools/Xilinx/Vitis/2024.2/tps/lnx64/lopper-1.1.0/env/bin/activate && python /tools/Xilinx/Vitis/2024.2/data/embeddedsw/scripts/pyesw//retarget_app.py -s /mnt/Storage/SCHOOL/Capstone/bringup/ChaosCore-FPGA/RV32RocketFPGAConfig/RV32Rocket/platform/zynqmp_fsbl -d /mnt/Storage/SCHOOL/Capstone/bringup/ChaosCore-FPGA/RV32RocketFPGAConfig/RV32Rocket/platform/zynqmp_fsbl/zynqmp_fsbl_bsp -b /mnt/Storage/SCHOOL/Capstone/bringup/ChaosCore-FPGA/RV32RocketFPGAConfig/RV32Rocket/platform/zynqmp_fsbl/build && deactivate
22:44:51 INFO  : Successfully retargeted Application /mnt/Storage/SCHOOL/Capstone/bringup/ChaosCore-FPGA/RV32RocketFPGAConfig/RV32Rocket/platform/zynqmp_fsbl
22:44:51 INFO  : lopper command to build baremetal application :python /tools/Xilinx/Vitis/2024.2/data/embeddedsw/scripts/pyesw//build_app.py -s /mnt/Storage/SCHOOL/Capstone/bringup/ChaosCore-FPGA/RV32RocketFPGAConfig/RV32Rocket/platform/zynqmp_fsbl -b /mnt/Storage/SCHOOL/Capstone/bringup/ChaosCore-FPGA/RV32RocketFPGAConfig/RV32Rocket/platform/zynqmp_fsbl/build
22:44:51 INFO  : bash, -c, source /tools/Xilinx/Vitis/2024.2/tps/lnx64/lopper-1.1.0/env/bin/activate && python /tools/Xilinx/Vitis/2024.2/data/embeddedsw/scripts/pyesw//build_app.py -s /mnt/Storage/SCHOOL/Capstone/bringup/ChaosCore-FPGA/RV32RocketFPGAConfig/RV32Rocket/platform/zynqmp_fsbl -b /mnt/Storage/SCHOOL/Capstone/bringup/ChaosCore-FPGA/RV32RocketFPGAConfig/RV32Rocket/platform/zynqmp_fsbl/build && deactivate
22:44:54 INFO  : Successfully building the baremetal application/mnt/Storage/SCHOOL/Capstone/bringup/ChaosCore-FPGA/RV32RocketFPGAConfig/RV32Rocket/platform/zynqmp_fsbl/build
22:44:54 INFO  : Generating Export directory
22:44:55 INFO  : Platform Build Finished successfully.
22:44:55 INFO  : lopper command to retarget baremetal application :python /tools/Xilinx/Vitis/2024.2/data/embeddedsw/scripts/pyesw//retarget_app.py -s /mnt/Storage/SCHOOL/Capstone/bringup/ChaosCore-FPGA/RV32RocketFPGAConfig/RV32Rocket/hello_world/src -d /mnt/Storage/SCHOOL/Capstone/bringup/ChaosCore-FPGA/RV32RocketFPGAConfig/RV32Rocket/platform/export/platform/sw/standalone_psu_cortexa53_0 -b /mnt/Storage/SCHOOL/Capstone/bringup/ChaosCore-FPGA/RV32RocketFPGAConfig/RV32Rocket/hello_world/build
22:44:55 INFO  : bash, -c, source /tools/Xilinx/Vitis/2024.2/tps/lnx64/lopper-1.1.0/env/bin/activate && python /tools/Xilinx/Vitis/2024.2/data/embeddedsw/scripts/pyesw//retarget_app.py -s /mnt/Storage/SCHOOL/Capstone/bringup/ChaosCore-FPGA/RV32RocketFPGAConfig/RV32Rocket/hello_world/src -d /mnt/Storage/SCHOOL/Capstone/bringup/ChaosCore-FPGA/RV32RocketFPGAConfig/RV32Rocket/platform/export/platform/sw/standalone_psu_cortexa53_0 -b /mnt/Storage/SCHOOL/Capstone/bringup/ChaosCore-FPGA/RV32RocketFPGAConfig/RV32Rocket/hello_world/build && deactivate
22:44:56 INFO  : Successfully retargeted Application /mnt/Storage/SCHOOL/Capstone/bringup/ChaosCore-FPGA/RV32RocketFPGAConfig/RV32Rocket/hello_world/src
22:44:56 INFO  : bash, -c, source /tools/Xilinx/Vitis/2024.2/tps/lnx64/lopper-1.1.0/env/bin/activate && python /tools/Xilinx/Vitis/2024.2/data/embeddedsw/scripts/pyesw//build_app.py -s /mnt/Storage/SCHOOL/Capstone/bringup/ChaosCore-FPGA/RV32RocketFPGAConfig/RV32Rocket/hello_world/src -b /mnt/Storage/SCHOOL/Capstone/bringup/ChaosCore-FPGA/RV32RocketFPGAConfig/RV32Rocket/hello_world/build && deactivate
22:44:59 INFO  : connect -url tcp:127.0.0.1:3121
22:44:59 INFO  : bpremove -all
22:44:59 INFO  : source /tools/Xilinx/Vitis/2024.2/scripts/vitis/util/zynqmp_utils.tcl
22:44:59 INFO  : Context for 'APU' is selected.
22:45:00 INFO  : System reset is completed.
22:45:00 INFO  : disconnect
22:45:03 INFO  : 'after 3000' command is executed.
22:45:03 ERROR : Failed to initialize the hardware Invalid target. Use "connect" command to connect to hw_server/TCF agent
22:45:12 INFO  : connect -url tcp:127.0.0.1:3121
22:45:12 INFO  : bpremove -all
22:45:12 INFO  : source /tools/Xilinx/Vitis/2024.2/scripts/vitis/util/zynqmp_utils.tcl
22:45:12 INFO  : Context for 'APU' is selected.
22:45:13 INFO  : System reset is completed.
22:45:16 INFO  : 'after 3000' command is executed.
22:45:16 INFO  : 'targets -set -filter {jtag_cable_name =~ "Avnet USB-to-JTAG/UART Pod V1 1234-oj1A" && level==0 && jtag_device_ctx=="jsn-USB-to-JTAG/UART Pod V1-1234-oj1A-14710093-0"}' command is executed.
22:45:19 INFO  : Device configured successfully with "/mnt/Storage/SCHOOL/Capstone/bringup/ChaosCore-FPGA/RV32RocketFPGAConfig/RV32Rocket/hello_world/_ide/bitstream/BD_wrapper.bit"
22:45:19 INFO  : targets -set -nocase -filter {name =~"PSU*"}
22:45:19 INFO  : catch {disable_pmu_gate}
22:45:19 INFO  : targets -set -nocase -filter {name =~"APU*"}
22:45:19 INFO  : loadhw -hw /mnt/Storage/SCHOOL/Capstone/bringup/ChaosCore-FPGA/RV32RocketFPGAConfig/RV32Rocket/platform/export/platform/hw/BD_wrapper.xsa -mem-ranges [list {0x80000000 0xbfffffff} {0x400000000 0x5ffffffff} {0x1000000000 0x7fffffffff}]
22:45:19 INFO  : configparams force-mem-access 1
22:45:19 INFO  : targets -set -nocase -filter {name =~"APU*"}
22:45:19 INFO  : source /tools/Xilinx/Vitis/2024.2/vitis-server/scripts/jtag_reg.tcl
22:45:19 INFO  : Boot mode is read from the target.
22:45:19 INFO  : targets -set -nocase -filter {name =~ "*A53*#0"}
22:45:19 INFO  : rst -processor
22:45:20 INFO  : dow /mnt/Storage/SCHOOL/Capstone/bringup/ChaosCore-FPGA/RV32RocketFPGAConfig/RV32Rocket/platform/export/platform/sw/boot/fsbl.elf
22:45:20 INFO  : set bp_45_20_fsbl_bp [bpadd -addr &XFsbl_Exit]
22:45:21 INFO  : con -block -timeout 60
22:45:21 INFO  : bpremove $bp_45_20_fsbl_bp
22:45:21 INFO  : targets -set -nocase -filter {name =~ "*A53*#0"}
22:45:21 INFO  : rst -processor
22:45:21 INFO  : dow /mnt/Storage/SCHOOL/Capstone/bringup/ChaosCore-FPGA/RV32RocketFPGAConfig/RV32Rocket/hello_world/build/hello_world.elf
22:45:21 INFO  : con
22:45:21 INFO  : configparams force-mem-access 0
22:45:22 INFO  : Testing the connection for 127.0.0.1
23:26:25 INFO  : Terminating Vitis C++ Server
23:26:25 INFO  : connection terminated
23:26:25 INFO  : connection terminated
19:05:58 INFO  : updated workspace path: /mnt/Storage/SCHOOL/Capstone/bringup/ChaosCore-FPGA/RV32RocketFPGAConfig/RV32Rocket
19:05:58 INFO  : created .gitignore file for the project /mnt/Storage/SCHOOL/Capstone/bringup/ChaosCore-FPGA/RV32RocketFPGAConfig/RV32Rocket
19:05:58 INFO  : bash, -c, source /tools/Xilinx/Vitis/2024.2/tps/lnx64/lopper-1.1.0/env/bin/activate && python /tools/Xilinx/Vitis/2024.2/data/embeddedsw/scripts/pyesw//get_template_data.py -d /tmp/rigel_lopper_alisher3225493004161865901 -r /mnt/Storage/SCHOOL/Capstone/bringup/ChaosCore-FPGA/RV32RocketFPGAConfig/RV32Rocket/_ide/.wsdata/.repo.yaml && deactivate
19:05:58 INFO  : Embedded Template List generated successfully
19:04:32 INFO  : updated workspace path: /mnt/Storage/SCHOOL/Capstone/bringup/ChaosCore-FPGA/RV32RocketFPGAConfig/RV32Rocket
19:04:32 INFO  : created .gitignore file for the project /mnt/Storage/SCHOOL/Capstone/bringup/ChaosCore-FPGA/RV32RocketFPGAConfig/RV32Rocket
19:04:32 INFO  : bash, -c, source /tools/Xilinx/Vitis/2024.2/tps/lnx64/lopper-1.1.0/env/bin/activate && python /tools/Xilinx/Vitis/2024.2/data/embeddedsw/scripts/pyesw//get_template_data.py -d /tmp/rigel_lopper_alisher8441069037338924271 -r /mnt/Storage/SCHOOL/Capstone/bringup/ChaosCore-FPGA/RV32RocketFPGAConfig/RV32Rocket/_ide/.wsdata/.repo.yaml && deactivate
19:04:32 INFO  : Connection to XSDB Server established.
19:04:32 INFO  : It has taken  1secs.
19:04:32 INFO  : Embedded Template List generated successfully
19:04:36 INFO  : Done
20:18:30 INFO  : BSP build will be initiated for Domain standalone_psu_cortexa53_0
20:18:30 INFO  : BSP build will be initiated for Domain zynqmp_fsbl
20:18:30 INFO  : Generating BSP for the domain /mnt/Storage/SCHOOL/Capstone/bringup/ChaosCore-FPGA/RV32RocketFPGAConfig/RV32Rocket/platform/psu_cortexa53_0/standalone_psu_cortexa53_0/bsp
20:18:30 INFO  : Generating BSP for the domain /mnt/Storage/SCHOOL/Capstone/bringup/ChaosCore-FPGA/RV32RocketFPGAConfig/RV32Rocket/platform/zynqmp_fsbl/zynqmp_fsbl_bsp
20:18:30 INFO  : lopper command to reconfigure BSP :python /tools/Xilinx/Vitis/2024.2/data/embeddedsw/scripts/pyesw//reconfig_bsp.py -d /mnt/Storage/SCHOOL/Capstone/bringup/ChaosCore-FPGA/RV32RocketFPGAConfig/RV32Rocket/platform/psu_cortexa53_0/standalone_psu_cortexa53_0/bsp
20:18:30 INFO  : lopper command to reconfigure BSP :python /tools/Xilinx/Vitis/2024.2/data/embeddedsw/scripts/pyesw//reconfig_bsp.py -d /mnt/Storage/SCHOOL/Capstone/bringup/ChaosCore-FPGA/RV32RocketFPGAConfig/RV32Rocket/platform/zynqmp_fsbl/zynqmp_fsbl_bsp
20:18:30 INFO  : bash, -c, source /tools/Xilinx/Vitis/2024.2/tps/lnx64/lopper-1.1.0/env/bin/activate && python /tools/Xilinx/Vitis/2024.2/data/embeddedsw/scripts/pyesw//reconfig_bsp.py -d /mnt/Storage/SCHOOL/Capstone/bringup/ChaosCore-FPGA/RV32RocketFPGAConfig/RV32Rocket/platform/psu_cortexa53_0/standalone_psu_cortexa53_0/bsp && deactivate
20:18:30 INFO  : bash, -c, source /tools/Xilinx/Vitis/2024.2/tps/lnx64/lopper-1.1.0/env/bin/activate && python /tools/Xilinx/Vitis/2024.2/data/embeddedsw/scripts/pyesw//reconfig_bsp.py -d /mnt/Storage/SCHOOL/Capstone/bringup/ChaosCore-FPGA/RV32RocketFPGAConfig/RV32Rocket/platform/zynqmp_fsbl/zynqmp_fsbl_bsp && deactivate
20:18:31 INFO  : Domain reconfigured successfully
20:18:31 INFO  : Generating BSP for the domain /mnt/Storage/SCHOOL/Capstone/bringup/ChaosCore-FPGA/RV32RocketFPGAConfig/RV32Rocket/platform/psu_cortexa53_0/standalone_psu_cortexa53_0/bsp
20:18:31 INFO  : lopper command to build BSP :python /tools/Xilinx/Vitis/2024.2/data/embeddedsw/scripts/pyesw//build_bsp.py -d /mnt/Storage/SCHOOL/Capstone/bringup/ChaosCore-FPGA/RV32RocketFPGAConfig/RV32Rocket/platform/psu_cortexa53_0/standalone_psu_cortexa53_0/bsp
20:18:31 INFO  : bash, -c, source /tools/Xilinx/Vitis/2024.2/tps/lnx64/lopper-1.1.0/env/bin/activate && python /tools/Xilinx/Vitis/2024.2/data/embeddedsw/scripts/pyesw//build_bsp.py -d /mnt/Storage/SCHOOL/Capstone/bringup/ChaosCore-FPGA/RV32RocketFPGAConfig/RV32Rocket/platform/psu_cortexa53_0/standalone_psu_cortexa53_0/bsp && deactivate
20:18:31 INFO  : Domain reconfigured successfully
20:18:31 INFO  : Generating BSP for the domain /mnt/Storage/SCHOOL/Capstone/bringup/ChaosCore-FPGA/RV32RocketFPGAConfig/RV32Rocket/platform/zynqmp_fsbl/zynqmp_fsbl_bsp
20:18:31 INFO  : lopper command to build BSP :python /tools/Xilinx/Vitis/2024.2/data/embeddedsw/scripts/pyesw//build_bsp.py -d /mnt/Storage/SCHOOL/Capstone/bringup/ChaosCore-FPGA/RV32RocketFPGAConfig/RV32Rocket/platform/zynqmp_fsbl/zynqmp_fsbl_bsp
20:18:31 INFO  : bash, -c, source /tools/Xilinx/Vitis/2024.2/tps/lnx64/lopper-1.1.0/env/bin/activate && python /tools/Xilinx/Vitis/2024.2/data/embeddedsw/scripts/pyesw//build_bsp.py -d /mnt/Storage/SCHOOL/Capstone/bringup/ChaosCore-FPGA/RV32RocketFPGAConfig/RV32Rocket/platform/zynqmp_fsbl/zynqmp_fsbl_bsp && deactivate
20:18:32 INFO  : Found no platform with name 'platform' in install repositories
20:18:32 INFO  : Found no platform with name 'platform' in install repositories
20:18:32 ERROR : Failed to update bitstream files in project '/mnt/Storage/SCHOOL/Capstone/bringup/ChaosCore-FPGA/RV32RocketFPGAConfig/RV32Rocket/hello_world'
20:18:32 ERROR : An internal error.
java.io.FileNotFoundException:  (No such file or directory)
	at java.io.RandomAccessFile.open0(Native Method) ~[?:?]
	at java.io.RandomAccessFile.open(RandomAccessFile.java:345) ~[?:?]
	at java.io.RandomAccessFile.<init>(RandomAccessFile.java:259) ~[?:?]
	at java.io.RandomAccessFile.<init>(RandomAccessFile.java:214) ~[?:?]
	at java.util.zip.ZipFile$Source.<init>(ZipFile.java:1305) ~[?:?]
	at java.util.zip.ZipFile$Source.get(ZipFile.java:1271) ~[?:?]
	at java.util.zip.ZipFile$CleanableResource.<init>(ZipFile.java:733) ~[?:?]
	at java.util.zip.ZipFile$CleanableResource.get(ZipFile.java:850) ~[?:?]
	at java.util.zip.ZipFile.<init>(ZipFile.java:248) ~[?:?]
	at java.util.zip.ZipFile.<init>(ZipFile.java:177) ~[?:?]
	at java.util.zip.ZipFile.<init>(ZipFile.java:148) ~[?:?]
	at com.xilinx.rigel.platform.HwPlatformFilesHelper.getMatchingZipFile(HwPlatformFilesHelper.java:169) ~[rigel_server-1.0.0-107.jar:?]
	at com.xilinx.rigel.platform.HwPlatformFilesHelper.extractFileFromZip(HwPlatformFilesHelper.java:140) ~[rigel_server-1.0.0-107.jar:?]
	at com.xilinx.rigel.platform.HwPlatformFilesHelper.extractBitFromDsa(HwPlatformFilesHelper.java:43) ~[rigel_server-1.0.0-107.jar:?]
	at com.xilinx.rigel.services.platform.PlatformHwFilesSyncHelper.updateBitStreamFiles(PlatformHwFilesSyncHelper.java:176) [rigel_server-1.0.0-107.jar:?]
	at com.xilinx.rigel.services.platform.PlatformHwFilesSyncHelper.internalRun(PlatformHwFilesSyncHelper.java:154) [rigel_server-1.0.0-107.jar:?]
	at com.xilinx.rigel.services.platform.PlatformHwFilesSyncHelper.checkAndUpdateHwFiles(PlatformHwFilesSyncHelper.java:147) [rigel_server-1.0.0-107.jar:?]
	at com.xilinx.rigel.services.platform.PlatformService.extractHwFiles(PlatformService.java:2927) [rigel_server-1.0.0-107.jar:?]
	at com.xilinx.rigel.platform.v3.PlatformGrpc$MethodHandlers.invoke(PlatformGrpc.java:3316) [rigel_server-1.0.0-107.jar:?]
	at io.grpc.stub.ServerCalls$UnaryServerCallHandler$UnaryServerCallListener.onHalfClose(ServerCalls.java:182) [grpc-stub-1.37.0.jar:1.37.0]
	at io.grpc.internal.ServerCallImpl$ServerStreamListenerImpl.halfClosed(ServerCallImpl.java:331) [grpc-core-1.37.0.jar:1.37.0]
	at io.grpc.internal.ServerImpl$JumpToApplicationThreadServerStreamListener$1HalfClosed.runInContext(ServerImpl.java:797) [grpc-core-1.37.0.jar:1.37.0]
	at io.grpc.internal.ContextRunnable.run(ContextRunnable.java:37) [grpc-core-1.37.0.jar:1.37.0]
	at io.grpc.internal.SerializingExecutor.run(SerializingExecutor.java:123) [grpc-core-1.37.0.jar:1.37.0]
	at java.util.concurrent.ThreadPoolExecutor.runWorker(ThreadPoolExecutor.java:1128) [?:?]
	at java.util.concurrent.ThreadPoolExecutor$Worker.run(ThreadPoolExecutor.java:628) [?:?]
	at java.lang.Thread.run(Thread.java:829) [?:?]
20:18:32 INFO  : Found no platform with name 'platform' in install repositories
20:18:32 ERROR : Failed to update ps init files in project '/mnt/Storage/SCHOOL/Capstone/bringup/ChaosCore-FPGA/RV32RocketFPGAConfig/RV32Rocket/hello_world'
20:18:32 ERROR : An internal error.
java.io.FileNotFoundException:  (No such file or directory)
	at java.io.RandomAccessFile.open0(Native Method) ~[?:?]
	at java.io.RandomAccessFile.open(RandomAccessFile.java:345) ~[?:?]
	at java.io.RandomAccessFile.<init>(RandomAccessFile.java:259) ~[?:?]
	at java.io.RandomAccessFile.<init>(RandomAccessFile.java:214) ~[?:?]
	at java.util.zip.ZipFile$Source.<init>(ZipFile.java:1305) ~[?:?]
	at java.util.zip.ZipFile$Source.get(ZipFile.java:1271) ~[?:?]
	at java.util.zip.ZipFile$CleanableResource.<init>(ZipFile.java:733) ~[?:?]
	at java.util.zip.ZipFile$CleanableResource.get(ZipFile.java:850) ~[?:?]
	at java.util.zip.ZipFile.<init>(ZipFile.java:248) ~[?:?]
	at java.util.zip.ZipFile.<init>(ZipFile.java:177) ~[?:?]
	at java.util.zip.ZipFile.<init>(ZipFile.java:148) ~[?:?]
	at com.xilinx.rigel.platform.HwPlatformFilesHelper.getMatchingZipFile(HwPlatformFilesHelper.java:169) ~[rigel_server-1.0.0-107.jar:?]
	at com.xilinx.rigel.platform.HwPlatformFilesHelper.extractFileFromZip(HwPlatformFilesHelper.java:140) ~[rigel_server-1.0.0-107.jar:?]
	at com.xilinx.rigel.platform.HwPlatformFilesHelper.extractPsInitTcl(HwPlatformFilesHelper.java:54) ~[rigel_server-1.0.0-107.jar:?]
	at com.xilinx.rigel.services.platform.PlatformHwFilesSyncHelper.updatePsInitFiles(PlatformHwFilesSyncHelper.java:200) [rigel_server-1.0.0-107.jar:?]
	at com.xilinx.rigel.services.platform.PlatformHwFilesSyncHelper.internalRun(PlatformHwFilesSyncHelper.java:156) [rigel_server-1.0.0-107.jar:?]
	at com.xilinx.rigel.services.platform.PlatformHwFilesSyncHelper.checkAndUpdateHwFiles(PlatformHwFilesSyncHelper.java:147) [rigel_server-1.0.0-107.jar:?]
	at com.xilinx.rigel.services.platform.PlatformService.extractHwFiles(PlatformService.java:2927) [rigel_server-1.0.0-107.jar:?]
	at com.xilinx.rigel.platform.v3.PlatformGrpc$MethodHandlers.invoke(PlatformGrpc.java:3316) [rigel_server-1.0.0-107.jar:?]
	at io.grpc.stub.ServerCalls$UnaryServerCallHandler$UnaryServerCallListener.onHalfClose(ServerCalls.java:182) [grpc-stub-1.37.0.jar:1.37.0]
	at io.grpc.internal.ServerCallImpl$ServerStreamListenerImpl.halfClosed(ServerCallImpl.java:331) [grpc-core-1.37.0.jar:1.37.0]
	at io.grpc.internal.ServerImpl$JumpToApplicationThreadServerStreamListener$1HalfClosed.runInContext(ServerImpl.java:797) [grpc-core-1.37.0.jar:1.37.0]
	at io.grpc.internal.ContextRunnable.run(ContextRunnable.java:37) [grpc-core-1.37.0.jar:1.37.0]
	at io.grpc.internal.SerializingExecutor.run(SerializingExecutor.java:123) [grpc-core-1.37.0.jar:1.37.0]
	at java.util.concurrent.ThreadPoolExecutor.runWorker(ThreadPoolExecutor.java:1128) [?:?]
	at java.util.concurrent.ThreadPoolExecutor$Worker.run(ThreadPoolExecutor.java:628) [?:?]
	at java.lang.Thread.run(Thread.java:829) [?:?]
20:18:32 INFO  : Found no platform with name 'platform' in install repositories
20:18:34 INFO  : Found no platform with name 'platform' in install repositories
20:18:34 INFO  : Found no platform with name 'platform' in install repositories
20:18:34 INFO  : Found no platform with name 'platform' in install repositories
20:18:34 ERROR : Program device failed null
20:18:37 INFO  : Domain build successfully
20:18:38 INFO  : Domain build successfully
20:18:38 INFO  : Generating Boot ELFs
20:18:38 INFO  : lopper command to retarget baremetal application :python /tools/Xilinx/Vitis/2024.2/data/embeddedsw/scripts/pyesw//retarget_app.py -s /mnt/Storage/SCHOOL/Capstone/bringup/ChaosCore-FPGA/RV32RocketFPGAConfig/RV32Rocket/platform/zynqmp_fsbl -d /mnt/Storage/SCHOOL/Capstone/bringup/ChaosCore-FPGA/RV32RocketFPGAConfig/RV32Rocket/platform/zynqmp_fsbl/zynqmp_fsbl_bsp -b /mnt/Storage/SCHOOL/Capstone/bringup/ChaosCore-FPGA/RV32RocketFPGAConfig/RV32Rocket/platform/zynqmp_fsbl/build
20:18:38 INFO  : bash, -c, source /tools/Xilinx/Vitis/2024.2/tps/lnx64/lopper-1.1.0/env/bin/activate && python /tools/Xilinx/Vitis/2024.2/data/embeddedsw/scripts/pyesw//retarget_app.py -s /mnt/Storage/SCHOOL/Capstone/bringup/ChaosCore-FPGA/RV32RocketFPGAConfig/RV32Rocket/platform/zynqmp_fsbl -d /mnt/Storage/SCHOOL/Capstone/bringup/ChaosCore-FPGA/RV32RocketFPGAConfig/RV32Rocket/platform/zynqmp_fsbl/zynqmp_fsbl_bsp -b /mnt/Storage/SCHOOL/Capstone/bringup/ChaosCore-FPGA/RV32RocketFPGAConfig/RV32Rocket/platform/zynqmp_fsbl/build && deactivate
20:18:38 INFO  : Successfully retargeted Application /mnt/Storage/SCHOOL/Capstone/bringup/ChaosCore-FPGA/RV32RocketFPGAConfig/RV32Rocket/platform/zynqmp_fsbl
20:18:38 INFO  : lopper command to build baremetal application :python /tools/Xilinx/Vitis/2024.2/data/embeddedsw/scripts/pyesw//build_app.py -s /mnt/Storage/SCHOOL/Capstone/bringup/ChaosCore-FPGA/RV32RocketFPGAConfig/RV32Rocket/platform/zynqmp_fsbl -b /mnt/Storage/SCHOOL/Capstone/bringup/ChaosCore-FPGA/RV32RocketFPGAConfig/RV32Rocket/platform/zynqmp_fsbl/build
20:18:38 INFO  : bash, -c, source /tools/Xilinx/Vitis/2024.2/tps/lnx64/lopper-1.1.0/env/bin/activate && python /tools/Xilinx/Vitis/2024.2/data/embeddedsw/scripts/pyesw//build_app.py -s /mnt/Storage/SCHOOL/Capstone/bringup/ChaosCore-FPGA/RV32RocketFPGAConfig/RV32Rocket/platform/zynqmp_fsbl -b /mnt/Storage/SCHOOL/Capstone/bringup/ChaosCore-FPGA/RV32RocketFPGAConfig/RV32Rocket/platform/zynqmp_fsbl/build && deactivate
20:18:43 INFO  : Successfully building the baremetal application/mnt/Storage/SCHOOL/Capstone/bringup/ChaosCore-FPGA/RV32RocketFPGAConfig/RV32Rocket/platform/zynqmp_fsbl/build
20:18:43 INFO  : Generating Export directory
20:18:45 INFO  : Platform Build Finished successfully.
20:18:46 INFO  : lopper command to retarget baremetal application :python /tools/Xilinx/Vitis/2024.2/data/embeddedsw/scripts/pyesw//retarget_app.py -s /mnt/Storage/SCHOOL/Capstone/bringup/ChaosCore-FPGA/RV32RocketFPGAConfig/RV32Rocket/hello_world/src -d /mnt/Storage/SCHOOL/Capstone/bringup/ChaosCore-FPGA/RV32RocketFPGAConfig/RV32Rocket/platform/export/platform/sw/standalone_psu_cortexa53_0 -b /mnt/Storage/SCHOOL/Capstone/bringup/ChaosCore-FPGA/RV32RocketFPGAConfig/RV32Rocket/hello_world/build
20:18:46 INFO  : bash, -c, source /tools/Xilinx/Vitis/2024.2/tps/lnx64/lopper-1.1.0/env/bin/activate && python /tools/Xilinx/Vitis/2024.2/data/embeddedsw/scripts/pyesw//retarget_app.py -s /mnt/Storage/SCHOOL/Capstone/bringup/ChaosCore-FPGA/RV32RocketFPGAConfig/RV32Rocket/hello_world/src -d /mnt/Storage/SCHOOL/Capstone/bringup/ChaosCore-FPGA/RV32RocketFPGAConfig/RV32Rocket/platform/export/platform/sw/standalone_psu_cortexa53_0 -b /mnt/Storage/SCHOOL/Capstone/bringup/ChaosCore-FPGA/RV32RocketFPGAConfig/RV32Rocket/hello_world/build && deactivate
20:18:46 INFO  : Successfully retargeted Application /mnt/Storage/SCHOOL/Capstone/bringup/ChaosCore-FPGA/RV32RocketFPGAConfig/RV32Rocket/hello_world/src
20:18:46 INFO  : bash, -c, source /tools/Xilinx/Vitis/2024.2/tps/lnx64/lopper-1.1.0/env/bin/activate && python /tools/Xilinx/Vitis/2024.2/data/embeddedsw/scripts/pyesw//build_app.py -s /mnt/Storage/SCHOOL/Capstone/bringup/ChaosCore-FPGA/RV32RocketFPGAConfig/RV32Rocket/hello_world/src -b /mnt/Storage/SCHOOL/Capstone/bringup/ChaosCore-FPGA/RV32RocketFPGAConfig/RV32Rocket/hello_world/build && deactivate
20:18:47 ERROR : hello_world build failed. 
20:19:12 INFO  : BSP build will be initiated for Domain standalone_psu_cortexa53_0
20:19:12 INFO  : BSP build will be initiated for Domain zynqmp_fsbl
20:19:12 INFO  : Generating BSP for the domain /mnt/Storage/SCHOOL/Capstone/bringup/ChaosCore-FPGA/RV32RocketFPGAConfig/RV32Rocket/platform/zynqmp_fsbl/zynqmp_fsbl_bsp
20:19:12 INFO  : Generating BSP for the domain /mnt/Storage/SCHOOL/Capstone/bringup/ChaosCore-FPGA/RV32RocketFPGAConfig/RV32Rocket/platform/psu_cortexa53_0/standalone_psu_cortexa53_0/bsp
20:19:12 INFO  : lopper command to reconfigure BSP :python /tools/Xilinx/Vitis/2024.2/data/embeddedsw/scripts/pyesw//reconfig_bsp.py -d /mnt/Storage/SCHOOL/Capstone/bringup/ChaosCore-FPGA/RV32RocketFPGAConfig/RV32Rocket/platform/zynqmp_fsbl/zynqmp_fsbl_bsp
20:19:12 INFO  : lopper command to reconfigure BSP :python /tools/Xilinx/Vitis/2024.2/data/embeddedsw/scripts/pyesw//reconfig_bsp.py -d /mnt/Storage/SCHOOL/Capstone/bringup/ChaosCore-FPGA/RV32RocketFPGAConfig/RV32Rocket/platform/psu_cortexa53_0/standalone_psu_cortexa53_0/bsp
20:19:12 INFO  : bash, -c, source /tools/Xilinx/Vitis/2024.2/tps/lnx64/lopper-1.1.0/env/bin/activate && python /tools/Xilinx/Vitis/2024.2/data/embeddedsw/scripts/pyesw//reconfig_bsp.py -d /mnt/Storage/SCHOOL/Capstone/bringup/ChaosCore-FPGA/RV32RocketFPGAConfig/RV32Rocket/platform/zynqmp_fsbl/zynqmp_fsbl_bsp && deactivate
20:19:12 INFO  : bash, -c, source /tools/Xilinx/Vitis/2024.2/tps/lnx64/lopper-1.1.0/env/bin/activate && python /tools/Xilinx/Vitis/2024.2/data/embeddedsw/scripts/pyesw//reconfig_bsp.py -d /mnt/Storage/SCHOOL/Capstone/bringup/ChaosCore-FPGA/RV32RocketFPGAConfig/RV32Rocket/platform/psu_cortexa53_0/standalone_psu_cortexa53_0/bsp && deactivate
20:19:13 INFO  : Domain reconfigured successfully
20:19:13 INFO  : Generating BSP for the domain /mnt/Storage/SCHOOL/Capstone/bringup/ChaosCore-FPGA/RV32RocketFPGAConfig/RV32Rocket/platform/psu_cortexa53_0/standalone_psu_cortexa53_0/bsp
20:19:13 INFO  : lopper command to build BSP :python /tools/Xilinx/Vitis/2024.2/data/embeddedsw/scripts/pyesw//build_bsp.py -d /mnt/Storage/SCHOOL/Capstone/bringup/ChaosCore-FPGA/RV32RocketFPGAConfig/RV32Rocket/platform/psu_cortexa53_0/standalone_psu_cortexa53_0/bsp
20:19:13 INFO  : bash, -c, source /tools/Xilinx/Vitis/2024.2/tps/lnx64/lopper-1.1.0/env/bin/activate && python /tools/Xilinx/Vitis/2024.2/data/embeddedsw/scripts/pyesw//build_bsp.py -d /mnt/Storage/SCHOOL/Capstone/bringup/ChaosCore-FPGA/RV32RocketFPGAConfig/RV32Rocket/platform/psu_cortexa53_0/standalone_psu_cortexa53_0/bsp && deactivate
20:19:13 INFO  : Domain reconfigured successfully
20:19:13 INFO  : Generating BSP for the domain /mnt/Storage/SCHOOL/Capstone/bringup/ChaosCore-FPGA/RV32RocketFPGAConfig/RV32Rocket/platform/zynqmp_fsbl/zynqmp_fsbl_bsp
20:19:13 INFO  : lopper command to build BSP :python /tools/Xilinx/Vitis/2024.2/data/embeddedsw/scripts/pyesw//build_bsp.py -d /mnt/Storage/SCHOOL/Capstone/bringup/ChaosCore-FPGA/RV32RocketFPGAConfig/RV32Rocket/platform/zynqmp_fsbl/zynqmp_fsbl_bsp
20:19:13 INFO  : bash, -c, source /tools/Xilinx/Vitis/2024.2/tps/lnx64/lopper-1.1.0/env/bin/activate && python /tools/Xilinx/Vitis/2024.2/data/embeddedsw/scripts/pyesw//build_bsp.py -d /mnt/Storage/SCHOOL/Capstone/bringup/ChaosCore-FPGA/RV32RocketFPGAConfig/RV32Rocket/platform/zynqmp_fsbl/zynqmp_fsbl_bsp && deactivate
20:19:13 INFO  : Domain build successfully
20:19:13 INFO  : Domain build successfully
20:19:13 INFO  : Generating Boot ELFs
20:19:13 INFO  : lopper command to retarget baremetal application :python /tools/Xilinx/Vitis/2024.2/data/embeddedsw/scripts/pyesw//retarget_app.py -s /mnt/Storage/SCHOOL/Capstone/bringup/ChaosCore-FPGA/RV32RocketFPGAConfig/RV32Rocket/platform/zynqmp_fsbl -d /mnt/Storage/SCHOOL/Capstone/bringup/ChaosCore-FPGA/RV32RocketFPGAConfig/RV32Rocket/platform/zynqmp_fsbl/zynqmp_fsbl_bsp -b /mnt/Storage/SCHOOL/Capstone/bringup/ChaosCore-FPGA/RV32RocketFPGAConfig/RV32Rocket/platform/zynqmp_fsbl/build
20:19:13 INFO  : bash, -c, source /tools/Xilinx/Vitis/2024.2/tps/lnx64/lopper-1.1.0/env/bin/activate && python /tools/Xilinx/Vitis/2024.2/data/embeddedsw/scripts/pyesw//retarget_app.py -s /mnt/Storage/SCHOOL/Capstone/bringup/ChaosCore-FPGA/RV32RocketFPGAConfig/RV32Rocket/platform/zynqmp_fsbl -d /mnt/Storage/SCHOOL/Capstone/bringup/ChaosCore-FPGA/RV32RocketFPGAConfig/RV32Rocket/platform/zynqmp_fsbl/zynqmp_fsbl_bsp -b /mnt/Storage/SCHOOL/Capstone/bringup/ChaosCore-FPGA/RV32RocketFPGAConfig/RV32Rocket/platform/zynqmp_fsbl/build && deactivate
20:19:14 INFO  : Successfully retargeted Application /mnt/Storage/SCHOOL/Capstone/bringup/ChaosCore-FPGA/RV32RocketFPGAConfig/RV32Rocket/platform/zynqmp_fsbl
20:19:14 INFO  : lopper command to build baremetal application :python /tools/Xilinx/Vitis/2024.2/data/embeddedsw/scripts/pyesw//build_app.py -s /mnt/Storage/SCHOOL/Capstone/bringup/ChaosCore-FPGA/RV32RocketFPGAConfig/RV32Rocket/platform/zynqmp_fsbl -b /mnt/Storage/SCHOOL/Capstone/bringup/ChaosCore-FPGA/RV32RocketFPGAConfig/RV32Rocket/platform/zynqmp_fsbl/build
20:19:14 INFO  : bash, -c, source /tools/Xilinx/Vitis/2024.2/tps/lnx64/lopper-1.1.0/env/bin/activate && python /tools/Xilinx/Vitis/2024.2/data/embeddedsw/scripts/pyesw//build_app.py -s /mnt/Storage/SCHOOL/Capstone/bringup/ChaosCore-FPGA/RV32RocketFPGAConfig/RV32Rocket/platform/zynqmp_fsbl -b /mnt/Storage/SCHOOL/Capstone/bringup/ChaosCore-FPGA/RV32RocketFPGAConfig/RV32Rocket/platform/zynqmp_fsbl/build && deactivate
20:19:17 INFO  : Successfully building the baremetal application/mnt/Storage/SCHOOL/Capstone/bringup/ChaosCore-FPGA/RV32RocketFPGAConfig/RV32Rocket/platform/zynqmp_fsbl/build
20:19:17 INFO  : Generating Export directory
20:19:17 INFO  : Platform Build Finished successfully.
20:19:18 INFO  : lopper command to retarget baremetal application :python /tools/Xilinx/Vitis/2024.2/data/embeddedsw/scripts/pyesw//retarget_app.py -s /mnt/Storage/SCHOOL/Capstone/bringup/ChaosCore-FPGA/RV32RocketFPGAConfig/RV32Rocket/hello_world/src -d /mnt/Storage/SCHOOL/Capstone/bringup/ChaosCore-FPGA/RV32RocketFPGAConfig/RV32Rocket/platform/export/platform/sw/standalone_psu_cortexa53_0 -b /mnt/Storage/SCHOOL/Capstone/bringup/ChaosCore-FPGA/RV32RocketFPGAConfig/RV32Rocket/hello_world/build
20:19:18 INFO  : bash, -c, source /tools/Xilinx/Vitis/2024.2/tps/lnx64/lopper-1.1.0/env/bin/activate && python /tools/Xilinx/Vitis/2024.2/data/embeddedsw/scripts/pyesw//retarget_app.py -s /mnt/Storage/SCHOOL/Capstone/bringup/ChaosCore-FPGA/RV32RocketFPGAConfig/RV32Rocket/hello_world/src -d /mnt/Storage/SCHOOL/Capstone/bringup/ChaosCore-FPGA/RV32RocketFPGAConfig/RV32Rocket/platform/export/platform/sw/standalone_psu_cortexa53_0 -b /mnt/Storage/SCHOOL/Capstone/bringup/ChaosCore-FPGA/RV32RocketFPGAConfig/RV32Rocket/hello_world/build && deactivate
20:19:18 INFO  : Successfully retargeted Application /mnt/Storage/SCHOOL/Capstone/bringup/ChaosCore-FPGA/RV32RocketFPGAConfig/RV32Rocket/hello_world/src
20:19:18 INFO  : bash, -c, source /tools/Xilinx/Vitis/2024.2/tps/lnx64/lopper-1.1.0/env/bin/activate && python /tools/Xilinx/Vitis/2024.2/data/embeddedsw/scripts/pyesw//build_app.py -s /mnt/Storage/SCHOOL/Capstone/bringup/ChaosCore-FPGA/RV32RocketFPGAConfig/RV32Rocket/hello_world/src -b /mnt/Storage/SCHOOL/Capstone/bringup/ChaosCore-FPGA/RV32RocketFPGAConfig/RV32Rocket/hello_world/build && deactivate
20:19:19 ERROR : hello_world build failed. 
20:19:27 INFO  : BSP build will be initiated for Domain zynqmp_fsbl
20:19:27 INFO  : BSP build will be initiated for Domain standalone_psu_cortexa53_0
20:19:27 INFO  : Generating BSP for the domain /mnt/Storage/SCHOOL/Capstone/bringup/ChaosCore-FPGA/RV32RocketFPGAConfig/RV32Rocket/platform/zynqmp_fsbl/zynqmp_fsbl_bsp
20:19:27 INFO  : Generating BSP for the domain /mnt/Storage/SCHOOL/Capstone/bringup/ChaosCore-FPGA/RV32RocketFPGAConfig/RV32Rocket/platform/psu_cortexa53_0/standalone_psu_cortexa53_0/bsp
20:19:27 INFO  : lopper command to reconfigure BSP :python /tools/Xilinx/Vitis/2024.2/data/embeddedsw/scripts/pyesw//reconfig_bsp.py -d /mnt/Storage/SCHOOL/Capstone/bringup/ChaosCore-FPGA/RV32RocketFPGAConfig/RV32Rocket/platform/zynqmp_fsbl/zynqmp_fsbl_bsp
20:19:27 INFO  : lopper command to reconfigure BSP :python /tools/Xilinx/Vitis/2024.2/data/embeddedsw/scripts/pyesw//reconfig_bsp.py -d /mnt/Storage/SCHOOL/Capstone/bringup/ChaosCore-FPGA/RV32RocketFPGAConfig/RV32Rocket/platform/psu_cortexa53_0/standalone_psu_cortexa53_0/bsp
20:19:27 INFO  : bash, -c, source /tools/Xilinx/Vitis/2024.2/tps/lnx64/lopper-1.1.0/env/bin/activate && python /tools/Xilinx/Vitis/2024.2/data/embeddedsw/scripts/pyesw//reconfig_bsp.py -d /mnt/Storage/SCHOOL/Capstone/bringup/ChaosCore-FPGA/RV32RocketFPGAConfig/RV32Rocket/platform/zynqmp_fsbl/zynqmp_fsbl_bsp && deactivate
20:19:27 INFO  : bash, -c, source /tools/Xilinx/Vitis/2024.2/tps/lnx64/lopper-1.1.0/env/bin/activate && python /tools/Xilinx/Vitis/2024.2/data/embeddedsw/scripts/pyesw//reconfig_bsp.py -d /mnt/Storage/SCHOOL/Capstone/bringup/ChaosCore-FPGA/RV32RocketFPGAConfig/RV32Rocket/platform/psu_cortexa53_0/standalone_psu_cortexa53_0/bsp && deactivate
20:19:28 INFO  : Domain reconfigured successfully
20:19:28 INFO  : Generating BSP for the domain /mnt/Storage/SCHOOL/Capstone/bringup/ChaosCore-FPGA/RV32RocketFPGAConfig/RV32Rocket/platform/psu_cortexa53_0/standalone_psu_cortexa53_0/bsp
20:19:28 INFO  : lopper command to build BSP :python /tools/Xilinx/Vitis/2024.2/data/embeddedsw/scripts/pyesw//build_bsp.py -d /mnt/Storage/SCHOOL/Capstone/bringup/ChaosCore-FPGA/RV32RocketFPGAConfig/RV32Rocket/platform/psu_cortexa53_0/standalone_psu_cortexa53_0/bsp
20:19:28 INFO  : bash, -c, source /tools/Xilinx/Vitis/2024.2/tps/lnx64/lopper-1.1.0/env/bin/activate && python /tools/Xilinx/Vitis/2024.2/data/embeddedsw/scripts/pyesw//build_bsp.py -d /mnt/Storage/SCHOOL/Capstone/bringup/ChaosCore-FPGA/RV32RocketFPGAConfig/RV32Rocket/platform/psu_cortexa53_0/standalone_psu_cortexa53_0/bsp && deactivate
20:19:28 INFO  : Domain reconfigured successfully
20:19:28 INFO  : Generating BSP for the domain /mnt/Storage/SCHOOL/Capstone/bringup/ChaosCore-FPGA/RV32RocketFPGAConfig/RV32Rocket/platform/zynqmp_fsbl/zynqmp_fsbl_bsp
20:19:28 INFO  : lopper command to build BSP :python /tools/Xilinx/Vitis/2024.2/data/embeddedsw/scripts/pyesw//build_bsp.py -d /mnt/Storage/SCHOOL/Capstone/bringup/ChaosCore-FPGA/RV32RocketFPGAConfig/RV32Rocket/platform/zynqmp_fsbl/zynqmp_fsbl_bsp
20:19:28 INFO  : bash, -c, source /tools/Xilinx/Vitis/2024.2/tps/lnx64/lopper-1.1.0/env/bin/activate && python /tools/Xilinx/Vitis/2024.2/data/embeddedsw/scripts/pyesw//build_bsp.py -d /mnt/Storage/SCHOOL/Capstone/bringup/ChaosCore-FPGA/RV32RocketFPGAConfig/RV32Rocket/platform/zynqmp_fsbl/zynqmp_fsbl_bsp && deactivate
20:19:29 INFO  : Domain build successfully
20:19:29 INFO  : Domain build successfully
20:19:29 INFO  : Generating Boot ELFs
20:19:29 INFO  : lopper command to retarget baremetal application :python /tools/Xilinx/Vitis/2024.2/data/embeddedsw/scripts/pyesw//retarget_app.py -s /mnt/Storage/SCHOOL/Capstone/bringup/ChaosCore-FPGA/RV32RocketFPGAConfig/RV32Rocket/platform/zynqmp_fsbl -d /mnt/Storage/SCHOOL/Capstone/bringup/ChaosCore-FPGA/RV32RocketFPGAConfig/RV32Rocket/platform/zynqmp_fsbl/zynqmp_fsbl_bsp -b /mnt/Storage/SCHOOL/Capstone/bringup/ChaosCore-FPGA/RV32RocketFPGAConfig/RV32Rocket/platform/zynqmp_fsbl/build
20:19:29 INFO  : bash, -c, source /tools/Xilinx/Vitis/2024.2/tps/lnx64/lopper-1.1.0/env/bin/activate && python /tools/Xilinx/Vitis/2024.2/data/embeddedsw/scripts/pyesw//retarget_app.py -s /mnt/Storage/SCHOOL/Capstone/bringup/ChaosCore-FPGA/RV32RocketFPGAConfig/RV32Rocket/platform/zynqmp_fsbl -d /mnt/Storage/SCHOOL/Capstone/bringup/ChaosCore-FPGA/RV32RocketFPGAConfig/RV32Rocket/platform/zynqmp_fsbl/zynqmp_fsbl_bsp -b /mnt/Storage/SCHOOL/Capstone/bringup/ChaosCore-FPGA/RV32RocketFPGAConfig/RV32Rocket/platform/zynqmp_fsbl/build && deactivate
20:19:29 INFO  : Successfully retargeted Application /mnt/Storage/SCHOOL/Capstone/bringup/ChaosCore-FPGA/RV32RocketFPGAConfig/RV32Rocket/platform/zynqmp_fsbl
20:19:29 INFO  : lopper command to build baremetal application :python /tools/Xilinx/Vitis/2024.2/data/embeddedsw/scripts/pyesw//build_app.py -s /mnt/Storage/SCHOOL/Capstone/bringup/ChaosCore-FPGA/RV32RocketFPGAConfig/RV32Rocket/platform/zynqmp_fsbl -b /mnt/Storage/SCHOOL/Capstone/bringup/ChaosCore-FPGA/RV32RocketFPGAConfig/RV32Rocket/platform/zynqmp_fsbl/build
20:19:29 INFO  : bash, -c, source /tools/Xilinx/Vitis/2024.2/tps/lnx64/lopper-1.1.0/env/bin/activate && python /tools/Xilinx/Vitis/2024.2/data/embeddedsw/scripts/pyesw//build_app.py -s /mnt/Storage/SCHOOL/Capstone/bringup/ChaosCore-FPGA/RV32RocketFPGAConfig/RV32Rocket/platform/zynqmp_fsbl -b /mnt/Storage/SCHOOL/Capstone/bringup/ChaosCore-FPGA/RV32RocketFPGAConfig/RV32Rocket/platform/zynqmp_fsbl/build && deactivate
20:19:32 INFO  : Successfully building the baremetal application/mnt/Storage/SCHOOL/Capstone/bringup/ChaosCore-FPGA/RV32RocketFPGAConfig/RV32Rocket/platform/zynqmp_fsbl/build
20:19:32 INFO  : Generating Export directory
20:19:33 INFO  : Platform Build Finished successfully.
20:19:34 INFO  : lopper command to retarget baremetal application :python /tools/Xilinx/Vitis/2024.2/data/embeddedsw/scripts/pyesw//retarget_app.py -s /mnt/Storage/SCHOOL/Capstone/bringup/ChaosCore-FPGA/RV32RocketFPGAConfig/RV32Rocket/hello_world/src -d /mnt/Storage/SCHOOL/Capstone/bringup/ChaosCore-FPGA/RV32RocketFPGAConfig/RV32Rocket/platform/export/platform/sw/standalone_psu_cortexa53_0 -b /mnt/Storage/SCHOOL/Capstone/bringup/ChaosCore-FPGA/RV32RocketFPGAConfig/RV32Rocket/hello_world/build
20:19:34 INFO  : bash, -c, source /tools/Xilinx/Vitis/2024.2/tps/lnx64/lopper-1.1.0/env/bin/activate && python /tools/Xilinx/Vitis/2024.2/data/embeddedsw/scripts/pyesw//retarget_app.py -s /mnt/Storage/SCHOOL/Capstone/bringup/ChaosCore-FPGA/RV32RocketFPGAConfig/RV32Rocket/hello_world/src -d /mnt/Storage/SCHOOL/Capstone/bringup/ChaosCore-FPGA/RV32RocketFPGAConfig/RV32Rocket/platform/export/platform/sw/standalone_psu_cortexa53_0 -b /mnt/Storage/SCHOOL/Capstone/bringup/ChaosCore-FPGA/RV32RocketFPGAConfig/RV32Rocket/hello_world/build && deactivate
20:19:34 INFO  : Successfully retargeted Application /mnt/Storage/SCHOOL/Capstone/bringup/ChaosCore-FPGA/RV32RocketFPGAConfig/RV32Rocket/hello_world/src
20:19:34 INFO  : bash, -c, source /tools/Xilinx/Vitis/2024.2/tps/lnx64/lopper-1.1.0/env/bin/activate && python /tools/Xilinx/Vitis/2024.2/data/embeddedsw/scripts/pyesw//build_app.py -s /mnt/Storage/SCHOOL/Capstone/bringup/ChaosCore-FPGA/RV32RocketFPGAConfig/RV32Rocket/hello_world/src -b /mnt/Storage/SCHOOL/Capstone/bringup/ChaosCore-FPGA/RV32RocketFPGAConfig/RV32Rocket/hello_world/build && deactivate
20:19:34 ERROR : hello_world build failed. 
20:19:39 INFO  : BSP build will be initiated for Domain zynqmp_fsbl
20:19:39 INFO  : BSP build will be initiated for Domain standalone_psu_cortexa53_0
20:19:39 INFO  : Generating BSP for the domain /mnt/Storage/SCHOOL/Capstone/bringup/ChaosCore-FPGA/RV32RocketFPGAConfig/RV32Rocket/platform/zynqmp_fsbl/zynqmp_fsbl_bsp
20:19:39 INFO  : Generating BSP for the domain /mnt/Storage/SCHOOL/Capstone/bringup/ChaosCore-FPGA/RV32RocketFPGAConfig/RV32Rocket/platform/psu_cortexa53_0/standalone_psu_cortexa53_0/bsp
20:19:39 INFO  : lopper command to reconfigure BSP :python /tools/Xilinx/Vitis/2024.2/data/embeddedsw/scripts/pyesw//reconfig_bsp.py -d /mnt/Storage/SCHOOL/Capstone/bringup/ChaosCore-FPGA/RV32RocketFPGAConfig/RV32Rocket/platform/zynqmp_fsbl/zynqmp_fsbl_bsp
20:19:39 INFO  : lopper command to reconfigure BSP :python /tools/Xilinx/Vitis/2024.2/data/embeddedsw/scripts/pyesw//reconfig_bsp.py -d /mnt/Storage/SCHOOL/Capstone/bringup/ChaosCore-FPGA/RV32RocketFPGAConfig/RV32Rocket/platform/psu_cortexa53_0/standalone_psu_cortexa53_0/bsp
20:19:39 INFO  : bash, -c, source /tools/Xilinx/Vitis/2024.2/tps/lnx64/lopper-1.1.0/env/bin/activate && python /tools/Xilinx/Vitis/2024.2/data/embeddedsw/scripts/pyesw//reconfig_bsp.py -d /mnt/Storage/SCHOOL/Capstone/bringup/ChaosCore-FPGA/RV32RocketFPGAConfig/RV32Rocket/platform/zynqmp_fsbl/zynqmp_fsbl_bsp && deactivate
20:19:39 INFO  : bash, -c, source /tools/Xilinx/Vitis/2024.2/tps/lnx64/lopper-1.1.0/env/bin/activate && python /tools/Xilinx/Vitis/2024.2/data/embeddedsw/scripts/pyesw//reconfig_bsp.py -d /mnt/Storage/SCHOOL/Capstone/bringup/ChaosCore-FPGA/RV32RocketFPGAConfig/RV32Rocket/platform/psu_cortexa53_0/standalone_psu_cortexa53_0/bsp && deactivate
20:19:39 INFO  : Domain reconfigured successfully
20:19:39 INFO  : Generating BSP for the domain /mnt/Storage/SCHOOL/Capstone/bringup/ChaosCore-FPGA/RV32RocketFPGAConfig/RV32Rocket/platform/psu_cortexa53_0/standalone_psu_cortexa53_0/bsp
20:19:39 INFO  : lopper command to build BSP :python /tools/Xilinx/Vitis/2024.2/data/embeddedsw/scripts/pyesw//build_bsp.py -d /mnt/Storage/SCHOOL/Capstone/bringup/ChaosCore-FPGA/RV32RocketFPGAConfig/RV32Rocket/platform/psu_cortexa53_0/standalone_psu_cortexa53_0/bsp
20:19:39 INFO  : bash, -c, source /tools/Xilinx/Vitis/2024.2/tps/lnx64/lopper-1.1.0/env/bin/activate && python /tools/Xilinx/Vitis/2024.2/data/embeddedsw/scripts/pyesw//build_bsp.py -d /mnt/Storage/SCHOOL/Capstone/bringup/ChaosCore-FPGA/RV32RocketFPGAConfig/RV32Rocket/platform/psu_cortexa53_0/standalone_psu_cortexa53_0/bsp && deactivate
20:19:40 INFO  : Domain reconfigured successfully
20:19:40 INFO  : Generating BSP for the domain /mnt/Storage/SCHOOL/Capstone/bringup/ChaosCore-FPGA/RV32RocketFPGAConfig/RV32Rocket/platform/zynqmp_fsbl/zynqmp_fsbl_bsp
20:19:40 INFO  : lopper command to build BSP :python /tools/Xilinx/Vitis/2024.2/data/embeddedsw/scripts/pyesw//build_bsp.py -d /mnt/Storage/SCHOOL/Capstone/bringup/ChaosCore-FPGA/RV32RocketFPGAConfig/RV32Rocket/platform/zynqmp_fsbl/zynqmp_fsbl_bsp
20:19:40 INFO  : bash, -c, source /tools/Xilinx/Vitis/2024.2/tps/lnx64/lopper-1.1.0/env/bin/activate && python /tools/Xilinx/Vitis/2024.2/data/embeddedsw/scripts/pyesw//build_bsp.py -d /mnt/Storage/SCHOOL/Capstone/bringup/ChaosCore-FPGA/RV32RocketFPGAConfig/RV32Rocket/platform/zynqmp_fsbl/zynqmp_fsbl_bsp && deactivate
20:19:40 INFO  : Domain build successfully
20:19:40 INFO  : Domain build successfully
20:19:40 INFO  : Generating Boot ELFs
20:19:40 INFO  : lopper command to retarget baremetal application :python /tools/Xilinx/Vitis/2024.2/data/embeddedsw/scripts/pyesw//retarget_app.py -s /mnt/Storage/SCHOOL/Capstone/bringup/ChaosCore-FPGA/RV32RocketFPGAConfig/RV32Rocket/platform/zynqmp_fsbl -d /mnt/Storage/SCHOOL/Capstone/bringup/ChaosCore-FPGA/RV32RocketFPGAConfig/RV32Rocket/platform/zynqmp_fsbl/zynqmp_fsbl_bsp -b /mnt/Storage/SCHOOL/Capstone/bringup/ChaosCore-FPGA/RV32RocketFPGAConfig/RV32Rocket/platform/zynqmp_fsbl/build
20:19:40 INFO  : bash, -c, source /tools/Xilinx/Vitis/2024.2/tps/lnx64/lopper-1.1.0/env/bin/activate && python /tools/Xilinx/Vitis/2024.2/data/embeddedsw/scripts/pyesw//retarget_app.py -s /mnt/Storage/SCHOOL/Capstone/bringup/ChaosCore-FPGA/RV32RocketFPGAConfig/RV32Rocket/platform/zynqmp_fsbl -d /mnt/Storage/SCHOOL/Capstone/bringup/ChaosCore-FPGA/RV32RocketFPGAConfig/RV32Rocket/platform/zynqmp_fsbl/zynqmp_fsbl_bsp -b /mnt/Storage/SCHOOL/Capstone/bringup/ChaosCore-FPGA/RV32RocketFPGAConfig/RV32Rocket/platform/zynqmp_fsbl/build && deactivate
20:19:41 INFO  : Successfully retargeted Application /mnt/Storage/SCHOOL/Capstone/bringup/ChaosCore-FPGA/RV32RocketFPGAConfig/RV32Rocket/platform/zynqmp_fsbl
20:19:41 INFO  : lopper command to build baremetal application :python /tools/Xilinx/Vitis/2024.2/data/embeddedsw/scripts/pyesw//build_app.py -s /mnt/Storage/SCHOOL/Capstone/bringup/ChaosCore-FPGA/RV32RocketFPGAConfig/RV32Rocket/platform/zynqmp_fsbl -b /mnt/Storage/SCHOOL/Capstone/bringup/ChaosCore-FPGA/RV32RocketFPGAConfig/RV32Rocket/platform/zynqmp_fsbl/build
20:19:41 INFO  : bash, -c, source /tools/Xilinx/Vitis/2024.2/tps/lnx64/lopper-1.1.0/env/bin/activate && python /tools/Xilinx/Vitis/2024.2/data/embeddedsw/scripts/pyesw//build_app.py -s /mnt/Storage/SCHOOL/Capstone/bringup/ChaosCore-FPGA/RV32RocketFPGAConfig/RV32Rocket/platform/zynqmp_fsbl -b /mnt/Storage/SCHOOL/Capstone/bringup/ChaosCore-FPGA/RV32RocketFPGAConfig/RV32Rocket/platform/zynqmp_fsbl/build && deactivate
20:19:43 INFO  : Successfully building the baremetal application/mnt/Storage/SCHOOL/Capstone/bringup/ChaosCore-FPGA/RV32RocketFPGAConfig/RV32Rocket/platform/zynqmp_fsbl/build
20:19:43 INFO  : Generating Export directory
20:19:44 INFO  : Platform Build Finished successfully.
20:19:45 INFO  : lopper command to retarget baremetal application :python /tools/Xilinx/Vitis/2024.2/data/embeddedsw/scripts/pyesw//retarget_app.py -s /mnt/Storage/SCHOOL/Capstone/bringup/ChaosCore-FPGA/RV32RocketFPGAConfig/RV32Rocket/hello_world/src -d /mnt/Storage/SCHOOL/Capstone/bringup/ChaosCore-FPGA/RV32RocketFPGAConfig/RV32Rocket/platform/export/platform/sw/standalone_psu_cortexa53_0 -b /mnt/Storage/SCHOOL/Capstone/bringup/ChaosCore-FPGA/RV32RocketFPGAConfig/RV32Rocket/hello_world/build
20:19:45 INFO  : bash, -c, source /tools/Xilinx/Vitis/2024.2/tps/lnx64/lopper-1.1.0/env/bin/activate && python /tools/Xilinx/Vitis/2024.2/data/embeddedsw/scripts/pyesw//retarget_app.py -s /mnt/Storage/SCHOOL/Capstone/bringup/ChaosCore-FPGA/RV32RocketFPGAConfig/RV32Rocket/hello_world/src -d /mnt/Storage/SCHOOL/Capstone/bringup/ChaosCore-FPGA/RV32RocketFPGAConfig/RV32Rocket/platform/export/platform/sw/standalone_psu_cortexa53_0 -b /mnt/Storage/SCHOOL/Capstone/bringup/ChaosCore-FPGA/RV32RocketFPGAConfig/RV32Rocket/hello_world/build && deactivate
20:19:45 INFO  : Successfully retargeted Application /mnt/Storage/SCHOOL/Capstone/bringup/ChaosCore-FPGA/RV32RocketFPGAConfig/RV32Rocket/hello_world/src
20:19:45 INFO  : bash, -c, source /tools/Xilinx/Vitis/2024.2/tps/lnx64/lopper-1.1.0/env/bin/activate && python /tools/Xilinx/Vitis/2024.2/data/embeddedsw/scripts/pyesw//build_app.py -s /mnt/Storage/SCHOOL/Capstone/bringup/ChaosCore-FPGA/RV32RocketFPGAConfig/RV32Rocket/hello_world/src -b /mnt/Storage/SCHOOL/Capstone/bringup/ChaosCore-FPGA/RV32RocketFPGAConfig/RV32Rocket/hello_world/build && deactivate
20:19:45 ERROR : hello_world build failed. 
20:25:10 INFO  : BSP build will be initiated for Domain standalone_psu_cortexa53_0
20:25:10 INFO  : BSP build will be initiated for Domain zynqmp_fsbl
20:25:10 INFO  : Generating BSP for the domain /mnt/Storage/SCHOOL/Capstone/bringup/ChaosCore-FPGA/RV32RocketFPGAConfig/RV32Rocket/platform/psu_cortexa53_0/standalone_psu_cortexa53_0/bsp
20:25:10 INFO  : Generating BSP for the domain /mnt/Storage/SCHOOL/Capstone/bringup/ChaosCore-FPGA/RV32RocketFPGAConfig/RV32Rocket/platform/zynqmp_fsbl/zynqmp_fsbl_bsp
20:25:10 INFO  : lopper command to reconfigure BSP :python /tools/Xilinx/Vitis/2024.2/data/embeddedsw/scripts/pyesw//reconfig_bsp.py -d /mnt/Storage/SCHOOL/Capstone/bringup/ChaosCore-FPGA/RV32RocketFPGAConfig/RV32Rocket/platform/psu_cortexa53_0/standalone_psu_cortexa53_0/bsp
20:25:10 INFO  : lopper command to reconfigure BSP :python /tools/Xilinx/Vitis/2024.2/data/embeddedsw/scripts/pyesw//reconfig_bsp.py -d /mnt/Storage/SCHOOL/Capstone/bringup/ChaosCore-FPGA/RV32RocketFPGAConfig/RV32Rocket/platform/zynqmp_fsbl/zynqmp_fsbl_bsp
20:25:10 INFO  : bash, -c, source /tools/Xilinx/Vitis/2024.2/tps/lnx64/lopper-1.1.0/env/bin/activate && python /tools/Xilinx/Vitis/2024.2/data/embeddedsw/scripts/pyesw//reconfig_bsp.py -d /mnt/Storage/SCHOOL/Capstone/bringup/ChaosCore-FPGA/RV32RocketFPGAConfig/RV32Rocket/platform/psu_cortexa53_0/standalone_psu_cortexa53_0/bsp && deactivate
20:25:10 INFO  : bash, -c, source /tools/Xilinx/Vitis/2024.2/tps/lnx64/lopper-1.1.0/env/bin/activate && python /tools/Xilinx/Vitis/2024.2/data/embeddedsw/scripts/pyesw//reconfig_bsp.py -d /mnt/Storage/SCHOOL/Capstone/bringup/ChaosCore-FPGA/RV32RocketFPGAConfig/RV32Rocket/platform/zynqmp_fsbl/zynqmp_fsbl_bsp && deactivate
20:25:11 INFO  : Domain reconfigured successfully
20:25:11 INFO  : Generating BSP for the domain /mnt/Storage/SCHOOL/Capstone/bringup/ChaosCore-FPGA/RV32RocketFPGAConfig/RV32Rocket/platform/psu_cortexa53_0/standalone_psu_cortexa53_0/bsp
20:25:11 INFO  : lopper command to build BSP :python /tools/Xilinx/Vitis/2024.2/data/embeddedsw/scripts/pyesw//build_bsp.py -d /mnt/Storage/SCHOOL/Capstone/bringup/ChaosCore-FPGA/RV32RocketFPGAConfig/RV32Rocket/platform/psu_cortexa53_0/standalone_psu_cortexa53_0/bsp
20:25:11 INFO  : bash, -c, source /tools/Xilinx/Vitis/2024.2/tps/lnx64/lopper-1.1.0/env/bin/activate && python /tools/Xilinx/Vitis/2024.2/data/embeddedsw/scripts/pyesw//build_bsp.py -d /mnt/Storage/SCHOOL/Capstone/bringup/ChaosCore-FPGA/RV32RocketFPGAConfig/RV32Rocket/platform/psu_cortexa53_0/standalone_psu_cortexa53_0/bsp && deactivate
20:25:12 INFO  : Domain reconfigured successfully
20:25:12 INFO  : Generating BSP for the domain /mnt/Storage/SCHOOL/Capstone/bringup/ChaosCore-FPGA/RV32RocketFPGAConfig/RV32Rocket/platform/zynqmp_fsbl/zynqmp_fsbl_bsp
20:25:12 INFO  : lopper command to build BSP :python /tools/Xilinx/Vitis/2024.2/data/embeddedsw/scripts/pyesw//build_bsp.py -d /mnt/Storage/SCHOOL/Capstone/bringup/ChaosCore-FPGA/RV32RocketFPGAConfig/RV32Rocket/platform/zynqmp_fsbl/zynqmp_fsbl_bsp
20:25:12 INFO  : bash, -c, source /tools/Xilinx/Vitis/2024.2/tps/lnx64/lopper-1.1.0/env/bin/activate && python /tools/Xilinx/Vitis/2024.2/data/embeddedsw/scripts/pyesw//build_bsp.py -d /mnt/Storage/SCHOOL/Capstone/bringup/ChaosCore-FPGA/RV32RocketFPGAConfig/RV32Rocket/platform/zynqmp_fsbl/zynqmp_fsbl_bsp && deactivate
20:25:12 INFO  : Domain build successfully
20:25:12 INFO  : Domain build successfully
20:25:12 INFO  : Generating Boot ELFs
20:25:12 INFO  : lopper command to retarget baremetal application :python /tools/Xilinx/Vitis/2024.2/data/embeddedsw/scripts/pyesw//retarget_app.py -s /mnt/Storage/SCHOOL/Capstone/bringup/ChaosCore-FPGA/RV32RocketFPGAConfig/RV32Rocket/platform/zynqmp_fsbl -d /mnt/Storage/SCHOOL/Capstone/bringup/ChaosCore-FPGA/RV32RocketFPGAConfig/RV32Rocket/platform/zynqmp_fsbl/zynqmp_fsbl_bsp -b /mnt/Storage/SCHOOL/Capstone/bringup/ChaosCore-FPGA/RV32RocketFPGAConfig/RV32Rocket/platform/zynqmp_fsbl/build
20:25:12 INFO  : bash, -c, source /tools/Xilinx/Vitis/2024.2/tps/lnx64/lopper-1.1.0/env/bin/activate && python /tools/Xilinx/Vitis/2024.2/data/embeddedsw/scripts/pyesw//retarget_app.py -s /mnt/Storage/SCHOOL/Capstone/bringup/ChaosCore-FPGA/RV32RocketFPGAConfig/RV32Rocket/platform/zynqmp_fsbl -d /mnt/Storage/SCHOOL/Capstone/bringup/ChaosCore-FPGA/RV32RocketFPGAConfig/RV32Rocket/platform/zynqmp_fsbl/zynqmp_fsbl_bsp -b /mnt/Storage/SCHOOL/Capstone/bringup/ChaosCore-FPGA/RV32RocketFPGAConfig/RV32Rocket/platform/zynqmp_fsbl/build && deactivate
20:25:12 INFO  : Successfully retargeted Application /mnt/Storage/SCHOOL/Capstone/bringup/ChaosCore-FPGA/RV32RocketFPGAConfig/RV32Rocket/platform/zynqmp_fsbl
20:25:12 INFO  : lopper command to build baremetal application :python /tools/Xilinx/Vitis/2024.2/data/embeddedsw/scripts/pyesw//build_app.py -s /mnt/Storage/SCHOOL/Capstone/bringup/ChaosCore-FPGA/RV32RocketFPGAConfig/RV32Rocket/platform/zynqmp_fsbl -b /mnt/Storage/SCHOOL/Capstone/bringup/ChaosCore-FPGA/RV32RocketFPGAConfig/RV32Rocket/platform/zynqmp_fsbl/build
20:25:12 INFO  : bash, -c, source /tools/Xilinx/Vitis/2024.2/tps/lnx64/lopper-1.1.0/env/bin/activate && python /tools/Xilinx/Vitis/2024.2/data/embeddedsw/scripts/pyesw//build_app.py -s /mnt/Storage/SCHOOL/Capstone/bringup/ChaosCore-FPGA/RV32RocketFPGAConfig/RV32Rocket/platform/zynqmp_fsbl -b /mnt/Storage/SCHOOL/Capstone/bringup/ChaosCore-FPGA/RV32RocketFPGAConfig/RV32Rocket/platform/zynqmp_fsbl/build && deactivate
20:25:16 INFO  : Successfully building the baremetal application/mnt/Storage/SCHOOL/Capstone/bringup/ChaosCore-FPGA/RV32RocketFPGAConfig/RV32Rocket/platform/zynqmp_fsbl/build
20:25:16 INFO  : Generating Export directory
20:25:17 INFO  : Platform Build Finished successfully.
20:25:18 INFO  : lopper command to retarget baremetal application :python /tools/Xilinx/Vitis/2024.2/data/embeddedsw/scripts/pyesw//retarget_app.py -s /mnt/Storage/SCHOOL/Capstone/bringup/ChaosCore-FPGA/RV32RocketFPGAConfig/RV32Rocket/hello_world/src -d /mnt/Storage/SCHOOL/Capstone/bringup/ChaosCore-FPGA/RV32RocketFPGAConfig/RV32Rocket/platform/export/platform/sw/standalone_psu_cortexa53_0 -b /mnt/Storage/SCHOOL/Capstone/bringup/ChaosCore-FPGA/RV32RocketFPGAConfig/RV32Rocket/hello_world/build
20:25:18 INFO  : bash, -c, source /tools/Xilinx/Vitis/2024.2/tps/lnx64/lopper-1.1.0/env/bin/activate && python /tools/Xilinx/Vitis/2024.2/data/embeddedsw/scripts/pyesw//retarget_app.py -s /mnt/Storage/SCHOOL/Capstone/bringup/ChaosCore-FPGA/RV32RocketFPGAConfig/RV32Rocket/hello_world/src -d /mnt/Storage/SCHOOL/Capstone/bringup/ChaosCore-FPGA/RV32RocketFPGAConfig/RV32Rocket/platform/export/platform/sw/standalone_psu_cortexa53_0 -b /mnt/Storage/SCHOOL/Capstone/bringup/ChaosCore-FPGA/RV32RocketFPGAConfig/RV32Rocket/hello_world/build && deactivate
20:25:18 INFO  : Successfully retargeted Application /mnt/Storage/SCHOOL/Capstone/bringup/ChaosCore-FPGA/RV32RocketFPGAConfig/RV32Rocket/hello_world/src
20:25:18 INFO  : bash, -c, source /tools/Xilinx/Vitis/2024.2/tps/lnx64/lopper-1.1.0/env/bin/activate && python /tools/Xilinx/Vitis/2024.2/data/embeddedsw/scripts/pyesw//build_app.py -s /mnt/Storage/SCHOOL/Capstone/bringup/ChaosCore-FPGA/RV32RocketFPGAConfig/RV32Rocket/hello_world/src -b /mnt/Storage/SCHOOL/Capstone/bringup/ChaosCore-FPGA/RV32RocketFPGAConfig/RV32Rocket/hello_world/build && deactivate
20:26:02 INFO  : connect -url tcp:127.0.0.1:3121
20:26:06 INFO  : bpremove -all
20:26:06 INFO  : source /tools/Xilinx/Vitis/2024.2/scripts/vitis/util/zynqmp_utils.tcl
20:26:06 INFO  : Context for 'APU' is selected.
20:26:06 INFO  : System reset is completed.
20:26:09 INFO  : 'after 3000' command is executed.
20:26:10 INFO  : 'targets -set -filter {jtag_cable_name =~ "Avnet USB-to-JTAG/UART Pod V1 1234-oj1A" && level==0 && jtag_device_ctx=="jsn-USB-to-JTAG/UART Pod V1-1234-oj1A-14710093-0"}' command is executed.
20:26:13 INFO  : Device configured successfully with "/mnt/Storage/SCHOOL/Capstone/bringup/ChaosCore-FPGA/RV32RocketFPGAConfig/RV32Rocket/hello_world/_ide/bitstream/BD_wrapper.bit"
20:26:13 INFO  : targets -set -nocase -filter {name =~"PSU*"}
20:26:13 INFO  : catch {disable_pmu_gate}
20:26:13 INFO  : targets -set -nocase -filter {name =~"APU*"}
20:26:14 INFO  : loadhw -hw /mnt/Storage/SCHOOL/Capstone/bringup/ChaosCore-FPGA/RV32RocketFPGAConfig/RV32Rocket/platform/export/platform/hw/BD_wrapper.xsa -mem-ranges [list {0x80000000 0xbfffffff} {0x400000000 0x5ffffffff} {0x1000000000 0x7fffffffff}]
20:26:14 INFO  : configparams force-mem-access 1
20:26:14 INFO  : targets -set -nocase -filter {name =~"APU*"}
20:26:14 INFO  : source /tools/Xilinx/Vitis/2024.2/vitis-server/scripts/jtag_reg.tcl
20:26:14 INFO  : Boot mode is read from the target.
20:26:14 INFO  : targets -set -nocase -filter {name =~ "*A53*#0"}
20:26:14 INFO  : rst -processor
20:26:14 INFO  : dow /mnt/Storage/SCHOOL/Capstone/bringup/ChaosCore-FPGA/RV32RocketFPGAConfig/RV32Rocket/platform/export/platform/sw/boot/fsbl.elf
20:26:14 INFO  : set bp_26_14_fsbl_bp [bpadd -addr &XFsbl_Exit]
20:26:15 INFO  : con -block -timeout 60
20:26:15 INFO  : bpremove $bp_26_14_fsbl_bp
20:26:15 INFO  : targets -set -nocase -filter {name =~ "*A53*#0"}
20:26:15 INFO  : rst -processor
20:26:16 INFO  : dow /mnt/Storage/SCHOOL/Capstone/bringup/ChaosCore-FPGA/RV32RocketFPGAConfig/RV32Rocket/hello_world/build/hello_world.elf
20:26:16 INFO  : con
20:26:16 INFO  : configparams force-mem-access 0
20:26:17 INFO  : Testing the connection for 127.0.0.1
20:27:08 INFO  : connect -url tcp:127.0.0.1:3121
20:27:08 INFO  : bpremove -all
20:27:08 INFO  : source /tools/Xilinx/Vitis/2024.2/scripts/vitis/util/zynqmp_utils.tcl
20:27:08 INFO  : Context for 'APU' is selected.
20:27:08 INFO  : System reset is completed.
20:27:08 INFO  : disconnect
20:27:11 INFO  : 'after 3000' command is executed.
20:27:11 ERROR : Failed to initialize the hardware Invalid target. Use "connect" command to connect to hw_server/TCF agent
20:27:18 INFO  : connect -url tcp:127.0.0.1:3121
20:27:18 INFO  : bpremove -all
20:27:18 INFO  : source /tools/Xilinx/Vitis/2024.2/scripts/vitis/util/zynqmp_utils.tcl
20:27:18 INFO  : Context for 'APU' is selected.
20:27:18 INFO  : System reset is completed.
20:27:21 INFO  : 'after 3000' command is executed.
20:27:21 INFO  : 'targets -set -filter {jtag_cable_name =~ "Avnet USB-to-JTAG/UART Pod V1 1234-oj1A" && level==0 && jtag_device_ctx=="jsn-USB-to-JTAG/UART Pod V1-1234-oj1A-14710093-0"}' command is executed.
20:27:24 INFO  : Device configured successfully with "/mnt/Storage/SCHOOL/Capstone/bringup/ChaosCore-FPGA/RV32RocketFPGAConfig/RV32Rocket/hello_world/_ide/bitstream/BD_wrapper.bit"
20:27:24 INFO  : targets -set -nocase -filter {name =~"PSU*"}
20:27:24 INFO  : catch {disable_pmu_gate}
20:27:24 INFO  : targets -set -nocase -filter {name =~"APU*"}
20:27:24 INFO  : loadhw -hw /mnt/Storage/SCHOOL/Capstone/bringup/ChaosCore-FPGA/RV32RocketFPGAConfig/RV32Rocket/platform/export/platform/hw/BD_wrapper.xsa -mem-ranges [list {0x80000000 0xbfffffff} {0x400000000 0x5ffffffff} {0x1000000000 0x7fffffffff}]
20:27:24 INFO  : configparams force-mem-access 1
20:27:24 INFO  : targets -set -nocase -filter {name =~"APU*"}
20:27:24 INFO  : source /tools/Xilinx/Vitis/2024.2/vitis-server/scripts/jtag_reg.tcl
20:27:24 INFO  : Boot mode is read from the target.
20:27:25 INFO  : targets -set -nocase -filter {name =~ "*A53*#0"}
20:27:25 INFO  : rst -processor
20:27:25 INFO  : dow /mnt/Storage/SCHOOL/Capstone/bringup/ChaosCore-FPGA/RV32RocketFPGAConfig/RV32Rocket/platform/export/platform/sw/boot/fsbl.elf
20:27:25 INFO  : set bp_27_25_fsbl_bp [bpadd -addr &XFsbl_Exit]
20:27:26 INFO  : con -block -timeout 60
20:27:26 INFO  : bpremove $bp_27_25_fsbl_bp
20:27:26 INFO  : targets -set -nocase -filter {name =~ "*A53*#0"}
20:27:26 INFO  : rst -processor
20:27:27 INFO  : dow /mnt/Storage/SCHOOL/Capstone/bringup/ChaosCore-FPGA/RV32RocketFPGAConfig/RV32Rocket/hello_world/build/hello_world.elf
20:27:27 INFO  : con
20:27:27 INFO  : configparams force-mem-access 0
20:27:28 INFO  : Testing the connection for 127.0.0.1
20:30:06 INFO  : BSP build will be initiated for Domain standalone_psu_cortexa53_0
20:30:06 INFO  : BSP build will be initiated for Domain zynqmp_fsbl
20:30:06 INFO  : Generating BSP for the domain /mnt/Storage/SCHOOL/Capstone/bringup/ChaosCore-FPGA/RV32RocketFPGAConfig/RV32Rocket/platform/psu_cortexa53_0/standalone_psu_cortexa53_0/bsp
20:30:06 INFO  : Generating BSP for the domain /mnt/Storage/SCHOOL/Capstone/bringup/ChaosCore-FPGA/RV32RocketFPGAConfig/RV32Rocket/platform/zynqmp_fsbl/zynqmp_fsbl_bsp
20:30:06 INFO  : lopper command to reconfigure BSP :python /tools/Xilinx/Vitis/2024.2/data/embeddedsw/scripts/pyesw//reconfig_bsp.py -d /mnt/Storage/SCHOOL/Capstone/bringup/ChaosCore-FPGA/RV32RocketFPGAConfig/RV32Rocket/platform/psu_cortexa53_0/standalone_psu_cortexa53_0/bsp
20:30:06 INFO  : lopper command to reconfigure BSP :python /tools/Xilinx/Vitis/2024.2/data/embeddedsw/scripts/pyesw//reconfig_bsp.py -d /mnt/Storage/SCHOOL/Capstone/bringup/ChaosCore-FPGA/RV32RocketFPGAConfig/RV32Rocket/platform/zynqmp_fsbl/zynqmp_fsbl_bsp
20:30:06 INFO  : bash, -c, source /tools/Xilinx/Vitis/2024.2/tps/lnx64/lopper-1.1.0/env/bin/activate && python /tools/Xilinx/Vitis/2024.2/data/embeddedsw/scripts/pyesw//reconfig_bsp.py -d /mnt/Storage/SCHOOL/Capstone/bringup/ChaosCore-FPGA/RV32RocketFPGAConfig/RV32Rocket/platform/zynqmp_fsbl/zynqmp_fsbl_bsp && deactivate
20:30:06 INFO  : bash, -c, source /tools/Xilinx/Vitis/2024.2/tps/lnx64/lopper-1.1.0/env/bin/activate && python /tools/Xilinx/Vitis/2024.2/data/embeddedsw/scripts/pyesw//reconfig_bsp.py -d /mnt/Storage/SCHOOL/Capstone/bringup/ChaosCore-FPGA/RV32RocketFPGAConfig/RV32Rocket/platform/psu_cortexa53_0/standalone_psu_cortexa53_0/bsp && deactivate
20:30:06 INFO  : Domain reconfigured successfully
20:30:06 INFO  : Generating BSP for the domain /mnt/Storage/SCHOOL/Capstone/bringup/ChaosCore-FPGA/RV32RocketFPGAConfig/RV32Rocket/platform/psu_cortexa53_0/standalone_psu_cortexa53_0/bsp
20:30:06 INFO  : lopper command to build BSP :python /tools/Xilinx/Vitis/2024.2/data/embeddedsw/scripts/pyesw//build_bsp.py -d /mnt/Storage/SCHOOL/Capstone/bringup/ChaosCore-FPGA/RV32RocketFPGAConfig/RV32Rocket/platform/psu_cortexa53_0/standalone_psu_cortexa53_0/bsp
20:30:06 INFO  : bash, -c, source /tools/Xilinx/Vitis/2024.2/tps/lnx64/lopper-1.1.0/env/bin/activate && python /tools/Xilinx/Vitis/2024.2/data/embeddedsw/scripts/pyesw//build_bsp.py -d /mnt/Storage/SCHOOL/Capstone/bringup/ChaosCore-FPGA/RV32RocketFPGAConfig/RV32Rocket/platform/psu_cortexa53_0/standalone_psu_cortexa53_0/bsp && deactivate
20:30:06 INFO  : Domain reconfigured successfully
20:30:06 INFO  : Generating BSP for the domain /mnt/Storage/SCHOOL/Capstone/bringup/ChaosCore-FPGA/RV32RocketFPGAConfig/RV32Rocket/platform/zynqmp_fsbl/zynqmp_fsbl_bsp
20:30:06 INFO  : lopper command to build BSP :python /tools/Xilinx/Vitis/2024.2/data/embeddedsw/scripts/pyesw//build_bsp.py -d /mnt/Storage/SCHOOL/Capstone/bringup/ChaosCore-FPGA/RV32RocketFPGAConfig/RV32Rocket/platform/zynqmp_fsbl/zynqmp_fsbl_bsp
20:30:06 INFO  : bash, -c, source /tools/Xilinx/Vitis/2024.2/tps/lnx64/lopper-1.1.0/env/bin/activate && python /tools/Xilinx/Vitis/2024.2/data/embeddedsw/scripts/pyesw//build_bsp.py -d /mnt/Storage/SCHOOL/Capstone/bringup/ChaosCore-FPGA/RV32RocketFPGAConfig/RV32Rocket/platform/zynqmp_fsbl/zynqmp_fsbl_bsp && deactivate
20:30:07 INFO  : Domain build successfully
20:30:07 INFO  : Domain build successfully
20:30:07 INFO  : Generating Boot ELFs
20:30:07 INFO  : lopper command to retarget baremetal application :python /tools/Xilinx/Vitis/2024.2/data/embeddedsw/scripts/pyesw//retarget_app.py -s /mnt/Storage/SCHOOL/Capstone/bringup/ChaosCore-FPGA/RV32RocketFPGAConfig/RV32Rocket/platform/zynqmp_fsbl -d /mnt/Storage/SCHOOL/Capstone/bringup/ChaosCore-FPGA/RV32RocketFPGAConfig/RV32Rocket/platform/zynqmp_fsbl/zynqmp_fsbl_bsp -b /mnt/Storage/SCHOOL/Capstone/bringup/ChaosCore-FPGA/RV32RocketFPGAConfig/RV32Rocket/platform/zynqmp_fsbl/build
20:30:07 INFO  : bash, -c, source /tools/Xilinx/Vitis/2024.2/tps/lnx64/lopper-1.1.0/env/bin/activate && python /tools/Xilinx/Vitis/2024.2/data/embeddedsw/scripts/pyesw//retarget_app.py -s /mnt/Storage/SCHOOL/Capstone/bringup/ChaosCore-FPGA/RV32RocketFPGAConfig/RV32Rocket/platform/zynqmp_fsbl -d /mnt/Storage/SCHOOL/Capstone/bringup/ChaosCore-FPGA/RV32RocketFPGAConfig/RV32Rocket/platform/zynqmp_fsbl/zynqmp_fsbl_bsp -b /mnt/Storage/SCHOOL/Capstone/bringup/ChaosCore-FPGA/RV32RocketFPGAConfig/RV32Rocket/platform/zynqmp_fsbl/build && deactivate
20:30:07 INFO  : Successfully retargeted Application /mnt/Storage/SCHOOL/Capstone/bringup/ChaosCore-FPGA/RV32RocketFPGAConfig/RV32Rocket/platform/zynqmp_fsbl
20:30:07 INFO  : lopper command to build baremetal application :python /tools/Xilinx/Vitis/2024.2/data/embeddedsw/scripts/pyesw//build_app.py -s /mnt/Storage/SCHOOL/Capstone/bringup/ChaosCore-FPGA/RV32RocketFPGAConfig/RV32Rocket/platform/zynqmp_fsbl -b /mnt/Storage/SCHOOL/Capstone/bringup/ChaosCore-FPGA/RV32RocketFPGAConfig/RV32Rocket/platform/zynqmp_fsbl/build
20:30:07 INFO  : bash, -c, source /tools/Xilinx/Vitis/2024.2/tps/lnx64/lopper-1.1.0/env/bin/activate && python /tools/Xilinx/Vitis/2024.2/data/embeddedsw/scripts/pyesw//build_app.py -s /mnt/Storage/SCHOOL/Capstone/bringup/ChaosCore-FPGA/RV32RocketFPGAConfig/RV32Rocket/platform/zynqmp_fsbl -b /mnt/Storage/SCHOOL/Capstone/bringup/ChaosCore-FPGA/RV32RocketFPGAConfig/RV32Rocket/platform/zynqmp_fsbl/build && deactivate
20:30:08 INFO  : connect -url tcp:127.0.0.1:3121
20:30:08 INFO  : Found no platform with name 'platform' in install repositories
20:30:08 INFO  : Found no platform with name 'platform' in install repositories
20:30:08 INFO  : Found no platform with name 'platform' in install repositories
20:30:08 ERROR : Failed to initialize the hardware null
20:30:11 INFO  : Successfully building the baremetal application/mnt/Storage/SCHOOL/Capstone/bringup/ChaosCore-FPGA/RV32RocketFPGAConfig/RV32Rocket/platform/zynqmp_fsbl/build
20:30:11 INFO  : Generating Export directory
20:30:11 INFO  : Platform Build Finished successfully.
20:30:12 INFO  : lopper command to retarget baremetal application :python /tools/Xilinx/Vitis/2024.2/data/embeddedsw/scripts/pyesw//retarget_app.py -s /mnt/Storage/SCHOOL/Capstone/bringup/ChaosCore-FPGA/RV32RocketFPGAConfig/RV32Rocket/hello_world/src -d /mnt/Storage/SCHOOL/Capstone/bringup/ChaosCore-FPGA/RV32RocketFPGAConfig/RV32Rocket/platform/export/platform/sw/standalone_psu_cortexa53_0 -b /mnt/Storage/SCHOOL/Capstone/bringup/ChaosCore-FPGA/RV32RocketFPGAConfig/RV32Rocket/hello_world/build
20:30:12 INFO  : bash, -c, source /tools/Xilinx/Vitis/2024.2/tps/lnx64/lopper-1.1.0/env/bin/activate && python /tools/Xilinx/Vitis/2024.2/data/embeddedsw/scripts/pyesw//retarget_app.py -s /mnt/Storage/SCHOOL/Capstone/bringup/ChaosCore-FPGA/RV32RocketFPGAConfig/RV32Rocket/hello_world/src -d /mnt/Storage/SCHOOL/Capstone/bringup/ChaosCore-FPGA/RV32RocketFPGAConfig/RV32Rocket/platform/export/platform/sw/standalone_psu_cortexa53_0 -b /mnt/Storage/SCHOOL/Capstone/bringup/ChaosCore-FPGA/RV32RocketFPGAConfig/RV32Rocket/hello_world/build && deactivate
20:30:12 INFO  : Successfully retargeted Application /mnt/Storage/SCHOOL/Capstone/bringup/ChaosCore-FPGA/RV32RocketFPGAConfig/RV32Rocket/hello_world/src
20:30:12 INFO  : bash, -c, source /tools/Xilinx/Vitis/2024.2/tps/lnx64/lopper-1.1.0/env/bin/activate && python /tools/Xilinx/Vitis/2024.2/data/embeddedsw/scripts/pyesw//build_app.py -s /mnt/Storage/SCHOOL/Capstone/bringup/ChaosCore-FPGA/RV32RocketFPGAConfig/RV32Rocket/hello_world/src -b /mnt/Storage/SCHOOL/Capstone/bringup/ChaosCore-FPGA/RV32RocketFPGAConfig/RV32Rocket/hello_world/build && deactivate
20:30:13 ERROR : hello_world build failed. 
20:30:28 INFO  : BSP build will be initiated for Domain zynqmp_fsbl
20:30:28 INFO  : BSP build will be initiated for Domain standalone_psu_cortexa53_0
20:30:28 INFO  : Generating BSP for the domain /mnt/Storage/SCHOOL/Capstone/bringup/ChaosCore-FPGA/RV32RocketFPGAConfig/RV32Rocket/platform/zynqmp_fsbl/zynqmp_fsbl_bsp
20:30:28 INFO  : Generating BSP for the domain /mnt/Storage/SCHOOL/Capstone/bringup/ChaosCore-FPGA/RV32RocketFPGAConfig/RV32Rocket/platform/psu_cortexa53_0/standalone_psu_cortexa53_0/bsp
20:30:28 INFO  : lopper command to reconfigure BSP :python /tools/Xilinx/Vitis/2024.2/data/embeddedsw/scripts/pyesw//reconfig_bsp.py -d /mnt/Storage/SCHOOL/Capstone/bringup/ChaosCore-FPGA/RV32RocketFPGAConfig/RV32Rocket/platform/zynqmp_fsbl/zynqmp_fsbl_bsp
20:30:28 INFO  : lopper command to reconfigure BSP :python /tools/Xilinx/Vitis/2024.2/data/embeddedsw/scripts/pyesw//reconfig_bsp.py -d /mnt/Storage/SCHOOL/Capstone/bringup/ChaosCore-FPGA/RV32RocketFPGAConfig/RV32Rocket/platform/psu_cortexa53_0/standalone_psu_cortexa53_0/bsp
20:30:28 INFO  : bash, -c, source /tools/Xilinx/Vitis/2024.2/tps/lnx64/lopper-1.1.0/env/bin/activate && python /tools/Xilinx/Vitis/2024.2/data/embeddedsw/scripts/pyesw//reconfig_bsp.py -d /mnt/Storage/SCHOOL/Capstone/bringup/ChaosCore-FPGA/RV32RocketFPGAConfig/RV32Rocket/platform/zynqmp_fsbl/zynqmp_fsbl_bsp && deactivate
20:30:28 INFO  : bash, -c, source /tools/Xilinx/Vitis/2024.2/tps/lnx64/lopper-1.1.0/env/bin/activate && python /tools/Xilinx/Vitis/2024.2/data/embeddedsw/scripts/pyesw//reconfig_bsp.py -d /mnt/Storage/SCHOOL/Capstone/bringup/ChaosCore-FPGA/RV32RocketFPGAConfig/RV32Rocket/platform/psu_cortexa53_0/standalone_psu_cortexa53_0/bsp && deactivate
20:30:28 INFO  : Domain reconfigured successfully
20:30:28 INFO  : Generating BSP for the domain /mnt/Storage/SCHOOL/Capstone/bringup/ChaosCore-FPGA/RV32RocketFPGAConfig/RV32Rocket/platform/psu_cortexa53_0/standalone_psu_cortexa53_0/bsp
20:30:28 INFO  : lopper command to build BSP :python /tools/Xilinx/Vitis/2024.2/data/embeddedsw/scripts/pyesw//build_bsp.py -d /mnt/Storage/SCHOOL/Capstone/bringup/ChaosCore-FPGA/RV32RocketFPGAConfig/RV32Rocket/platform/psu_cortexa53_0/standalone_psu_cortexa53_0/bsp
20:30:28 INFO  : bash, -c, source /tools/Xilinx/Vitis/2024.2/tps/lnx64/lopper-1.1.0/env/bin/activate && python /tools/Xilinx/Vitis/2024.2/data/embeddedsw/scripts/pyesw//build_bsp.py -d /mnt/Storage/SCHOOL/Capstone/bringup/ChaosCore-FPGA/RV32RocketFPGAConfig/RV32Rocket/platform/psu_cortexa53_0/standalone_psu_cortexa53_0/bsp && deactivate
20:30:29 INFO  : Domain reconfigured successfully
20:30:29 INFO  : Generating BSP for the domain /mnt/Storage/SCHOOL/Capstone/bringup/ChaosCore-FPGA/RV32RocketFPGAConfig/RV32Rocket/platform/zynqmp_fsbl/zynqmp_fsbl_bsp
20:30:29 INFO  : lopper command to build BSP :python /tools/Xilinx/Vitis/2024.2/data/embeddedsw/scripts/pyesw//build_bsp.py -d /mnt/Storage/SCHOOL/Capstone/bringup/ChaosCore-FPGA/RV32RocketFPGAConfig/RV32Rocket/platform/zynqmp_fsbl/zynqmp_fsbl_bsp
20:30:29 INFO  : bash, -c, source /tools/Xilinx/Vitis/2024.2/tps/lnx64/lopper-1.1.0/env/bin/activate && python /tools/Xilinx/Vitis/2024.2/data/embeddedsw/scripts/pyesw//build_bsp.py -d /mnt/Storage/SCHOOL/Capstone/bringup/ChaosCore-FPGA/RV32RocketFPGAConfig/RV32Rocket/platform/zynqmp_fsbl/zynqmp_fsbl_bsp && deactivate
20:30:29 INFO  : Domain build successfully
20:30:29 INFO  : Domain build successfully
20:30:29 INFO  : Generating Boot ELFs
20:30:29 INFO  : lopper command to retarget baremetal application :python /tools/Xilinx/Vitis/2024.2/data/embeddedsw/scripts/pyesw//retarget_app.py -s /mnt/Storage/SCHOOL/Capstone/bringup/ChaosCore-FPGA/RV32RocketFPGAConfig/RV32Rocket/platform/zynqmp_fsbl -d /mnt/Storage/SCHOOL/Capstone/bringup/ChaosCore-FPGA/RV32RocketFPGAConfig/RV32Rocket/platform/zynqmp_fsbl/zynqmp_fsbl_bsp -b /mnt/Storage/SCHOOL/Capstone/bringup/ChaosCore-FPGA/RV32RocketFPGAConfig/RV32Rocket/platform/zynqmp_fsbl/build
20:30:29 INFO  : bash, -c, source /tools/Xilinx/Vitis/2024.2/tps/lnx64/lopper-1.1.0/env/bin/activate && python /tools/Xilinx/Vitis/2024.2/data/embeddedsw/scripts/pyesw//retarget_app.py -s /mnt/Storage/SCHOOL/Capstone/bringup/ChaosCore-FPGA/RV32RocketFPGAConfig/RV32Rocket/platform/zynqmp_fsbl -d /mnt/Storage/SCHOOL/Capstone/bringup/ChaosCore-FPGA/RV32RocketFPGAConfig/RV32Rocket/platform/zynqmp_fsbl/zynqmp_fsbl_bsp -b /mnt/Storage/SCHOOL/Capstone/bringup/ChaosCore-FPGA/RV32RocketFPGAConfig/RV32Rocket/platform/zynqmp_fsbl/build && deactivate
20:30:30 INFO  : Successfully retargeted Application /mnt/Storage/SCHOOL/Capstone/bringup/ChaosCore-FPGA/RV32RocketFPGAConfig/RV32Rocket/platform/zynqmp_fsbl
20:30:30 INFO  : lopper command to build baremetal application :python /tools/Xilinx/Vitis/2024.2/data/embeddedsw/scripts/pyesw//build_app.py -s /mnt/Storage/SCHOOL/Capstone/bringup/ChaosCore-FPGA/RV32RocketFPGAConfig/RV32Rocket/platform/zynqmp_fsbl -b /mnt/Storage/SCHOOL/Capstone/bringup/ChaosCore-FPGA/RV32RocketFPGAConfig/RV32Rocket/platform/zynqmp_fsbl/build
20:30:30 INFO  : bash, -c, source /tools/Xilinx/Vitis/2024.2/tps/lnx64/lopper-1.1.0/env/bin/activate && python /tools/Xilinx/Vitis/2024.2/data/embeddedsw/scripts/pyesw//build_app.py -s /mnt/Storage/SCHOOL/Capstone/bringup/ChaosCore-FPGA/RV32RocketFPGAConfig/RV32Rocket/platform/zynqmp_fsbl -b /mnt/Storage/SCHOOL/Capstone/bringup/ChaosCore-FPGA/RV32RocketFPGAConfig/RV32Rocket/platform/zynqmp_fsbl/build && deactivate
20:30:32 INFO  : Successfully building the baremetal application/mnt/Storage/SCHOOL/Capstone/bringup/ChaosCore-FPGA/RV32RocketFPGAConfig/RV32Rocket/platform/zynqmp_fsbl/build
20:30:32 INFO  : Generating Export directory
20:30:33 INFO  : Platform Build Finished successfully.
20:30:34 INFO  : lopper command to retarget baremetal application :python /tools/Xilinx/Vitis/2024.2/data/embeddedsw/scripts/pyesw//retarget_app.py -s /mnt/Storage/SCHOOL/Capstone/bringup/ChaosCore-FPGA/RV32RocketFPGAConfig/RV32Rocket/hello_world/src -d /mnt/Storage/SCHOOL/Capstone/bringup/ChaosCore-FPGA/RV32RocketFPGAConfig/RV32Rocket/platform/export/platform/sw/standalone_psu_cortexa53_0 -b /mnt/Storage/SCHOOL/Capstone/bringup/ChaosCore-FPGA/RV32RocketFPGAConfig/RV32Rocket/hello_world/build
20:30:34 INFO  : bash, -c, source /tools/Xilinx/Vitis/2024.2/tps/lnx64/lopper-1.1.0/env/bin/activate && python /tools/Xilinx/Vitis/2024.2/data/embeddedsw/scripts/pyesw//retarget_app.py -s /mnt/Storage/SCHOOL/Capstone/bringup/ChaosCore-FPGA/RV32RocketFPGAConfig/RV32Rocket/hello_world/src -d /mnt/Storage/SCHOOL/Capstone/bringup/ChaosCore-FPGA/RV32RocketFPGAConfig/RV32Rocket/platform/export/platform/sw/standalone_psu_cortexa53_0 -b /mnt/Storage/SCHOOL/Capstone/bringup/ChaosCore-FPGA/RV32RocketFPGAConfig/RV32Rocket/hello_world/build && deactivate
20:30:34 INFO  : Successfully retargeted Application /mnt/Storage/SCHOOL/Capstone/bringup/ChaosCore-FPGA/RV32RocketFPGAConfig/RV32Rocket/hello_world/src
20:30:34 INFO  : bash, -c, source /tools/Xilinx/Vitis/2024.2/tps/lnx64/lopper-1.1.0/env/bin/activate && python /tools/Xilinx/Vitis/2024.2/data/embeddedsw/scripts/pyesw//build_app.py -s /mnt/Storage/SCHOOL/Capstone/bringup/ChaosCore-FPGA/RV32RocketFPGAConfig/RV32Rocket/hello_world/src -b /mnt/Storage/SCHOOL/Capstone/bringup/ChaosCore-FPGA/RV32RocketFPGAConfig/RV32Rocket/hello_world/build && deactivate
20:30:38 INFO  : connect -url tcp:127.0.0.1:3121
20:30:38 INFO  : bpremove -all
20:30:38 INFO  : source /tools/Xilinx/Vitis/2024.2/scripts/vitis/util/zynqmp_utils.tcl
20:30:38 INFO  : Context for 'APU' is selected.
20:30:39 INFO  : System reset is completed.
20:30:39 INFO  : disconnect
20:30:42 INFO  : 'after 3000' command is executed.
20:30:42 ERROR : Failed to initialize the hardware Invalid target. Use "connect" command to connect to hw_server/TCF agent
20:30:45 INFO  : connect -url tcp:127.0.0.1:3121
20:30:45 INFO  : bpremove -all
20:30:45 INFO  : source /tools/Xilinx/Vitis/2024.2/scripts/vitis/util/zynqmp_utils.tcl
20:30:45 INFO  : Context for 'APU' is selected.
20:30:46 INFO  : System reset is completed.
20:30:49 INFO  : 'after 3000' command is executed.
20:30:49 INFO  : 'targets -set -filter {jtag_cable_name =~ "Avnet USB-to-JTAG/UART Pod V1 1234-oj1A" && level==0 && jtag_device_ctx=="jsn-USB-to-JTAG/UART Pod V1-1234-oj1A-14710093-0"}' command is executed.
20:30:52 INFO  : Device configured successfully with "/mnt/Storage/SCHOOL/Capstone/bringup/ChaosCore-FPGA/RV32RocketFPGAConfig/RV32Rocket/hello_world/_ide/bitstream/BD_wrapper.bit"
20:30:52 INFO  : targets -set -nocase -filter {name =~"PSU*"}
20:30:52 INFO  : catch {disable_pmu_gate}
20:30:52 INFO  : targets -set -nocase -filter {name =~"APU*"}
20:30:52 INFO  : loadhw -hw /mnt/Storage/SCHOOL/Capstone/bringup/ChaosCore-FPGA/RV32RocketFPGAConfig/RV32Rocket/platform/export/platform/hw/BD_wrapper.xsa -mem-ranges [list {0x80000000 0xbfffffff} {0x400000000 0x5ffffffff} {0x1000000000 0x7fffffffff}]
20:30:52 INFO  : configparams force-mem-access 1
20:30:53 INFO  : targets -set -nocase -filter {name =~"APU*"}
20:30:53 INFO  : source /tools/Xilinx/Vitis/2024.2/vitis-server/scripts/jtag_reg.tcl
20:30:53 INFO  : Boot mode is read from the target.
20:30:53 INFO  : targets -set -nocase -filter {name =~ "*A53*#0"}
20:30:53 INFO  : rst -processor
20:30:53 INFO  : dow /mnt/Storage/SCHOOL/Capstone/bringup/ChaosCore-FPGA/RV32RocketFPGAConfig/RV32Rocket/platform/export/platform/sw/boot/fsbl.elf
20:30:53 INFO  : set bp_30_53_fsbl_bp [bpadd -addr &XFsbl_Exit]
20:30:54 INFO  : con -block -timeout 60
20:30:54 INFO  : bpremove $bp_30_53_fsbl_bp
20:30:54 INFO  : targets -set -nocase -filter {name =~ "*A53*#0"}
20:30:54 INFO  : rst -processor
20:30:55 INFO  : dow /mnt/Storage/SCHOOL/Capstone/bringup/ChaosCore-FPGA/RV32RocketFPGAConfig/RV32Rocket/hello_world/build/hello_world.elf
20:30:55 INFO  : con
20:30:55 INFO  : configparams force-mem-access 0
20:30:56 INFO  : Testing the connection for 127.0.0.1
20:34:41 INFO  : disconnect
20:38:32 INFO  : BSP build will be initiated for Domain zynqmp_fsbl
20:38:32 INFO  : BSP build will be initiated for Domain standalone_psu_cortexa53_0
20:38:32 INFO  : Generating BSP for the domain /mnt/Storage/SCHOOL/Capstone/bringup/ChaosCore-FPGA/RV32RocketFPGAConfig/RV32Rocket/platform/psu_cortexa53_0/standalone_psu_cortexa53_0/bsp
20:38:32 INFO  : Generating BSP for the domain /mnt/Storage/SCHOOL/Capstone/bringup/ChaosCore-FPGA/RV32RocketFPGAConfig/RV32Rocket/platform/zynqmp_fsbl/zynqmp_fsbl_bsp
20:38:32 INFO  : lopper command to reconfigure BSP :python /tools/Xilinx/Vitis/2024.2/data/embeddedsw/scripts/pyesw//reconfig_bsp.py -d /mnt/Storage/SCHOOL/Capstone/bringup/ChaosCore-FPGA/RV32RocketFPGAConfig/RV32Rocket/platform/psu_cortexa53_0/standalone_psu_cortexa53_0/bsp
20:38:32 INFO  : lopper command to reconfigure BSP :python /tools/Xilinx/Vitis/2024.2/data/embeddedsw/scripts/pyesw//reconfig_bsp.py -d /mnt/Storage/SCHOOL/Capstone/bringup/ChaosCore-FPGA/RV32RocketFPGAConfig/RV32Rocket/platform/zynqmp_fsbl/zynqmp_fsbl_bsp
20:38:32 INFO  : bash, -c, source /tools/Xilinx/Vitis/2024.2/tps/lnx64/lopper-1.1.0/env/bin/activate && python /tools/Xilinx/Vitis/2024.2/data/embeddedsw/scripts/pyesw//reconfig_bsp.py -d /mnt/Storage/SCHOOL/Capstone/bringup/ChaosCore-FPGA/RV32RocketFPGAConfig/RV32Rocket/platform/psu_cortexa53_0/standalone_psu_cortexa53_0/bsp && deactivate
20:38:32 INFO  : bash, -c, source /tools/Xilinx/Vitis/2024.2/tps/lnx64/lopper-1.1.0/env/bin/activate && python /tools/Xilinx/Vitis/2024.2/data/embeddedsw/scripts/pyesw//reconfig_bsp.py -d /mnt/Storage/SCHOOL/Capstone/bringup/ChaosCore-FPGA/RV32RocketFPGAConfig/RV32Rocket/platform/zynqmp_fsbl/zynqmp_fsbl_bsp && deactivate
20:38:32 INFO  : Domain reconfigured successfully
20:38:32 INFO  : Generating BSP for the domain /mnt/Storage/SCHOOL/Capstone/bringup/ChaosCore-FPGA/RV32RocketFPGAConfig/RV32Rocket/platform/psu_cortexa53_0/standalone_psu_cortexa53_0/bsp
20:38:32 INFO  : lopper command to build BSP :python /tools/Xilinx/Vitis/2024.2/data/embeddedsw/scripts/pyesw//build_bsp.py -d /mnt/Storage/SCHOOL/Capstone/bringup/ChaosCore-FPGA/RV32RocketFPGAConfig/RV32Rocket/platform/psu_cortexa53_0/standalone_psu_cortexa53_0/bsp
20:38:32 INFO  : bash, -c, source /tools/Xilinx/Vitis/2024.2/tps/lnx64/lopper-1.1.0/env/bin/activate && python /tools/Xilinx/Vitis/2024.2/data/embeddedsw/scripts/pyesw//build_bsp.py -d /mnt/Storage/SCHOOL/Capstone/bringup/ChaosCore-FPGA/RV32RocketFPGAConfig/RV32Rocket/platform/psu_cortexa53_0/standalone_psu_cortexa53_0/bsp && deactivate
20:38:32 INFO  : Domain reconfigured successfully
20:38:32 INFO  : Generating BSP for the domain /mnt/Storage/SCHOOL/Capstone/bringup/ChaosCore-FPGA/RV32RocketFPGAConfig/RV32Rocket/platform/zynqmp_fsbl/zynqmp_fsbl_bsp
20:38:32 INFO  : lopper command to build BSP :python /tools/Xilinx/Vitis/2024.2/data/embeddedsw/scripts/pyesw//build_bsp.py -d /mnt/Storage/SCHOOL/Capstone/bringup/ChaosCore-FPGA/RV32RocketFPGAConfig/RV32Rocket/platform/zynqmp_fsbl/zynqmp_fsbl_bsp
20:38:32 INFO  : bash, -c, source /tools/Xilinx/Vitis/2024.2/tps/lnx64/lopper-1.1.0/env/bin/activate && python /tools/Xilinx/Vitis/2024.2/data/embeddedsw/scripts/pyesw//build_bsp.py -d /mnt/Storage/SCHOOL/Capstone/bringup/ChaosCore-FPGA/RV32RocketFPGAConfig/RV32Rocket/platform/zynqmp_fsbl/zynqmp_fsbl_bsp && deactivate
20:38:32 INFO  : Domain build successfully
20:38:33 INFO  : Domain build successfully
20:38:33 INFO  : Generating Boot ELFs
20:38:33 INFO  : lopper command to retarget baremetal application :python /tools/Xilinx/Vitis/2024.2/data/embeddedsw/scripts/pyesw//retarget_app.py -s /mnt/Storage/SCHOOL/Capstone/bringup/ChaosCore-FPGA/RV32RocketFPGAConfig/RV32Rocket/platform/zynqmp_fsbl -d /mnt/Storage/SCHOOL/Capstone/bringup/ChaosCore-FPGA/RV32RocketFPGAConfig/RV32Rocket/platform/zynqmp_fsbl/zynqmp_fsbl_bsp -b /mnt/Storage/SCHOOL/Capstone/bringup/ChaosCore-FPGA/RV32RocketFPGAConfig/RV32Rocket/platform/zynqmp_fsbl/build
20:38:33 INFO  : bash, -c, source /tools/Xilinx/Vitis/2024.2/tps/lnx64/lopper-1.1.0/env/bin/activate && python /tools/Xilinx/Vitis/2024.2/data/embeddedsw/scripts/pyesw//retarget_app.py -s /mnt/Storage/SCHOOL/Capstone/bringup/ChaosCore-FPGA/RV32RocketFPGAConfig/RV32Rocket/platform/zynqmp_fsbl -d /mnt/Storage/SCHOOL/Capstone/bringup/ChaosCore-FPGA/RV32RocketFPGAConfig/RV32Rocket/platform/zynqmp_fsbl/zynqmp_fsbl_bsp -b /mnt/Storage/SCHOOL/Capstone/bringup/ChaosCore-FPGA/RV32RocketFPGAConfig/RV32Rocket/platform/zynqmp_fsbl/build && deactivate
20:38:33 INFO  : Successfully retargeted Application /mnt/Storage/SCHOOL/Capstone/bringup/ChaosCore-FPGA/RV32RocketFPGAConfig/RV32Rocket/platform/zynqmp_fsbl
20:38:33 INFO  : lopper command to build baremetal application :python /tools/Xilinx/Vitis/2024.2/data/embeddedsw/scripts/pyesw//build_app.py -s /mnt/Storage/SCHOOL/Capstone/bringup/ChaosCore-FPGA/RV32RocketFPGAConfig/RV32Rocket/platform/zynqmp_fsbl -b /mnt/Storage/SCHOOL/Capstone/bringup/ChaosCore-FPGA/RV32RocketFPGAConfig/RV32Rocket/platform/zynqmp_fsbl/build
20:38:33 INFO  : bash, -c, source /tools/Xilinx/Vitis/2024.2/tps/lnx64/lopper-1.1.0/env/bin/activate && python /tools/Xilinx/Vitis/2024.2/data/embeddedsw/scripts/pyesw//build_app.py -s /mnt/Storage/SCHOOL/Capstone/bringup/ChaosCore-FPGA/RV32RocketFPGAConfig/RV32Rocket/platform/zynqmp_fsbl -b /mnt/Storage/SCHOOL/Capstone/bringup/ChaosCore-FPGA/RV32RocketFPGAConfig/RV32Rocket/platform/zynqmp_fsbl/build && deactivate
20:38:36 INFO  : connect -url tcp:127.0.0.1:3121
20:38:36 INFO  : Found no platform with name 'platform' in install repositories
20:38:36 INFO  : Found no platform with name 'platform' in install repositories
20:38:36 INFO  : Found no platform with name 'platform' in install repositories
20:38:36 ERROR : Failed to initialize the hardware null
20:38:37 INFO  : Successfully building the baremetal application/mnt/Storage/SCHOOL/Capstone/bringup/ChaosCore-FPGA/RV32RocketFPGAConfig/RV32Rocket/platform/zynqmp_fsbl/build
20:38:37 INFO  : Generating Export directory
20:38:37 INFO  : Platform Build Finished successfully.
20:38:38 INFO  : lopper command to retarget baremetal application :python /tools/Xilinx/Vitis/2024.2/data/embeddedsw/scripts/pyesw//retarget_app.py -s /mnt/Storage/SCHOOL/Capstone/bringup/ChaosCore-FPGA/RV32RocketFPGAConfig/RV32Rocket/hello_world/src -d /mnt/Storage/SCHOOL/Capstone/bringup/ChaosCore-FPGA/RV32RocketFPGAConfig/RV32Rocket/platform/export/platform/sw/standalone_psu_cortexa53_0 -b /mnt/Storage/SCHOOL/Capstone/bringup/ChaosCore-FPGA/RV32RocketFPGAConfig/RV32Rocket/hello_world/build
20:38:38 INFO  : bash, -c, source /tools/Xilinx/Vitis/2024.2/tps/lnx64/lopper-1.1.0/env/bin/activate && python /tools/Xilinx/Vitis/2024.2/data/embeddedsw/scripts/pyesw//retarget_app.py -s /mnt/Storage/SCHOOL/Capstone/bringup/ChaosCore-FPGA/RV32RocketFPGAConfig/RV32Rocket/hello_world/src -d /mnt/Storage/SCHOOL/Capstone/bringup/ChaosCore-FPGA/RV32RocketFPGAConfig/RV32Rocket/platform/export/platform/sw/standalone_psu_cortexa53_0 -b /mnt/Storage/SCHOOL/Capstone/bringup/ChaosCore-FPGA/RV32RocketFPGAConfig/RV32Rocket/hello_world/build && deactivate
20:38:38 INFO  : Successfully retargeted Application /mnt/Storage/SCHOOL/Capstone/bringup/ChaosCore-FPGA/RV32RocketFPGAConfig/RV32Rocket/hello_world/src
20:38:38 INFO  : bash, -c, source /tools/Xilinx/Vitis/2024.2/tps/lnx64/lopper-1.1.0/env/bin/activate && python /tools/Xilinx/Vitis/2024.2/data/embeddedsw/scripts/pyesw//build_app.py -s /mnt/Storage/SCHOOL/Capstone/bringup/ChaosCore-FPGA/RV32RocketFPGAConfig/RV32Rocket/hello_world/src -b /mnt/Storage/SCHOOL/Capstone/bringup/ChaosCore-FPGA/RV32RocketFPGAConfig/RV32Rocket/hello_world/build && deactivate
20:38:38 ERROR : hello_world build failed. 
20:38:52 INFO  : BSP build will be initiated for Domain standalone_psu_cortexa53_0
20:38:52 INFO  : BSP build will be initiated for Domain zynqmp_fsbl
20:38:52 INFO  : Generating BSP for the domain /mnt/Storage/SCHOOL/Capstone/bringup/ChaosCore-FPGA/RV32RocketFPGAConfig/RV32Rocket/platform/psu_cortexa53_0/standalone_psu_cortexa53_0/bsp
20:38:52 INFO  : Generating BSP for the domain /mnt/Storage/SCHOOL/Capstone/bringup/ChaosCore-FPGA/RV32RocketFPGAConfig/RV32Rocket/platform/zynqmp_fsbl/zynqmp_fsbl_bsp
20:38:52 INFO  : lopper command to reconfigure BSP :python /tools/Xilinx/Vitis/2024.2/data/embeddedsw/scripts/pyesw//reconfig_bsp.py -d /mnt/Storage/SCHOOL/Capstone/bringup/ChaosCore-FPGA/RV32RocketFPGAConfig/RV32Rocket/platform/psu_cortexa53_0/standalone_psu_cortexa53_0/bsp
20:38:52 INFO  : lopper command to reconfigure BSP :python /tools/Xilinx/Vitis/2024.2/data/embeddedsw/scripts/pyesw//reconfig_bsp.py -d /mnt/Storage/SCHOOL/Capstone/bringup/ChaosCore-FPGA/RV32RocketFPGAConfig/RV32Rocket/platform/zynqmp_fsbl/zynqmp_fsbl_bsp
20:38:52 INFO  : bash, -c, source /tools/Xilinx/Vitis/2024.2/tps/lnx64/lopper-1.1.0/env/bin/activate && python /tools/Xilinx/Vitis/2024.2/data/embeddedsw/scripts/pyesw//reconfig_bsp.py -d /mnt/Storage/SCHOOL/Capstone/bringup/ChaosCore-FPGA/RV32RocketFPGAConfig/RV32Rocket/platform/zynqmp_fsbl/zynqmp_fsbl_bsp && deactivate
20:38:52 INFO  : bash, -c, source /tools/Xilinx/Vitis/2024.2/tps/lnx64/lopper-1.1.0/env/bin/activate && python /tools/Xilinx/Vitis/2024.2/data/embeddedsw/scripts/pyesw//reconfig_bsp.py -d /mnt/Storage/SCHOOL/Capstone/bringup/ChaosCore-FPGA/RV32RocketFPGAConfig/RV32Rocket/platform/psu_cortexa53_0/standalone_psu_cortexa53_0/bsp && deactivate
20:38:54 INFO  : Domain reconfigured successfully
20:38:54 INFO  : Generating BSP for the domain /mnt/Storage/SCHOOL/Capstone/bringup/ChaosCore-FPGA/RV32RocketFPGAConfig/RV32Rocket/platform/psu_cortexa53_0/standalone_psu_cortexa53_0/bsp
20:38:54 INFO  : lopper command to build BSP :python /tools/Xilinx/Vitis/2024.2/data/embeddedsw/scripts/pyesw//build_bsp.py -d /mnt/Storage/SCHOOL/Capstone/bringup/ChaosCore-FPGA/RV32RocketFPGAConfig/RV32Rocket/platform/psu_cortexa53_0/standalone_psu_cortexa53_0/bsp
20:38:54 INFO  : bash, -c, source /tools/Xilinx/Vitis/2024.2/tps/lnx64/lopper-1.1.0/env/bin/activate && python /tools/Xilinx/Vitis/2024.2/data/embeddedsw/scripts/pyesw//build_bsp.py -d /mnt/Storage/SCHOOL/Capstone/bringup/ChaosCore-FPGA/RV32RocketFPGAConfig/RV32Rocket/platform/psu_cortexa53_0/standalone_psu_cortexa53_0/bsp && deactivate
20:38:54 INFO  : Domain reconfigured successfully
20:38:54 INFO  : Generating BSP for the domain /mnt/Storage/SCHOOL/Capstone/bringup/ChaosCore-FPGA/RV32RocketFPGAConfig/RV32Rocket/platform/zynqmp_fsbl/zynqmp_fsbl_bsp
20:38:54 INFO  : lopper command to build BSP :python /tools/Xilinx/Vitis/2024.2/data/embeddedsw/scripts/pyesw//build_bsp.py -d /mnt/Storage/SCHOOL/Capstone/bringup/ChaosCore-FPGA/RV32RocketFPGAConfig/RV32Rocket/platform/zynqmp_fsbl/zynqmp_fsbl_bsp
20:38:54 INFO  : bash, -c, source /tools/Xilinx/Vitis/2024.2/tps/lnx64/lopper-1.1.0/env/bin/activate && python /tools/Xilinx/Vitis/2024.2/data/embeddedsw/scripts/pyesw//build_bsp.py -d /mnt/Storage/SCHOOL/Capstone/bringup/ChaosCore-FPGA/RV32RocketFPGAConfig/RV32Rocket/platform/zynqmp_fsbl/zynqmp_fsbl_bsp && deactivate
20:38:54 INFO  : Domain build successfully
20:38:54 INFO  : Domain build successfully
20:38:54 INFO  : Generating Boot ELFs
20:38:54 INFO  : lopper command to retarget baremetal application :python /tools/Xilinx/Vitis/2024.2/data/embeddedsw/scripts/pyesw//retarget_app.py -s /mnt/Storage/SCHOOL/Capstone/bringup/ChaosCore-FPGA/RV32RocketFPGAConfig/RV32Rocket/platform/zynqmp_fsbl -d /mnt/Storage/SCHOOL/Capstone/bringup/ChaosCore-FPGA/RV32RocketFPGAConfig/RV32Rocket/platform/zynqmp_fsbl/zynqmp_fsbl_bsp -b /mnt/Storage/SCHOOL/Capstone/bringup/ChaosCore-FPGA/RV32RocketFPGAConfig/RV32Rocket/platform/zynqmp_fsbl/build
20:38:54 INFO  : bash, -c, source /tools/Xilinx/Vitis/2024.2/tps/lnx64/lopper-1.1.0/env/bin/activate && python /tools/Xilinx/Vitis/2024.2/data/embeddedsw/scripts/pyesw//retarget_app.py -s /mnt/Storage/SCHOOL/Capstone/bringup/ChaosCore-FPGA/RV32RocketFPGAConfig/RV32Rocket/platform/zynqmp_fsbl -d /mnt/Storage/SCHOOL/Capstone/bringup/ChaosCore-FPGA/RV32RocketFPGAConfig/RV32Rocket/platform/zynqmp_fsbl/zynqmp_fsbl_bsp -b /mnt/Storage/SCHOOL/Capstone/bringup/ChaosCore-FPGA/RV32RocketFPGAConfig/RV32Rocket/platform/zynqmp_fsbl/build && deactivate
20:38:55 INFO  : Successfully retargeted Application /mnt/Storage/SCHOOL/Capstone/bringup/ChaosCore-FPGA/RV32RocketFPGAConfig/RV32Rocket/platform/zynqmp_fsbl
20:38:55 INFO  : lopper command to build baremetal application :python /tools/Xilinx/Vitis/2024.2/data/embeddedsw/scripts/pyesw//build_app.py -s /mnt/Storage/SCHOOL/Capstone/bringup/ChaosCore-FPGA/RV32RocketFPGAConfig/RV32Rocket/platform/zynqmp_fsbl -b /mnt/Storage/SCHOOL/Capstone/bringup/ChaosCore-FPGA/RV32RocketFPGAConfig/RV32Rocket/platform/zynqmp_fsbl/build
20:38:55 INFO  : bash, -c, source /tools/Xilinx/Vitis/2024.2/tps/lnx64/lopper-1.1.0/env/bin/activate && python /tools/Xilinx/Vitis/2024.2/data/embeddedsw/scripts/pyesw//build_app.py -s /mnt/Storage/SCHOOL/Capstone/bringup/ChaosCore-FPGA/RV32RocketFPGAConfig/RV32Rocket/platform/zynqmp_fsbl -b /mnt/Storage/SCHOOL/Capstone/bringup/ChaosCore-FPGA/RV32RocketFPGAConfig/RV32Rocket/platform/zynqmp_fsbl/build && deactivate
20:38:57 INFO  : Successfully building the baremetal application/mnt/Storage/SCHOOL/Capstone/bringup/ChaosCore-FPGA/RV32RocketFPGAConfig/RV32Rocket/platform/zynqmp_fsbl/build
20:38:57 INFO  : Generating Export directory
20:38:58 INFO  : Platform Build Finished successfully.
20:38:59 INFO  : lopper command to retarget baremetal application :python /tools/Xilinx/Vitis/2024.2/data/embeddedsw/scripts/pyesw//retarget_app.py -s /mnt/Storage/SCHOOL/Capstone/bringup/ChaosCore-FPGA/RV32RocketFPGAConfig/RV32Rocket/hello_world/src -d /mnt/Storage/SCHOOL/Capstone/bringup/ChaosCore-FPGA/RV32RocketFPGAConfig/RV32Rocket/platform/export/platform/sw/standalone_psu_cortexa53_0 -b /mnt/Storage/SCHOOL/Capstone/bringup/ChaosCore-FPGA/RV32RocketFPGAConfig/RV32Rocket/hello_world/build
20:38:59 INFO  : bash, -c, source /tools/Xilinx/Vitis/2024.2/tps/lnx64/lopper-1.1.0/env/bin/activate && python /tools/Xilinx/Vitis/2024.2/data/embeddedsw/scripts/pyesw//retarget_app.py -s /mnt/Storage/SCHOOL/Capstone/bringup/ChaosCore-FPGA/RV32RocketFPGAConfig/RV32Rocket/hello_world/src -d /mnt/Storage/SCHOOL/Capstone/bringup/ChaosCore-FPGA/RV32RocketFPGAConfig/RV32Rocket/platform/export/platform/sw/standalone_psu_cortexa53_0 -b /mnt/Storage/SCHOOL/Capstone/bringup/ChaosCore-FPGA/RV32RocketFPGAConfig/RV32Rocket/hello_world/build && deactivate
20:38:59 INFO  : Successfully retargeted Application /mnt/Storage/SCHOOL/Capstone/bringup/ChaosCore-FPGA/RV32RocketFPGAConfig/RV32Rocket/hello_world/src
20:38:59 INFO  : bash, -c, source /tools/Xilinx/Vitis/2024.2/tps/lnx64/lopper-1.1.0/env/bin/activate && python /tools/Xilinx/Vitis/2024.2/data/embeddedsw/scripts/pyesw//build_app.py -s /mnt/Storage/SCHOOL/Capstone/bringup/ChaosCore-FPGA/RV32RocketFPGAConfig/RV32Rocket/hello_world/src -b /mnt/Storage/SCHOOL/Capstone/bringup/ChaosCore-FPGA/RV32RocketFPGAConfig/RV32Rocket/hello_world/build && deactivate
20:39:00 ERROR : hello_world build failed. 
20:39:53 INFO  : BSP build will be initiated for Domain zynqmp_fsbl
20:39:53 INFO  : BSP build will be initiated for Domain standalone_psu_cortexa53_0
20:39:53 INFO  : Generating BSP for the domain /mnt/Storage/SCHOOL/Capstone/bringup/ChaosCore-FPGA/RV32RocketFPGAConfig/RV32Rocket/platform/zynqmp_fsbl/zynqmp_fsbl_bsp
20:39:53 INFO  : Generating BSP for the domain /mnt/Storage/SCHOOL/Capstone/bringup/ChaosCore-FPGA/RV32RocketFPGAConfig/RV32Rocket/platform/psu_cortexa53_0/standalone_psu_cortexa53_0/bsp
20:39:53 INFO  : lopper command to reconfigure BSP :python /tools/Xilinx/Vitis/2024.2/data/embeddedsw/scripts/pyesw//reconfig_bsp.py -d /mnt/Storage/SCHOOL/Capstone/bringup/ChaosCore-FPGA/RV32RocketFPGAConfig/RV32Rocket/platform/zynqmp_fsbl/zynqmp_fsbl_bsp
20:39:53 INFO  : lopper command to reconfigure BSP :python /tools/Xilinx/Vitis/2024.2/data/embeddedsw/scripts/pyesw//reconfig_bsp.py -d /mnt/Storage/SCHOOL/Capstone/bringup/ChaosCore-FPGA/RV32RocketFPGAConfig/RV32Rocket/platform/psu_cortexa53_0/standalone_psu_cortexa53_0/bsp
20:39:53 INFO  : bash, -c, source /tools/Xilinx/Vitis/2024.2/tps/lnx64/lopper-1.1.0/env/bin/activate && python /tools/Xilinx/Vitis/2024.2/data/embeddedsw/scripts/pyesw//reconfig_bsp.py -d /mnt/Storage/SCHOOL/Capstone/bringup/ChaosCore-FPGA/RV32RocketFPGAConfig/RV32Rocket/platform/zynqmp_fsbl/zynqmp_fsbl_bsp && deactivate
20:39:53 INFO  : bash, -c, source /tools/Xilinx/Vitis/2024.2/tps/lnx64/lopper-1.1.0/env/bin/activate && python /tools/Xilinx/Vitis/2024.2/data/embeddedsw/scripts/pyesw//reconfig_bsp.py -d /mnt/Storage/SCHOOL/Capstone/bringup/ChaosCore-FPGA/RV32RocketFPGAConfig/RV32Rocket/platform/psu_cortexa53_0/standalone_psu_cortexa53_0/bsp && deactivate
20:39:54 INFO  : Domain reconfigured successfully
20:39:54 INFO  : Generating BSP for the domain /mnt/Storage/SCHOOL/Capstone/bringup/ChaosCore-FPGA/RV32RocketFPGAConfig/RV32Rocket/platform/psu_cortexa53_0/standalone_psu_cortexa53_0/bsp
20:39:54 INFO  : lopper command to build BSP :python /tools/Xilinx/Vitis/2024.2/data/embeddedsw/scripts/pyesw//build_bsp.py -d /mnt/Storage/SCHOOL/Capstone/bringup/ChaosCore-FPGA/RV32RocketFPGAConfig/RV32Rocket/platform/psu_cortexa53_0/standalone_psu_cortexa53_0/bsp
20:39:54 INFO  : bash, -c, source /tools/Xilinx/Vitis/2024.2/tps/lnx64/lopper-1.1.0/env/bin/activate && python /tools/Xilinx/Vitis/2024.2/data/embeddedsw/scripts/pyesw//build_bsp.py -d /mnt/Storage/SCHOOL/Capstone/bringup/ChaosCore-FPGA/RV32RocketFPGAConfig/RV32Rocket/platform/psu_cortexa53_0/standalone_psu_cortexa53_0/bsp && deactivate
20:39:54 INFO  : Domain reconfigured successfully
20:39:54 INFO  : Generating BSP for the domain /mnt/Storage/SCHOOL/Capstone/bringup/ChaosCore-FPGA/RV32RocketFPGAConfig/RV32Rocket/platform/zynqmp_fsbl/zynqmp_fsbl_bsp
20:39:54 INFO  : lopper command to build BSP :python /tools/Xilinx/Vitis/2024.2/data/embeddedsw/scripts/pyesw//build_bsp.py -d /mnt/Storage/SCHOOL/Capstone/bringup/ChaosCore-FPGA/RV32RocketFPGAConfig/RV32Rocket/platform/zynqmp_fsbl/zynqmp_fsbl_bsp
20:39:54 INFO  : bash, -c, source /tools/Xilinx/Vitis/2024.2/tps/lnx64/lopper-1.1.0/env/bin/activate && python /tools/Xilinx/Vitis/2024.2/data/embeddedsw/scripts/pyesw//build_bsp.py -d /mnt/Storage/SCHOOL/Capstone/bringup/ChaosCore-FPGA/RV32RocketFPGAConfig/RV32Rocket/platform/zynqmp_fsbl/zynqmp_fsbl_bsp && deactivate
20:39:54 INFO  : Domain build successfully
20:39:55 INFO  : Domain build successfully
20:39:55 INFO  : Generating Boot ELFs
20:39:55 INFO  : lopper command to retarget baremetal application :python /tools/Xilinx/Vitis/2024.2/data/embeddedsw/scripts/pyesw//retarget_app.py -s /mnt/Storage/SCHOOL/Capstone/bringup/ChaosCore-FPGA/RV32RocketFPGAConfig/RV32Rocket/platform/zynqmp_fsbl -d /mnt/Storage/SCHOOL/Capstone/bringup/ChaosCore-FPGA/RV32RocketFPGAConfig/RV32Rocket/platform/zynqmp_fsbl/zynqmp_fsbl_bsp -b /mnt/Storage/SCHOOL/Capstone/bringup/ChaosCore-FPGA/RV32RocketFPGAConfig/RV32Rocket/platform/zynqmp_fsbl/build
20:39:55 INFO  : bash, -c, source /tools/Xilinx/Vitis/2024.2/tps/lnx64/lopper-1.1.0/env/bin/activate && python /tools/Xilinx/Vitis/2024.2/data/embeddedsw/scripts/pyesw//retarget_app.py -s /mnt/Storage/SCHOOL/Capstone/bringup/ChaosCore-FPGA/RV32RocketFPGAConfig/RV32Rocket/platform/zynqmp_fsbl -d /mnt/Storage/SCHOOL/Capstone/bringup/ChaosCore-FPGA/RV32RocketFPGAConfig/RV32Rocket/platform/zynqmp_fsbl/zynqmp_fsbl_bsp -b /mnt/Storage/SCHOOL/Capstone/bringup/ChaosCore-FPGA/RV32RocketFPGAConfig/RV32Rocket/platform/zynqmp_fsbl/build && deactivate
20:39:55 INFO  : Successfully retargeted Application /mnt/Storage/SCHOOL/Capstone/bringup/ChaosCore-FPGA/RV32RocketFPGAConfig/RV32Rocket/platform/zynqmp_fsbl
20:39:55 INFO  : lopper command to build baremetal application :python /tools/Xilinx/Vitis/2024.2/data/embeddedsw/scripts/pyesw//build_app.py -s /mnt/Storage/SCHOOL/Capstone/bringup/ChaosCore-FPGA/RV32RocketFPGAConfig/RV32Rocket/platform/zynqmp_fsbl -b /mnt/Storage/SCHOOL/Capstone/bringup/ChaosCore-FPGA/RV32RocketFPGAConfig/RV32Rocket/platform/zynqmp_fsbl/build
20:39:55 INFO  : bash, -c, source /tools/Xilinx/Vitis/2024.2/tps/lnx64/lopper-1.1.0/env/bin/activate && python /tools/Xilinx/Vitis/2024.2/data/embeddedsw/scripts/pyesw//build_app.py -s /mnt/Storage/SCHOOL/Capstone/bringup/ChaosCore-FPGA/RV32RocketFPGAConfig/RV32Rocket/platform/zynqmp_fsbl -b /mnt/Storage/SCHOOL/Capstone/bringup/ChaosCore-FPGA/RV32RocketFPGAConfig/RV32Rocket/platform/zynqmp_fsbl/build && deactivate
20:39:58 INFO  : Successfully building the baremetal application/mnt/Storage/SCHOOL/Capstone/bringup/ChaosCore-FPGA/RV32RocketFPGAConfig/RV32Rocket/platform/zynqmp_fsbl/build
20:39:58 INFO  : Generating Export directory
20:39:59 INFO  : Platform Build Finished successfully.
20:40:00 INFO  : lopper command to retarget baremetal application :python /tools/Xilinx/Vitis/2024.2/data/embeddedsw/scripts/pyesw//retarget_app.py -s /mnt/Storage/SCHOOL/Capstone/bringup/ChaosCore-FPGA/RV32RocketFPGAConfig/RV32Rocket/hello_world/src -d /mnt/Storage/SCHOOL/Capstone/bringup/ChaosCore-FPGA/RV32RocketFPGAConfig/RV32Rocket/platform/export/platform/sw/standalone_psu_cortexa53_0 -b /mnt/Storage/SCHOOL/Capstone/bringup/ChaosCore-FPGA/RV32RocketFPGAConfig/RV32Rocket/hello_world/build
20:40:00 INFO  : bash, -c, source /tools/Xilinx/Vitis/2024.2/tps/lnx64/lopper-1.1.0/env/bin/activate && python /tools/Xilinx/Vitis/2024.2/data/embeddedsw/scripts/pyesw//retarget_app.py -s /mnt/Storage/SCHOOL/Capstone/bringup/ChaosCore-FPGA/RV32RocketFPGAConfig/RV32Rocket/hello_world/src -d /mnt/Storage/SCHOOL/Capstone/bringup/ChaosCore-FPGA/RV32RocketFPGAConfig/RV32Rocket/platform/export/platform/sw/standalone_psu_cortexa53_0 -b /mnt/Storage/SCHOOL/Capstone/bringup/ChaosCore-FPGA/RV32RocketFPGAConfig/RV32Rocket/hello_world/build && deactivate
20:40:00 INFO  : Successfully retargeted Application /mnt/Storage/SCHOOL/Capstone/bringup/ChaosCore-FPGA/RV32RocketFPGAConfig/RV32Rocket/hello_world/src
20:40:00 INFO  : bash, -c, source /tools/Xilinx/Vitis/2024.2/tps/lnx64/lopper-1.1.0/env/bin/activate && python /tools/Xilinx/Vitis/2024.2/data/embeddedsw/scripts/pyesw//build_app.py -s /mnt/Storage/SCHOOL/Capstone/bringup/ChaosCore-FPGA/RV32RocketFPGAConfig/RV32Rocket/hello_world/src -b /mnt/Storage/SCHOOL/Capstone/bringup/ChaosCore-FPGA/RV32RocketFPGAConfig/RV32Rocket/hello_world/build && deactivate
20:40:00 ERROR : hello_world build failed. 
20:40:12 INFO  : BSP build will be initiated for Domain zynqmp_fsbl
20:40:12 INFO  : BSP build will be initiated for Domain standalone_psu_cortexa53_0
20:40:12 INFO  : Generating BSP for the domain /mnt/Storage/SCHOOL/Capstone/bringup/ChaosCore-FPGA/RV32RocketFPGAConfig/RV32Rocket/platform/zynqmp_fsbl/zynqmp_fsbl_bsp
20:40:12 INFO  : Generating BSP for the domain /mnt/Storage/SCHOOL/Capstone/bringup/ChaosCore-FPGA/RV32RocketFPGAConfig/RV32Rocket/platform/psu_cortexa53_0/standalone_psu_cortexa53_0/bsp
20:40:12 INFO  : lopper command to reconfigure BSP :python /tools/Xilinx/Vitis/2024.2/data/embeddedsw/scripts/pyesw//reconfig_bsp.py -d /mnt/Storage/SCHOOL/Capstone/bringup/ChaosCore-FPGA/RV32RocketFPGAConfig/RV32Rocket/platform/zynqmp_fsbl/zynqmp_fsbl_bsp
20:40:12 INFO  : lopper command to reconfigure BSP :python /tools/Xilinx/Vitis/2024.2/data/embeddedsw/scripts/pyesw//reconfig_bsp.py -d /mnt/Storage/SCHOOL/Capstone/bringup/ChaosCore-FPGA/RV32RocketFPGAConfig/RV32Rocket/platform/psu_cortexa53_0/standalone_psu_cortexa53_0/bsp
20:40:12 INFO  : bash, -c, source /tools/Xilinx/Vitis/2024.2/tps/lnx64/lopper-1.1.0/env/bin/activate && python /tools/Xilinx/Vitis/2024.2/data/embeddedsw/scripts/pyesw//reconfig_bsp.py -d /mnt/Storage/SCHOOL/Capstone/bringup/ChaosCore-FPGA/RV32RocketFPGAConfig/RV32Rocket/platform/zynqmp_fsbl/zynqmp_fsbl_bsp && deactivate
20:40:12 INFO  : bash, -c, source /tools/Xilinx/Vitis/2024.2/tps/lnx64/lopper-1.1.0/env/bin/activate && python /tools/Xilinx/Vitis/2024.2/data/embeddedsw/scripts/pyesw//reconfig_bsp.py -d /mnt/Storage/SCHOOL/Capstone/bringup/ChaosCore-FPGA/RV32RocketFPGAConfig/RV32Rocket/platform/psu_cortexa53_0/standalone_psu_cortexa53_0/bsp && deactivate
20:40:14 INFO  : Domain reconfigured successfully
20:40:14 INFO  : Generating BSP for the domain /mnt/Storage/SCHOOL/Capstone/bringup/ChaosCore-FPGA/RV32RocketFPGAConfig/RV32Rocket/platform/psu_cortexa53_0/standalone_psu_cortexa53_0/bsp
20:40:14 INFO  : lopper command to build BSP :python /tools/Xilinx/Vitis/2024.2/data/embeddedsw/scripts/pyesw//build_bsp.py -d /mnt/Storage/SCHOOL/Capstone/bringup/ChaosCore-FPGA/RV32RocketFPGAConfig/RV32Rocket/platform/psu_cortexa53_0/standalone_psu_cortexa53_0/bsp
20:40:14 INFO  : bash, -c, source /tools/Xilinx/Vitis/2024.2/tps/lnx64/lopper-1.1.0/env/bin/activate && python /tools/Xilinx/Vitis/2024.2/data/embeddedsw/scripts/pyesw//build_bsp.py -d /mnt/Storage/SCHOOL/Capstone/bringup/ChaosCore-FPGA/RV32RocketFPGAConfig/RV32Rocket/platform/psu_cortexa53_0/standalone_psu_cortexa53_0/bsp && deactivate
20:40:14 INFO  : Domain reconfigured successfully
20:40:14 INFO  : Generating BSP for the domain /mnt/Storage/SCHOOL/Capstone/bringup/ChaosCore-FPGA/RV32RocketFPGAConfig/RV32Rocket/platform/zynqmp_fsbl/zynqmp_fsbl_bsp
20:40:14 INFO  : lopper command to build BSP :python /tools/Xilinx/Vitis/2024.2/data/embeddedsw/scripts/pyesw//build_bsp.py -d /mnt/Storage/SCHOOL/Capstone/bringup/ChaosCore-FPGA/RV32RocketFPGAConfig/RV32Rocket/platform/zynqmp_fsbl/zynqmp_fsbl_bsp
20:40:14 INFO  : bash, -c, source /tools/Xilinx/Vitis/2024.2/tps/lnx64/lopper-1.1.0/env/bin/activate && python /tools/Xilinx/Vitis/2024.2/data/embeddedsw/scripts/pyesw//build_bsp.py -d /mnt/Storage/SCHOOL/Capstone/bringup/ChaosCore-FPGA/RV32RocketFPGAConfig/RV32Rocket/platform/zynqmp_fsbl/zynqmp_fsbl_bsp && deactivate
20:40:14 INFO  : Domain build successfully
20:40:14 INFO  : Domain build successfully
20:40:14 INFO  : Generating Boot ELFs
20:40:14 INFO  : lopper command to retarget baremetal application :python /tools/Xilinx/Vitis/2024.2/data/embeddedsw/scripts/pyesw//retarget_app.py -s /mnt/Storage/SCHOOL/Capstone/bringup/ChaosCore-FPGA/RV32RocketFPGAConfig/RV32Rocket/platform/zynqmp_fsbl -d /mnt/Storage/SCHOOL/Capstone/bringup/ChaosCore-FPGA/RV32RocketFPGAConfig/RV32Rocket/platform/zynqmp_fsbl/zynqmp_fsbl_bsp -b /mnt/Storage/SCHOOL/Capstone/bringup/ChaosCore-FPGA/RV32RocketFPGAConfig/RV32Rocket/platform/zynqmp_fsbl/build
20:40:14 INFO  : bash, -c, source /tools/Xilinx/Vitis/2024.2/tps/lnx64/lopper-1.1.0/env/bin/activate && python /tools/Xilinx/Vitis/2024.2/data/embeddedsw/scripts/pyesw//retarget_app.py -s /mnt/Storage/SCHOOL/Capstone/bringup/ChaosCore-FPGA/RV32RocketFPGAConfig/RV32Rocket/platform/zynqmp_fsbl -d /mnt/Storage/SCHOOL/Capstone/bringup/ChaosCore-FPGA/RV32RocketFPGAConfig/RV32Rocket/platform/zynqmp_fsbl/zynqmp_fsbl_bsp -b /mnt/Storage/SCHOOL/Capstone/bringup/ChaosCore-FPGA/RV32RocketFPGAConfig/RV32Rocket/platform/zynqmp_fsbl/build && deactivate
20:40:15 INFO  : Successfully retargeted Application /mnt/Storage/SCHOOL/Capstone/bringup/ChaosCore-FPGA/RV32RocketFPGAConfig/RV32Rocket/platform/zynqmp_fsbl
20:40:15 INFO  : lopper command to build baremetal application :python /tools/Xilinx/Vitis/2024.2/data/embeddedsw/scripts/pyesw//build_app.py -s /mnt/Storage/SCHOOL/Capstone/bringup/ChaosCore-FPGA/RV32RocketFPGAConfig/RV32Rocket/platform/zynqmp_fsbl -b /mnt/Storage/SCHOOL/Capstone/bringup/ChaosCore-FPGA/RV32RocketFPGAConfig/RV32Rocket/platform/zynqmp_fsbl/build
20:40:15 INFO  : bash, -c, source /tools/Xilinx/Vitis/2024.2/tps/lnx64/lopper-1.1.0/env/bin/activate && python /tools/Xilinx/Vitis/2024.2/data/embeddedsw/scripts/pyesw//build_app.py -s /mnt/Storage/SCHOOL/Capstone/bringup/ChaosCore-FPGA/RV32RocketFPGAConfig/RV32Rocket/platform/zynqmp_fsbl -b /mnt/Storage/SCHOOL/Capstone/bringup/ChaosCore-FPGA/RV32RocketFPGAConfig/RV32Rocket/platform/zynqmp_fsbl/build && deactivate
20:40:17 INFO  : Successfully building the baremetal application/mnt/Storage/SCHOOL/Capstone/bringup/ChaosCore-FPGA/RV32RocketFPGAConfig/RV32Rocket/platform/zynqmp_fsbl/build
20:40:17 INFO  : Generating Export directory
20:40:18 INFO  : Platform Build Finished successfully.
20:40:19 INFO  : lopper command to retarget baremetal application :python /tools/Xilinx/Vitis/2024.2/data/embeddedsw/scripts/pyesw//retarget_app.py -s /mnt/Storage/SCHOOL/Capstone/bringup/ChaosCore-FPGA/RV32RocketFPGAConfig/RV32Rocket/hello_world/src -d /mnt/Storage/SCHOOL/Capstone/bringup/ChaosCore-FPGA/RV32RocketFPGAConfig/RV32Rocket/platform/export/platform/sw/standalone_psu_cortexa53_0 -b /mnt/Storage/SCHOOL/Capstone/bringup/ChaosCore-FPGA/RV32RocketFPGAConfig/RV32Rocket/hello_world/build
20:40:19 INFO  : bash, -c, source /tools/Xilinx/Vitis/2024.2/tps/lnx64/lopper-1.1.0/env/bin/activate && python /tools/Xilinx/Vitis/2024.2/data/embeddedsw/scripts/pyesw//retarget_app.py -s /mnt/Storage/SCHOOL/Capstone/bringup/ChaosCore-FPGA/RV32RocketFPGAConfig/RV32Rocket/hello_world/src -d /mnt/Storage/SCHOOL/Capstone/bringup/ChaosCore-FPGA/RV32RocketFPGAConfig/RV32Rocket/platform/export/platform/sw/standalone_psu_cortexa53_0 -b /mnt/Storage/SCHOOL/Capstone/bringup/ChaosCore-FPGA/RV32RocketFPGAConfig/RV32Rocket/hello_world/build && deactivate
20:40:19 INFO  : Successfully retargeted Application /mnt/Storage/SCHOOL/Capstone/bringup/ChaosCore-FPGA/RV32RocketFPGAConfig/RV32Rocket/hello_world/src
20:40:19 INFO  : bash, -c, source /tools/Xilinx/Vitis/2024.2/tps/lnx64/lopper-1.1.0/env/bin/activate && python /tools/Xilinx/Vitis/2024.2/data/embeddedsw/scripts/pyesw//build_app.py -s /mnt/Storage/SCHOOL/Capstone/bringup/ChaosCore-FPGA/RV32RocketFPGAConfig/RV32Rocket/hello_world/src -b /mnt/Storage/SCHOOL/Capstone/bringup/ChaosCore-FPGA/RV32RocketFPGAConfig/RV32Rocket/hello_world/build && deactivate
20:40:22 INFO  : connect -url tcp:127.0.0.1:3121
20:40:22 INFO  : bpremove -all
20:40:22 INFO  : source /tools/Xilinx/Vitis/2024.2/scripts/vitis/util/zynqmp_utils.tcl
20:40:23 INFO  : Context for 'APU' is selected.
20:40:23 INFO  : System reset is completed.
20:40:26 INFO  : 'after 3000' command is executed.
20:40:26 INFO  : 'targets -set -filter {jtag_cable_name =~ "Avnet USB-to-JTAG/UART Pod V1 1234-oj1A" && level==0 && jtag_device_ctx=="jsn-USB-to-JTAG/UART Pod V1-1234-oj1A-14710093-0"}' command is executed.
20:40:29 INFO  : Device configured successfully with "/mnt/Storage/SCHOOL/Capstone/bringup/ChaosCore-FPGA/RV32RocketFPGAConfig/RV32Rocket/hello_world/_ide/bitstream/BD_wrapper.bit"
20:40:29 INFO  : targets -set -nocase -filter {name =~"PSU*"}
20:40:29 INFO  : catch {disable_pmu_gate}
20:40:29 INFO  : targets -set -nocase -filter {name =~"APU*"}
20:40:29 INFO  : loadhw -hw /mnt/Storage/SCHOOL/Capstone/bringup/ChaosCore-FPGA/RV32RocketFPGAConfig/RV32Rocket/platform/export/platform/hw/BD_wrapper.xsa -mem-ranges [list {0x80000000 0xbfffffff} {0x400000000 0x5ffffffff} {0x1000000000 0x7fffffffff}]
20:40:29 INFO  : configparams force-mem-access 1
20:40:29 INFO  : targets -set -nocase -filter {name =~"APU*"}
20:40:29 INFO  : source /tools/Xilinx/Vitis/2024.2/vitis-server/scripts/jtag_reg.tcl
20:40:29 INFO  : Boot mode is read from the target.
20:40:29 INFO  : targets -set -nocase -filter {name =~ "*A53*#0"}
20:40:29 INFO  : rst -processor
20:40:30 INFO  : dow /mnt/Storage/SCHOOL/Capstone/bringup/ChaosCore-FPGA/RV32RocketFPGAConfig/RV32Rocket/platform/export/platform/sw/boot/fsbl.elf
20:40:30 INFO  : set bp_40_30_fsbl_bp [bpadd -addr &XFsbl_Exit]
20:40:31 INFO  : con -block -timeout 60
20:40:31 INFO  : bpremove $bp_40_30_fsbl_bp
20:40:31 INFO  : targets -set -nocase -filter {name =~ "*A53*#0"}
20:40:31 INFO  : rst -processor
20:40:31 INFO  : dow /mnt/Storage/SCHOOL/Capstone/bringup/ChaosCore-FPGA/RV32RocketFPGAConfig/RV32Rocket/hello_world/build/hello_world.elf
20:40:31 INFO  : con
20:40:31 INFO  : configparams force-mem-access 0
20:40:32 INFO  : Testing the connection for 127.0.0.1
20:41:04 ERROR : Error in generating platform.Error in deleting existing Platform contents.
20:41:04 ERROR : Error in generating platform.Error in deleting existing Platform contents.
20:41:04 INFO  : Found no platform with name 'platform' in install repositories
20:41:16 ERROR : Error in generating platform.Error in deleting existing Platform contents.
20:41:16 ERROR : Error in generating platform.Error in deleting existing Platform contents.
20:41:16 INFO  : Found no platform with name 'platform' in install repositories
20:41:27 ERROR : Error in generating platform.Error in deleting existing Platform contents.
20:41:27 ERROR : Error in generating platform.Error in deleting existing Platform contents.
20:41:27 INFO  : Found no platform with name 'platform' in install repositories
20:41:32 ERROR : Error in generating platform.Error in deleting existing Platform contents.
20:41:32 ERROR : Error in generating platform.Error in deleting existing Platform contents.
20:41:32 INFO  : Found no platform with name 'platform' in install repositories
20:41:35 INFO  : BSP build will be initiated for Domain standalone_psu_cortexa53_0
20:41:35 INFO  : BSP build will be initiated for Domain zynqmp_fsbl
20:41:35 INFO  : Generating BSP for the domain /mnt/Storage/SCHOOL/Capstone/bringup/ChaosCore-FPGA/RV32RocketFPGAConfig/RV32Rocket/platform/psu_cortexa53_0/standalone_psu_cortexa53_0/bsp
20:41:35 INFO  : Generating BSP for the domain /mnt/Storage/SCHOOL/Capstone/bringup/ChaosCore-FPGA/RV32RocketFPGAConfig/RV32Rocket/platform/zynqmp_fsbl/zynqmp_fsbl_bsp
20:41:35 INFO  : lopper command to reconfigure BSP :python /tools/Xilinx/Vitis/2024.2/data/embeddedsw/scripts/pyesw//reconfig_bsp.py -d /mnt/Storage/SCHOOL/Capstone/bringup/ChaosCore-FPGA/RV32RocketFPGAConfig/RV32Rocket/platform/psu_cortexa53_0/standalone_psu_cortexa53_0/bsp
20:41:35 INFO  : lopper command to reconfigure BSP :python /tools/Xilinx/Vitis/2024.2/data/embeddedsw/scripts/pyesw//reconfig_bsp.py -d /mnt/Storage/SCHOOL/Capstone/bringup/ChaosCore-FPGA/RV32RocketFPGAConfig/RV32Rocket/platform/zynqmp_fsbl/zynqmp_fsbl_bsp
20:41:35 INFO  : bash, -c, source /tools/Xilinx/Vitis/2024.2/tps/lnx64/lopper-1.1.0/env/bin/activate && python /tools/Xilinx/Vitis/2024.2/data/embeddedsw/scripts/pyesw//reconfig_bsp.py -d /mnt/Storage/SCHOOL/Capstone/bringup/ChaosCore-FPGA/RV32RocketFPGAConfig/RV32Rocket/platform/zynqmp_fsbl/zynqmp_fsbl_bsp && deactivate
20:41:35 INFO  : bash, -c, source /tools/Xilinx/Vitis/2024.2/tps/lnx64/lopper-1.1.0/env/bin/activate && python /tools/Xilinx/Vitis/2024.2/data/embeddedsw/scripts/pyesw//reconfig_bsp.py -d /mnt/Storage/SCHOOL/Capstone/bringup/ChaosCore-FPGA/RV32RocketFPGAConfig/RV32Rocket/platform/psu_cortexa53_0/standalone_psu_cortexa53_0/bsp && deactivate
20:41:35 INFO  : Domain reconfigured successfully
20:41:35 INFO  : Generating BSP for the domain /mnt/Storage/SCHOOL/Capstone/bringup/ChaosCore-FPGA/RV32RocketFPGAConfig/RV32Rocket/platform/psu_cortexa53_0/standalone_psu_cortexa53_0/bsp
20:41:35 INFO  : lopper command to build BSP :python /tools/Xilinx/Vitis/2024.2/data/embeddedsw/scripts/pyesw//build_bsp.py -d /mnt/Storage/SCHOOL/Capstone/bringup/ChaosCore-FPGA/RV32RocketFPGAConfig/RV32Rocket/platform/psu_cortexa53_0/standalone_psu_cortexa53_0/bsp
20:41:35 INFO  : bash, -c, source /tools/Xilinx/Vitis/2024.2/tps/lnx64/lopper-1.1.0/env/bin/activate && python /tools/Xilinx/Vitis/2024.2/data/embeddedsw/scripts/pyesw//build_bsp.py -d /mnt/Storage/SCHOOL/Capstone/bringup/ChaosCore-FPGA/RV32RocketFPGAConfig/RV32Rocket/platform/psu_cortexa53_0/standalone_psu_cortexa53_0/bsp && deactivate
20:41:35 INFO  : Domain reconfigured successfully
20:41:35 INFO  : Generating BSP for the domain /mnt/Storage/SCHOOL/Capstone/bringup/ChaosCore-FPGA/RV32RocketFPGAConfig/RV32Rocket/platform/zynqmp_fsbl/zynqmp_fsbl_bsp
20:41:35 INFO  : lopper command to build BSP :python /tools/Xilinx/Vitis/2024.2/data/embeddedsw/scripts/pyesw//build_bsp.py -d /mnt/Storage/SCHOOL/Capstone/bringup/ChaosCore-FPGA/RV32RocketFPGAConfig/RV32Rocket/platform/zynqmp_fsbl/zynqmp_fsbl_bsp
20:41:35 INFO  : bash, -c, source /tools/Xilinx/Vitis/2024.2/tps/lnx64/lopper-1.1.0/env/bin/activate && python /tools/Xilinx/Vitis/2024.2/data/embeddedsw/scripts/pyesw//build_bsp.py -d /mnt/Storage/SCHOOL/Capstone/bringup/ChaosCore-FPGA/RV32RocketFPGAConfig/RV32Rocket/platform/zynqmp_fsbl/zynqmp_fsbl_bsp && deactivate
20:41:36 INFO  : Domain build successfully
20:41:36 INFO  : Domain build successfully
20:41:36 INFO  : Generating Boot ELFs
20:41:36 INFO  : lopper command to retarget baremetal application :python /tools/Xilinx/Vitis/2024.2/data/embeddedsw/scripts/pyesw//retarget_app.py -s /mnt/Storage/SCHOOL/Capstone/bringup/ChaosCore-FPGA/RV32RocketFPGAConfig/RV32Rocket/platform/zynqmp_fsbl -d /mnt/Storage/SCHOOL/Capstone/bringup/ChaosCore-FPGA/RV32RocketFPGAConfig/RV32Rocket/platform/zynqmp_fsbl/zynqmp_fsbl_bsp -b /mnt/Storage/SCHOOL/Capstone/bringup/ChaosCore-FPGA/RV32RocketFPGAConfig/RV32Rocket/platform/zynqmp_fsbl/build
20:41:36 INFO  : bash, -c, source /tools/Xilinx/Vitis/2024.2/tps/lnx64/lopper-1.1.0/env/bin/activate && python /tools/Xilinx/Vitis/2024.2/data/embeddedsw/scripts/pyesw//retarget_app.py -s /mnt/Storage/SCHOOL/Capstone/bringup/ChaosCore-FPGA/RV32RocketFPGAConfig/RV32Rocket/platform/zynqmp_fsbl -d /mnt/Storage/SCHOOL/Capstone/bringup/ChaosCore-FPGA/RV32RocketFPGAConfig/RV32Rocket/platform/zynqmp_fsbl/zynqmp_fsbl_bsp -b /mnt/Storage/SCHOOL/Capstone/bringup/ChaosCore-FPGA/RV32RocketFPGAConfig/RV32Rocket/platform/zynqmp_fsbl/build && deactivate
20:41:36 INFO  : Successfully retargeted Application /mnt/Storage/SCHOOL/Capstone/bringup/ChaosCore-FPGA/RV32RocketFPGAConfig/RV32Rocket/platform/zynqmp_fsbl
20:41:36 INFO  : lopper command to build baremetal application :python /tools/Xilinx/Vitis/2024.2/data/embeddedsw/scripts/pyesw//build_app.py -s /mnt/Storage/SCHOOL/Capstone/bringup/ChaosCore-FPGA/RV32RocketFPGAConfig/RV32Rocket/platform/zynqmp_fsbl -b /mnt/Storage/SCHOOL/Capstone/bringup/ChaosCore-FPGA/RV32RocketFPGAConfig/RV32Rocket/platform/zynqmp_fsbl/build
20:41:36 INFO  : bash, -c, source /tools/Xilinx/Vitis/2024.2/tps/lnx64/lopper-1.1.0/env/bin/activate && python /tools/Xilinx/Vitis/2024.2/data/embeddedsw/scripts/pyesw//build_app.py -s /mnt/Storage/SCHOOL/Capstone/bringup/ChaosCore-FPGA/RV32RocketFPGAConfig/RV32Rocket/platform/zynqmp_fsbl -b /mnt/Storage/SCHOOL/Capstone/bringup/ChaosCore-FPGA/RV32RocketFPGAConfig/RV32Rocket/platform/zynqmp_fsbl/build && deactivate
20:41:39 INFO  : Successfully building the baremetal application/mnt/Storage/SCHOOL/Capstone/bringup/ChaosCore-FPGA/RV32RocketFPGAConfig/RV32Rocket/platform/zynqmp_fsbl/build
20:41:39 INFO  : Generating Export directory
20:41:40 INFO  : Platform Build Finished successfully.
20:41:40 INFO  : lopper command to retarget baremetal application :python /tools/Xilinx/Vitis/2024.2/data/embeddedsw/scripts/pyesw//retarget_app.py -s /mnt/Storage/SCHOOL/Capstone/bringup/ChaosCore-FPGA/RV32RocketFPGAConfig/RV32Rocket/hello_world/src -d /mnt/Storage/SCHOOL/Capstone/bringup/ChaosCore-FPGA/RV32RocketFPGAConfig/RV32Rocket/platform/export/platform/sw/standalone_psu_cortexa53_0 -b /mnt/Storage/SCHOOL/Capstone/bringup/ChaosCore-FPGA/RV32RocketFPGAConfig/RV32Rocket/hello_world/build
20:41:40 INFO  : bash, -c, source /tools/Xilinx/Vitis/2024.2/tps/lnx64/lopper-1.1.0/env/bin/activate && python /tools/Xilinx/Vitis/2024.2/data/embeddedsw/scripts/pyesw//retarget_app.py -s /mnt/Storage/SCHOOL/Capstone/bringup/ChaosCore-FPGA/RV32RocketFPGAConfig/RV32Rocket/hello_world/src -d /mnt/Storage/SCHOOL/Capstone/bringup/ChaosCore-FPGA/RV32RocketFPGAConfig/RV32Rocket/platform/export/platform/sw/standalone_psu_cortexa53_0 -b /mnt/Storage/SCHOOL/Capstone/bringup/ChaosCore-FPGA/RV32RocketFPGAConfig/RV32Rocket/hello_world/build && deactivate
20:41:41 INFO  : Successfully retargeted Application /mnt/Storage/SCHOOL/Capstone/bringup/ChaosCore-FPGA/RV32RocketFPGAConfig/RV32Rocket/hello_world/src
20:41:41 INFO  : bash, -c, source /tools/Xilinx/Vitis/2024.2/tps/lnx64/lopper-1.1.0/env/bin/activate && python /tools/Xilinx/Vitis/2024.2/data/embeddedsw/scripts/pyesw//build_app.py -s /mnt/Storage/SCHOOL/Capstone/bringup/ChaosCore-FPGA/RV32RocketFPGAConfig/RV32Rocket/hello_world/src -b /mnt/Storage/SCHOOL/Capstone/bringup/ChaosCore-FPGA/RV32RocketFPGAConfig/RV32Rocket/hello_world/build && deactivate
20:41:44 INFO  : connect -url tcp:127.0.0.1:3121
20:41:44 INFO  : bpremove -all
20:41:44 INFO  : source /tools/Xilinx/Vitis/2024.2/scripts/vitis/util/zynqmp_utils.tcl
20:41:44 INFO  : Context for 'APU' is selected.
20:41:44 INFO  : System reset is completed.
20:41:44 INFO  : disconnect
20:41:47 INFO  : 'after 3000' command is executed.
20:41:47 ERROR : Failed to initialize the hardware Invalid target. Use "connect" command to connect to hw_server/TCF agent
20:41:55 INFO  : connect -url tcp:127.0.0.1:3121
20:41:55 INFO  : bpremove -all
20:41:55 INFO  : source /tools/Xilinx/Vitis/2024.2/scripts/vitis/util/zynqmp_utils.tcl
20:41:55 INFO  : Context for 'APU' is selected.
20:41:56 INFO  : System reset is completed.
20:41:59 INFO  : 'after 3000' command is executed.
20:41:59 INFO  : 'targets -set -filter {jtag_cable_name =~ "Avnet USB-to-JTAG/UART Pod V1 1234-oj1A" && level==0 && jtag_device_ctx=="jsn-USB-to-JTAG/UART Pod V1-1234-oj1A-14710093-0"}' command is executed.
20:42:02 INFO  : Device configured successfully with "/mnt/Storage/SCHOOL/Capstone/bringup/ChaosCore-FPGA/RV32RocketFPGAConfig/RV32Rocket/hello_world/_ide/bitstream/BD_wrapper.bit"
20:42:02 INFO  : targets -set -nocase -filter {name =~"PSU*"}
20:42:02 INFO  : catch {disable_pmu_gate}
20:42:02 INFO  : targets -set -nocase -filter {name =~"APU*"}
20:42:02 INFO  : loadhw -hw /mnt/Storage/SCHOOL/Capstone/bringup/ChaosCore-FPGA/RV32RocketFPGAConfig/RV32Rocket/platform/export/platform/hw/BD_wrapper.xsa -mem-ranges [list {0x80000000 0xbfffffff} {0x400000000 0x5ffffffff} {0x1000000000 0x7fffffffff}]
20:42:02 INFO  : configparams force-mem-access 1
20:42:02 INFO  : targets -set -nocase -filter {name =~"APU*"}
20:42:02 INFO  : source /tools/Xilinx/Vitis/2024.2/vitis-server/scripts/jtag_reg.tcl
20:42:02 INFO  : Boot mode is read from the target.
20:42:02 INFO  : targets -set -nocase -filter {name =~ "*A53*#0"}
20:42:02 INFO  : rst -processor
20:42:03 INFO  : dow /mnt/Storage/SCHOOL/Capstone/bringup/ChaosCore-FPGA/RV32RocketFPGAConfig/RV32Rocket/platform/export/platform/sw/boot/fsbl.elf
20:42:03 INFO  : set bp_42_3_fsbl_bp [bpadd -addr &XFsbl_Exit]
20:42:04 INFO  : con -block -timeout 60
20:42:04 INFO  : bpremove $bp_42_3_fsbl_bp
20:42:04 INFO  : targets -set -nocase -filter {name =~ "*A53*#0"}
20:42:04 INFO  : rst -processor
20:42:04 INFO  : dow /mnt/Storage/SCHOOL/Capstone/bringup/ChaosCore-FPGA/RV32RocketFPGAConfig/RV32Rocket/hello_world/build/hello_world.elf
20:42:04 INFO  : con
20:42:04 INFO  : configparams force-mem-access 0
20:42:05 INFO  : Testing the connection for 127.0.0.1
20:44:15 INFO  : BSP build will be initiated for Domain zynqmp_fsbl
20:44:15 INFO  : BSP build will be initiated for Domain standalone_psu_cortexa53_0
20:44:15 INFO  : Generating BSP for the domain /mnt/Storage/SCHOOL/Capstone/bringup/ChaosCore-FPGA/RV32RocketFPGAConfig/RV32Rocket/platform/zynqmp_fsbl/zynqmp_fsbl_bsp
20:44:15 INFO  : Generating BSP for the domain /mnt/Storage/SCHOOL/Capstone/bringup/ChaosCore-FPGA/RV32RocketFPGAConfig/RV32Rocket/platform/psu_cortexa53_0/standalone_psu_cortexa53_0/bsp
20:44:15 INFO  : lopper command to reconfigure BSP :python /tools/Xilinx/Vitis/2024.2/data/embeddedsw/scripts/pyesw//reconfig_bsp.py -d /mnt/Storage/SCHOOL/Capstone/bringup/ChaosCore-FPGA/RV32RocketFPGAConfig/RV32Rocket/platform/zynqmp_fsbl/zynqmp_fsbl_bsp
20:44:15 INFO  : lopper command to reconfigure BSP :python /tools/Xilinx/Vitis/2024.2/data/embeddedsw/scripts/pyesw//reconfig_bsp.py -d /mnt/Storage/SCHOOL/Capstone/bringup/ChaosCore-FPGA/RV32RocketFPGAConfig/RV32Rocket/platform/psu_cortexa53_0/standalone_psu_cortexa53_0/bsp
20:44:15 INFO  : bash, -c, source /tools/Xilinx/Vitis/2024.2/tps/lnx64/lopper-1.1.0/env/bin/activate && python /tools/Xilinx/Vitis/2024.2/data/embeddedsw/scripts/pyesw//reconfig_bsp.py -d /mnt/Storage/SCHOOL/Capstone/bringup/ChaosCore-FPGA/RV32RocketFPGAConfig/RV32Rocket/platform/psu_cortexa53_0/standalone_psu_cortexa53_0/bsp && deactivate
20:44:15 INFO  : bash, -c, source /tools/Xilinx/Vitis/2024.2/tps/lnx64/lopper-1.1.0/env/bin/activate && python /tools/Xilinx/Vitis/2024.2/data/embeddedsw/scripts/pyesw//reconfig_bsp.py -d /mnt/Storage/SCHOOL/Capstone/bringup/ChaosCore-FPGA/RV32RocketFPGAConfig/RV32Rocket/platform/zynqmp_fsbl/zynqmp_fsbl_bsp && deactivate
20:44:15 INFO  : Domain reconfigured successfully
20:44:15 INFO  : Generating BSP for the domain /mnt/Storage/SCHOOL/Capstone/bringup/ChaosCore-FPGA/RV32RocketFPGAConfig/RV32Rocket/platform/psu_cortexa53_0/standalone_psu_cortexa53_0/bsp
20:44:15 INFO  : lopper command to build BSP :python /tools/Xilinx/Vitis/2024.2/data/embeddedsw/scripts/pyesw//build_bsp.py -d /mnt/Storage/SCHOOL/Capstone/bringup/ChaosCore-FPGA/RV32RocketFPGAConfig/RV32Rocket/platform/psu_cortexa53_0/standalone_psu_cortexa53_0/bsp
20:44:15 INFO  : bash, -c, source /tools/Xilinx/Vitis/2024.2/tps/lnx64/lopper-1.1.0/env/bin/activate && python /tools/Xilinx/Vitis/2024.2/data/embeddedsw/scripts/pyesw//build_bsp.py -d /mnt/Storage/SCHOOL/Capstone/bringup/ChaosCore-FPGA/RV32RocketFPGAConfig/RV32Rocket/platform/psu_cortexa53_0/standalone_psu_cortexa53_0/bsp && deactivate
20:44:15 INFO  : Domain reconfigured successfully
20:44:15 INFO  : Generating BSP for the domain /mnt/Storage/SCHOOL/Capstone/bringup/ChaosCore-FPGA/RV32RocketFPGAConfig/RV32Rocket/platform/zynqmp_fsbl/zynqmp_fsbl_bsp
20:44:15 INFO  : lopper command to build BSP :python /tools/Xilinx/Vitis/2024.2/data/embeddedsw/scripts/pyesw//build_bsp.py -d /mnt/Storage/SCHOOL/Capstone/bringup/ChaosCore-FPGA/RV32RocketFPGAConfig/RV32Rocket/platform/zynqmp_fsbl/zynqmp_fsbl_bsp
20:44:15 INFO  : bash, -c, source /tools/Xilinx/Vitis/2024.2/tps/lnx64/lopper-1.1.0/env/bin/activate && python /tools/Xilinx/Vitis/2024.2/data/embeddedsw/scripts/pyesw//build_bsp.py -d /mnt/Storage/SCHOOL/Capstone/bringup/ChaosCore-FPGA/RV32RocketFPGAConfig/RV32Rocket/platform/zynqmp_fsbl/zynqmp_fsbl_bsp && deactivate
20:44:15 INFO  : Domain build successfully
20:44:16 INFO  : Domain build successfully
20:44:16 INFO  : Generating Boot ELFs
20:44:16 INFO  : lopper command to retarget baremetal application :python /tools/Xilinx/Vitis/2024.2/data/embeddedsw/scripts/pyesw//retarget_app.py -s /mnt/Storage/SCHOOL/Capstone/bringup/ChaosCore-FPGA/RV32RocketFPGAConfig/RV32Rocket/platform/zynqmp_fsbl -d /mnt/Storage/SCHOOL/Capstone/bringup/ChaosCore-FPGA/RV32RocketFPGAConfig/RV32Rocket/platform/zynqmp_fsbl/zynqmp_fsbl_bsp -b /mnt/Storage/SCHOOL/Capstone/bringup/ChaosCore-FPGA/RV32RocketFPGAConfig/RV32Rocket/platform/zynqmp_fsbl/build
20:44:16 INFO  : bash, -c, source /tools/Xilinx/Vitis/2024.2/tps/lnx64/lopper-1.1.0/env/bin/activate && python /tools/Xilinx/Vitis/2024.2/data/embeddedsw/scripts/pyesw//retarget_app.py -s /mnt/Storage/SCHOOL/Capstone/bringup/ChaosCore-FPGA/RV32RocketFPGAConfig/RV32Rocket/platform/zynqmp_fsbl -d /mnt/Storage/SCHOOL/Capstone/bringup/ChaosCore-FPGA/RV32RocketFPGAConfig/RV32Rocket/platform/zynqmp_fsbl/zynqmp_fsbl_bsp -b /mnt/Storage/SCHOOL/Capstone/bringup/ChaosCore-FPGA/RV32RocketFPGAConfig/RV32Rocket/platform/zynqmp_fsbl/build && deactivate
20:44:16 INFO  : Successfully retargeted Application /mnt/Storage/SCHOOL/Capstone/bringup/ChaosCore-FPGA/RV32RocketFPGAConfig/RV32Rocket/platform/zynqmp_fsbl
20:44:16 INFO  : lopper command to build baremetal application :python /tools/Xilinx/Vitis/2024.2/data/embeddedsw/scripts/pyesw//build_app.py -s /mnt/Storage/SCHOOL/Capstone/bringup/ChaosCore-FPGA/RV32RocketFPGAConfig/RV32Rocket/platform/zynqmp_fsbl -b /mnt/Storage/SCHOOL/Capstone/bringup/ChaosCore-FPGA/RV32RocketFPGAConfig/RV32Rocket/platform/zynqmp_fsbl/build
20:44:16 INFO  : bash, -c, source /tools/Xilinx/Vitis/2024.2/tps/lnx64/lopper-1.1.0/env/bin/activate && python /tools/Xilinx/Vitis/2024.2/data/embeddedsw/scripts/pyesw//build_app.py -s /mnt/Storage/SCHOOL/Capstone/bringup/ChaosCore-FPGA/RV32RocketFPGAConfig/RV32Rocket/platform/zynqmp_fsbl -b /mnt/Storage/SCHOOL/Capstone/bringup/ChaosCore-FPGA/RV32RocketFPGAConfig/RV32Rocket/platform/zynqmp_fsbl/build && deactivate
20:44:19 INFO  : Successfully building the baremetal application/mnt/Storage/SCHOOL/Capstone/bringup/ChaosCore-FPGA/RV32RocketFPGAConfig/RV32Rocket/platform/zynqmp_fsbl/build
20:44:19 INFO  : Generating Export directory
20:44:19 INFO  : Platform Build Finished successfully.
20:44:20 INFO  : lopper command to retarget baremetal application :python /tools/Xilinx/Vitis/2024.2/data/embeddedsw/scripts/pyesw//retarget_app.py -s /mnt/Storage/SCHOOL/Capstone/bringup/ChaosCore-FPGA/RV32RocketFPGAConfig/RV32Rocket/hello_world/src -d /mnt/Storage/SCHOOL/Capstone/bringup/ChaosCore-FPGA/RV32RocketFPGAConfig/RV32Rocket/platform/export/platform/sw/standalone_psu_cortexa53_0 -b /mnt/Storage/SCHOOL/Capstone/bringup/ChaosCore-FPGA/RV32RocketFPGAConfig/RV32Rocket/hello_world/build
20:44:20 INFO  : bash, -c, source /tools/Xilinx/Vitis/2024.2/tps/lnx64/lopper-1.1.0/env/bin/activate && python /tools/Xilinx/Vitis/2024.2/data/embeddedsw/scripts/pyesw//retarget_app.py -s /mnt/Storage/SCHOOL/Capstone/bringup/ChaosCore-FPGA/RV32RocketFPGAConfig/RV32Rocket/hello_world/src -d /mnt/Storage/SCHOOL/Capstone/bringup/ChaosCore-FPGA/RV32RocketFPGAConfig/RV32Rocket/platform/export/platform/sw/standalone_psu_cortexa53_0 -b /mnt/Storage/SCHOOL/Capstone/bringup/ChaosCore-FPGA/RV32RocketFPGAConfig/RV32Rocket/hello_world/build && deactivate
20:44:21 INFO  : Successfully retargeted Application /mnt/Storage/SCHOOL/Capstone/bringup/ChaosCore-FPGA/RV32RocketFPGAConfig/RV32Rocket/hello_world/src
20:44:21 INFO  : bash, -c, source /tools/Xilinx/Vitis/2024.2/tps/lnx64/lopper-1.1.0/env/bin/activate && python /tools/Xilinx/Vitis/2024.2/data/embeddedsw/scripts/pyesw//build_app.py -s /mnt/Storage/SCHOOL/Capstone/bringup/ChaosCore-FPGA/RV32RocketFPGAConfig/RV32Rocket/hello_world/src -b /mnt/Storage/SCHOOL/Capstone/bringup/ChaosCore-FPGA/RV32RocketFPGAConfig/RV32Rocket/hello_world/build && deactivate
20:44:23 INFO  : connect -url tcp:127.0.0.1:3121
20:44:23 INFO  : bpremove -all
20:44:23 INFO  : source /tools/Xilinx/Vitis/2024.2/scripts/vitis/util/zynqmp_utils.tcl
20:44:23 INFO  : Context for 'APU' is selected.
20:44:23 INFO  : System reset is completed.
20:44:23 INFO  : disconnect
20:44:26 INFO  : 'after 3000' command is executed.
20:44:26 ERROR : Failed to initialize the hardware Invalid target. Use "connect" command to connect to hw_server/TCF agent
20:44:37 INFO  : connect -url tcp:127.0.0.1:3121
20:44:37 INFO  : bpremove -all
20:44:37 INFO  : source /tools/Xilinx/Vitis/2024.2/scripts/vitis/util/zynqmp_utils.tcl
20:44:37 INFO  : Context for 'APU' is selected.
20:44:37 INFO  : System reset is completed.
20:44:40 INFO  : 'after 3000' command is executed.
20:44:40 INFO  : 'targets -set -filter {jtag_cable_name =~ "Avnet USB-to-JTAG/UART Pod V1 1234-oj1A" && level==0 && jtag_device_ctx=="jsn-USB-to-JTAG/UART Pod V1-1234-oj1A-14710093-0"}' command is executed.
20:44:44 INFO  : Device configured successfully with "/mnt/Storage/SCHOOL/Capstone/bringup/ChaosCore-FPGA/RV32RocketFPGAConfig/RV32Rocket/hello_world/_ide/bitstream/BD_wrapper.bit"
20:44:44 INFO  : targets -set -nocase -filter {name =~"PSU*"}
20:44:44 INFO  : catch {disable_pmu_gate}
20:44:44 INFO  : targets -set -nocase -filter {name =~"APU*"}
20:44:44 INFO  : loadhw -hw /mnt/Storage/SCHOOL/Capstone/bringup/ChaosCore-FPGA/RV32RocketFPGAConfig/RV32Rocket/platform/export/platform/hw/BD_wrapper.xsa -mem-ranges [list {0x80000000 0xbfffffff} {0x400000000 0x5ffffffff} {0x1000000000 0x7fffffffff}]
20:44:44 INFO  : configparams force-mem-access 1
20:44:44 INFO  : targets -set -nocase -filter {name =~"APU*"}
20:44:44 INFO  : source /tools/Xilinx/Vitis/2024.2/vitis-server/scripts/jtag_reg.tcl
20:44:44 INFO  : Boot mode is read from the target.
20:44:44 INFO  : targets -set -nocase -filter {name =~ "*A53*#0"}
20:44:44 INFO  : rst -processor
20:44:44 INFO  : dow /mnt/Storage/SCHOOL/Capstone/bringup/ChaosCore-FPGA/RV32RocketFPGAConfig/RV32Rocket/platform/export/platform/sw/boot/fsbl.elf
20:44:44 INFO  : set bp_44_44_fsbl_bp [bpadd -addr &XFsbl_Exit]
20:44:45 INFO  : con -block -timeout 60
20:44:45 INFO  : bpremove $bp_44_44_fsbl_bp
20:44:45 INFO  : targets -set -nocase -filter {name =~ "*A53*#0"}
20:44:45 INFO  : rst -processor
20:44:46 INFO  : dow /mnt/Storage/SCHOOL/Capstone/bringup/ChaosCore-FPGA/RV32RocketFPGAConfig/RV32Rocket/hello_world/build/hello_world.elf
20:44:46 INFO  : con
20:44:46 INFO  : configparams force-mem-access 0
20:44:47 INFO  : Testing the connection for 127.0.0.1
20:46:22 INFO  : connect -url tcp:127.0.0.1:3121
20:46:22 INFO  : bpremove -all
20:46:22 INFO  : source /tools/Xilinx/Vitis/2024.2/scripts/vitis/util/zynqmp_utils.tcl
20:46:22 INFO  : Context for 'APU' is selected.
20:46:23 INFO  : System reset is completed.
20:46:23 INFO  : disconnect
20:46:26 INFO  : 'after 3000' command is executed.
20:46:26 ERROR : Failed to initialize the hardware Invalid target. Use "connect" command to connect to hw_server/TCF agent
20:46:28 INFO  : connect -url tcp:127.0.0.1:3121
20:46:28 INFO  : bpremove -all
20:46:28 INFO  : source /tools/Xilinx/Vitis/2024.2/scripts/vitis/util/zynqmp_utils.tcl
20:46:28 INFO  : Context for 'APU' is selected.
20:46:29 INFO  : System reset is completed.
20:46:32 INFO  : 'after 3000' command is executed.
20:46:32 INFO  : 'targets -set -filter {jtag_cable_name =~ "Avnet USB-to-JTAG/UART Pod V1 1234-oj1A" && level==0 && jtag_device_ctx=="jsn-USB-to-JTAG/UART Pod V1-1234-oj1A-14710093-0"}' command is executed.
20:46:35 INFO  : Device configured successfully with "/mnt/Storage/SCHOOL/Capstone/bringup/ChaosCore-FPGA/RV32RocketFPGAConfig/RV32Rocket/hello_world/_ide/bitstream/BD_wrapper.bit"
20:46:35 INFO  : targets -set -nocase -filter {name =~"PSU*"}
20:46:35 INFO  : catch {disable_pmu_gate}
20:46:35 INFO  : targets -set -nocase -filter {name =~"APU*"}
20:46:35 INFO  : loadhw -hw /mnt/Storage/SCHOOL/Capstone/bringup/ChaosCore-FPGA/RV32RocketFPGAConfig/RV32Rocket/platform/export/platform/hw/BD_wrapper.xsa -mem-ranges [list {0x80000000 0xbfffffff} {0x400000000 0x5ffffffff} {0x1000000000 0x7fffffffff}]
20:46:35 INFO  : configparams force-mem-access 1
20:46:35 INFO  : targets -set -nocase -filter {name =~"APU*"}
20:46:35 INFO  : source /tools/Xilinx/Vitis/2024.2/vitis-server/scripts/jtag_reg.tcl
20:46:35 INFO  : Boot mode is read from the target.
20:46:35 INFO  : targets -set -nocase -filter {name =~ "*A53*#0"}
20:46:35 INFO  : rst -processor
20:46:36 INFO  : dow /mnt/Storage/SCHOOL/Capstone/bringup/ChaosCore-FPGA/RV32RocketFPGAConfig/RV32Rocket/platform/export/platform/sw/boot/fsbl.elf
20:46:36 INFO  : set bp_46_36_fsbl_bp [bpadd -addr &XFsbl_Exit]
20:46:37 INFO  : con -block -timeout 60
20:46:37 INFO  : bpremove $bp_46_36_fsbl_bp
20:46:37 INFO  : targets -set -nocase -filter {name =~ "*A53*#0"}
20:46:37 INFO  : rst -processor
20:46:37 INFO  : dow /mnt/Storage/SCHOOL/Capstone/bringup/ChaosCore-FPGA/RV32RocketFPGAConfig/RV32Rocket/hello_world/build/hello_world.elf
20:46:37 INFO  : con
20:46:37 INFO  : configparams force-mem-access 0
20:46:38 INFO  : Testing the connection for 127.0.0.1
20:47:41 INFO  : BSP build will be initiated for Domain standalone_psu_cortexa53_0
20:47:41 INFO  : BSP build will be initiated for Domain zynqmp_fsbl
20:47:41 INFO  : Generating BSP for the domain /mnt/Storage/SCHOOL/Capstone/bringup/ChaosCore-FPGA/RV32RocketFPGAConfig/RV32Rocket/platform/psu_cortexa53_0/standalone_psu_cortexa53_0/bsp
20:47:41 INFO  : Generating BSP for the domain /mnt/Storage/SCHOOL/Capstone/bringup/ChaosCore-FPGA/RV32RocketFPGAConfig/RV32Rocket/platform/zynqmp_fsbl/zynqmp_fsbl_bsp
20:47:41 INFO  : lopper command to reconfigure BSP :python /tools/Xilinx/Vitis/2024.2/data/embeddedsw/scripts/pyesw//reconfig_bsp.py -d /mnt/Storage/SCHOOL/Capstone/bringup/ChaosCore-FPGA/RV32RocketFPGAConfig/RV32Rocket/platform/psu_cortexa53_0/standalone_psu_cortexa53_0/bsp
20:47:41 INFO  : lopper command to reconfigure BSP :python /tools/Xilinx/Vitis/2024.2/data/embeddedsw/scripts/pyesw//reconfig_bsp.py -d /mnt/Storage/SCHOOL/Capstone/bringup/ChaosCore-FPGA/RV32RocketFPGAConfig/RV32Rocket/platform/zynqmp_fsbl/zynqmp_fsbl_bsp
20:47:41 INFO  : bash, -c, source /tools/Xilinx/Vitis/2024.2/tps/lnx64/lopper-1.1.0/env/bin/activate && python /tools/Xilinx/Vitis/2024.2/data/embeddedsw/scripts/pyesw//reconfig_bsp.py -d /mnt/Storage/SCHOOL/Capstone/bringup/ChaosCore-FPGA/RV32RocketFPGAConfig/RV32Rocket/platform/psu_cortexa53_0/standalone_psu_cortexa53_0/bsp && deactivate
20:47:41 INFO  : bash, -c, source /tools/Xilinx/Vitis/2024.2/tps/lnx64/lopper-1.1.0/env/bin/activate && python /tools/Xilinx/Vitis/2024.2/data/embeddedsw/scripts/pyesw//reconfig_bsp.py -d /mnt/Storage/SCHOOL/Capstone/bringup/ChaosCore-FPGA/RV32RocketFPGAConfig/RV32Rocket/platform/zynqmp_fsbl/zynqmp_fsbl_bsp && deactivate
20:47:41 INFO  : Domain reconfigured successfully
20:47:41 INFO  : Generating BSP for the domain /mnt/Storage/SCHOOL/Capstone/bringup/ChaosCore-FPGA/RV32RocketFPGAConfig/RV32Rocket/platform/psu_cortexa53_0/standalone_psu_cortexa53_0/bsp
20:47:41 INFO  : lopper command to build BSP :python /tools/Xilinx/Vitis/2024.2/data/embeddedsw/scripts/pyesw//build_bsp.py -d /mnt/Storage/SCHOOL/Capstone/bringup/ChaosCore-FPGA/RV32RocketFPGAConfig/RV32Rocket/platform/psu_cortexa53_0/standalone_psu_cortexa53_0/bsp
20:47:41 INFO  : bash, -c, source /tools/Xilinx/Vitis/2024.2/tps/lnx64/lopper-1.1.0/env/bin/activate && python /tools/Xilinx/Vitis/2024.2/data/embeddedsw/scripts/pyesw//build_bsp.py -d /mnt/Storage/SCHOOL/Capstone/bringup/ChaosCore-FPGA/RV32RocketFPGAConfig/RV32Rocket/platform/psu_cortexa53_0/standalone_psu_cortexa53_0/bsp && deactivate
20:47:42 INFO  : Domain reconfigured successfully
20:47:42 INFO  : Generating BSP for the domain /mnt/Storage/SCHOOL/Capstone/bringup/ChaosCore-FPGA/RV32RocketFPGAConfig/RV32Rocket/platform/zynqmp_fsbl/zynqmp_fsbl_bsp
20:47:42 INFO  : lopper command to build BSP :python /tools/Xilinx/Vitis/2024.2/data/embeddedsw/scripts/pyesw//build_bsp.py -d /mnt/Storage/SCHOOL/Capstone/bringup/ChaosCore-FPGA/RV32RocketFPGAConfig/RV32Rocket/platform/zynqmp_fsbl/zynqmp_fsbl_bsp
20:47:42 INFO  : bash, -c, source /tools/Xilinx/Vitis/2024.2/tps/lnx64/lopper-1.1.0/env/bin/activate && python /tools/Xilinx/Vitis/2024.2/data/embeddedsw/scripts/pyesw//build_bsp.py -d /mnt/Storage/SCHOOL/Capstone/bringup/ChaosCore-FPGA/RV32RocketFPGAConfig/RV32Rocket/platform/zynqmp_fsbl/zynqmp_fsbl_bsp && deactivate
20:47:42 INFO  : Domain build successfully
20:47:42 INFO  : Domain build successfully
20:47:42 INFO  : Generating Boot ELFs
20:47:42 INFO  : lopper command to retarget baremetal application :python /tools/Xilinx/Vitis/2024.2/data/embeddedsw/scripts/pyesw//retarget_app.py -s /mnt/Storage/SCHOOL/Capstone/bringup/ChaosCore-FPGA/RV32RocketFPGAConfig/RV32Rocket/platform/zynqmp_fsbl -d /mnt/Storage/SCHOOL/Capstone/bringup/ChaosCore-FPGA/RV32RocketFPGAConfig/RV32Rocket/platform/zynqmp_fsbl/zynqmp_fsbl_bsp -b /mnt/Storage/SCHOOL/Capstone/bringup/ChaosCore-FPGA/RV32RocketFPGAConfig/RV32Rocket/platform/zynqmp_fsbl/build
20:47:42 INFO  : bash, -c, source /tools/Xilinx/Vitis/2024.2/tps/lnx64/lopper-1.1.0/env/bin/activate && python /tools/Xilinx/Vitis/2024.2/data/embeddedsw/scripts/pyesw//retarget_app.py -s /mnt/Storage/SCHOOL/Capstone/bringup/ChaosCore-FPGA/RV32RocketFPGAConfig/RV32Rocket/platform/zynqmp_fsbl -d /mnt/Storage/SCHOOL/Capstone/bringup/ChaosCore-FPGA/RV32RocketFPGAConfig/RV32Rocket/platform/zynqmp_fsbl/zynqmp_fsbl_bsp -b /mnt/Storage/SCHOOL/Capstone/bringup/ChaosCore-FPGA/RV32RocketFPGAConfig/RV32Rocket/platform/zynqmp_fsbl/build && deactivate
20:47:42 INFO  : Successfully retargeted Application /mnt/Storage/SCHOOL/Capstone/bringup/ChaosCore-FPGA/RV32RocketFPGAConfig/RV32Rocket/platform/zynqmp_fsbl
20:47:42 INFO  : lopper command to build baremetal application :python /tools/Xilinx/Vitis/2024.2/data/embeddedsw/scripts/pyesw//build_app.py -s /mnt/Storage/SCHOOL/Capstone/bringup/ChaosCore-FPGA/RV32RocketFPGAConfig/RV32Rocket/platform/zynqmp_fsbl -b /mnt/Storage/SCHOOL/Capstone/bringup/ChaosCore-FPGA/RV32RocketFPGAConfig/RV32Rocket/platform/zynqmp_fsbl/build
20:47:42 INFO  : bash, -c, source /tools/Xilinx/Vitis/2024.2/tps/lnx64/lopper-1.1.0/env/bin/activate && python /tools/Xilinx/Vitis/2024.2/data/embeddedsw/scripts/pyesw//build_app.py -s /mnt/Storage/SCHOOL/Capstone/bringup/ChaosCore-FPGA/RV32RocketFPGAConfig/RV32Rocket/platform/zynqmp_fsbl -b /mnt/Storage/SCHOOL/Capstone/bringup/ChaosCore-FPGA/RV32RocketFPGAConfig/RV32Rocket/platform/zynqmp_fsbl/build && deactivate
20:47:45 INFO  : Successfully building the baremetal application/mnt/Storage/SCHOOL/Capstone/bringup/ChaosCore-FPGA/RV32RocketFPGAConfig/RV32Rocket/platform/zynqmp_fsbl/build
20:47:45 INFO  : Generating Export directory
20:47:46 INFO  : Platform Build Finished successfully.
20:47:46 INFO  : lopper command to retarget baremetal application :python /tools/Xilinx/Vitis/2024.2/data/embeddedsw/scripts/pyesw//retarget_app.py -s /mnt/Storage/SCHOOL/Capstone/bringup/ChaosCore-FPGA/RV32RocketFPGAConfig/RV32Rocket/hello_world/src -d /mnt/Storage/SCHOOL/Capstone/bringup/ChaosCore-FPGA/RV32RocketFPGAConfig/RV32Rocket/platform/export/platform/sw/standalone_psu_cortexa53_0 -b /mnt/Storage/SCHOOL/Capstone/bringup/ChaosCore-FPGA/RV32RocketFPGAConfig/RV32Rocket/hello_world/build
20:47:46 INFO  : bash, -c, source /tools/Xilinx/Vitis/2024.2/tps/lnx64/lopper-1.1.0/env/bin/activate && python /tools/Xilinx/Vitis/2024.2/data/embeddedsw/scripts/pyesw//retarget_app.py -s /mnt/Storage/SCHOOL/Capstone/bringup/ChaosCore-FPGA/RV32RocketFPGAConfig/RV32Rocket/hello_world/src -d /mnt/Storage/SCHOOL/Capstone/bringup/ChaosCore-FPGA/RV32RocketFPGAConfig/RV32Rocket/platform/export/platform/sw/standalone_psu_cortexa53_0 -b /mnt/Storage/SCHOOL/Capstone/bringup/ChaosCore-FPGA/RV32RocketFPGAConfig/RV32Rocket/hello_world/build && deactivate
20:47:46 INFO  : Successfully retargeted Application /mnt/Storage/SCHOOL/Capstone/bringup/ChaosCore-FPGA/RV32RocketFPGAConfig/RV32Rocket/hello_world/src
20:47:46 INFO  : bash, -c, source /tools/Xilinx/Vitis/2024.2/tps/lnx64/lopper-1.1.0/env/bin/activate && python /tools/Xilinx/Vitis/2024.2/data/embeddedsw/scripts/pyesw//build_app.py -s /mnt/Storage/SCHOOL/Capstone/bringup/ChaosCore-FPGA/RV32RocketFPGAConfig/RV32Rocket/hello_world/src -b /mnt/Storage/SCHOOL/Capstone/bringup/ChaosCore-FPGA/RV32RocketFPGAConfig/RV32Rocket/hello_world/build && deactivate
20:47:54 INFO  : BSP build will be initiated for Domain standalone_psu_cortexa53_0
20:47:54 INFO  : BSP build will be initiated for Domain zynqmp_fsbl
20:47:54 INFO  : Generating BSP for the domain /mnt/Storage/SCHOOL/Capstone/bringup/ChaosCore-FPGA/RV32RocketFPGAConfig/RV32Rocket/platform/psu_cortexa53_0/standalone_psu_cortexa53_0/bsp
20:47:54 INFO  : Generating BSP for the domain /mnt/Storage/SCHOOL/Capstone/bringup/ChaosCore-FPGA/RV32RocketFPGAConfig/RV32Rocket/platform/zynqmp_fsbl/zynqmp_fsbl_bsp
20:47:54 INFO  : lopper command to reconfigure BSP :python /tools/Xilinx/Vitis/2024.2/data/embeddedsw/scripts/pyesw//reconfig_bsp.py -d /mnt/Storage/SCHOOL/Capstone/bringup/ChaosCore-FPGA/RV32RocketFPGAConfig/RV32Rocket/platform/zynqmp_fsbl/zynqmp_fsbl_bsp
20:47:54 INFO  : lopper command to reconfigure BSP :python /tools/Xilinx/Vitis/2024.2/data/embeddedsw/scripts/pyesw//reconfig_bsp.py -d /mnt/Storage/SCHOOL/Capstone/bringup/ChaosCore-FPGA/RV32RocketFPGAConfig/RV32Rocket/platform/psu_cortexa53_0/standalone_psu_cortexa53_0/bsp
20:47:54 INFO  : bash, -c, source /tools/Xilinx/Vitis/2024.2/tps/lnx64/lopper-1.1.0/env/bin/activate && python /tools/Xilinx/Vitis/2024.2/data/embeddedsw/scripts/pyesw//reconfig_bsp.py -d /mnt/Storage/SCHOOL/Capstone/bringup/ChaosCore-FPGA/RV32RocketFPGAConfig/RV32Rocket/platform/psu_cortexa53_0/standalone_psu_cortexa53_0/bsp && deactivate
20:47:54 INFO  : bash, -c, source /tools/Xilinx/Vitis/2024.2/tps/lnx64/lopper-1.1.0/env/bin/activate && python /tools/Xilinx/Vitis/2024.2/data/embeddedsw/scripts/pyesw//reconfig_bsp.py -d /mnt/Storage/SCHOOL/Capstone/bringup/ChaosCore-FPGA/RV32RocketFPGAConfig/RV32Rocket/platform/zynqmp_fsbl/zynqmp_fsbl_bsp && deactivate
20:47:55 INFO  : Domain reconfigured successfully
20:47:55 INFO  : Generating BSP for the domain /mnt/Storage/SCHOOL/Capstone/bringup/ChaosCore-FPGA/RV32RocketFPGAConfig/RV32Rocket/platform/psu_cortexa53_0/standalone_psu_cortexa53_0/bsp
20:47:55 INFO  : lopper command to build BSP :python /tools/Xilinx/Vitis/2024.2/data/embeddedsw/scripts/pyesw//build_bsp.py -d /mnt/Storage/SCHOOL/Capstone/bringup/ChaosCore-FPGA/RV32RocketFPGAConfig/RV32Rocket/platform/psu_cortexa53_0/standalone_psu_cortexa53_0/bsp
20:47:55 INFO  : bash, -c, source /tools/Xilinx/Vitis/2024.2/tps/lnx64/lopper-1.1.0/env/bin/activate && python /tools/Xilinx/Vitis/2024.2/data/embeddedsw/scripts/pyesw//build_bsp.py -d /mnt/Storage/SCHOOL/Capstone/bringup/ChaosCore-FPGA/RV32RocketFPGAConfig/RV32Rocket/platform/psu_cortexa53_0/standalone_psu_cortexa53_0/bsp && deactivate
20:47:55 INFO  : Domain reconfigured successfully
20:47:55 INFO  : Generating BSP for the domain /mnt/Storage/SCHOOL/Capstone/bringup/ChaosCore-FPGA/RV32RocketFPGAConfig/RV32Rocket/platform/zynqmp_fsbl/zynqmp_fsbl_bsp
20:47:55 INFO  : lopper command to build BSP :python /tools/Xilinx/Vitis/2024.2/data/embeddedsw/scripts/pyesw//build_bsp.py -d /mnt/Storage/SCHOOL/Capstone/bringup/ChaosCore-FPGA/RV32RocketFPGAConfig/RV32Rocket/platform/zynqmp_fsbl/zynqmp_fsbl_bsp
20:47:55 INFO  : bash, -c, source /tools/Xilinx/Vitis/2024.2/tps/lnx64/lopper-1.1.0/env/bin/activate && python /tools/Xilinx/Vitis/2024.2/data/embeddedsw/scripts/pyesw//build_bsp.py -d /mnt/Storage/SCHOOL/Capstone/bringup/ChaosCore-FPGA/RV32RocketFPGAConfig/RV32Rocket/platform/zynqmp_fsbl/zynqmp_fsbl_bsp && deactivate
20:47:56 INFO  : Domain build successfully
20:47:56 INFO  : Domain build successfully
20:47:56 INFO  : Generating Boot ELFs
20:47:56 INFO  : lopper command to retarget baremetal application :python /tools/Xilinx/Vitis/2024.2/data/embeddedsw/scripts/pyesw//retarget_app.py -s /mnt/Storage/SCHOOL/Capstone/bringup/ChaosCore-FPGA/RV32RocketFPGAConfig/RV32Rocket/platform/zynqmp_fsbl -d /mnt/Storage/SCHOOL/Capstone/bringup/ChaosCore-FPGA/RV32RocketFPGAConfig/RV32Rocket/platform/zynqmp_fsbl/zynqmp_fsbl_bsp -b /mnt/Storage/SCHOOL/Capstone/bringup/ChaosCore-FPGA/RV32RocketFPGAConfig/RV32Rocket/platform/zynqmp_fsbl/build
20:47:56 INFO  : bash, -c, source /tools/Xilinx/Vitis/2024.2/tps/lnx64/lopper-1.1.0/env/bin/activate && python /tools/Xilinx/Vitis/2024.2/data/embeddedsw/scripts/pyesw//retarget_app.py -s /mnt/Storage/SCHOOL/Capstone/bringup/ChaosCore-FPGA/RV32RocketFPGAConfig/RV32Rocket/platform/zynqmp_fsbl -d /mnt/Storage/SCHOOL/Capstone/bringup/ChaosCore-FPGA/RV32RocketFPGAConfig/RV32Rocket/platform/zynqmp_fsbl/zynqmp_fsbl_bsp -b /mnt/Storage/SCHOOL/Capstone/bringup/ChaosCore-FPGA/RV32RocketFPGAConfig/RV32Rocket/platform/zynqmp_fsbl/build && deactivate
20:47:56 INFO  : Successfully retargeted Application /mnt/Storage/SCHOOL/Capstone/bringup/ChaosCore-FPGA/RV32RocketFPGAConfig/RV32Rocket/platform/zynqmp_fsbl
20:47:56 INFO  : lopper command to build baremetal application :python /tools/Xilinx/Vitis/2024.2/data/embeddedsw/scripts/pyesw//build_app.py -s /mnt/Storage/SCHOOL/Capstone/bringup/ChaosCore-FPGA/RV32RocketFPGAConfig/RV32Rocket/platform/zynqmp_fsbl -b /mnt/Storage/SCHOOL/Capstone/bringup/ChaosCore-FPGA/RV32RocketFPGAConfig/RV32Rocket/platform/zynqmp_fsbl/build
20:47:56 INFO  : bash, -c, source /tools/Xilinx/Vitis/2024.2/tps/lnx64/lopper-1.1.0/env/bin/activate && python /tools/Xilinx/Vitis/2024.2/data/embeddedsw/scripts/pyesw//build_app.py -s /mnt/Storage/SCHOOL/Capstone/bringup/ChaosCore-FPGA/RV32RocketFPGAConfig/RV32Rocket/platform/zynqmp_fsbl -b /mnt/Storage/SCHOOL/Capstone/bringup/ChaosCore-FPGA/RV32RocketFPGAConfig/RV32Rocket/platform/zynqmp_fsbl/build && deactivate
20:47:59 INFO  : Successfully building the baremetal application/mnt/Storage/SCHOOL/Capstone/bringup/ChaosCore-FPGA/RV32RocketFPGAConfig/RV32Rocket/platform/zynqmp_fsbl/build
20:47:59 INFO  : Generating Export directory
20:47:59 INFO  : Platform Build Finished successfully.
20:48:00 INFO  : lopper command to retarget baremetal application :python /tools/Xilinx/Vitis/2024.2/data/embeddedsw/scripts/pyesw//retarget_app.py -s /mnt/Storage/SCHOOL/Capstone/bringup/ChaosCore-FPGA/RV32RocketFPGAConfig/RV32Rocket/hello_world/src -d /mnt/Storage/SCHOOL/Capstone/bringup/ChaosCore-FPGA/RV32RocketFPGAConfig/RV32Rocket/platform/export/platform/sw/standalone_psu_cortexa53_0 -b /mnt/Storage/SCHOOL/Capstone/bringup/ChaosCore-FPGA/RV32RocketFPGAConfig/RV32Rocket/hello_world/build
20:48:00 INFO  : bash, -c, source /tools/Xilinx/Vitis/2024.2/tps/lnx64/lopper-1.1.0/env/bin/activate && python /tools/Xilinx/Vitis/2024.2/data/embeddedsw/scripts/pyesw//retarget_app.py -s /mnt/Storage/SCHOOL/Capstone/bringup/ChaosCore-FPGA/RV32RocketFPGAConfig/RV32Rocket/hello_world/src -d /mnt/Storage/SCHOOL/Capstone/bringup/ChaosCore-FPGA/RV32RocketFPGAConfig/RV32Rocket/platform/export/platform/sw/standalone_psu_cortexa53_0 -b /mnt/Storage/SCHOOL/Capstone/bringup/ChaosCore-FPGA/RV32RocketFPGAConfig/RV32Rocket/hello_world/build && deactivate
20:48:00 INFO  : Successfully retargeted Application /mnt/Storage/SCHOOL/Capstone/bringup/ChaosCore-FPGA/RV32RocketFPGAConfig/RV32Rocket/hello_world/src
20:48:00 INFO  : bash, -c, source /tools/Xilinx/Vitis/2024.2/tps/lnx64/lopper-1.1.0/env/bin/activate && python /tools/Xilinx/Vitis/2024.2/data/embeddedsw/scripts/pyesw//build_app.py -s /mnt/Storage/SCHOOL/Capstone/bringup/ChaosCore-FPGA/RV32RocketFPGAConfig/RV32Rocket/hello_world/src -b /mnt/Storage/SCHOOL/Capstone/bringup/ChaosCore-FPGA/RV32RocketFPGAConfig/RV32Rocket/hello_world/build && deactivate
20:48:05 INFO  : connect -url tcp:127.0.0.1:3121
20:48:05 INFO  : bpremove -all
20:48:05 INFO  : source /tools/Xilinx/Vitis/2024.2/scripts/vitis/util/zynqmp_utils.tcl
20:48:05 INFO  : Context for 'APU' is selected.
20:48:06 INFO  : System reset is completed.
20:48:06 INFO  : disconnect
20:48:09 INFO  : 'after 3000' command is executed.
20:48:09 ERROR : Failed to initialize the hardware Invalid target. Use "connect" command to connect to hw_server/TCF agent
20:48:21 INFO  : connect -url tcp:127.0.0.1:3121
20:48:21 INFO  : bpremove -all
20:48:21 INFO  : source /tools/Xilinx/Vitis/2024.2/scripts/vitis/util/zynqmp_utils.tcl
20:48:21 INFO  : Context for 'APU' is selected.
20:48:21 INFO  : System reset is completed.
20:48:24 INFO  : 'after 3000' command is executed.
20:48:24 INFO  : 'targets -set -filter {jtag_cable_name =~ "Avnet USB-to-JTAG/UART Pod V1 1234-oj1A" && level==0 && jtag_device_ctx=="jsn-USB-to-JTAG/UART Pod V1-1234-oj1A-14710093-0"}' command is executed.
20:48:27 INFO  : Device configured successfully with "/mnt/Storage/SCHOOL/Capstone/bringup/ChaosCore-FPGA/RV32RocketFPGAConfig/RV32Rocket/hello_world/_ide/bitstream/BD_wrapper.bit"
20:48:27 INFO  : targets -set -nocase -filter {name =~"PSU*"}
20:48:27 INFO  : catch {disable_pmu_gate}
20:48:27 INFO  : targets -set -nocase -filter {name =~"APU*"}
20:48:28 INFO  : loadhw -hw /mnt/Storage/SCHOOL/Capstone/bringup/ChaosCore-FPGA/RV32RocketFPGAConfig/RV32Rocket/platform/export/platform/hw/BD_wrapper.xsa -mem-ranges [list {0x80000000 0xbfffffff} {0x400000000 0x5ffffffff} {0x1000000000 0x7fffffffff}]
20:48:28 INFO  : configparams force-mem-access 1
20:48:28 INFO  : targets -set -nocase -filter {name =~"APU*"}
20:48:28 INFO  : source /tools/Xilinx/Vitis/2024.2/vitis-server/scripts/jtag_reg.tcl
20:48:28 INFO  : Boot mode is read from the target.
20:48:28 INFO  : targets -set -nocase -filter {name =~ "*A53*#0"}
20:48:28 INFO  : rst -processor
20:48:28 INFO  : dow /mnt/Storage/SCHOOL/Capstone/bringup/ChaosCore-FPGA/RV32RocketFPGAConfig/RV32Rocket/platform/export/platform/sw/boot/fsbl.elf
20:48:28 INFO  : set bp_48_28_fsbl_bp [bpadd -addr &XFsbl_Exit]
20:48:29 INFO  : con -block -timeout 60
20:48:29 INFO  : bpremove $bp_48_28_fsbl_bp
20:48:29 INFO  : targets -set -nocase -filter {name =~ "*A53*#0"}
20:48:29 INFO  : rst -processor
20:48:30 INFO  : dow /mnt/Storage/SCHOOL/Capstone/bringup/ChaosCore-FPGA/RV32RocketFPGAConfig/RV32Rocket/hello_world/build/hello_world.elf
20:48:30 INFO  : con
20:48:30 INFO  : configparams force-mem-access 0
20:48:31 INFO  : Testing the connection for 127.0.0.1
20:48:43 ERROR : Error in generating platform.Error in deleting existing Platform contents.
20:48:43 ERROR : Error in generating platform.Error in deleting existing Platform contents.
20:48:43 INFO  : Found no platform with name 'platform' in install repositories
20:49:00 ERROR : Error in generating platform.Error in deleting existing Platform contents.
20:49:00 ERROR : Error in generating platform.Error in deleting existing Platform contents.
20:49:00 INFO  : Found no platform with name 'platform' in install repositories
20:49:06 ERROR : Error in generating platform.Error in deleting existing Platform contents.
20:49:06 ERROR : Error in generating platform.Error in deleting existing Platform contents.
20:49:06 INFO  : Found no platform with name 'platform' in install repositories
20:49:07 ERROR : Error in generating platform.Error in deleting existing Platform contents.
20:49:07 ERROR : Error in generating platform.Error in deleting existing Platform contents.
20:49:08 INFO  : Found no platform with name 'platform' in install repositories
20:49:09 ERROR : Error in generating platform.Error in deleting existing Platform contents.
20:49:09 ERROR : Error in generating platform.Error in deleting existing Platform contents.
20:49:09 INFO  : Found no platform with name 'platform' in install repositories
20:49:10 ERROR : Error in generating platform.Error in deleting existing Platform contents.
20:49:10 ERROR : Error in generating platform.Error in deleting existing Platform contents.
20:49:10 INFO  : Found no platform with name 'platform' in install repositories
20:49:11 ERROR : Error in generating platform.Error in deleting existing Platform contents.
20:49:11 ERROR : Error in generating platform.Error in deleting existing Platform contents.
20:49:12 INFO  : Found no platform with name 'platform' in install repositories
20:49:13 ERROR : Error in generating platform.Error in deleting existing Platform contents.
20:49:13 ERROR : Error in generating platform.Error in deleting existing Platform contents.
20:49:13 INFO  : Found no platform with name 'platform' in install repositories
20:49:14 ERROR : Error in generating platform.Error in deleting existing Platform contents.
20:49:14 ERROR : Error in generating platform.Error in deleting existing Platform contents.
20:49:14 INFO  : Found no platform with name 'platform' in install repositories
20:49:15 ERROR : Error in generating platform.Error in deleting existing Platform contents.
20:49:15 ERROR : Error in generating platform.Error in deleting existing Platform contents.
20:49:15 INFO  : Found no platform with name 'platform' in install repositories
20:49:16 ERROR : Error in generating platform.Error in deleting existing Platform contents.
20:49:16 ERROR : Error in generating platform.Error in deleting existing Platform contents.
20:49:17 INFO  : Found no platform with name 'platform' in install repositories
20:49:17 ERROR : Error in generating platform.Error in deleting existing Platform contents.
20:49:17 ERROR : Error in generating platform.Error in deleting existing Platform contents.
20:49:18 INFO  : Found no platform with name 'platform' in install repositories
20:49:19 ERROR : Error in generating platform.Error in deleting existing Platform contents.
20:49:19 ERROR : Error in generating platform.Error in deleting existing Platform contents.
20:49:19 INFO  : Found no platform with name 'platform' in install repositories
20:49:21 ERROR : Error in generating platform.Error in deleting existing Platform contents.
20:49:21 ERROR : Error in generating platform.Error in deleting existing Platform contents.
20:49:21 INFO  : Found no platform with name 'platform' in install repositories
20:49:22 ERROR : Error in generating platform.Error in deleting existing Platform contents.
20:49:22 ERROR : Error in generating platform.Error in deleting existing Platform contents.
20:49:22 INFO  : Found no platform with name 'platform' in install repositories
20:49:23 ERROR : Error in generating platform.Error in deleting existing Platform contents.
20:49:23 ERROR : Error in generating platform.Error in deleting existing Platform contents.
20:49:23 INFO  : Found no platform with name 'platform' in install repositories
20:49:25 ERROR : Error in generating platform.Error in deleting existing Platform contents.
20:49:25 ERROR : Error in generating platform.Error in deleting existing Platform contents.
20:49:25 INFO  : Found no platform with name 'platform' in install repositories
20:49:27 ERROR : Error in generating platform.Error in deleting existing Platform contents.
20:49:27 ERROR : Error in generating platform.Error in deleting existing Platform contents.
20:49:28 INFO  : Found no platform with name 'platform' in install repositories
20:49:29 ERROR : Error in generating platform.Error in deleting existing Platform contents.
20:49:29 ERROR : Error in generating platform.Error in deleting existing Platform contents.
20:49:29 INFO  : Found no platform with name 'platform' in install repositories
20:49:32 INFO  : BSP build will be initiated for Domain zynqmp_fsbl
20:49:32 INFO  : BSP build will be initiated for Domain standalone_psu_cortexa53_0
20:49:32 INFO  : Generating BSP for the domain /mnt/Storage/SCHOOL/Capstone/bringup/ChaosCore-FPGA/RV32RocketFPGAConfig/RV32Rocket/platform/zynqmp_fsbl/zynqmp_fsbl_bsp
20:49:32 INFO  : Generating BSP for the domain /mnt/Storage/SCHOOL/Capstone/bringup/ChaosCore-FPGA/RV32RocketFPGAConfig/RV32Rocket/platform/psu_cortexa53_0/standalone_psu_cortexa53_0/bsp
20:49:32 INFO  : lopper command to reconfigure BSP :python /tools/Xilinx/Vitis/2024.2/data/embeddedsw/scripts/pyesw//reconfig_bsp.py -d /mnt/Storage/SCHOOL/Capstone/bringup/ChaosCore-FPGA/RV32RocketFPGAConfig/RV32Rocket/platform/zynqmp_fsbl/zynqmp_fsbl_bsp
20:49:32 INFO  : lopper command to reconfigure BSP :python /tools/Xilinx/Vitis/2024.2/data/embeddedsw/scripts/pyesw//reconfig_bsp.py -d /mnt/Storage/SCHOOL/Capstone/bringup/ChaosCore-FPGA/RV32RocketFPGAConfig/RV32Rocket/platform/psu_cortexa53_0/standalone_psu_cortexa53_0/bsp
20:49:32 INFO  : bash, -c, source /tools/Xilinx/Vitis/2024.2/tps/lnx64/lopper-1.1.0/env/bin/activate && python /tools/Xilinx/Vitis/2024.2/data/embeddedsw/scripts/pyesw//reconfig_bsp.py -d /mnt/Storage/SCHOOL/Capstone/bringup/ChaosCore-FPGA/RV32RocketFPGAConfig/RV32Rocket/platform/zynqmp_fsbl/zynqmp_fsbl_bsp && deactivate
20:49:32 INFO  : bash, -c, source /tools/Xilinx/Vitis/2024.2/tps/lnx64/lopper-1.1.0/env/bin/activate && python /tools/Xilinx/Vitis/2024.2/data/embeddedsw/scripts/pyesw//reconfig_bsp.py -d /mnt/Storage/SCHOOL/Capstone/bringup/ChaosCore-FPGA/RV32RocketFPGAConfig/RV32Rocket/platform/psu_cortexa53_0/standalone_psu_cortexa53_0/bsp && deactivate
20:49:32 INFO  : Domain reconfigured successfully
20:49:32 INFO  : Generating BSP for the domain /mnt/Storage/SCHOOL/Capstone/bringup/ChaosCore-FPGA/RV32RocketFPGAConfig/RV32Rocket/platform/psu_cortexa53_0/standalone_psu_cortexa53_0/bsp
20:49:32 INFO  : lopper command to build BSP :python /tools/Xilinx/Vitis/2024.2/data/embeddedsw/scripts/pyesw//build_bsp.py -d /mnt/Storage/SCHOOL/Capstone/bringup/ChaosCore-FPGA/RV32RocketFPGAConfig/RV32Rocket/platform/psu_cortexa53_0/standalone_psu_cortexa53_0/bsp
20:49:32 INFO  : bash, -c, source /tools/Xilinx/Vitis/2024.2/tps/lnx64/lopper-1.1.0/env/bin/activate && python /tools/Xilinx/Vitis/2024.2/data/embeddedsw/scripts/pyesw//build_bsp.py -d /mnt/Storage/SCHOOL/Capstone/bringup/ChaosCore-FPGA/RV32RocketFPGAConfig/RV32Rocket/platform/psu_cortexa53_0/standalone_psu_cortexa53_0/bsp && deactivate
20:49:32 INFO  : Domain reconfigured successfully
20:49:32 INFO  : Generating BSP for the domain /mnt/Storage/SCHOOL/Capstone/bringup/ChaosCore-FPGA/RV32RocketFPGAConfig/RV32Rocket/platform/zynqmp_fsbl/zynqmp_fsbl_bsp
20:49:32 INFO  : lopper command to build BSP :python /tools/Xilinx/Vitis/2024.2/data/embeddedsw/scripts/pyesw//build_bsp.py -d /mnt/Storage/SCHOOL/Capstone/bringup/ChaosCore-FPGA/RV32RocketFPGAConfig/RV32Rocket/platform/zynqmp_fsbl/zynqmp_fsbl_bsp
20:49:32 INFO  : bash, -c, source /tools/Xilinx/Vitis/2024.2/tps/lnx64/lopper-1.1.0/env/bin/activate && python /tools/Xilinx/Vitis/2024.2/data/embeddedsw/scripts/pyesw//build_bsp.py -d /mnt/Storage/SCHOOL/Capstone/bringup/ChaosCore-FPGA/RV32RocketFPGAConfig/RV32Rocket/platform/zynqmp_fsbl/zynqmp_fsbl_bsp && deactivate
20:49:32 INFO  : Domain build successfully
20:49:33 INFO  : Domain build successfully
20:49:33 INFO  : Generating Boot ELFs
20:49:33 INFO  : lopper command to retarget baremetal application :python /tools/Xilinx/Vitis/2024.2/data/embeddedsw/scripts/pyesw//retarget_app.py -s /mnt/Storage/SCHOOL/Capstone/bringup/ChaosCore-FPGA/RV32RocketFPGAConfig/RV32Rocket/platform/zynqmp_fsbl -d /mnt/Storage/SCHOOL/Capstone/bringup/ChaosCore-FPGA/RV32RocketFPGAConfig/RV32Rocket/platform/zynqmp_fsbl/zynqmp_fsbl_bsp -b /mnt/Storage/SCHOOL/Capstone/bringup/ChaosCore-FPGA/RV32RocketFPGAConfig/RV32Rocket/platform/zynqmp_fsbl/build
20:49:33 INFO  : bash, -c, source /tools/Xilinx/Vitis/2024.2/tps/lnx64/lopper-1.1.0/env/bin/activate && python /tools/Xilinx/Vitis/2024.2/data/embeddedsw/scripts/pyesw//retarget_app.py -s /mnt/Storage/SCHOOL/Capstone/bringup/ChaosCore-FPGA/RV32RocketFPGAConfig/RV32Rocket/platform/zynqmp_fsbl -d /mnt/Storage/SCHOOL/Capstone/bringup/ChaosCore-FPGA/RV32RocketFPGAConfig/RV32Rocket/platform/zynqmp_fsbl/zynqmp_fsbl_bsp -b /mnt/Storage/SCHOOL/Capstone/bringup/ChaosCore-FPGA/RV32RocketFPGAConfig/RV32Rocket/platform/zynqmp_fsbl/build && deactivate
20:49:33 INFO  : Successfully retargeted Application /mnt/Storage/SCHOOL/Capstone/bringup/ChaosCore-FPGA/RV32RocketFPGAConfig/RV32Rocket/platform/zynqmp_fsbl
20:49:33 INFO  : lopper command to build baremetal application :python /tools/Xilinx/Vitis/2024.2/data/embeddedsw/scripts/pyesw//build_app.py -s /mnt/Storage/SCHOOL/Capstone/bringup/ChaosCore-FPGA/RV32RocketFPGAConfig/RV32Rocket/platform/zynqmp_fsbl -b /mnt/Storage/SCHOOL/Capstone/bringup/ChaosCore-FPGA/RV32RocketFPGAConfig/RV32Rocket/platform/zynqmp_fsbl/build
20:49:33 INFO  : bash, -c, source /tools/Xilinx/Vitis/2024.2/tps/lnx64/lopper-1.1.0/env/bin/activate && python /tools/Xilinx/Vitis/2024.2/data/embeddedsw/scripts/pyesw//build_app.py -s /mnt/Storage/SCHOOL/Capstone/bringup/ChaosCore-FPGA/RV32RocketFPGAConfig/RV32Rocket/platform/zynqmp_fsbl -b /mnt/Storage/SCHOOL/Capstone/bringup/ChaosCore-FPGA/RV32RocketFPGAConfig/RV32Rocket/platform/zynqmp_fsbl/build && deactivate
20:49:37 INFO  : Successfully building the baremetal application/mnt/Storage/SCHOOL/Capstone/bringup/ChaosCore-FPGA/RV32RocketFPGAConfig/RV32Rocket/platform/zynqmp_fsbl/build
20:49:37 INFO  : Generating Export directory
20:49:37 INFO  : Platform Build Finished successfully.
20:49:38 INFO  : lopper command to retarget baremetal application :python /tools/Xilinx/Vitis/2024.2/data/embeddedsw/scripts/pyesw//retarget_app.py -s /mnt/Storage/SCHOOL/Capstone/bringup/ChaosCore-FPGA/RV32RocketFPGAConfig/RV32Rocket/hello_world/src -d /mnt/Storage/SCHOOL/Capstone/bringup/ChaosCore-FPGA/RV32RocketFPGAConfig/RV32Rocket/platform/export/platform/sw/standalone_psu_cortexa53_0 -b /mnt/Storage/SCHOOL/Capstone/bringup/ChaosCore-FPGA/RV32RocketFPGAConfig/RV32Rocket/hello_world/build
20:49:38 INFO  : bash, -c, source /tools/Xilinx/Vitis/2024.2/tps/lnx64/lopper-1.1.0/env/bin/activate && python /tools/Xilinx/Vitis/2024.2/data/embeddedsw/scripts/pyesw//retarget_app.py -s /mnt/Storage/SCHOOL/Capstone/bringup/ChaosCore-FPGA/RV32RocketFPGAConfig/RV32Rocket/hello_world/src -d /mnt/Storage/SCHOOL/Capstone/bringup/ChaosCore-FPGA/RV32RocketFPGAConfig/RV32Rocket/platform/export/platform/sw/standalone_psu_cortexa53_0 -b /mnt/Storage/SCHOOL/Capstone/bringup/ChaosCore-FPGA/RV32RocketFPGAConfig/RV32Rocket/hello_world/build && deactivate
20:49:38 INFO  : Successfully retargeted Application /mnt/Storage/SCHOOL/Capstone/bringup/ChaosCore-FPGA/RV32RocketFPGAConfig/RV32Rocket/hello_world/src
20:49:38 INFO  : bash, -c, source /tools/Xilinx/Vitis/2024.2/tps/lnx64/lopper-1.1.0/env/bin/activate && python /tools/Xilinx/Vitis/2024.2/data/embeddedsw/scripts/pyesw//build_app.py -s /mnt/Storage/SCHOOL/Capstone/bringup/ChaosCore-FPGA/RV32RocketFPGAConfig/RV32Rocket/hello_world/src -b /mnt/Storage/SCHOOL/Capstone/bringup/ChaosCore-FPGA/RV32RocketFPGAConfig/RV32Rocket/hello_world/build && deactivate
20:49:42 INFO  : connect -url tcp:127.0.0.1:3121
20:49:42 INFO  : bpremove -all
20:49:42 INFO  : source /tools/Xilinx/Vitis/2024.2/scripts/vitis/util/zynqmp_utils.tcl
20:49:42 INFO  : Context for 'APU' is selected.
20:49:43 INFO  : System reset is completed.
20:49:43 INFO  : disconnect
20:49:46 INFO  : 'after 3000' command is executed.
20:49:46 ERROR : Failed to initialize the hardware Invalid target. Use "connect" command to connect to hw_server/TCF agent
20:49:56 INFO  : connect -url tcp:127.0.0.1:3121
20:49:56 INFO  : bpremove -all
20:49:56 INFO  : source /tools/Xilinx/Vitis/2024.2/scripts/vitis/util/zynqmp_utils.tcl
20:49:56 INFO  : Context for 'APU' is selected.
20:49:57 INFO  : System reset is completed.
20:50:00 INFO  : 'after 3000' command is executed.
20:50:00 INFO  : 'targets -set -filter {jtag_cable_name =~ "Avnet USB-to-JTAG/UART Pod V1 1234-oj1A" && level==0 && jtag_device_ctx=="jsn-USB-to-JTAG/UART Pod V1-1234-oj1A-14710093-0"}' command is executed.
20:50:03 INFO  : Device configured successfully with "/mnt/Storage/SCHOOL/Capstone/bringup/ChaosCore-FPGA/RV32RocketFPGAConfig/RV32Rocket/hello_world/_ide/bitstream/BD_wrapper.bit"
20:50:03 INFO  : targets -set -nocase -filter {name =~"PSU*"}
20:50:03 INFO  : catch {disable_pmu_gate}
20:50:03 INFO  : targets -set -nocase -filter {name =~"APU*"}
20:50:03 INFO  : loadhw -hw /mnt/Storage/SCHOOL/Capstone/bringup/ChaosCore-FPGA/RV32RocketFPGAConfig/RV32Rocket/platform/export/platform/hw/BD_wrapper.xsa -mem-ranges [list {0x80000000 0xbfffffff} {0x400000000 0x5ffffffff} {0x1000000000 0x7fffffffff}]
20:50:03 INFO  : configparams force-mem-access 1
20:50:03 INFO  : targets -set -nocase -filter {name =~"APU*"}
20:50:03 INFO  : source /tools/Xilinx/Vitis/2024.2/vitis-server/scripts/jtag_reg.tcl
20:50:04 INFO  : Boot mode is read from the target.
20:50:04 INFO  : targets -set -nocase -filter {name =~ "*A53*#0"}
20:50:04 INFO  : rst -processor
20:50:04 INFO  : dow /mnt/Storage/SCHOOL/Capstone/bringup/ChaosCore-FPGA/RV32RocketFPGAConfig/RV32Rocket/platform/export/platform/sw/boot/fsbl.elf
20:50:04 INFO  : set bp_50_4_fsbl_bp [bpadd -addr &XFsbl_Exit]
20:50:05 INFO  : con -block -timeout 60
20:50:05 INFO  : bpremove $bp_50_4_fsbl_bp
20:50:05 INFO  : targets -set -nocase -filter {name =~ "*A53*#0"}
20:50:05 INFO  : rst -processor
20:50:05 INFO  : dow /mnt/Storage/SCHOOL/Capstone/bringup/ChaosCore-FPGA/RV32RocketFPGAConfig/RV32Rocket/hello_world/build/hello_world.elf
20:50:05 INFO  : bpadd main
20:50:05 INFO  : con
20:50:05 INFO  : configparams force-mem-access 0
20:50:07 INFO  : Testing the connection for 127.0.0.1
20:52:17 INFO  : connect -url tcp:127.0.0.1:3121
20:52:17 INFO  : bpremove -all
20:52:17 INFO  : source /tools/Xilinx/Vitis/2024.2/scripts/vitis/util/zynqmp_utils.tcl
20:52:17 INFO  : Context for 'APU' is selected.
20:52:17 INFO  : System reset is completed.
20:52:17 INFO  : disconnect
20:52:20 INFO  : 'after 3000' command is executed.
20:52:20 ERROR : Failed to initialize the hardware Invalid target. Use "connect" command to connect to hw_server/TCF agent
20:52:24 INFO  : connect -url tcp:127.0.0.1:3121
20:52:24 INFO  : bpremove -all
20:52:24 INFO  : source /tools/Xilinx/Vitis/2024.2/scripts/vitis/util/zynqmp_utils.tcl
20:52:24 INFO  : Context for 'APU' is selected.
20:52:24 INFO  : System reset is completed.
20:52:27 INFO  : 'after 3000' command is executed.
20:52:27 INFO  : 'targets -set -filter {jtag_cable_name =~ "Avnet USB-to-JTAG/UART Pod V1 1234-oj1A" && level==0 && jtag_device_ctx=="jsn-USB-to-JTAG/UART Pod V1-1234-oj1A-14710093-0"}' command is executed.
20:52:30 INFO  : Device configured successfully with "/mnt/Storage/SCHOOL/Capstone/bringup/ChaosCore-FPGA/RV32RocketFPGAConfig/RV32Rocket/hello_world/_ide/bitstream/BD_wrapper.bit"
20:52:30 INFO  : targets -set -nocase -filter {name =~"PSU*"}
20:52:30 INFO  : catch {disable_pmu_gate}
20:52:30 INFO  : targets -set -nocase -filter {name =~"APU*"}
20:52:30 INFO  : loadhw -hw /mnt/Storage/SCHOOL/Capstone/bringup/ChaosCore-FPGA/RV32RocketFPGAConfig/RV32Rocket/platform/export/platform/hw/BD_wrapper.xsa -mem-ranges [list {0x80000000 0xbfffffff} {0x400000000 0x5ffffffff} {0x1000000000 0x7fffffffff}]
20:52:30 INFO  : configparams force-mem-access 1
20:52:30 INFO  : targets -set -nocase -filter {name =~"APU*"}
20:52:30 INFO  : source /tools/Xilinx/Vitis/2024.2/vitis-server/scripts/jtag_reg.tcl
20:52:30 INFO  : Boot mode is read from the target.
20:52:30 INFO  : targets -set -nocase -filter {name =~ "*A53*#0"}
20:52:30 INFO  : rst -processor
20:52:31 INFO  : dow /mnt/Storage/SCHOOL/Capstone/bringup/ChaosCore-FPGA/RV32RocketFPGAConfig/RV32Rocket/platform/export/platform/sw/boot/fsbl.elf
20:52:31 INFO  : set bp_52_31_fsbl_bp [bpadd -addr &XFsbl_Exit]
20:52:32 INFO  : con -block -timeout 60
20:52:32 INFO  : bpremove $bp_52_31_fsbl_bp
20:52:32 INFO  : targets -set -nocase -filter {name =~ "*A53*#0"}
20:52:32 INFO  : rst -processor
20:52:32 ERROR : Memory write error at 0x0. Cortex-A53 #0: EDITR not ready
20:52:32 ERROR : Failed to initialize the hardware Memory write error at 0x0. Cortex-A53 #0: EDITR not ready
20:53:16 INFO  : updated workspace path: /mnt/Storage/SCHOOL/Capstone/bringup/ChaosCore-FPGA/RV32RocketFPGAConfig/RV32Rocket
20:53:16 INFO  : bash, -c, source /tools/Xilinx/Vitis/2024.2/tps/lnx64/lopper-1.1.0/env/bin/activate && python /tools/Xilinx/Vitis/2024.2/data/embeddedsw/scripts/pyesw//get_template_data.py -d /tmp/rigel_lopper_alisher16641734160554734563 -r /mnt/Storage/SCHOOL/Capstone/bringup/ChaosCore-FPGA/RV32RocketFPGAConfig/RV32Rocket/_ide/.wsdata/.repo.yaml && deactivate
20:53:16 INFO  : Embedded Template List generated successfully
20:53:17 INFO  : XSDB server has started successfully from frontend.
20:53:17 INFO  : It has taken  4secs.
20:53:18 INFO  : Connection to XSDB Server established.
20:53:18 INFO  : It has taken  1secs.
20:53:23 INFO  : Done
20:53:32 INFO  : connect -url tcp:127.0.0.1:3121
20:53:36 INFO  : bpremove -all
20:53:36 INFO  : source /tools/Xilinx/Vitis/2024.2/scripts/vitis/util/zynqmp_utils.tcl
20:53:36 INFO  : Context for 'APU' is selected.
20:53:36 INFO  : System reset is completed.
20:53:39 INFO  : 'after 3000' command is executed.
20:53:39 INFO  : 'targets -set -filter {jtag_cable_name =~ "Avnet USB-to-JTAG/UART Pod V1 1234-oj1A" && level==0 && jtag_device_ctx=="jsn-USB-to-JTAG/UART Pod V1-1234-oj1A-14710093-0"}' command is executed.
20:53:42 INFO  : Device configured successfully with "/mnt/Storage/SCHOOL/Capstone/bringup/ChaosCore-FPGA/RV32RocketFPGAConfig/RV32Rocket/hello_world/_ide/bitstream/BD_wrapper.bit"
20:53:42 INFO  : targets -set -nocase -filter {name =~"PSU*"}
20:53:42 INFO  : catch {disable_pmu_gate}
20:53:42 INFO  : targets -set -nocase -filter {name =~"APU*"}
20:53:43 INFO  : loadhw -hw /mnt/Storage/SCHOOL/Capstone/bringup/ChaosCore-FPGA/RV32RocketFPGAConfig/RV32Rocket/platform/export/platform/hw/BD_wrapper.xsa -mem-ranges [list {0x80000000 0xbfffffff} {0x400000000 0x5ffffffff} {0x1000000000 0x7fffffffff}]
20:53:43 INFO  : configparams force-mem-access 1
20:53:43 INFO  : targets -set -nocase -filter {name =~"APU*"}
20:53:43 INFO  : source /tools/Xilinx/Vitis/2024.2/vitis-server/scripts/jtag_reg.tcl
20:53:43 INFO  : Boot mode is read from the target.
20:53:43 INFO  : targets -set -nocase -filter {name =~ "*A53*#0"}
20:53:43 INFO  : rst -processor
20:53:43 INFO  : dow /mnt/Storage/SCHOOL/Capstone/bringup/ChaosCore-FPGA/RV32RocketFPGAConfig/RV32Rocket/platform/export/platform/sw/boot/fsbl.elf
20:53:43 INFO  : set bp_53_43_fsbl_bp [bpadd -addr &XFsbl_Exit]
20:53:44 INFO  : con -block -timeout 60
20:53:44 INFO  : bpremove $bp_53_43_fsbl_bp
20:53:44 INFO  : targets -set -nocase -filter {name =~ "*A53*#0"}
20:53:44 INFO  : rst -processor
20:53:45 INFO  : dow /mnt/Storage/SCHOOL/Capstone/bringup/ChaosCore-FPGA/RV32RocketFPGAConfig/RV32Rocket/hello_world/build/hello_world.elf
20:53:45 INFO  : bpadd main
20:53:45 INFO  : con
20:53:45 INFO  : configparams force-mem-access 0
20:53:46 INFO  : Testing the connection for 127.0.0.1
20:57:24 INFO  : disconnect
20:57:33 INFO  : BSP build will be initiated for Domain standalone_psu_cortexa53_0
20:57:33 INFO  : BSP build will be initiated for Domain zynqmp_fsbl
20:57:33 INFO  : Generating BSP for the domain /mnt/Storage/SCHOOL/Capstone/bringup/ChaosCore-FPGA/RV32RocketFPGAConfig/RV32Rocket/platform/psu_cortexa53_0/standalone_psu_cortexa53_0/bsp
20:57:33 INFO  : Generating BSP for the domain /mnt/Storage/SCHOOL/Capstone/bringup/ChaosCore-FPGA/RV32RocketFPGAConfig/RV32Rocket/platform/zynqmp_fsbl/zynqmp_fsbl_bsp
20:57:33 INFO  : lopper command to reconfigure BSP :python /tools/Xilinx/Vitis/2024.2/data/embeddedsw/scripts/pyesw//reconfig_bsp.py -d /mnt/Storage/SCHOOL/Capstone/bringup/ChaosCore-FPGA/RV32RocketFPGAConfig/RV32Rocket/platform/psu_cortexa53_0/standalone_psu_cortexa53_0/bsp
20:57:33 INFO  : lopper command to reconfigure BSP :python /tools/Xilinx/Vitis/2024.2/data/embeddedsw/scripts/pyesw//reconfig_bsp.py -d /mnt/Storage/SCHOOL/Capstone/bringup/ChaosCore-FPGA/RV32RocketFPGAConfig/RV32Rocket/platform/zynqmp_fsbl/zynqmp_fsbl_bsp
20:57:33 INFO  : bash, -c, source /tools/Xilinx/Vitis/2024.2/tps/lnx64/lopper-1.1.0/env/bin/activate && python /tools/Xilinx/Vitis/2024.2/data/embeddedsw/scripts/pyesw//reconfig_bsp.py -d /mnt/Storage/SCHOOL/Capstone/bringup/ChaosCore-FPGA/RV32RocketFPGAConfig/RV32Rocket/platform/psu_cortexa53_0/standalone_psu_cortexa53_0/bsp && deactivate
20:57:33 INFO  : bash, -c, source /tools/Xilinx/Vitis/2024.2/tps/lnx64/lopper-1.1.0/env/bin/activate && python /tools/Xilinx/Vitis/2024.2/data/embeddedsw/scripts/pyesw//reconfig_bsp.py -d /mnt/Storage/SCHOOL/Capstone/bringup/ChaosCore-FPGA/RV32RocketFPGAConfig/RV32Rocket/platform/zynqmp_fsbl/zynqmp_fsbl_bsp && deactivate
20:57:33 INFO  : Domain reconfigured successfully
20:57:33 INFO  : Generating BSP for the domain /mnt/Storage/SCHOOL/Capstone/bringup/ChaosCore-FPGA/RV32RocketFPGAConfig/RV32Rocket/platform/psu_cortexa53_0/standalone_psu_cortexa53_0/bsp
20:57:33 INFO  : lopper command to build BSP :python /tools/Xilinx/Vitis/2024.2/data/embeddedsw/scripts/pyesw//build_bsp.py -d /mnt/Storage/SCHOOL/Capstone/bringup/ChaosCore-FPGA/RV32RocketFPGAConfig/RV32Rocket/platform/psu_cortexa53_0/standalone_psu_cortexa53_0/bsp
20:57:33 INFO  : bash, -c, source /tools/Xilinx/Vitis/2024.2/tps/lnx64/lopper-1.1.0/env/bin/activate && python /tools/Xilinx/Vitis/2024.2/data/embeddedsw/scripts/pyesw//build_bsp.py -d /mnt/Storage/SCHOOL/Capstone/bringup/ChaosCore-FPGA/RV32RocketFPGAConfig/RV32Rocket/platform/psu_cortexa53_0/standalone_psu_cortexa53_0/bsp && deactivate
20:57:33 INFO  : Domain reconfigured successfully
20:57:33 INFO  : Generating BSP for the domain /mnt/Storage/SCHOOL/Capstone/bringup/ChaosCore-FPGA/RV32RocketFPGAConfig/RV32Rocket/platform/zynqmp_fsbl/zynqmp_fsbl_bsp
20:57:33 INFO  : lopper command to build BSP :python /tools/Xilinx/Vitis/2024.2/data/embeddedsw/scripts/pyesw//build_bsp.py -d /mnt/Storage/SCHOOL/Capstone/bringup/ChaosCore-FPGA/RV32RocketFPGAConfig/RV32Rocket/platform/zynqmp_fsbl/zynqmp_fsbl_bsp
20:57:33 INFO  : bash, -c, source /tools/Xilinx/Vitis/2024.2/tps/lnx64/lopper-1.1.0/env/bin/activate && python /tools/Xilinx/Vitis/2024.2/data/embeddedsw/scripts/pyesw//build_bsp.py -d /mnt/Storage/SCHOOL/Capstone/bringup/ChaosCore-FPGA/RV32RocketFPGAConfig/RV32Rocket/platform/zynqmp_fsbl/zynqmp_fsbl_bsp && deactivate
20:57:34 INFO  : Domain build successfully
20:57:34 INFO  : Domain build successfully
20:57:34 INFO  : Generating Boot ELFs
20:57:34 INFO  : lopper command to retarget baremetal application :python /tools/Xilinx/Vitis/2024.2/data/embeddedsw/scripts/pyesw//retarget_app.py -s /mnt/Storage/SCHOOL/Capstone/bringup/ChaosCore-FPGA/RV32RocketFPGAConfig/RV32Rocket/platform/zynqmp_fsbl -d /mnt/Storage/SCHOOL/Capstone/bringup/ChaosCore-FPGA/RV32RocketFPGAConfig/RV32Rocket/platform/zynqmp_fsbl/zynqmp_fsbl_bsp -b /mnt/Storage/SCHOOL/Capstone/bringup/ChaosCore-FPGA/RV32RocketFPGAConfig/RV32Rocket/platform/zynqmp_fsbl/build
20:57:34 INFO  : bash, -c, source /tools/Xilinx/Vitis/2024.2/tps/lnx64/lopper-1.1.0/env/bin/activate && python /tools/Xilinx/Vitis/2024.2/data/embeddedsw/scripts/pyesw//retarget_app.py -s /mnt/Storage/SCHOOL/Capstone/bringup/ChaosCore-FPGA/RV32RocketFPGAConfig/RV32Rocket/platform/zynqmp_fsbl -d /mnt/Storage/SCHOOL/Capstone/bringup/ChaosCore-FPGA/RV32RocketFPGAConfig/RV32Rocket/platform/zynqmp_fsbl/zynqmp_fsbl_bsp -b /mnt/Storage/SCHOOL/Capstone/bringup/ChaosCore-FPGA/RV32RocketFPGAConfig/RV32Rocket/platform/zynqmp_fsbl/build && deactivate
20:57:34 INFO  : Successfully retargeted Application /mnt/Storage/SCHOOL/Capstone/bringup/ChaosCore-FPGA/RV32RocketFPGAConfig/RV32Rocket/platform/zynqmp_fsbl
20:57:34 INFO  : lopper command to build baremetal application :python /tools/Xilinx/Vitis/2024.2/data/embeddedsw/scripts/pyesw//build_app.py -s /mnt/Storage/SCHOOL/Capstone/bringup/ChaosCore-FPGA/RV32RocketFPGAConfig/RV32Rocket/platform/zynqmp_fsbl -b /mnt/Storage/SCHOOL/Capstone/bringup/ChaosCore-FPGA/RV32RocketFPGAConfig/RV32Rocket/platform/zynqmp_fsbl/build
20:57:34 INFO  : bash, -c, source /tools/Xilinx/Vitis/2024.2/tps/lnx64/lopper-1.1.0/env/bin/activate && python /tools/Xilinx/Vitis/2024.2/data/embeddedsw/scripts/pyesw//build_app.py -s /mnt/Storage/SCHOOL/Capstone/bringup/ChaosCore-FPGA/RV32RocketFPGAConfig/RV32Rocket/platform/zynqmp_fsbl -b /mnt/Storage/SCHOOL/Capstone/bringup/ChaosCore-FPGA/RV32RocketFPGAConfig/RV32Rocket/platform/zynqmp_fsbl/build && deactivate
20:57:37 INFO  : Successfully building the baremetal application/mnt/Storage/SCHOOL/Capstone/bringup/ChaosCore-FPGA/RV32RocketFPGAConfig/RV32Rocket/platform/zynqmp_fsbl/build
20:57:37 INFO  : Generating Export directory
20:57:38 INFO  : Platform Build Finished successfully.
20:57:39 INFO  : lopper command to retarget baremetal application :python /tools/Xilinx/Vitis/2024.2/data/embeddedsw/scripts/pyesw//retarget_app.py -s /mnt/Storage/SCHOOL/Capstone/bringup/ChaosCore-FPGA/RV32RocketFPGAConfig/RV32Rocket/hello_world/src -d /mnt/Storage/SCHOOL/Capstone/bringup/ChaosCore-FPGA/RV32RocketFPGAConfig/RV32Rocket/platform/export/platform/sw/standalone_psu_cortexa53_0 -b /mnt/Storage/SCHOOL/Capstone/bringup/ChaosCore-FPGA/RV32RocketFPGAConfig/RV32Rocket/hello_world/build
20:57:39 INFO  : bash, -c, source /tools/Xilinx/Vitis/2024.2/tps/lnx64/lopper-1.1.0/env/bin/activate && python /tools/Xilinx/Vitis/2024.2/data/embeddedsw/scripts/pyesw//retarget_app.py -s /mnt/Storage/SCHOOL/Capstone/bringup/ChaosCore-FPGA/RV32RocketFPGAConfig/RV32Rocket/hello_world/src -d /mnt/Storage/SCHOOL/Capstone/bringup/ChaosCore-FPGA/RV32RocketFPGAConfig/RV32Rocket/platform/export/platform/sw/standalone_psu_cortexa53_0 -b /mnt/Storage/SCHOOL/Capstone/bringup/ChaosCore-FPGA/RV32RocketFPGAConfig/RV32Rocket/hello_world/build && deactivate
20:57:39 INFO  : Successfully retargeted Application /mnt/Storage/SCHOOL/Capstone/bringup/ChaosCore-FPGA/RV32RocketFPGAConfig/RV32Rocket/hello_world/src
20:57:39 INFO  : bash, -c, source /tools/Xilinx/Vitis/2024.2/tps/lnx64/lopper-1.1.0/env/bin/activate && python /tools/Xilinx/Vitis/2024.2/data/embeddedsw/scripts/pyesw//build_app.py -s /mnt/Storage/SCHOOL/Capstone/bringup/ChaosCore-FPGA/RV32RocketFPGAConfig/RV32Rocket/hello_world/src -b /mnt/Storage/SCHOOL/Capstone/bringup/ChaosCore-FPGA/RV32RocketFPGAConfig/RV32Rocket/hello_world/build && deactivate
20:57:43 INFO  : connect -url tcp:127.0.0.1:3121
20:57:43 INFO  : bpremove -all
20:57:43 INFO  : source /tools/Xilinx/Vitis/2024.2/scripts/vitis/util/zynqmp_utils.tcl
20:57:43 INFO  : Context for 'APU' is selected.
20:57:43 INFO  : System reset is completed.
20:57:46 INFO  : 'after 3000' command is executed.
20:57:47 INFO  : 'targets -set -filter {jtag_cable_name =~ "Avnet USB-to-JTAG/UART Pod V1 1234-oj1A" && level==0 && jtag_device_ctx=="jsn-USB-to-JTAG/UART Pod V1-1234-oj1A-14710093-0"}' command is executed.
20:57:50 INFO  : Device configured successfully with "/mnt/Storage/SCHOOL/Capstone/bringup/ChaosCore-FPGA/RV32RocketFPGAConfig/RV32Rocket/hello_world/_ide/bitstream/BD_wrapper.bit"
20:57:50 INFO  : targets -set -nocase -filter {name =~"PSU*"}
20:57:50 INFO  : catch {disable_pmu_gate}
20:57:50 INFO  : targets -set -nocase -filter {name =~"APU*"}
20:57:50 INFO  : loadhw -hw /mnt/Storage/SCHOOL/Capstone/bringup/ChaosCore-FPGA/RV32RocketFPGAConfig/RV32Rocket/platform/export/platform/hw/BD_wrapper.xsa -mem-ranges [list {0x80000000 0xbfffffff} {0x400000000 0x5ffffffff} {0x1000000000 0x7fffffffff}]
20:57:50 INFO  : configparams force-mem-access 1
20:57:50 INFO  : targets -set -nocase -filter {name =~"APU*"}
20:57:50 INFO  : source /tools/Xilinx/Vitis/2024.2/vitis-server/scripts/jtag_reg.tcl
20:57:50 INFO  : Boot mode is read from the target.
20:57:50 INFO  : targets -set -nocase -filter {name =~ "*A53*#0"}
20:57:50 INFO  : rst -processor
20:57:50 INFO  : dow /mnt/Storage/SCHOOL/Capstone/bringup/ChaosCore-FPGA/RV32RocketFPGAConfig/RV32Rocket/platform/export/platform/sw/boot/fsbl.elf
20:57:50 INFO  : set bp_57_50_fsbl_bp [bpadd -addr &XFsbl_Exit]
20:57:51 INFO  : con -block -timeout 60
20:57:51 INFO  : bpremove $bp_57_50_fsbl_bp
20:57:51 INFO  : targets -set -nocase -filter {name =~ "*A53*#0"}
20:57:51 INFO  : rst -processor
20:57:52 INFO  : dow /mnt/Storage/SCHOOL/Capstone/bringup/ChaosCore-FPGA/RV32RocketFPGAConfig/RV32Rocket/hello_world/build/hello_world.elf
20:57:52 INFO  : con
20:57:52 INFO  : configparams force-mem-access 0
20:57:53 INFO  : Testing the connection for 127.0.0.1
21:06:19 INFO  : BSP build will be initiated for Domain zynqmp_fsbl
21:06:19 INFO  : BSP build will be initiated for Domain standalone_psu_cortexa53_0
21:06:19 INFO  : Generating BSP for the domain /mnt/Storage/SCHOOL/Capstone/bringup/ChaosCore-FPGA/RV32RocketFPGAConfig/RV32Rocket/platform/zynqmp_fsbl/zynqmp_fsbl_bsp
21:06:19 INFO  : Generating BSP for the domain /mnt/Storage/SCHOOL/Capstone/bringup/ChaosCore-FPGA/RV32RocketFPGAConfig/RV32Rocket/platform/psu_cortexa53_0/standalone_psu_cortexa53_0/bsp
21:06:19 INFO  : lopper command to reconfigure BSP :python /tools/Xilinx/Vitis/2024.2/data/embeddedsw/scripts/pyesw//reconfig_bsp.py -d /mnt/Storage/SCHOOL/Capstone/bringup/ChaosCore-FPGA/RV32RocketFPGAConfig/RV32Rocket/platform/zynqmp_fsbl/zynqmp_fsbl_bsp
21:06:19 INFO  : lopper command to reconfigure BSP :python /tools/Xilinx/Vitis/2024.2/data/embeddedsw/scripts/pyesw//reconfig_bsp.py -d /mnt/Storage/SCHOOL/Capstone/bringup/ChaosCore-FPGA/RV32RocketFPGAConfig/RV32Rocket/platform/psu_cortexa53_0/standalone_psu_cortexa53_0/bsp
21:06:19 INFO  : bash, -c, source /tools/Xilinx/Vitis/2024.2/tps/lnx64/lopper-1.1.0/env/bin/activate && python /tools/Xilinx/Vitis/2024.2/data/embeddedsw/scripts/pyesw//reconfig_bsp.py -d /mnt/Storage/SCHOOL/Capstone/bringup/ChaosCore-FPGA/RV32RocketFPGAConfig/RV32Rocket/platform/zynqmp_fsbl/zynqmp_fsbl_bsp && deactivate
21:06:19 INFO  : bash, -c, source /tools/Xilinx/Vitis/2024.2/tps/lnx64/lopper-1.1.0/env/bin/activate && python /tools/Xilinx/Vitis/2024.2/data/embeddedsw/scripts/pyesw//reconfig_bsp.py -d /mnt/Storage/SCHOOL/Capstone/bringup/ChaosCore-FPGA/RV32RocketFPGAConfig/RV32Rocket/platform/psu_cortexa53_0/standalone_psu_cortexa53_0/bsp && deactivate
21:06:19 INFO  : Domain reconfigured successfully
21:06:19 INFO  : Generating BSP for the domain /mnt/Storage/SCHOOL/Capstone/bringup/ChaosCore-FPGA/RV32RocketFPGAConfig/RV32Rocket/platform/psu_cortexa53_0/standalone_psu_cortexa53_0/bsp
21:06:19 INFO  : lopper command to build BSP :python /tools/Xilinx/Vitis/2024.2/data/embeddedsw/scripts/pyesw//build_bsp.py -d /mnt/Storage/SCHOOL/Capstone/bringup/ChaosCore-FPGA/RV32RocketFPGAConfig/RV32Rocket/platform/psu_cortexa53_0/standalone_psu_cortexa53_0/bsp
21:06:19 INFO  : bash, -c, source /tools/Xilinx/Vitis/2024.2/tps/lnx64/lopper-1.1.0/env/bin/activate && python /tools/Xilinx/Vitis/2024.2/data/embeddedsw/scripts/pyesw//build_bsp.py -d /mnt/Storage/SCHOOL/Capstone/bringup/ChaosCore-FPGA/RV32RocketFPGAConfig/RV32Rocket/platform/psu_cortexa53_0/standalone_psu_cortexa53_0/bsp && deactivate
21:06:19 INFO  : Domain reconfigured successfully
21:06:19 INFO  : Generating BSP for the domain /mnt/Storage/SCHOOL/Capstone/bringup/ChaosCore-FPGA/RV32RocketFPGAConfig/RV32Rocket/platform/zynqmp_fsbl/zynqmp_fsbl_bsp
21:06:19 INFO  : lopper command to build BSP :python /tools/Xilinx/Vitis/2024.2/data/embeddedsw/scripts/pyesw//build_bsp.py -d /mnt/Storage/SCHOOL/Capstone/bringup/ChaosCore-FPGA/RV32RocketFPGAConfig/RV32Rocket/platform/zynqmp_fsbl/zynqmp_fsbl_bsp
21:06:19 INFO  : bash, -c, source /tools/Xilinx/Vitis/2024.2/tps/lnx64/lopper-1.1.0/env/bin/activate && python /tools/Xilinx/Vitis/2024.2/data/embeddedsw/scripts/pyesw//build_bsp.py -d /mnt/Storage/SCHOOL/Capstone/bringup/ChaosCore-FPGA/RV32RocketFPGAConfig/RV32Rocket/platform/zynqmp_fsbl/zynqmp_fsbl_bsp && deactivate
21:06:20 INFO  : Domain build successfully
21:06:20 INFO  : Domain build successfully
21:06:20 INFO  : Generating Boot ELFs
21:06:20 INFO  : lopper command to retarget baremetal application :python /tools/Xilinx/Vitis/2024.2/data/embeddedsw/scripts/pyesw//retarget_app.py -s /mnt/Storage/SCHOOL/Capstone/bringup/ChaosCore-FPGA/RV32RocketFPGAConfig/RV32Rocket/platform/zynqmp_fsbl -d /mnt/Storage/SCHOOL/Capstone/bringup/ChaosCore-FPGA/RV32RocketFPGAConfig/RV32Rocket/platform/zynqmp_fsbl/zynqmp_fsbl_bsp -b /mnt/Storage/SCHOOL/Capstone/bringup/ChaosCore-FPGA/RV32RocketFPGAConfig/RV32Rocket/platform/zynqmp_fsbl/build
21:06:20 INFO  : bash, -c, source /tools/Xilinx/Vitis/2024.2/tps/lnx64/lopper-1.1.0/env/bin/activate && python /tools/Xilinx/Vitis/2024.2/data/embeddedsw/scripts/pyesw//retarget_app.py -s /mnt/Storage/SCHOOL/Capstone/bringup/ChaosCore-FPGA/RV32RocketFPGAConfig/RV32Rocket/platform/zynqmp_fsbl -d /mnt/Storage/SCHOOL/Capstone/bringup/ChaosCore-FPGA/RV32RocketFPGAConfig/RV32Rocket/platform/zynqmp_fsbl/zynqmp_fsbl_bsp -b /mnt/Storage/SCHOOL/Capstone/bringup/ChaosCore-FPGA/RV32RocketFPGAConfig/RV32Rocket/platform/zynqmp_fsbl/build && deactivate
21:06:20 INFO  : Successfully retargeted Application /mnt/Storage/SCHOOL/Capstone/bringup/ChaosCore-FPGA/RV32RocketFPGAConfig/RV32Rocket/platform/zynqmp_fsbl
21:06:20 INFO  : lopper command to build baremetal application :python /tools/Xilinx/Vitis/2024.2/data/embeddedsw/scripts/pyesw//build_app.py -s /mnt/Storage/SCHOOL/Capstone/bringup/ChaosCore-FPGA/RV32RocketFPGAConfig/RV32Rocket/platform/zynqmp_fsbl -b /mnt/Storage/SCHOOL/Capstone/bringup/ChaosCore-FPGA/RV32RocketFPGAConfig/RV32Rocket/platform/zynqmp_fsbl/build
21:06:20 INFO  : bash, -c, source /tools/Xilinx/Vitis/2024.2/tps/lnx64/lopper-1.1.0/env/bin/activate && python /tools/Xilinx/Vitis/2024.2/data/embeddedsw/scripts/pyesw//build_app.py -s /mnt/Storage/SCHOOL/Capstone/bringup/ChaosCore-FPGA/RV32RocketFPGAConfig/RV32Rocket/platform/zynqmp_fsbl -b /mnt/Storage/SCHOOL/Capstone/bringup/ChaosCore-FPGA/RV32RocketFPGAConfig/RV32Rocket/platform/zynqmp_fsbl/build && deactivate
21:06:24 INFO  : Successfully building the baremetal application/mnt/Storage/SCHOOL/Capstone/bringup/ChaosCore-FPGA/RV32RocketFPGAConfig/RV32Rocket/platform/zynqmp_fsbl/build
21:06:24 INFO  : Generating Export directory
21:06:24 INFO  : Platform Build Finished successfully.
21:06:25 INFO  : lopper command to retarget baremetal application :python /tools/Xilinx/Vitis/2024.2/data/embeddedsw/scripts/pyesw//retarget_app.py -s /mnt/Storage/SCHOOL/Capstone/bringup/ChaosCore-FPGA/RV32RocketFPGAConfig/RV32Rocket/hello_world/src -d /mnt/Storage/SCHOOL/Capstone/bringup/ChaosCore-FPGA/RV32RocketFPGAConfig/RV32Rocket/platform/export/platform/sw/standalone_psu_cortexa53_0 -b /mnt/Storage/SCHOOL/Capstone/bringup/ChaosCore-FPGA/RV32RocketFPGAConfig/RV32Rocket/hello_world/build
21:06:25 INFO  : bash, -c, source /tools/Xilinx/Vitis/2024.2/tps/lnx64/lopper-1.1.0/env/bin/activate && python /tools/Xilinx/Vitis/2024.2/data/embeddedsw/scripts/pyesw//retarget_app.py -s /mnt/Storage/SCHOOL/Capstone/bringup/ChaosCore-FPGA/RV32RocketFPGAConfig/RV32Rocket/hello_world/src -d /mnt/Storage/SCHOOL/Capstone/bringup/ChaosCore-FPGA/RV32RocketFPGAConfig/RV32Rocket/platform/export/platform/sw/standalone_psu_cortexa53_0 -b /mnt/Storage/SCHOOL/Capstone/bringup/ChaosCore-FPGA/RV32RocketFPGAConfig/RV32Rocket/hello_world/build && deactivate
21:06:26 INFO  : Successfully retargeted Application /mnt/Storage/SCHOOL/Capstone/bringup/ChaosCore-FPGA/RV32RocketFPGAConfig/RV32Rocket/hello_world/src
21:06:26 INFO  : bash, -c, source /tools/Xilinx/Vitis/2024.2/tps/lnx64/lopper-1.1.0/env/bin/activate && python /tools/Xilinx/Vitis/2024.2/data/embeddedsw/scripts/pyesw//build_app.py -s /mnt/Storage/SCHOOL/Capstone/bringup/ChaosCore-FPGA/RV32RocketFPGAConfig/RV32Rocket/hello_world/src -b /mnt/Storage/SCHOOL/Capstone/bringup/ChaosCore-FPGA/RV32RocketFPGAConfig/RV32Rocket/hello_world/build && deactivate
21:06:33 INFO  : connect -url tcp:127.0.0.1:3121
21:06:33 INFO  : bpremove -all
21:06:33 INFO  : source /tools/Xilinx/Vitis/2024.2/scripts/vitis/util/zynqmp_utils.tcl
21:06:33 INFO  : Context for 'APU' is selected.
21:06:33 INFO  : System reset is completed.
21:06:33 INFO  : disconnect
21:06:36 INFO  : 'after 3000' command is executed.
21:06:37 ERROR : Failed to initialize the hardware Invalid target. Use "connect" command to connect to hw_server/TCF agent
21:06:42 INFO  : connect -url tcp:127.0.0.1:3121
21:06:42 INFO  : bpremove -all
21:06:42 INFO  : source /tools/Xilinx/Vitis/2024.2/scripts/vitis/util/zynqmp_utils.tcl
21:06:42 INFO  : Context for 'APU' is selected.
21:06:42 INFO  : System reset is completed.
21:06:45 INFO  : 'after 3000' command is executed.
21:06:46 INFO  : 'targets -set -filter {jtag_cable_name =~ "Avnet USB-to-JTAG/UART Pod V1 1234-oj1A" && level==0 && jtag_device_ctx=="jsn-USB-to-JTAG/UART Pod V1-1234-oj1A-14710093-0"}' command is executed.
21:06:49 INFO  : Device configured successfully with "/mnt/Storage/SCHOOL/Capstone/bringup/ChaosCore-FPGA/RV32RocketFPGAConfig/RV32Rocket/hello_world/_ide/bitstream/BD_wrapper.bit"
21:06:49 INFO  : targets -set -nocase -filter {name =~"PSU*"}
21:06:49 INFO  : catch {disable_pmu_gate}
21:06:49 INFO  : targets -set -nocase -filter {name =~"APU*"}
21:06:49 INFO  : loadhw -hw /mnt/Storage/SCHOOL/Capstone/bringup/ChaosCore-FPGA/RV32RocketFPGAConfig/RV32Rocket/platform/export/platform/hw/BD_wrapper.xsa -mem-ranges [list {0x80000000 0xbfffffff} {0x400000000 0x5ffffffff} {0x1000000000 0x7fffffffff}]
21:06:49 INFO  : configparams force-mem-access 1
21:06:49 INFO  : targets -set -nocase -filter {name =~"APU*"}
21:06:49 INFO  : source /tools/Xilinx/Vitis/2024.2/vitis-server/scripts/jtag_reg.tcl
21:06:49 INFO  : Boot mode is read from the target.
21:06:49 INFO  : targets -set -nocase -filter {name =~ "*A53*#0"}
21:06:49 INFO  : rst -processor
21:06:49 INFO  : dow /mnt/Storage/SCHOOL/Capstone/bringup/ChaosCore-FPGA/RV32RocketFPGAConfig/RV32Rocket/platform/export/platform/sw/boot/fsbl.elf
21:06:49 INFO  : set bp_6_49_fsbl_bp [bpadd -addr &XFsbl_Exit]
21:06:50 INFO  : con -block -timeout 60
21:06:50 INFO  : bpremove $bp_6_49_fsbl_bp
21:06:50 INFO  : targets -set -nocase -filter {name =~ "*A53*#0"}
21:06:50 INFO  : rst -processor
21:06:51 INFO  : dow /mnt/Storage/SCHOOL/Capstone/bringup/ChaosCore-FPGA/RV32RocketFPGAConfig/RV32Rocket/hello_world/build/hello_world.elf
21:06:51 INFO  : bpadd main
21:06:51 INFO  : con
21:06:51 INFO  : configparams force-mem-access 0
21:06:52 INFO  : Testing the connection for 127.0.0.1
21:09:16 INFO  : disconnect
21:09:21 INFO  : connect -url tcp:127.0.0.1:3121
21:09:21 INFO  : bpremove -all
21:09:21 INFO  : source /tools/Xilinx/Vitis/2024.2/scripts/vitis/util/zynqmp_utils.tcl
21:09:21 INFO  : Context for 'APU' is selected.
21:09:21 INFO  : System reset is completed.
21:09:24 INFO  : 'after 3000' command is executed.
21:09:25 INFO  : 'targets -set -filter {jtag_cable_name =~ "Avnet USB-to-JTAG/UART Pod V1 1234-oj1A" && level==0 && jtag_device_ctx=="jsn-USB-to-JTAG/UART Pod V1-1234-oj1A-14710093-0"}' command is executed.
21:09:28 INFO  : Device configured successfully with "/mnt/Storage/SCHOOL/Capstone/bringup/ChaosCore-FPGA/RV32RocketFPGAConfig/RV32Rocket/hello_world/_ide/bitstream/BD_wrapper.bit"
21:09:28 INFO  : targets -set -nocase -filter {name =~"PSU*"}
21:09:28 INFO  : catch {disable_pmu_gate}
21:09:28 INFO  : targets -set -nocase -filter {name =~"APU*"}
21:09:28 INFO  : loadhw -hw /mnt/Storage/SCHOOL/Capstone/bringup/ChaosCore-FPGA/RV32RocketFPGAConfig/RV32Rocket/platform/export/platform/hw/BD_wrapper.xsa -mem-ranges [list {0x80000000 0xbfffffff} {0x400000000 0x5ffffffff} {0x1000000000 0x7fffffffff}]
21:09:28 INFO  : configparams force-mem-access 1
21:09:28 INFO  : targets -set -nocase -filter {name =~"APU*"}
21:09:28 INFO  : source /tools/Xilinx/Vitis/2024.2/vitis-server/scripts/jtag_reg.tcl
21:09:28 INFO  : Boot mode is read from the target.
21:09:28 INFO  : targets -set -nocase -filter {name =~ "*A53*#0"}
21:09:28 INFO  : rst -processor
21:09:28 INFO  : dow /mnt/Storage/SCHOOL/Capstone/bringup/ChaosCore-FPGA/RV32RocketFPGAConfig/RV32Rocket/platform/export/platform/sw/boot/fsbl.elf
21:09:28 INFO  : set bp_9_28_fsbl_bp [bpadd -addr &XFsbl_Exit]
21:09:29 INFO  : con -block -timeout 60
21:09:29 INFO  : bpremove $bp_9_28_fsbl_bp
21:09:29 INFO  : targets -set -nocase -filter {name =~ "*A53*#0"}
21:09:29 INFO  : rst -processor
21:09:30 INFO  : dow /mnt/Storage/SCHOOL/Capstone/bringup/ChaosCore-FPGA/RV32RocketFPGAConfig/RV32Rocket/hello_world/build/hello_world.elf
21:09:30 INFO  : bpadd main
21:09:30 INFO  : con
21:09:30 INFO  : configparams force-mem-access 0
21:09:31 INFO  : Testing the connection for 127.0.0.1
21:11:15 INFO  : disconnect
21:11:25 INFO  : BSP build will be initiated for Domain zynqmp_fsbl
21:11:25 INFO  : BSP build will be initiated for Domain standalone_psu_cortexa53_0
21:11:25 INFO  : Generating BSP for the domain /mnt/Storage/SCHOOL/Capstone/bringup/ChaosCore-FPGA/RV32RocketFPGAConfig/RV32Rocket/platform/zynqmp_fsbl/zynqmp_fsbl_bsp
21:11:25 INFO  : Generating BSP for the domain /mnt/Storage/SCHOOL/Capstone/bringup/ChaosCore-FPGA/RV32RocketFPGAConfig/RV32Rocket/platform/psu_cortexa53_0/standalone_psu_cortexa53_0/bsp
21:11:25 INFO  : lopper command to reconfigure BSP :python /tools/Xilinx/Vitis/2024.2/data/embeddedsw/scripts/pyesw//reconfig_bsp.py -d /mnt/Storage/SCHOOL/Capstone/bringup/ChaosCore-FPGA/RV32RocketFPGAConfig/RV32Rocket/platform/zynqmp_fsbl/zynqmp_fsbl_bsp
21:11:25 INFO  : lopper command to reconfigure BSP :python /tools/Xilinx/Vitis/2024.2/data/embeddedsw/scripts/pyesw//reconfig_bsp.py -d /mnt/Storage/SCHOOL/Capstone/bringup/ChaosCore-FPGA/RV32RocketFPGAConfig/RV32Rocket/platform/psu_cortexa53_0/standalone_psu_cortexa53_0/bsp
21:11:25 INFO  : bash, -c, source /tools/Xilinx/Vitis/2024.2/tps/lnx64/lopper-1.1.0/env/bin/activate && python /tools/Xilinx/Vitis/2024.2/data/embeddedsw/scripts/pyesw//reconfig_bsp.py -d /mnt/Storage/SCHOOL/Capstone/bringup/ChaosCore-FPGA/RV32RocketFPGAConfig/RV32Rocket/platform/zynqmp_fsbl/zynqmp_fsbl_bsp && deactivate
21:11:25 INFO  : bash, -c, source /tools/Xilinx/Vitis/2024.2/tps/lnx64/lopper-1.1.0/env/bin/activate && python /tools/Xilinx/Vitis/2024.2/data/embeddedsw/scripts/pyesw//reconfig_bsp.py -d /mnt/Storage/SCHOOL/Capstone/bringup/ChaosCore-FPGA/RV32RocketFPGAConfig/RV32Rocket/platform/psu_cortexa53_0/standalone_psu_cortexa53_0/bsp && deactivate
21:11:26 INFO  : Domain reconfigured successfully
21:11:26 INFO  : Generating BSP for the domain /mnt/Storage/SCHOOL/Capstone/bringup/ChaosCore-FPGA/RV32RocketFPGAConfig/RV32Rocket/platform/psu_cortexa53_0/standalone_psu_cortexa53_0/bsp
21:11:26 INFO  : lopper command to build BSP :python /tools/Xilinx/Vitis/2024.2/data/embeddedsw/scripts/pyesw//build_bsp.py -d /mnt/Storage/SCHOOL/Capstone/bringup/ChaosCore-FPGA/RV32RocketFPGAConfig/RV32Rocket/platform/psu_cortexa53_0/standalone_psu_cortexa53_0/bsp
21:11:26 INFO  : bash, -c, source /tools/Xilinx/Vitis/2024.2/tps/lnx64/lopper-1.1.0/env/bin/activate && python /tools/Xilinx/Vitis/2024.2/data/embeddedsw/scripts/pyesw//build_bsp.py -d /mnt/Storage/SCHOOL/Capstone/bringup/ChaosCore-FPGA/RV32RocketFPGAConfig/RV32Rocket/platform/psu_cortexa53_0/standalone_psu_cortexa53_0/bsp && deactivate
21:11:26 INFO  : Domain reconfigured successfully
21:11:26 INFO  : Generating BSP for the domain /mnt/Storage/SCHOOL/Capstone/bringup/ChaosCore-FPGA/RV32RocketFPGAConfig/RV32Rocket/platform/zynqmp_fsbl/zynqmp_fsbl_bsp
21:11:26 INFO  : lopper command to build BSP :python /tools/Xilinx/Vitis/2024.2/data/embeddedsw/scripts/pyesw//build_bsp.py -d /mnt/Storage/SCHOOL/Capstone/bringup/ChaosCore-FPGA/RV32RocketFPGAConfig/RV32Rocket/platform/zynqmp_fsbl/zynqmp_fsbl_bsp
21:11:26 INFO  : bash, -c, source /tools/Xilinx/Vitis/2024.2/tps/lnx64/lopper-1.1.0/env/bin/activate && python /tools/Xilinx/Vitis/2024.2/data/embeddedsw/scripts/pyesw//build_bsp.py -d /mnt/Storage/SCHOOL/Capstone/bringup/ChaosCore-FPGA/RV32RocketFPGAConfig/RV32Rocket/platform/zynqmp_fsbl/zynqmp_fsbl_bsp && deactivate
21:11:27 INFO  : Domain build successfully
21:11:27 INFO  : Domain build successfully
21:11:27 INFO  : Generating Boot ELFs
21:11:27 INFO  : lopper command to retarget baremetal application :python /tools/Xilinx/Vitis/2024.2/data/embeddedsw/scripts/pyesw//retarget_app.py -s /mnt/Storage/SCHOOL/Capstone/bringup/ChaosCore-FPGA/RV32RocketFPGAConfig/RV32Rocket/platform/zynqmp_fsbl -d /mnt/Storage/SCHOOL/Capstone/bringup/ChaosCore-FPGA/RV32RocketFPGAConfig/RV32Rocket/platform/zynqmp_fsbl/zynqmp_fsbl_bsp -b /mnt/Storage/SCHOOL/Capstone/bringup/ChaosCore-FPGA/RV32RocketFPGAConfig/RV32Rocket/platform/zynqmp_fsbl/build
21:11:27 INFO  : bash, -c, source /tools/Xilinx/Vitis/2024.2/tps/lnx64/lopper-1.1.0/env/bin/activate && python /tools/Xilinx/Vitis/2024.2/data/embeddedsw/scripts/pyesw//retarget_app.py -s /mnt/Storage/SCHOOL/Capstone/bringup/ChaosCore-FPGA/RV32RocketFPGAConfig/RV32Rocket/platform/zynqmp_fsbl -d /mnt/Storage/SCHOOL/Capstone/bringup/ChaosCore-FPGA/RV32RocketFPGAConfig/RV32Rocket/platform/zynqmp_fsbl/zynqmp_fsbl_bsp -b /mnt/Storage/SCHOOL/Capstone/bringup/ChaosCore-FPGA/RV32RocketFPGAConfig/RV32Rocket/platform/zynqmp_fsbl/build && deactivate
21:11:27 INFO  : Successfully retargeted Application /mnt/Storage/SCHOOL/Capstone/bringup/ChaosCore-FPGA/RV32RocketFPGAConfig/RV32Rocket/platform/zynqmp_fsbl
21:11:27 INFO  : lopper command to build baremetal application :python /tools/Xilinx/Vitis/2024.2/data/embeddedsw/scripts/pyesw//build_app.py -s /mnt/Storage/SCHOOL/Capstone/bringup/ChaosCore-FPGA/RV32RocketFPGAConfig/RV32Rocket/platform/zynqmp_fsbl -b /mnt/Storage/SCHOOL/Capstone/bringup/ChaosCore-FPGA/RV32RocketFPGAConfig/RV32Rocket/platform/zynqmp_fsbl/build
21:11:27 INFO  : bash, -c, source /tools/Xilinx/Vitis/2024.2/tps/lnx64/lopper-1.1.0/env/bin/activate && python /tools/Xilinx/Vitis/2024.2/data/embeddedsw/scripts/pyesw//build_app.py -s /mnt/Storage/SCHOOL/Capstone/bringup/ChaosCore-FPGA/RV32RocketFPGAConfig/RV32Rocket/platform/zynqmp_fsbl -b /mnt/Storage/SCHOOL/Capstone/bringup/ChaosCore-FPGA/RV32RocketFPGAConfig/RV32Rocket/platform/zynqmp_fsbl/build && deactivate
21:11:30 INFO  : Successfully building the baremetal application/mnt/Storage/SCHOOL/Capstone/bringup/ChaosCore-FPGA/RV32RocketFPGAConfig/RV32Rocket/platform/zynqmp_fsbl/build
21:11:30 INFO  : Generating Export directory
21:11:31 INFO  : Platform Build Finished successfully.
21:11:32 INFO  : lopper command to retarget baremetal application :python /tools/Xilinx/Vitis/2024.2/data/embeddedsw/scripts/pyesw//retarget_app.py -s /mnt/Storage/SCHOOL/Capstone/bringup/ChaosCore-FPGA/RV32RocketFPGAConfig/RV32Rocket/hello_world/src -d /mnt/Storage/SCHOOL/Capstone/bringup/ChaosCore-FPGA/RV32RocketFPGAConfig/RV32Rocket/platform/export/platform/sw/standalone_psu_cortexa53_0 -b /mnt/Storage/SCHOOL/Capstone/bringup/ChaosCore-FPGA/RV32RocketFPGAConfig/RV32Rocket/hello_world/build
21:11:32 INFO  : bash, -c, source /tools/Xilinx/Vitis/2024.2/tps/lnx64/lopper-1.1.0/env/bin/activate && python /tools/Xilinx/Vitis/2024.2/data/embeddedsw/scripts/pyesw//retarget_app.py -s /mnt/Storage/SCHOOL/Capstone/bringup/ChaosCore-FPGA/RV32RocketFPGAConfig/RV32Rocket/hello_world/src -d /mnt/Storage/SCHOOL/Capstone/bringup/ChaosCore-FPGA/RV32RocketFPGAConfig/RV32Rocket/platform/export/platform/sw/standalone_psu_cortexa53_0 -b /mnt/Storage/SCHOOL/Capstone/bringup/ChaosCore-FPGA/RV32RocketFPGAConfig/RV32Rocket/hello_world/build && deactivate
21:11:32 INFO  : Successfully retargeted Application /mnt/Storage/SCHOOL/Capstone/bringup/ChaosCore-FPGA/RV32RocketFPGAConfig/RV32Rocket/hello_world/src
21:11:32 INFO  : bash, -c, source /tools/Xilinx/Vitis/2024.2/tps/lnx64/lopper-1.1.0/env/bin/activate && python /tools/Xilinx/Vitis/2024.2/data/embeddedsw/scripts/pyesw//build_app.py -s /mnt/Storage/SCHOOL/Capstone/bringup/ChaosCore-FPGA/RV32RocketFPGAConfig/RV32Rocket/hello_world/src -b /mnt/Storage/SCHOOL/Capstone/bringup/ChaosCore-FPGA/RV32RocketFPGAConfig/RV32Rocket/hello_world/build && deactivate
21:11:35 INFO  : connect -url tcp:127.0.0.1:3121
21:11:35 INFO  : bpremove -all
21:11:35 INFO  : source /tools/Xilinx/Vitis/2024.2/scripts/vitis/util/zynqmp_utils.tcl
21:11:35 INFO  : Context for 'APU' is selected.
21:11:36 INFO  : System reset is completed.
21:11:39 INFO  : 'after 3000' command is executed.
21:11:39 INFO  : 'targets -set -filter {jtag_cable_name =~ "Avnet USB-to-JTAG/UART Pod V1 1234-oj1A" && level==0 && jtag_device_ctx=="jsn-USB-to-JTAG/UART Pod V1-1234-oj1A-14710093-0"}' command is executed.
21:11:42 INFO  : Device configured successfully with "/mnt/Storage/SCHOOL/Capstone/bringup/ChaosCore-FPGA/RV32RocketFPGAConfig/RV32Rocket/hello_world/_ide/bitstream/BD_wrapper.bit"
21:11:42 INFO  : targets -set -nocase -filter {name =~"PSU*"}
21:11:42 INFO  : catch {disable_pmu_gate}
21:11:42 INFO  : targets -set -nocase -filter {name =~"APU*"}
21:11:42 INFO  : loadhw -hw /mnt/Storage/SCHOOL/Capstone/bringup/ChaosCore-FPGA/RV32RocketFPGAConfig/RV32Rocket/platform/export/platform/hw/BD_wrapper.xsa -mem-ranges [list {0x80000000 0xbfffffff} {0x400000000 0x5ffffffff} {0x1000000000 0x7fffffffff}]
21:11:42 INFO  : configparams force-mem-access 1
21:11:42 INFO  : targets -set -nocase -filter {name =~"APU*"}
21:11:42 INFO  : source /tools/Xilinx/Vitis/2024.2/vitis-server/scripts/jtag_reg.tcl
21:11:42 INFO  : Boot mode is read from the target.
21:11:42 INFO  : targets -set -nocase -filter {name =~ "*A53*#0"}
21:11:42 INFO  : rst -processor
21:11:43 INFO  : dow /mnt/Storage/SCHOOL/Capstone/bringup/ChaosCore-FPGA/RV32RocketFPGAConfig/RV32Rocket/platform/export/platform/sw/boot/fsbl.elf
21:11:43 INFO  : set bp_11_43_fsbl_bp [bpadd -addr &XFsbl_Exit]
21:11:44 INFO  : con -block -timeout 60
21:11:44 INFO  : bpremove $bp_11_43_fsbl_bp
21:11:44 INFO  : targets -set -nocase -filter {name =~ "*A53*#0"}
21:11:44 INFO  : rst -processor
21:11:44 INFO  : dow /mnt/Storage/SCHOOL/Capstone/bringup/ChaosCore-FPGA/RV32RocketFPGAConfig/RV32Rocket/hello_world/build/hello_world.elf
21:11:44 INFO  : bpadd main
21:11:44 INFO  : con
21:11:44 INFO  : configparams force-mem-access 0
21:11:45 INFO  : Testing the connection for 127.0.0.1
21:14:47 INFO  : disconnect
21:18:41 INFO  : Terminating Vitis C++ Server
20:03:46 INFO  : updated workspace path: /mnt/Storage/SCHOOL/Capstone/bringup/ChaosCore-FPGA/RV32RocketFPGAConfig/RV32Rocket
20:03:47 INFO  : created .gitignore file for the project /mnt/Storage/SCHOOL/Capstone/bringup/ChaosCore-FPGA/RV32RocketFPGAConfig/RV32Rocket
20:03:47 INFO  : bash, -c, source /tools/Xilinx/Vitis/2024.2/tps/lnx64/lopper-1.1.0/env/bin/activate && python /tools/Xilinx/Vitis/2024.2/data/embeddedsw/scripts/pyesw//get_template_data.py -d /tmp/rigel_lopper_alisher6034702109731465838 -r /mnt/Storage/SCHOOL/Capstone/bringup/ChaosCore-FPGA/RV32RocketFPGAConfig/RV32Rocket/_ide/.wsdata/.repo.yaml && deactivate
20:03:47 INFO  : Embedded Template List generated successfully
20:03:48 INFO  : Done
20:04:20 INFO  : Found no platform with name 'BD_wrapper' in install repositories
20:04:20 INFO  : HW XSA update started
20:04:21 INFO  : Using sdt generation script from /tools/Xilinx/Vitis/2024.2/vitis-server/scripts/platformutil.tcl
20:04:21 INFO  : bash, -c, source /tools/Xilinx/Vitis/2024.2/tps/lnx64/lopper-1.1.0/env/bin/activate && xsct /tools/Xilinx/Vitis/2024.2/vitis-server/scripts/platformutil.tcl /mnt/Storage/SCHOOL/Capstone/bringup/ChaosCore-FPGA/RV32RocketFPGAConfig/RV32Rocket/BD_wrapper.xsa /mnt/Storage/SCHOOL/Capstone/bringup/ChaosCore-FPGA/RV32RocketFPGAConfig/RV32Rocket/platform/hw/sdt && deactivate
20:04:31 INFO  : SDT generated successfully
20:04:31 INFO  : Generating BSP for the domain /mnt/Storage/SCHOOL/Capstone/bringup/ChaosCore-FPGA/RV32RocketFPGAConfig/RV32Rocket/platform/zynqmp_fsbl/zynqmp_fsbl_bsp
20:04:31 INFO  : lopper command to reconfigure BSP :python /tools/Xilinx/Vitis/2024.2/data/embeddedsw/scripts/pyesw//reconfig_bsp.py -d /mnt/Storage/SCHOOL/Capstone/bringup/ChaosCore-FPGA/RV32RocketFPGAConfig/RV32Rocket/platform/zynqmp_fsbl/zynqmp_fsbl_bsp
20:04:31 INFO  : bash, -c, source /tools/Xilinx/Vitis/2024.2/tps/lnx64/lopper-1.1.0/env/bin/activate && python /tools/Xilinx/Vitis/2024.2/data/embeddedsw/scripts/pyesw//reconfig_bsp.py -d /mnt/Storage/SCHOOL/Capstone/bringup/ChaosCore-FPGA/RV32RocketFPGAConfig/RV32Rocket/platform/zynqmp_fsbl/zynqmp_fsbl_bsp && deactivate
20:04:32 INFO  : Domain reconfigured successfully
20:04:32 INFO  : lopper command to regenerate BSP :python /tools/Xilinx/Vitis/2024.2/data/embeddedsw/scripts/pyesw//regen_bsp.py -s /mnt/Storage/SCHOOL/Capstone/bringup/ChaosCore-FPGA/RV32RocketFPGAConfig/RV32Rocket/platform/hw/sdt/system-top.dts -d /mnt/Storage/SCHOOL/Capstone/bringup/ChaosCore-FPGA/RV32RocketFPGAConfig/RV32Rocket/platform/zynqmp_fsbl/zynqmp_fsbl_bsp -r /mnt/Storage/SCHOOL/Capstone/bringup/ChaosCore-FPGA/RV32RocketFPGAConfig/RV32Rocket/_ide/.wsdata/.repo.yaml
20:04:32 INFO  : bash, -c, source /tools/Xilinx/Vitis/2024.2/tps/lnx64/lopper-1.1.0/env/bin/activate && python /tools/Xilinx/Vitis/2024.2/data/embeddedsw/scripts/pyesw//regen_bsp.py -s /mnt/Storage/SCHOOL/Capstone/bringup/ChaosCore-FPGA/RV32RocketFPGAConfig/RV32Rocket/platform/hw/sdt/system-top.dts -d /mnt/Storage/SCHOOL/Capstone/bringup/ChaosCore-FPGA/RV32RocketFPGAConfig/RV32Rocket/platform/zynqmp_fsbl/zynqmp_fsbl_bsp -r /mnt/Storage/SCHOOL/Capstone/bringup/ChaosCore-FPGA/RV32RocketFPGAConfig/RV32Rocket/_ide/.wsdata/.repo.yaml && deactivate
20:04:50 INFO  : -- Configuring done
20:04:50 INFO  : -- Generating done
20:04:50 INFO  : -- Build files have been written to: /mnt/Storage/SCHOOL/Capstone/bringup/ChaosCore-FPGA/RV32RocketFPGAConfig/RV32Rocket/platform/zynqmp_fsbl/zynqmp_fsbl_bsp/libsrc/build_configs/gen_bsp
20:04:50 INFO  : Successfully created Domain at /mnt/Storage/SCHOOL/Capstone/bringup/ChaosCore-FPGA/RV32RocketFPGAConfig/RV32Rocket/platform/zynqmp_fsbl/zynqmp_fsbl_bsp
20:04:50 INFO  : BSP regenerated successfully
20:04:50 INFO  : Generating BSP for the domain /mnt/Storage/SCHOOL/Capstone/bringup/ChaosCore-FPGA/RV32RocketFPGAConfig/RV32Rocket/platform/psu_cortexa53_0/standalone_psu_cortexa53_0/bsp
20:04:50 INFO  : lopper command to reconfigure BSP :python /tools/Xilinx/Vitis/2024.2/data/embeddedsw/scripts/pyesw//reconfig_bsp.py -d /mnt/Storage/SCHOOL/Capstone/bringup/ChaosCore-FPGA/RV32RocketFPGAConfig/RV32Rocket/platform/psu_cortexa53_0/standalone_psu_cortexa53_0/bsp
20:04:50 INFO  : bash, -c, source /tools/Xilinx/Vitis/2024.2/tps/lnx64/lopper-1.1.0/env/bin/activate && python /tools/Xilinx/Vitis/2024.2/data/embeddedsw/scripts/pyesw//reconfig_bsp.py -d /mnt/Storage/SCHOOL/Capstone/bringup/ChaosCore-FPGA/RV32RocketFPGAConfig/RV32Rocket/platform/psu_cortexa53_0/standalone_psu_cortexa53_0/bsp && deactivate
20:04:50 INFO  : Domain reconfigured successfully
20:04:50 INFO  : lopper command to regenerate BSP :python /tools/Xilinx/Vitis/2024.2/data/embeddedsw/scripts/pyesw//regen_bsp.py -s /mnt/Storage/SCHOOL/Capstone/bringup/ChaosCore-FPGA/RV32RocketFPGAConfig/RV32Rocket/platform/hw/sdt/system-top.dts -d /mnt/Storage/SCHOOL/Capstone/bringup/ChaosCore-FPGA/RV32RocketFPGAConfig/RV32Rocket/platform/psu_cortexa53_0/standalone_psu_cortexa53_0/bsp -r /mnt/Storage/SCHOOL/Capstone/bringup/ChaosCore-FPGA/RV32RocketFPGAConfig/RV32Rocket/_ide/.wsdata/.repo.yaml
20:04:50 INFO  : bash, -c, source /tools/Xilinx/Vitis/2024.2/tps/lnx64/lopper-1.1.0/env/bin/activate && python /tools/Xilinx/Vitis/2024.2/data/embeddedsw/scripts/pyesw//regen_bsp.py -s /mnt/Storage/SCHOOL/Capstone/bringup/ChaosCore-FPGA/RV32RocketFPGAConfig/RV32Rocket/platform/hw/sdt/system-top.dts -d /mnt/Storage/SCHOOL/Capstone/bringup/ChaosCore-FPGA/RV32RocketFPGAConfig/RV32Rocket/platform/psu_cortexa53_0/standalone_psu_cortexa53_0/bsp -r /mnt/Storage/SCHOOL/Capstone/bringup/ChaosCore-FPGA/RV32RocketFPGAConfig/RV32Rocket/_ide/.wsdata/.repo.yaml && deactivate
20:05:01 INFO  : -- Configuring done
20:05:01 INFO  : -- Generating done
20:05:01 INFO  : -- Build files have been written to: /mnt/Storage/SCHOOL/Capstone/bringup/ChaosCore-FPGA/RV32RocketFPGAConfig/RV32Rocket/platform/psu_cortexa53_0/standalone_psu_cortexa53_0/bsp/libsrc/build_configs/gen_bsp
20:05:01 INFO  : Successfully created Domain at /mnt/Storage/SCHOOL/Capstone/bringup/ChaosCore-FPGA/RV32RocketFPGAConfig/RV32Rocket/platform/psu_cortexa53_0/standalone_psu_cortexa53_0/bsp
20:05:01 INFO  : BSP regenerated successfully
20:05:01 INFO  : Hardware XSA update finished successfully
20:05:19 INFO  : BSP build will be initiated for Domain standalone_psu_cortexa53_0
20:05:19 INFO  : BSP build will be initiated for Domain zynqmp_fsbl
20:05:19 INFO  : Generating BSP for the domain /mnt/Storage/SCHOOL/Capstone/bringup/ChaosCore-FPGA/RV32RocketFPGAConfig/RV32Rocket/platform/zynqmp_fsbl/zynqmp_fsbl_bsp
20:05:19 INFO  : Generating BSP for the domain /mnt/Storage/SCHOOL/Capstone/bringup/ChaosCore-FPGA/RV32RocketFPGAConfig/RV32Rocket/platform/psu_cortexa53_0/standalone_psu_cortexa53_0/bsp
20:05:19 INFO  : lopper command to reconfigure BSP :python /tools/Xilinx/Vitis/2024.2/data/embeddedsw/scripts/pyesw//reconfig_bsp.py -d /mnt/Storage/SCHOOL/Capstone/bringup/ChaosCore-FPGA/RV32RocketFPGAConfig/RV32Rocket/platform/zynqmp_fsbl/zynqmp_fsbl_bsp
20:05:19 INFO  : lopper command to reconfigure BSP :python /tools/Xilinx/Vitis/2024.2/data/embeddedsw/scripts/pyesw//reconfig_bsp.py -d /mnt/Storage/SCHOOL/Capstone/bringup/ChaosCore-FPGA/RV32RocketFPGAConfig/RV32Rocket/platform/psu_cortexa53_0/standalone_psu_cortexa53_0/bsp
20:05:19 INFO  : bash, -c, source /tools/Xilinx/Vitis/2024.2/tps/lnx64/lopper-1.1.0/env/bin/activate && python /tools/Xilinx/Vitis/2024.2/data/embeddedsw/scripts/pyesw//reconfig_bsp.py -d /mnt/Storage/SCHOOL/Capstone/bringup/ChaosCore-FPGA/RV32RocketFPGAConfig/RV32Rocket/platform/zynqmp_fsbl/zynqmp_fsbl_bsp && deactivate
20:05:19 INFO  : bash, -c, source /tools/Xilinx/Vitis/2024.2/tps/lnx64/lopper-1.1.0/env/bin/activate && python /tools/Xilinx/Vitis/2024.2/data/embeddedsw/scripts/pyesw//reconfig_bsp.py -d /mnt/Storage/SCHOOL/Capstone/bringup/ChaosCore-FPGA/RV32RocketFPGAConfig/RV32Rocket/platform/psu_cortexa53_0/standalone_psu_cortexa53_0/bsp && deactivate
20:05:20 INFO  : Domain reconfigured successfully
20:05:20 INFO  : Generating BSP for the domain /mnt/Storage/SCHOOL/Capstone/bringup/ChaosCore-FPGA/RV32RocketFPGAConfig/RV32Rocket/platform/psu_cortexa53_0/standalone_psu_cortexa53_0/bsp
20:05:20 INFO  : lopper command to build BSP :python /tools/Xilinx/Vitis/2024.2/data/embeddedsw/scripts/pyesw//build_bsp.py -d /mnt/Storage/SCHOOL/Capstone/bringup/ChaosCore-FPGA/RV32RocketFPGAConfig/RV32Rocket/platform/psu_cortexa53_0/standalone_psu_cortexa53_0/bsp
20:05:20 INFO  : bash, -c, source /tools/Xilinx/Vitis/2024.2/tps/lnx64/lopper-1.1.0/env/bin/activate && python /tools/Xilinx/Vitis/2024.2/data/embeddedsw/scripts/pyesw//build_bsp.py -d /mnt/Storage/SCHOOL/Capstone/bringup/ChaosCore-FPGA/RV32RocketFPGAConfig/RV32Rocket/platform/psu_cortexa53_0/standalone_psu_cortexa53_0/bsp && deactivate
20:05:20 INFO  : Domain reconfigured successfully
20:05:20 INFO  : Generating BSP for the domain /mnt/Storage/SCHOOL/Capstone/bringup/ChaosCore-FPGA/RV32RocketFPGAConfig/RV32Rocket/platform/zynqmp_fsbl/zynqmp_fsbl_bsp
20:05:20 INFO  : lopper command to build BSP :python /tools/Xilinx/Vitis/2024.2/data/embeddedsw/scripts/pyesw//build_bsp.py -d /mnt/Storage/SCHOOL/Capstone/bringup/ChaosCore-FPGA/RV32RocketFPGAConfig/RV32Rocket/platform/zynqmp_fsbl/zynqmp_fsbl_bsp
20:05:20 INFO  : bash, -c, source /tools/Xilinx/Vitis/2024.2/tps/lnx64/lopper-1.1.0/env/bin/activate && python /tools/Xilinx/Vitis/2024.2/data/embeddedsw/scripts/pyesw//build_bsp.py -d /mnt/Storage/SCHOOL/Capstone/bringup/ChaosCore-FPGA/RV32RocketFPGAConfig/RV32Rocket/platform/zynqmp_fsbl/zynqmp_fsbl_bsp && deactivate
20:06:09 INFO  : Domain build successfully
20:06:10 INFO  : Domain build successfully
20:06:10 INFO  : Generating Boot ELFs
20:06:10 INFO  : lopper command to retarget baremetal application :python /tools/Xilinx/Vitis/2024.2/data/embeddedsw/scripts/pyesw//retarget_app.py -s /mnt/Storage/SCHOOL/Capstone/bringup/ChaosCore-FPGA/RV32RocketFPGAConfig/RV32Rocket/platform/zynqmp_fsbl -d /mnt/Storage/SCHOOL/Capstone/bringup/ChaosCore-FPGA/RV32RocketFPGAConfig/RV32Rocket/platform/zynqmp_fsbl/zynqmp_fsbl_bsp -b /mnt/Storage/SCHOOL/Capstone/bringup/ChaosCore-FPGA/RV32RocketFPGAConfig/RV32Rocket/platform/zynqmp_fsbl/build
20:06:10 INFO  : bash, -c, source /tools/Xilinx/Vitis/2024.2/tps/lnx64/lopper-1.1.0/env/bin/activate && python /tools/Xilinx/Vitis/2024.2/data/embeddedsw/scripts/pyesw//retarget_app.py -s /mnt/Storage/SCHOOL/Capstone/bringup/ChaosCore-FPGA/RV32RocketFPGAConfig/RV32Rocket/platform/zynqmp_fsbl -d /mnt/Storage/SCHOOL/Capstone/bringup/ChaosCore-FPGA/RV32RocketFPGAConfig/RV32Rocket/platform/zynqmp_fsbl/zynqmp_fsbl_bsp -b /mnt/Storage/SCHOOL/Capstone/bringup/ChaosCore-FPGA/RV32RocketFPGAConfig/RV32Rocket/platform/zynqmp_fsbl/build && deactivate
20:06:10 INFO  : Successfully retargeted Application /mnt/Storage/SCHOOL/Capstone/bringup/ChaosCore-FPGA/RV32RocketFPGAConfig/RV32Rocket/platform/zynqmp_fsbl
20:06:10 INFO  : lopper command to build baremetal application :python /tools/Xilinx/Vitis/2024.2/data/embeddedsw/scripts/pyesw//build_app.py -s /mnt/Storage/SCHOOL/Capstone/bringup/ChaosCore-FPGA/RV32RocketFPGAConfig/RV32Rocket/platform/zynqmp_fsbl -b /mnt/Storage/SCHOOL/Capstone/bringup/ChaosCore-FPGA/RV32RocketFPGAConfig/RV32Rocket/platform/zynqmp_fsbl/build
20:06:10 INFO  : bash, -c, source /tools/Xilinx/Vitis/2024.2/tps/lnx64/lopper-1.1.0/env/bin/activate && python /tools/Xilinx/Vitis/2024.2/data/embeddedsw/scripts/pyesw//build_app.py -s /mnt/Storage/SCHOOL/Capstone/bringup/ChaosCore-FPGA/RV32RocketFPGAConfig/RV32Rocket/platform/zynqmp_fsbl -b /mnt/Storage/SCHOOL/Capstone/bringup/ChaosCore-FPGA/RV32RocketFPGAConfig/RV32Rocket/platform/zynqmp_fsbl/build && deactivate
20:06:14 INFO  : Successfully building the baremetal application/mnt/Storage/SCHOOL/Capstone/bringup/ChaosCore-FPGA/RV32RocketFPGAConfig/RV32Rocket/platform/zynqmp_fsbl/build
20:06:14 INFO  : Generating Export directory
20:06:15 INFO  : Platform Build Finished successfully.
20:06:25 INFO  : The hardware specification used by project '/mnt/Storage/SCHOOL/Capstone/bringup/ChaosCore-FPGA/RV32RocketFPGAConfig/RV32Rocket/hello_world' is out of sync with the platform. Resource files extracted from the hardware specification will be updated.
20:06:26 INFO  : The file '/mnt/Storage/SCHOOL/Capstone/bringup/ChaosCore-FPGA/RV32RocketFPGAConfig/RV32Rocket/hello_world/_ide/bitstream/BD_wrapper.bit' stored in project is removed.
20:06:26 INFO  : The updated bitstream files are copied from platform to folder '/mnt/Storage/SCHOOL/Capstone/bringup/ChaosCore-FPGA/RV32RocketFPGAConfig/RV32Rocket/hello_world/_ide/bitstream' in project '/mnt/Storage/SCHOOL/Capstone/bringup/ChaosCore-FPGA/RV32RocketFPGAConfig/RV32Rocket/hello_world'.
20:06:26 INFO  : The file '/mnt/Storage/SCHOOL/Capstone/bringup/ChaosCore-FPGA/RV32RocketFPGAConfig/RV32Rocket/hello_world/_ide/psinit/psu_init.tcl' stored in project is removed.
20:06:26 INFO  : The updated ps init files are copied from platform to folder '/mnt/Storage/SCHOOL/Capstone/bringup/ChaosCore-FPGA/RV32RocketFPGAConfig/RV32Rocket/hello_world/_ide/psinit' in project '/mnt/Storage/SCHOOL/Capstone/bringup/ChaosCore-FPGA/RV32RocketFPGAConfig/RV32Rocket/hello_world'.
20:06:32 INFO  : Connected to target on host '127.0.0.1' and port '3121'.
20:06:33 INFO  : Connected to target on host '127.0.0.1' and port '3121'.
20:06:33 INFO  : 'targets -set -filter {jtag_cable_name =~ "Avnet USB-to-JTAG/UART Pod V1 1234-oj1A" && level==0 && jtag_device_ctx=="jsn-USB-to-JTAG/UART Pod V1-1234-oj1A-14710093-0"}' command is executed.
20:06:36 INFO  : Device configured successfully with "/mnt/Storage/SCHOOL/Capstone/bringup/ChaosCore-FPGA/RV32RocketFPGAConfig/RV32Rocket/hello_world/_ide/bitstream/BD_wrapper.bit"
20:06:42 INFO  : BSP build will be initiated for Domain standalone_psu_cortexa53_0
20:06:42 INFO  : BSP build will be initiated for Domain zynqmp_fsbl
20:06:42 INFO  : Generating BSP for the domain /mnt/Storage/SCHOOL/Capstone/bringup/ChaosCore-FPGA/RV32RocketFPGAConfig/RV32Rocket/platform/psu_cortexa53_0/standalone_psu_cortexa53_0/bsp
20:06:42 INFO  : Generating BSP for the domain /mnt/Storage/SCHOOL/Capstone/bringup/ChaosCore-FPGA/RV32RocketFPGAConfig/RV32Rocket/platform/zynqmp_fsbl/zynqmp_fsbl_bsp
20:06:42 INFO  : lopper command to reconfigure BSP :python /tools/Xilinx/Vitis/2024.2/data/embeddedsw/scripts/pyesw//reconfig_bsp.py -d /mnt/Storage/SCHOOL/Capstone/bringup/ChaosCore-FPGA/RV32RocketFPGAConfig/RV32Rocket/platform/psu_cortexa53_0/standalone_psu_cortexa53_0/bsp
20:06:42 INFO  : lopper command to reconfigure BSP :python /tools/Xilinx/Vitis/2024.2/data/embeddedsw/scripts/pyesw//reconfig_bsp.py -d /mnt/Storage/SCHOOL/Capstone/bringup/ChaosCore-FPGA/RV32RocketFPGAConfig/RV32Rocket/platform/zynqmp_fsbl/zynqmp_fsbl_bsp
20:06:42 INFO  : bash, -c, source /tools/Xilinx/Vitis/2024.2/tps/lnx64/lopper-1.1.0/env/bin/activate && python /tools/Xilinx/Vitis/2024.2/data/embeddedsw/scripts/pyesw//reconfig_bsp.py -d /mnt/Storage/SCHOOL/Capstone/bringup/ChaosCore-FPGA/RV32RocketFPGAConfig/RV32Rocket/platform/zynqmp_fsbl/zynqmp_fsbl_bsp && deactivate
20:06:42 INFO  : bash, -c, source /tools/Xilinx/Vitis/2024.2/tps/lnx64/lopper-1.1.0/env/bin/activate && python /tools/Xilinx/Vitis/2024.2/data/embeddedsw/scripts/pyesw//reconfig_bsp.py -d /mnt/Storage/SCHOOL/Capstone/bringup/ChaosCore-FPGA/RV32RocketFPGAConfig/RV32Rocket/platform/psu_cortexa53_0/standalone_psu_cortexa53_0/bsp && deactivate
20:06:43 INFO  : Domain reconfigured successfully
20:06:43 INFO  : Generating BSP for the domain /mnt/Storage/SCHOOL/Capstone/bringup/ChaosCore-FPGA/RV32RocketFPGAConfig/RV32Rocket/platform/psu_cortexa53_0/standalone_psu_cortexa53_0/bsp
20:06:43 INFO  : lopper command to build BSP :python /tools/Xilinx/Vitis/2024.2/data/embeddedsw/scripts/pyesw//build_bsp.py -d /mnt/Storage/SCHOOL/Capstone/bringup/ChaosCore-FPGA/RV32RocketFPGAConfig/RV32Rocket/platform/psu_cortexa53_0/standalone_psu_cortexa53_0/bsp
20:06:43 INFO  : bash, -c, source /tools/Xilinx/Vitis/2024.2/tps/lnx64/lopper-1.1.0/env/bin/activate && python /tools/Xilinx/Vitis/2024.2/data/embeddedsw/scripts/pyesw//build_bsp.py -d /mnt/Storage/SCHOOL/Capstone/bringup/ChaosCore-FPGA/RV32RocketFPGAConfig/RV32Rocket/platform/psu_cortexa53_0/standalone_psu_cortexa53_0/bsp && deactivate
20:06:43 INFO  : Domain reconfigured successfully
20:06:43 INFO  : Generating BSP for the domain /mnt/Storage/SCHOOL/Capstone/bringup/ChaosCore-FPGA/RV32RocketFPGAConfig/RV32Rocket/platform/zynqmp_fsbl/zynqmp_fsbl_bsp
20:06:43 INFO  : lopper command to build BSP :python /tools/Xilinx/Vitis/2024.2/data/embeddedsw/scripts/pyesw//build_bsp.py -d /mnt/Storage/SCHOOL/Capstone/bringup/ChaosCore-FPGA/RV32RocketFPGAConfig/RV32Rocket/platform/zynqmp_fsbl/zynqmp_fsbl_bsp
20:06:43 INFO  : bash, -c, source /tools/Xilinx/Vitis/2024.2/tps/lnx64/lopper-1.1.0/env/bin/activate && python /tools/Xilinx/Vitis/2024.2/data/embeddedsw/scripts/pyesw//build_bsp.py -d /mnt/Storage/SCHOOL/Capstone/bringup/ChaosCore-FPGA/RV32RocketFPGAConfig/RV32Rocket/platform/zynqmp_fsbl/zynqmp_fsbl_bsp && deactivate
20:06:43 INFO  : Domain build successfully
20:06:43 INFO  : Domain build successfully
20:06:43 INFO  : Generating Boot ELFs
20:06:43 INFO  : lopper command to retarget baremetal application :python /tools/Xilinx/Vitis/2024.2/data/embeddedsw/scripts/pyesw//retarget_app.py -s /mnt/Storage/SCHOOL/Capstone/bringup/ChaosCore-FPGA/RV32RocketFPGAConfig/RV32Rocket/platform/zynqmp_fsbl -d /mnt/Storage/SCHOOL/Capstone/bringup/ChaosCore-FPGA/RV32RocketFPGAConfig/RV32Rocket/platform/zynqmp_fsbl/zynqmp_fsbl_bsp -b /mnt/Storage/SCHOOL/Capstone/bringup/ChaosCore-FPGA/RV32RocketFPGAConfig/RV32Rocket/platform/zynqmp_fsbl/build
20:06:43 INFO  : bash, -c, source /tools/Xilinx/Vitis/2024.2/tps/lnx64/lopper-1.1.0/env/bin/activate && python /tools/Xilinx/Vitis/2024.2/data/embeddedsw/scripts/pyesw//retarget_app.py -s /mnt/Storage/SCHOOL/Capstone/bringup/ChaosCore-FPGA/RV32RocketFPGAConfig/RV32Rocket/platform/zynqmp_fsbl -d /mnt/Storage/SCHOOL/Capstone/bringup/ChaosCore-FPGA/RV32RocketFPGAConfig/RV32Rocket/platform/zynqmp_fsbl/zynqmp_fsbl_bsp -b /mnt/Storage/SCHOOL/Capstone/bringup/ChaosCore-FPGA/RV32RocketFPGAConfig/RV32Rocket/platform/zynqmp_fsbl/build && deactivate
20:06:44 INFO  : Successfully retargeted Application /mnt/Storage/SCHOOL/Capstone/bringup/ChaosCore-FPGA/RV32RocketFPGAConfig/RV32Rocket/platform/zynqmp_fsbl
20:06:44 INFO  : lopper command to build baremetal application :python /tools/Xilinx/Vitis/2024.2/data/embeddedsw/scripts/pyesw//build_app.py -s /mnt/Storage/SCHOOL/Capstone/bringup/ChaosCore-FPGA/RV32RocketFPGAConfig/RV32Rocket/platform/zynqmp_fsbl -b /mnt/Storage/SCHOOL/Capstone/bringup/ChaosCore-FPGA/RV32RocketFPGAConfig/RV32Rocket/platform/zynqmp_fsbl/build
20:06:44 INFO  : bash, -c, source /tools/Xilinx/Vitis/2024.2/tps/lnx64/lopper-1.1.0/env/bin/activate && python /tools/Xilinx/Vitis/2024.2/data/embeddedsw/scripts/pyesw//build_app.py -s /mnt/Storage/SCHOOL/Capstone/bringup/ChaosCore-FPGA/RV32RocketFPGAConfig/RV32Rocket/platform/zynqmp_fsbl -b /mnt/Storage/SCHOOL/Capstone/bringup/ChaosCore-FPGA/RV32RocketFPGAConfig/RV32Rocket/platform/zynqmp_fsbl/build && deactivate
20:06:47 INFO  : Successfully building the baremetal application/mnt/Storage/SCHOOL/Capstone/bringup/ChaosCore-FPGA/RV32RocketFPGAConfig/RV32Rocket/platform/zynqmp_fsbl/build
20:06:47 INFO  : Generating Export directory
20:06:47 INFO  : Platform Build Finished successfully.
20:06:48 INFO  : lopper command to retarget baremetal application :python /tools/Xilinx/Vitis/2024.2/data/embeddedsw/scripts/pyesw//retarget_app.py -s /mnt/Storage/SCHOOL/Capstone/bringup/ChaosCore-FPGA/RV32RocketFPGAConfig/RV32Rocket/hello_world/src -d /mnt/Storage/SCHOOL/Capstone/bringup/ChaosCore-FPGA/RV32RocketFPGAConfig/RV32Rocket/platform/export/platform/sw/standalone_psu_cortexa53_0 -b /mnt/Storage/SCHOOL/Capstone/bringup/ChaosCore-FPGA/RV32RocketFPGAConfig/RV32Rocket/hello_world/build
20:06:48 INFO  : bash, -c, source /tools/Xilinx/Vitis/2024.2/tps/lnx64/lopper-1.1.0/env/bin/activate && python /tools/Xilinx/Vitis/2024.2/data/embeddedsw/scripts/pyesw//retarget_app.py -s /mnt/Storage/SCHOOL/Capstone/bringup/ChaosCore-FPGA/RV32RocketFPGAConfig/RV32Rocket/hello_world/src -d /mnt/Storage/SCHOOL/Capstone/bringup/ChaosCore-FPGA/RV32RocketFPGAConfig/RV32Rocket/platform/export/platform/sw/standalone_psu_cortexa53_0 -b /mnt/Storage/SCHOOL/Capstone/bringup/ChaosCore-FPGA/RV32RocketFPGAConfig/RV32Rocket/hello_world/build && deactivate
20:06:48 INFO  : Successfully retargeted Application /mnt/Storage/SCHOOL/Capstone/bringup/ChaosCore-FPGA/RV32RocketFPGAConfig/RV32Rocket/hello_world/src
20:06:48 INFO  : bash, -c, source /tools/Xilinx/Vitis/2024.2/tps/lnx64/lopper-1.1.0/env/bin/activate && python /tools/Xilinx/Vitis/2024.2/data/embeddedsw/scripts/pyesw//build_app.py -s /mnt/Storage/SCHOOL/Capstone/bringup/ChaosCore-FPGA/RV32RocketFPGAConfig/RV32Rocket/hello_world/src -b /mnt/Storage/SCHOOL/Capstone/bringup/ChaosCore-FPGA/RV32RocketFPGAConfig/RV32Rocket/hello_world/build && deactivate
20:07:42 INFO  : The updated bitstream files are copied from platform to folder '/mnt/Storage/SCHOOL/Capstone/bringup/ChaosCore-FPGA/RV32RocketFPGAConfig/RV32Rocket/hello_world/_ide/bitstream' in project '/mnt/Storage/SCHOOL/Capstone/bringup/ChaosCore-FPGA/RV32RocketFPGAConfig/RV32Rocket/hello_world'.
20:07:42 INFO  : The updated ps init files are copied from platform to folder '/mnt/Storage/SCHOOL/Capstone/bringup/ChaosCore-FPGA/RV32RocketFPGAConfig/RV32Rocket/hello_world/_ide/psinit' in project '/mnt/Storage/SCHOOL/Capstone/bringup/ChaosCore-FPGA/RV32RocketFPGAConfig/RV32Rocket/hello_world'.
20:07:43 INFO  : Connected to target on host '127.0.0.1' and port '3121'.
20:07:43 INFO  : Connected to target on host '127.0.0.1' and port '3121'.
20:07:43 INFO  : 'targets -set -filter {jtag_cable_name =~ "Avnet USB-to-JTAG/UART Pod V1 1234-oj1A" && level==0 && jtag_device_ctx=="jsn-USB-to-JTAG/UART Pod V1-1234-oj1A-14710093-0"}' command is executed.
20:07:47 INFO  : Device configured successfully with "/mnt/Storage/SCHOOL/Capstone/bringup/ChaosCore-FPGA/RV32RocketFPGAConfig/RV32Rocket/hello_world/_ide/bitstream/BD_wrapper.bit"
20:08:09 INFO  : connect -url tcp:127.0.0.1:3121
20:08:09 INFO  : bpremove -all
20:08:09 INFO  : source /tools/Xilinx/Vitis/2024.2/scripts/vitis/util/zynqmp_utils.tcl
20:08:09 INFO  : Context for 'APU' is selected.
20:08:10 INFO  : System reset is completed.
20:08:13 INFO  : 'after 3000' command is executed.
20:08:13 INFO  : 'targets -set -filter {jtag_cable_name =~ "Avnet USB-to-JTAG/UART Pod V1 1234-oj1A" && level==0 && jtag_device_ctx=="jsn-USB-to-JTAG/UART Pod V1-1234-oj1A-14710093-0"}' command is executed.
20:08:16 INFO  : Device configured successfully with "/mnt/Storage/SCHOOL/Capstone/bringup/ChaosCore-FPGA/RV32RocketFPGAConfig/RV32Rocket/hello_world/_ide/bitstream/BD_wrapper.bit"
20:08:16 INFO  : targets -set -nocase -filter {name =~"PSU*"}
20:08:16 INFO  : catch {disable_pmu_gate}
20:08:16 INFO  : targets -set -nocase -filter {name =~"APU*"}
20:08:16 INFO  : loadhw -hw /mnt/Storage/SCHOOL/Capstone/bringup/ChaosCore-FPGA/RV32RocketFPGAConfig/RV32Rocket/platform/export/platform/hw/BD_wrapper.xsa -mem-ranges [list {0x80000000 0xbfffffff} {0x400000000 0x5ffffffff} {0x1000000000 0x7fffffffff}]
20:08:16 INFO  : configparams force-mem-access 1
20:08:17 INFO  : targets -set -nocase -filter {name =~"APU*"}
20:08:17 INFO  : source /tools/Xilinx/Vitis/2024.2/vitis-server/scripts/jtag_reg.tcl
20:08:17 INFO  : Boot mode is read from the target.
20:08:17 INFO  : targets -set -nocase -filter {name =~ "*A53*#0"}
20:08:17 INFO  : rst -processor
20:08:17 INFO  : dow /mnt/Storage/SCHOOL/Capstone/bringup/ChaosCore-FPGA/RV32RocketFPGAConfig/RV32Rocket/platform/export/platform/sw/boot/fsbl.elf
20:08:17 INFO  : set bp_8_17_fsbl_bp [bpadd -addr &XFsbl_Exit]
20:08:18 INFO  : con -block -timeout 60
20:08:18 INFO  : bpremove $bp_8_17_fsbl_bp
20:08:18 INFO  : targets -set -nocase -filter {name =~ "*A53*#0"}
20:08:18 INFO  : rst -processor
20:08:19 INFO  : dow /mnt/Storage/SCHOOL/Capstone/bringup/ChaosCore-FPGA/RV32RocketFPGAConfig/RV32Rocket/hello_world/build/hello_world.elf
20:08:19 INFO  : con
20:08:19 INFO  : configparams force-mem-access 0
20:08:20 INFO  : Testing the connection for 127.0.0.1
20:16:46 INFO  : BSP build will be initiated for Domain zynqmp_fsbl
20:16:46 INFO  : BSP build will be initiated for Domain standalone_psu_cortexa53_0
20:16:46 INFO  : Generating BSP for the domain /mnt/Storage/SCHOOL/Capstone/bringup/ChaosCore-FPGA/RV32RocketFPGAConfig/RV32Rocket/platform/zynqmp_fsbl/zynqmp_fsbl_bsp
20:16:46 INFO  : Generating BSP for the domain /mnt/Storage/SCHOOL/Capstone/bringup/ChaosCore-FPGA/RV32RocketFPGAConfig/RV32Rocket/platform/psu_cortexa53_0/standalone_psu_cortexa53_0/bsp
20:16:46 INFO  : lopper command to reconfigure BSP :python /tools/Xilinx/Vitis/2024.2/data/embeddedsw/scripts/pyesw//reconfig_bsp.py -d /mnt/Storage/SCHOOL/Capstone/bringup/ChaosCore-FPGA/RV32RocketFPGAConfig/RV32Rocket/platform/zynqmp_fsbl/zynqmp_fsbl_bsp
20:16:46 INFO  : lopper command to reconfigure BSP :python /tools/Xilinx/Vitis/2024.2/data/embeddedsw/scripts/pyesw//reconfig_bsp.py -d /mnt/Storage/SCHOOL/Capstone/bringup/ChaosCore-FPGA/RV32RocketFPGAConfig/RV32Rocket/platform/psu_cortexa53_0/standalone_psu_cortexa53_0/bsp
20:16:46 INFO  : bash, -c, source /tools/Xilinx/Vitis/2024.2/tps/lnx64/lopper-1.1.0/env/bin/activate && python /tools/Xilinx/Vitis/2024.2/data/embeddedsw/scripts/pyesw//reconfig_bsp.py -d /mnt/Storage/SCHOOL/Capstone/bringup/ChaosCore-FPGA/RV32RocketFPGAConfig/RV32Rocket/platform/zynqmp_fsbl/zynqmp_fsbl_bsp && deactivate
20:16:46 INFO  : bash, -c, source /tools/Xilinx/Vitis/2024.2/tps/lnx64/lopper-1.1.0/env/bin/activate && python /tools/Xilinx/Vitis/2024.2/data/embeddedsw/scripts/pyesw//reconfig_bsp.py -d /mnt/Storage/SCHOOL/Capstone/bringup/ChaosCore-FPGA/RV32RocketFPGAConfig/RV32Rocket/platform/psu_cortexa53_0/standalone_psu_cortexa53_0/bsp && deactivate
20:16:46 INFO  : Domain reconfigured successfully
20:16:46 INFO  : Generating BSP for the domain /mnt/Storage/SCHOOL/Capstone/bringup/ChaosCore-FPGA/RV32RocketFPGAConfig/RV32Rocket/platform/psu_cortexa53_0/standalone_psu_cortexa53_0/bsp
20:16:46 INFO  : lopper command to build BSP :python /tools/Xilinx/Vitis/2024.2/data/embeddedsw/scripts/pyesw//build_bsp.py -d /mnt/Storage/SCHOOL/Capstone/bringup/ChaosCore-FPGA/RV32RocketFPGAConfig/RV32Rocket/platform/psu_cortexa53_0/standalone_psu_cortexa53_0/bsp
20:16:46 INFO  : bash, -c, source /tools/Xilinx/Vitis/2024.2/tps/lnx64/lopper-1.1.0/env/bin/activate && python /tools/Xilinx/Vitis/2024.2/data/embeddedsw/scripts/pyesw//build_bsp.py -d /mnt/Storage/SCHOOL/Capstone/bringup/ChaosCore-FPGA/RV32RocketFPGAConfig/RV32Rocket/platform/psu_cortexa53_0/standalone_psu_cortexa53_0/bsp && deactivate
20:16:46 INFO  : Domain reconfigured successfully
20:16:46 INFO  : Generating BSP for the domain /mnt/Storage/SCHOOL/Capstone/bringup/ChaosCore-FPGA/RV32RocketFPGAConfig/RV32Rocket/platform/zynqmp_fsbl/zynqmp_fsbl_bsp
20:16:46 INFO  : lopper command to build BSP :python /tools/Xilinx/Vitis/2024.2/data/embeddedsw/scripts/pyesw//build_bsp.py -d /mnt/Storage/SCHOOL/Capstone/bringup/ChaosCore-FPGA/RV32RocketFPGAConfig/RV32Rocket/platform/zynqmp_fsbl/zynqmp_fsbl_bsp
20:16:46 INFO  : bash, -c, source /tools/Xilinx/Vitis/2024.2/tps/lnx64/lopper-1.1.0/env/bin/activate && python /tools/Xilinx/Vitis/2024.2/data/embeddedsw/scripts/pyesw//build_bsp.py -d /mnt/Storage/SCHOOL/Capstone/bringup/ChaosCore-FPGA/RV32RocketFPGAConfig/RV32Rocket/platform/zynqmp_fsbl/zynqmp_fsbl_bsp && deactivate
20:16:46 INFO  : Domain build successfully
20:16:46 INFO  : Domain build successfully
20:16:46 INFO  : Generating Boot ELFs
20:16:46 INFO  : lopper command to retarget baremetal application :python /tools/Xilinx/Vitis/2024.2/data/embeddedsw/scripts/pyesw//retarget_app.py -s /mnt/Storage/SCHOOL/Capstone/bringup/ChaosCore-FPGA/RV32RocketFPGAConfig/RV32Rocket/platform/zynqmp_fsbl -d /mnt/Storage/SCHOOL/Capstone/bringup/ChaosCore-FPGA/RV32RocketFPGAConfig/RV32Rocket/platform/zynqmp_fsbl/zynqmp_fsbl_bsp -b /mnt/Storage/SCHOOL/Capstone/bringup/ChaosCore-FPGA/RV32RocketFPGAConfig/RV32Rocket/platform/zynqmp_fsbl/build
20:16:46 INFO  : bash, -c, source /tools/Xilinx/Vitis/2024.2/tps/lnx64/lopper-1.1.0/env/bin/activate && python /tools/Xilinx/Vitis/2024.2/data/embeddedsw/scripts/pyesw//retarget_app.py -s /mnt/Storage/SCHOOL/Capstone/bringup/ChaosCore-FPGA/RV32RocketFPGAConfig/RV32Rocket/platform/zynqmp_fsbl -d /mnt/Storage/SCHOOL/Capstone/bringup/ChaosCore-FPGA/RV32RocketFPGAConfig/RV32Rocket/platform/zynqmp_fsbl/zynqmp_fsbl_bsp -b /mnt/Storage/SCHOOL/Capstone/bringup/ChaosCore-FPGA/RV32RocketFPGAConfig/RV32Rocket/platform/zynqmp_fsbl/build && deactivate
20:16:47 INFO  : Successfully retargeted Application /mnt/Storage/SCHOOL/Capstone/bringup/ChaosCore-FPGA/RV32RocketFPGAConfig/RV32Rocket/platform/zynqmp_fsbl
20:16:47 INFO  : lopper command to build baremetal application :python /tools/Xilinx/Vitis/2024.2/data/embeddedsw/scripts/pyesw//build_app.py -s /mnt/Storage/SCHOOL/Capstone/bringup/ChaosCore-FPGA/RV32RocketFPGAConfig/RV32Rocket/platform/zynqmp_fsbl -b /mnt/Storage/SCHOOL/Capstone/bringup/ChaosCore-FPGA/RV32RocketFPGAConfig/RV32Rocket/platform/zynqmp_fsbl/build
20:16:47 INFO  : bash, -c, source /tools/Xilinx/Vitis/2024.2/tps/lnx64/lopper-1.1.0/env/bin/activate && python /tools/Xilinx/Vitis/2024.2/data/embeddedsw/scripts/pyesw//build_app.py -s /mnt/Storage/SCHOOL/Capstone/bringup/ChaosCore-FPGA/RV32RocketFPGAConfig/RV32Rocket/platform/zynqmp_fsbl -b /mnt/Storage/SCHOOL/Capstone/bringup/ChaosCore-FPGA/RV32RocketFPGAConfig/RV32Rocket/platform/zynqmp_fsbl/build && deactivate
20:16:50 INFO  : Successfully building the baremetal application/mnt/Storage/SCHOOL/Capstone/bringup/ChaosCore-FPGA/RV32RocketFPGAConfig/RV32Rocket/platform/zynqmp_fsbl/build
20:16:50 INFO  : Generating Export directory
20:16:50 INFO  : Platform Build Finished successfully.
20:16:50 INFO  : connect -url tcp:127.0.0.1:3121
20:16:50 INFO  : bpremove -all
20:16:50 INFO  : source /tools/Xilinx/Vitis/2024.2/scripts/vitis/util/zynqmp_utils.tcl
20:16:50 INFO  : Context for 'APU' is selected.
20:16:51 INFO  : System reset is completed.
20:16:51 INFO  : disconnect
20:16:52 INFO  : lopper command to retarget baremetal application :python /tools/Xilinx/Vitis/2024.2/data/embeddedsw/scripts/pyesw//retarget_app.py -s /mnt/Storage/SCHOOL/Capstone/bringup/ChaosCore-FPGA/RV32RocketFPGAConfig/RV32Rocket/hello_world/src -d /mnt/Storage/SCHOOL/Capstone/bringup/ChaosCore-FPGA/RV32RocketFPGAConfig/RV32Rocket/platform/export/platform/sw/standalone_psu_cortexa53_0 -b /mnt/Storage/SCHOOL/Capstone/bringup/ChaosCore-FPGA/RV32RocketFPGAConfig/RV32Rocket/hello_world/build
20:16:52 INFO  : bash, -c, source /tools/Xilinx/Vitis/2024.2/tps/lnx64/lopper-1.1.0/env/bin/activate && python /tools/Xilinx/Vitis/2024.2/data/embeddedsw/scripts/pyesw//retarget_app.py -s /mnt/Storage/SCHOOL/Capstone/bringup/ChaosCore-FPGA/RV32RocketFPGAConfig/RV32Rocket/hello_world/src -d /mnt/Storage/SCHOOL/Capstone/bringup/ChaosCore-FPGA/RV32RocketFPGAConfig/RV32Rocket/platform/export/platform/sw/standalone_psu_cortexa53_0 -b /mnt/Storage/SCHOOL/Capstone/bringup/ChaosCore-FPGA/RV32RocketFPGAConfig/RV32Rocket/hello_world/build && deactivate
20:16:52 INFO  : Successfully retargeted Application /mnt/Storage/SCHOOL/Capstone/bringup/ChaosCore-FPGA/RV32RocketFPGAConfig/RV32Rocket/hello_world/src
20:16:52 INFO  : bash, -c, source /tools/Xilinx/Vitis/2024.2/tps/lnx64/lopper-1.1.0/env/bin/activate && python /tools/Xilinx/Vitis/2024.2/data/embeddedsw/scripts/pyesw//build_app.py -s /mnt/Storage/SCHOOL/Capstone/bringup/ChaosCore-FPGA/RV32RocketFPGAConfig/RV32Rocket/hello_world/src -b /mnt/Storage/SCHOOL/Capstone/bringup/ChaosCore-FPGA/RV32RocketFPGAConfig/RV32Rocket/hello_world/build && deactivate
20:16:54 INFO  : 'after 3000' command is executed.
20:16:54 ERROR : Failed to initialize the hardware Invalid target. Use "connect" command to connect to hw_server/TCF agent
20:16:59 INFO  : connect -url tcp:127.0.0.1:3121
20:16:59 INFO  : bpremove -all
20:16:59 INFO  : source /tools/Xilinx/Vitis/2024.2/scripts/vitis/util/zynqmp_utils.tcl
20:16:59 INFO  : Context for 'APU' is selected.
20:16:59 INFO  : System reset is completed.
20:17:02 INFO  : 'after 3000' command is executed.
20:17:03 INFO  : 'targets -set -filter {jtag_cable_name =~ "Avnet USB-to-JTAG/UART Pod V1 1234-oj1A" && level==0 && jtag_device_ctx=="jsn-USB-to-JTAG/UART Pod V1-1234-oj1A-14710093-0"}' command is executed.
20:17:06 INFO  : Device configured successfully with "/mnt/Storage/SCHOOL/Capstone/bringup/ChaosCore-FPGA/RV32RocketFPGAConfig/RV32Rocket/hello_world/_ide/bitstream/BD_wrapper.bit"
20:17:06 INFO  : targets -set -nocase -filter {name =~"PSU*"}
20:17:06 INFO  : catch {disable_pmu_gate}
20:17:06 INFO  : targets -set -nocase -filter {name =~"APU*"}
20:17:06 INFO  : loadhw -hw /mnt/Storage/SCHOOL/Capstone/bringup/ChaosCore-FPGA/RV32RocketFPGAConfig/RV32Rocket/platform/export/platform/hw/BD_wrapper.xsa -mem-ranges [list {0x80000000 0xbfffffff} {0x400000000 0x5ffffffff} {0x1000000000 0x7fffffffff}]
20:17:06 INFO  : configparams force-mem-access 1
20:17:06 INFO  : targets -set -nocase -filter {name =~"APU*"}
20:17:06 INFO  : source /tools/Xilinx/Vitis/2024.2/vitis-server/scripts/jtag_reg.tcl
20:17:06 INFO  : Boot mode is read from the target.
20:17:06 INFO  : targets -set -nocase -filter {name =~ "*A53*#0"}
20:17:06 INFO  : rst -processor
20:17:06 INFO  : dow /mnt/Storage/SCHOOL/Capstone/bringup/ChaosCore-FPGA/RV32RocketFPGAConfig/RV32Rocket/platform/export/platform/sw/boot/fsbl.elf
20:17:06 INFO  : set bp_17_6_fsbl_bp [bpadd -addr &XFsbl_Exit]
20:17:07 INFO  : con -block -timeout 60
20:17:07 INFO  : bpremove $bp_17_6_fsbl_bp
20:17:07 INFO  : targets -set -nocase -filter {name =~ "*A53*#0"}
20:17:08 INFO  : rst -processor
20:17:08 INFO  : dow /mnt/Storage/SCHOOL/Capstone/bringup/ChaosCore-FPGA/RV32RocketFPGAConfig/RV32Rocket/hello_world/build/hello_world.elf
20:17:08 INFO  : con
20:17:08 INFO  : configparams force-mem-access 0
20:17:09 INFO  : Testing the connection for 127.0.0.1
20:21:40 INFO  : BSP build will be initiated for Domain standalone_psu_cortexa53_0
20:21:40 INFO  : BSP build will be initiated for Domain zynqmp_fsbl
20:21:40 INFO  : Generating BSP for the domain /mnt/Storage/SCHOOL/Capstone/bringup/ChaosCore-FPGA/RV32RocketFPGAConfig/RV32Rocket/platform/psu_cortexa53_0/standalone_psu_cortexa53_0/bsp
20:21:40 INFO  : Generating BSP for the domain /mnt/Storage/SCHOOL/Capstone/bringup/ChaosCore-FPGA/RV32RocketFPGAConfig/RV32Rocket/platform/zynqmp_fsbl/zynqmp_fsbl_bsp
20:21:40 INFO  : lopper command to reconfigure BSP :python /tools/Xilinx/Vitis/2024.2/data/embeddedsw/scripts/pyesw//reconfig_bsp.py -d /mnt/Storage/SCHOOL/Capstone/bringup/ChaosCore-FPGA/RV32RocketFPGAConfig/RV32Rocket/platform/psu_cortexa53_0/standalone_psu_cortexa53_0/bsp
20:21:40 INFO  : lopper command to reconfigure BSP :python /tools/Xilinx/Vitis/2024.2/data/embeddedsw/scripts/pyesw//reconfig_bsp.py -d /mnt/Storage/SCHOOL/Capstone/bringup/ChaosCore-FPGA/RV32RocketFPGAConfig/RV32Rocket/platform/zynqmp_fsbl/zynqmp_fsbl_bsp
20:21:40 INFO  : bash, -c, source /tools/Xilinx/Vitis/2024.2/tps/lnx64/lopper-1.1.0/env/bin/activate && python /tools/Xilinx/Vitis/2024.2/data/embeddedsw/scripts/pyesw//reconfig_bsp.py -d /mnt/Storage/SCHOOL/Capstone/bringup/ChaosCore-FPGA/RV32RocketFPGAConfig/RV32Rocket/platform/psu_cortexa53_0/standalone_psu_cortexa53_0/bsp && deactivate
20:21:40 INFO  : bash, -c, source /tools/Xilinx/Vitis/2024.2/tps/lnx64/lopper-1.1.0/env/bin/activate && python /tools/Xilinx/Vitis/2024.2/data/embeddedsw/scripts/pyesw//reconfig_bsp.py -d /mnt/Storage/SCHOOL/Capstone/bringup/ChaosCore-FPGA/RV32RocketFPGAConfig/RV32Rocket/platform/zynqmp_fsbl/zynqmp_fsbl_bsp && deactivate
20:21:41 INFO  : Domain reconfigured successfully
20:21:41 INFO  : Generating BSP for the domain /mnt/Storage/SCHOOL/Capstone/bringup/ChaosCore-FPGA/RV32RocketFPGAConfig/RV32Rocket/platform/psu_cortexa53_0/standalone_psu_cortexa53_0/bsp
20:21:41 INFO  : lopper command to build BSP :python /tools/Xilinx/Vitis/2024.2/data/embeddedsw/scripts/pyesw//build_bsp.py -d /mnt/Storage/SCHOOL/Capstone/bringup/ChaosCore-FPGA/RV32RocketFPGAConfig/RV32Rocket/platform/psu_cortexa53_0/standalone_psu_cortexa53_0/bsp
20:21:41 INFO  : bash, -c, source /tools/Xilinx/Vitis/2024.2/tps/lnx64/lopper-1.1.0/env/bin/activate && python /tools/Xilinx/Vitis/2024.2/data/embeddedsw/scripts/pyesw//build_bsp.py -d /mnt/Storage/SCHOOL/Capstone/bringup/ChaosCore-FPGA/RV32RocketFPGAConfig/RV32Rocket/platform/psu_cortexa53_0/standalone_psu_cortexa53_0/bsp && deactivate
20:21:41 INFO  : Domain reconfigured successfully
20:21:41 INFO  : Generating BSP for the domain /mnt/Storage/SCHOOL/Capstone/bringup/ChaosCore-FPGA/RV32RocketFPGAConfig/RV32Rocket/platform/zynqmp_fsbl/zynqmp_fsbl_bsp
20:21:41 INFO  : lopper command to build BSP :python /tools/Xilinx/Vitis/2024.2/data/embeddedsw/scripts/pyesw//build_bsp.py -d /mnt/Storage/SCHOOL/Capstone/bringup/ChaosCore-FPGA/RV32RocketFPGAConfig/RV32Rocket/platform/zynqmp_fsbl/zynqmp_fsbl_bsp
20:21:41 INFO  : bash, -c, source /tools/Xilinx/Vitis/2024.2/tps/lnx64/lopper-1.1.0/env/bin/activate && python /tools/Xilinx/Vitis/2024.2/data/embeddedsw/scripts/pyesw//build_bsp.py -d /mnt/Storage/SCHOOL/Capstone/bringup/ChaosCore-FPGA/RV32RocketFPGAConfig/RV32Rocket/platform/zynqmp_fsbl/zynqmp_fsbl_bsp && deactivate
20:21:41 INFO  : Domain build successfully
20:21:41 INFO  : Domain build successfully
20:21:41 INFO  : Generating Boot ELFs
20:21:41 INFO  : lopper command to retarget baremetal application :python /tools/Xilinx/Vitis/2024.2/data/embeddedsw/scripts/pyesw//retarget_app.py -s /mnt/Storage/SCHOOL/Capstone/bringup/ChaosCore-FPGA/RV32RocketFPGAConfig/RV32Rocket/platform/zynqmp_fsbl -d /mnt/Storage/SCHOOL/Capstone/bringup/ChaosCore-FPGA/RV32RocketFPGAConfig/RV32Rocket/platform/zynqmp_fsbl/zynqmp_fsbl_bsp -b /mnt/Storage/SCHOOL/Capstone/bringup/ChaosCore-FPGA/RV32RocketFPGAConfig/RV32Rocket/platform/zynqmp_fsbl/build
20:21:41 INFO  : bash, -c, source /tools/Xilinx/Vitis/2024.2/tps/lnx64/lopper-1.1.0/env/bin/activate && python /tools/Xilinx/Vitis/2024.2/data/embeddedsw/scripts/pyesw//retarget_app.py -s /mnt/Storage/SCHOOL/Capstone/bringup/ChaosCore-FPGA/RV32RocketFPGAConfig/RV32Rocket/platform/zynqmp_fsbl -d /mnt/Storage/SCHOOL/Capstone/bringup/ChaosCore-FPGA/RV32RocketFPGAConfig/RV32Rocket/platform/zynqmp_fsbl/zynqmp_fsbl_bsp -b /mnt/Storage/SCHOOL/Capstone/bringup/ChaosCore-FPGA/RV32RocketFPGAConfig/RV32Rocket/platform/zynqmp_fsbl/build && deactivate
20:21:42 INFO  : Successfully retargeted Application /mnt/Storage/SCHOOL/Capstone/bringup/ChaosCore-FPGA/RV32RocketFPGAConfig/RV32Rocket/platform/zynqmp_fsbl
20:21:42 INFO  : lopper command to build baremetal application :python /tools/Xilinx/Vitis/2024.2/data/embeddedsw/scripts/pyesw//build_app.py -s /mnt/Storage/SCHOOL/Capstone/bringup/ChaosCore-FPGA/RV32RocketFPGAConfig/RV32Rocket/platform/zynqmp_fsbl -b /mnt/Storage/SCHOOL/Capstone/bringup/ChaosCore-FPGA/RV32RocketFPGAConfig/RV32Rocket/platform/zynqmp_fsbl/build
20:21:42 INFO  : bash, -c, source /tools/Xilinx/Vitis/2024.2/tps/lnx64/lopper-1.1.0/env/bin/activate && python /tools/Xilinx/Vitis/2024.2/data/embeddedsw/scripts/pyesw//build_app.py -s /mnt/Storage/SCHOOL/Capstone/bringup/ChaosCore-FPGA/RV32RocketFPGAConfig/RV32Rocket/platform/zynqmp_fsbl -b /mnt/Storage/SCHOOL/Capstone/bringup/ChaosCore-FPGA/RV32RocketFPGAConfig/RV32Rocket/platform/zynqmp_fsbl/build && deactivate
20:21:48 INFO  : Successfully building the baremetal application/mnt/Storage/SCHOOL/Capstone/bringup/ChaosCore-FPGA/RV32RocketFPGAConfig/RV32Rocket/platform/zynqmp_fsbl/build
20:21:48 INFO  : Generating Export directory
20:21:48 INFO  : Platform Build Finished successfully.
20:21:49 INFO  : lopper command to retarget baremetal application :python /tools/Xilinx/Vitis/2024.2/data/embeddedsw/scripts/pyesw//retarget_app.py -s /mnt/Storage/SCHOOL/Capstone/bringup/ChaosCore-FPGA/RV32RocketFPGAConfig/RV32Rocket/hello_world/src -d /mnt/Storage/SCHOOL/Capstone/bringup/ChaosCore-FPGA/RV32RocketFPGAConfig/RV32Rocket/platform/export/platform/sw/standalone_psu_cortexa53_0 -b /mnt/Storage/SCHOOL/Capstone/bringup/ChaosCore-FPGA/RV32RocketFPGAConfig/RV32Rocket/hello_world/build
20:21:49 INFO  : bash, -c, source /tools/Xilinx/Vitis/2024.2/tps/lnx64/lopper-1.1.0/env/bin/activate && python /tools/Xilinx/Vitis/2024.2/data/embeddedsw/scripts/pyesw//retarget_app.py -s /mnt/Storage/SCHOOL/Capstone/bringup/ChaosCore-FPGA/RV32RocketFPGAConfig/RV32Rocket/hello_world/src -d /mnt/Storage/SCHOOL/Capstone/bringup/ChaosCore-FPGA/RV32RocketFPGAConfig/RV32Rocket/platform/export/platform/sw/standalone_psu_cortexa53_0 -b /mnt/Storage/SCHOOL/Capstone/bringup/ChaosCore-FPGA/RV32RocketFPGAConfig/RV32Rocket/hello_world/build && deactivate
20:21:49 INFO  : Successfully retargeted Application /mnt/Storage/SCHOOL/Capstone/bringup/ChaosCore-FPGA/RV32RocketFPGAConfig/RV32Rocket/hello_world/src
20:21:49 INFO  : bash, -c, source /tools/Xilinx/Vitis/2024.2/tps/lnx64/lopper-1.1.0/env/bin/activate && python /tools/Xilinx/Vitis/2024.2/data/embeddedsw/scripts/pyesw//build_app.py -s /mnt/Storage/SCHOOL/Capstone/bringup/ChaosCore-FPGA/RV32RocketFPGAConfig/RV32Rocket/hello_world/src -b /mnt/Storage/SCHOOL/Capstone/bringup/ChaosCore-FPGA/RV32RocketFPGAConfig/RV32Rocket/hello_world/build && deactivate
20:21:53 INFO  : connect -url tcp:127.0.0.1:3121
20:21:53 INFO  : bpremove -all
20:21:53 INFO  : source /tools/Xilinx/Vitis/2024.2/scripts/vitis/util/zynqmp_utils.tcl
20:21:53 INFO  : Context for 'APU' is selected.
20:21:54 INFO  : System reset is completed.
20:21:54 INFO  : disconnect
20:21:57 INFO  : 'after 3000' command is executed.
20:21:57 ERROR : Failed to initialize the hardware Invalid target. Use "connect" command to connect to hw_server/TCF agent
20:22:00 INFO  : connect -url tcp:127.0.0.1:3121
20:22:00 INFO  : bpremove -all
20:22:00 INFO  : source /tools/Xilinx/Vitis/2024.2/scripts/vitis/util/zynqmp_utils.tcl
20:22:00 INFO  : Context for 'APU' is selected.
20:22:00 INFO  : System reset is completed.
20:22:03 INFO  : 'after 3000' command is executed.
20:22:03 INFO  : 'targets -set -filter {jtag_cable_name =~ "Avnet USB-to-JTAG/UART Pod V1 1234-oj1A" && level==0 && jtag_device_ctx=="jsn-USB-to-JTAG/UART Pod V1-1234-oj1A-14710093-0"}' command is executed.
20:22:07 INFO  : Device configured successfully with "/mnt/Storage/SCHOOL/Capstone/bringup/ChaosCore-FPGA/RV32RocketFPGAConfig/RV32Rocket/hello_world/_ide/bitstream/BD_wrapper.bit"
20:22:07 INFO  : targets -set -nocase -filter {name =~"PSU*"}
20:22:07 INFO  : catch {disable_pmu_gate}
20:22:07 INFO  : targets -set -nocase -filter {name =~"APU*"}
20:22:07 INFO  : loadhw -hw /mnt/Storage/SCHOOL/Capstone/bringup/ChaosCore-FPGA/RV32RocketFPGAConfig/RV32Rocket/platform/export/platform/hw/BD_wrapper.xsa -mem-ranges [list {0x80000000 0xbfffffff} {0x400000000 0x5ffffffff} {0x1000000000 0x7fffffffff}]
20:22:07 INFO  : configparams force-mem-access 1
20:22:07 INFO  : targets -set -nocase -filter {name =~"APU*"}
20:22:07 INFO  : source /tools/Xilinx/Vitis/2024.2/vitis-server/scripts/jtag_reg.tcl
20:22:07 INFO  : Boot mode is read from the target.
20:22:07 INFO  : targets -set -nocase -filter {name =~ "*A53*#0"}
20:22:07 INFO  : rst -processor
20:22:07 INFO  : dow /mnt/Storage/SCHOOL/Capstone/bringup/ChaosCore-FPGA/RV32RocketFPGAConfig/RV32Rocket/platform/export/platform/sw/boot/fsbl.elf
20:22:07 INFO  : set bp_22_7_fsbl_bp [bpadd -addr &XFsbl_Exit]
20:22:08 INFO  : con -block -timeout 60
20:22:08 INFO  : bpremove $bp_22_7_fsbl_bp
20:22:08 INFO  : targets -set -nocase -filter {name =~ "*A53*#0"}
20:22:08 INFO  : rst -processor
20:22:09 INFO  : dow /mnt/Storage/SCHOOL/Capstone/bringup/ChaosCore-FPGA/RV32RocketFPGAConfig/RV32Rocket/hello_world/build/hello_world.elf
20:22:09 INFO  : con
20:22:09 INFO  : configparams force-mem-access 0
20:22:10 INFO  : Testing the connection for 127.0.0.1
20:24:14 INFO  : Terminating Vitis C++ Server
20:47:14 INFO  : updated workspace path: /mnt/Storage/SCHOOL/Capstone/bringup/ChaosCore-FPGA/RV32RocketFPGAConfig/RV32Rocket
20:47:14 INFO  : created .gitignore file for the project /mnt/Storage/SCHOOL/Capstone/bringup/ChaosCore-FPGA/RV32RocketFPGAConfig/RV32Rocket
20:47:14 INFO  : bash, -c, source /tools/Xilinx/Vitis/2024.2/tps/lnx64/lopper-1.1.0/env/bin/activate && python /tools/Xilinx/Vitis/2024.2/data/embeddedsw/scripts/pyesw//get_template_data.py -d /tmp/rigel_lopper_alisher18429602910326925225 -r /mnt/Storage/SCHOOL/Capstone/bringup/ChaosCore-FPGA/RV32RocketFPGAConfig/RV32Rocket/_ide/.wsdata/.repo.yaml && deactivate
20:47:14 INFO  : Embedded Template List generated successfully
20:47:28 INFO  : Found no platform with name 'BD_wrapper' in install repositories
20:47:28 INFO  : HW XSA update started
20:47:28 INFO  : Using sdt generation script from /tools/Xilinx/Vitis/2024.2/vitis-server/scripts/platformutil.tcl
20:47:28 INFO  : bash, -c, source /tools/Xilinx/Vitis/2024.2/tps/lnx64/lopper-1.1.0/env/bin/activate && xsct /tools/Xilinx/Vitis/2024.2/vitis-server/scripts/platformutil.tcl /mnt/Storage/SCHOOL/Capstone/bringup/ChaosCore-FPGA/RV32RocketFPGAConfig/RV32Rocket/BD_wrapper.xsa /mnt/Storage/SCHOOL/Capstone/bringup/ChaosCore-FPGA/RV32RocketFPGAConfig/RV32Rocket/platform/hw/sdt && deactivate
20:47:39 INFO  : SDT generated successfully
20:47:39 INFO  : Generating BSP for the domain /mnt/Storage/SCHOOL/Capstone/bringup/ChaosCore-FPGA/RV32RocketFPGAConfig/RV32Rocket/platform/zynqmp_fsbl/zynqmp_fsbl_bsp
20:47:39 INFO  : lopper command to reconfigure BSP :python /tools/Xilinx/Vitis/2024.2/data/embeddedsw/scripts/pyesw//reconfig_bsp.py -d /mnt/Storage/SCHOOL/Capstone/bringup/ChaosCore-FPGA/RV32RocketFPGAConfig/RV32Rocket/platform/zynqmp_fsbl/zynqmp_fsbl_bsp
20:47:39 INFO  : bash, -c, source /tools/Xilinx/Vitis/2024.2/tps/lnx64/lopper-1.1.0/env/bin/activate && python /tools/Xilinx/Vitis/2024.2/data/embeddedsw/scripts/pyesw//reconfig_bsp.py -d /mnt/Storage/SCHOOL/Capstone/bringup/ChaosCore-FPGA/RV32RocketFPGAConfig/RV32Rocket/platform/zynqmp_fsbl/zynqmp_fsbl_bsp && deactivate
20:47:39 INFO  : Domain reconfigured successfully
20:47:39 INFO  : lopper command to regenerate BSP :python /tools/Xilinx/Vitis/2024.2/data/embeddedsw/scripts/pyesw//regen_bsp.py -s /mnt/Storage/SCHOOL/Capstone/bringup/ChaosCore-FPGA/RV32RocketFPGAConfig/RV32Rocket/platform/hw/sdt/system-top.dts -d /mnt/Storage/SCHOOL/Capstone/bringup/ChaosCore-FPGA/RV32RocketFPGAConfig/RV32Rocket/platform/zynqmp_fsbl/zynqmp_fsbl_bsp -r /mnt/Storage/SCHOOL/Capstone/bringup/ChaosCore-FPGA/RV32RocketFPGAConfig/RV32Rocket/_ide/.wsdata/.repo.yaml
20:47:39 INFO  : bash, -c, source /tools/Xilinx/Vitis/2024.2/tps/lnx64/lopper-1.1.0/env/bin/activate && python /tools/Xilinx/Vitis/2024.2/data/embeddedsw/scripts/pyesw//regen_bsp.py -s /mnt/Storage/SCHOOL/Capstone/bringup/ChaosCore-FPGA/RV32RocketFPGAConfig/RV32Rocket/platform/hw/sdt/system-top.dts -d /mnt/Storage/SCHOOL/Capstone/bringup/ChaosCore-FPGA/RV32RocketFPGAConfig/RV32Rocket/platform/zynqmp_fsbl/zynqmp_fsbl_bsp -r /mnt/Storage/SCHOOL/Capstone/bringup/ChaosCore-FPGA/RV32RocketFPGAConfig/RV32Rocket/_ide/.wsdata/.repo.yaml && deactivate
20:47:54 INFO  : -- Configuring done
20:47:54 INFO  : -- Generating done
20:47:54 INFO  : -- Build files have been written to: /mnt/Storage/SCHOOL/Capstone/bringup/ChaosCore-FPGA/RV32RocketFPGAConfig/RV32Rocket/platform/zynqmp_fsbl/zynqmp_fsbl_bsp/libsrc/build_configs/gen_bsp
20:47:54 INFO  : Successfully created Domain at /mnt/Storage/SCHOOL/Capstone/bringup/ChaosCore-FPGA/RV32RocketFPGAConfig/RV32Rocket/platform/zynqmp_fsbl/zynqmp_fsbl_bsp
20:47:54 INFO  : BSP regenerated successfully
20:47:54 INFO  : Generating BSP for the domain /mnt/Storage/SCHOOL/Capstone/bringup/ChaosCore-FPGA/RV32RocketFPGAConfig/RV32Rocket/platform/psu_cortexa53_0/standalone_psu_cortexa53_0/bsp
20:47:54 INFO  : lopper command to reconfigure BSP :python /tools/Xilinx/Vitis/2024.2/data/embeddedsw/scripts/pyesw//reconfig_bsp.py -d /mnt/Storage/SCHOOL/Capstone/bringup/ChaosCore-FPGA/RV32RocketFPGAConfig/RV32Rocket/platform/psu_cortexa53_0/standalone_psu_cortexa53_0/bsp
20:47:54 INFO  : bash, -c, source /tools/Xilinx/Vitis/2024.2/tps/lnx64/lopper-1.1.0/env/bin/activate && python /tools/Xilinx/Vitis/2024.2/data/embeddedsw/scripts/pyesw//reconfig_bsp.py -d /mnt/Storage/SCHOOL/Capstone/bringup/ChaosCore-FPGA/RV32RocketFPGAConfig/RV32Rocket/platform/psu_cortexa53_0/standalone_psu_cortexa53_0/bsp && deactivate
20:47:55 INFO  : Domain reconfigured successfully
20:47:55 INFO  : lopper command to regenerate BSP :python /tools/Xilinx/Vitis/2024.2/data/embeddedsw/scripts/pyesw//regen_bsp.py -s /mnt/Storage/SCHOOL/Capstone/bringup/ChaosCore-FPGA/RV32RocketFPGAConfig/RV32Rocket/platform/hw/sdt/system-top.dts -d /mnt/Storage/SCHOOL/Capstone/bringup/ChaosCore-FPGA/RV32RocketFPGAConfig/RV32Rocket/platform/psu_cortexa53_0/standalone_psu_cortexa53_0/bsp -r /mnt/Storage/SCHOOL/Capstone/bringup/ChaosCore-FPGA/RV32RocketFPGAConfig/RV32Rocket/_ide/.wsdata/.repo.yaml
20:47:55 INFO  : bash, -c, source /tools/Xilinx/Vitis/2024.2/tps/lnx64/lopper-1.1.0/env/bin/activate && python /tools/Xilinx/Vitis/2024.2/data/embeddedsw/scripts/pyesw//regen_bsp.py -s /mnt/Storage/SCHOOL/Capstone/bringup/ChaosCore-FPGA/RV32RocketFPGAConfig/RV32Rocket/platform/hw/sdt/system-top.dts -d /mnt/Storage/SCHOOL/Capstone/bringup/ChaosCore-FPGA/RV32RocketFPGAConfig/RV32Rocket/platform/psu_cortexa53_0/standalone_psu_cortexa53_0/bsp -r /mnt/Storage/SCHOOL/Capstone/bringup/ChaosCore-FPGA/RV32RocketFPGAConfig/RV32Rocket/_ide/.wsdata/.repo.yaml && deactivate
20:48:08 INFO  : -- Configuring done
20:48:08 INFO  : -- Generating done
20:48:08 INFO  : -- Build files have been written to: /mnt/Storage/SCHOOL/Capstone/bringup/ChaosCore-FPGA/RV32RocketFPGAConfig/RV32Rocket/platform/psu_cortexa53_0/standalone_psu_cortexa53_0/bsp/libsrc/build_configs/gen_bsp
20:48:08 INFO  : Successfully created Domain at /mnt/Storage/SCHOOL/Capstone/bringup/ChaosCore-FPGA/RV32RocketFPGAConfig/RV32Rocket/platform/psu_cortexa53_0/standalone_psu_cortexa53_0/bsp
20:48:08 INFO  : BSP regenerated successfully
20:48:08 INFO  : Hardware XSA update finished successfully
20:48:17 INFO  : BSP build will be initiated for Domain standalone_psu_cortexa53_0
20:48:17 INFO  : BSP build will be initiated for Domain zynqmp_fsbl
20:48:17 INFO  : Generating BSP for the domain /mnt/Storage/SCHOOL/Capstone/bringup/ChaosCore-FPGA/RV32RocketFPGAConfig/RV32Rocket/platform/psu_cortexa53_0/standalone_psu_cortexa53_0/bsp
20:48:17 INFO  : Generating BSP for the domain /mnt/Storage/SCHOOL/Capstone/bringup/ChaosCore-FPGA/RV32RocketFPGAConfig/RV32Rocket/platform/zynqmp_fsbl/zynqmp_fsbl_bsp
20:48:17 INFO  : lopper command to reconfigure BSP :python /tools/Xilinx/Vitis/2024.2/data/embeddedsw/scripts/pyesw//reconfig_bsp.py -d /mnt/Storage/SCHOOL/Capstone/bringup/ChaosCore-FPGA/RV32RocketFPGAConfig/RV32Rocket/platform/psu_cortexa53_0/standalone_psu_cortexa53_0/bsp
20:48:17 INFO  : lopper command to reconfigure BSP :python /tools/Xilinx/Vitis/2024.2/data/embeddedsw/scripts/pyesw//reconfig_bsp.py -d /mnt/Storage/SCHOOL/Capstone/bringup/ChaosCore-FPGA/RV32RocketFPGAConfig/RV32Rocket/platform/zynqmp_fsbl/zynqmp_fsbl_bsp
20:48:17 INFO  : bash, -c, source /tools/Xilinx/Vitis/2024.2/tps/lnx64/lopper-1.1.0/env/bin/activate && python /tools/Xilinx/Vitis/2024.2/data/embeddedsw/scripts/pyesw//reconfig_bsp.py -d /mnt/Storage/SCHOOL/Capstone/bringup/ChaosCore-FPGA/RV32RocketFPGAConfig/RV32Rocket/platform/psu_cortexa53_0/standalone_psu_cortexa53_0/bsp && deactivate
20:48:17 INFO  : bash, -c, source /tools/Xilinx/Vitis/2024.2/tps/lnx64/lopper-1.1.0/env/bin/activate && python /tools/Xilinx/Vitis/2024.2/data/embeddedsw/scripts/pyesw//reconfig_bsp.py -d /mnt/Storage/SCHOOL/Capstone/bringup/ChaosCore-FPGA/RV32RocketFPGAConfig/RV32Rocket/platform/zynqmp_fsbl/zynqmp_fsbl_bsp && deactivate
20:48:19 INFO  : Domain reconfigured successfully
20:48:19 INFO  : Generating BSP for the domain /mnt/Storage/SCHOOL/Capstone/bringup/ChaosCore-FPGA/RV32RocketFPGAConfig/RV32Rocket/platform/psu_cortexa53_0/standalone_psu_cortexa53_0/bsp
20:48:19 INFO  : lopper command to build BSP :python /tools/Xilinx/Vitis/2024.2/data/embeddedsw/scripts/pyesw//build_bsp.py -d /mnt/Storage/SCHOOL/Capstone/bringup/ChaosCore-FPGA/RV32RocketFPGAConfig/RV32Rocket/platform/psu_cortexa53_0/standalone_psu_cortexa53_0/bsp
20:48:19 INFO  : bash, -c, source /tools/Xilinx/Vitis/2024.2/tps/lnx64/lopper-1.1.0/env/bin/activate && python /tools/Xilinx/Vitis/2024.2/data/embeddedsw/scripts/pyesw//build_bsp.py -d /mnt/Storage/SCHOOL/Capstone/bringup/ChaosCore-FPGA/RV32RocketFPGAConfig/RV32Rocket/platform/psu_cortexa53_0/standalone_psu_cortexa53_0/bsp && deactivate
20:48:19 INFO  : Domain reconfigured successfully
20:48:19 INFO  : Generating BSP for the domain /mnt/Storage/SCHOOL/Capstone/bringup/ChaosCore-FPGA/RV32RocketFPGAConfig/RV32Rocket/platform/zynqmp_fsbl/zynqmp_fsbl_bsp
20:48:19 INFO  : lopper command to build BSP :python /tools/Xilinx/Vitis/2024.2/data/embeddedsw/scripts/pyesw//build_bsp.py -d /mnt/Storage/SCHOOL/Capstone/bringup/ChaosCore-FPGA/RV32RocketFPGAConfig/RV32Rocket/platform/zynqmp_fsbl/zynqmp_fsbl_bsp
20:48:19 INFO  : bash, -c, source /tools/Xilinx/Vitis/2024.2/tps/lnx64/lopper-1.1.0/env/bin/activate && python /tools/Xilinx/Vitis/2024.2/data/embeddedsw/scripts/pyesw//build_bsp.py -d /mnt/Storage/SCHOOL/Capstone/bringup/ChaosCore-FPGA/RV32RocketFPGAConfig/RV32Rocket/platform/zynqmp_fsbl/zynqmp_fsbl_bsp && deactivate
20:49:09 INFO  : Domain build successfully
20:49:10 INFO  : Domain build successfully
20:49:10 INFO  : Generating Boot ELFs
20:49:10 INFO  : lopper command to retarget baremetal application :python /tools/Xilinx/Vitis/2024.2/data/embeddedsw/scripts/pyesw//retarget_app.py -s /mnt/Storage/SCHOOL/Capstone/bringup/ChaosCore-FPGA/RV32RocketFPGAConfig/RV32Rocket/platform/zynqmp_fsbl -d /mnt/Storage/SCHOOL/Capstone/bringup/ChaosCore-FPGA/RV32RocketFPGAConfig/RV32Rocket/platform/zynqmp_fsbl/zynqmp_fsbl_bsp -b /mnt/Storage/SCHOOL/Capstone/bringup/ChaosCore-FPGA/RV32RocketFPGAConfig/RV32Rocket/platform/zynqmp_fsbl/build
20:49:10 INFO  : bash, -c, source /tools/Xilinx/Vitis/2024.2/tps/lnx64/lopper-1.1.0/env/bin/activate && python /tools/Xilinx/Vitis/2024.2/data/embeddedsw/scripts/pyesw//retarget_app.py -s /mnt/Storage/SCHOOL/Capstone/bringup/ChaosCore-FPGA/RV32RocketFPGAConfig/RV32Rocket/platform/zynqmp_fsbl -d /mnt/Storage/SCHOOL/Capstone/bringup/ChaosCore-FPGA/RV32RocketFPGAConfig/RV32Rocket/platform/zynqmp_fsbl/zynqmp_fsbl_bsp -b /mnt/Storage/SCHOOL/Capstone/bringup/ChaosCore-FPGA/RV32RocketFPGAConfig/RV32Rocket/platform/zynqmp_fsbl/build && deactivate
20:49:10 INFO  : Successfully retargeted Application /mnt/Storage/SCHOOL/Capstone/bringup/ChaosCore-FPGA/RV32RocketFPGAConfig/RV32Rocket/platform/zynqmp_fsbl
20:49:10 INFO  : lopper command to build baremetal application :python /tools/Xilinx/Vitis/2024.2/data/embeddedsw/scripts/pyesw//build_app.py -s /mnt/Storage/SCHOOL/Capstone/bringup/ChaosCore-FPGA/RV32RocketFPGAConfig/RV32Rocket/platform/zynqmp_fsbl -b /mnt/Storage/SCHOOL/Capstone/bringup/ChaosCore-FPGA/RV32RocketFPGAConfig/RV32Rocket/platform/zynqmp_fsbl/build
20:49:10 INFO  : bash, -c, source /tools/Xilinx/Vitis/2024.2/tps/lnx64/lopper-1.1.0/env/bin/activate && python /tools/Xilinx/Vitis/2024.2/data/embeddedsw/scripts/pyesw//build_app.py -s /mnt/Storage/SCHOOL/Capstone/bringup/ChaosCore-FPGA/RV32RocketFPGAConfig/RV32Rocket/platform/zynqmp_fsbl -b /mnt/Storage/SCHOOL/Capstone/bringup/ChaosCore-FPGA/RV32RocketFPGAConfig/RV32Rocket/platform/zynqmp_fsbl/build && deactivate
20:49:22 INFO  : Successfully building the baremetal application/mnt/Storage/SCHOOL/Capstone/bringup/ChaosCore-FPGA/RV32RocketFPGAConfig/RV32Rocket/platform/zynqmp_fsbl/build
20:49:22 INFO  : Generating Export directory
20:49:26 INFO  : Platform Build Finished successfully.
20:50:05 INFO  : BSP build will be initiated for Domain standalone_psu_cortexa53_0
20:50:05 INFO  : BSP build will be initiated for Domain zynqmp_fsbl
20:50:05 INFO  : Generating BSP for the domain /mnt/Storage/SCHOOL/Capstone/bringup/ChaosCore-FPGA/RV32RocketFPGAConfig/RV32Rocket/platform/psu_cortexa53_0/standalone_psu_cortexa53_0/bsp
20:50:05 INFO  : Generating BSP for the domain /mnt/Storage/SCHOOL/Capstone/bringup/ChaosCore-FPGA/RV32RocketFPGAConfig/RV32Rocket/platform/zynqmp_fsbl/zynqmp_fsbl_bsp
20:50:05 INFO  : lopper command to reconfigure BSP :python /tools/Xilinx/Vitis/2024.2/data/embeddedsw/scripts/pyesw//reconfig_bsp.py -d /mnt/Storage/SCHOOL/Capstone/bringup/ChaosCore-FPGA/RV32RocketFPGAConfig/RV32Rocket/platform/psu_cortexa53_0/standalone_psu_cortexa53_0/bsp
20:50:05 INFO  : lopper command to reconfigure BSP :python /tools/Xilinx/Vitis/2024.2/data/embeddedsw/scripts/pyesw//reconfig_bsp.py -d /mnt/Storage/SCHOOL/Capstone/bringup/ChaosCore-FPGA/RV32RocketFPGAConfig/RV32Rocket/platform/zynqmp_fsbl/zynqmp_fsbl_bsp
20:50:05 INFO  : bash, -c, source /tools/Xilinx/Vitis/2024.2/tps/lnx64/lopper-1.1.0/env/bin/activate && python /tools/Xilinx/Vitis/2024.2/data/embeddedsw/scripts/pyesw//reconfig_bsp.py -d /mnt/Storage/SCHOOL/Capstone/bringup/ChaosCore-FPGA/RV32RocketFPGAConfig/RV32Rocket/platform/psu_cortexa53_0/standalone_psu_cortexa53_0/bsp && deactivate
20:50:05 INFO  : bash, -c, source /tools/Xilinx/Vitis/2024.2/tps/lnx64/lopper-1.1.0/env/bin/activate && python /tools/Xilinx/Vitis/2024.2/data/embeddedsw/scripts/pyesw//reconfig_bsp.py -d /mnt/Storage/SCHOOL/Capstone/bringup/ChaosCore-FPGA/RV32RocketFPGAConfig/RV32Rocket/platform/zynqmp_fsbl/zynqmp_fsbl_bsp && deactivate
20:50:05 INFO  : Domain reconfigured successfully
20:50:05 INFO  : Generating BSP for the domain /mnt/Storage/SCHOOL/Capstone/bringup/ChaosCore-FPGA/RV32RocketFPGAConfig/RV32Rocket/platform/psu_cortexa53_0/standalone_psu_cortexa53_0/bsp
20:50:05 INFO  : lopper command to build BSP :python /tools/Xilinx/Vitis/2024.2/data/embeddedsw/scripts/pyesw//build_bsp.py -d /mnt/Storage/SCHOOL/Capstone/bringup/ChaosCore-FPGA/RV32RocketFPGAConfig/RV32Rocket/platform/psu_cortexa53_0/standalone_psu_cortexa53_0/bsp
20:50:05 INFO  : bash, -c, source /tools/Xilinx/Vitis/2024.2/tps/lnx64/lopper-1.1.0/env/bin/activate && python /tools/Xilinx/Vitis/2024.2/data/embeddedsw/scripts/pyesw//build_bsp.py -d /mnt/Storage/SCHOOL/Capstone/bringup/ChaosCore-FPGA/RV32RocketFPGAConfig/RV32Rocket/platform/psu_cortexa53_0/standalone_psu_cortexa53_0/bsp && deactivate
20:50:05 INFO  : Domain reconfigured successfully
20:50:05 INFO  : Generating BSP for the domain /mnt/Storage/SCHOOL/Capstone/bringup/ChaosCore-FPGA/RV32RocketFPGAConfig/RV32Rocket/platform/zynqmp_fsbl/zynqmp_fsbl_bsp
20:50:05 INFO  : lopper command to build BSP :python /tools/Xilinx/Vitis/2024.2/data/embeddedsw/scripts/pyesw//build_bsp.py -d /mnt/Storage/SCHOOL/Capstone/bringup/ChaosCore-FPGA/RV32RocketFPGAConfig/RV32Rocket/platform/zynqmp_fsbl/zynqmp_fsbl_bsp
20:50:05 INFO  : bash, -c, source /tools/Xilinx/Vitis/2024.2/tps/lnx64/lopper-1.1.0/env/bin/activate && python /tools/Xilinx/Vitis/2024.2/data/embeddedsw/scripts/pyesw//build_bsp.py -d /mnt/Storage/SCHOOL/Capstone/bringup/ChaosCore-FPGA/RV32RocketFPGAConfig/RV32Rocket/platform/zynqmp_fsbl/zynqmp_fsbl_bsp && deactivate
20:50:06 INFO  : Domain build successfully
20:50:06 INFO  : Domain build successfully
20:50:06 INFO  : Generating Boot ELFs
20:50:06 INFO  : lopper command to retarget baremetal application :python /tools/Xilinx/Vitis/2024.2/data/embeddedsw/scripts/pyesw//retarget_app.py -s /mnt/Storage/SCHOOL/Capstone/bringup/ChaosCore-FPGA/RV32RocketFPGAConfig/RV32Rocket/platform/zynqmp_fsbl -d /mnt/Storage/SCHOOL/Capstone/bringup/ChaosCore-FPGA/RV32RocketFPGAConfig/RV32Rocket/platform/zynqmp_fsbl/zynqmp_fsbl_bsp -b /mnt/Storage/SCHOOL/Capstone/bringup/ChaosCore-FPGA/RV32RocketFPGAConfig/RV32Rocket/platform/zynqmp_fsbl/build
20:50:06 INFO  : bash, -c, source /tools/Xilinx/Vitis/2024.2/tps/lnx64/lopper-1.1.0/env/bin/activate && python /tools/Xilinx/Vitis/2024.2/data/embeddedsw/scripts/pyesw//retarget_app.py -s /mnt/Storage/SCHOOL/Capstone/bringup/ChaosCore-FPGA/RV32RocketFPGAConfig/RV32Rocket/platform/zynqmp_fsbl -d /mnt/Storage/SCHOOL/Capstone/bringup/ChaosCore-FPGA/RV32RocketFPGAConfig/RV32Rocket/platform/zynqmp_fsbl/zynqmp_fsbl_bsp -b /mnt/Storage/SCHOOL/Capstone/bringup/ChaosCore-FPGA/RV32RocketFPGAConfig/RV32Rocket/platform/zynqmp_fsbl/build && deactivate
20:50:06 INFO  : Successfully retargeted Application /mnt/Storage/SCHOOL/Capstone/bringup/ChaosCore-FPGA/RV32RocketFPGAConfig/RV32Rocket/platform/zynqmp_fsbl
20:50:06 INFO  : lopper command to build baremetal application :python /tools/Xilinx/Vitis/2024.2/data/embeddedsw/scripts/pyesw//build_app.py -s /mnt/Storage/SCHOOL/Capstone/bringup/ChaosCore-FPGA/RV32RocketFPGAConfig/RV32Rocket/platform/zynqmp_fsbl -b /mnt/Storage/SCHOOL/Capstone/bringup/ChaosCore-FPGA/RV32RocketFPGAConfig/RV32Rocket/platform/zynqmp_fsbl/build
20:50:06 INFO  : bash, -c, source /tools/Xilinx/Vitis/2024.2/tps/lnx64/lopper-1.1.0/env/bin/activate && python /tools/Xilinx/Vitis/2024.2/data/embeddedsw/scripts/pyesw//build_app.py -s /mnt/Storage/SCHOOL/Capstone/bringup/ChaosCore-FPGA/RV32RocketFPGAConfig/RV32Rocket/platform/zynqmp_fsbl -b /mnt/Storage/SCHOOL/Capstone/bringup/ChaosCore-FPGA/RV32RocketFPGAConfig/RV32Rocket/platform/zynqmp_fsbl/build && deactivate
20:50:09 INFO  : Successfully building the baremetal application/mnt/Storage/SCHOOL/Capstone/bringup/ChaosCore-FPGA/RV32RocketFPGAConfig/RV32Rocket/platform/zynqmp_fsbl/build
20:50:09 INFO  : Generating Export directory
20:50:09 INFO  : Platform Build Finished successfully.
20:50:10 INFO  : lopper command to retarget baremetal application :python /tools/Xilinx/Vitis/2024.2/data/embeddedsw/scripts/pyesw//retarget_app.py -s /mnt/Storage/SCHOOL/Capstone/bringup/ChaosCore-FPGA/RV32RocketFPGAConfig/RV32Rocket/hello_world/src -d /mnt/Storage/SCHOOL/Capstone/bringup/ChaosCore-FPGA/RV32RocketFPGAConfig/RV32Rocket/platform/export/platform/sw/standalone_psu_cortexa53_0 -b /mnt/Storage/SCHOOL/Capstone/bringup/ChaosCore-FPGA/RV32RocketFPGAConfig/RV32Rocket/hello_world/build
20:50:10 INFO  : bash, -c, source /tools/Xilinx/Vitis/2024.2/tps/lnx64/lopper-1.1.0/env/bin/activate && python /tools/Xilinx/Vitis/2024.2/data/embeddedsw/scripts/pyesw//retarget_app.py -s /mnt/Storage/SCHOOL/Capstone/bringup/ChaosCore-FPGA/RV32RocketFPGAConfig/RV32Rocket/hello_world/src -d /mnt/Storage/SCHOOL/Capstone/bringup/ChaosCore-FPGA/RV32RocketFPGAConfig/RV32Rocket/platform/export/platform/sw/standalone_psu_cortexa53_0 -b /mnt/Storage/SCHOOL/Capstone/bringup/ChaosCore-FPGA/RV32RocketFPGAConfig/RV32Rocket/hello_world/build && deactivate
20:50:10 INFO  : Successfully retargeted Application /mnt/Storage/SCHOOL/Capstone/bringup/ChaosCore-FPGA/RV32RocketFPGAConfig/RV32Rocket/hello_world/src
20:50:10 INFO  : bash, -c, source /tools/Xilinx/Vitis/2024.2/tps/lnx64/lopper-1.1.0/env/bin/activate && python /tools/Xilinx/Vitis/2024.2/data/embeddedsw/scripts/pyesw//build_app.py -s /mnt/Storage/SCHOOL/Capstone/bringup/ChaosCore-FPGA/RV32RocketFPGAConfig/RV32Rocket/hello_world/src -b /mnt/Storage/SCHOOL/Capstone/bringup/ChaosCore-FPGA/RV32RocketFPGAConfig/RV32Rocket/hello_world/build && deactivate
20:50:14 INFO  : The hardware specification used by project '/mnt/Storage/SCHOOL/Capstone/bringup/ChaosCore-FPGA/RV32RocketFPGAConfig/RV32Rocket/hello_world' is out of sync with the platform. Resource files extracted from the hardware specification will be updated.
20:50:14 INFO  : The file '/mnt/Storage/SCHOOL/Capstone/bringup/ChaosCore-FPGA/RV32RocketFPGAConfig/RV32Rocket/hello_world/_ide/bitstream/BD_wrapper.bit' stored in project is removed.
20:50:14 INFO  : The updated bitstream files are copied from platform to folder '/mnt/Storage/SCHOOL/Capstone/bringup/ChaosCore-FPGA/RV32RocketFPGAConfig/RV32Rocket/hello_world/_ide/bitstream' in project '/mnt/Storage/SCHOOL/Capstone/bringup/ChaosCore-FPGA/RV32RocketFPGAConfig/RV32Rocket/hello_world'.
20:50:14 INFO  : The file '/mnt/Storage/SCHOOL/Capstone/bringup/ChaosCore-FPGA/RV32RocketFPGAConfig/RV32Rocket/hello_world/_ide/psinit/psu_init.tcl' stored in project is removed.
20:50:14 INFO  : The updated ps init files are copied from platform to folder '/mnt/Storage/SCHOOL/Capstone/bringup/ChaosCore-FPGA/RV32RocketFPGAConfig/RV32Rocket/hello_world/_ide/psinit' in project '/mnt/Storage/SCHOOL/Capstone/bringup/ChaosCore-FPGA/RV32RocketFPGAConfig/RV32Rocket/hello_world'.
20:50:19 INFO  : Connected to target on host '127.0.0.1' and port '3121'.
20:50:20 INFO  : Connected to target on host '127.0.0.1' and port '3121'.
20:50:20 INFO  : 'targets -set -filter {jtag_cable_name =~ "Avnet USB-to-JTAG/UART Pod V1 1234-oj1A" && level==0 && jtag_device_ctx=="jsn-USB-to-JTAG/UART Pod V1-1234-oj1A-14710093-0"}' command is executed.
20:50:23 INFO  : Device configured successfully with "/mnt/Storage/SCHOOL/Capstone/bringup/ChaosCore-FPGA/RV32RocketFPGAConfig/RV32Rocket/hello_world/_ide/bitstream/BD_wrapper.bit"
20:50:29 INFO  : connect -url tcp:127.0.0.1:3121
20:50:29 INFO  : bpremove -all
20:50:29 INFO  : source /tools/Xilinx/Vitis/2024.2/scripts/vitis/util/zynqmp_utils.tcl
20:50:29 INFO  : Context for 'APU' is selected.
20:50:30 INFO  : System reset is completed.
20:50:33 INFO  : 'after 3000' command is executed.
20:50:33 INFO  : 'targets -set -filter {jtag_cable_name =~ "Avnet USB-to-JTAG/UART Pod V1 1234-oj1A" && level==0 && jtag_device_ctx=="jsn-USB-to-JTAG/UART Pod V1-1234-oj1A-14710093-0"}' command is executed.
20:50:36 INFO  : Device configured successfully with "/mnt/Storage/SCHOOL/Capstone/bringup/ChaosCore-FPGA/RV32RocketFPGAConfig/RV32Rocket/hello_world/_ide/bitstream/BD_wrapper.bit"
20:50:36 INFO  : targets -set -nocase -filter {name =~"PSU*"}
20:50:36 INFO  : catch {disable_pmu_gate}
20:50:36 INFO  : targets -set -nocase -filter {name =~"APU*"}
20:50:36 INFO  : loadhw -hw /mnt/Storage/SCHOOL/Capstone/bringup/ChaosCore-FPGA/RV32RocketFPGAConfig/RV32Rocket/platform/export/platform/hw/BD_wrapper.xsa -mem-ranges [list {0x80000000 0xbfffffff} {0x400000000 0x5ffffffff} {0x1000000000 0x7fffffffff}]
20:50:36 INFO  : configparams force-mem-access 1
20:50:36 INFO  : targets -set -nocase -filter {name =~"APU*"}
20:50:36 INFO  : source /tools/Xilinx/Vitis/2024.2/vitis-server/scripts/jtag_reg.tcl
20:50:36 INFO  : Boot mode is read from the target.
20:50:36 INFO  : targets -set -nocase -filter {name =~ "*A53*#0"}
20:50:36 INFO  : rst -processor
20:50:37 INFO  : dow /mnt/Storage/SCHOOL/Capstone/bringup/ChaosCore-FPGA/RV32RocketFPGAConfig/RV32Rocket/platform/export/platform/sw/boot/fsbl.elf
20:50:37 INFO  : set bp_50_37_fsbl_bp [bpadd -addr &XFsbl_Exit]
20:50:38 INFO  : con -block -timeout 60
20:50:38 INFO  : bpremove $bp_50_37_fsbl_bp
20:50:38 INFO  : targets -set -nocase -filter {name =~ "*A53*#0"}
20:50:38 INFO  : rst -processor
20:50:38 INFO  : dow /mnt/Storage/SCHOOL/Capstone/bringup/ChaosCore-FPGA/RV32RocketFPGAConfig/RV32Rocket/hello_world/build/hello_world.elf
20:50:38 INFO  : con
20:50:38 INFO  : configparams force-mem-access 0
20:50:39 INFO  : Testing the connection for 127.0.0.1
20:56:49 INFO  : BSP build will be initiated for Domain standalone_psu_cortexa53_0
20:56:49 INFO  : BSP build will be initiated for Domain zynqmp_fsbl
20:56:49 INFO  : Generating BSP for the domain /mnt/Storage/SCHOOL/Capstone/bringup/ChaosCore-FPGA/RV32RocketFPGAConfig/RV32Rocket/platform/psu_cortexa53_0/standalone_psu_cortexa53_0/bsp
20:56:49 INFO  : Generating BSP for the domain /mnt/Storage/SCHOOL/Capstone/bringup/ChaosCore-FPGA/RV32RocketFPGAConfig/RV32Rocket/platform/zynqmp_fsbl/zynqmp_fsbl_bsp
20:56:49 INFO  : lopper command to reconfigure BSP :python /tools/Xilinx/Vitis/2024.2/data/embeddedsw/scripts/pyesw//reconfig_bsp.py -d /mnt/Storage/SCHOOL/Capstone/bringup/ChaosCore-FPGA/RV32RocketFPGAConfig/RV32Rocket/platform/psu_cortexa53_0/standalone_psu_cortexa53_0/bsp
20:56:49 INFO  : lopper command to reconfigure BSP :python /tools/Xilinx/Vitis/2024.2/data/embeddedsw/scripts/pyesw//reconfig_bsp.py -d /mnt/Storage/SCHOOL/Capstone/bringup/ChaosCore-FPGA/RV32RocketFPGAConfig/RV32Rocket/platform/zynqmp_fsbl/zynqmp_fsbl_bsp
20:56:49 INFO  : bash, -c, source /tools/Xilinx/Vitis/2024.2/tps/lnx64/lopper-1.1.0/env/bin/activate && python /tools/Xilinx/Vitis/2024.2/data/embeddedsw/scripts/pyesw//reconfig_bsp.py -d /mnt/Storage/SCHOOL/Capstone/bringup/ChaosCore-FPGA/RV32RocketFPGAConfig/RV32Rocket/platform/psu_cortexa53_0/standalone_psu_cortexa53_0/bsp && deactivate
20:56:49 INFO  : bash, -c, source /tools/Xilinx/Vitis/2024.2/tps/lnx64/lopper-1.1.0/env/bin/activate && python /tools/Xilinx/Vitis/2024.2/data/embeddedsw/scripts/pyesw//reconfig_bsp.py -d /mnt/Storage/SCHOOL/Capstone/bringup/ChaosCore-FPGA/RV32RocketFPGAConfig/RV32Rocket/platform/zynqmp_fsbl/zynqmp_fsbl_bsp && deactivate
20:56:50 INFO  : Domain reconfigured successfully
20:56:50 INFO  : Generating BSP for the domain /mnt/Storage/SCHOOL/Capstone/bringup/ChaosCore-FPGA/RV32RocketFPGAConfig/RV32Rocket/platform/psu_cortexa53_0/standalone_psu_cortexa53_0/bsp
20:56:50 INFO  : lopper command to build BSP :python /tools/Xilinx/Vitis/2024.2/data/embeddedsw/scripts/pyesw//build_bsp.py -d /mnt/Storage/SCHOOL/Capstone/bringup/ChaosCore-FPGA/RV32RocketFPGAConfig/RV32Rocket/platform/psu_cortexa53_0/standalone_psu_cortexa53_0/bsp
20:56:50 INFO  : bash, -c, source /tools/Xilinx/Vitis/2024.2/tps/lnx64/lopper-1.1.0/env/bin/activate && python /tools/Xilinx/Vitis/2024.2/data/embeddedsw/scripts/pyesw//build_bsp.py -d /mnt/Storage/SCHOOL/Capstone/bringup/ChaosCore-FPGA/RV32RocketFPGAConfig/RV32Rocket/platform/psu_cortexa53_0/standalone_psu_cortexa53_0/bsp && deactivate
20:56:50 INFO  : Domain reconfigured successfully
20:56:50 INFO  : Generating BSP for the domain /mnt/Storage/SCHOOL/Capstone/bringup/ChaosCore-FPGA/RV32RocketFPGAConfig/RV32Rocket/platform/zynqmp_fsbl/zynqmp_fsbl_bsp
20:56:50 INFO  : lopper command to build BSP :python /tools/Xilinx/Vitis/2024.2/data/embeddedsw/scripts/pyesw//build_bsp.py -d /mnt/Storage/SCHOOL/Capstone/bringup/ChaosCore-FPGA/RV32RocketFPGAConfig/RV32Rocket/platform/zynqmp_fsbl/zynqmp_fsbl_bsp
20:56:50 INFO  : bash, -c, source /tools/Xilinx/Vitis/2024.2/tps/lnx64/lopper-1.1.0/env/bin/activate && python /tools/Xilinx/Vitis/2024.2/data/embeddedsw/scripts/pyesw//build_bsp.py -d /mnt/Storage/SCHOOL/Capstone/bringup/ChaosCore-FPGA/RV32RocketFPGAConfig/RV32Rocket/platform/zynqmp_fsbl/zynqmp_fsbl_bsp && deactivate
20:56:50 INFO  : Domain build successfully
20:56:51 INFO  : Domain build successfully
20:56:51 INFO  : Generating Boot ELFs
20:56:51 INFO  : lopper command to retarget baremetal application :python /tools/Xilinx/Vitis/2024.2/data/embeddedsw/scripts/pyesw//retarget_app.py -s /mnt/Storage/SCHOOL/Capstone/bringup/ChaosCore-FPGA/RV32RocketFPGAConfig/RV32Rocket/platform/zynqmp_fsbl -d /mnt/Storage/SCHOOL/Capstone/bringup/ChaosCore-FPGA/RV32RocketFPGAConfig/RV32Rocket/platform/zynqmp_fsbl/zynqmp_fsbl_bsp -b /mnt/Storage/SCHOOL/Capstone/bringup/ChaosCore-FPGA/RV32RocketFPGAConfig/RV32Rocket/platform/zynqmp_fsbl/build
20:56:51 INFO  : bash, -c, source /tools/Xilinx/Vitis/2024.2/tps/lnx64/lopper-1.1.0/env/bin/activate && python /tools/Xilinx/Vitis/2024.2/data/embeddedsw/scripts/pyesw//retarget_app.py -s /mnt/Storage/SCHOOL/Capstone/bringup/ChaosCore-FPGA/RV32RocketFPGAConfig/RV32Rocket/platform/zynqmp_fsbl -d /mnt/Storage/SCHOOL/Capstone/bringup/ChaosCore-FPGA/RV32RocketFPGAConfig/RV32Rocket/platform/zynqmp_fsbl/zynqmp_fsbl_bsp -b /mnt/Storage/SCHOOL/Capstone/bringup/ChaosCore-FPGA/RV32RocketFPGAConfig/RV32Rocket/platform/zynqmp_fsbl/build && deactivate
20:56:51 INFO  : Successfully retargeted Application /mnt/Storage/SCHOOL/Capstone/bringup/ChaosCore-FPGA/RV32RocketFPGAConfig/RV32Rocket/platform/zynqmp_fsbl
20:56:51 INFO  : lopper command to build baremetal application :python /tools/Xilinx/Vitis/2024.2/data/embeddedsw/scripts/pyesw//build_app.py -s /mnt/Storage/SCHOOL/Capstone/bringup/ChaosCore-FPGA/RV32RocketFPGAConfig/RV32Rocket/platform/zynqmp_fsbl -b /mnt/Storage/SCHOOL/Capstone/bringup/ChaosCore-FPGA/RV32RocketFPGAConfig/RV32Rocket/platform/zynqmp_fsbl/build
20:56:51 INFO  : bash, -c, source /tools/Xilinx/Vitis/2024.2/tps/lnx64/lopper-1.1.0/env/bin/activate && python /tools/Xilinx/Vitis/2024.2/data/embeddedsw/scripts/pyesw//build_app.py -s /mnt/Storage/SCHOOL/Capstone/bringup/ChaosCore-FPGA/RV32RocketFPGAConfig/RV32Rocket/platform/zynqmp_fsbl -b /mnt/Storage/SCHOOL/Capstone/bringup/ChaosCore-FPGA/RV32RocketFPGAConfig/RV32Rocket/platform/zynqmp_fsbl/build && deactivate
20:56:56 INFO  : Successfully building the baremetal application/mnt/Storage/SCHOOL/Capstone/bringup/ChaosCore-FPGA/RV32RocketFPGAConfig/RV32Rocket/platform/zynqmp_fsbl/build
20:56:56 INFO  : Generating Export directory
20:56:57 INFO  : Platform Build Finished successfully.
20:57:00 INFO  : lopper command to retarget baremetal application :python /tools/Xilinx/Vitis/2024.2/data/embeddedsw/scripts/pyesw//retarget_app.py -s /mnt/Storage/SCHOOL/Capstone/bringup/ChaosCore-FPGA/RV32RocketFPGAConfig/RV32Rocket/hello_world/src -d /mnt/Storage/SCHOOL/Capstone/bringup/ChaosCore-FPGA/RV32RocketFPGAConfig/RV32Rocket/platform/export/platform/sw/standalone_psu_cortexa53_0 -b /mnt/Storage/SCHOOL/Capstone/bringup/ChaosCore-FPGA/RV32RocketFPGAConfig/RV32Rocket/hello_world/build
20:57:00 INFO  : bash, -c, source /tools/Xilinx/Vitis/2024.2/tps/lnx64/lopper-1.1.0/env/bin/activate && python /tools/Xilinx/Vitis/2024.2/data/embeddedsw/scripts/pyesw//retarget_app.py -s /mnt/Storage/SCHOOL/Capstone/bringup/ChaosCore-FPGA/RV32RocketFPGAConfig/RV32Rocket/hello_world/src -d /mnt/Storage/SCHOOL/Capstone/bringup/ChaosCore-FPGA/RV32RocketFPGAConfig/RV32Rocket/platform/export/platform/sw/standalone_psu_cortexa53_0 -b /mnt/Storage/SCHOOL/Capstone/bringup/ChaosCore-FPGA/RV32RocketFPGAConfig/RV32Rocket/hello_world/build && deactivate
20:57:00 INFO  : Successfully retargeted Application /mnt/Storage/SCHOOL/Capstone/bringup/ChaosCore-FPGA/RV32RocketFPGAConfig/RV32Rocket/hello_world/src
20:57:00 INFO  : bash, -c, source /tools/Xilinx/Vitis/2024.2/tps/lnx64/lopper-1.1.0/env/bin/activate && python /tools/Xilinx/Vitis/2024.2/data/embeddedsw/scripts/pyesw//build_app.py -s /mnt/Storage/SCHOOL/Capstone/bringup/ChaosCore-FPGA/RV32RocketFPGAConfig/RV32Rocket/hello_world/src -b /mnt/Storage/SCHOOL/Capstone/bringup/ChaosCore-FPGA/RV32RocketFPGAConfig/RV32Rocket/hello_world/build && deactivate
20:57:03 INFO  : connect -url tcp:127.0.0.1:3121
20:57:03 INFO  : bpremove -all
20:57:03 INFO  : source /tools/Xilinx/Vitis/2024.2/scripts/vitis/util/zynqmp_utils.tcl
20:57:03 INFO  : Context for 'APU' is selected.
20:57:04 INFO  : System reset is completed.
20:57:04 INFO  : disconnect
20:57:07 INFO  : 'after 3000' command is executed.
20:57:07 ERROR : Failed to initialize the hardware Invalid target. Use "connect" command to connect to hw_server/TCF agent
20:57:12 INFO  : connect -url tcp:127.0.0.1:3121
20:57:12 INFO  : bpremove -all
20:57:12 INFO  : source /tools/Xilinx/Vitis/2024.2/scripts/vitis/util/zynqmp_utils.tcl
20:57:12 INFO  : Context for 'APU' is selected.
20:57:12 INFO  : System reset is completed.
20:57:15 INFO  : 'after 3000' command is executed.
20:57:16 INFO  : 'targets -set -filter {jtag_cable_name =~ "Avnet USB-to-JTAG/UART Pod V1 1234-oj1A" && level==0 && jtag_device_ctx=="jsn-USB-to-JTAG/UART Pod V1-1234-oj1A-14710093-0"}' command is executed.
20:57:19 INFO  : Device configured successfully with "/mnt/Storage/SCHOOL/Capstone/bringup/ChaosCore-FPGA/RV32RocketFPGAConfig/RV32Rocket/hello_world/_ide/bitstream/BD_wrapper.bit"
20:57:19 INFO  : targets -set -nocase -filter {name =~"PSU*"}
20:57:19 INFO  : catch {disable_pmu_gate}
20:57:19 INFO  : targets -set -nocase -filter {name =~"APU*"}
20:57:19 INFO  : loadhw -hw /mnt/Storage/SCHOOL/Capstone/bringup/ChaosCore-FPGA/RV32RocketFPGAConfig/RV32Rocket/platform/export/platform/hw/BD_wrapper.xsa -mem-ranges [list {0x80000000 0xbfffffff} {0x400000000 0x5ffffffff} {0x1000000000 0x7fffffffff}]
20:57:19 INFO  : configparams force-mem-access 1
20:57:19 INFO  : targets -set -nocase -filter {name =~"APU*"}
20:57:19 INFO  : source /tools/Xilinx/Vitis/2024.2/vitis-server/scripts/jtag_reg.tcl
20:57:19 INFO  : Boot mode is read from the target.
20:57:19 INFO  : targets -set -nocase -filter {name =~ "*A53*#0"}
20:57:19 INFO  : rst -processor
20:57:19 INFO  : dow /mnt/Storage/SCHOOL/Capstone/bringup/ChaosCore-FPGA/RV32RocketFPGAConfig/RV32Rocket/platform/export/platform/sw/boot/fsbl.elf
20:57:19 INFO  : set bp_57_19_fsbl_bp [bpadd -addr &XFsbl_Exit]
20:57:20 INFO  : con -block -timeout 60
20:57:20 INFO  : bpremove $bp_57_19_fsbl_bp
20:57:20 INFO  : targets -set -nocase -filter {name =~ "*A53*#0"}
20:57:20 INFO  : rst -processor
20:57:21 INFO  : dow /mnt/Storage/SCHOOL/Capstone/bringup/ChaosCore-FPGA/RV32RocketFPGAConfig/RV32Rocket/hello_world/build/hello_world.elf
20:57:21 INFO  : con
20:57:21 INFO  : configparams force-mem-access 0
20:57:22 INFO  : Testing the connection for 127.0.0.1
20:57:41 ERROR : Error in generating platform.Error in deleting existing Platform contents.
20:57:41 ERROR : Error in generating platform.Error in deleting existing Platform contents.
20:57:41 INFO  : Found no platform with name 'platform' in install repositories
20:57:45 ERROR : Error in generating platform.Error in deleting existing Platform contents.
20:57:45 ERROR : Error in generating platform.Error in deleting existing Platform contents.
20:57:46 INFO  : Found no platform with name 'platform' in install repositories
20:57:51 ERROR : Error in generating platform.Error in deleting existing Platform contents.
20:57:51 ERROR : Error in generating platform.Error in deleting existing Platform contents.
20:57:51 INFO  : Found no platform with name 'platform' in install repositories
20:57:54 ERROR : Error in generating platform.Error in deleting existing Platform contents.
20:57:54 ERROR : Error in generating platform.Error in deleting existing Platform contents.
20:57:54 INFO  : Found no platform with name 'platform' in install repositories
20:57:56 ERROR : Error in generating platform.Error in deleting existing Platform contents.
20:57:56 ERROR : Error in generating platform.Error in deleting existing Platform contents.
20:57:56 INFO  : Found no platform with name 'platform' in install repositories
20:57:57 ERROR : Error in generating platform.Error in deleting existing Platform contents.
20:57:57 ERROR : Error in generating platform.Error in deleting existing Platform contents.
20:57:58 INFO  : Found no platform with name 'platform' in install repositories
20:58:00 ERROR : Error in generating platform.Error in deleting existing Platform contents.
20:58:00 ERROR : Error in generating platform.Error in deleting existing Platform contents.
20:58:00 INFO  : Found no platform with name 'platform' in install repositories
20:58:02 ERROR : Error in generating platform.Error in deleting existing Platform contents.
20:58:02 ERROR : Error in generating platform.Error in deleting existing Platform contents.
20:58:02 INFO  : Found no platform with name 'platform' in install repositories
20:58:04 ERROR : Error in generating platform.Error in deleting existing Platform contents.
20:58:04 ERROR : Error in generating platform.Error in deleting existing Platform contents.
20:58:05 INFO  : Found no platform with name 'platform' in install repositories
20:58:07 ERROR : Error in generating platform.Error in deleting existing Platform contents.
20:58:07 ERROR : Error in generating platform.Error in deleting existing Platform contents.
20:58:07 INFO  : Found no platform with name 'platform' in install repositories
20:58:10 INFO  : Found no platform with name 'platform' in install repositories
20:58:13 ERROR : Error in generating platform.Error in deleting existing Platform contents.
20:58:13 ERROR : Error in generating platform.Error in deleting existing Platform contents.
20:58:13 INFO  : Found no platform with name 'platform' in install repositories
20:58:16 ERROR : Error in generating platform.Error in deleting existing Platform contents.
20:58:16 ERROR : Error in generating platform.Error in deleting existing Platform contents.
20:58:16 INFO  : Found no platform with name 'platform' in install repositories
20:58:20 ERROR : Error in generating platform.Error in deleting existing Platform contents.
20:58:20 ERROR : Error in generating platform.Error in deleting existing Platform contents.
20:58:23 INFO  : BSP build will be initiated for Domain zynqmp_fsbl
20:58:23 INFO  : BSP build will be initiated for Domain standalone_psu_cortexa53_0
20:58:23 INFO  : Generating BSP for the domain /mnt/Storage/SCHOOL/Capstone/bringup/ChaosCore-FPGA/RV32RocketFPGAConfig/RV32Rocket/platform/zynqmp_fsbl/zynqmp_fsbl_bsp
20:58:23 INFO  : Generating BSP for the domain /mnt/Storage/SCHOOL/Capstone/bringup/ChaosCore-FPGA/RV32RocketFPGAConfig/RV32Rocket/platform/psu_cortexa53_0/standalone_psu_cortexa53_0/bsp
20:58:23 INFO  : lopper command to reconfigure BSP :python /tools/Xilinx/Vitis/2024.2/data/embeddedsw/scripts/pyesw//reconfig_bsp.py -d /mnt/Storage/SCHOOL/Capstone/bringup/ChaosCore-FPGA/RV32RocketFPGAConfig/RV32Rocket/platform/zynqmp_fsbl/zynqmp_fsbl_bsp
20:58:23 INFO  : lopper command to reconfigure BSP :python /tools/Xilinx/Vitis/2024.2/data/embeddedsw/scripts/pyesw//reconfig_bsp.py -d /mnt/Storage/SCHOOL/Capstone/bringup/ChaosCore-FPGA/RV32RocketFPGAConfig/RV32Rocket/platform/psu_cortexa53_0/standalone_psu_cortexa53_0/bsp
20:58:23 INFO  : bash, -c, source /tools/Xilinx/Vitis/2024.2/tps/lnx64/lopper-1.1.0/env/bin/activate && python /tools/Xilinx/Vitis/2024.2/data/embeddedsw/scripts/pyesw//reconfig_bsp.py -d /mnt/Storage/SCHOOL/Capstone/bringup/ChaosCore-FPGA/RV32RocketFPGAConfig/RV32Rocket/platform/zynqmp_fsbl/zynqmp_fsbl_bsp && deactivate
20:58:23 INFO  : bash, -c, source /tools/Xilinx/Vitis/2024.2/tps/lnx64/lopper-1.1.0/env/bin/activate && python /tools/Xilinx/Vitis/2024.2/data/embeddedsw/scripts/pyesw//reconfig_bsp.py -d /mnt/Storage/SCHOOL/Capstone/bringup/ChaosCore-FPGA/RV32RocketFPGAConfig/RV32Rocket/platform/psu_cortexa53_0/standalone_psu_cortexa53_0/bsp && deactivate
20:58:24 INFO  : Domain reconfigured successfully
20:58:24 INFO  : Generating BSP for the domain /mnt/Storage/SCHOOL/Capstone/bringup/ChaosCore-FPGA/RV32RocketFPGAConfig/RV32Rocket/platform/psu_cortexa53_0/standalone_psu_cortexa53_0/bsp
20:58:24 INFO  : lopper command to build BSP :python /tools/Xilinx/Vitis/2024.2/data/embeddedsw/scripts/pyesw//build_bsp.py -d /mnt/Storage/SCHOOL/Capstone/bringup/ChaosCore-FPGA/RV32RocketFPGAConfig/RV32Rocket/platform/psu_cortexa53_0/standalone_psu_cortexa53_0/bsp
20:58:24 INFO  : bash, -c, source /tools/Xilinx/Vitis/2024.2/tps/lnx64/lopper-1.1.0/env/bin/activate && python /tools/Xilinx/Vitis/2024.2/data/embeddedsw/scripts/pyesw//build_bsp.py -d /mnt/Storage/SCHOOL/Capstone/bringup/ChaosCore-FPGA/RV32RocketFPGAConfig/RV32Rocket/platform/psu_cortexa53_0/standalone_psu_cortexa53_0/bsp && deactivate
20:58:24 INFO  : Domain reconfigured successfully
20:58:24 INFO  : Generating BSP for the domain /mnt/Storage/SCHOOL/Capstone/bringup/ChaosCore-FPGA/RV32RocketFPGAConfig/RV32Rocket/platform/zynqmp_fsbl/zynqmp_fsbl_bsp
20:58:24 INFO  : lopper command to build BSP :python /tools/Xilinx/Vitis/2024.2/data/embeddedsw/scripts/pyesw//build_bsp.py -d /mnt/Storage/SCHOOL/Capstone/bringup/ChaosCore-FPGA/RV32RocketFPGAConfig/RV32Rocket/platform/zynqmp_fsbl/zynqmp_fsbl_bsp
20:58:24 INFO  : bash, -c, source /tools/Xilinx/Vitis/2024.2/tps/lnx64/lopper-1.1.0/env/bin/activate && python /tools/Xilinx/Vitis/2024.2/data/embeddedsw/scripts/pyesw//build_bsp.py -d /mnt/Storage/SCHOOL/Capstone/bringup/ChaosCore-FPGA/RV32RocketFPGAConfig/RV32Rocket/platform/zynqmp_fsbl/zynqmp_fsbl_bsp && deactivate
20:58:24 INFO  : Domain build successfully
20:58:24 INFO  : Domain build successfully
20:58:24 INFO  : Generating Boot ELFs
20:58:24 INFO  : lopper command to retarget baremetal application :python /tools/Xilinx/Vitis/2024.2/data/embeddedsw/scripts/pyesw//retarget_app.py -s /mnt/Storage/SCHOOL/Capstone/bringup/ChaosCore-FPGA/RV32RocketFPGAConfig/RV32Rocket/platform/zynqmp_fsbl -d /mnt/Storage/SCHOOL/Capstone/bringup/ChaosCore-FPGA/RV32RocketFPGAConfig/RV32Rocket/platform/zynqmp_fsbl/zynqmp_fsbl_bsp -b /mnt/Storage/SCHOOL/Capstone/bringup/ChaosCore-FPGA/RV32RocketFPGAConfig/RV32Rocket/platform/zynqmp_fsbl/build
20:58:24 INFO  : bash, -c, source /tools/Xilinx/Vitis/2024.2/tps/lnx64/lopper-1.1.0/env/bin/activate && python /tools/Xilinx/Vitis/2024.2/data/embeddedsw/scripts/pyesw//retarget_app.py -s /mnt/Storage/SCHOOL/Capstone/bringup/ChaosCore-FPGA/RV32RocketFPGAConfig/RV32Rocket/platform/zynqmp_fsbl -d /mnt/Storage/SCHOOL/Capstone/bringup/ChaosCore-FPGA/RV32RocketFPGAConfig/RV32Rocket/platform/zynqmp_fsbl/zynqmp_fsbl_bsp -b /mnt/Storage/SCHOOL/Capstone/bringup/ChaosCore-FPGA/RV32RocketFPGAConfig/RV32Rocket/platform/zynqmp_fsbl/build && deactivate
20:58:25 INFO  : Successfully retargeted Application /mnt/Storage/SCHOOL/Capstone/bringup/ChaosCore-FPGA/RV32RocketFPGAConfig/RV32Rocket/platform/zynqmp_fsbl
20:58:25 INFO  : lopper command to build baremetal application :python /tools/Xilinx/Vitis/2024.2/data/embeddedsw/scripts/pyesw//build_app.py -s /mnt/Storage/SCHOOL/Capstone/bringup/ChaosCore-FPGA/RV32RocketFPGAConfig/RV32Rocket/platform/zynqmp_fsbl -b /mnt/Storage/SCHOOL/Capstone/bringup/ChaosCore-FPGA/RV32RocketFPGAConfig/RV32Rocket/platform/zynqmp_fsbl/build
20:58:25 INFO  : bash, -c, source /tools/Xilinx/Vitis/2024.2/tps/lnx64/lopper-1.1.0/env/bin/activate && python /tools/Xilinx/Vitis/2024.2/data/embeddedsw/scripts/pyesw//build_app.py -s /mnt/Storage/SCHOOL/Capstone/bringup/ChaosCore-FPGA/RV32RocketFPGAConfig/RV32Rocket/platform/zynqmp_fsbl -b /mnt/Storage/SCHOOL/Capstone/bringup/ChaosCore-FPGA/RV32RocketFPGAConfig/RV32Rocket/platform/zynqmp_fsbl/build && deactivate
20:58:28 INFO  : Successfully building the baremetal application/mnt/Storage/SCHOOL/Capstone/bringup/ChaosCore-FPGA/RV32RocketFPGAConfig/RV32Rocket/platform/zynqmp_fsbl/build
20:58:28 INFO  : Generating Export directory
20:58:28 INFO  : Platform Build Finished successfully.
20:58:28 INFO  : lopper command to retarget baremetal application :python /tools/Xilinx/Vitis/2024.2/data/embeddedsw/scripts/pyesw//retarget_app.py -s /mnt/Storage/SCHOOL/Capstone/bringup/ChaosCore-FPGA/RV32RocketFPGAConfig/RV32Rocket/hello_world/src -d /mnt/Storage/SCHOOL/Capstone/bringup/ChaosCore-FPGA/RV32RocketFPGAConfig/RV32Rocket/platform/export/platform/sw/standalone_psu_cortexa53_0 -b /mnt/Storage/SCHOOL/Capstone/bringup/ChaosCore-FPGA/RV32RocketFPGAConfig/RV32Rocket/hello_world/build
20:58:28 INFO  : bash, -c, source /tools/Xilinx/Vitis/2024.2/tps/lnx64/lopper-1.1.0/env/bin/activate && python /tools/Xilinx/Vitis/2024.2/data/embeddedsw/scripts/pyesw//retarget_app.py -s /mnt/Storage/SCHOOL/Capstone/bringup/ChaosCore-FPGA/RV32RocketFPGAConfig/RV32Rocket/hello_world/src -d /mnt/Storage/SCHOOL/Capstone/bringup/ChaosCore-FPGA/RV32RocketFPGAConfig/RV32Rocket/platform/export/platform/sw/standalone_psu_cortexa53_0 -b /mnt/Storage/SCHOOL/Capstone/bringup/ChaosCore-FPGA/RV32RocketFPGAConfig/RV32Rocket/hello_world/build && deactivate
20:58:29 INFO  : Successfully retargeted Application /mnt/Storage/SCHOOL/Capstone/bringup/ChaosCore-FPGA/RV32RocketFPGAConfig/RV32Rocket/hello_world/src
20:58:29 INFO  : bash, -c, source /tools/Xilinx/Vitis/2024.2/tps/lnx64/lopper-1.1.0/env/bin/activate && python /tools/Xilinx/Vitis/2024.2/data/embeddedsw/scripts/pyesw//build_app.py -s /mnt/Storage/SCHOOL/Capstone/bringup/ChaosCore-FPGA/RV32RocketFPGAConfig/RV32Rocket/hello_world/src -b /mnt/Storage/SCHOOL/Capstone/bringup/ChaosCore-FPGA/RV32RocketFPGAConfig/RV32Rocket/hello_world/build && deactivate
20:58:32 INFO  : connect -url tcp:127.0.0.1:3121
20:58:32 INFO  : bpremove -all
20:58:32 INFO  : source /tools/Xilinx/Vitis/2024.2/scripts/vitis/util/zynqmp_utils.tcl
20:58:32 INFO  : Context for 'APU' is selected.
20:58:33 INFO  : System reset is completed.
20:58:33 INFO  : disconnect
20:58:36 INFO  : 'after 3000' command is executed.
20:58:36 ERROR : Failed to initialize the hardware Invalid target. Use "connect" command to connect to hw_server/TCF agent
20:58:40 INFO  : connect -url tcp:127.0.0.1:3121
20:58:40 INFO  : bpremove -all
20:58:40 INFO  : source /tools/Xilinx/Vitis/2024.2/scripts/vitis/util/zynqmp_utils.tcl
20:58:40 INFO  : Context for 'APU' is selected.
20:58:41 INFO  : System reset is completed.
20:58:44 INFO  : 'after 3000' command is executed.
20:58:44 INFO  : 'targets -set -filter {jtag_cable_name =~ "Avnet USB-to-JTAG/UART Pod V1 1234-oj1A" && level==0 && jtag_device_ctx=="jsn-USB-to-JTAG/UART Pod V1-1234-oj1A-14710093-0"}' command is executed.
20:58:47 INFO  : Device configured successfully with "/mnt/Storage/SCHOOL/Capstone/bringup/ChaosCore-FPGA/RV32RocketFPGAConfig/RV32Rocket/hello_world/_ide/bitstream/BD_wrapper.bit"
20:58:47 INFO  : targets -set -nocase -filter {name =~"PSU*"}
20:58:47 INFO  : catch {disable_pmu_gate}
20:58:47 INFO  : targets -set -nocase -filter {name =~"APU*"}
20:58:47 INFO  : loadhw -hw /mnt/Storage/SCHOOL/Capstone/bringup/ChaosCore-FPGA/RV32RocketFPGAConfig/RV32Rocket/platform/export/platform/hw/BD_wrapper.xsa -mem-ranges [list {0x80000000 0xbfffffff} {0x400000000 0x5ffffffff} {0x1000000000 0x7fffffffff}]
20:58:47 INFO  : configparams force-mem-access 1
20:58:47 INFO  : targets -set -nocase -filter {name =~"APU*"}
20:58:47 INFO  : source /tools/Xilinx/Vitis/2024.2/vitis-server/scripts/jtag_reg.tcl
20:58:47 INFO  : Boot mode is read from the target.
20:58:47 INFO  : targets -set -nocase -filter {name =~ "*A53*#0"}
20:58:47 INFO  : rst -processor
20:58:48 INFO  : dow /mnt/Storage/SCHOOL/Capstone/bringup/ChaosCore-FPGA/RV32RocketFPGAConfig/RV32Rocket/platform/export/platform/sw/boot/fsbl.elf
20:58:48 INFO  : set bp_58_48_fsbl_bp [bpadd -addr &XFsbl_Exit]
20:58:49 INFO  : con -block -timeout 60
20:58:49 INFO  : bpremove $bp_58_48_fsbl_bp
20:58:49 INFO  : targets -set -nocase -filter {name =~ "*A53*#0"}
20:58:49 INFO  : rst -processor
20:58:49 INFO  : dow /mnt/Storage/SCHOOL/Capstone/bringup/ChaosCore-FPGA/RV32RocketFPGAConfig/RV32Rocket/hello_world/build/hello_world.elf
20:58:49 INFO  : con
20:58:49 INFO  : configparams force-mem-access 0
20:58:50 INFO  : Testing the connection for 127.0.0.1
20:59:14 ERROR : Error in generating platform.Error in deleting existing Platform contents.
20:59:14 ERROR : Error in generating platform.Error in deleting existing Platform contents.
20:59:14 INFO  : Found no platform with name 'platform' in install repositories
20:59:21 ERROR : Error in generating platform.Error in deleting existing Platform contents.
20:59:21 ERROR : Error in generating platform.Error in deleting existing Platform contents.
20:59:22 INFO  : Found no platform with name 'platform' in install repositories
20:59:30 ERROR : Error in generating platform.Error in deleting existing Platform contents.
20:59:30 ERROR : Error in generating platform.Error in deleting existing Platform contents.
20:59:30 INFO  : Found no platform with name 'platform' in install repositories
20:59:31 ERROR : Error in generating platform.Error in deleting existing Platform contents.
20:59:31 ERROR : Error in generating platform.Error in deleting existing Platform contents.
20:59:32 INFO  : Found no platform with name 'platform' in install repositories
20:59:33 ERROR : Error in generating platform.Error in deleting existing Platform contents.
20:59:33 ERROR : Error in generating platform.Error in deleting existing Platform contents.
20:59:33 INFO  : Found no platform with name 'platform' in install repositories
20:59:37 INFO  : disconnect
20:59:40 INFO  : BSP build will be initiated for Domain zynqmp_fsbl
20:59:40 INFO  : BSP build will be initiated for Domain standalone_psu_cortexa53_0
20:59:40 INFO  : Generating BSP for the domain /mnt/Storage/SCHOOL/Capstone/bringup/ChaosCore-FPGA/RV32RocketFPGAConfig/RV32Rocket/platform/zynqmp_fsbl/zynqmp_fsbl_bsp
20:59:40 INFO  : Generating BSP for the domain /mnt/Storage/SCHOOL/Capstone/bringup/ChaosCore-FPGA/RV32RocketFPGAConfig/RV32Rocket/platform/psu_cortexa53_0/standalone_psu_cortexa53_0/bsp
20:59:40 INFO  : lopper command to reconfigure BSP :python /tools/Xilinx/Vitis/2024.2/data/embeddedsw/scripts/pyesw//reconfig_bsp.py -d /mnt/Storage/SCHOOL/Capstone/bringup/ChaosCore-FPGA/RV32RocketFPGAConfig/RV32Rocket/platform/zynqmp_fsbl/zynqmp_fsbl_bsp
20:59:40 INFO  : lopper command to reconfigure BSP :python /tools/Xilinx/Vitis/2024.2/data/embeddedsw/scripts/pyesw//reconfig_bsp.py -d /mnt/Storage/SCHOOL/Capstone/bringup/ChaosCore-FPGA/RV32RocketFPGAConfig/RV32Rocket/platform/psu_cortexa53_0/standalone_psu_cortexa53_0/bsp
20:59:40 INFO  : bash, -c, source /tools/Xilinx/Vitis/2024.2/tps/lnx64/lopper-1.1.0/env/bin/activate && python /tools/Xilinx/Vitis/2024.2/data/embeddedsw/scripts/pyesw//reconfig_bsp.py -d /mnt/Storage/SCHOOL/Capstone/bringup/ChaosCore-FPGA/RV32RocketFPGAConfig/RV32Rocket/platform/zynqmp_fsbl/zynqmp_fsbl_bsp && deactivate
20:59:40 INFO  : bash, -c, source /tools/Xilinx/Vitis/2024.2/tps/lnx64/lopper-1.1.0/env/bin/activate && python /tools/Xilinx/Vitis/2024.2/data/embeddedsw/scripts/pyesw//reconfig_bsp.py -d /mnt/Storage/SCHOOL/Capstone/bringup/ChaosCore-FPGA/RV32RocketFPGAConfig/RV32Rocket/platform/psu_cortexa53_0/standalone_psu_cortexa53_0/bsp && deactivate
20:59:40 INFO  : Domain reconfigured successfully
20:59:40 INFO  : Generating BSP for the domain /mnt/Storage/SCHOOL/Capstone/bringup/ChaosCore-FPGA/RV32RocketFPGAConfig/RV32Rocket/platform/psu_cortexa53_0/standalone_psu_cortexa53_0/bsp
20:59:40 INFO  : lopper command to build BSP :python /tools/Xilinx/Vitis/2024.2/data/embeddedsw/scripts/pyesw//build_bsp.py -d /mnt/Storage/SCHOOL/Capstone/bringup/ChaosCore-FPGA/RV32RocketFPGAConfig/RV32Rocket/platform/psu_cortexa53_0/standalone_psu_cortexa53_0/bsp
20:59:40 INFO  : bash, -c, source /tools/Xilinx/Vitis/2024.2/tps/lnx64/lopper-1.1.0/env/bin/activate && python /tools/Xilinx/Vitis/2024.2/data/embeddedsw/scripts/pyesw//build_bsp.py -d /mnt/Storage/SCHOOL/Capstone/bringup/ChaosCore-FPGA/RV32RocketFPGAConfig/RV32Rocket/platform/psu_cortexa53_0/standalone_psu_cortexa53_0/bsp && deactivate
20:59:40 INFO  : Domain reconfigured successfully
20:59:40 INFO  : Generating BSP for the domain /mnt/Storage/SCHOOL/Capstone/bringup/ChaosCore-FPGA/RV32RocketFPGAConfig/RV32Rocket/platform/zynqmp_fsbl/zynqmp_fsbl_bsp
20:59:40 INFO  : lopper command to build BSP :python /tools/Xilinx/Vitis/2024.2/data/embeddedsw/scripts/pyesw//build_bsp.py -d /mnt/Storage/SCHOOL/Capstone/bringup/ChaosCore-FPGA/RV32RocketFPGAConfig/RV32Rocket/platform/zynqmp_fsbl/zynqmp_fsbl_bsp
20:59:40 INFO  : bash, -c, source /tools/Xilinx/Vitis/2024.2/tps/lnx64/lopper-1.1.0/env/bin/activate && python /tools/Xilinx/Vitis/2024.2/data/embeddedsw/scripts/pyesw//build_bsp.py -d /mnt/Storage/SCHOOL/Capstone/bringup/ChaosCore-FPGA/RV32RocketFPGAConfig/RV32Rocket/platform/zynqmp_fsbl/zynqmp_fsbl_bsp && deactivate
20:59:40 INFO  : Domain build successfully
20:59:40 INFO  : Domain build successfully
20:59:40 INFO  : Generating Boot ELFs
20:59:40 INFO  : lopper command to retarget baremetal application :python /tools/Xilinx/Vitis/2024.2/data/embeddedsw/scripts/pyesw//retarget_app.py -s /mnt/Storage/SCHOOL/Capstone/bringup/ChaosCore-FPGA/RV32RocketFPGAConfig/RV32Rocket/platform/zynqmp_fsbl -d /mnt/Storage/SCHOOL/Capstone/bringup/ChaosCore-FPGA/RV32RocketFPGAConfig/RV32Rocket/platform/zynqmp_fsbl/zynqmp_fsbl_bsp -b /mnt/Storage/SCHOOL/Capstone/bringup/ChaosCore-FPGA/RV32RocketFPGAConfig/RV32Rocket/platform/zynqmp_fsbl/build
20:59:40 INFO  : bash, -c, source /tools/Xilinx/Vitis/2024.2/tps/lnx64/lopper-1.1.0/env/bin/activate && python /tools/Xilinx/Vitis/2024.2/data/embeddedsw/scripts/pyesw//retarget_app.py -s /mnt/Storage/SCHOOL/Capstone/bringup/ChaosCore-FPGA/RV32RocketFPGAConfig/RV32Rocket/platform/zynqmp_fsbl -d /mnt/Storage/SCHOOL/Capstone/bringup/ChaosCore-FPGA/RV32RocketFPGAConfig/RV32Rocket/platform/zynqmp_fsbl/zynqmp_fsbl_bsp -b /mnt/Storage/SCHOOL/Capstone/bringup/ChaosCore-FPGA/RV32RocketFPGAConfig/RV32Rocket/platform/zynqmp_fsbl/build && deactivate
20:59:41 INFO  : Successfully retargeted Application /mnt/Storage/SCHOOL/Capstone/bringup/ChaosCore-FPGA/RV32RocketFPGAConfig/RV32Rocket/platform/zynqmp_fsbl
20:59:41 INFO  : lopper command to build baremetal application :python /tools/Xilinx/Vitis/2024.2/data/embeddedsw/scripts/pyesw//build_app.py -s /mnt/Storage/SCHOOL/Capstone/bringup/ChaosCore-FPGA/RV32RocketFPGAConfig/RV32Rocket/platform/zynqmp_fsbl -b /mnt/Storage/SCHOOL/Capstone/bringup/ChaosCore-FPGA/RV32RocketFPGAConfig/RV32Rocket/platform/zynqmp_fsbl/build
20:59:41 INFO  : bash, -c, source /tools/Xilinx/Vitis/2024.2/tps/lnx64/lopper-1.1.0/env/bin/activate && python /tools/Xilinx/Vitis/2024.2/data/embeddedsw/scripts/pyesw//build_app.py -s /mnt/Storage/SCHOOL/Capstone/bringup/ChaosCore-FPGA/RV32RocketFPGAConfig/RV32Rocket/platform/zynqmp_fsbl -b /mnt/Storage/SCHOOL/Capstone/bringup/ChaosCore-FPGA/RV32RocketFPGAConfig/RV32Rocket/platform/zynqmp_fsbl/build && deactivate
20:59:45 INFO  : Successfully building the baremetal application/mnt/Storage/SCHOOL/Capstone/bringup/ChaosCore-FPGA/RV32RocketFPGAConfig/RV32Rocket/platform/zynqmp_fsbl/build
20:59:45 INFO  : Generating Export directory
20:59:45 INFO  : Platform Build Finished successfully.
20:59:46 INFO  : lopper command to retarget baremetal application :python /tools/Xilinx/Vitis/2024.2/data/embeddedsw/scripts/pyesw//retarget_app.py -s /mnt/Storage/SCHOOL/Capstone/bringup/ChaosCore-FPGA/RV32RocketFPGAConfig/RV32Rocket/hello_world/src -d /mnt/Storage/SCHOOL/Capstone/bringup/ChaosCore-FPGA/RV32RocketFPGAConfig/RV32Rocket/platform/export/platform/sw/standalone_psu_cortexa53_0 -b /mnt/Storage/SCHOOL/Capstone/bringup/ChaosCore-FPGA/RV32RocketFPGAConfig/RV32Rocket/hello_world/build
20:59:46 INFO  : bash, -c, source /tools/Xilinx/Vitis/2024.2/tps/lnx64/lopper-1.1.0/env/bin/activate && python /tools/Xilinx/Vitis/2024.2/data/embeddedsw/scripts/pyesw//retarget_app.py -s /mnt/Storage/SCHOOL/Capstone/bringup/ChaosCore-FPGA/RV32RocketFPGAConfig/RV32Rocket/hello_world/src -d /mnt/Storage/SCHOOL/Capstone/bringup/ChaosCore-FPGA/RV32RocketFPGAConfig/RV32Rocket/platform/export/platform/sw/standalone_psu_cortexa53_0 -b /mnt/Storage/SCHOOL/Capstone/bringup/ChaosCore-FPGA/RV32RocketFPGAConfig/RV32Rocket/hello_world/build && deactivate
20:59:46 INFO  : Successfully retargeted Application /mnt/Storage/SCHOOL/Capstone/bringup/ChaosCore-FPGA/RV32RocketFPGAConfig/RV32Rocket/hello_world/src
20:59:46 INFO  : bash, -c, source /tools/Xilinx/Vitis/2024.2/tps/lnx64/lopper-1.1.0/env/bin/activate && python /tools/Xilinx/Vitis/2024.2/data/embeddedsw/scripts/pyesw//build_app.py -s /mnt/Storage/SCHOOL/Capstone/bringup/ChaosCore-FPGA/RV32RocketFPGAConfig/RV32Rocket/hello_world/src -b /mnt/Storage/SCHOOL/Capstone/bringup/ChaosCore-FPGA/RV32RocketFPGAConfig/RV32Rocket/hello_world/build && deactivate
20:59:48 INFO  : connect -url tcp:127.0.0.1:3121
20:59:48 INFO  : bpremove -all
20:59:48 INFO  : source /tools/Xilinx/Vitis/2024.2/scripts/vitis/util/zynqmp_utils.tcl
20:59:48 INFO  : Context for 'APU' is selected.
20:59:48 INFO  : System reset is completed.
20:59:51 INFO  : 'after 3000' command is executed.
20:59:51 INFO  : 'targets -set -filter {jtag_cable_name =~ "Avnet USB-to-JTAG/UART Pod V1 1234-oj1A" && level==0 && jtag_device_ctx=="jsn-USB-to-JTAG/UART Pod V1-1234-oj1A-14710093-0"}' command is executed.
20:59:55 INFO  : Device configured successfully with "/mnt/Storage/SCHOOL/Capstone/bringup/ChaosCore-FPGA/RV32RocketFPGAConfig/RV32Rocket/hello_world/_ide/bitstream/BD_wrapper.bit"
20:59:55 INFO  : targets -set -nocase -filter {name =~"PSU*"}
20:59:55 INFO  : catch {disable_pmu_gate}
20:59:55 INFO  : targets -set -nocase -filter {name =~"APU*"}
20:59:55 INFO  : loadhw -hw /mnt/Storage/SCHOOL/Capstone/bringup/ChaosCore-FPGA/RV32RocketFPGAConfig/RV32Rocket/platform/export/platform/hw/BD_wrapper.xsa -mem-ranges [list {0x80000000 0xbfffffff} {0x400000000 0x5ffffffff} {0x1000000000 0x7fffffffff}]
20:59:55 INFO  : configparams force-mem-access 1
20:59:55 INFO  : targets -set -nocase -filter {name =~"APU*"}
20:59:55 INFO  : source /tools/Xilinx/Vitis/2024.2/vitis-server/scripts/jtag_reg.tcl
20:59:55 INFO  : Boot mode is read from the target.
20:59:55 INFO  : targets -set -nocase -filter {name =~ "*A53*#0"}
20:59:55 INFO  : rst -processor
20:59:55 INFO  : dow /mnt/Storage/SCHOOL/Capstone/bringup/ChaosCore-FPGA/RV32RocketFPGAConfig/RV32Rocket/platform/export/platform/sw/boot/fsbl.elf
20:59:55 INFO  : set bp_59_55_fsbl_bp [bpadd -addr &XFsbl_Exit]
20:59:56 INFO  : con -block -timeout 60
20:59:56 INFO  : bpremove $bp_59_55_fsbl_bp
20:59:56 INFO  : targets -set -nocase -filter {name =~ "*A53*#0"}
20:59:56 INFO  : rst -processor
20:59:57 INFO  : dow /mnt/Storage/SCHOOL/Capstone/bringup/ChaosCore-FPGA/RV32RocketFPGAConfig/RV32Rocket/hello_world/build/hello_world.elf
20:59:57 INFO  : con
20:59:57 INFO  : configparams force-mem-access 0
20:59:58 INFO  : Testing the connection for 127.0.0.1
21:00:07 INFO  : connect -url tcp:127.0.0.1:3121
21:00:07 INFO  : bpremove -all
21:00:07 INFO  : source /tools/Xilinx/Vitis/2024.2/scripts/vitis/util/zynqmp_utils.tcl
21:00:07 INFO  : Context for 'APU' is selected.
21:00:08 INFO  : System reset is completed.
21:00:08 INFO  : disconnect
21:00:11 INFO  : 'after 3000' command is executed.
21:00:11 ERROR : Failed to initialize the hardware Invalid target. Use "connect" command to connect to hw_server/TCF agent
21:00:14 INFO  : connect -url tcp:127.0.0.1:3121
21:00:14 INFO  : bpremove -all
21:00:14 INFO  : source /tools/Xilinx/Vitis/2024.2/scripts/vitis/util/zynqmp_utils.tcl
21:00:15 INFO  : Context for 'APU' is selected.
21:00:15 INFO  : System reset is completed.
21:00:18 INFO  : 'after 3000' command is executed.
21:00:18 INFO  : 'targets -set -filter {jtag_cable_name =~ "Avnet USB-to-JTAG/UART Pod V1 1234-oj1A" && level==0 && jtag_device_ctx=="jsn-USB-to-JTAG/UART Pod V1-1234-oj1A-14710093-0"}' command is executed.
21:00:21 INFO  : Device configured successfully with "/mnt/Storage/SCHOOL/Capstone/bringup/ChaosCore-FPGA/RV32RocketFPGAConfig/RV32Rocket/hello_world/_ide/bitstream/BD_wrapper.bit"
21:00:21 INFO  : targets -set -nocase -filter {name =~"PSU*"}
21:00:21 INFO  : catch {disable_pmu_gate}
21:00:21 INFO  : targets -set -nocase -filter {name =~"APU*"}
21:00:21 INFO  : loadhw -hw /mnt/Storage/SCHOOL/Capstone/bringup/ChaosCore-FPGA/RV32RocketFPGAConfig/RV32Rocket/platform/export/platform/hw/BD_wrapper.xsa -mem-ranges [list {0x80000000 0xbfffffff} {0x400000000 0x5ffffffff} {0x1000000000 0x7fffffffff}]
21:00:21 INFO  : configparams force-mem-access 1
21:00:21 INFO  : targets -set -nocase -filter {name =~"APU*"}
21:00:21 INFO  : source /tools/Xilinx/Vitis/2024.2/vitis-server/scripts/jtag_reg.tcl
21:00:21 INFO  : Boot mode is read from the target.
21:00:21 INFO  : targets -set -nocase -filter {name =~ "*A53*#0"}
21:00:21 INFO  : rst -processor
21:00:22 INFO  : dow /mnt/Storage/SCHOOL/Capstone/bringup/ChaosCore-FPGA/RV32RocketFPGAConfig/RV32Rocket/platform/export/platform/sw/boot/fsbl.elf
21:00:22 INFO  : set bp_0_22_fsbl_bp [bpadd -addr &XFsbl_Exit]
21:00:23 INFO  : con -block -timeout 60
21:00:23 INFO  : bpremove $bp_0_22_fsbl_bp
21:00:23 INFO  : targets -set -nocase -filter {name =~ "*A53*#0"}
21:00:23 INFO  : rst -processor
21:00:23 INFO  : dow /mnt/Storage/SCHOOL/Capstone/bringup/ChaosCore-FPGA/RV32RocketFPGAConfig/RV32Rocket/hello_world/build/hello_world.elf
21:00:23 INFO  : con
21:00:23 INFO  : configparams force-mem-access 0
21:00:24 INFO  : Testing the connection for 127.0.0.1
22:32:57 INFO  : disconnect
23:20:45 INFO  : connection terminated
23:20:45 INFO  : connection terminated
23:20:45 INFO  : Terminating Vitis C++ Server
23:20:46 INFO  : scheduling shutdown timer for 2 seconds ...
23:20:46 INFO  : Vitis C++ Server terminated
23:20:46 INFO  : scheduling shutdown timer for 2 seconds ...
12:43:29 INFO  : updated workspace path: /mnt/Storage/SCHOOL/Capstone/bringup/ChaosCore-FPGA/RV32RocketFPGAConfig/RV32Rocket
12:43:29 INFO  : created .gitignore file for the project /mnt/Storage/SCHOOL/Capstone/bringup/ChaosCore-FPGA/RV32RocketFPGAConfig/RV32Rocket
12:43:29 INFO  : bash, -c, source /tools/Xilinx/Vitis/2024.2/tps/lnx64/lopper-1.1.0/env/bin/activate && python /tools/Xilinx/Vitis/2024.2/data/embeddedsw/scripts/pyesw//get_template_data.py -d /tmp/rigel_lopper_alisher6908800496735921035 -r /mnt/Storage/SCHOOL/Capstone/bringup/ChaosCore-FPGA/RV32RocketFPGAConfig/RV32Rocket/_ide/.wsdata/.repo.yaml && deactivate
12:43:29 INFO  : Connection to XSDB Server established.
12:43:29 INFO  : It has taken  1secs.
12:43:29 INFO  : Done
12:43:29 INFO  : Embedded Template List generated successfully
12:43:40 INFO  : The updated bitstream files are copied from platform to folder '/mnt/Storage/SCHOOL/Capstone/bringup/ChaosCore-FPGA/RV32RocketFPGAConfig/RV32Rocket/hello_world/_ide/bitstream' in project '/mnt/Storage/SCHOOL/Capstone/bringup/ChaosCore-FPGA/RV32RocketFPGAConfig/RV32Rocket/hello_world'.
12:43:40 INFO  : The updated ps init files are copied from platform to folder '/mnt/Storage/SCHOOL/Capstone/bringup/ChaosCore-FPGA/RV32RocketFPGAConfig/RV32Rocket/hello_world/_ide/psinit' in project '/mnt/Storage/SCHOOL/Capstone/bringup/ChaosCore-FPGA/RV32RocketFPGAConfig/RV32Rocket/hello_world'.
12:44:08 INFO  : Connected to target on host '127.0.0.1' and port '3121'.
12:44:09 INFO  : Connected to target on host '127.0.0.1' and port '3121'.
12:44:09 INFO  : 'targets -set -filter {jtag_cable_name =~ "Avnet USB-to-JTAG/UART Pod V1 1234-oj1A" && level==0 && jtag_device_ctx=="jsn-USB-to-JTAG/UART Pod V1-1234-oj1A-14710093-0"}' command is executed.
12:44:13 INFO  : Device configured successfully with "/mnt/Storage/SCHOOL/Capstone/bringup/ChaosCore-FPGA/RV32RocketFPGAConfig/RV32Rocket/hello_world/_ide/bitstream/BD_wrapper.bit"
12:44:25 INFO  : Found no platform with name 'BD_wrapper' in install repositories
12:44:25 INFO  : HW XSA update started
12:44:25 INFO  : Using sdt generation script from /tools/Xilinx/Vitis/2024.2/vitis-server/scripts/platformutil.tcl
12:44:25 INFO  : bash, -c, source /tools/Xilinx/Vitis/2024.2/tps/lnx64/lopper-1.1.0/env/bin/activate && xsct /tools/Xilinx/Vitis/2024.2/vitis-server/scripts/platformutil.tcl /mnt/Storage/SCHOOL/Capstone/bringup/ChaosCore-FPGA/RV32RocketFPGAConfig/RV32Rocket/BD_wrapper.xsa /mnt/Storage/SCHOOL/Capstone/bringup/ChaosCore-FPGA/RV32RocketFPGAConfig/RV32Rocket/platform/hw/sdt && deactivate
12:44:36 INFO  : SDT generated successfully
12:44:36 INFO  : Generating BSP for the domain /mnt/Storage/SCHOOL/Capstone/bringup/ChaosCore-FPGA/RV32RocketFPGAConfig/RV32Rocket/platform/zynqmp_fsbl/zynqmp_fsbl_bsp
12:44:36 INFO  : lopper command to reconfigure BSP :python /tools/Xilinx/Vitis/2024.2/data/embeddedsw/scripts/pyesw//reconfig_bsp.py -d /mnt/Storage/SCHOOL/Capstone/bringup/ChaosCore-FPGA/RV32RocketFPGAConfig/RV32Rocket/platform/zynqmp_fsbl/zynqmp_fsbl_bsp
12:44:36 INFO  : bash, -c, source /tools/Xilinx/Vitis/2024.2/tps/lnx64/lopper-1.1.0/env/bin/activate && python /tools/Xilinx/Vitis/2024.2/data/embeddedsw/scripts/pyesw//reconfig_bsp.py -d /mnt/Storage/SCHOOL/Capstone/bringup/ChaosCore-FPGA/RV32RocketFPGAConfig/RV32Rocket/platform/zynqmp_fsbl/zynqmp_fsbl_bsp && deactivate
12:44:36 INFO  : Domain reconfigured successfully
12:44:36 INFO  : lopper command to regenerate BSP :python /tools/Xilinx/Vitis/2024.2/data/embeddedsw/scripts/pyesw//regen_bsp.py -s /mnt/Storage/SCHOOL/Capstone/bringup/ChaosCore-FPGA/RV32RocketFPGAConfig/RV32Rocket/platform/hw/sdt/system-top.dts -d /mnt/Storage/SCHOOL/Capstone/bringup/ChaosCore-FPGA/RV32RocketFPGAConfig/RV32Rocket/platform/zynqmp_fsbl/zynqmp_fsbl_bsp -r /mnt/Storage/SCHOOL/Capstone/bringup/ChaosCore-FPGA/RV32RocketFPGAConfig/RV32Rocket/_ide/.wsdata/.repo.yaml
12:44:36 INFO  : bash, -c, source /tools/Xilinx/Vitis/2024.2/tps/lnx64/lopper-1.1.0/env/bin/activate && python /tools/Xilinx/Vitis/2024.2/data/embeddedsw/scripts/pyesw//regen_bsp.py -s /mnt/Storage/SCHOOL/Capstone/bringup/ChaosCore-FPGA/RV32RocketFPGAConfig/RV32Rocket/platform/hw/sdt/system-top.dts -d /mnt/Storage/SCHOOL/Capstone/bringup/ChaosCore-FPGA/RV32RocketFPGAConfig/RV32Rocket/platform/zynqmp_fsbl/zynqmp_fsbl_bsp -r /mnt/Storage/SCHOOL/Capstone/bringup/ChaosCore-FPGA/RV32RocketFPGAConfig/RV32Rocket/_ide/.wsdata/.repo.yaml && deactivate
12:44:49 INFO  : -- Configuring done
12:44:49 INFO  : -- Generating done
12:44:49 INFO  : -- Build files have been written to: /mnt/Storage/SCHOOL/Capstone/bringup/ChaosCore-FPGA/RV32RocketFPGAConfig/RV32Rocket/platform/zynqmp_fsbl/zynqmp_fsbl_bsp/libsrc/build_configs/gen_bsp
12:44:49 INFO  : Successfully created Domain at /mnt/Storage/SCHOOL/Capstone/bringup/ChaosCore-FPGA/RV32RocketFPGAConfig/RV32Rocket/platform/zynqmp_fsbl/zynqmp_fsbl_bsp
12:44:49 INFO  : BSP regenerated successfully
12:44:49 INFO  : Generating BSP for the domain /mnt/Storage/SCHOOL/Capstone/bringup/ChaosCore-FPGA/RV32RocketFPGAConfig/RV32Rocket/platform/psu_cortexa53_0/standalone_psu_cortexa53_0/bsp
12:44:49 INFO  : lopper command to reconfigure BSP :python /tools/Xilinx/Vitis/2024.2/data/embeddedsw/scripts/pyesw//reconfig_bsp.py -d /mnt/Storage/SCHOOL/Capstone/bringup/ChaosCore-FPGA/RV32RocketFPGAConfig/RV32Rocket/platform/psu_cortexa53_0/standalone_psu_cortexa53_0/bsp
12:44:49 INFO  : bash, -c, source /tools/Xilinx/Vitis/2024.2/tps/lnx64/lopper-1.1.0/env/bin/activate && python /tools/Xilinx/Vitis/2024.2/data/embeddedsw/scripts/pyesw//reconfig_bsp.py -d /mnt/Storage/SCHOOL/Capstone/bringup/ChaosCore-FPGA/RV32RocketFPGAConfig/RV32Rocket/platform/psu_cortexa53_0/standalone_psu_cortexa53_0/bsp && deactivate
12:44:50 INFO  : Domain reconfigured successfully
12:44:50 INFO  : lopper command to regenerate BSP :python /tools/Xilinx/Vitis/2024.2/data/embeddedsw/scripts/pyesw//regen_bsp.py -s /mnt/Storage/SCHOOL/Capstone/bringup/ChaosCore-FPGA/RV32RocketFPGAConfig/RV32Rocket/platform/hw/sdt/system-top.dts -d /mnt/Storage/SCHOOL/Capstone/bringup/ChaosCore-FPGA/RV32RocketFPGAConfig/RV32Rocket/platform/psu_cortexa53_0/standalone_psu_cortexa53_0/bsp -r /mnt/Storage/SCHOOL/Capstone/bringup/ChaosCore-FPGA/RV32RocketFPGAConfig/RV32Rocket/_ide/.wsdata/.repo.yaml
12:44:50 INFO  : bash, -c, source /tools/Xilinx/Vitis/2024.2/tps/lnx64/lopper-1.1.0/env/bin/activate && python /tools/Xilinx/Vitis/2024.2/data/embeddedsw/scripts/pyesw//regen_bsp.py -s /mnt/Storage/SCHOOL/Capstone/bringup/ChaosCore-FPGA/RV32RocketFPGAConfig/RV32Rocket/platform/hw/sdt/system-top.dts -d /mnt/Storage/SCHOOL/Capstone/bringup/ChaosCore-FPGA/RV32RocketFPGAConfig/RV32Rocket/platform/psu_cortexa53_0/standalone_psu_cortexa53_0/bsp -r /mnt/Storage/SCHOOL/Capstone/bringup/ChaosCore-FPGA/RV32RocketFPGAConfig/RV32Rocket/_ide/.wsdata/.repo.yaml && deactivate
12:44:59 INFO  : -- Configuring done
12:44:59 INFO  : -- Generating done
12:44:59 INFO  : -- Build files have been written to: /mnt/Storage/SCHOOL/Capstone/bringup/ChaosCore-FPGA/RV32RocketFPGAConfig/RV32Rocket/platform/psu_cortexa53_0/standalone_psu_cortexa53_0/bsp/libsrc/build_configs/gen_bsp
12:44:59 INFO  : Successfully created Domain at /mnt/Storage/SCHOOL/Capstone/bringup/ChaosCore-FPGA/RV32RocketFPGAConfig/RV32Rocket/platform/psu_cortexa53_0/standalone_psu_cortexa53_0/bsp
12:44:59 INFO  : BSP regenerated successfully
12:44:59 INFO  : Hardware XSA update finished successfully
12:45:04 INFO  : BSP build will be initiated for Domain zynqmp_fsbl
12:45:04 INFO  : BSP build will be initiated for Domain standalone_psu_cortexa53_0
12:45:04 INFO  : Generating BSP for the domain /mnt/Storage/SCHOOL/Capstone/bringup/ChaosCore-FPGA/RV32RocketFPGAConfig/RV32Rocket/platform/zynqmp_fsbl/zynqmp_fsbl_bsp
12:45:04 INFO  : Generating BSP for the domain /mnt/Storage/SCHOOL/Capstone/bringup/ChaosCore-FPGA/RV32RocketFPGAConfig/RV32Rocket/platform/psu_cortexa53_0/standalone_psu_cortexa53_0/bsp
12:45:04 INFO  : lopper command to reconfigure BSP :python /tools/Xilinx/Vitis/2024.2/data/embeddedsw/scripts/pyesw//reconfig_bsp.py -d /mnt/Storage/SCHOOL/Capstone/bringup/ChaosCore-FPGA/RV32RocketFPGAConfig/RV32Rocket/platform/zynqmp_fsbl/zynqmp_fsbl_bsp
12:45:04 INFO  : lopper command to reconfigure BSP :python /tools/Xilinx/Vitis/2024.2/data/embeddedsw/scripts/pyesw//reconfig_bsp.py -d /mnt/Storage/SCHOOL/Capstone/bringup/ChaosCore-FPGA/RV32RocketFPGAConfig/RV32Rocket/platform/psu_cortexa53_0/standalone_psu_cortexa53_0/bsp
12:45:04 INFO  : bash, -c, source /tools/Xilinx/Vitis/2024.2/tps/lnx64/lopper-1.1.0/env/bin/activate && python /tools/Xilinx/Vitis/2024.2/data/embeddedsw/scripts/pyesw//reconfig_bsp.py -d /mnt/Storage/SCHOOL/Capstone/bringup/ChaosCore-FPGA/RV32RocketFPGAConfig/RV32Rocket/platform/zynqmp_fsbl/zynqmp_fsbl_bsp && deactivate
12:45:04 INFO  : bash, -c, source /tools/Xilinx/Vitis/2024.2/tps/lnx64/lopper-1.1.0/env/bin/activate && python /tools/Xilinx/Vitis/2024.2/data/embeddedsw/scripts/pyesw//reconfig_bsp.py -d /mnt/Storage/SCHOOL/Capstone/bringup/ChaosCore-FPGA/RV32RocketFPGAConfig/RV32Rocket/platform/psu_cortexa53_0/standalone_psu_cortexa53_0/bsp && deactivate
12:45:06 INFO  : Domain reconfigured successfully
12:45:06 INFO  : Generating BSP for the domain /mnt/Storage/SCHOOL/Capstone/bringup/ChaosCore-FPGA/RV32RocketFPGAConfig/RV32Rocket/platform/psu_cortexa53_0/standalone_psu_cortexa53_0/bsp
12:45:06 INFO  : lopper command to build BSP :python /tools/Xilinx/Vitis/2024.2/data/embeddedsw/scripts/pyesw//build_bsp.py -d /mnt/Storage/SCHOOL/Capstone/bringup/ChaosCore-FPGA/RV32RocketFPGAConfig/RV32Rocket/platform/psu_cortexa53_0/standalone_psu_cortexa53_0/bsp
12:45:06 INFO  : bash, -c, source /tools/Xilinx/Vitis/2024.2/tps/lnx64/lopper-1.1.0/env/bin/activate && python /tools/Xilinx/Vitis/2024.2/data/embeddedsw/scripts/pyesw//build_bsp.py -d /mnt/Storage/SCHOOL/Capstone/bringup/ChaosCore-FPGA/RV32RocketFPGAConfig/RV32Rocket/platform/psu_cortexa53_0/standalone_psu_cortexa53_0/bsp && deactivate
12:45:06 INFO  : Domain reconfigured successfully
12:45:06 INFO  : Generating BSP for the domain /mnt/Storage/SCHOOL/Capstone/bringup/ChaosCore-FPGA/RV32RocketFPGAConfig/RV32Rocket/platform/zynqmp_fsbl/zynqmp_fsbl_bsp
12:45:06 INFO  : lopper command to build BSP :python /tools/Xilinx/Vitis/2024.2/data/embeddedsw/scripts/pyesw//build_bsp.py -d /mnt/Storage/SCHOOL/Capstone/bringup/ChaosCore-FPGA/RV32RocketFPGAConfig/RV32Rocket/platform/zynqmp_fsbl/zynqmp_fsbl_bsp
12:45:06 INFO  : bash, -c, source /tools/Xilinx/Vitis/2024.2/tps/lnx64/lopper-1.1.0/env/bin/activate && python /tools/Xilinx/Vitis/2024.2/data/embeddedsw/scripts/pyesw//build_bsp.py -d /mnt/Storage/SCHOOL/Capstone/bringup/ChaosCore-FPGA/RV32RocketFPGAConfig/RV32Rocket/platform/zynqmp_fsbl/zynqmp_fsbl_bsp && deactivate
12:45:14 INFO  : Domain build successfully
12:45:14 INFO  : Domain build successfully
12:45:14 INFO  : Generating Boot ELFs
12:45:14 INFO  : lopper command to retarget baremetal application :python /tools/Xilinx/Vitis/2024.2/data/embeddedsw/scripts/pyesw//retarget_app.py -s /mnt/Storage/SCHOOL/Capstone/bringup/ChaosCore-FPGA/RV32RocketFPGAConfig/RV32Rocket/platform/zynqmp_fsbl -d /mnt/Storage/SCHOOL/Capstone/bringup/ChaosCore-FPGA/RV32RocketFPGAConfig/RV32Rocket/platform/zynqmp_fsbl/zynqmp_fsbl_bsp -b /mnt/Storage/SCHOOL/Capstone/bringup/ChaosCore-FPGA/RV32RocketFPGAConfig/RV32Rocket/platform/zynqmp_fsbl/build
12:45:14 INFO  : bash, -c, source /tools/Xilinx/Vitis/2024.2/tps/lnx64/lopper-1.1.0/env/bin/activate && python /tools/Xilinx/Vitis/2024.2/data/embeddedsw/scripts/pyesw//retarget_app.py -s /mnt/Storage/SCHOOL/Capstone/bringup/ChaosCore-FPGA/RV32RocketFPGAConfig/RV32Rocket/platform/zynqmp_fsbl -d /mnt/Storage/SCHOOL/Capstone/bringup/ChaosCore-FPGA/RV32RocketFPGAConfig/RV32Rocket/platform/zynqmp_fsbl/zynqmp_fsbl_bsp -b /mnt/Storage/SCHOOL/Capstone/bringup/ChaosCore-FPGA/RV32RocketFPGAConfig/RV32Rocket/platform/zynqmp_fsbl/build && deactivate
12:45:15 INFO  : Successfully retargeted Application /mnt/Storage/SCHOOL/Capstone/bringup/ChaosCore-FPGA/RV32RocketFPGAConfig/RV32Rocket/platform/zynqmp_fsbl
12:45:15 INFO  : lopper command to build baremetal application :python /tools/Xilinx/Vitis/2024.2/data/embeddedsw/scripts/pyesw//build_app.py -s /mnt/Storage/SCHOOL/Capstone/bringup/ChaosCore-FPGA/RV32RocketFPGAConfig/RV32Rocket/platform/zynqmp_fsbl -b /mnt/Storage/SCHOOL/Capstone/bringup/ChaosCore-FPGA/RV32RocketFPGAConfig/RV32Rocket/platform/zynqmp_fsbl/build
12:45:15 INFO  : bash, -c, source /tools/Xilinx/Vitis/2024.2/tps/lnx64/lopper-1.1.0/env/bin/activate && python /tools/Xilinx/Vitis/2024.2/data/embeddedsw/scripts/pyesw//build_app.py -s /mnt/Storage/SCHOOL/Capstone/bringup/ChaosCore-FPGA/RV32RocketFPGAConfig/RV32Rocket/platform/zynqmp_fsbl -b /mnt/Storage/SCHOOL/Capstone/bringup/ChaosCore-FPGA/RV32RocketFPGAConfig/RV32Rocket/platform/zynqmp_fsbl/build && deactivate
12:45:18 INFO  : Successfully building the baremetal application/mnt/Storage/SCHOOL/Capstone/bringup/ChaosCore-FPGA/RV32RocketFPGAConfig/RV32Rocket/platform/zynqmp_fsbl/build
12:45:18 INFO  : Generating Export directory
12:45:18 INFO  : Platform Build Finished successfully.
12:45:59 INFO  : The hardware specification used by project '/mnt/Storage/SCHOOL/Capstone/bringup/ChaosCore-FPGA/RV32RocketFPGAConfig/RV32Rocket/hello_world' is out of sync with the platform. Resource files extracted from the hardware specification will be updated.
12:45:59 INFO  : The file '/mnt/Storage/SCHOOL/Capstone/bringup/ChaosCore-FPGA/RV32RocketFPGAConfig/RV32Rocket/hello_world/_ide/bitstream/BD_wrapper.bit' stored in project is removed.
12:45:59 INFO  : The updated bitstream files are copied from platform to folder '/mnt/Storage/SCHOOL/Capstone/bringup/ChaosCore-FPGA/RV32RocketFPGAConfig/RV32Rocket/hello_world/_ide/bitstream' in project '/mnt/Storage/SCHOOL/Capstone/bringup/ChaosCore-FPGA/RV32RocketFPGAConfig/RV32Rocket/hello_world'.
12:45:59 INFO  : The file '/mnt/Storage/SCHOOL/Capstone/bringup/ChaosCore-FPGA/RV32RocketFPGAConfig/RV32Rocket/hello_world/_ide/psinit/psu_init.tcl' stored in project is removed.
12:45:59 INFO  : The updated ps init files are copied from platform to folder '/mnt/Storage/SCHOOL/Capstone/bringup/ChaosCore-FPGA/RV32RocketFPGAConfig/RV32Rocket/hello_world/_ide/psinit' in project '/mnt/Storage/SCHOOL/Capstone/bringup/ChaosCore-FPGA/RV32RocketFPGAConfig/RV32Rocket/hello_world'.
12:46:04 INFO  : Connected to target on host '127.0.0.1' and port '3121'.
12:46:04 INFO  : Connected to target on host '127.0.0.1' and port '3121'.
12:46:04 INFO  : 'targets -set -filter {jtag_cable_name =~ "Avnet USB-to-JTAG/UART Pod V1 1234-oj1A" && level==0 && jtag_device_ctx=="jsn-USB-to-JTAG/UART Pod V1-1234-oj1A-14710093-0"}' command is executed.
12:46:07 INFO  : Device configured successfully with "/mnt/Storage/SCHOOL/Capstone/bringup/ChaosCore-FPGA/RV32RocketFPGAConfig/RV32Rocket/hello_world/_ide/bitstream/BD_wrapper.bit"
12:46:39 INFO  : connect -url tcp:127.0.0.1:3121
12:46:39 INFO  : bpremove -all
12:46:39 INFO  : source /tools/Xilinx/Vitis/2024.2/scripts/vitis/util/zynqmp_utils.tcl
12:46:39 INFO  : Context for 'APU' is selected.
12:46:41 INFO  : System reset is completed.
12:46:44 INFO  : 'after 3000' command is executed.
12:46:44 INFO  : 'targets -set -filter {jtag_cable_name =~ "Avnet USB-to-JTAG/UART Pod V1 1234-oj1A" && level==0 && jtag_device_ctx=="jsn-USB-to-JTAG/UART Pod V1-1234-oj1A-14710093-0"}' command is executed.
12:46:47 INFO  : Device configured successfully with "/mnt/Storage/SCHOOL/Capstone/bringup/ChaosCore-FPGA/RV32RocketFPGAConfig/RV32Rocket/hello_world/_ide/bitstream/BD_wrapper.bit"
12:46:47 INFO  : targets -set -nocase -filter {name =~"PSU*"}
12:46:47 INFO  : catch {disable_pmu_gate}
12:46:47 INFO  : targets -set -nocase -filter {name =~"APU*"}
12:46:47 INFO  : loadhw -hw /mnt/Storage/SCHOOL/Capstone/bringup/ChaosCore-FPGA/RV32RocketFPGAConfig/RV32Rocket/platform/export/platform/hw/BD_wrapper.xsa -mem-ranges [list {0x80000000 0xbfffffff} {0x400000000 0x5ffffffff} {0x1000000000 0x7fffffffff}]
12:46:47 INFO  : configparams force-mem-access 1
12:46:47 INFO  : targets -set -nocase -filter {name =~"APU*"}
12:46:47 INFO  : source /tools/Xilinx/Vitis/2024.2/vitis-server/scripts/jtag_reg.tcl
12:46:47 INFO  : Boot mode is read from the target.
12:46:47 INFO  : targets -set -nocase -filter {name =~ "*A53*#0"}
12:46:47 INFO  : rst -processor
12:46:48 INFO  : dow /mnt/Storage/SCHOOL/Capstone/bringup/ChaosCore-FPGA/RV32RocketFPGAConfig/RV32Rocket/platform/export/platform/sw/boot/fsbl.elf
12:46:48 INFO  : set bp_46_48_fsbl_bp [bpadd -addr &XFsbl_Exit]
12:46:49 INFO  : con -block -timeout 60
12:46:49 INFO  : bpremove $bp_46_48_fsbl_bp
12:46:49 INFO  : targets -set -nocase -filter {name =~ "*A53*#0"}
12:46:49 INFO  : rst -processor
12:46:49 INFO  : dow /mnt/Storage/SCHOOL/Capstone/bringup/ChaosCore-FPGA/RV32RocketFPGAConfig/RV32Rocket/hello_world/build/hello_world.elf
12:46:49 INFO  : con
12:46:49 INFO  : configparams force-mem-access 0
12:46:50 INFO  : Testing the connection for 127.0.0.1
13:30:13 INFO  : disconnect
14:08:28 INFO  : Terminating Vitis C++ Server
14:08:28 INFO  : connection terminated
14:08:28 INFO  : connection terminated
14:26:00 INFO  : updated workspace path: /mnt/Storage/SCHOOL/Capstone/bringup/ChaosCore-FPGA/RV32RocketFPGAConfig/RV32Rocket
14:26:00 INFO  : bash, -c, source /tools/Xilinx/Vitis/2024.2/tps/lnx64/lopper-1.1.0/env/bin/activate && python /tools/Xilinx/Vitis/2024.2/data/embeddedsw/scripts/pyesw//get_template_data.py -d /tmp/rigel_lopper_alisher11603130677129805275 -r /mnt/Storage/SCHOOL/Capstone/bringup/ChaosCore-FPGA/RV32RocketFPGAConfig/RV32Rocket/_ide/.wsdata/.repo.yaml && deactivate
14:26:00 INFO  : Embedded Template List generated successfully
14:26:01 INFO  : Done
14:26:32 INFO  : Found no platform with name 'BD_wrapper' in install repositories
14:26:32 INFO  : HW XSA update started
14:26:32 INFO  : Using sdt generation script from /tools/Xilinx/Vitis/2024.2/vitis-server/scripts/platformutil.tcl
14:26:32 INFO  : bash, -c, source /tools/Xilinx/Vitis/2024.2/tps/lnx64/lopper-1.1.0/env/bin/activate && xsct /tools/Xilinx/Vitis/2024.2/vitis-server/scripts/platformutil.tcl /mnt/Storage/SCHOOL/Capstone/bringup/ChaosCore-FPGA/RV32RocketFPGAConfig/RV32Rocket/BD_wrapper.xsa /mnt/Storage/SCHOOL/Capstone/bringup/ChaosCore-FPGA/RV32RocketFPGAConfig/RV32Rocket/platform/hw/sdt && deactivate
14:26:43 INFO  : SDT generated successfully
14:26:43 INFO  : Generating BSP for the domain /mnt/Storage/SCHOOL/Capstone/bringup/ChaosCore-FPGA/RV32RocketFPGAConfig/RV32Rocket/platform/zynqmp_fsbl/zynqmp_fsbl_bsp
14:26:43 INFO  : lopper command to reconfigure BSP :python /tools/Xilinx/Vitis/2024.2/data/embeddedsw/scripts/pyesw//reconfig_bsp.py -d /mnt/Storage/SCHOOL/Capstone/bringup/ChaosCore-FPGA/RV32RocketFPGAConfig/RV32Rocket/platform/zynqmp_fsbl/zynqmp_fsbl_bsp
14:26:43 INFO  : bash, -c, source /tools/Xilinx/Vitis/2024.2/tps/lnx64/lopper-1.1.0/env/bin/activate && python /tools/Xilinx/Vitis/2024.2/data/embeddedsw/scripts/pyesw//reconfig_bsp.py -d /mnt/Storage/SCHOOL/Capstone/bringup/ChaosCore-FPGA/RV32RocketFPGAConfig/RV32Rocket/platform/zynqmp_fsbl/zynqmp_fsbl_bsp && deactivate
14:26:43 INFO  : Domain reconfigured successfully
14:26:43 INFO  : lopper command to regenerate BSP :python /tools/Xilinx/Vitis/2024.2/data/embeddedsw/scripts/pyesw//regen_bsp.py -s /mnt/Storage/SCHOOL/Capstone/bringup/ChaosCore-FPGA/RV32RocketFPGAConfig/RV32Rocket/platform/hw/sdt/system-top.dts -d /mnt/Storage/SCHOOL/Capstone/bringup/ChaosCore-FPGA/RV32RocketFPGAConfig/RV32Rocket/platform/zynqmp_fsbl/zynqmp_fsbl_bsp -r /mnt/Storage/SCHOOL/Capstone/bringup/ChaosCore-FPGA/RV32RocketFPGAConfig/RV32Rocket/_ide/.wsdata/.repo.yaml
14:26:43 INFO  : bash, -c, source /tools/Xilinx/Vitis/2024.2/tps/lnx64/lopper-1.1.0/env/bin/activate && python /tools/Xilinx/Vitis/2024.2/data/embeddedsw/scripts/pyesw//regen_bsp.py -s /mnt/Storage/SCHOOL/Capstone/bringup/ChaosCore-FPGA/RV32RocketFPGAConfig/RV32Rocket/platform/hw/sdt/system-top.dts -d /mnt/Storage/SCHOOL/Capstone/bringup/ChaosCore-FPGA/RV32RocketFPGAConfig/RV32Rocket/platform/zynqmp_fsbl/zynqmp_fsbl_bsp -r /mnt/Storage/SCHOOL/Capstone/bringup/ChaosCore-FPGA/RV32RocketFPGAConfig/RV32Rocket/_ide/.wsdata/.repo.yaml && deactivate
14:26:58 INFO  : -- Configuring done
14:26:58 INFO  : -- Generating done
14:26:58 INFO  : -- Build files have been written to: /mnt/Storage/SCHOOL/Capstone/bringup/ChaosCore-FPGA/RV32RocketFPGAConfig/RV32Rocket/platform/zynqmp_fsbl/zynqmp_fsbl_bsp/libsrc/build_configs/gen_bsp
14:26:58 INFO  : Successfully created Domain at /mnt/Storage/SCHOOL/Capstone/bringup/ChaosCore-FPGA/RV32RocketFPGAConfig/RV32Rocket/platform/zynqmp_fsbl/zynqmp_fsbl_bsp
14:26:58 INFO  : BSP regenerated successfully
14:26:58 INFO  : Generating BSP for the domain /mnt/Storage/SCHOOL/Capstone/bringup/ChaosCore-FPGA/RV32RocketFPGAConfig/RV32Rocket/platform/psu_cortexa53_0/standalone_psu_cortexa53_0/bsp
14:26:58 INFO  : lopper command to reconfigure BSP :python /tools/Xilinx/Vitis/2024.2/data/embeddedsw/scripts/pyesw//reconfig_bsp.py -d /mnt/Storage/SCHOOL/Capstone/bringup/ChaosCore-FPGA/RV32RocketFPGAConfig/RV32Rocket/platform/psu_cortexa53_0/standalone_psu_cortexa53_0/bsp
14:26:58 INFO  : bash, -c, source /tools/Xilinx/Vitis/2024.2/tps/lnx64/lopper-1.1.0/env/bin/activate && python /tools/Xilinx/Vitis/2024.2/data/embeddedsw/scripts/pyesw//reconfig_bsp.py -d /mnt/Storage/SCHOOL/Capstone/bringup/ChaosCore-FPGA/RV32RocketFPGAConfig/RV32Rocket/platform/psu_cortexa53_0/standalone_psu_cortexa53_0/bsp && deactivate
14:26:59 INFO  : Domain reconfigured successfully
14:26:59 INFO  : lopper command to regenerate BSP :python /tools/Xilinx/Vitis/2024.2/data/embeddedsw/scripts/pyesw//regen_bsp.py -s /mnt/Storage/SCHOOL/Capstone/bringup/ChaosCore-FPGA/RV32RocketFPGAConfig/RV32Rocket/platform/hw/sdt/system-top.dts -d /mnt/Storage/SCHOOL/Capstone/bringup/ChaosCore-FPGA/RV32RocketFPGAConfig/RV32Rocket/platform/psu_cortexa53_0/standalone_psu_cortexa53_0/bsp -r /mnt/Storage/SCHOOL/Capstone/bringup/ChaosCore-FPGA/RV32RocketFPGAConfig/RV32Rocket/_ide/.wsdata/.repo.yaml
14:26:59 INFO  : bash, -c, source /tools/Xilinx/Vitis/2024.2/tps/lnx64/lopper-1.1.0/env/bin/activate && python /tools/Xilinx/Vitis/2024.2/data/embeddedsw/scripts/pyesw//regen_bsp.py -s /mnt/Storage/SCHOOL/Capstone/bringup/ChaosCore-FPGA/RV32RocketFPGAConfig/RV32Rocket/platform/hw/sdt/system-top.dts -d /mnt/Storage/SCHOOL/Capstone/bringup/ChaosCore-FPGA/RV32RocketFPGAConfig/RV32Rocket/platform/psu_cortexa53_0/standalone_psu_cortexa53_0/bsp -r /mnt/Storage/SCHOOL/Capstone/bringup/ChaosCore-FPGA/RV32RocketFPGAConfig/RV32Rocket/_ide/.wsdata/.repo.yaml && deactivate
14:27:12 INFO  : -- Configuring done
14:27:12 INFO  : -- Generating done
14:27:12 INFO  : -- Build files have been written to: /mnt/Storage/SCHOOL/Capstone/bringup/ChaosCore-FPGA/RV32RocketFPGAConfig/RV32Rocket/platform/psu_cortexa53_0/standalone_psu_cortexa53_0/bsp/libsrc/build_configs/gen_bsp
14:27:12 INFO  : Successfully created Domain at /mnt/Storage/SCHOOL/Capstone/bringup/ChaosCore-FPGA/RV32RocketFPGAConfig/RV32Rocket/platform/psu_cortexa53_0/standalone_psu_cortexa53_0/bsp
14:27:12 INFO  : BSP regenerated successfully
14:27:12 INFO  : Hardware XSA update finished successfully
14:27:27 INFO  : BSP build will be initiated for Domain zynqmp_fsbl
14:27:27 INFO  : BSP build will be initiated for Domain standalone_psu_cortexa53_0
14:27:27 INFO  : Generating BSP for the domain /mnt/Storage/SCHOOL/Capstone/bringup/ChaosCore-FPGA/RV32RocketFPGAConfig/RV32Rocket/platform/psu_cortexa53_0/standalone_psu_cortexa53_0/bsp
14:27:27 INFO  : Generating BSP for the domain /mnt/Storage/SCHOOL/Capstone/bringup/ChaosCore-FPGA/RV32RocketFPGAConfig/RV32Rocket/platform/zynqmp_fsbl/zynqmp_fsbl_bsp
14:27:27 INFO  : lopper command to reconfigure BSP :python /tools/Xilinx/Vitis/2024.2/data/embeddedsw/scripts/pyesw//reconfig_bsp.py -d /mnt/Storage/SCHOOL/Capstone/bringup/ChaosCore-FPGA/RV32RocketFPGAConfig/RV32Rocket/platform/psu_cortexa53_0/standalone_psu_cortexa53_0/bsp
14:27:27 INFO  : lopper command to reconfigure BSP :python /tools/Xilinx/Vitis/2024.2/data/embeddedsw/scripts/pyesw//reconfig_bsp.py -d /mnt/Storage/SCHOOL/Capstone/bringup/ChaosCore-FPGA/RV32RocketFPGAConfig/RV32Rocket/platform/zynqmp_fsbl/zynqmp_fsbl_bsp
14:27:27 INFO  : bash, -c, source /tools/Xilinx/Vitis/2024.2/tps/lnx64/lopper-1.1.0/env/bin/activate && python /tools/Xilinx/Vitis/2024.2/data/embeddedsw/scripts/pyesw//reconfig_bsp.py -d /mnt/Storage/SCHOOL/Capstone/bringup/ChaosCore-FPGA/RV32RocketFPGAConfig/RV32Rocket/platform/zynqmp_fsbl/zynqmp_fsbl_bsp && deactivate
14:27:27 INFO  : bash, -c, source /tools/Xilinx/Vitis/2024.2/tps/lnx64/lopper-1.1.0/env/bin/activate && python /tools/Xilinx/Vitis/2024.2/data/embeddedsw/scripts/pyesw//reconfig_bsp.py -d /mnt/Storage/SCHOOL/Capstone/bringup/ChaosCore-FPGA/RV32RocketFPGAConfig/RV32Rocket/platform/psu_cortexa53_0/standalone_psu_cortexa53_0/bsp && deactivate
14:27:29 INFO  : Domain reconfigured successfully
14:27:29 INFO  : Generating BSP for the domain /mnt/Storage/SCHOOL/Capstone/bringup/ChaosCore-FPGA/RV32RocketFPGAConfig/RV32Rocket/platform/psu_cortexa53_0/standalone_psu_cortexa53_0/bsp
14:27:29 INFO  : lopper command to build BSP :python /tools/Xilinx/Vitis/2024.2/data/embeddedsw/scripts/pyesw//build_bsp.py -d /mnt/Storage/SCHOOL/Capstone/bringup/ChaosCore-FPGA/RV32RocketFPGAConfig/RV32Rocket/platform/psu_cortexa53_0/standalone_psu_cortexa53_0/bsp
14:27:29 INFO  : bash, -c, source /tools/Xilinx/Vitis/2024.2/tps/lnx64/lopper-1.1.0/env/bin/activate && python /tools/Xilinx/Vitis/2024.2/data/embeddedsw/scripts/pyesw//build_bsp.py -d /mnt/Storage/SCHOOL/Capstone/bringup/ChaosCore-FPGA/RV32RocketFPGAConfig/RV32Rocket/platform/psu_cortexa53_0/standalone_psu_cortexa53_0/bsp && deactivate
14:27:29 INFO  : Domain reconfigured successfully
14:27:29 INFO  : Generating BSP for the domain /mnt/Storage/SCHOOL/Capstone/bringup/ChaosCore-FPGA/RV32RocketFPGAConfig/RV32Rocket/platform/zynqmp_fsbl/zynqmp_fsbl_bsp
14:27:29 INFO  : lopper command to build BSP :python /tools/Xilinx/Vitis/2024.2/data/embeddedsw/scripts/pyesw//build_bsp.py -d /mnt/Storage/SCHOOL/Capstone/bringup/ChaosCore-FPGA/RV32RocketFPGAConfig/RV32Rocket/platform/zynqmp_fsbl/zynqmp_fsbl_bsp
14:27:29 INFO  : bash, -c, source /tools/Xilinx/Vitis/2024.2/tps/lnx64/lopper-1.1.0/env/bin/activate && python /tools/Xilinx/Vitis/2024.2/data/embeddedsw/scripts/pyesw//build_bsp.py -d /mnt/Storage/SCHOOL/Capstone/bringup/ChaosCore-FPGA/RV32RocketFPGAConfig/RV32Rocket/platform/zynqmp_fsbl/zynqmp_fsbl_bsp && deactivate
14:28:27 INFO  : Domain build successfully
14:28:27 INFO  : Domain build successfully
14:28:27 INFO  : Generating Boot ELFs
14:28:27 INFO  : lopper command to retarget baremetal application :python /tools/Xilinx/Vitis/2024.2/data/embeddedsw/scripts/pyesw//retarget_app.py -s /mnt/Storage/SCHOOL/Capstone/bringup/ChaosCore-FPGA/RV32RocketFPGAConfig/RV32Rocket/platform/zynqmp_fsbl -d /mnt/Storage/SCHOOL/Capstone/bringup/ChaosCore-FPGA/RV32RocketFPGAConfig/RV32Rocket/platform/zynqmp_fsbl/zynqmp_fsbl_bsp -b /mnt/Storage/SCHOOL/Capstone/bringup/ChaosCore-FPGA/RV32RocketFPGAConfig/RV32Rocket/platform/zynqmp_fsbl/build
14:28:27 INFO  : bash, -c, source /tools/Xilinx/Vitis/2024.2/tps/lnx64/lopper-1.1.0/env/bin/activate && python /tools/Xilinx/Vitis/2024.2/data/embeddedsw/scripts/pyesw//retarget_app.py -s /mnt/Storage/SCHOOL/Capstone/bringup/ChaosCore-FPGA/RV32RocketFPGAConfig/RV32Rocket/platform/zynqmp_fsbl -d /mnt/Storage/SCHOOL/Capstone/bringup/ChaosCore-FPGA/RV32RocketFPGAConfig/RV32Rocket/platform/zynqmp_fsbl/zynqmp_fsbl_bsp -b /mnt/Storage/SCHOOL/Capstone/bringup/ChaosCore-FPGA/RV32RocketFPGAConfig/RV32Rocket/platform/zynqmp_fsbl/build && deactivate
14:28:27 INFO  : Successfully retargeted Application /mnt/Storage/SCHOOL/Capstone/bringup/ChaosCore-FPGA/RV32RocketFPGAConfig/RV32Rocket/platform/zynqmp_fsbl
14:28:27 INFO  : lopper command to build baremetal application :python /tools/Xilinx/Vitis/2024.2/data/embeddedsw/scripts/pyesw//build_app.py -s /mnt/Storage/SCHOOL/Capstone/bringup/ChaosCore-FPGA/RV32RocketFPGAConfig/RV32Rocket/platform/zynqmp_fsbl -b /mnt/Storage/SCHOOL/Capstone/bringup/ChaosCore-FPGA/RV32RocketFPGAConfig/RV32Rocket/platform/zynqmp_fsbl/build
14:28:27 INFO  : bash, -c, source /tools/Xilinx/Vitis/2024.2/tps/lnx64/lopper-1.1.0/env/bin/activate && python /tools/Xilinx/Vitis/2024.2/data/embeddedsw/scripts/pyesw//build_app.py -s /mnt/Storage/SCHOOL/Capstone/bringup/ChaosCore-FPGA/RV32RocketFPGAConfig/RV32Rocket/platform/zynqmp_fsbl -b /mnt/Storage/SCHOOL/Capstone/bringup/ChaosCore-FPGA/RV32RocketFPGAConfig/RV32Rocket/platform/zynqmp_fsbl/build && deactivate
14:28:38 INFO  : Successfully building the baremetal application/mnt/Storage/SCHOOL/Capstone/bringup/ChaosCore-FPGA/RV32RocketFPGAConfig/RV32Rocket/platform/zynqmp_fsbl/build
14:28:38 INFO  : Generating Export directory
14:28:41 INFO  : Platform Build Finished successfully.
14:30:31 INFO  : The hardware specification used by project '/mnt/Storage/SCHOOL/Capstone/bringup/ChaosCore-FPGA/RV32RocketFPGAConfig/RV32Rocket/hello_world' is out of sync with the platform. Resource files extracted from the hardware specification will be updated.
14:30:31 INFO  : The file '/mnt/Storage/SCHOOL/Capstone/bringup/ChaosCore-FPGA/RV32RocketFPGAConfig/RV32Rocket/hello_world/_ide/bitstream/BD_wrapper.bit' stored in project is removed.
14:30:31 INFO  : The updated bitstream files are copied from platform to folder '/mnt/Storage/SCHOOL/Capstone/bringup/ChaosCore-FPGA/RV32RocketFPGAConfig/RV32Rocket/hello_world/_ide/bitstream' in project '/mnt/Storage/SCHOOL/Capstone/bringup/ChaosCore-FPGA/RV32RocketFPGAConfig/RV32Rocket/hello_world'.
14:30:31 INFO  : The file '/mnt/Storage/SCHOOL/Capstone/bringup/ChaosCore-FPGA/RV32RocketFPGAConfig/RV32Rocket/hello_world/_ide/psinit/psu_init.tcl' stored in project is removed.
14:30:31 INFO  : The updated ps init files are copied from platform to folder '/mnt/Storage/SCHOOL/Capstone/bringup/ChaosCore-FPGA/RV32RocketFPGAConfig/RV32Rocket/hello_world/_ide/psinit' in project '/mnt/Storage/SCHOOL/Capstone/bringup/ChaosCore-FPGA/RV32RocketFPGAConfig/RV32Rocket/hello_world'.
14:30:36 INFO  : Connected to target on host '127.0.0.1' and port '3121'.
14:30:37 INFO  : Connected to target on host '127.0.0.1' and port '3121'.
14:30:37 INFO  : 'targets -set -filter {jtag_cable_name =~ "Avnet USB-to-JTAG/UART Pod V1 1234-oj1A" && level==0 && jtag_device_ctx=="jsn-USB-to-JTAG/UART Pod V1-1234-oj1A-14710093-0"}' command is executed.
14:30:40 INFO  : Device configured successfully with "/mnt/Storage/SCHOOL/Capstone/bringup/ChaosCore-FPGA/RV32RocketFPGAConfig/RV32Rocket/hello_world/_ide/bitstream/BD_wrapper.bit"
14:30:43 INFO  : BSP build will be initiated for Domain standalone_psu_cortexa53_0
14:30:43 INFO  : BSP build will be initiated for Domain zynqmp_fsbl
14:30:43 INFO  : Generating BSP for the domain /mnt/Storage/SCHOOL/Capstone/bringup/ChaosCore-FPGA/RV32RocketFPGAConfig/RV32Rocket/platform/psu_cortexa53_0/standalone_psu_cortexa53_0/bsp
14:30:43 INFO  : Generating BSP for the domain /mnt/Storage/SCHOOL/Capstone/bringup/ChaosCore-FPGA/RV32RocketFPGAConfig/RV32Rocket/platform/zynqmp_fsbl/zynqmp_fsbl_bsp
14:30:43 INFO  : lopper command to reconfigure BSP :python /tools/Xilinx/Vitis/2024.2/data/embeddedsw/scripts/pyesw//reconfig_bsp.py -d /mnt/Storage/SCHOOL/Capstone/bringup/ChaosCore-FPGA/RV32RocketFPGAConfig/RV32Rocket/platform/psu_cortexa53_0/standalone_psu_cortexa53_0/bsp
14:30:43 INFO  : lopper command to reconfigure BSP :python /tools/Xilinx/Vitis/2024.2/data/embeddedsw/scripts/pyesw//reconfig_bsp.py -d /mnt/Storage/SCHOOL/Capstone/bringup/ChaosCore-FPGA/RV32RocketFPGAConfig/RV32Rocket/platform/zynqmp_fsbl/zynqmp_fsbl_bsp
14:30:43 INFO  : bash, -c, source /tools/Xilinx/Vitis/2024.2/tps/lnx64/lopper-1.1.0/env/bin/activate && python /tools/Xilinx/Vitis/2024.2/data/embeddedsw/scripts/pyesw//reconfig_bsp.py -d /mnt/Storage/SCHOOL/Capstone/bringup/ChaosCore-FPGA/RV32RocketFPGAConfig/RV32Rocket/platform/psu_cortexa53_0/standalone_psu_cortexa53_0/bsp && deactivate
14:30:43 INFO  : bash, -c, source /tools/Xilinx/Vitis/2024.2/tps/lnx64/lopper-1.1.0/env/bin/activate && python /tools/Xilinx/Vitis/2024.2/data/embeddedsw/scripts/pyesw//reconfig_bsp.py -d /mnt/Storage/SCHOOL/Capstone/bringup/ChaosCore-FPGA/RV32RocketFPGAConfig/RV32Rocket/platform/zynqmp_fsbl/zynqmp_fsbl_bsp && deactivate
14:30:45 INFO  : Domain reconfigured successfully
14:30:45 INFO  : Generating BSP for the domain /mnt/Storage/SCHOOL/Capstone/bringup/ChaosCore-FPGA/RV32RocketFPGAConfig/RV32Rocket/platform/psu_cortexa53_0/standalone_psu_cortexa53_0/bsp
14:30:45 INFO  : lopper command to build BSP :python /tools/Xilinx/Vitis/2024.2/data/embeddedsw/scripts/pyesw//build_bsp.py -d /mnt/Storage/SCHOOL/Capstone/bringup/ChaosCore-FPGA/RV32RocketFPGAConfig/RV32Rocket/platform/psu_cortexa53_0/standalone_psu_cortexa53_0/bsp
14:30:45 INFO  : bash, -c, source /tools/Xilinx/Vitis/2024.2/tps/lnx64/lopper-1.1.0/env/bin/activate && python /tools/Xilinx/Vitis/2024.2/data/embeddedsw/scripts/pyesw//build_bsp.py -d /mnt/Storage/SCHOOL/Capstone/bringup/ChaosCore-FPGA/RV32RocketFPGAConfig/RV32Rocket/platform/psu_cortexa53_0/standalone_psu_cortexa53_0/bsp && deactivate
14:30:45 INFO  : Domain reconfigured successfully
14:30:45 INFO  : Generating BSP for the domain /mnt/Storage/SCHOOL/Capstone/bringup/ChaosCore-FPGA/RV32RocketFPGAConfig/RV32Rocket/platform/zynqmp_fsbl/zynqmp_fsbl_bsp
14:30:45 INFO  : lopper command to build BSP :python /tools/Xilinx/Vitis/2024.2/data/embeddedsw/scripts/pyesw//build_bsp.py -d /mnt/Storage/SCHOOL/Capstone/bringup/ChaosCore-FPGA/RV32RocketFPGAConfig/RV32Rocket/platform/zynqmp_fsbl/zynqmp_fsbl_bsp
14:30:45 INFO  : bash, -c, source /tools/Xilinx/Vitis/2024.2/tps/lnx64/lopper-1.1.0/env/bin/activate && python /tools/Xilinx/Vitis/2024.2/data/embeddedsw/scripts/pyesw//build_bsp.py -d /mnt/Storage/SCHOOL/Capstone/bringup/ChaosCore-FPGA/RV32RocketFPGAConfig/RV32Rocket/platform/zynqmp_fsbl/zynqmp_fsbl_bsp && deactivate
14:30:45 INFO  : Domain build successfully
14:30:45 INFO  : Domain build successfully
14:30:45 INFO  : Generating Boot ELFs
14:30:45 INFO  : lopper command to retarget baremetal application :python /tools/Xilinx/Vitis/2024.2/data/embeddedsw/scripts/pyesw//retarget_app.py -s /mnt/Storage/SCHOOL/Capstone/bringup/ChaosCore-FPGA/RV32RocketFPGAConfig/RV32Rocket/platform/zynqmp_fsbl -d /mnt/Storage/SCHOOL/Capstone/bringup/ChaosCore-FPGA/RV32RocketFPGAConfig/RV32Rocket/platform/zynqmp_fsbl/zynqmp_fsbl_bsp -b /mnt/Storage/SCHOOL/Capstone/bringup/ChaosCore-FPGA/RV32RocketFPGAConfig/RV32Rocket/platform/zynqmp_fsbl/build
14:30:45 INFO  : bash, -c, source /tools/Xilinx/Vitis/2024.2/tps/lnx64/lopper-1.1.0/env/bin/activate && python /tools/Xilinx/Vitis/2024.2/data/embeddedsw/scripts/pyesw//retarget_app.py -s /mnt/Storage/SCHOOL/Capstone/bringup/ChaosCore-FPGA/RV32RocketFPGAConfig/RV32Rocket/platform/zynqmp_fsbl -d /mnt/Storage/SCHOOL/Capstone/bringup/ChaosCore-FPGA/RV32RocketFPGAConfig/RV32Rocket/platform/zynqmp_fsbl/zynqmp_fsbl_bsp -b /mnt/Storage/SCHOOL/Capstone/bringup/ChaosCore-FPGA/RV32RocketFPGAConfig/RV32Rocket/platform/zynqmp_fsbl/build && deactivate
14:30:46 INFO  : Successfully retargeted Application /mnt/Storage/SCHOOL/Capstone/bringup/ChaosCore-FPGA/RV32RocketFPGAConfig/RV32Rocket/platform/zynqmp_fsbl
14:30:46 INFO  : lopper command to build baremetal application :python /tools/Xilinx/Vitis/2024.2/data/embeddedsw/scripts/pyesw//build_app.py -s /mnt/Storage/SCHOOL/Capstone/bringup/ChaosCore-FPGA/RV32RocketFPGAConfig/RV32Rocket/platform/zynqmp_fsbl -b /mnt/Storage/SCHOOL/Capstone/bringup/ChaosCore-FPGA/RV32RocketFPGAConfig/RV32Rocket/platform/zynqmp_fsbl/build
14:30:46 INFO  : bash, -c, source /tools/Xilinx/Vitis/2024.2/tps/lnx64/lopper-1.1.0/env/bin/activate && python /tools/Xilinx/Vitis/2024.2/data/embeddedsw/scripts/pyesw//build_app.py -s /mnt/Storage/SCHOOL/Capstone/bringup/ChaosCore-FPGA/RV32RocketFPGAConfig/RV32Rocket/platform/zynqmp_fsbl -b /mnt/Storage/SCHOOL/Capstone/bringup/ChaosCore-FPGA/RV32RocketFPGAConfig/RV32Rocket/platform/zynqmp_fsbl/build && deactivate
14:30:48 INFO  : connect -url tcp:127.0.0.1:3121
14:30:48 INFO  : Found no platform with name 'platform' in install repositories
14:30:48 INFO  : Found no platform with name 'platform' in install repositories
14:30:48 INFO  : Found no platform with name 'platform' in install repositories
14:30:49 ERROR : Failed to initialize the hardware null
14:30:52 INFO  : Successfully building the baremetal application/mnt/Storage/SCHOOL/Capstone/bringup/ChaosCore-FPGA/RV32RocketFPGAConfig/RV32Rocket/platform/zynqmp_fsbl/build
14:30:52 INFO  : Generating Export directory
14:30:54 INFO  : Platform Build Finished successfully.
14:30:55 INFO  : lopper command to retarget baremetal application :python /tools/Xilinx/Vitis/2024.2/data/embeddedsw/scripts/pyesw//retarget_app.py -s /mnt/Storage/SCHOOL/Capstone/bringup/ChaosCore-FPGA/RV32RocketFPGAConfig/RV32Rocket/hello_world/src -d /mnt/Storage/SCHOOL/Capstone/bringup/ChaosCore-FPGA/RV32RocketFPGAConfig/RV32Rocket/platform/export/platform/sw/standalone_psu_cortexa53_0 -b /mnt/Storage/SCHOOL/Capstone/bringup/ChaosCore-FPGA/RV32RocketFPGAConfig/RV32Rocket/hello_world/build
14:30:55 INFO  : bash, -c, source /tools/Xilinx/Vitis/2024.2/tps/lnx64/lopper-1.1.0/env/bin/activate && python /tools/Xilinx/Vitis/2024.2/data/embeddedsw/scripts/pyesw//retarget_app.py -s /mnt/Storage/SCHOOL/Capstone/bringup/ChaosCore-FPGA/RV32RocketFPGAConfig/RV32Rocket/hello_world/src -d /mnt/Storage/SCHOOL/Capstone/bringup/ChaosCore-FPGA/RV32RocketFPGAConfig/RV32Rocket/platform/export/platform/sw/standalone_psu_cortexa53_0 -b /mnt/Storage/SCHOOL/Capstone/bringup/ChaosCore-FPGA/RV32RocketFPGAConfig/RV32Rocket/hello_world/build && deactivate
14:30:56 INFO  : Successfully retargeted Application /mnt/Storage/SCHOOL/Capstone/bringup/ChaosCore-FPGA/RV32RocketFPGAConfig/RV32Rocket/hello_world/src
14:30:56 INFO  : bash, -c, source /tools/Xilinx/Vitis/2024.2/tps/lnx64/lopper-1.1.0/env/bin/activate && python /tools/Xilinx/Vitis/2024.2/data/embeddedsw/scripts/pyesw//build_app.py -s /mnt/Storage/SCHOOL/Capstone/bringup/ChaosCore-FPGA/RV32RocketFPGAConfig/RV32Rocket/hello_world/src -b /mnt/Storage/SCHOOL/Capstone/bringup/ChaosCore-FPGA/RV32RocketFPGAConfig/RV32Rocket/hello_world/build && deactivate
14:31:02 INFO  : connect -url tcp:127.0.0.1:3121
14:31:02 INFO  : bpremove -all
14:31:02 INFO  : source /tools/Xilinx/Vitis/2024.2/scripts/vitis/util/zynqmp_utils.tcl
14:31:02 INFO  : Context for 'APU' is selected.
14:31:02 INFO  : System reset is completed.
14:31:05 INFO  : 'after 3000' command is executed.
14:31:06 INFO  : 'targets -set -filter {jtag_cable_name =~ "Avnet USB-to-JTAG/UART Pod V1 1234-oj1A" && level==0 && jtag_device_ctx=="jsn-USB-to-JTAG/UART Pod V1-1234-oj1A-14710093-0"}' command is executed.
14:31:09 INFO  : Device configured successfully with "/mnt/Storage/SCHOOL/Capstone/bringup/ChaosCore-FPGA/RV32RocketFPGAConfig/RV32Rocket/hello_world/_ide/bitstream/BD_wrapper.bit"
14:31:09 INFO  : targets -set -nocase -filter {name =~"PSU*"}
14:31:09 INFO  : catch {disable_pmu_gate}
14:31:09 INFO  : targets -set -nocase -filter {name =~"APU*"}
14:31:09 INFO  : loadhw -hw /mnt/Storage/SCHOOL/Capstone/bringup/ChaosCore-FPGA/RV32RocketFPGAConfig/RV32Rocket/platform/export/platform/hw/BD_wrapper.xsa -mem-ranges [list {0x80000000 0xbfffffff} {0x400000000 0x5ffffffff} {0x1000000000 0x7fffffffff}]
14:31:09 INFO  : configparams force-mem-access 1
14:31:09 INFO  : targets -set -nocase -filter {name =~"APU*"}
14:31:09 INFO  : source /tools/Xilinx/Vitis/2024.2/vitis-server/scripts/jtag_reg.tcl
14:31:09 INFO  : Boot mode is read from the target.
14:31:09 INFO  : targets -set -nocase -filter {name =~ "*A53*#0"}
14:31:09 INFO  : rst -processor
14:31:10 INFO  : dow /mnt/Storage/SCHOOL/Capstone/bringup/ChaosCore-FPGA/RV32RocketFPGAConfig/RV32Rocket/platform/export/platform/sw/boot/fsbl.elf
14:31:10 INFO  : set bp_31_10_fsbl_bp [bpadd -addr &XFsbl_Exit]
14:31:11 INFO  : con -block -timeout 60
14:31:11 INFO  : bpremove $bp_31_10_fsbl_bp
14:31:11 INFO  : targets -set -nocase -filter {name =~ "*A53*#0"}
14:31:11 INFO  : rst -processor
14:31:11 INFO  : dow /mnt/Storage/SCHOOL/Capstone/bringup/ChaosCore-FPGA/RV32RocketFPGAConfig/RV32Rocket/hello_world/build/hello_world.elf
14:31:11 INFO  : con
14:31:11 INFO  : configparams force-mem-access 0
14:31:12 INFO  : Testing the connection for 127.0.0.1
14:33:37 INFO  : connect -url tcp:127.0.0.1:3121
14:33:37 INFO  : bpremove -all
14:33:37 INFO  : source /tools/Xilinx/Vitis/2024.2/scripts/vitis/util/zynqmp_utils.tcl
14:33:37 INFO  : Context for 'APU' is selected.
14:33:38 INFO  : System reset is completed.
14:33:38 INFO  : disconnect
14:33:38 INFO  : BSP build will be initiated for Domain standalone_psu_cortexa53_0
14:33:38 INFO  : BSP build will be initiated for Domain zynqmp_fsbl
14:33:38 INFO  : Generating BSP for the domain /mnt/Storage/SCHOOL/Capstone/bringup/ChaosCore-FPGA/RV32RocketFPGAConfig/RV32Rocket/platform/psu_cortexa53_0/standalone_psu_cortexa53_0/bsp
14:33:38 INFO  : Generating BSP for the domain /mnt/Storage/SCHOOL/Capstone/bringup/ChaosCore-FPGA/RV32RocketFPGAConfig/RV32Rocket/platform/zynqmp_fsbl/zynqmp_fsbl_bsp
14:33:38 INFO  : lopper command to reconfigure BSP :python /tools/Xilinx/Vitis/2024.2/data/embeddedsw/scripts/pyesw//reconfig_bsp.py -d /mnt/Storage/SCHOOL/Capstone/bringup/ChaosCore-FPGA/RV32RocketFPGAConfig/RV32Rocket/platform/psu_cortexa53_0/standalone_psu_cortexa53_0/bsp
14:33:38 INFO  : lopper command to reconfigure BSP :python /tools/Xilinx/Vitis/2024.2/data/embeddedsw/scripts/pyesw//reconfig_bsp.py -d /mnt/Storage/SCHOOL/Capstone/bringup/ChaosCore-FPGA/RV32RocketFPGAConfig/RV32Rocket/platform/zynqmp_fsbl/zynqmp_fsbl_bsp
14:33:38 INFO  : bash, -c, source /tools/Xilinx/Vitis/2024.2/tps/lnx64/lopper-1.1.0/env/bin/activate && python /tools/Xilinx/Vitis/2024.2/data/embeddedsw/scripts/pyesw//reconfig_bsp.py -d /mnt/Storage/SCHOOL/Capstone/bringup/ChaosCore-FPGA/RV32RocketFPGAConfig/RV32Rocket/platform/zynqmp_fsbl/zynqmp_fsbl_bsp && deactivate
14:33:38 INFO  : bash, -c, source /tools/Xilinx/Vitis/2024.2/tps/lnx64/lopper-1.1.0/env/bin/activate && python /tools/Xilinx/Vitis/2024.2/data/embeddedsw/scripts/pyesw//reconfig_bsp.py -d /mnt/Storage/SCHOOL/Capstone/bringup/ChaosCore-FPGA/RV32RocketFPGAConfig/RV32Rocket/platform/psu_cortexa53_0/standalone_psu_cortexa53_0/bsp && deactivate
14:33:39 INFO  : Domain reconfigured successfully
14:33:39 INFO  : Generating BSP for the domain /mnt/Storage/SCHOOL/Capstone/bringup/ChaosCore-FPGA/RV32RocketFPGAConfig/RV32Rocket/platform/psu_cortexa53_0/standalone_psu_cortexa53_0/bsp
14:33:39 INFO  : lopper command to build BSP :python /tools/Xilinx/Vitis/2024.2/data/embeddedsw/scripts/pyesw//build_bsp.py -d /mnt/Storage/SCHOOL/Capstone/bringup/ChaosCore-FPGA/RV32RocketFPGAConfig/RV32Rocket/platform/psu_cortexa53_0/standalone_psu_cortexa53_0/bsp
14:33:39 INFO  : bash, -c, source /tools/Xilinx/Vitis/2024.2/tps/lnx64/lopper-1.1.0/env/bin/activate && python /tools/Xilinx/Vitis/2024.2/data/embeddedsw/scripts/pyesw//build_bsp.py -d /mnt/Storage/SCHOOL/Capstone/bringup/ChaosCore-FPGA/RV32RocketFPGAConfig/RV32Rocket/platform/psu_cortexa53_0/standalone_psu_cortexa53_0/bsp && deactivate
14:33:39 INFO  : Domain reconfigured successfully
14:33:39 INFO  : Generating BSP for the domain /mnt/Storage/SCHOOL/Capstone/bringup/ChaosCore-FPGA/RV32RocketFPGAConfig/RV32Rocket/platform/zynqmp_fsbl/zynqmp_fsbl_bsp
14:33:39 INFO  : lopper command to build BSP :python /tools/Xilinx/Vitis/2024.2/data/embeddedsw/scripts/pyesw//build_bsp.py -d /mnt/Storage/SCHOOL/Capstone/bringup/ChaosCore-FPGA/RV32RocketFPGAConfig/RV32Rocket/platform/zynqmp_fsbl/zynqmp_fsbl_bsp
14:33:39 INFO  : bash, -c, source /tools/Xilinx/Vitis/2024.2/tps/lnx64/lopper-1.1.0/env/bin/activate && python /tools/Xilinx/Vitis/2024.2/data/embeddedsw/scripts/pyesw//build_bsp.py -d /mnt/Storage/SCHOOL/Capstone/bringup/ChaosCore-FPGA/RV32RocketFPGAConfig/RV32Rocket/platform/zynqmp_fsbl/zynqmp_fsbl_bsp && deactivate
14:33:41 INFO  : 'after 3000' command is executed.
14:33:41 ERROR : Failed to initialize the hardware Invalid target. Use "connect" command to connect to hw_server/TCF agent
14:33:47 INFO  : Domain build successfully
14:33:48 INFO  : Domain build successfully
14:33:48 INFO  : Generating Boot ELFs
14:33:48 INFO  : lopper command to retarget baremetal application :python /tools/Xilinx/Vitis/2024.2/data/embeddedsw/scripts/pyesw//retarget_app.py -s /mnt/Storage/SCHOOL/Capstone/bringup/ChaosCore-FPGA/RV32RocketFPGAConfig/RV32Rocket/platform/zynqmp_fsbl -d /mnt/Storage/SCHOOL/Capstone/bringup/ChaosCore-FPGA/RV32RocketFPGAConfig/RV32Rocket/platform/zynqmp_fsbl/zynqmp_fsbl_bsp -b /mnt/Storage/SCHOOL/Capstone/bringup/ChaosCore-FPGA/RV32RocketFPGAConfig/RV32Rocket/platform/zynqmp_fsbl/build
14:33:48 INFO  : bash, -c, source /tools/Xilinx/Vitis/2024.2/tps/lnx64/lopper-1.1.0/env/bin/activate && python /tools/Xilinx/Vitis/2024.2/data/embeddedsw/scripts/pyesw//retarget_app.py -s /mnt/Storage/SCHOOL/Capstone/bringup/ChaosCore-FPGA/RV32RocketFPGAConfig/RV32Rocket/platform/zynqmp_fsbl -d /mnt/Storage/SCHOOL/Capstone/bringup/ChaosCore-FPGA/RV32RocketFPGAConfig/RV32Rocket/platform/zynqmp_fsbl/zynqmp_fsbl_bsp -b /mnt/Storage/SCHOOL/Capstone/bringup/ChaosCore-FPGA/RV32RocketFPGAConfig/RV32Rocket/platform/zynqmp_fsbl/build && deactivate
14:33:49 INFO  : Successfully retargeted Application /mnt/Storage/SCHOOL/Capstone/bringup/ChaosCore-FPGA/RV32RocketFPGAConfig/RV32Rocket/platform/zynqmp_fsbl
14:33:49 INFO  : lopper command to build baremetal application :python /tools/Xilinx/Vitis/2024.2/data/embeddedsw/scripts/pyesw//build_app.py -s /mnt/Storage/SCHOOL/Capstone/bringup/ChaosCore-FPGA/RV32RocketFPGAConfig/RV32Rocket/platform/zynqmp_fsbl -b /mnt/Storage/SCHOOL/Capstone/bringup/ChaosCore-FPGA/RV32RocketFPGAConfig/RV32Rocket/platform/zynqmp_fsbl/build
14:33:49 INFO  : bash, -c, source /tools/Xilinx/Vitis/2024.2/tps/lnx64/lopper-1.1.0/env/bin/activate && python /tools/Xilinx/Vitis/2024.2/data/embeddedsw/scripts/pyesw//build_app.py -s /mnt/Storage/SCHOOL/Capstone/bringup/ChaosCore-FPGA/RV32RocketFPGAConfig/RV32Rocket/platform/zynqmp_fsbl -b /mnt/Storage/SCHOOL/Capstone/bringup/ChaosCore-FPGA/RV32RocketFPGAConfig/RV32Rocket/platform/zynqmp_fsbl/build && deactivate
14:33:54 INFO  : Successfully building the baremetal application/mnt/Storage/SCHOOL/Capstone/bringup/ChaosCore-FPGA/RV32RocketFPGAConfig/RV32Rocket/platform/zynqmp_fsbl/build
14:33:54 INFO  : Generating Export directory
14:33:57 INFO  : Platform Build Finished successfully.
14:33:57 INFO  : lopper command to retarget baremetal application :python /tools/Xilinx/Vitis/2024.2/data/embeddedsw/scripts/pyesw//retarget_app.py -s /mnt/Storage/SCHOOL/Capstone/bringup/ChaosCore-FPGA/RV32RocketFPGAConfig/RV32Rocket/hello_world/src -d /mnt/Storage/SCHOOL/Capstone/bringup/ChaosCore-FPGA/RV32RocketFPGAConfig/RV32Rocket/platform/export/platform/sw/standalone_psu_cortexa53_0 -b /mnt/Storage/SCHOOL/Capstone/bringup/ChaosCore-FPGA/RV32RocketFPGAConfig/RV32Rocket/hello_world/build
14:33:57 INFO  : bash, -c, source /tools/Xilinx/Vitis/2024.2/tps/lnx64/lopper-1.1.0/env/bin/activate && python /tools/Xilinx/Vitis/2024.2/data/embeddedsw/scripts/pyesw//retarget_app.py -s /mnt/Storage/SCHOOL/Capstone/bringup/ChaosCore-FPGA/RV32RocketFPGAConfig/RV32Rocket/hello_world/src -d /mnt/Storage/SCHOOL/Capstone/bringup/ChaosCore-FPGA/RV32RocketFPGAConfig/RV32Rocket/platform/export/platform/sw/standalone_psu_cortexa53_0 -b /mnt/Storage/SCHOOL/Capstone/bringup/ChaosCore-FPGA/RV32RocketFPGAConfig/RV32Rocket/hello_world/build && deactivate
14:33:57 INFO  : Successfully retargeted Application /mnt/Storage/SCHOOL/Capstone/bringup/ChaosCore-FPGA/RV32RocketFPGAConfig/RV32Rocket/hello_world/src
14:33:57 INFO  : bash, -c, source /tools/Xilinx/Vitis/2024.2/tps/lnx64/lopper-1.1.0/env/bin/activate && python /tools/Xilinx/Vitis/2024.2/data/embeddedsw/scripts/pyesw//build_app.py -s /mnt/Storage/SCHOOL/Capstone/bringup/ChaosCore-FPGA/RV32RocketFPGAConfig/RV32Rocket/hello_world/src -b /mnt/Storage/SCHOOL/Capstone/bringup/ChaosCore-FPGA/RV32RocketFPGAConfig/RV32Rocket/hello_world/build && deactivate
14:34:05 INFO  : connect -url tcp:127.0.0.1:3121
14:34:05 INFO  : bpremove -all
14:34:06 INFO  : source /tools/Xilinx/Vitis/2024.2/scripts/vitis/util/zynqmp_utils.tcl
14:34:06 INFO  : Context for 'APU' is selected.
14:34:06 INFO  : System reset is completed.
14:34:09 INFO  : 'after 3000' command is executed.
14:34:09 INFO  : 'targets -set -filter {jtag_cable_name =~ "Avnet USB-to-JTAG/UART Pod V1 1234-oj1A" && level==0 && jtag_device_ctx=="jsn-USB-to-JTAG/UART Pod V1-1234-oj1A-14710093-0"}' command is executed.
14:34:13 INFO  : Device configured successfully with "/mnt/Storage/SCHOOL/Capstone/bringup/ChaosCore-FPGA/RV32RocketFPGAConfig/RV32Rocket/hello_world/_ide/bitstream/BD_wrapper.bit"
14:34:13 INFO  : targets -set -nocase -filter {name =~"PSU*"}
14:34:13 INFO  : catch {disable_pmu_gate}
14:34:13 INFO  : targets -set -nocase -filter {name =~"APU*"}
14:34:13 INFO  : loadhw -hw /mnt/Storage/SCHOOL/Capstone/bringup/ChaosCore-FPGA/RV32RocketFPGAConfig/RV32Rocket/platform/export/platform/hw/BD_wrapper.xsa -mem-ranges [list {0x80000000 0xbfffffff} {0x400000000 0x5ffffffff} {0x1000000000 0x7fffffffff}]
14:34:13 INFO  : configparams force-mem-access 1
14:34:13 INFO  : targets -set -nocase -filter {name =~"APU*"}
14:34:13 INFO  : source /tools/Xilinx/Vitis/2024.2/vitis-server/scripts/jtag_reg.tcl
14:34:13 INFO  : Boot mode is read from the target.
14:34:13 INFO  : targets -set -nocase -filter {name =~ "*A53*#0"}
14:34:13 INFO  : rst -processor
14:34:14 INFO  : dow /mnt/Storage/SCHOOL/Capstone/bringup/ChaosCore-FPGA/RV32RocketFPGAConfig/RV32Rocket/platform/export/platform/sw/boot/fsbl.elf
14:34:14 INFO  : set bp_34_14_fsbl_bp [bpadd -addr &XFsbl_Exit]
14:34:15 INFO  : con -block -timeout 60
14:34:15 INFO  : bpremove $bp_34_14_fsbl_bp
14:34:15 INFO  : targets -set -nocase -filter {name =~ "*A53*#0"}
14:34:15 INFO  : rst -processor
14:34:15 INFO  : dow /mnt/Storage/SCHOOL/Capstone/bringup/ChaosCore-FPGA/RV32RocketFPGAConfig/RV32Rocket/hello_world/build/hello_world.elf
14:34:15 INFO  : con
14:34:15 INFO  : configparams force-mem-access 0
14:34:16 INFO  : Testing the connection for 127.0.0.1
14:44:46 INFO  : BSP build will be initiated for Domain standalone_psu_cortexa53_0
14:44:46 INFO  : BSP build will be initiated for Domain zynqmp_fsbl
14:44:46 INFO  : Generating BSP for the domain /mnt/Storage/SCHOOL/Capstone/bringup/ChaosCore-FPGA/RV32RocketFPGAConfig/RV32Rocket/platform/psu_cortexa53_0/standalone_psu_cortexa53_0/bsp
14:44:46 INFO  : lopper command to reconfigure BSP :python /tools/Xilinx/Vitis/2024.2/data/embeddedsw/scripts/pyesw//reconfig_bsp.py -d /mnt/Storage/SCHOOL/Capstone/bringup/ChaosCore-FPGA/RV32RocketFPGAConfig/RV32Rocket/platform/psu_cortexa53_0/standalone_psu_cortexa53_0/bsp
14:44:46 INFO  : Generating BSP for the domain /mnt/Storage/SCHOOL/Capstone/bringup/ChaosCore-FPGA/RV32RocketFPGAConfig/RV32Rocket/platform/zynqmp_fsbl/zynqmp_fsbl_bsp
14:44:46 INFO  : bash, -c, source /tools/Xilinx/Vitis/2024.2/tps/lnx64/lopper-1.1.0/env/bin/activate && python /tools/Xilinx/Vitis/2024.2/data/embeddedsw/scripts/pyesw//reconfig_bsp.py -d /mnt/Storage/SCHOOL/Capstone/bringup/ChaosCore-FPGA/RV32RocketFPGAConfig/RV32Rocket/platform/psu_cortexa53_0/standalone_psu_cortexa53_0/bsp && deactivate
14:44:46 INFO  : lopper command to reconfigure BSP :python /tools/Xilinx/Vitis/2024.2/data/embeddedsw/scripts/pyesw//reconfig_bsp.py -d /mnt/Storage/SCHOOL/Capstone/bringup/ChaosCore-FPGA/RV32RocketFPGAConfig/RV32Rocket/platform/zynqmp_fsbl/zynqmp_fsbl_bsp
14:44:46 INFO  : bash, -c, source /tools/Xilinx/Vitis/2024.2/tps/lnx64/lopper-1.1.0/env/bin/activate && python /tools/Xilinx/Vitis/2024.2/data/embeddedsw/scripts/pyesw//reconfig_bsp.py -d /mnt/Storage/SCHOOL/Capstone/bringup/ChaosCore-FPGA/RV32RocketFPGAConfig/RV32Rocket/platform/zynqmp_fsbl/zynqmp_fsbl_bsp && deactivate
14:44:46 INFO  : Domain reconfigured successfully
14:44:46 INFO  : Generating BSP for the domain /mnt/Storage/SCHOOL/Capstone/bringup/ChaosCore-FPGA/RV32RocketFPGAConfig/RV32Rocket/platform/psu_cortexa53_0/standalone_psu_cortexa53_0/bsp
14:44:46 INFO  : lopper command to build BSP :python /tools/Xilinx/Vitis/2024.2/data/embeddedsw/scripts/pyesw//build_bsp.py -d /mnt/Storage/SCHOOL/Capstone/bringup/ChaosCore-FPGA/RV32RocketFPGAConfig/RV32Rocket/platform/psu_cortexa53_0/standalone_psu_cortexa53_0/bsp
14:44:46 INFO  : bash, -c, source /tools/Xilinx/Vitis/2024.2/tps/lnx64/lopper-1.1.0/env/bin/activate && python /tools/Xilinx/Vitis/2024.2/data/embeddedsw/scripts/pyesw//build_bsp.py -d /mnt/Storage/SCHOOL/Capstone/bringup/ChaosCore-FPGA/RV32RocketFPGAConfig/RV32Rocket/platform/psu_cortexa53_0/standalone_psu_cortexa53_0/bsp && deactivate
14:44:46 INFO  : Domain reconfigured successfully
14:44:46 INFO  : Generating BSP for the domain /mnt/Storage/SCHOOL/Capstone/bringup/ChaosCore-FPGA/RV32RocketFPGAConfig/RV32Rocket/platform/zynqmp_fsbl/zynqmp_fsbl_bsp
14:44:46 INFO  : lopper command to build BSP :python /tools/Xilinx/Vitis/2024.2/data/embeddedsw/scripts/pyesw//build_bsp.py -d /mnt/Storage/SCHOOL/Capstone/bringup/ChaosCore-FPGA/RV32RocketFPGAConfig/RV32Rocket/platform/zynqmp_fsbl/zynqmp_fsbl_bsp
14:44:46 INFO  : bash, -c, source /tools/Xilinx/Vitis/2024.2/tps/lnx64/lopper-1.1.0/env/bin/activate && python /tools/Xilinx/Vitis/2024.2/data/embeddedsw/scripts/pyesw//build_bsp.py -d /mnt/Storage/SCHOOL/Capstone/bringup/ChaosCore-FPGA/RV32RocketFPGAConfig/RV32Rocket/platform/zynqmp_fsbl/zynqmp_fsbl_bsp && deactivate
14:44:46 INFO  : Domain build successfully
14:44:46 INFO  : Domain build successfully
14:44:46 INFO  : Generating Boot ELFs
14:44:46 INFO  : lopper command to retarget baremetal application :python /tools/Xilinx/Vitis/2024.2/data/embeddedsw/scripts/pyesw//retarget_app.py -s /mnt/Storage/SCHOOL/Capstone/bringup/ChaosCore-FPGA/RV32RocketFPGAConfig/RV32Rocket/platform/zynqmp_fsbl -d /mnt/Storage/SCHOOL/Capstone/bringup/ChaosCore-FPGA/RV32RocketFPGAConfig/RV32Rocket/platform/zynqmp_fsbl/zynqmp_fsbl_bsp -b /mnt/Storage/SCHOOL/Capstone/bringup/ChaosCore-FPGA/RV32RocketFPGAConfig/RV32Rocket/platform/zynqmp_fsbl/build
14:44:46 INFO  : bash, -c, source /tools/Xilinx/Vitis/2024.2/tps/lnx64/lopper-1.1.0/env/bin/activate && python /tools/Xilinx/Vitis/2024.2/data/embeddedsw/scripts/pyesw//retarget_app.py -s /mnt/Storage/SCHOOL/Capstone/bringup/ChaosCore-FPGA/RV32RocketFPGAConfig/RV32Rocket/platform/zynqmp_fsbl -d /mnt/Storage/SCHOOL/Capstone/bringup/ChaosCore-FPGA/RV32RocketFPGAConfig/RV32Rocket/platform/zynqmp_fsbl/zynqmp_fsbl_bsp -b /mnt/Storage/SCHOOL/Capstone/bringup/ChaosCore-FPGA/RV32RocketFPGAConfig/RV32Rocket/platform/zynqmp_fsbl/build && deactivate
14:44:47 INFO  : Successfully retargeted Application /mnt/Storage/SCHOOL/Capstone/bringup/ChaosCore-FPGA/RV32RocketFPGAConfig/RV32Rocket/platform/zynqmp_fsbl
14:44:47 INFO  : lopper command to build baremetal application :python /tools/Xilinx/Vitis/2024.2/data/embeddedsw/scripts/pyesw//build_app.py -s /mnt/Storage/SCHOOL/Capstone/bringup/ChaosCore-FPGA/RV32RocketFPGAConfig/RV32Rocket/platform/zynqmp_fsbl -b /mnt/Storage/SCHOOL/Capstone/bringup/ChaosCore-FPGA/RV32RocketFPGAConfig/RV32Rocket/platform/zynqmp_fsbl/build
14:44:47 INFO  : bash, -c, source /tools/Xilinx/Vitis/2024.2/tps/lnx64/lopper-1.1.0/env/bin/activate && python /tools/Xilinx/Vitis/2024.2/data/embeddedsw/scripts/pyesw//build_app.py -s /mnt/Storage/SCHOOL/Capstone/bringup/ChaosCore-FPGA/RV32RocketFPGAConfig/RV32Rocket/platform/zynqmp_fsbl -b /mnt/Storage/SCHOOL/Capstone/bringup/ChaosCore-FPGA/RV32RocketFPGAConfig/RV32Rocket/platform/zynqmp_fsbl/build && deactivate
14:44:51 INFO  : Successfully building the baremetal application/mnt/Storage/SCHOOL/Capstone/bringup/ChaosCore-FPGA/RV32RocketFPGAConfig/RV32Rocket/platform/zynqmp_fsbl/build
14:44:51 INFO  : Generating Export directory
14:44:52 INFO  : Platform Build Finished successfully.
14:44:53 INFO  : lopper command to retarget baremetal application :python /tools/Xilinx/Vitis/2024.2/data/embeddedsw/scripts/pyesw//retarget_app.py -s /mnt/Storage/SCHOOL/Capstone/bringup/ChaosCore-FPGA/RV32RocketFPGAConfig/RV32Rocket/hello_world/src -d /mnt/Storage/SCHOOL/Capstone/bringup/ChaosCore-FPGA/RV32RocketFPGAConfig/RV32Rocket/platform/export/platform/sw/standalone_psu_cortexa53_0 -b /mnt/Storage/SCHOOL/Capstone/bringup/ChaosCore-FPGA/RV32RocketFPGAConfig/RV32Rocket/hello_world/build
14:44:53 INFO  : bash, -c, source /tools/Xilinx/Vitis/2024.2/tps/lnx64/lopper-1.1.0/env/bin/activate && python /tools/Xilinx/Vitis/2024.2/data/embeddedsw/scripts/pyesw//retarget_app.py -s /mnt/Storage/SCHOOL/Capstone/bringup/ChaosCore-FPGA/RV32RocketFPGAConfig/RV32Rocket/hello_world/src -d /mnt/Storage/SCHOOL/Capstone/bringup/ChaosCore-FPGA/RV32RocketFPGAConfig/RV32Rocket/platform/export/platform/sw/standalone_psu_cortexa53_0 -b /mnt/Storage/SCHOOL/Capstone/bringup/ChaosCore-FPGA/RV32RocketFPGAConfig/RV32Rocket/hello_world/build && deactivate
14:44:53 INFO  : Successfully retargeted Application /mnt/Storage/SCHOOL/Capstone/bringup/ChaosCore-FPGA/RV32RocketFPGAConfig/RV32Rocket/hello_world/src
14:44:53 INFO  : bash, -c, source /tools/Xilinx/Vitis/2024.2/tps/lnx64/lopper-1.1.0/env/bin/activate && python /tools/Xilinx/Vitis/2024.2/data/embeddedsw/scripts/pyesw//build_app.py -s /mnt/Storage/SCHOOL/Capstone/bringup/ChaosCore-FPGA/RV32RocketFPGAConfig/RV32Rocket/hello_world/src -b /mnt/Storage/SCHOOL/Capstone/bringup/ChaosCore-FPGA/RV32RocketFPGAConfig/RV32Rocket/hello_world/build && deactivate
14:44:59 INFO  : connect -url tcp:127.0.0.1:3121
14:44:59 INFO  : bpremove -all
14:44:59 INFO  : source /tools/Xilinx/Vitis/2024.2/scripts/vitis/util/zynqmp_utils.tcl
14:44:59 INFO  : Context for 'APU' is selected.
14:45:00 INFO  : System reset is completed.
14:45:00 INFO  : disconnect
14:45:03 INFO  : 'after 3000' command is executed.
14:45:03 ERROR : Failed to initialize the hardware Invalid target. Use "connect" command to connect to hw_server/TCF agent
14:45:05 INFO  : connect -url tcp:127.0.0.1:3121
14:45:05 INFO  : bpremove -all
14:45:05 INFO  : source /tools/Xilinx/Vitis/2024.2/scripts/vitis/util/zynqmp_utils.tcl
14:45:05 INFO  : Context for 'APU' is selected.
14:45:06 INFO  : System reset is completed.
14:45:09 INFO  : 'after 3000' command is executed.
14:45:09 INFO  : 'targets -set -filter {jtag_cable_name =~ "Avnet USB-to-JTAG/UART Pod V1 1234-oj1A" && level==0 && jtag_device_ctx=="jsn-USB-to-JTAG/UART Pod V1-1234-oj1A-14710093-0"}' command is executed.
14:45:12 INFO  : Device configured successfully with "/mnt/Storage/SCHOOL/Capstone/bringup/ChaosCore-FPGA/RV32RocketFPGAConfig/RV32Rocket/hello_world/_ide/bitstream/BD_wrapper.bit"
14:45:12 INFO  : targets -set -nocase -filter {name =~"PSU*"}
14:45:12 INFO  : catch {disable_pmu_gate}
14:45:12 INFO  : targets -set -nocase -filter {name =~"APU*"}
14:45:12 INFO  : loadhw -hw /mnt/Storage/SCHOOL/Capstone/bringup/ChaosCore-FPGA/RV32RocketFPGAConfig/RV32Rocket/platform/export/platform/hw/BD_wrapper.xsa -mem-ranges [list {0x80000000 0xbfffffff} {0x400000000 0x5ffffffff} {0x1000000000 0x7fffffffff}]
14:45:12 INFO  : configparams force-mem-access 1
14:45:12 INFO  : targets -set -nocase -filter {name =~"APU*"}
14:45:12 INFO  : source /tools/Xilinx/Vitis/2024.2/vitis-server/scripts/jtag_reg.tcl
14:45:12 INFO  : Boot mode is read from the target.
14:45:12 INFO  : targets -set -nocase -filter {name =~ "*A53*#0"}
14:45:12 INFO  : rst -processor
14:45:13 INFO  : dow /mnt/Storage/SCHOOL/Capstone/bringup/ChaosCore-FPGA/RV32RocketFPGAConfig/RV32Rocket/platform/export/platform/sw/boot/fsbl.elf
14:45:13 INFO  : set bp_45_13_fsbl_bp [bpadd -addr &XFsbl_Exit]
14:45:14 INFO  : con -block -timeout 60
14:45:14 INFO  : bpremove $bp_45_13_fsbl_bp
14:45:14 INFO  : targets -set -nocase -filter {name =~ "*A53*#0"}
14:45:14 INFO  : rst -processor
14:45:14 INFO  : dow /mnt/Storage/SCHOOL/Capstone/bringup/ChaosCore-FPGA/RV32RocketFPGAConfig/RV32Rocket/hello_world/build/hello_world.elf
14:45:14 INFO  : con
14:45:14 INFO  : configparams force-mem-access 0
14:45:15 INFO  : Testing the connection for 127.0.0.1
14:50:20 INFO  : disconnect
18:39:19 INFO  : connect -url tcp:127.0.0.1:3121
18:39:19 INFO  : bpremove -all
18:39:19 INFO  : source /tools/Xilinx/Vitis/2024.2/scripts/vitis/util/zynqmp_utils.tcl
18:39:19 INFO  : Context for 'APU' is selected.
18:39:19 INFO  : System reset is completed.
18:39:22 INFO  : 'after 3000' command is executed.
18:39:22 INFO  : 'targets -set -filter {jtag_cable_name =~ "Avnet USB-to-JTAG/UART Pod V1 1234-oj1A" && level==0 && jtag_device_ctx=="jsn-USB-to-JTAG/UART Pod V1-1234-oj1A-14710093-0"}' command is executed.
18:39:26 INFO  : Device configured successfully with "/mnt/Storage/SCHOOL/Capstone/bringup/ChaosCore-FPGA/RV32RocketFPGAConfig/RV32Rocket/hello_world/_ide/bitstream/BD_wrapper.bit"
18:39:26 INFO  : targets -set -nocase -filter {name =~"PSU*"}
18:39:26 INFO  : catch {disable_pmu_gate}
18:39:26 INFO  : targets -set -nocase -filter {name =~"APU*"}
18:39:26 INFO  : loadhw -hw /mnt/Storage/SCHOOL/Capstone/bringup/ChaosCore-FPGA/RV32RocketFPGAConfig/RV32Rocket/platform/export/platform/hw/BD_wrapper.xsa -mem-ranges [list {0x80000000 0xbfffffff} {0x400000000 0x5ffffffff} {0x1000000000 0x7fffffffff}]
18:39:26 INFO  : configparams force-mem-access 1
18:39:26 INFO  : targets -set -nocase -filter {name =~"APU*"}
18:39:26 INFO  : source /tools/Xilinx/Vitis/2024.2/vitis-server/scripts/jtag_reg.tcl
18:39:26 INFO  : Boot mode is read from the target.
18:39:26 INFO  : targets -set -nocase -filter {name =~ "*A53*#0"}
18:39:26 INFO  : rst -processor
18:39:26 INFO  : dow /mnt/Storage/SCHOOL/Capstone/bringup/ChaosCore-FPGA/RV32RocketFPGAConfig/RV32Rocket/platform/export/platform/sw/boot/fsbl.elf
18:39:26 INFO  : set bp_39_26_fsbl_bp [bpadd -addr &XFsbl_Exit]
18:39:27 INFO  : con -block -timeout 60
18:39:27 INFO  : bpremove $bp_39_26_fsbl_bp
18:39:27 INFO  : targets -set -nocase -filter {name =~ "*A53*#0"}
18:39:27 INFO  : rst -processor
18:39:28 INFO  : dow /mnt/Storage/SCHOOL/Capstone/bringup/ChaosCore-FPGA/RV32RocketFPGAConfig/RV32Rocket/hello_world/build/hello_world.elf
18:39:28 INFO  : con
18:39:28 INFO  : configparams force-mem-access 0
18:39:29 INFO  : Testing the connection for 127.0.0.1
18:41:01 INFO  : BSP build will be initiated for Domain standalone_psu_cortexa53_0
18:41:01 INFO  : BSP build will be initiated for Domain zynqmp_fsbl
18:41:01 INFO  : Generating BSP for the domain /mnt/Storage/SCHOOL/Capstone/bringup/ChaosCore-FPGA/RV32RocketFPGAConfig/RV32Rocket/platform/psu_cortexa53_0/standalone_psu_cortexa53_0/bsp
18:41:01 INFO  : lopper command to reconfigure BSP :python /tools/Xilinx/Vitis/2024.2/data/embeddedsw/scripts/pyesw//reconfig_bsp.py -d /mnt/Storage/SCHOOL/Capstone/bringup/ChaosCore-FPGA/RV32RocketFPGAConfig/RV32Rocket/platform/psu_cortexa53_0/standalone_psu_cortexa53_0/bsp
18:41:01 INFO  : Generating BSP for the domain /mnt/Storage/SCHOOL/Capstone/bringup/ChaosCore-FPGA/RV32RocketFPGAConfig/RV32Rocket/platform/zynqmp_fsbl/zynqmp_fsbl_bsp
18:41:01 INFO  : lopper command to reconfigure BSP :python /tools/Xilinx/Vitis/2024.2/data/embeddedsw/scripts/pyesw//reconfig_bsp.py -d /mnt/Storage/SCHOOL/Capstone/bringup/ChaosCore-FPGA/RV32RocketFPGAConfig/RV32Rocket/platform/zynqmp_fsbl/zynqmp_fsbl_bsp
18:41:01 INFO  : bash, -c, source /tools/Xilinx/Vitis/2024.2/tps/lnx64/lopper-1.1.0/env/bin/activate && python /tools/Xilinx/Vitis/2024.2/data/embeddedsw/scripts/pyesw//reconfig_bsp.py -d /mnt/Storage/SCHOOL/Capstone/bringup/ChaosCore-FPGA/RV32RocketFPGAConfig/RV32Rocket/platform/psu_cortexa53_0/standalone_psu_cortexa53_0/bsp && deactivate
18:41:01 INFO  : bash, -c, source /tools/Xilinx/Vitis/2024.2/tps/lnx64/lopper-1.1.0/env/bin/activate && python /tools/Xilinx/Vitis/2024.2/data/embeddedsw/scripts/pyesw//reconfig_bsp.py -d /mnt/Storage/SCHOOL/Capstone/bringup/ChaosCore-FPGA/RV32RocketFPGAConfig/RV32Rocket/platform/zynqmp_fsbl/zynqmp_fsbl_bsp && deactivate
18:41:01 INFO  : Domain reconfigured successfully
18:41:01 INFO  : Generating BSP for the domain /mnt/Storage/SCHOOL/Capstone/bringup/ChaosCore-FPGA/RV32RocketFPGAConfig/RV32Rocket/platform/psu_cortexa53_0/standalone_psu_cortexa53_0/bsp
18:41:01 INFO  : lopper command to build BSP :python /tools/Xilinx/Vitis/2024.2/data/embeddedsw/scripts/pyesw//build_bsp.py -d /mnt/Storage/SCHOOL/Capstone/bringup/ChaosCore-FPGA/RV32RocketFPGAConfig/RV32Rocket/platform/psu_cortexa53_0/standalone_psu_cortexa53_0/bsp
18:41:01 INFO  : bash, -c, source /tools/Xilinx/Vitis/2024.2/tps/lnx64/lopper-1.1.0/env/bin/activate && python /tools/Xilinx/Vitis/2024.2/data/embeddedsw/scripts/pyesw//build_bsp.py -d /mnt/Storage/SCHOOL/Capstone/bringup/ChaosCore-FPGA/RV32RocketFPGAConfig/RV32Rocket/platform/psu_cortexa53_0/standalone_psu_cortexa53_0/bsp && deactivate
18:41:01 INFO  : Domain reconfigured successfully
18:41:01 INFO  : Generating BSP for the domain /mnt/Storage/SCHOOL/Capstone/bringup/ChaosCore-FPGA/RV32RocketFPGAConfig/RV32Rocket/platform/zynqmp_fsbl/zynqmp_fsbl_bsp
18:41:01 INFO  : lopper command to build BSP :python /tools/Xilinx/Vitis/2024.2/data/embeddedsw/scripts/pyesw//build_bsp.py -d /mnt/Storage/SCHOOL/Capstone/bringup/ChaosCore-FPGA/RV32RocketFPGAConfig/RV32Rocket/platform/zynqmp_fsbl/zynqmp_fsbl_bsp
18:41:01 INFO  : bash, -c, source /tools/Xilinx/Vitis/2024.2/tps/lnx64/lopper-1.1.0/env/bin/activate && python /tools/Xilinx/Vitis/2024.2/data/embeddedsw/scripts/pyesw//build_bsp.py -d /mnt/Storage/SCHOOL/Capstone/bringup/ChaosCore-FPGA/RV32RocketFPGAConfig/RV32Rocket/platform/zynqmp_fsbl/zynqmp_fsbl_bsp && deactivate
18:41:08 INFO  : Domain build successfully
18:41:09 INFO  : Domain build successfully
18:41:09 INFO  : Generating Boot ELFs
18:41:09 INFO  : lopper command to retarget baremetal application :python /tools/Xilinx/Vitis/2024.2/data/embeddedsw/scripts/pyesw//retarget_app.py -s /mnt/Storage/SCHOOL/Capstone/bringup/ChaosCore-FPGA/RV32RocketFPGAConfig/RV32Rocket/platform/zynqmp_fsbl -d /mnt/Storage/SCHOOL/Capstone/bringup/ChaosCore-FPGA/RV32RocketFPGAConfig/RV32Rocket/platform/zynqmp_fsbl/zynqmp_fsbl_bsp -b /mnt/Storage/SCHOOL/Capstone/bringup/ChaosCore-FPGA/RV32RocketFPGAConfig/RV32Rocket/platform/zynqmp_fsbl/build
18:41:09 INFO  : bash, -c, source /tools/Xilinx/Vitis/2024.2/tps/lnx64/lopper-1.1.0/env/bin/activate && python /tools/Xilinx/Vitis/2024.2/data/embeddedsw/scripts/pyesw//retarget_app.py -s /mnt/Storage/SCHOOL/Capstone/bringup/ChaosCore-FPGA/RV32RocketFPGAConfig/RV32Rocket/platform/zynqmp_fsbl -d /mnt/Storage/SCHOOL/Capstone/bringup/ChaosCore-FPGA/RV32RocketFPGAConfig/RV32Rocket/platform/zynqmp_fsbl/zynqmp_fsbl_bsp -b /mnt/Storage/SCHOOL/Capstone/bringup/ChaosCore-FPGA/RV32RocketFPGAConfig/RV32Rocket/platform/zynqmp_fsbl/build && deactivate
18:41:09 INFO  : Successfully retargeted Application /mnt/Storage/SCHOOL/Capstone/bringup/ChaosCore-FPGA/RV32RocketFPGAConfig/RV32Rocket/platform/zynqmp_fsbl
18:41:09 INFO  : lopper command to build baremetal application :python /tools/Xilinx/Vitis/2024.2/data/embeddedsw/scripts/pyesw//build_app.py -s /mnt/Storage/SCHOOL/Capstone/bringup/ChaosCore-FPGA/RV32RocketFPGAConfig/RV32Rocket/platform/zynqmp_fsbl -b /mnt/Storage/SCHOOL/Capstone/bringup/ChaosCore-FPGA/RV32RocketFPGAConfig/RV32Rocket/platform/zynqmp_fsbl/build
18:41:09 INFO  : bash, -c, source /tools/Xilinx/Vitis/2024.2/tps/lnx64/lopper-1.1.0/env/bin/activate && python /tools/Xilinx/Vitis/2024.2/data/embeddedsw/scripts/pyesw//build_app.py -s /mnt/Storage/SCHOOL/Capstone/bringup/ChaosCore-FPGA/RV32RocketFPGAConfig/RV32Rocket/platform/zynqmp_fsbl -b /mnt/Storage/SCHOOL/Capstone/bringup/ChaosCore-FPGA/RV32RocketFPGAConfig/RV32Rocket/platform/zynqmp_fsbl/build && deactivate
18:41:14 INFO  : Successfully building the baremetal application/mnt/Storage/SCHOOL/Capstone/bringup/ChaosCore-FPGA/RV32RocketFPGAConfig/RV32Rocket/platform/zynqmp_fsbl/build
18:41:14 INFO  : Generating Export directory
18:41:15 INFO  : Platform Build Finished successfully.
18:41:17 INFO  : lopper command to retarget baremetal application :python /tools/Xilinx/Vitis/2024.2/data/embeddedsw/scripts/pyesw//retarget_app.py -s /mnt/Storage/SCHOOL/Capstone/bringup/ChaosCore-FPGA/RV32RocketFPGAConfig/RV32Rocket/hello_world/src -d /mnt/Storage/SCHOOL/Capstone/bringup/ChaosCore-FPGA/RV32RocketFPGAConfig/RV32Rocket/platform/export/platform/sw/standalone_psu_cortexa53_0 -b /mnt/Storage/SCHOOL/Capstone/bringup/ChaosCore-FPGA/RV32RocketFPGAConfig/RV32Rocket/hello_world/build
18:41:17 INFO  : bash, -c, source /tools/Xilinx/Vitis/2024.2/tps/lnx64/lopper-1.1.0/env/bin/activate && python /tools/Xilinx/Vitis/2024.2/data/embeddedsw/scripts/pyesw//retarget_app.py -s /mnt/Storage/SCHOOL/Capstone/bringup/ChaosCore-FPGA/RV32RocketFPGAConfig/RV32Rocket/hello_world/src -d /mnt/Storage/SCHOOL/Capstone/bringup/ChaosCore-FPGA/RV32RocketFPGAConfig/RV32Rocket/platform/export/platform/sw/standalone_psu_cortexa53_0 -b /mnt/Storage/SCHOOL/Capstone/bringup/ChaosCore-FPGA/RV32RocketFPGAConfig/RV32Rocket/hello_world/build && deactivate
18:41:17 INFO  : Successfully retargeted Application /mnt/Storage/SCHOOL/Capstone/bringup/ChaosCore-FPGA/RV32RocketFPGAConfig/RV32Rocket/hello_world/src
18:41:17 INFO  : bash, -c, source /tools/Xilinx/Vitis/2024.2/tps/lnx64/lopper-1.1.0/env/bin/activate && python /tools/Xilinx/Vitis/2024.2/data/embeddedsw/scripts/pyesw//build_app.py -s /mnt/Storage/SCHOOL/Capstone/bringup/ChaosCore-FPGA/RV32RocketFPGAConfig/RV32Rocket/hello_world/src -b /mnt/Storage/SCHOOL/Capstone/bringup/ChaosCore-FPGA/RV32RocketFPGAConfig/RV32Rocket/hello_world/build && deactivate
18:41:25 INFO  : BSP build will be initiated for Domain zynqmp_fsbl
18:41:25 INFO  : Generating BSP for the domain /mnt/Storage/SCHOOL/Capstone/bringup/ChaosCore-FPGA/RV32RocketFPGAConfig/RV32Rocket/platform/zynqmp_fsbl/zynqmp_fsbl_bsp
18:41:25 INFO  : BSP build will be initiated for Domain standalone_psu_cortexa53_0
18:41:25 INFO  : lopper command to reconfigure BSP :python /tools/Xilinx/Vitis/2024.2/data/embeddedsw/scripts/pyesw//reconfig_bsp.py -d /mnt/Storage/SCHOOL/Capstone/bringup/ChaosCore-FPGA/RV32RocketFPGAConfig/RV32Rocket/platform/zynqmp_fsbl/zynqmp_fsbl_bsp
18:41:25 INFO  : Generating BSP for the domain /mnt/Storage/SCHOOL/Capstone/bringup/ChaosCore-FPGA/RV32RocketFPGAConfig/RV32Rocket/platform/psu_cortexa53_0/standalone_psu_cortexa53_0/bsp
18:41:25 INFO  : lopper command to reconfigure BSP :python /tools/Xilinx/Vitis/2024.2/data/embeddedsw/scripts/pyesw//reconfig_bsp.py -d /mnt/Storage/SCHOOL/Capstone/bringup/ChaosCore-FPGA/RV32RocketFPGAConfig/RV32Rocket/platform/psu_cortexa53_0/standalone_psu_cortexa53_0/bsp
18:41:25 INFO  : bash, -c, source /tools/Xilinx/Vitis/2024.2/tps/lnx64/lopper-1.1.0/env/bin/activate && python /tools/Xilinx/Vitis/2024.2/data/embeddedsw/scripts/pyesw//reconfig_bsp.py -d /mnt/Storage/SCHOOL/Capstone/bringup/ChaosCore-FPGA/RV32RocketFPGAConfig/RV32Rocket/platform/psu_cortexa53_0/standalone_psu_cortexa53_0/bsp && deactivate
18:41:25 INFO  : bash, -c, source /tools/Xilinx/Vitis/2024.2/tps/lnx64/lopper-1.1.0/env/bin/activate && python /tools/Xilinx/Vitis/2024.2/data/embeddedsw/scripts/pyesw//reconfig_bsp.py -d /mnt/Storage/SCHOOL/Capstone/bringup/ChaosCore-FPGA/RV32RocketFPGAConfig/RV32Rocket/platform/zynqmp_fsbl/zynqmp_fsbl_bsp && deactivate
18:41:26 INFO  : Domain reconfigured successfully
18:41:26 INFO  : Generating BSP for the domain /mnt/Storage/SCHOOL/Capstone/bringup/ChaosCore-FPGA/RV32RocketFPGAConfig/RV32Rocket/platform/psu_cortexa53_0/standalone_psu_cortexa53_0/bsp
18:41:26 INFO  : lopper command to build BSP :python /tools/Xilinx/Vitis/2024.2/data/embeddedsw/scripts/pyesw//build_bsp.py -d /mnt/Storage/SCHOOL/Capstone/bringup/ChaosCore-FPGA/RV32RocketFPGAConfig/RV32Rocket/platform/psu_cortexa53_0/standalone_psu_cortexa53_0/bsp
18:41:26 INFO  : bash, -c, source /tools/Xilinx/Vitis/2024.2/tps/lnx64/lopper-1.1.0/env/bin/activate && python /tools/Xilinx/Vitis/2024.2/data/embeddedsw/scripts/pyesw//build_bsp.py -d /mnt/Storage/SCHOOL/Capstone/bringup/ChaosCore-FPGA/RV32RocketFPGAConfig/RV32Rocket/platform/psu_cortexa53_0/standalone_psu_cortexa53_0/bsp && deactivate
18:41:26 INFO  : Domain reconfigured successfully
18:41:26 INFO  : Generating BSP for the domain /mnt/Storage/SCHOOL/Capstone/bringup/ChaosCore-FPGA/RV32RocketFPGAConfig/RV32Rocket/platform/zynqmp_fsbl/zynqmp_fsbl_bsp
18:41:26 INFO  : lopper command to build BSP :python /tools/Xilinx/Vitis/2024.2/data/embeddedsw/scripts/pyesw//build_bsp.py -d /mnt/Storage/SCHOOL/Capstone/bringup/ChaosCore-FPGA/RV32RocketFPGAConfig/RV32Rocket/platform/zynqmp_fsbl/zynqmp_fsbl_bsp
18:41:26 INFO  : bash, -c, source /tools/Xilinx/Vitis/2024.2/tps/lnx64/lopper-1.1.0/env/bin/activate && python /tools/Xilinx/Vitis/2024.2/data/embeddedsw/scripts/pyesw//build_bsp.py -d /mnt/Storage/SCHOOL/Capstone/bringup/ChaosCore-FPGA/RV32RocketFPGAConfig/RV32Rocket/platform/zynqmp_fsbl/zynqmp_fsbl_bsp && deactivate
18:41:26 INFO  : Domain build successfully
18:41:26 INFO  : Domain build successfully
18:41:26 INFO  : Generating Boot ELFs
18:41:26 INFO  : lopper command to retarget baremetal application :python /tools/Xilinx/Vitis/2024.2/data/embeddedsw/scripts/pyesw//retarget_app.py -s /mnt/Storage/SCHOOL/Capstone/bringup/ChaosCore-FPGA/RV32RocketFPGAConfig/RV32Rocket/platform/zynqmp_fsbl -d /mnt/Storage/SCHOOL/Capstone/bringup/ChaosCore-FPGA/RV32RocketFPGAConfig/RV32Rocket/platform/zynqmp_fsbl/zynqmp_fsbl_bsp -b /mnt/Storage/SCHOOL/Capstone/bringup/ChaosCore-FPGA/RV32RocketFPGAConfig/RV32Rocket/platform/zynqmp_fsbl/build
18:41:26 INFO  : bash, -c, source /tools/Xilinx/Vitis/2024.2/tps/lnx64/lopper-1.1.0/env/bin/activate && python /tools/Xilinx/Vitis/2024.2/data/embeddedsw/scripts/pyesw//retarget_app.py -s /mnt/Storage/SCHOOL/Capstone/bringup/ChaosCore-FPGA/RV32RocketFPGAConfig/RV32Rocket/platform/zynqmp_fsbl -d /mnt/Storage/SCHOOL/Capstone/bringup/ChaosCore-FPGA/RV32RocketFPGAConfig/RV32Rocket/platform/zynqmp_fsbl/zynqmp_fsbl_bsp -b /mnt/Storage/SCHOOL/Capstone/bringup/ChaosCore-FPGA/RV32RocketFPGAConfig/RV32Rocket/platform/zynqmp_fsbl/build && deactivate
18:41:27 INFO  : Successfully retargeted Application /mnt/Storage/SCHOOL/Capstone/bringup/ChaosCore-FPGA/RV32RocketFPGAConfig/RV32Rocket/platform/zynqmp_fsbl
18:41:27 INFO  : lopper command to build baremetal application :python /tools/Xilinx/Vitis/2024.2/data/embeddedsw/scripts/pyesw//build_app.py -s /mnt/Storage/SCHOOL/Capstone/bringup/ChaosCore-FPGA/RV32RocketFPGAConfig/RV32Rocket/platform/zynqmp_fsbl -b /mnt/Storage/SCHOOL/Capstone/bringup/ChaosCore-FPGA/RV32RocketFPGAConfig/RV32Rocket/platform/zynqmp_fsbl/build
18:41:27 INFO  : bash, -c, source /tools/Xilinx/Vitis/2024.2/tps/lnx64/lopper-1.1.0/env/bin/activate && python /tools/Xilinx/Vitis/2024.2/data/embeddedsw/scripts/pyesw//build_app.py -s /mnt/Storage/SCHOOL/Capstone/bringup/ChaosCore-FPGA/RV32RocketFPGAConfig/RV32Rocket/platform/zynqmp_fsbl -b /mnt/Storage/SCHOOL/Capstone/bringup/ChaosCore-FPGA/RV32RocketFPGAConfig/RV32Rocket/platform/zynqmp_fsbl/build && deactivate
18:41:32 INFO  : Successfully building the baremetal application/mnt/Storage/SCHOOL/Capstone/bringup/ChaosCore-FPGA/RV32RocketFPGAConfig/RV32Rocket/platform/zynqmp_fsbl/build
18:41:32 INFO  : Generating Export directory
18:41:32 INFO  : Platform Build Finished successfully.
18:41:33 INFO  : lopper command to retarget baremetal application :python /tools/Xilinx/Vitis/2024.2/data/embeddedsw/scripts/pyesw//retarget_app.py -s /mnt/Storage/SCHOOL/Capstone/bringup/ChaosCore-FPGA/RV32RocketFPGAConfig/RV32Rocket/hello_world/src -d /mnt/Storage/SCHOOL/Capstone/bringup/ChaosCore-FPGA/RV32RocketFPGAConfig/RV32Rocket/platform/export/platform/sw/standalone_psu_cortexa53_0 -b /mnt/Storage/SCHOOL/Capstone/bringup/ChaosCore-FPGA/RV32RocketFPGAConfig/RV32Rocket/hello_world/build
18:41:33 INFO  : bash, -c, source /tools/Xilinx/Vitis/2024.2/tps/lnx64/lopper-1.1.0/env/bin/activate && python /tools/Xilinx/Vitis/2024.2/data/embeddedsw/scripts/pyesw//retarget_app.py -s /mnt/Storage/SCHOOL/Capstone/bringup/ChaosCore-FPGA/RV32RocketFPGAConfig/RV32Rocket/hello_world/src -d /mnt/Storage/SCHOOL/Capstone/bringup/ChaosCore-FPGA/RV32RocketFPGAConfig/RV32Rocket/platform/export/platform/sw/standalone_psu_cortexa53_0 -b /mnt/Storage/SCHOOL/Capstone/bringup/ChaosCore-FPGA/RV32RocketFPGAConfig/RV32Rocket/hello_world/build && deactivate
18:41:34 INFO  : Successfully retargeted Application /mnt/Storage/SCHOOL/Capstone/bringup/ChaosCore-FPGA/RV32RocketFPGAConfig/RV32Rocket/hello_world/src
18:41:34 INFO  : bash, -c, source /tools/Xilinx/Vitis/2024.2/tps/lnx64/lopper-1.1.0/env/bin/activate && python /tools/Xilinx/Vitis/2024.2/data/embeddedsw/scripts/pyesw//build_app.py -s /mnt/Storage/SCHOOL/Capstone/bringup/ChaosCore-FPGA/RV32RocketFPGAConfig/RV32Rocket/hello_world/src -b /mnt/Storage/SCHOOL/Capstone/bringup/ChaosCore-FPGA/RV32RocketFPGAConfig/RV32Rocket/hello_world/build && deactivate
18:41:36 INFO  : connect -url tcp:127.0.0.1:3121
18:41:36 INFO  : bpremove -all
18:41:36 INFO  : source /tools/Xilinx/Vitis/2024.2/scripts/vitis/util/zynqmp_utils.tcl
18:41:36 INFO  : Context for 'APU' is selected.
18:41:37 INFO  : System reset is completed.
18:41:37 INFO  : disconnect
18:41:40 INFO  : 'after 3000' command is executed.
18:41:40 ERROR : Failed to initialize the hardware Invalid target. Use "connect" command to connect to hw_server/TCF agent
18:41:46 INFO  : connect -url tcp:127.0.0.1:3121
18:41:46 INFO  : bpremove -all
18:41:46 INFO  : source /tools/Xilinx/Vitis/2024.2/scripts/vitis/util/zynqmp_utils.tcl
18:41:46 INFO  : Context for 'APU' is selected.
18:41:46 INFO  : System reset is completed.
18:41:49 INFO  : 'after 3000' command is executed.
18:41:50 INFO  : 'targets -set -filter {jtag_cable_name =~ "Avnet USB-to-JTAG/UART Pod V1 1234-oj1A" && level==0 && jtag_device_ctx=="jsn-USB-to-JTAG/UART Pod V1-1234-oj1A-14710093-0"}' command is executed.
18:41:53 INFO  : Device configured successfully with "/mnt/Storage/SCHOOL/Capstone/bringup/ChaosCore-FPGA/RV32RocketFPGAConfig/RV32Rocket/hello_world/_ide/bitstream/BD_wrapper.bit"
18:41:53 INFO  : targets -set -nocase -filter {name =~"PSU*"}
18:41:53 INFO  : catch {disable_pmu_gate}
18:41:53 INFO  : targets -set -nocase -filter {name =~"APU*"}
18:41:53 INFO  : loadhw -hw /mnt/Storage/SCHOOL/Capstone/bringup/ChaosCore-FPGA/RV32RocketFPGAConfig/RV32Rocket/platform/export/platform/hw/BD_wrapper.xsa -mem-ranges [list {0x80000000 0xbfffffff} {0x400000000 0x5ffffffff} {0x1000000000 0x7fffffffff}]
18:41:53 INFO  : configparams force-mem-access 1
18:41:53 INFO  : targets -set -nocase -filter {name =~"APU*"}
18:41:53 INFO  : source /tools/Xilinx/Vitis/2024.2/vitis-server/scripts/jtag_reg.tcl
18:41:53 INFO  : Boot mode is read from the target.
18:41:53 INFO  : targets -set -nocase -filter {name =~ "*A53*#0"}
18:41:53 INFO  : rst -processor
18:41:53 INFO  : dow /mnt/Storage/SCHOOL/Capstone/bringup/ChaosCore-FPGA/RV32RocketFPGAConfig/RV32Rocket/platform/export/platform/sw/boot/fsbl.elf
18:41:53 INFO  : set bp_41_53_fsbl_bp [bpadd -addr &XFsbl_Exit]
18:41:54 INFO  : con -block -timeout 60
18:41:54 INFO  : bpremove $bp_41_53_fsbl_bp
18:41:54 INFO  : targets -set -nocase -filter {name =~ "*A53*#0"}
18:41:54 INFO  : rst -processor
18:41:55 INFO  : dow /mnt/Storage/SCHOOL/Capstone/bringup/ChaosCore-FPGA/RV32RocketFPGAConfig/RV32Rocket/hello_world/build/hello_world.elf
18:41:55 INFO  : con
18:41:55 INFO  : configparams force-mem-access 0
18:41:56 INFO  : Testing the connection for 127.0.0.1
18:42:00 INFO  : disconnect
19:30:08 INFO  : Terminating Vitis C++ Server
19:30:08 INFO  : Vitis C++ Server terminated
19:43:37 INFO  : updated workspace path: /mnt/Storage/SCHOOL/Capstone/bringup/ChaosCore-FPGA/RV32RocketFPGAConfig/RV32Rocket
19:43:37 INFO  : bash, -c, source /tools/Xilinx/Vitis/2024.2/tps/lnx64/lopper-1.1.0/env/bin/activate && python /tools/Xilinx/Vitis/2024.2/data/embeddedsw/scripts/pyesw//get_template_data.py -d /tmp/rigel_lopper_alisher2197059062825038997 -r /mnt/Storage/SCHOOL/Capstone/bringup/ChaosCore-FPGA/RV32RocketFPGAConfig/RV32Rocket/_ide/.wsdata/.repo.yaml && deactivate
19:43:37 INFO  : Embedded Template List generated successfully
19:43:56 INFO  : Found no platform with name 'BD_wrapper' in install repositories
19:43:56 INFO  : HW XSA update started
19:43:57 INFO  : Using sdt generation script from /tools/Xilinx/Vitis/2024.2/vitis-server/scripts/platformutil.tcl
19:43:57 INFO  : bash, -c, source /tools/Xilinx/Vitis/2024.2/tps/lnx64/lopper-1.1.0/env/bin/activate && xsct /tools/Xilinx/Vitis/2024.2/vitis-server/scripts/platformutil.tcl /mnt/Storage/SCHOOL/Capstone/bringup/ChaosCore-FPGA/RV32RocketFPGAConfig/RV32Rocket/BD_wrapper.xsa /mnt/Storage/SCHOOL/Capstone/bringup/ChaosCore-FPGA/RV32RocketFPGAConfig/RV32Rocket/platform/hw/sdt && deactivate
19:44:07 INFO  : SDT generated successfully
19:44:07 INFO  : Generating BSP for the domain /mnt/Storage/SCHOOL/Capstone/bringup/ChaosCore-FPGA/RV32RocketFPGAConfig/RV32Rocket/platform/zynqmp_fsbl/zynqmp_fsbl_bsp
19:44:07 INFO  : lopper command to reconfigure BSP :python /tools/Xilinx/Vitis/2024.2/data/embeddedsw/scripts/pyesw//reconfig_bsp.py -d /mnt/Storage/SCHOOL/Capstone/bringup/ChaosCore-FPGA/RV32RocketFPGAConfig/RV32Rocket/platform/zynqmp_fsbl/zynqmp_fsbl_bsp
19:44:07 INFO  : bash, -c, source /tools/Xilinx/Vitis/2024.2/tps/lnx64/lopper-1.1.0/env/bin/activate && python /tools/Xilinx/Vitis/2024.2/data/embeddedsw/scripts/pyesw//reconfig_bsp.py -d /mnt/Storage/SCHOOL/Capstone/bringup/ChaosCore-FPGA/RV32RocketFPGAConfig/RV32Rocket/platform/zynqmp_fsbl/zynqmp_fsbl_bsp && deactivate
19:44:08 INFO  : Domain reconfigured successfully
19:44:08 INFO  : lopper command to regenerate BSP :python /tools/Xilinx/Vitis/2024.2/data/embeddedsw/scripts/pyesw//regen_bsp.py -s /mnt/Storage/SCHOOL/Capstone/bringup/ChaosCore-FPGA/RV32RocketFPGAConfig/RV32Rocket/platform/hw/sdt/system-top.dts -d /mnt/Storage/SCHOOL/Capstone/bringup/ChaosCore-FPGA/RV32RocketFPGAConfig/RV32Rocket/platform/zynqmp_fsbl/zynqmp_fsbl_bsp -r /mnt/Storage/SCHOOL/Capstone/bringup/ChaosCore-FPGA/RV32RocketFPGAConfig/RV32Rocket/_ide/.wsdata/.repo.yaml
19:44:08 INFO  : bash, -c, source /tools/Xilinx/Vitis/2024.2/tps/lnx64/lopper-1.1.0/env/bin/activate && python /tools/Xilinx/Vitis/2024.2/data/embeddedsw/scripts/pyesw//regen_bsp.py -s /mnt/Storage/SCHOOL/Capstone/bringup/ChaosCore-FPGA/RV32RocketFPGAConfig/RV32Rocket/platform/hw/sdt/system-top.dts -d /mnt/Storage/SCHOOL/Capstone/bringup/ChaosCore-FPGA/RV32RocketFPGAConfig/RV32Rocket/platform/zynqmp_fsbl/zynqmp_fsbl_bsp -r /mnt/Storage/SCHOOL/Capstone/bringup/ChaosCore-FPGA/RV32RocketFPGAConfig/RV32Rocket/_ide/.wsdata/.repo.yaml && deactivate
19:44:22 INFO  : -- Configuring done
19:44:22 INFO  : -- Generating done
19:44:22 INFO  : -- Build files have been written to: /mnt/Storage/SCHOOL/Capstone/bringup/ChaosCore-FPGA/RV32RocketFPGAConfig/RV32Rocket/platform/zynqmp_fsbl/zynqmp_fsbl_bsp/libsrc/build_configs/gen_bsp
19:44:22 INFO  : Successfully created Domain at /mnt/Storage/SCHOOL/Capstone/bringup/ChaosCore-FPGA/RV32RocketFPGAConfig/RV32Rocket/platform/zynqmp_fsbl/zynqmp_fsbl_bsp
19:44:22 INFO  : BSP regenerated successfully
19:44:22 INFO  : Generating BSP for the domain /mnt/Storage/SCHOOL/Capstone/bringup/ChaosCore-FPGA/RV32RocketFPGAConfig/RV32Rocket/platform/psu_cortexa53_0/standalone_psu_cortexa53_0/bsp
19:44:22 INFO  : lopper command to reconfigure BSP :python /tools/Xilinx/Vitis/2024.2/data/embeddedsw/scripts/pyesw//reconfig_bsp.py -d /mnt/Storage/SCHOOL/Capstone/bringup/ChaosCore-FPGA/RV32RocketFPGAConfig/RV32Rocket/platform/psu_cortexa53_0/standalone_psu_cortexa53_0/bsp
19:44:22 INFO  : bash, -c, source /tools/Xilinx/Vitis/2024.2/tps/lnx64/lopper-1.1.0/env/bin/activate && python /tools/Xilinx/Vitis/2024.2/data/embeddedsw/scripts/pyesw//reconfig_bsp.py -d /mnt/Storage/SCHOOL/Capstone/bringup/ChaosCore-FPGA/RV32RocketFPGAConfig/RV32Rocket/platform/psu_cortexa53_0/standalone_psu_cortexa53_0/bsp && deactivate
19:44:22 INFO  : Domain reconfigured successfully
19:44:22 INFO  : lopper command to regenerate BSP :python /tools/Xilinx/Vitis/2024.2/data/embeddedsw/scripts/pyesw//regen_bsp.py -s /mnt/Storage/SCHOOL/Capstone/bringup/ChaosCore-FPGA/RV32RocketFPGAConfig/RV32Rocket/platform/hw/sdt/system-top.dts -d /mnt/Storage/SCHOOL/Capstone/bringup/ChaosCore-FPGA/RV32RocketFPGAConfig/RV32Rocket/platform/psu_cortexa53_0/standalone_psu_cortexa53_0/bsp -r /mnt/Storage/SCHOOL/Capstone/bringup/ChaosCore-FPGA/RV32RocketFPGAConfig/RV32Rocket/_ide/.wsdata/.repo.yaml
19:44:22 INFO  : bash, -c, source /tools/Xilinx/Vitis/2024.2/tps/lnx64/lopper-1.1.0/env/bin/activate && python /tools/Xilinx/Vitis/2024.2/data/embeddedsw/scripts/pyesw//regen_bsp.py -s /mnt/Storage/SCHOOL/Capstone/bringup/ChaosCore-FPGA/RV32RocketFPGAConfig/RV32Rocket/platform/hw/sdt/system-top.dts -d /mnt/Storage/SCHOOL/Capstone/bringup/ChaosCore-FPGA/RV32RocketFPGAConfig/RV32Rocket/platform/psu_cortexa53_0/standalone_psu_cortexa53_0/bsp -r /mnt/Storage/SCHOOL/Capstone/bringup/ChaosCore-FPGA/RV32RocketFPGAConfig/RV32Rocket/_ide/.wsdata/.repo.yaml && deactivate
19:44:33 INFO  : -- Configuring done
19:44:33 INFO  : -- Generating done
19:44:33 INFO  : -- Build files have been written to: /mnt/Storage/SCHOOL/Capstone/bringup/ChaosCore-FPGA/RV32RocketFPGAConfig/RV32Rocket/platform/psu_cortexa53_0/standalone_psu_cortexa53_0/bsp/libsrc/build_configs/gen_bsp
19:44:33 INFO  : Successfully created Domain at /mnt/Storage/SCHOOL/Capstone/bringup/ChaosCore-FPGA/RV32RocketFPGAConfig/RV32Rocket/platform/psu_cortexa53_0/standalone_psu_cortexa53_0/bsp
19:44:33 INFO  : BSP regenerated successfully
19:44:33 INFO  : Hardware XSA update finished successfully
19:44:40 INFO  : BSP build will be initiated for Domain zynqmp_fsbl
19:44:40 INFO  : BSP build will be initiated for Domain standalone_psu_cortexa53_0
19:44:40 INFO  : Generating BSP for the domain /mnt/Storage/SCHOOL/Capstone/bringup/ChaosCore-FPGA/RV32RocketFPGAConfig/RV32Rocket/platform/zynqmp_fsbl/zynqmp_fsbl_bsp
19:44:40 INFO  : Generating BSP for the domain /mnt/Storage/SCHOOL/Capstone/bringup/ChaosCore-FPGA/RV32RocketFPGAConfig/RV32Rocket/platform/psu_cortexa53_0/standalone_psu_cortexa53_0/bsp
19:44:40 INFO  : lopper command to reconfigure BSP :python /tools/Xilinx/Vitis/2024.2/data/embeddedsw/scripts/pyesw//reconfig_bsp.py -d /mnt/Storage/SCHOOL/Capstone/bringup/ChaosCore-FPGA/RV32RocketFPGAConfig/RV32Rocket/platform/zynqmp_fsbl/zynqmp_fsbl_bsp
19:44:40 INFO  : lopper command to reconfigure BSP :python /tools/Xilinx/Vitis/2024.2/data/embeddedsw/scripts/pyesw//reconfig_bsp.py -d /mnt/Storage/SCHOOL/Capstone/bringup/ChaosCore-FPGA/RV32RocketFPGAConfig/RV32Rocket/platform/psu_cortexa53_0/standalone_psu_cortexa53_0/bsp
19:44:40 INFO  : bash, -c, source /tools/Xilinx/Vitis/2024.2/tps/lnx64/lopper-1.1.0/env/bin/activate && python /tools/Xilinx/Vitis/2024.2/data/embeddedsw/scripts/pyesw//reconfig_bsp.py -d /mnt/Storage/SCHOOL/Capstone/bringup/ChaosCore-FPGA/RV32RocketFPGAConfig/RV32Rocket/platform/psu_cortexa53_0/standalone_psu_cortexa53_0/bsp && deactivate
19:44:40 INFO  : bash, -c, source /tools/Xilinx/Vitis/2024.2/tps/lnx64/lopper-1.1.0/env/bin/activate && python /tools/Xilinx/Vitis/2024.2/data/embeddedsw/scripts/pyesw//reconfig_bsp.py -d /mnt/Storage/SCHOOL/Capstone/bringup/ChaosCore-FPGA/RV32RocketFPGAConfig/RV32Rocket/platform/zynqmp_fsbl/zynqmp_fsbl_bsp && deactivate
19:44:43 INFO  : Domain reconfigured successfully
19:44:43 INFO  : Generating BSP for the domain /mnt/Storage/SCHOOL/Capstone/bringup/ChaosCore-FPGA/RV32RocketFPGAConfig/RV32Rocket/platform/psu_cortexa53_0/standalone_psu_cortexa53_0/bsp
19:44:43 INFO  : lopper command to build BSP :python /tools/Xilinx/Vitis/2024.2/data/embeddedsw/scripts/pyesw//build_bsp.py -d /mnt/Storage/SCHOOL/Capstone/bringup/ChaosCore-FPGA/RV32RocketFPGAConfig/RV32Rocket/platform/psu_cortexa53_0/standalone_psu_cortexa53_0/bsp
19:44:43 INFO  : bash, -c, source /tools/Xilinx/Vitis/2024.2/tps/lnx64/lopper-1.1.0/env/bin/activate && python /tools/Xilinx/Vitis/2024.2/data/embeddedsw/scripts/pyesw//build_bsp.py -d /mnt/Storage/SCHOOL/Capstone/bringup/ChaosCore-FPGA/RV32RocketFPGAConfig/RV32Rocket/platform/psu_cortexa53_0/standalone_psu_cortexa53_0/bsp && deactivate
19:44:43 INFO  : Domain reconfigured successfully
19:44:43 INFO  : Generating BSP for the domain /mnt/Storage/SCHOOL/Capstone/bringup/ChaosCore-FPGA/RV32RocketFPGAConfig/RV32Rocket/platform/zynqmp_fsbl/zynqmp_fsbl_bsp
19:44:43 INFO  : lopper command to build BSP :python /tools/Xilinx/Vitis/2024.2/data/embeddedsw/scripts/pyesw//build_bsp.py -d /mnt/Storage/SCHOOL/Capstone/bringup/ChaosCore-FPGA/RV32RocketFPGAConfig/RV32Rocket/platform/zynqmp_fsbl/zynqmp_fsbl_bsp
19:44:43 INFO  : bash, -c, source /tools/Xilinx/Vitis/2024.2/tps/lnx64/lopper-1.1.0/env/bin/activate && python /tools/Xilinx/Vitis/2024.2/data/embeddedsw/scripts/pyesw//build_bsp.py -d /mnt/Storage/SCHOOL/Capstone/bringup/ChaosCore-FPGA/RV32RocketFPGAConfig/RV32Rocket/platform/zynqmp_fsbl/zynqmp_fsbl_bsp && deactivate
19:44:56 INFO  : Domain build successfully
19:44:57 INFO  : Domain build successfully
19:44:57 INFO  : Generating Boot ELFs
19:44:57 INFO  : lopper command to retarget baremetal application :python /tools/Xilinx/Vitis/2024.2/data/embeddedsw/scripts/pyesw//retarget_app.py -s /mnt/Storage/SCHOOL/Capstone/bringup/ChaosCore-FPGA/RV32RocketFPGAConfig/RV32Rocket/platform/zynqmp_fsbl -d /mnt/Storage/SCHOOL/Capstone/bringup/ChaosCore-FPGA/RV32RocketFPGAConfig/RV32Rocket/platform/zynqmp_fsbl/zynqmp_fsbl_bsp -b /mnt/Storage/SCHOOL/Capstone/bringup/ChaosCore-FPGA/RV32RocketFPGAConfig/RV32Rocket/platform/zynqmp_fsbl/build
19:44:57 INFO  : bash, -c, source /tools/Xilinx/Vitis/2024.2/tps/lnx64/lopper-1.1.0/env/bin/activate && python /tools/Xilinx/Vitis/2024.2/data/embeddedsw/scripts/pyesw//retarget_app.py -s /mnt/Storage/SCHOOL/Capstone/bringup/ChaosCore-FPGA/RV32RocketFPGAConfig/RV32Rocket/platform/zynqmp_fsbl -d /mnt/Storage/SCHOOL/Capstone/bringup/ChaosCore-FPGA/RV32RocketFPGAConfig/RV32Rocket/platform/zynqmp_fsbl/zynqmp_fsbl_bsp -b /mnt/Storage/SCHOOL/Capstone/bringup/ChaosCore-FPGA/RV32RocketFPGAConfig/RV32Rocket/platform/zynqmp_fsbl/build && deactivate
19:44:57 INFO  : Successfully retargeted Application /mnt/Storage/SCHOOL/Capstone/bringup/ChaosCore-FPGA/RV32RocketFPGAConfig/RV32Rocket/platform/zynqmp_fsbl
19:44:57 INFO  : lopper command to build baremetal application :python /tools/Xilinx/Vitis/2024.2/data/embeddedsw/scripts/pyesw//build_app.py -s /mnt/Storage/SCHOOL/Capstone/bringup/ChaosCore-FPGA/RV32RocketFPGAConfig/RV32Rocket/platform/zynqmp_fsbl -b /mnt/Storage/SCHOOL/Capstone/bringup/ChaosCore-FPGA/RV32RocketFPGAConfig/RV32Rocket/platform/zynqmp_fsbl/build
19:44:57 INFO  : bash, -c, source /tools/Xilinx/Vitis/2024.2/tps/lnx64/lopper-1.1.0/env/bin/activate && python /tools/Xilinx/Vitis/2024.2/data/embeddedsw/scripts/pyesw//build_app.py -s /mnt/Storage/SCHOOL/Capstone/bringup/ChaosCore-FPGA/RV32RocketFPGAConfig/RV32Rocket/platform/zynqmp_fsbl -b /mnt/Storage/SCHOOL/Capstone/bringup/ChaosCore-FPGA/RV32RocketFPGAConfig/RV32Rocket/platform/zynqmp_fsbl/build && deactivate
19:45:08 INFO  : Successfully building the baremetal application/mnt/Storage/SCHOOL/Capstone/bringup/ChaosCore-FPGA/RV32RocketFPGAConfig/RV32Rocket/platform/zynqmp_fsbl/build
19:45:08 INFO  : Generating Export directory
19:45:09 INFO  : Platform Build Finished successfully.
19:45:18 INFO  : The hardware specification used by project '/mnt/Storage/SCHOOL/Capstone/bringup/ChaosCore-FPGA/RV32RocketFPGAConfig/RV32Rocket/hello_world' is out of sync with the platform. Resource files extracted from the hardware specification will be updated.
19:45:18 INFO  : The file '/mnt/Storage/SCHOOL/Capstone/bringup/ChaosCore-FPGA/RV32RocketFPGAConfig/RV32Rocket/hello_world/_ide/bitstream/BD_wrapper.bit' stored in project is removed.
19:45:18 INFO  : The updated bitstream files are copied from platform to folder '/mnt/Storage/SCHOOL/Capstone/bringup/ChaosCore-FPGA/RV32RocketFPGAConfig/RV32Rocket/hello_world/_ide/bitstream' in project '/mnt/Storage/SCHOOL/Capstone/bringup/ChaosCore-FPGA/RV32RocketFPGAConfig/RV32Rocket/hello_world'.
19:45:18 INFO  : The file '/mnt/Storage/SCHOOL/Capstone/bringup/ChaosCore-FPGA/RV32RocketFPGAConfig/RV32Rocket/hello_world/_ide/psinit/psu_init.tcl' stored in project is removed.
19:45:18 INFO  : The updated ps init files are copied from platform to folder '/mnt/Storage/SCHOOL/Capstone/bringup/ChaosCore-FPGA/RV32RocketFPGAConfig/RV32Rocket/hello_world/_ide/psinit' in project '/mnt/Storage/SCHOOL/Capstone/bringup/ChaosCore-FPGA/RV32RocketFPGAConfig/RV32Rocket/hello_world'.
19:45:25 INFO  : Connected to target on host '127.0.0.1' and port '3121'.
19:45:26 INFO  : Connected to target on host '127.0.0.1' and port '3121'.
19:45:26 INFO  : 'targets -set -filter {jtag_cable_name =~ "Avnet USB-to-JTAG/UART Pod V1 1234-oj1A" && level==0 && jtag_device_ctx=="jsn-USB-to-JTAG/UART Pod V1-1234-oj1A-14710093-0"}' command is executed.
19:45:29 INFO  : Device configured successfully with "/mnt/Storage/SCHOOL/Capstone/bringup/ChaosCore-FPGA/RV32RocketFPGAConfig/RV32Rocket/hello_world/_ide/bitstream/BD_wrapper.bit"
19:45:34 INFO  : The updated bitstream files are copied from platform to folder '/mnt/Storage/SCHOOL/Capstone/bringup/ChaosCore-FPGA/RV32RocketFPGAConfig/RV32Rocket/hello_world/_ide/bitstream' in project '/mnt/Storage/SCHOOL/Capstone/bringup/ChaosCore-FPGA/RV32RocketFPGAConfig/RV32Rocket/hello_world'.
19:45:34 INFO  : The updated ps init files are copied from platform to folder '/mnt/Storage/SCHOOL/Capstone/bringup/ChaosCore-FPGA/RV32RocketFPGAConfig/RV32Rocket/hello_world/_ide/psinit' in project '/mnt/Storage/SCHOOL/Capstone/bringup/ChaosCore-FPGA/RV32RocketFPGAConfig/RV32Rocket/hello_world'.
19:45:36 INFO  : Connected to target on host '127.0.0.1' and port '3121'.
19:45:36 INFO  : Connected to target on host '127.0.0.1' and port '3121'.
19:45:36 INFO  : 'targets -set -filter {jtag_cable_name =~ "Avnet USB-to-JTAG/UART Pod V1 1234-oj1A" && level==0 && jtag_device_ctx=="jsn-USB-to-JTAG/UART Pod V1-1234-oj1A-14710093-0"}' command is executed.
19:45:39 INFO  : Device configured successfully with "/mnt/Storage/SCHOOL/Capstone/bringup/ChaosCore-FPGA/RV32RocketFPGAConfig/RV32Rocket/hello_world/_ide/bitstream/BD_wrapper.bit"
19:45:52 INFO  : connect -url tcp:127.0.0.1:3121
19:45:52 INFO  : bpremove -all
19:45:52 INFO  : source /tools/Xilinx/Vitis/2024.2/scripts/vitis/util/zynqmp_utils.tcl
19:45:52 INFO  : Context for 'APU' is selected.
19:45:53 INFO  : System reset is completed.
19:45:56 INFO  : 'after 3000' command is executed.
19:45:56 INFO  : 'targets -set -filter {jtag_cable_name =~ "Avnet USB-to-JTAG/UART Pod V1 1234-oj1A" && level==0 && jtag_device_ctx=="jsn-USB-to-JTAG/UART Pod V1-1234-oj1A-14710093-0"}' command is executed.
19:45:59 INFO  : Device configured successfully with "/mnt/Storage/SCHOOL/Capstone/bringup/ChaosCore-FPGA/RV32RocketFPGAConfig/RV32Rocket/hello_world/_ide/bitstream/BD_wrapper.bit"
19:45:59 INFO  : targets -set -nocase -filter {name =~"PSU*"}
19:45:59 INFO  : catch {disable_pmu_gate}
19:45:59 INFO  : targets -set -nocase -filter {name =~"APU*"}
19:45:59 INFO  : loadhw -hw /mnt/Storage/SCHOOL/Capstone/bringup/ChaosCore-FPGA/RV32RocketFPGAConfig/RV32Rocket/platform/export/platform/hw/BD_wrapper.xsa -mem-ranges [list {0x80000000 0xbfffffff} {0x400000000 0x5ffffffff} {0x1000000000 0x7fffffffff}]
19:45:59 INFO  : configparams force-mem-access 1
19:45:59 INFO  : targets -set -nocase -filter {name =~"APU*"}
19:45:59 INFO  : source /tools/Xilinx/Vitis/2024.2/vitis-server/scripts/jtag_reg.tcl
19:45:59 INFO  : Boot mode is read from the target.
19:45:59 INFO  : targets -set -nocase -filter {name =~ "*A53*#0"}
19:45:59 INFO  : rst -processor
19:46:00 INFO  : dow /mnt/Storage/SCHOOL/Capstone/bringup/ChaosCore-FPGA/RV32RocketFPGAConfig/RV32Rocket/platform/export/platform/sw/boot/fsbl.elf
19:46:00 INFO  : set bp_46_0_fsbl_bp [bpadd -addr &XFsbl_Exit]
19:46:01 INFO  : con -block -timeout 60
19:46:01 INFO  : bpremove $bp_46_0_fsbl_bp
19:46:01 INFO  : targets -set -nocase -filter {name =~ "*A53*#0"}
19:46:01 INFO  : rst -processor
19:46:01 INFO  : dow /mnt/Storage/SCHOOL/Capstone/bringup/ChaosCore-FPGA/RV32RocketFPGAConfig/RV32Rocket/hello_world/build/hello_world.elf
19:46:01 INFO  : con
19:46:01 INFO  : configparams force-mem-access 0
19:46:02 INFO  : Testing the connection for 127.0.0.1
19:46:07 INFO  : disconnect
21:02:51 INFO  : Terminating Vitis C++ Server
21:02:51 INFO  : connection terminated
21:02:51 INFO  : connection terminated
